ID,ID_Intervencion,ID_Padre,Fecha,Actor_Final,Rol_Final,Fuente_Actor,Fuente_Rol,Motivos_Revision,ID_Turno,Relacion_Turno,ID_Antecedente_Continuidad,ID_Ancla_Actor,ID_Anterior,Actor_Anterior,Final_Anterior,Extracto,Evidencia_Alerta,ID_Siguiente,Actor_Siguiente,Inicio_Siguiente,Estado_Lectura_Dirigida,Revision_Lectura_Dirigida,Alcance_Lectura_Dirigida
182,RPM-2005-03-10:180:1,180,2005-03-10 00:00:00,Sergio Lehmann Beresi,Gerente de Análisis Internacional,CONTEXTO_REVISADO,LISTA_ASISTENCIA,CARGO_EN_DISCURSO_POR_VERIFICAR,RPM-2005-03-10:T30,SIN_CONTINUIDAD_CONFIRMADA,,,RPM-2005-03-10:179:1,Luis Óscar Herrera Barriga,"varios comentarios respecto de por qué postergar, por razones más bien tácticas, el aumento de la tasa de política monetaria y dejarlo para otro mes. Indica que también hay otro tema, que tiene relación con los aumentos de inflación que probablemente se van a presentar y le preocupa que después aparezcamos reaccionando respecto de esos incrementos.","El Gerente de Análisis Financiero, señor Sergio Lehmann, estima que es importante también poner sobre el tapete de la discusión algo que se mencionó en la reunión de la mañana que se refiere al balance de riesgo, que, al menos, desde el punto de vista de la División Internacional, es más bien negativo, desde el punto de vista de la inflación extern",,RPM-2005-03-10:181:1,Vittorio Corbo Lioi,"El Presidente, señor Corbo, agrega que con las alzas de tasas efectuadas en los últimos dos meses se hizo frente a inflaciones negativas. Señala que en esas oportunidades, se dio una señal clara de que el Banco se preocupaba de la inflación hacia delante y no mes a mes. Sí así no se hubiera hecho no hay duda que la situación sería muy distinta.",,,
208,RPM-2005-04-07:203:2,203,2005-04-07 00:00:00,Pablo García Silva,Gerente de Análisis Macroeconómico,SUJETO_ROL_NOMBRE,LISTA_ASISTENCIA,FINAL_SIN_PUNTUACION,RPM-2005-04-07:T6,INICIO_EXPLICITO,,RPM-2005-04-07:203:2,RPM-2005-04-07:203:1,José De Gregorio Rebeco,"enario macroeconómico. Agrega que, en su opinión, se entendería que ello sería la actividad económica, pero no existe una partida en los puntos destacados de que también hay desviaciones respecto a la inflación. Señala el señor Vicepresidente, que está pensando, fundamentalmente, en el precio del petróleo respecto del Informe de Política Monetaria.","Sobre el particular, el Gerente señor García, señala que el punto del efecto inflacionario del petróleo se ha visto compensado en la inflación del IPC por otro tipo de movimientos a la baja en tarifas, incluso si se aprecia la inflación del IPC, del IPCX y del IPCX1, está siendo muy similar a la que se advertía hace tres meses atrás. No obstante, i",,RPM-2005-04-07:203:3,José De Gregorio Rebeco,"El Vicepresidente, señor De Gregorio, consulta la razón por la cual el Banco Mundial está hablando de un crecimiento mundial de 3,3%.",,,
215,RPM-2005-04-07:205:2,205,2005-04-07 00:00:00,Manuel Marfán Lewis,Consejero,SUJETO_ROL_NOMBRE,LISTA_ASISTENCIA,FINAL_SIN_PUNTUACION,RPM-2005-04-07:T12,INICIO_EXPLICITO,,RPM-2005-04-07:205:2,RPM-2005-04-07:205:1,Jorge Desormeaux Jiménez,"gentes está muy concentrado en el Asia En efecto, si miramos la evolución de las monedas latinoamericanas, la sensación que existe es que poco de eso ha llegado a la región y, por lo tanto, la caída que se ha presentado también va a tener poca incidencia. Agrega, que las consecuencias más bien van por el lado de los spreads y los mercados de deuda.","El Consejero señor Marfán señala que cuando se dice que algo aumentó o algo bajó, es respecto de algún período en particular que debe ser especificado. Por ejemplo, agrega, cuando se dice que prácticamente todas las monedas se depreciaron respecto del dólar, se debe señalar de cúal período se esta hablando. i",,RPM-2005-04-07:205:3,Pablo García Silva,"El Gerente de Análisis Macroeconómico le indica al Consejero, señor Marfán, que la referencia es respecto a la última reunión. A lo anterior, el Consejero señor Marfán desea agregar un comentario que se hace en el texto de la Minuta que se entregó para esta reunión. Hace presente que allí se indica que el peso se habría apreciado en términos nomina",,,
230,RPM-2005-04-07:207:9,207,2005-04-07 00:00:00,Rodrigo Valdés Pulido,Gerente de División Estudios,SUJETO_NOMBRE,LISTA_ASISTENCIA,FINAL_SIN_PUNTUACION,RPM-2005-04-07:T27,INICIO_EXPLICITO,,RPM-2005-04-07:207:9,RPM-2005-04-07:207:8,Manuel Marfán Lewis,"El Consejero señor Marfán comenta, que para bienes de consumo durables, variaciones de 20% ó 40% resultan normales. Indica que por la naturaleza de ese tipo de bienes se sabe que son sumamente volátiles. En todo caso, no le parece que estás cifras permitan concluir que se está encaminado a un boom de consumo.","Agrega el señor Rodrigo Valdés que al ver el panorama completo de actividad se desprende que la sensación que estábamos en un boom o crecimiento excesivo ha ido decayendo y piensa que ello se puede ir descartando del escenario base. IV. Actividad y empleo Los antecedentes más recientes de actividad confirman el escenario central de enero, con un ri",,RPM-2005-04-07:207:10,Vittorio Corbo Lioi,"El señor Presidente, consulta sobre comentarios respecto de actividad y empleo.",,,
237,RPM-2005-04-07:210:2,210,2005-04-07 00:00:00,Manuel Marfán Lewis,Consejero,SUJETO_ROL_NOMBRE,LISTA_ASISTENCIA,FINAL_SIN_PUNTUACION,RPM-2005-04-07:T34,INICIO_EXPLICITO,,RPM-2005-04-07:210:2,RPM-2005-04-07:210:1,Vittorio Corbo Lioi,nes de prensa se deduce que la reacción a la ley eléctrica ha sido muy favorable desde el punto de vista de incentivo a la producción. La pregunta es cuanto se demora en producir sus efectos. Le parece que si son tres años debemos tenerlo en cuenta para el 2006 y 2007. Si se demora menos puede que se resuelva el problema energético en menos tiempo.,"El Consejero señor Marfán, interviene sobre el tema de crecimiento del producto potencial y el cierre de brechas. Sobre el particular señala, que llevamos varios meses, un tiempo largo por suerte, con tasas de crecimiento y percepción de crecimiento que está por arriba del producto potencial, entonces el hecho que haya aparecido como punto destacad",,RPM-2005-04-07:210:3,Rodrigo Valdés Pulido,"El Gerente de División Estudios señor Valdés, menciona que no era el propósito indicar algo distinto de lo que se había señalado antes sino que en vez de usar la expresión que las holguras de capacidad se siguen cerrando se habla que éstas crecen más que el PIB potencial. Agrega, que un punto muy importante es que el nivel del PIB con las nuevas cu",,,
246,RPM-2005-04-07:213:2,213,2005-04-07 00:00:00,Jorge Desormeaux Jiménez,Consejero,SUJETO_ROL_NOMBRE,LISTA_ASISTENCIA,FINAL_SIN_PUNTUACION,RPM-2005-04-07:T43,INICIO_EXPLICITO,,RPM-2005-04-07:213:2,RPM-2005-04-07:213:1,José De Gregorio Rebeco,"o Nacional de Estadísticas hizo algo bien y si se equivocó es un tema que hay que discutir cual es la decisión metodológica y contribuir, desde el punto de vista del Banco Central, sin hacer comentarios. Sin embargo, cree que al final del día deberíamos trabajar con los datos del Instituto Nacional de Estadísticas de la manera más sencilla posible.","El Consejero, señor Desormeaux señala que comparte lo expuesto por el señor Presidente, en el sentido que el Banco Central no debe comentar este tema, pero respecto del cambio del Instituto Nacional de Estadísticas entiende que no es solamente un cambio de ponderaciones que podría justificarse y que, probablemente, no se comunicó bien. Agrega, que ",,RPM-2005-04-07:213:3,Pablo García Silva,"El Gerente de Análisis Macroeconómico, señala que, respecto de la reunión de marzo, y en línea con los acontecimientos recientes, se modifica al alza el supuesto del precio del petróleo Brent, con precios para el segundo trimestre que pasan desde un promedio de US$ 44 la reunión anterior a uno cercano a US$ 51. Para el tercer trimestre, el supuesto",,,
328,RPM-2005-06-09:281:1,281,2005-06-09 00:00:00,Pablo García Silva,Gerente de Análisis Macroeconómico,SUJETO_ROL_SESION,LISTA_ASISTENCIA,FINAL_SIN_PUNTUACION,RPM-2005-06-09:T8,INICIO_EXPLICITO,,RPM-2005-06-09:281:1,RPM-2005-06-09:280:6,Luis Óscar Herrera Barriga,leja principalmente la evolución de aspectos relacionados con la liquidez y específicamente con los requerimientos de Reserva Técnica y el costo alternativo de los instrumentos que se usan para constituirl a. Esta situación distorsiona la lectura que se puede hacer a partir de este instrumento acerca de las expectativas sobre la política monetaria.,"El Gerente de Análisis Macroeconómico señala, que en cuanto a la compensación inflacionaria ésta ha disminuido y eso es un componente que tiene que ver con los cambios en la inflación esperada para los próximos meses, respecto a la inflación que se observó en los últimos meses del primer trimestre de este año. La evidencia que se tiene indica que e",,RPM-2005-06-09:281:2,Rodrigo Valdés Pulido,"El Gerente de División Estudios, señor Rodrigo Valdés, comenta que la capacidad que tiene el mercado para arbitrar está un poco restringida por la normativa. La venta corta, por ejemplo, que podrían hacer las Administradoras de Fondos de Pensiones de papeles del Banco Central de Chile, no pueden realizarla, lo que dificulta los arbitrajes.",,,
363,RPM-2005-07-12:299:1,299,2005-07-12 00:00:00,Pablo García Silva,Gerente de Análisis Macroeconómico,SUJETO_ROL_NOMBRE,LISTA_ASISTENCIA,FINAL_SIN_PUNTUACION,RPM-2005-07-12:T6,INICIO_EXPLICITO,,RPM-2005-07-12:299:1,RPM-2005-07-12:298:2,Nicolás Eyzaguirre Guzmán,"En lo que dice relación con los mercados financieros y, en especial, respecto de las tasas de interés de colocación, el señor Ministro consulta si para deducir las tasas fonA/ards, el Banco usa el BCP5, el BCP10, o alguno más corto.","El Gerente de Análisis Macroeconómico, señor García, señala sobre el particular, que se usan esas tasas y el BCP2, para la estructura de dos años hacia adelante. Indica dicho Gerente,que para el tramo más corto no se usan papeles del Banco porque están muy contaminados por la demanda de reserva técnica. Por ejemplo, señala que se utilizan las tasas",,RPM-2005-07-12:299:2,Nicolás Eyzaguirre Guzmán,"El señor Ministro de Hacienda consulta también, qué sucedió con las tasas de los créditos hipotecarios.",,,
384,RPM-2005-07-12:301:1,301,2005-07-12 00:00:00,Nicolás Eyzaguirre Guzmán,Ministro de Hacienda,SUJETO_ROL_SESION,LISTA_ASISTENCIA,FINAL_SIN_PUNTUACION,RPM-2005-07-12:T27,INICIO_EXPLICITO,,RPM-2005-07-12:301:1,RPM-2005-07-12:300:10,Pablo García Silva," Macroeconómico, señala que lo que podría responder es que lo que está incorporado en las proyecciones, es justamente uno de los mecanismos de propagación que se está eliminando, esto es el efecto del precio más alto de los combustibles, tasas de intereses reales mas bajas, podríamos tener una política monetaria más expansiva, más inflación futura.","El señor Ministro de Hacienda señala si dado el supuesto que todos y cada uno de los precios de la economía se estuvieran expandiendo 3%, se presenta un shock y, durante algún tiempo el precio del petróleo se expande a 6% y, la tasa de política monetaria permanece constante, cabría preguntarse si, en este caso, cambiaron las funciones monetarias pa",,RPM-2005-07-12:301:2,Manuel Marfán Lewis,"Al respecto, el Consejero señor Marfán, señala que la pregunta es distinta porque allí se tiene un shock de oferta y, por lo tanto, frente a un shock de este tipo la reacción de política monetaria puede ser diferente para efectos de la tasa de interés real.",,,
394,RPM-2005-07-12:305:3,305,2005-07-12 00:00:00,Vittorio Corbo Lioi,Presidente del Banco Central,SUJETO_ROL_SESION,LISTA_ASISTENCIA,FINAL_SIN_PUNTUACION,RPM-2005-07-12:T37,INICIO_EXPLICITO,,RPM-2005-07-12:305:3,RPM-2005-07-12:305:2,Consejo del Banco Central de Chile,"Siendo las 16:00 horas, se reanuda la Sesión de Política Monetaria N° 80.","El señor Presidente deja constancia que el señor Ministro de Hacienda don Nicolás Eyzaguirre Guzmán y la Asesora Macroeconómica del Ministerio de Hacienda, doña Bernardita Piedrabuena Keymer, le han comunicado que no podrán asistir a la reunión de la tarde. A continuación, el Presidente don Vittorio Corbo solicita al Gerente de División Estudios, d",,RPM-2005-07-12:305:4,Rodrigo Valdés Pulido,"El señor Gerente de División mencionado informa lo siguiente: 1 . En la reunión de política monetaria de junio, el Consejo decidió mantener la tasa de interés de política en 3,25%. En esta decisión se consideró que la inflación y la actividad económica exhibían un comportamiento coherente con el panorama previsto en el último Informe de Política Mo",,,
397,RPM-2005-07-12:305:6,305,2005-07-12 00:00:00,Luis Óscar Herrera Barriga,Gerente de División Política Financiera,SUJETO_ROL_NOMBRE,LISTA_ASISTENCIA,FINAL_SIN_PUNTUACION,RPM-2005-07-12:T40,INICIO_EXPLICITO,,RPM-2005-07-12:305:6,RPM-2005-07-12:305:5,Vittorio Corbo Lioi,"El Presidente, don Vittorio Corbo ofrece la palabra para comentarios.","El Gerente de División Política Financiera, don Luis Oscar Herrera, señala que concuerda con la opción que ofrece la División de Estudios, en cuanto a la recomendación de elevar la Tasa Promedio Mensual en 25 puntos base. A su juicio, justifica esta opinión en los siguientes elementos del escenario macro. Primero, las brechas de capacidad se están ",,RPM-2005-07-12:305:7,Esteban Jadresic Marinovic,"El Gerente de División Internacional, señor Esteban Jadresic, indica que también comparte el análisis y la recomendación central que ha hecho la Gerencia de División Estudios. Le parece que es coherente con varios factores, especialmente, con el hecho que aunque ha habido sorpresas en el IPC, por el precio de alimentos perecibles, petróleo, tarifas",,,
412,RPM-2005-08-11:315:1,315,2005-08-11 00:00:00,Vittorio Corbo Lioi,Presidente del Banco Central,SUJETO_ROL_SESION,LISTA_ASISTENCIA,FRAGMENTO_BREVE,RPM-2005-08-11:T4,INICIO_EXPLICITO,,RPM-2005-08-11:315:1,RPM-2005-08-11:314:1,Pablo García Silva,"trico respecto a los incrementos de la demanda previstos. Un análisis de las inversiones proyectadas para el período 2006-2008 indica que el incremento de la demanda esperada estaría cubierto con los proyectos de inversión programados, apreciándose una holgura entre la capacidad real de respuesta del sistema y la demanda máxima esperada anualmente.",El Presidente ofrece la palabra para comentarios.,,RPM-2005-08-11:316:1,Nicolás Eyzaguirre Guzmán,"Con relación a la exposición del Gerente de Análisis Macroeconómico, sobre los desarrollos económicos recientes, el Ministro de Hacienda, señor Nicolás Eyzaguirre consulta sobre el rango previsto para el crecimiento del PIB durante el año 2005. Luego de un intercambio de opiniones sobre el particular entre los Consejeros y algunos participantes en ",,,
417,RPM-2005-08-11:320:1,320,2005-08-11 00:00:00,Nicolás Eyzaguirre Guzmán,Ministro de Hacienda,SUJETO_ROL_SESION,LISTA_ASISTENCIA,POSIBLE_OTRO_HABLANTE_O_MENCION,RPM-2005-08-11:T9,INICIO_EXPLICITO,,RPM-2005-08-11:320:1,RPM-2005-08-11:319:1,Jorge Desormeaux Jiménez,"o y el próximo constituye un dato. Agrega que, en su opinión, las sorpresas se van a presentar por el lado de la oferta, que en el caso del petróleo se sabe que no existirá mayor oferta adicional, y el riesgo más bien es que se presenten problemas de oferta. En el caso del cobre por el contrario, piensa que la oferta sí ayudará a moderar el precio.","El señor Ministro de Hacienda hace presente que, en concordancia con lo que ha expresado el Consejero señor Desormeaux, le parece que lo que está detrás de las curvas de futuro es fundamentalmente la presión que ejerce el mercado sobre las potencialidades de expansión de la oferta, presentándose mayor velocidad en el ajuste del cobre que en el caso","El señor Ministro de Hacienda hace presente que, en concordancia con lo que ha expresado el Consejero señor Desormeaux, le parece que lo que está detrás de las curvas de futuro es fundamentalmente la presión que ejerce el mercado sobre las potencialidades de expansión de la oferta, presentándose mayor velocidad en el ajuste del cobre que en el caso del petróleo y que también existen distintas evaluaciones del consumo, en el sentido que resulta posible que hayan más sustituciones del cobre que del petróleo. ",RPM-2005-08-11:321:1,Esteban Jadresic Marinovic,"Ante el comentario del señor Ministro, el señor Esteban Jadresic señala, que esa es la visión que predomina en los mercados de los analistas y que constituye una capacidad de respuesta a la oferta en el caso del cobre mayor que en el caso del petróleo. Estima, que para el futuro cercano se espera la entrada en operación de fundiciones que han sido ",MENCION_LEGITIMA_REVISADA,MEN-20260907-320,POSIBLE_OTRO_HABLANTE_O_MENCION: Eyzaguirre formula su evaluación del cobre y el petróleo en concordancia con Desormeaux. «Le parece» corresponde al Ministro; la referencia a lo expresado por Desormeaux no inicia una intervención nueva. Sólo se adjudica este aviso de mención; las alertas automáticas y otros motivos se conservan. Lectura del consolidado con extractos contiguos; sin cotejo PDF ni revisión humana independiente.
468,RPM-2005-09-08:370:1,370,2005-09-08 00:00:00,Vittorio Corbo Lioi,Presidente del Banco Central,SUJETO_ROL_SESION,LISTA_ASISTENCIA,FRAGMENTO_BREVE,RPM-2005-09-08:T4,INICIO_EXPLICITO,,RPM-2005-09-08:370:1,RPM-2005-09-08:369:1,Pablo García Silva,"caso, la mayoría de las medidas de la tendencia inflacionaria han continuado aumentando. Por su parte, los costos laborales unitarios siguen mostrando tasas de crecimiento anuales negativas, a pesar del mayor crecimiento de las remuneraciones nominales, gracias al significativo crecimiento que sigue mostrando la productividad del empleo asalariado.",El Presidente ofrece la palabra para comentarios.,,RPM-2005-09-08:371:1,Nicolás Eyzaguirre Guzmán,"Con respecto al escenario internacional, el señor Ministro de Hacienda consulta sobre los efectos en la economía del huracán Katrina.",,,
503,RPM-2005-10-11:405:1,405,2005-10-11 00:00:00,Vittorio Corbo Lioi,Presidente del Banco Central,SUJETO_ROL_SESION,LISTA_ASISTENCIA,FRAGMENTO_BREVE,RPM-2005-10-11:T4,INICIO_EXPLICITO,,RPM-2005-10-11:405:1,RPM-2005-10-11:404:1,Pablo García Silva,"incremento significativo. Las expectativas privadas para esta reunión coinciden en indicar un incremento de 25 puntos base para la TPM, en un contexto en que aunque el aumento de la inflación esperada se detuvo, ello ocurrió en un nivel algo superior al centro del rango meta. Las perspectivas de crecimiento, en tanto, no han vuelto a incrementarse.",El Presidente ofrece la palabra para comentarios.,,RPM-2005-10-11:406:1,Sergio Lehmann Beresi,"Con relación al escenario internacional y las tasas de política monetaria, el Gerente de Análisis Internacional don Sergio Lehmann hace presente, que las informaciones recientes recogen una alta posibilidad de terminar en diciembre de este año con una tasa en Estados Unidos de América de 4,27% y con una cierta probabilidad mediana - alta de subir a",,,
554,RPM-2005-11-10:455:1,455,2005-11-10 00:00:00,Vittorio Corbo Lioi,Presidente del Banco Central,SUJETO_ROL_SESION,LISTA_ASISTENCIA,FRAGMENTO_BREVE,RPM-2005-11-10:T6,INICIO_EXPLICITO,,RPM-2005-11-10:455:1,RPM-2005-11-10:454:1,Pablo García Silva,"ás rápido que lo previsto hace dos meses atrás de la TPM, lo que también puede haber contribuido a acotar el repunte de las expectativas de inflación. En términos de crecimiento, el panorama de los analistas para el corto plazo no ha sufrido mayores modificaciones, estando bastante en línea con las proyecciones internas presentadas en esta reunión.",El Presidente ofrece la palabra para comentarios.,,RPM-2005-11-10:456:1,Pablo García Silva,"El Gerente de Análisis Macroeconómico, señor Pablo García indicó que dentro de los puntos destacados de la reunión puede señalarse que el escenario internacional para la economía chilena se mantiene favorable en términos de crecimiento mundial, de intercambio e incluso en condiciones favorables que aún son ventajosas. Sin embargo, la evaluación que",,,
609,RPM-2005-12-13:506:2,506,2005-12-13 00:00:00,Sergio Lehmann Beresi,Gerente de Análisis Internacional,CONTEXTO_REVISADO,LISTA_ASISTENCIA,FINAL_SIN_PUNTUACION;TEXTO_DANADO_POR_COTEJAR,RPM-2005-12-13:T3,SIN_CONTINUIDAD_CONFIRMADA,,,RPM-2005-12-13:506:1,Vittorio Corbo Lioi,"mann Beresi hará la exposición del análisis del escenario internacional y posteriormente el Gerente de Análisis Macroeconómico, señor Pablo García efectuará la exposición del escenario nacional. En consideración a lo anterior, el Presidente señor Vittorio Corbo ofrece la palabra al Gerente de Análisis Internacional, señor Sergio Lehmann Beresi. II.","Exposición El señor Gerente señala que, respecto al escenario internacional, mirando los eventos del último mes, éste se muestra más favorable de lo que se veía hace un mes atrás. En particular, se observa que la proyección de crecimiento mundial se ha revisado al alza, fundamentalmente por indicadores de actividad en economías desarrolladas que ha",,RPM-2005-12-13:506:3,Vittorio Corbo Lioi,"A continuación, el Presidente señor Vittorio Corbo ofrece la palabra al Gerente de Análisis Macroeconómico.",,,
612,RPM-2005-12-13:506:5,506,2005-12-13 00:00:00,Vittorio Corbo Lioi,Presidente del Banco Central,SUJETO_ROL_SESION,LISTA_ASISTENCIA,FRAGMENTO_BREVE,RPM-2005-12-13:T6,INICIO_EXPLICITO,,RPM-2005-12-13:506:5,RPM-2005-12-13:506:4,Pablo García Silva,"no al techo del rango meta en los próximos meses. Lo que ocurra luego, a partir del segundo semestre de 2006, dependerá crucialmente de la trayectoria subyacente de los precios, la que, como se ha indicado, continúa acotada. Las expectativas privadas, por su parte, han incorporado un panorama inflacionario de mediano plazo que sigue siendo benigno.",El Presidente ofrece la palabra para comentarios.,,RPM-2005-12-13:506:6,Sergio Lehmann Beresi,"En relación al escenario internacional, el Gerente de Análisis Internacional, don Sergio Lehmann agrega respecto al EMBI Global que, en el caso de Chile, éste se ha mantenido estable y el salto que se observa respecto a un mes y medio atrás es más bien una situación de carácter técnico, pero en realidad la lectura general es que se ha mantenido mar",,,
633,RPM-2005-12-13:514:1,514,2005-12-13 00:00:00,Vittorio Corbo Lioi,Presidente del Banco Central,SUJETO_ROL_NOMBRE,LISTA_ASISTENCIA,FINAL_SIN_PUNTUACION,RPM-2005-12-13:T27,INICIO_EXPLICITO,,RPM-2005-12-13:514:1,RPM-2005-12-13:513:2,Manuel Marfán Lewis,"librios elevados de balanza de pagos. Señala el señor Consejero, que tiene la impresión que si parte de los desequilibrios de la economía internacional lo constituyen la situación de las cuentas corrientes de varios países, piensa que el análisis de la economía internacional, quizás hacia futuro debiera incorporar algo relacionado con esas cuentas.","El Presidente señor Corbo, sobre este tema señala, en la misma dirección del Consejero señor Marfán, que hace diez días atrás una agencia clasificadora de riesgos",,RPM-2005-12-13:514:2,Beltrán de Ramón Acevedo,"Con respecto al tipo de cambio, el Gerente de Mercados Financieros, señor Beltrán De Ramón indica, que lo que ha pasado en el último mes y tal vez en una perspectiva de tasa de Chile con Brasil y de Chile con México, éstas se han reducido desde agosto, 400 puntos base con Brasil y 205 puntos base con México, un poco menos respecto al último mes. Se",,,
660,RPM-2005-12-13:520:1,520,2005-12-13 00:00:00,Esteban Jadresic Marinovic,Gerente de División Internacional,SUJETO_ROL_NOMBRE,LISTA_ASISTENCIA,FINAL_SIN_PUNTUACION,RPM-2005-12-13:T54,INICIO_EXPLICITO,,RPM-2005-12-13:520:1,RPM-2005-12-13:519:1,Klaus Schmidt-Hebbel Dunker," mira en su accionar respecto de las consecuencias en 18, 24 ó 12 meses más cuando se anticipa que la brecha de producto y empleo va a ser claramente positiva y por ende se van a desarrollar correspondientemente más presiones de precios de inflación si es que no se actúa acordemente de la convergencia continua y gradual de normalización de la tasa.","El Gerente de División Internacional, señor Esteban Jadresic, señala que comparte la lógica del análisis que presentó la Gerencia de División Estudios, pero quiere argumentar que la recomendación de mantener la tasa tiene más fuerza. Para hacer el punto, señala que cabe recordar que entre septiembre y octubre, hubo sorpresas inflacionarias producto",,RPM-2005-12-13:520:2,Luis Óscar Herrera Barriga,"El Gerente de División Política Financiera, señor Luis Óscar Herrera, señala que se comentó recientemente que las principales novedades de la coyuntura desde la última RPM son una aparente desaceleración en la tasa marginal de expansión del producto respecto de lo que se estaba considerando en el IPoM; y un repunte a la tendencia inflacionaria, per",,,
676,RPM-2006-01-12:534:1,534,2006-01-12 00:00:00,Vittorio Corbo Lioi,Presidente del Banco Central,SUJETO_ROL_SESION,LISTA_ASISTENCIA,FRAGMENTO_BREVE,RPM-2006-01-12:T6,INICIO_EXPLICITO,,RPM-2006-01-12:534:1,RPM-2006-01-12:533:1,Pablo García Silva,"re las brechas y la inflación. Como siempre, menciona que existen dudas respecto de la magnitud efectiva de la actual brecha de capacidad. Sin embargo, cree que esto no parece indicar riesgos más acentuados en una u otra dirección. Así, en su conjunto, estima que el balance de riesgos tanto para la actividad como para la inflación está equilibrado.",El Presidente ofrece la palabra para comentarios.,,RPM-2006-01-12:535:1,Nicolás Eyzaguirre Guzmán,"Consulta el señor Ministro si el Banco tiene las cifras respecto de cuál es la sensibilidad que presenta la Cuenta Corriente Fiscal, respecto de las variaciones de precio del petróleo y del cobre, es decir, cuántos centavos de cobre que ingresan a la cuenta corriente compensan las alzas del petróleo.",,,
715,RPM-2006-01-12:571:1,571,2006-01-12 00:00:00,Jorge Desormeaux Jiménez,Consejero,SUJETO_ROL_NOMBRE,LISTA_ASISTENCIA,POSIBLE_OTRO_HABLANTE_O_MENCION,RPM-2006-01-12:T44,INICIO_EXPLICITO,,RPM-2006-01-12:571:1,RPM-2006-01-12:570:1,Manuel Marfán Lewis,"s por mantener, en esta oportunidad, la tasa de política monetaria. El señor Marfán hace presente, que la redacción del comunicado debe ser muy clara respecto del ritmo o de la evolución de la instancia de política hacia futuro, de manera de evitar lo que a su juicio pudiera ser un costo de esta decisión, que es el aplanamiento de la curva forward.","El Consejero señor Jorge Desormeaux, manifiesta que en el Informe que ha entregado la Gerencia de División Estudios se señala, que desde la última reunión de política monetaria se han afianzado las favorables condiciones externas tanto en materia de actividad como de condiciones financieras y, en el plano interno, nos indica que la información más ",Hace presente que recientemente el Gerente de Mercados Financieros Nacionales señaló que el paso del ritmo de ajuste de cinco pausas consecutivas a uno de dos pausas seguidas no es fácil de explicar. ,RPM-2006-01-12:572:1,José De Gregorio Rebeco,"El Vicepresidente señor José De Gregorio, señala que la decisión de hoy día es particularmente compleja. No por los costos que pueda tener una u otra decisión, sino porque a su juicio existen muy buenas razones tanto para mantener como para subir la tasa en 25 puntos base. Por otro lado, el Vicepresidente señor De Gregorio indica, que dada la infor",,,
752,RPM-2006-02-09:587:11,587,2006-02-09 00:00:00,Rodrigo Valdés Pulido,Gerente de División Estudios,CONTEXTO_REVISADO,LISTA_ASISTENCIA,TEXTO_DANADO_POR_COTEJAR,RPM-2006-02-09:T34,SIN_CONTINUIDAD_CONFIRMADA,,,RPM-2006-02-09:587:10,Vittorio Corbo Lioi,"lás Eyzaguirre G., y su Asesora Macroeconómica, señora Bernardita Piedrabuena, quienes han excusado su asistencia, en razón de las funciones que les corresponde en sus respectivos cargos . A continuación, el Presidente, don Vittorio Corbo, solicita al Gerente de División Estudios, don Rodrigo Valdés, que presente las Opciones de Política Monetaria.","El señor Gerente de División mencionado informa lo siguiente: En la reunión de política monetaria de enero, el Consejo decidió, por segundo mes consecutivo, mantener la tasa de interés en 4,5% anual. En esa decisión se consideró que, en el escenario más probable, se requerían incrementos adicionales de la tasa de interés en los meses venideros para",,RPM-2006-02-09:587:12,Vittorio Corbo Lioi,"El Presidente señor Vittorio Corbo, ofrece la palabra a los asistentes para comentarios.",,,
802,RPM-2006-04-13:628:1,628,2006-04-13 00:00:00,Vittorio Corbo Lioi,Presidente del Banco Central,SUJETO_ROL_SESION,LISTA_ASISTENCIA,FINAL_SIN_PUNTUACION,RPM-2006-04-13:T2,CONTINUIDAD_EXPLICITA,RPM-2006-04-13:627:1,RPM-2006-04-13:628:1,RPM-2006-04-13:627:1,Vittorio Corbo Lioi,"el señor Presidente fija la fecha de la Sesión de Política Monetaria del mes de octubre de 2006, para el día 12 de ese mes.","El Presidente señala que, como es habitual, se dará inicio a la presentación del informe económico y financiero de la Gerencia de División Estudios, que en esta oportunidad estará a cargo del Gerente de Análisis Internacional, señor Sergio Lehmann Beresi. Exposición Síntesis del mes",,RPM-2006-04-13:628:2,Sergio Lehmann Beresi,"El Gerente de Análisis Internacional señor Sergio Lehmman, señala que las noticias del último mes indican que la marcha de la economía continúa aproximadamente dentro del escenario de corto plazo delineado en el IPoM de enero. El entorno externo sigue muy favorable, con un precio del cobre que llegó a valores récord en términos nominales y que elev",,,
853,RPM-2006-04-13:644:4,644,2006-04-13 00:00:00,Rodrigo Valdés Pulido,Gerente de División Estudios,CONTEXTO_REVISADO,LISTA_ASISTENCIA,TEXTO_DANADO_POR_COTEJAR,RPM-2006-04-13:T53,SIN_CONTINUIDAD_CONFIRMADA,,,RPM-2006-04-13:644:3,Vittorio Corbo Lioi,"A continuación, el Presidente, don Vittorio Corbo, solicita al Gerente de División Estudios, don Rodrigo Valdés, que presente las Opciones de Política Monetaria.","El señor Gerente de División mencionado informó lo siguiente: 1. Con los antecedentes disponibles, las opciones que parecen plausibles para esta reunión son mantener o aumentar la tasa de política monetaria en 25 puntos base. 2. Las novedades no parecen suficientes para hacer cambios fundamentales al panorama macroeconómico central discutido en los",,RPM-2006-04-13:644:5,Vittorio Corbo Lioi,"El Presidente señor Vittorio Corbo, ofrece la palabra a los asistentes para comentarios.",,,
855,RPM-2006-04-13:644:6,644,2006-04-13 00:00:00,Klaus Schmidt-Hebbel Dunker,Gerente de Investigación Económica,SUJETO_ROL_NOMBRE,LISTA_ASISTENCIA,FINAL_SIN_PUNTUACION,RPM-2006-04-13:T55,INICIO_EXPLICITO,,RPM-2006-04-13:644:6,RPM-2006-04-13:644:5,Vittorio Corbo Lioi,"El Presidente señor Vittorio Corbo, ofrece la palabra a los asistentes para comentarios.","El señor Gerente de Investigación Económica, señor Klaus Schmidt-Hebbel Dunker, señala que las novedades del mes se concentran intensamente en las condiciones externas que enfrenta la economía chilena y, en particular, en los precios de los commodities. Indica que con este shock, se corrige en 14,4 puntos porcentuales la proyección de los términos ",,RPM-2006-04-13:644:7,Manuel Marfán Lewis,"Consulta el Consejero señor Marfán, por qué una combinación de aumento de precio del cobre y del precio del petróleo, significa un mejor ingreso disponible privado.",,,
864,RPM-2006-04-13:647:1,647,2006-04-13 00:00:00,Andrés Velasco Brañes,Ministro de Hacienda,SUJETO_ROL_NOMBRE,LISTA_ASISTENCIA,POSIBLE_OTRO_HABLANTE_O_MENCION,RPM-2006-04-13:T64,INICIO_EXPLICITO,,RPM-2006-04-13:647:1,RPM-2006-04-13:646:1,Luis Óscar Herrera Barriga,"e incremento de los términos de intercambio sobre los efectos de corto plazo en la economía, no es muy aventurado pensar que dada la magnitud de los ajustes que se están observando esto podría agregar un impulso adicional a la demanda interna. Así, hace presente que no podemos descartar que en el corto plazo el sector privado mantenga su dinamismo.","El Ministro de Hacienda señor Andrés Velasco, señala que desea plantear tres ideas. La primera de ellas es que no le parece necesario añadir algo respecto al diagnóstico general que se ha efectuado en esta reunión, ya que le parece perfectamente correcto y sensato. Asimismo, comparte la conclusión que todos han manifestado, en cuanto a que hay una ","Recuerda que el Gerente de División Estudios señaló que en materia agrícola había un par de historias, pero un par de historias no constituyen identificación en este caso, además que no existe certeza de estos datos. ",RPM-2006-04-13:648:1,Vittorio Corbo Lioi,"El Presidente señor Vittorio Corbo, señala al señor Ministro que corresponde recordar que en el ejercicio que se efectuó, cuando se elaboró el informe de política monetaria anterior, que es el de enero, en nuestra forma de ver la evolución de la economía y de la inflación, se tiene una estructura de comportamiento de la tasa de interés, indicativa ",,,
872,RPM-2006-04-13:653:1,653,2006-04-13 00:00:00,Jorge Desormeaux Jiménez,Consejero,SUJETO_ROL_NOMBRE,LISTA_ASISTENCIA,FINAL_SIN_PUNTUACION,RPM-2006-04-13:T72,INICIO_EXPLICITO,,RPM-2006-04-13:653:1,RPM-2006-04-13:652:1,Manuel Marfán Lewis," todo, señala que el Comunicado deberá ser claro y explícito en cuanto a que el ritmo de normalización de la política monetaria seguirá siendo pausado, sin que hasta ahora se disponga de información que amerite una aceleración de éste. En consecuencia, el Consejero señor Manuel Marfán vota por elevar la tasa de política monetaria en 25 puntos base.","El Consejero señor Jorge Desormeaux, manifiesta que la decisión de hoy se enmarca en un cuadro en que las principales novedades provienen del exterior, como se ha señalado previamente. Señala el señor Consejero, que los antecedentes muy completos que ha presentado la Gerencia de División Estudios, indican que pese a todos los inconvenientes que ha ",,RPM-2006-04-13:653:2,José De Gregorio Rebeco,"El Vicepresidente señor José De Gregorio indica, que el panorama económico reciente es coherente con el escenario central de nuestro último IPOM y, por lo tanto, no hay razones para cambiar nuestra estrategia de retiro gradual del impulso monetario para cumplir con nuestro objetivo inflacionario. Sin embargo, señala que la pregunta relevante es si ",,,
880,RPM-2006-05-11:658:1,658,2006-05-11 00:00:00,Vittorio Corbo Lioi,Presidente del Banco Central,SUJETO_ROL_SESION,LISTA_ASISTENCIA,FINAL_SIN_PUNTUACION,RPM-2006-05-11:T4,INICIO_EXPLICITO,,RPM-2006-05-11:658:1,RPM-2006-05-11:657:2,Sergio Lehmann Beresi," parte de los inversionistas de tomar posiciones en bonos americanos y menores posiciones en emergentes, se aprecia que los spreads han tendido a caer durante el último mes. En el caso del bono chileno, ha estado estable, pero marginalmente a la baja, lo cual explicaría que lo que está detrás del movimiento de spreads son expectativas de actividad.","El señor Presidente ofrece la palabra para comentarios respecto a la exposición de la parte internacional,",,RPM-2006-05-11:658:2,Enrique Marshall Rivera,"El Consejero señor Marshall, consulta cuál es la evaluación de la trayectoria del spread de Chile, que aparece subiendo algo y distanciándose de otros puntos de referencia, como son China, Hungría, Polonia, y otros.",,,
900,RPM-2006-05-11:664:2,664,2006-05-11 00:00:00,Andrés Velasco Brañes,Ministro de Hacienda,SUJETO_ROL_NOMBRE,LISTA_ASISTENCIA,FINAL_SIN_PUNTUACION,RPM-2006-05-11:T24,INICIO_EXPLICITO,,RPM-2006-05-11:664:2,RPM-2006-05-11:664:1,Vittorio Corbo Lioi,"El Presidente señor Vittorio Corbo señala, sobre el mismo tema, que si se observa desde el año 1992 al 2002, nunca hubo un tipo de cambio de 620 - 640, con las paridades de hoy.","Finalmente, el señor Ministro de Hacienda, señor Andrés Velasco, en relación a lo informado por el señor Gerente de Análisis Macroeconómico en cuanto a la baja de trayectoria de crecimiento, contenido en el resumen del iPoM, le parece que no solamente la",,RPM-2006-05-11:664:3,Vittorio Corbo Lioi,"El Presidente, señor Vittorio Corbo, suspende la Sesión a las 13:20 horas e informa que la misma se reanudará a las 16:00 horas.",,,
904,RPM-2006-05-11:664:6,664,2006-05-11 00:00:00,Rodrigo Valdés Pulido,Gerente de División Estudios,CONTEXTO_REVISADO,LISTA_ASISTENCIA,TEXTO_DANADO_POR_COTEJAR,RPM-2006-05-11:T28,SIN_CONTINUIDAD_CONFIRMADA,,,RPM-2006-05-11:664:5,Vittorio Corbo Lioi,"A continuación, el Presidente, don Vittorio Corbo, solicita al Gerente de División Estudios, don Rodrigo Valdés, que presente las Opciones de Política Monetaria.","El señor Gerente de División mencionado informó lo siguiente: En la reunión de política monetaria de abril, el Consejo decidió aumentar la tasa de interés de política monetaria hasta 5% anual, luego de haberla aumentado en febrero y mantenido en marzo. En la decisión se consideró que la inflación continuaba con una trayectoria similar a la esperada",,RPM-2006-05-11:664:7,Vittorio Corbo Lioi,"El Presidente señor Vittorio Corbo, ofrece la palabra a los asistentes para comentarios.",,,
1003,RPM-2006-07-13:748:1,748,2006-07-13 00:00:00,Jorge Desormeaux Jiménez,Consejero,SUJETO_ROL_NOMBRE,LISTA_ASISTENCIA,FINAL_SIN_PUNTUACION,RPM-2006-07-13:T15,INICIO_EXPLICITO,,RPM-2006-07-13:748:1,RPM-2006-07-13:747:1,Vittorio Corbo Lioi,"aunque se tiene el gran problema del petróleo que estaría logrando los niveles máximos históricos, y ello por dos razones: por la fuerza del crecimiento de China, India y todo el resto. Además, por razones geopolíticas. En todo caso, la parte financiera se ha tranquilizado con respecto a la gran volatilidad que se observó hace un mes y medio atrás.","El Consejero señor Jorge Desormeaux señala, que de la exposición queda claro que en este episodio de alta volatilidad, el premio soberano de Chile está dentro del grupo de los que se ajustaron algo. Agrega, que igualmente, ocurre con las correcciones en la bolsa, y sin embargo, con el tipo de cambio se está en el lado de los que se ajustaron más. C",,RPM-2006-07-13:748:2,Esteban Jadresic Marinovic,"El Gerente de División Operaciones Financieras señor Jadresic, manifiesta que lo anterior se puede explicar más por el lado de la demanda de inversionistas internacionales que por el lado de los fundamentales propios de la economía chilena durante este período. Indica que se produjo un ajuste y hubo una sell fiy quality, una salida de activos más r",,,
1013,RPM-2006-07-13:754:2,754,2006-07-13 00:00:00,Manuel Marfán Lewis,Consejero,SUJETO_ROL_NOMBRE,LISTA_ASISTENCIA,FINAL_SIN_PUNTUACION,RPM-2006-07-13:T25,INICIO_EXPLICITO,,RPM-2006-07-13:754:2,RPM-2006-07-13:754:1,Vittorio Corbo Lioi,"El Presidente señor Vittorio Corbo, ofrece la palabra a los asistentes para comentarios.","En cuanto a los agregados monetarios, el Consejero señor Manuel Marfán señala que si los fondos mutuos son todos filiales de bancos, y se definiera el dinero como todo",,RPM-2006-07-13:754:3,Igal Magendzo Weinberger,"Responde el señor Gerente de Análisis Macroeconómico, que los fondos mutuos no están dentro del M1, pero sí son parte del M2 y del M3. Por ello, señala que la información del M2 y M3 se podría modificar.",,,
1044,RPM-2006-07-13:770:4,770,2006-07-13 00:00:00,Rodrigo Valdés Pulido,Gerente de División Estudios,CONTEXTO_REVISADO,LISTA_ASISTENCIA,TEXTO_DANADO_POR_COTEJAR,RPM-2006-07-13:T56,SIN_CONTINUIDAD_CONFIRMADA,,,RPM-2006-07-13:770:3,Vittorio Corbo Lioi,"A continuación, el Presidente, don Vittorio Corbo, solicita al Gerente de División Estudios, don Rodrigo Valdés, que presente las Opciones de Política Monetaria.","El señor Gerente de División mencionado informó lo siguiente: En la reunión de política monetaria de junio, el Consejo decidió mantener la tasa de interés de política monetaria en 5% anual por segundo mes consecutivo. En la decisión se consideró que la inflación y la demanda interna seguían con una trayectoria dentro de lo previsto en el último IPo",,RPM-2006-07-13:771:1,Vittorio Corbo Lioi,"El Presidente señor Vittorio Corbo, ofrece la palabra a los asistentes para",,,
1045,RPM-2006-07-13:771:1,771,2006-07-13 00:00:00,Vittorio Corbo Lioi,Presidente del Banco Central,SUJETO_ROL_NOMBRE,LISTA_ASISTENCIA,FINAL_SIN_PUNTUACION,RPM-2006-07-13:T57,INICIO_EXPLICITO,,RPM-2006-07-13:771:1,RPM-2006-07-13:770:4,Rodrigo Valdés Pulido,"ieros. Adicionalmente, cabe analizar si conviene o no cambiar el sesgo implícito que contiene el comunicado. En la medida en que se estime que los antecedentes de una eventual debilidad cíclica o mayores holguras tienen peso, podría convenir suavizar algo ese sesgo, especialmente si se opta por un alza en la tasa de política monetaria. comentarios.","El Presidente señor Vittorio Corbo, ofrece la palabra a los asistentes para",,RPM-2006-07-13:771:2,Klaus Schmidt-Hebbel Dunker,"El Gerente de Investigación Económica, señor Klaus Schmidt-Hebbel señala que respecto a la tasa de política monetaria de junio, las novedades de este mes aparecen prima facie como mezcladas para la toma de la decisión de política monetaria de hoy. Parece asentarse un escenario de algo menor crecimiento, mientras que la inflación parece estar bajo c",,,
1055,RPM-2006-07-13:780:1,780,2006-07-13 00:00:00,José De Gregorio Rebeco,Vicepresidente del Banco Central,SUJETO_ROL_NOMBRE,LISTA_ASISTENCIA,TEXTO_DANADO_POR_COTEJAR,RPM-2006-07-13:T67,INICIO_EXPLICITO,,RPM-2006-07-13:780:1,RPM-2006-07-13:779:1,Jorge Desormeaux Jiménez,"en el comunicado que emitirá el Banco Central. En consecuencia, vota por un alza de 25 puntos base en la tasa de política monetaria, y solicita que en el comunicado se refleje una evaluación acerca de la trayectoria futura del sector real y de la inflación que surge a partir de los antecedentes discutidos en la Reunión de Política Monetaria de hoy.","El Vicepresidente, señor José De Gregorio señala que el análisis de la Gerencia de División Estudios ha sido particularmente determinante en su visión de la coyuntura. Indica que hace una semana atrás, con una mirada superficial a las noticias del Imacec e inflación, era muy previsible que hoy la tasa de política monetaria debiera subir en 25 punto",,RPM-2006-07-13:780:2,Vittorio Corbo Lioi,"Lo que sí ha cambiado, indica el señor Corbo, pero sin efectos perceptibles hasta ahora en las cifras macroeconómicas agregadas, son las expectativas tanto de las personas como de las empresas las que muestran un claro deterioro en los meses recientes. Esto último aumenta el riesgo de que el crecimiento del segundo semestre termine algo por debajo ",,,
1115,RPM-2006-09-07:836:1,836,2006-09-07 00:00:00,Sergio Lehmann Beresi,Gerente de Análisis Internacional,CONTEXTO_REVISADO,LISTA_ASISTENCIA,CARGO_EN_DISCURSO_POR_VERIFICAR,RPM-2006-09-07:T8,SIN_CONTINUIDAD_CONFIRMADA,,,RPM-2006-09-07:835:1,José De Gregorio Rebeco,"El Vicepresidente señor José De Gregorio, consulta que si de los gráficos que se
han mostrado sobre la trayectoria del precio del petróleo en nuestro escenario del IPOM, se
concluye que éste terminaría el año en US$ 65 y cuál sería el precio actual.","En respuesta a dicha consulta, el Gerente de Análisis Financiero señor
Lehmann, señala que la información entregada incorpora los últimos precios que se conocen
dentro de la proyección para el mes de septiembre. Agrega, que los precios de los últimos tres
días sugieren una trayectoria bastante plana para llegar a un promedio el próximo año de
US$ 6",,RPM-2006-09-07:837:1,Jorge Desormeaux Jiménez,"El Consejero señor Jorge Desormeaux, respecto de la situación de Estados
Unidos de América, consulta si existe alguna discusión respecto de lo que sería la tasa neutral
en dicho país.",,,
1289,RPM-2006-12-14:1000:1,1000,2006-12-14 00:00:00,Manuel Marfán Lewis,Consejero,SUJETO_ROL_NOMBRE,LISTA_ASISTENCIA,FINAL_SIN_PUNTUACION,RPM-2006-12-14:T15,INICIO_EXPLICITO,,RPM-2006-12-14:1000:1,RPM-2006-12-14:999:1,Vittorio Corbo Lioi,"amente en el punto de inflexión, y se pregunta hasta qué punto esto es aceleración de los dos trimestres y si es el escenario que la Reserva Federal esperaba. Al respecto, señala que lo interesante es que la economía americana muestra un sector de servicios tremendamente dinámico y que lo más probable es que va a sostener al consumo por más tiempo.","El Consejero señor Manuel Marfán señala que el hecho que la actividad haya crecido más, se debe a los aumentos de los inventarios en Estados Unidos de América, que es algo que él había mencionado en alguna reunión de coyuntura, lo que no resulta necesariamente una buena noticia. Agrega, que una acumulación no deseada de inventario, puede ser en rea",,RPM-2006-12-14:1000:2,Esteban Jadresic Marinovic,"El Gerente de División Operaciones Financieras señor Esteban Jadresic cree que con los últimos datos positivos de Estados Unidos de América, no se puede descartar que estén anticipando un cambio del punto de inflexión, un cambio de escenario, pero es muy temprano todavía para decirlo, porque la verdad es que si se observa incluso un mes atrás, dura",,,
1297,RPM-2006-12-14:1003:4,1003,2006-12-14 00:00:00,José De Gregorio Rebeco,Vicepresidente del Banco Central,SUJETO_ROL_NOMBRE,LISTA_ASISTENCIA,FINAL_SIN_PUNTUACION,RPM-2006-12-14:T23,INICIO_EXPLICITO,,RPM-2006-12-14:1003:4,RPM-2006-12-14:1003:3,Igal Magendzo Weinberger," inflacionaria han ido hacia la baja y que en el presente mes se presenta un comportamiento mixto, esto es, hay algunas cosas que dejaron de bajar o repuntaron algo. Además, señala el señor Madgenzo que también se modifica a la baja el panorama de inflación subyacente de corto plazo por una nueva evaluación de su velocidad de convergencia esperado.","Sobre este comentario, el Vicepresidente señor De Gregorio consulta sobre lo expuesto en cuanto a que todas las tendencias inflacionarias que se tenían el mes pasado venían apuntando hacia abajo y por el otro lado, que la situación se hubiese puesto mixta, unas para abajo y otras para arriba, pero modificamos a la baja el panorama subyacente. i",,RPM-2006-12-14:1003:5,Rodrigo Valdés Pulido,"El Gerente de División Estudios señor Rodrigo Valdés señala que quiere precisar, que en su opinión, no sorprende lo que pasó en este mes, amparados por la RPM anterior, pero sigue siendo cierto que la menor inflación que se ha presentado en los últimos meses no se ha revertido. Lo anterior, lleva también a revaluar la posibilidad de que el IPCX1 pr",,,
1315,RPM-2006-12-14:1010:4,1010,2006-12-14 00:00:00,Manuel Marfán Lewis,Consejero,SUJETO_ROL_NOMBRE,LISTA_ASISTENCIA,FINAL_SIN_PUNTUACION,RPM-2006-12-14:T41,INICIO_EXPLICITO,,RPM-2006-12-14:1010:4,RPM-2006-12-14:1010:3,Rodrigo Valdés Pulido,"ñor Valdés menciona que este año, con las nuevas cifras, se dejó de dar credibilidad completa a las cifras de empleo en la toma de decisión y análisis. Sin embargo, lo que no cambió y tampoco se modifica con las cifras nuevas, es el cuadro de fuerte creación de empleo que hubo en el año 2005, con su consecuente efecto en costos laborales unitarios.","El Consejero señor Marfán indica que desea comentar que el señor Mario Marcel es un buen economista y muy honesto, y cree, que no tiene intenciones políticas en lo que ha señalado, de modo que lo tomaría con buena fe de que él realmente piensa así. No obstante, tiene la sensación que cuando el Gobierno impulsa la regla fiscal, lo que está implícita",,RPM-2006-12-14:1010:5,José De Gregorio Rebeco,"El Vicepresidente señor José De Gregorio, con respecto a esta discusión, señala que el Banco tuvo una sorpresa la que tendrá implicancia en los aspectos de política monetaria, en el sentido si el menor nivel de actividad, independiente de que si es transitoria o permanente, tiene impacto sobre la presión inflacionaria. Por otro lado, con respecto d",,,
1323,RPM-2006-12-14:1012:4,1012,2006-12-14 00:00:00,Rodrigo Valdés Pulido,Gerente de División Estudios,CONTEXTO_REVISADO,LISTA_ASISTENCIA,TEXTO_DANADO_POR_COTEJAR,RPM-2006-12-14:T49,SIN_CONTINUIDAD_CONFIRMADA,,,RPM-2006-12-14:1012:3,Vittorio Corbo Lioi,"A continuación, el Presidente don Vittorio Corbo, solicita al Gerente de División Estudios don Rodrigo Valdés, que presente las Opciones de Política Monetaria.","El señor Gerente de División mencionado informa lo siguiente: En la reunión de política monetaria de noviembre, el Consejo decidió mantener la tasa de interés de política monetaria en 5,25% anual, nivel que mantiene desde julio pasado. En la decisión antes referida, se consideró que la actividad seguía mostrando un dinamismo reducido y la inflación",,RPM-2006-12-14:1012:5,Vittorio Corbo Lioi,"El Presidente señor Vittorio Corbo, ofrece la palabra a los asistentes para comentarios.",,,
1326,RPM-2006-12-14:1013:1,1013,2006-12-14 00:00:00,Esteban Jadresic Marinovic,Gerente de División Operaciones Financieras,SUJETO_ROL_NOMBRE,LISTA_ASISTENCIA,FINAL_SIN_PUNTUACION,RPM-2006-12-14:T52,INICIO_EXPLICITO,,RPM-2006-12-14:1013:1,RPM-2006-12-14:1012:6,Klaus Schmidt-Hebbel Dunker,"xpectativas de inflación y medidas de compensación inflacionaria cercanas a 3%, pero con una gran depresión en el horizonte de política, y considerando que la tasa de política monetaria actual está entre 50 y 125 puntos base por debajo de la tasa estimada neutral, no se debiera descartar fácilmente la opción de subir las tasas en el futuro próximo.","El Gerente de División Operaciones Financieras, señor Esteban Jadresic, señala que básicamente está de acuerdo con lo propuesto por la Gerencia de División Estudios. Agrega que hay un par de elementos del diagnóstico que quiere mencionar. El primero se refiere a que la tendencia inflacionaria se mantiene baja y las presiones de costo están contenid",,RPM-2006-12-14:1013:2,Pablo García Silva,"El Gerente de División Política Financiera señor Pablo García, señala que como se ha discutido en otras ocasiones, hay diversos motivos para justificar una decisión de política monetaria en particular. Puede ser para reflejar noticias en la nueva información que justifiquen un cambio de estrategia de política, acciones que consoliden una estrategia",,,
1329,RPM-2006-12-14:1014:1,1014,2006-12-14 00:00:00,Andrés Velasco Brañes,Ministro de Hacienda,SUJETO_ROL_NOMBRE,LISTA_ASISTENCIA,FINAL_SIN_PUNTUACION,RPM-2006-12-14:T55,INICIO_EXPLICITO,,RPM-2006-12-14:1014:1,RPM-2006-12-14:1013:3,Rodrigo Valdés Pulido,"ctativas de largo plazo siguen bien ancladas y claramente no hay desanclaje. Por último, el Gerente de División Estudios hace presente que las medidas puntuales en el margen muestran un cuadro menos evidente que el que se tenía en los últimos meses, y señala que es rescatable que no se siga profundizando la caída de tendencia inflacionaria hoy día.","El señor Ministro de Hacienda don Andrés Velasco, señala que va a comentar cuatro puntos. En primer lugar, cree que es difícil un argumento para una opción que no sea la mantención por lo que no tiene nada más que añadir, y se suma a lo que parece ser un consenso bastante amplio. En segundo lugar, en cuanto al balance de los riesgos, señala que tie",,RPM-2006-12-14:1014:2,Rodrigo Valdés Pulido,"El Gerente de División Estudios comenta que este tema es debatible y por lo mismo, no es el punto central para tomar una decisión económica. Agrega que si la consulta la cambia de posición, ésta se debe tomar en cuenta o ignorarla. El Gerente de División Estudios manifiesta que una acción de política esperada versus la no esperada tiene implicancia",,,
1362,RPM-2007-01-11:1038:1,1038,2007-01-11 00:00:00,Esteban Jadresic Marinovic,Gerente de División Operaciones Financieras,SUJETO_ROL_NOMBRE,LISTA_ASISTENCIA,FINAL_SIN_PUNTUACION,RPM-2007-01-11:T20,INICIO_EXPLICITO,,RPM-2007-01-11:1038:1,RPM-2007-01-11:1037:1,Andrés Velasco Brañes,"istinta a la que se ha comentado. Agrega que los costos laborales unitarios no solamente van al alza sino que también a la baja, entonces la afirmación de que “aún no han subido”, no le parece sustentable. En consecuencia la afirmación del Gerente de Estudios señor Valdés, de que tengamos un mercado laboral apretado, no le parece totalmente cierta.","El Gerente de División Operaciones Financieras señor Esteban Jadresic, se refiere a que una fuente independiente de información sobre mercado laboral, aunque sólo para Santiago, es la Encuesta de Desempleo de la Universidad de Chile. Comenta que si bien la tasa de desempleo ha venido cayendo, se mantiene en un nivel que está por encima de los mínim",,RPM-2007-01-11:1038:2,José De Gregorio Rebeco,"El Vicepresidente señor José De Gregorio, comenta que hace un par de años atrás, cuando se trato de explicar por qué el cierre de brechas de la economía chilena había sido tan lento y la recesión tan prolongada, uno de los argumentos que se entregaron en esa oportunidad fue el de la riqueza salarial. Sin embargo, la evidencia muestra que en Chile e",,,
1372,RPM-2007-01-11:1046:2,1046,2007-01-11 00:00:00,Rodrigo Valdés Pulido,Gerente de División Estudios,SUJETO_ROL_NOMBRE,LISTA_ASISTENCIA,FINAL_SIN_PUNTUACION,RPM-2007-01-11:T30,INICIO_EXPLICITO,,RPM-2007-01-11:1046:2,RPM-2007-01-11:1046:1,Esteban Jadresic Marinovic," hace el ejercicio de mirar hacia atrás, cree que hay que tomar una perspectiva de más largo plazo, las noticias acumuladas, la dirección en que se está realizando este IPoM no es sólo respecto a septiembre, sino que en realidad si uno va hacia mediados de año ya se veían algunas de estas tendencias que ahora se han visto reforzadas posteriormente.","El Gerente de División Estudios señor Rodrigo Valdés, refiriéndose a un comentario del Consejero señor Marfán en cuanto a que si importa más la propia proyección de inflación o la de mercado en esta discusión, cree que tiene toda la razón ya que el objetivo operacional del Banco no puede ser la proyección privada de inflación, sino que la propia pr",,RPM-2007-01-11:1046:3,Andrés Velasco Brañes,"El Ministro de Hacienda señor Andrés Velasco, señala que está de acuerdo con lo señalado por el señor Vicepresidente del Banco y con el Gerente de División Estudios y le parece que se encuentran en la dirección correcta, sin embargo, le añadiría un core Une, en el sentido de que el ajuste de las expectativas privadas dependen de una serie de variab",,,
1377,RPM-2007-01-11:1047:4,1047,2007-01-11 00:00:00,Rodrigo Valdés Pulido,Gerente de División Estudios,CONTEXTO_REVISADO,LISTA_ASISTENCIA,TEXTO_DANADO_POR_COTEJAR,RPM-2007-01-11:T35,SIN_CONTINUIDAD_CONFIRMADA,,,RPM-2007-01-11:1047:3,Vittorio Corbo Lioi,"A continuación, el Presidente don Vittorio Corbo, solicita al Gerente de División Estudios don Rodrigo Valdés, que presente las Opciones de Política Monetaria.","El señor Gerente de División mencionado informa lo siguiente: En la reunión de política monetaria de diciembre, el Consejo decidió mantener la tasa de interés de política monetaria en 5,25% anual, nivel que mantiene desde julio del año pasado. En la decisión se consideró que, pese a que la actividad interna continuaba por debajo de lo previsto en e",,RPM-2007-01-11:1047:5,Vittorio Corbo Lioi,"El Presidente señor Vittorio Corbo, ofrece la palabra a los asistentes para comentarios.",,,
1383,RPM-2007-01-11:1050:1,1050,2007-01-11 00:00:00,Pablo García Silva,Gerente de División Política Financiera,SUJETO_ROL_NOMBRE,LISTA_ASISTENCIA,FINAL_SIN_PUNTUACION,RPM-2007-01-11:T40,INICIO_EXPLICITO,,RPM-2007-01-11:1050:1,RPM-2007-01-11:1049:3,Beltrán de Ramón Acevedo,"orma de acumular más información, haría más difícil de explicar un recorte de tasas si se diera una probable coyuntura justo en ese momento, de que los Imacec de enero y febrero fueran más altos y la inflación estuviera en niveles que si bien son normales para esa época del año, se consideran elevados; entonces, su recomendación es acortar la tasa.","El Gerente de División Política Financiera señor Pablo García, señala que está de acuerdo con la visión de la Gerencia de División Estudios respecto a que las opciones más plausibles son la mantención o la disminución de la tasa de política monetaria. En opinión del señor García, la medida de política monetaria más adecuada es la reducción de la ta",,RPM-2007-01-11:1050:2,Andrés Velasco Brañes,"El señor Ministro de Hacienda don Andrés Velasco, señala que en las diversas Reuniones de Política Monetaria en que le ha tocado participar, es decir desde marzo de 2006 a la fecha, considera que a este Consejo le ha tocado enfrentar situaciones delicadas, ambiguas o de resolución incierta. En esta ocasión, le parece que este es un caso muy distint",,,
1419,RPM-2007-02-08:1077:1,1077,2007-02-08 00:00:00,Vittorio Corbo Lioi,Presidente del Banco Central,SUJETO_ROL_SESION,LISTA_ASISTENCIA,FINAL_SIN_PUNTUACION,RPM-2007-02-08:T25,INICIO_EXPLICITO,,RPM-2007-02-08:1077:1,RPM-2007-02-08:1076:1,Igal Magendzo Weinberger,"unos productos específicos, en los cuales destacan el transporte interurbano, los pasajes de avión y el costo del servicio doméstico. En los indicadores de tendencia, la velocidad de la inflación IPCX1 tuvo una aceleración importante. Las medias podadas y el IPCX2 mostraron incrementos en todas la medidas, a diferencia de meses anteriores. interno.",El señor Presidente ofrece la palabra para comentarios sobre el escenario,,RPM-2007-02-08:1077:2,Rodrigo Valdés Pulido,"EL Gerente de División Estudios señor Rodrigo Valdés señala que desea hacer algunos comentarios. Le parece que las mayores noticias que se han presentado están por el lado de la inflación, configurando un mayor riesgo del que se tenía el mes pasado, que era una inflación efectivamente algo por encima del escenario central. Agrega, que otra noticia ",,,
1466,RPM-2007-03-15:1114:1,1114,2007-03-15 00:00:00,Rodrigo Valdés Pulido,Gerente de División Estudios,SUJETO_ROL_NOMBRE,LISTA_ASISTENCIA,POSIBLE_OTRO_HABLANTE_O_MENCION,RPM-2007-03-15:T11,INICIO_EXPLICITO,,RPM-2007-03-15:1114:1,RPM-2007-03-15:1113:1,Beltrán de Ramón Acevedo,"ctan la riqueza y, por lo tanto, el consumo en los norteamericanos. Señala que este año el Dow Jones lleva una caída de 2,7%, sin contar lo que está pasando hoy que es al alza, pero si estas turbulencias se mantienen y estos índices caen más, el señor De Ramón menciona que podría estar severamente afectado el consumo y eso lo encuentra preocupante.","El Gerente de División Estudios señor Rodrigo Valdés, cree que en particular, el escenario para los Estados Unidos de América, como también lo menciona el Gerente de Mercados Financieros Nacionales señor De Ramón, tiene distintos focos de riesgo. En opinión del señor Gerente de División, lo que podría pasar con el crédito inmobiliario es otra incer","El Gerente de División Estudios señor Rodrigo Valdés, cree que en particular, el escenario para los Estados Unidos de América, como también lo menciona el Gerente de Mercados Financieros Nacionales señor De Ramón, tiene distintos focos de riesgo. ",RPM-2007-03-15:1115:1,Esteban Jadresic Marinovic,"El Gerente de División Operaciones Financieras señor Esteban Jadresic, señala que respecto al self off, claramente la comparación con los episodios anteriores muestra que estaba mucho más concentrado en los mercados de renta variable que en los de renta fija. Menciona que, los grandes efectos se observan en las Bolsas y no así en los spreads, como ",,,
1510,RPM-2007-03-15:1155:1,1155,2007-03-15 00:00:00,Rodrigo Valdés Pulido,Gerente de División Estudios,CONTEXTO_REVISADO,LISTA_ASISTENCIA,TEXTO_DANADO_POR_COTEJAR,RPM-2007-03-15:T54,SIN_CONTINUIDAD_CONFIRMADA,,,RPM-2007-03-15:1154:3,Vittorio Corbo Lioi,"a oportunidad. Agrega el señor Presidente que las fechas alternativas que ha propuesto al señor Presidente del Senado son los dias 6 ó 13 de septiembre y que se confirmará en su oportunidad. A continuación, el Presidente don Vittorio Corbo, solicita al Gerente de División Estudios don Rodrigo Valdés, que presente las Opciones de Política Monetaria.","El señor Gerente de División mencionado informa que en la reunión de política monetaria de febrero, el Consejo decidió mantener la tasa de interés de política monetaria en 5% anual, luego de un recorte de 25 puntos base en enero. En la decisión se consideró, entre otros elementos, que la actividad interna había recobrado cierto dinamismo durante el",,RPM-2007-03-15:1156:1,Vittorio Corbo Lioi,"El Presidente señor Vittorio Corbo, ofrece la palabra a los asistentes para comentarios.",,,
1740,RPM-2007-07-12:1328:1,1328,2007-07-12 00:00:00,Jorge Desormeaux Jiménez,Consejero,SUJETO_ROL_NOMBRE,LISTA_ASISTENCIA,POSIBLE_OTRO_HABLANTE_O_MENCION,RPM-2007-07-12:T26,INICIO_EXPLICITO,,RPM-2007-07-12:1328:1,RPM-2007-07-12:1327:1,Vittorio Corbo Lioi,"El Presidente señor Vittorio Corbo señala que le parece que habría que revisar esa situación, porque podrían existir dos fuerzas en esa dirección. Una de ellas podría ser que bajó el Impuesto al lujo y la otra, los efectos de los acuerdos comerciales.","El Consejero señor Jorge Desormeaux señala que en la exposición que realizó el señor Magendzo indicó que los créditos para la vivienda se habían acelerado, por lo que puede existir un problema de desfase.","El Consejero señor Jorge Desormeaux señala que en la exposición que realizó el señor Magendzo indicó que los créditos para la vivienda se habían acelerado, por lo que puede existir un problema de desfase.",RPM-2007-07-12:1329:1,Enrique Marshall Rivera,"El Consejero señor Enrique Marshall en relación al stock de viviendas, señala que observó las cifras del número de operaciones del crédito hipotecario del sector bancario y éstas aparecen diferentes.",,,
1752,RPM-2007-07-12:1335:4,1335,2007-07-12 00:00:00,Igal Magendzo Weinberger,Gerente de Análisis Macroeconómico,SUJETO_ROL_SESION,LISTA_ASISTENCIA,FINAL_SIN_PUNTUACION,RPM-2007-07-12:T38,INICIO_EXPLICITO,,RPM-2007-07-12:1335:4,RPM-2007-07-12:1335:3,Manuel Marfán Lewis,"io del trigo y de la leche, el Consejero señor Manuel Marfán señala que en el gráfico expuesto habría que presentarlo en escalas que sean comparables, ya que el precio de la leche aparece en una escala 330-690 y en el otro en una 8 veces mayor, lo que dificulta visualmente la observación del gráfico, en que la curva sería mayor a la que se percibe.","Sobre el particular, el Gerente de Análisis Macroeconómico agradece la consulta del Consejero señor Manuel Marfán y señala que la correlación que se ha encontrado es que la transformación de la leche en polvo en los mercados internacionales, una vez que se convierte a pesos por litro, por el tipo de cambio promedio y por un factor de conversión que",,RPM-2007-07-12:1335:5,Rodrigo Valdés Pulido,"El Gerente de Estudios señor Rodrigo Valdés señala que a continuación se presenta un anexo sobre implicancias y shocks recientes en proyecciones de mediano plazo. Agrega el señor Valdés que este ejercicio supone que se sube la tasa en 50 puntos base, en promedio, el segundo trimestre. Es decir, como si nos hubiéramos anticipado que en mayo se produ",,,
1755,RPM-2007-07-12:1336:2,1336,2007-07-12 00:00:00,Pablo García Silva,Gerente de División Política Financiera,SUJETO_ROL_NOMBRE,LISTA_ASISTENCIA,POSIBLE_OTRO_HABLANTE_O_MENCION,RPM-2007-07-12:T41,INICIO_EXPLICITO,,RPM-2007-07-12:1336:2,RPM-2007-07-12:1336:1,Manuel Marfán Lewis,"vioso de esos modelos. En su opinión, cree que este ejercicio resulta muy mecánico, da respuestas extremadamente nerviosas que si se les hiciera caso se tendría un ajuste de inflaciones muy oscilante y volátil. Agrega que tiene la impresión que si bien este modelo puede tener una lógica matemática, no tiene mucha lógica económica en sus resultados.","El Gerente de División Política Financiera señor Pablo García señala que el nerviosismo que mencionaba el Consejero señor Manuel Marfán le parece muy cierto, sobre todo en el caso de los shocks de oferta, porque la reducción de tasas que se observa en el modelo para el 2009 es condicional a que efectivamente en ese momento, 2 años más, la regla mid","El Gerente de División Política Financiera señor Pablo García señala que el nerviosismo que mencionaba el Consejero señor Manuel Marfán le parece muy cierto, sobre todo en el caso de los shocks de oferta, porque la reducción de tasas que se observa en el modelo para el 2009 es condicional a que efectivamente en ese momento, 2 años más, la regla mida los shocks de oferta, por lo cual lo ponderaría bastante poco.",RPM-2007-07-12:1337:1,José De Gregorio Rebeco,"El Vicepresidente señor José De Gregorio comenta que le gusta el ejercicio porque los resultados son muy satisfactorios, pero ayuda a pensar en cómo mejorar las proyecciones y las implicancias de política monetaria. Agrega que le gustaría más un modelo con preferencias y con reglas, pero no se podría construir.",MENCION_LEGITIMA_REVISADA,MEN-20260907-1336,"POSIBLE_OTRO_HABLANTE_O_MENCION: Marfán habla primero sobre el modelo; García responde y evalúa el nerviosismo que Marfán mencionaba. Se conserva el cambio real Marfán → García, sin generar un retorno a Marfán dentro de la respuesta de García. Sólo se adjudica este aviso de mención; las alertas automáticas y otros motivos se conservan. Lectura del consolidado con extractos contiguos; sin cotejo PDF ni revisión humana independiente."
1760,RPM-2007-07-12:1338:3,1338,2007-07-12 00:00:00,Esteban Jadresic Marinovic,Gerente de División Operaciones Financieras,SUJETO_ROL_NOMBRE,LISTA_ASISTENCIA,POSIBLE_OTRO_HABLANTE_O_MENCION,RPM-2007-07-12:T46,INICIO_EXPLICITO,,RPM-2007-07-12:1338:3,RPM-2007-07-12:1338:2,Consejo del Banco Central de Chile,"Siendo las 16:00 horas, se reanuda la Sesión de Política Monetaria N° 110.","El Gerente de División Operaciones Financieras don Esteban Jadresic, solicita la palabra al señor Presidente e indica que hay un hecho relevante que no se trató en la reunión de la mañana, y quiere exponerlo antes que el Gerente de Estudios señor Rodrigo Valdés efectúe su presentación sobre las Opciones de Política Monetaria. Señala el señor Gerent","Manifiesta el señor Jadresic que el Gerente de Análisis Macroeconómico señor Igal Magendzo comentó que los datos apuntan a 3%; las proyecciones son de tres alzas este año, con un total de 75 puntos base, de 25 puntos base cada una, y se puede ir más allá si se tienen las tasas swaps que es un punto importante de referencia hacia junio del próximo año y allí se indica que habrían otras dos alzas adicionales de 25 puntos base, y en total 125 puntos base. ",RPM-2007-07-12:1338:4,Vittorio Corbo Lioi,"A continuación, el Presidente don Vittorio Corbo, solicita al Gerente de División Estudios que presente las Opciones de Política Monetaria.",,,
1770,RPM-2007-07-12:1347:1,1347,2007-07-12 00:00:00,Vittorio Corbo Lioi,Presidente del Banco Central,SUJETO_ROL_NOMBRE,LISTA_ASISTENCIA,FINAL_SIN_PUNTUACION,RPM-2007-07-12:T55,INICIO_EXPLICITO,,RPM-2007-07-12:1347:1,RPM-2007-07-12:1346:1,María Olivia Recart Herrera,"del mérito de cada una de las distintas opciones de política, es importante que la decisión adoptada sea transmitida de manera muy clara al público en general, pero particularmente en un ambiente de incertidumbre como el antes descrito, la forma en cómo se comunique dicha decisión será importante y permitirá evitar lecturas que puedan ser erróneas.",El Presidente señor Vittorio Corbo ofrece la palabra a los señores Consejeros para proceder a la votación. Lf \,,RPM-2007-07-12:1347:2,Enrique Marshall Rivera,"El Consejero señor Enrique Marshall agradece al staff el material preparado para esta reunión. Comenta el señor Consejero que en el frente externo las condiciones no han vanado en forma significativa respecto de la última reunión. El crecimiento se muestra vigoroso, con una proyección para este año que se ajusta marginalmente al alza. Los mercados ",,,
1846,RPM-2007-09-13:1410:1,1410,2007-09-13 00:00:00,Sergio Lehmann Beresi,Gerente de Análisis Internacional,SUJETO_ROL_NOMBRE,LISTA_ASISTENCIA,FINAL_SIN_PUNTUACION,RPM-2007-09-13:T5,INICIO_EXPLICITO,,RPM-2007-09-13:1410:1,RPM-2007-09-13:1409:1,Vittorio Corbo Lioi,El Presidente señor Vittorio Corbo consulta por qué la prensa ha informado que el spread de México está más bajo que el de Chile.,"El Gerente de Análisis Internacional señor Lehmann señala que el spread de México que reporta JPMorgan, EMBI México, es el que aparece en el gráfico, esto es, 135 puntos base. Dentro del EMBI el 40% de los bonos son PEMEX,",,RPM-2007-09-13:1410:2,Beltrán de Ramón Acevedo,"El Gerente de Mercados Financieros Nacionales señor Beltrán De Ramón indica que revisó los comentarios sobre este tema y complementando lo expresado por el señor Ministro de Hacienda en el Diario Financiero, puede concluir que el tema actual es que tener liquidez en el m ercado internacional representa un valor. Agrega que dado lo anterior, los inv",,,
1859,RPM-2007-09-13:1420:1,1420,2007-09-13 00:00:00,Esteban Jadresic Marinovic,Gerente de División Operaciones Financieras,SUJETO_ROL_NOMBRE,LISTA_ASISTENCIA,POSIBLE_OTRO_HABLANTE_O_MENCION,RPM-2007-09-13:T18,INICIO_EXPLICITO,,RPM-2007-09-13:1420:1,RPM-2007-09-13:1419:1,Pablo García Silva,"ye un reflejo de la realidad. En consecuencia, discutir si el país está en primer o segundo lugar, le da la impresión que mecaniza de alguna manera el tema y no ayuda en la parte educacional, que es justamente por que se tiene finanzas públicas extraordinariamente sólidas y eso se puede medir de diversas formas y el diagnóstico sigue siendo válido.","El Gerente de División Operaciones Financieras señor Esteban Jadresic comenta que el punto que ha planteado el Gerente de División Política Financiera le parece interesante, ya que él quiere hacer el punto “contrario del contrario”. Agrega que en línea con lo que señaló el Gerente señor De Ramón y también el Consejero señor Marfán, lo que le preocu","El Gerente de División Operaciones Financieras señor Esteban Jadresic comenta que el punto que ha planteado el Gerente de División Política Financiera le parece interesante, ya que él quiere hacer el punto “contrario del contrario”. ",RPM-2007-09-13:1421:1,Manuel Marfán Lewis,"El Consejero señor Manuel Marfán comenta que una cosa es cómo nos vemos y otra es cómo nos ven los otros, que ojalá coincidieran. Agrega que al final los mercados financieros dependen mucho de la imagen que se proyecte y a lo mejor se podría decir que tenemos las mejores cuentas fiscales del mundo y el ranking número uno de bancos centrales, pero s",MENCION_LEGITIMA_REVISADA,MEN-20260907-1420,POSIBLE_OTRO_HABLANTE_O_MENCION: Jadresic comenta el punto del Gerente de División Política Financiera y se alinea con lo dicho por De Ramón y Marfán. Desarrolla su propio argumento sobre liquidez y credit default swap; esas referencias no son nuevas voces. Sólo se adjudica este aviso de mención; las alertas automáticas y otros motivos se conservan. Lectura del consolidado con extractos contiguos; sin cotejo PDF ni revisión humana independiente.
1909,RPM-2007-09-13:1457:1,1457,2007-09-13 00:00:00,Andrés Velasco Brañes,Ministro de Hacienda,SUJETO_ROL_SESION,LISTA_ASISTENCIA,FINAL_SIN_PUNTUACION,RPM-2007-09-13:T67,INICIO_EXPLICITO,,RPM-2007-09-13:1457:1,RPM-2007-09-13:1456:4,Pablo García Silva,"s tasas a un plazo de 10 años afuera, por lo tanto el diferencial de tasas ha apoyado una apreciación del tipo de cambio y, a horizontes de esa magnitud lo que ocurre a tres meses es irrelevante, es decir, la curva ha tomado una forma un poco anómala a tres meses, pero a largo plazo sí se ha movido en dirección a apoyar un fortalecimiento del peso.",El señor Ministro de Hacienda consulta la razón por la que debería importar ese horizonte,,RPM-2007-09-13:1457:2,Pablo García Silva,"y el señor Gerente de División Política Financiera responde que ese diferencial se aplica sobre todo a las trayectorias de tipo de cambio de aquí a diez años. Dicho de otra forma, a tres meses un diferencial de cien puntos base en la tasa será un peso y medio, en cambio cuarenta puntos base a diez años produce un impacto cambiario mucho más grande ",,,
2034,RPM-2007-11-13:1544:1,1544,2007-11-13 00:00:00,Vittorio Corbo Lioi,Presidente del Banco Central,SUJETO_ROL_SESION,LISTA_ASISTENCIA,FINAL_SIN_PUNTUACION,RPM-2007-11-13:T34,INICIO_EXPLICITO,,RPM-2007-11-13:1544:1,RPM-2007-11-13:1543:2,Igal Magendzo Weinberger,"can en niveles similares a los de la Reunión de Política Monetaria del mes de octubre para el mediano plazo, pero aumentan a plazos mayores. Así, la compensación inflacionaria de 1 en 1 alcanza a 2,85%, 3,07% en octubre y la de 3 en 2 se ubica en 3,45%, 3,31% en octubre y la compensación 5 en 5 aumentó a 3,33%, desde 3,18% el mes anterior. interno.",El señor Presidente ofrece la palabra para comentarios sobre el escenario,,RPM-2007-11-13:1544:2,Igal Magendzo Weinberger,"El Gerente de División Estudios Subrogante señor Igal Magendzo señala que presentará un ejercicio que fue solicitado por el Vicepresidente señor José De Gregorio, consistente en una simulación conforme al Modelo Económico de Proyecciones, MEP, en que se aplica un shock al tipo de cambio nominal para observar cuál es su implicancia sobre la inflació",,,
2080,RPM-2007-12-13:1574:2,1574,2007-12-13 00:00:00,Sergio Lehmann Beresi,Gerente de Análisis Internacional,SUJETO_ROL_NOMBRE,LISTA_ASISTENCIA,POSIBLE_OTRO_HABLANTE_O_MENCION,RPM-2007-12-13:T7,INICIO_EXPLICITO,,RPM-2007-12-13:1574:2,RPM-2007-12-13:1574:1,Enrique Marshall Rivera,"os y que, por tanto, sea una situación que perdure y donde los bancos quedan algo desestabilizados. Indica que es extraño que sea un efecto recurrente y que siempre se produzca porque ios mercados tienen que recuperarse, y el Banco Central estabilizar. Señala que se da ese argumento, pero cree que se profundiza poco sobre lo qué hay detrás de esto.","El Gerente de Análisis Internacional señor Sergio Lehmann, en respuesta a la consulta del Consejero señor Enrique Marshall, señala que entiende que es habitual que se produzca un aumento de la tasa que está venciendo justo a fin de año. Agrega que de hecho, hace un mes lo que saltó más fue el spread de la Libor a dos meses, y que si uno va a un mes","El mercado, en particular en referencia al gráfico al que aludía el Consejero Marfán, da cuenta de una expectativa en que dicho spread se va cerrando gradualmente, y que de hecho se esperaba que eso ocurriera precisamente este mes en algún grado, lo que no se ha dado. ",RPM-2007-12-13:1575:1,Esteban Jadresic Marinovic,"El Gerente de División Operaciones Financieras señor Esteban Jadresic señala que efectivamente esta situación ha ocurrido otras veces, pero no en la magnitud que se observa hoy. Hace presente el aumento de las demandas de liquidez y el no deseo de los bancos de otorgar préstamos a fin de año. Comenta que los Operadores de la Mesa Internacional le h",,,
2114,RPM-2007-12-13:1594:1,1594,2007-12-13 00:00:00,Manuel Marfán Lewis,Consejero,SUJETO_ROL_NOMBRE,LISTA_ASISTENCIA,FINAL_SIN_PUNTUACION,RPM-2007-12-13:T41,INICIO_EXPLICITO,,RPM-2007-12-13:1594:1,RPM-2007-12-13:1593:1,Pablo García Silva," es el crecimiento de valor agregado medido a costo y factores del sector “resto” distinto a costos naturales, en donde se aprecia que existen diferencias que son ínfimas. En consecuencia, cree que es importante ponderar la implicancia que significa que estas diferencias se produzcan por problemas de medición o por dudas respecto a los deflactores.","El Consejero señor Manuel Marfán señala que concuerda con el argumento entregado por el señor García, ya que resulta totalmente diferente si el 4,4% de resto es compatible con un crecimiento alto del consumo y no importante de existencias, pero en todo caso desde un punto de vista práctico, es la información con la que se cuenta y entiende que es u",,RPM-2007-12-13:1594:2,Igal Magendzo Weinberger,"El Gerente señor Magendzo respecto a los datos sobre exportaciones, señala que no se consideró celulosa, que ya se había eliminado a principios de año, para no sobreestimar lo que estaba sucediendo con “resto”. Menciona que en esta oportunidad se realizó el mismo ejercicio para no sobreestimar una dinámica bastante baja de todos los componentes sin",,,
2120,RPM-2007-12-13:1595:3,1595,2007-12-13 00:00:00,Igal Magendzo Weinberger,Gerente de División Estudios (S),SUJETO_ROL_NOMBRE,LISTA_ASISTENCIA,FINAL_SIN_PUNTUACION,RPM-2007-12-13:T47,INICIO_EXPLICITO,,RPM-2007-12-13:1595:3,RPM-2007-12-13:1595:2,Manuel Marfán Lewis,"Respecto al comentario del Gerente señor Magendzo sobre la evolución del comercio en el segundo trimestre que ha sido bastante plana, el Consejero señor Manuel Marfán consulta si la desagregación de esos datos es solamente IVA.","El Gerente señor Magendzo señala que efectivamente sólo corresponde a IVA, de acuerdo a la información del Servicio de Impuestos Internos. Agrega el señor Magendzo que el fenómeno que se comentó sobre la caída del comercio sobre consumo privado, que había estado bastante estable, con alguna baja en el período 2001 - 2002, probablemente coincidente ",,RPM-2007-12-13:1595:4,Manuel Marfán Lewis,"El Consejero señor Manuel Marfán, con respecto a los datos de energía y el comentario del Gerente señor Magendzo en el sentido que éstos siguen contribuyendo negativamente al PIB, consulta si es posible desglosar de los datos cuál es el costo perdido por huelgas, paros y accidentes, que entiende que este año han sido por sobre lo normal, a fin de c",,,
2168,RPM-2008-01-10:1623:1,1623,2008-01-10 00:00:00,Jorge Desormeaux Jiménez,Vicepresidente del Banco Central,SUJETO_ROL_NOMBRE,LISTA_ASISTENCIA,FINAL_SIN_PUNTUACION,RPM-2008-01-10:T15,INICIO_EXPLICITO,,RPM-2008-01-10:1623:1,RPM-2008-01-10:1622:1,Pablo García Silva,"El Gerente de División Estudios señor Pablo García, señala sobre este mismo tema, que donde se produjo la mayor distorsión respecto de los datos fue en los momentos en que la Reserva Federal impulsó fuertemente hacia abajo la tasa Fed Fund, quedando muy por debajo de su tasa de objetivo y esa situación claramente se ha aminorado en estos meses.","El Vicepresidente señor Desormeaux señala que le llama la atención que a pesar de un diagnóstico de una inflación en alza en todas partes del mundo desarrollado, las tasas de interés están más bien bajando. Agrega que este hecho constituye una diferencia bastante grande con respecto a lo que sucede en el mundo emergente donde los movimientos de tas",,RPM-2008-01-10:1623:2,Igal Magendzo Weinberger,"Menciona el señor Magendzo que como forma de prevenir el riesgo que la mayor inflación afecte la formación de expectativas de mediano y largo plazo y se propague hacia otros precios y costos más allá de lo habitual, la política monetaria se ha ajustado, aumentando la Tasa de Política Monetaria en 25 puntos base en los meses de septiembre y diciembr",,,
2218,RPM-2008-02-07:1652:1,1652,2008-02-07 00:00:00,José De Gregorio Rebeco,Presidente del Banco Central,SUJETO_ROL_SESION,LISTA_ASISTENCIA,FINAL_SIN_PUNTUACION,RPM-2008-02-07:T17,INICIO_EXPLICITO,,RPM-2008-02-07:1652:1,RPM-2008-02-07:1651:1,Igal Magendzo Weinberger,"ón anual de la poda de los componentes más volátiles (TMVC) se mantuvo en 3.8%. Por su lado, la inflación anual de servicios subyacentes, que estadísticamente muestra una mayor persistencia que la inflación de bienes subyacente, pasó desde 5,4% a 5,1%. Asimismo, el IPC sin alimentos y energía aumentó 2,9% anual y 3% en el mes de diciembre. interno.",El señor Presidente ofrece la palabra para comentarios sobre el escenario,,RPM-2008-02-07:1652:2,Manuel Marfán Lewis,"En cuanto a mercados financieros, el Consejero señor Manuel Marfán señala que tiene algunas dudas respecto de cuál es la tasa de interés externa relevante que se debe considerar en condiciones atípicas, como las que se han presentado en estos meses, con crisis de liquidez, para efectos de determinar la presión sobre el mercado cambiarlo. Agrega el ",,,
2315,RPM-2008-03-13:1713:3,1713,2008-03-13 00:00:00,Andrés Velasco Brañes,Ministro de Hacienda,SUJETO_ROL_SESION,LISTA_ASISTENCIA,FINAL_SIN_PUNTUACION,RPM-2008-03-13:T46,INICIO_EXPLICITO,,RPM-2008-03-13:1713:3,RPM-2008-03-13:1713:2,Igal Magendzo Weinberger,El Gerente señor Magendzo comenta que efectivamente se está haciendo un esfuerzo.,"En relación a los índices del sector manufacturero y agrícola, el señor Ministro solicita al Presidente la posibilidad de que el staff del Banco confeccione índices de precios al integro del sector manufacturero como del sector agrícola,",,RPM-2008-03-13:1713:4,José De Gregorio Rebeco,a lo que el señor Presidente responde que se verá la factibilidad de integrar dicha petición a la agenda de trabajo del equipo.,,,
2318,RPM-2008-03-13:1714:1,1714,2008-03-13 00:00:00,Sebastián Claro Edwards,Consejero,SUJETO_ROL_NOMBRE,LISTA_ASISTENCIA,FINAL_SIN_PUNTUACION,RPM-2008-03-13:T49,INICIO_EXPLICITO,,RPM-2008-03-13:1714:1,RPM-2008-03-13:1713:5,Igal Magendzo Weinberger,"El Gerente señor Magendzo comenta que se tiene un proyecto que está un poco en esa línea, respecto a precios de productos industriales.","El Consejero señor Sebastián Claro menciona que el Servicio Nacional de Aduanas posee todos los datos de valor unitario,",,RPM-2008-03-13:1714:2,Igal Magendzo Weinberger,"a lo que el señor Magendzo responde que efectivamente es así, pero que son datos que requieren ser organizados y ponderados en forma muy minuciosa, con muchos detalles y aplicando filtros para obtener la información requerida. Comenta asimismo, que resulta más fácil hacer un gráfico producto por producto, ya que existe el valor de exportación de és",,,
2324,RPM-2008-03-13:1718:1,1718,2008-03-13 00:00:00,Jorge Desormeaux Jiménez,Vicepresidente del Banco Central,SUJETO_ROL_NOMBRE,LISTA_ASISTENCIA,FINAL_SIN_PUNTUACION,RPM-2008-03-13:T55,INICIO_EXPLICITO,,RPM-2008-03-13:1718:1,RPM-2008-03-13:1717:1,Manuel Marfán Lewis,"na sin arbitraje. En esta ocasión ha habido arbitraje y ese elemento hace que la información económica y financiera de corto plazo y coyuntural sea mucho más potente. Señala que le hace mucho sentido tomar esta muestra desde diciembre hasta ahora, porque le parece que además es el período donde más se ha acelerado la apreciación del tipo de cambio.","El Vicepresidente señor Jorge Desormeaux comenta que el señor Presidente ha dicho que ese factor relativamente constante a través del tiempo podría tratarse de carry trade. Para ser más explícito, señala que se habría utilizado a Chile como un lugar donde construir posesiones de hedge para la gente que hace carry trade en Brasil, y según la informa",,RPM-2008-03-13:1718:2,Igal Magendzo Weinberger,"a lo que el Gerente señor Magendzo responde que todas las áreas, positivas más negativas.",,,
2333,RPM-2008-03-13:1718:10,1718,2008-03-13 00:00:00,Enrique Marshall Rivera,Consejero,SUJETO_ROL_NOMBRE,LISTA_ASISTENCIA,FINAL_SIN_PUNTUACION,RPM-2008-03-13:T64,INICIO_EXPLICITO,,RPM-2008-03-13:1718:10,RPM-2008-03-13:1718:9,Igal Magendzo Weinberger,"El señor Magendzo indica que se han presentado algunos problemas con la Asociación Chilena de Seguridad porque en cálculos e índices solicitados por el Banco, han mostrado cifras poco claras, y por lo mismo el gráfico de empleos asalariados está con datos inexactos.",El Consejero señor Marshall señala que puede ser efecto de la fiscalización que está aplicando la Dirección del Trabajo,,RPM-2008-03-13:1718:11,Manuel Marfán Lewis,a lo que el Consejero Marfán agrega que efectivamente antes subcontrataban y ahora están obligados a incorporarlos en sus planillas.,,,
2359,RPM-2008-03-13:1731:1,1731,2008-03-13 00:00:00,Enrique Marshall Rivera,Consejero,SUJETO_ROL_NOMBRE,LISTA_ASISTENCIA,FINAL_SIN_PUNTUACION,RPM-2008-03-13:T90,INICIO_EXPLICITO,,RPM-2008-03-13:1731:1,RPM-2008-03-13:1730:1,Sebastián Claro Edwards,"l tipo de cambio. Finalmente, señala que le parece excesivamente riesgoso mantener la tasa y eliminar el sesgo, ya que no cree que exista una mejor perspectiva inflacionaria que la que teníamos hace un mes, y que el costo en credibilidad de equivocarse, anunciando una política monetaria más laxa, puede ser mayor que las ganancias esperadas de ello.","El Consejero señor Enrique Marshall agradece al sta ff el material preparado para esta ocasión. Señala el señor Consejero que los antecedentes del último mes, lejos de clarificar las cosas, han tornado aún más complejo el escenario macro que enfrentamos. En el frente externo, los signos de deterioro se siguen acumulando, pero lo más relevante es qu",,RPM-2008-03-13:1731:2,Manuel Marfán Lewis,"El Consejero señor Manuel Marfán agradece el análisis del staff que en esta ocasión de mayor dificultad para interpretar la coyuntura, ha estado particularmente esclarecedor. Destaca especialmente la Minuta de Opciones que de manera breve ha abordado temas de profundidad y hace suyas la lista de las principales noticias contenidas en esa Minuta par",,,
2366,RPM-2008-03-13:1737:1,1737,2008-03-13 00:00:00,Jorge Desormeaux Jiménez,Vicepresidente del Banco Central,SUJETO_ROL_NOMBRE,LISTA_ASISTENCIA,FINAL_SIN_PUNTUACION,RPM-2008-03-13:T96,INICIO_EXPLICITO,,RPM-2008-03-13:1737:1,RPM-2008-03-13:1736:1,José De Gregorio Rebeco,"el Presidente señor José De Gregorio señala que hay tres votos por mantener la Tasa de Política Monetaria, y consulta al Vicepresidente señor Jorge Desormeaux y al Consejero señor Sebastián Claro si se suman a la votación de la mayoría de los Consejeros, en cuanto a mantener la Tasa de Política Monetaria en 6,25%.","El Vicepresidente señor Jorge Desormeaux señala que se suma a la mayoría antes mencionada,",,RPM-2008-03-13:1737:2,Sebastián Claro Edwards,"y el Consejero señor Sebastián Claro manifiesta que mantiene su votación consistente en subir la Tasa de Política Monetaria a 6,50%.",,,
2456,RPM-2008-05-08:1809:1,1809,2008-05-08 00:00:00,José De Gregorio Rebeco,Presidente del Banco Central,SUJETO_ROL_NOMBRE,LISTA_ASISTENCIA,FINAL_SIN_PUNTUACION,RPM-2008-05-08:T36,INICIO_EXPLICITO,,RPM-2008-05-08:1809:1,RPM-2008-05-08:1808:1,Sebastián Claro Edwards,"e indica que poseen proyecciones de alimentos crecientes y que estos datos no sugieren que se esté en presencia, por lo menos el último mes, de un boom de precios de alimentos, pero sí del petróleo, el cual ha seguido imparable. Asimismo, el señor Consejero consulta de qué forma calza lo anterior con la historia de mayores precios de los alimentos.","El Presidente señor José De Gregario comenta sobre este último tema que esto podría deberse a que aparentemente en Europa, Estados Unidos de América y en otros países el traspaso ha tenido mayor rezago, lo que sería coherente con el tema de la frecuencia cambio/precio, que en Europa es bastante menor que la que existe en Chile. Comenta que es proba",,RPM-2008-05-08:1809:2,Pablo García Silva,"El Gerente de División Estudios, señor Pablo García comenta que el Banco va a ener información más detallada de esta materia porque se está a punto de obtener una base de datos bien precisa, respecto a las canastas de consumo en un conjunto de países. Por lo tanto, con esta base se podrá comparar la evolución de precios de alimentos en forma detall",,,
2464,RPM-2008-05-08:1815:1,1815,2008-05-08 00:00:00,Jorge Desormeaux Jiménez,Vicepresidente del Banco Central,SUJETO_ROL_SESION,LISTA_ASISTENCIA,FINAL_SIN_PUNTUACION,RPM-2008-05-08:T44,INICIO_EXPLICITO,,RPM-2008-05-08:1815:1,RPM-2008-05-08:1814:1,María Olivia Recart Herrera,"un boom de un periodo más largo y sostenido. Comenta además que el tema del traspaso de los precios es más difícil porque Chile es comprador de granos y en el tema de la compra se tiende a exceder los límites, lo que produce un período de rezago de transferencia de precios un poco más largo de lo que se podría desear, porque los stocks están altos.","El señor Vicepresidente señala que respecto a una observación que planteara anteriormente el Consejero Manuel Marfán, hay un aspecto que no mencionó y que se refiere a que la demanda por commodities, que tiene origen financiero, no es tan volátil como parece, ya que tras ella hay un fuerte componente de fondos de inversión de países que tienen que ",,RPM-2008-05-08:1815:2,Sergio Lehmann Beresi,"El Gerente señor Sergio Lehman informa finalmente que el precio del cobre se ha mantenido relativamente estable, los inventarios sigue n a nivel históricamente bajos, el precio del petróleo y gasolina ha tendido a aumentar, no obstante la apreciación del dóla r. Informa también que respe cto a granos se observa una caída importante en el prec io de",,,
2521,RPM-2008-06-10:1857:1,1857,2008-06-10 00:00:00,Manuel Marfán Lewis,Consejero,SUJETO_ROL_NOMBRE,LISTA_ASISTENCIA,FINAL_SIN_PUNTUACION,RPM-2008-06-10:T7,INICIO_EXPLICITO,,RPM-2008-06-10:1857:1,RPM-2008-06-10:1856:1,Sergio Lehmann Beresi,"n respecto a la inflación para toda la Zona Euro. Agrega que el ¡PC también ha mostrado una tendencia al alza, no obstante el IPC Cote en el margen tiende a caer, las presiones inflacionarias continúan latentes, presentes , y podrian, ya sea porque el IPP está aumentando por las presiones que se señalaba, mostrar un IPC más alto los próximos meses.","El Consejero señor Manuel Marfán consulta si el ¡PC Care en la Zona Euro excluye energía y alimentos al igual que en Estados Unidos de América,",,RPM-2008-06-10:1857:2,Sergio Lehmann Beresi,a lo que el señor Lehmann responde afirmativamente.,,,
2523,RPM-2008-06-10:1858:1,1858,2008-06-10 00:00:00,José De Gregorio Rebeco,Presidente del Banco Central,SUJETO_ROL_NOMBRE,LISTA_ASISTENCIA,FINAL_SIN_PUNTUACION,RPM-2008-06-10:T9,INICIO_EXPLICITO,,RPM-2008-06-10:1858:1,RPM-2008-06-10:1857:2,Sergio Lehmann Beresi,a lo que el señor Lehmann responde afirmativamente.,"El Presidente don José De Gregario menciona que el efecto comparación siempre es complicado puesto que no hay una medida homogénea y todos los bancos de inversión y el Fondo Monetario Internacional ponen ¡PC e ¡PC Care, y el¡PC Core que toman es derechamente el que indican las autoridades. Por ejemplo, comenta que en el caso del ¡PC Core, siempre q",,RPM-2008-06-10:1858:2,Sergio Lehmann Beresi,"Continuando con la presentación del escenario internacional, el señor Sergio Lehmann indica que en Japón la tendencia es a mayores niveles de inflación en el margen, a pesar de observarse una ligera caída por razones coyunturales, pero claramente en el caso de esta economía también se han observado mayores presiones de inflación. Indica el señor Ge",,,
2542,RPM-2008-06-10:1868:2,1868,2008-06-10 00:00:00,Sergio Lehmann Beresi,Gerente de Análisis Internacional,SUJETO_NOMBRE,LISTA_ASISTENCIA,FINAL_SIN_PUNTUACION,RPM-2008-06-10:T28,INICIO_EXPLICITO,,RPM-2008-06-10:1868:2,RPM-2008-06-10:1868:1,Sebastián Claro Edwards,El Consejero señor Sebastián Claro indica que lo que se ha visto en los últimos meses es un aumento fuerte en la oferta y una disminución en la demanda.,"El señor Lehmann comenta que el aumento que se observa en la oferta y que es importante, ha sido a costa de holguras de capacidad que tenía la OPEP. Señala que hoy día todos los indicadores dan cuenta que la capacidad de aumento de producción de la OPEP está prácticamente agotada. Por tanto, la posibilidad de seguir aumentando estas tasas durante l",,RPM-2008-06-10:1868:3,Jorge Desormeaux Jiménez,"El Vicepresidente señor Jorge Desormeaux señala que se podría decir que la situación de subsidio a los combustibles en muchos de estos países emergentes está comenzando a modificarse, en el sentido que se están reduciendo por su enorme impacto fiscal. Indica que por ello se va a comenzar a ver un crecimiento distinto en el consumo de los países eme",,,
2603,RPM-2008-06-10:1901:2,1901,2008-06-10 00:00:00,Consejo del Banco Central de Chile,Consejo,ACTA/META,ACTA_INSTITUCIONAL,FINAL_SIN_PUNTUACION,RPM-2008-06-10:T89,INSTITUCIONAL,,,RPM-2008-06-10:1901:1,José De Gregorio Rebeco,"El Presidente, señor José De Gregorio, suspende la Sesión a las 13:50 horas e informa que la misma se reanudará a las 16:00 horas.","Siendo las 16:00 horas, se reanuda la Sesión de Política Monetaria N °124,",,RPM-2008-06-10:1901:3,José De Gregorio Rebeco,El Presidente señor José De Gregorio ofrece la palabra al Gerente de División Estudios señor Pablo García a fin que presente las Opciones de Política Monetaria para esta Reunión.,,,
2607,RPM-2008-06-10:1904:1,1904,2008-06-10 00:00:00,Beltrán de Ramón Acevedo,Gerente de División Operaciones Financieras,SUJETO_ROL_NOMBRE,LISTA_ASISTENCIA,FINAL_SIN_PUNTUACION,RPM-2008-06-10:T93,INICIO_EXPLICITO,,RPM-2008-06-10:1904:1,RPM-2008-06-10:1903:1,José De Gregorio Rebeco,El señor Presidente agradece la presentación realizada por el Gerente de División Estudios señor Pablo García y ofrece la palabra a los asistentes para comentarios.,"El Gerente de Mercados Financieros Nacionales señor Beltrán De Ramón manifiesta que desde la Reunión de Política Monetaria anterior, se han tenido las siguientes noticias inesperadas que han cambiado el panorama inflacionario que se enfrenta: a) La inflación proyectada por el Banco Central de Chile a diciembre pasó de 4,7% (IPoM) a 6,2% (Reunión de",,RPM-2008-06-10:1904:2,Kevin Cowan Logan,"El Gerente de División Política l\/lonetaria señor Kevin Cowan señala que cree que las principales noticias desde la última Reunión de Política Monetaria son tres. En primer lugar, shocks a niveles de precios con potenciales impactos de segunda vuelta sobre la inflación, en particular el alza significativa que se ha observado en el precio internaci",,,
2630,RPM-2008-07-10:1923:1,1923,2008-07-10 00:00:00,José De Gregorio Rebeco,Presidente del Banco Central,SUJETO_ROL_NOMBRE,LISTA_ASISTENCIA,FINAL_SIN_PUNTUACION,RPM-2008-07-10:T12,INICIO_EXPLICITO,,RPM-2008-07-10:1923:1,RPM-2008-07-10:1922:1,Andrés Velasco Brañes,"ahí y que la gran diferencia que emerge de Chile con el resto de los países, es el precio de la luz. La energía, pero en el sentido más estrecho, no combustible porque es de todos sabido que eso es mucho más transable. Señala que se sabe además, que muchos de nuestros vecinos no han movido un centavo en moneda local los precios de los combustibles.",El Presidente don José De Gregorio comenta que en Brasil cayó el precio de la energía,,RPM-2008-07-10:1923:2,Andrés Velasco Brañes,"y el señor Ministro de Hacienda agrega que en México y Perú los precios de ios combustibles están fijos en moneda local, pero que, sin embargo, la electricidad en Chile ha subido dos, tres o cuatro veces el incremento que ha experimentado en otros países.",,,
2735,RPM-2008-08-14:1994:2,1994,2008-08-14 00:00:00,Sergio Lehmann Beresi,Gerente de Análisis Internacional,SUJETO_ROL_NOMBRE,LISTA_ASISTENCIA,FINAL_SIN_PUNTUACION,RPM-2008-08-14:T21,INICIO_EXPLICITO,,RPM-2008-08-14:1994:2,RPM-2008-08-14:1994:1,José De Gregorio Rebeco,"El Presidente señor De Gregorio agrega que frente a la perspectiva de tasas, el ECB ablandó su posición.","El Gerente señor Sergio Lehmann señala que la gráfica muestra la misma pregunta, qué hay detrás de esto. Indica que claramente los créditos o los estándares de créditos en Europa se han deteriorado, lo que probablemente no está anticipado y ocurre tanto para empresas como para consumidores. Respecto a Japón, menciona que los indicadores dan cuenta ",,RPM-2008-08-14:1994:3,Sebastián Claro Edwards,"El Consejero señor Sebastián Claro comenta que no le convence cómo mirar la situación en Estados Unidos de América. Por un lado, no tiene claro si la perspectiva a dos años es un poco mejor o un poco peor. Señala que lo que se deduce de esa “tendencia” en las compensaciones inflacionarias, es que efectivamente esta menor inflación esperada, viene p",,,
2749,RPM-2008-08-14:2003:1,2003,2008-08-14 00:00:00,Pablo García Silva,Gerente de División Estudios,SUJETO_ROL_NOMBRE,LISTA_ASISTENCIA,FINAL_SIN_PUNTUACION,RPM-2008-08-14:T35,INICIO_EXPLICITO,,RPM-2008-08-14:2003:1,RPM-2008-08-14:2002:1,Sebastián Claro Edwards," observa hoy día. Señala que al final se aprecia una historia dual en este caso, que es asociar la evolución del precio del petróleo con las expectativas de lo que está pasando en Europa y Estados Unidos de América. Señala que esa es una historia y lo otro, es el desarme de estas posiciones. Indica que la relación causa-efecto queda bastante débil.","El Gerente de la División Estudios señor Pablo García estima que no se está ratando de argumentar un efecto causal, pero lo que sí cierto es que estos dos fenó menos pueden estar ocurriendo de manera simultánea , en cambio, la expectativa hace cambiar posiciones y hace cambiar precios. ./ -",,RPM-2008-08-14:2003:2,Sergio Lehmann Beresi,"El Gerente señor Sergio Lehmann continúa su exposición indicando que respecto a cuáles son las perspectivas para los precios del petróleo y la gasolina, es habitual que se obtenga a partir de los futuros, y como se ve en la gráfica, están claramente por debajo de lo que se estaba viendo en el mes de julio. Indica que lo anterior podría estar pintad",,,
2840,RPM-2008-09-04:2064:1,2064,2008-09-04 00:00:00,Claudio Soto Gamboa,Gerente de Análisis Macroeconómico,SUJETO_NOMBRE,LISTA_ASISTENCIA,FINAL_SIN_PUNTUACION,RPM-2008-09-04:T29,INICIO_EXPLICITO,,RPM-2008-09-04:2064:1,RPM-2008-09-04:2063:1,Enrique Marshall Rivera,"El Consejero señor Enrique Marshall señala que, en su opinión, el ajuste monetario no debiera afectar a los proyectos mineros ni a los energéticos.","El señor Claudio Soto, sobre el particular, señala que ello es efectivo y por tal motivo la tasa de inversión para el próximo año se mantiene en los niveles actuales. Es decir, la proyección como fracción del PIB se ajusta marginalmente respecto a este año y la tasa de crecimiento cae por un efecto base importante. 4",,RPM-2008-09-04:2064:2,Pablo García Silva,"El Gerente de División Estudios señor Pablo García, en relación a la descomposición sectorial, coment a que es interesante observar las fuentes de este fenómeno puesto que si se observa el catastro, los proyectos hacia futuro son básicamente de gran magnitud y no incluyen proyectos menores . Por lo tanto , indica que tienen un sesgo natural hacia l",,,
2911,RPM-2008-10-09:2112:3,2112,2008-10-09 00:00:00,Consejo del Banco Central de Chile,Consejo,ACTA/META,ACTA_INSTITUCIONAL,FINAL_SIN_PUNTUACION,RPM-2008-10-09:T27,INSTITUCIONAL,,,RPM-2008-10-09:2112:2,Felipe Jaque,"a presentación es perfilar lo que sería un escenario de recesión, considerando las velocidades del PIB para la segunda mitad del 2008 y para la primera mitad del 2009. Finalmente, indica el señor Jaque que todo lo anterior configura un precio del petróleo, convergiendo bastante rápido hacia los 80 dólares y un precio del cobre también convergiendo.","Siendo las 16;00 horas, se reanuda la Sesión de Política Monetaria N° 129,",,RPM-2008-10-09:2112:4,José De Gregorio Rebeco,"El Presidente señor José De Gregorio fija la Reunión de Política Monetaria del mes de abril de 2009, para el día jueves 9. Posteriormente, ofrece la palabra al Gerente de División Estudios señor Pablo García para que presente las Opciones de Política Monetaria para esta Reunión.",,,
2922,RPM-2008-10-09:2121:1,2121,2008-10-09 00:00:00,José De Gregorio Rebeco,Presidente del Banco Central,SUJETO_ROL_SESION,LISTA_ASISTENCIA,FINAL_SIN_PUNTUACION,RPM-2008-10-09:T38,INICIO_EXPLICITO,,RPM-2008-10-09:2121:1,RPM-2008-10-09:2120:1,Andrés Velasco Brañes,"ue si la tasa de inflación en el futuro tiene un desarrollo que no es el deseado, la política monetaria actuará de modo acorde, porque corresponde a la esencia del Banco dado el comportamiento que ha tenido durante un período prolongado. Por consiguiente, su recomendación es la de mantener la tasa, cambiando el sesgo hacia la neutralidad. votación.",El Presidente ofrece la palabra a los señores Consejeros para proceder a la,,RPM-2008-10-09:2121:2,Sebastián Claro Edwards,"El Consejero señor Sebastián Claro manifiesta que la decisión de hoy es altamente compleja. Señala que está demás enumerar las dificultades por las cuales atraviesa la economía mundial y la alta volatilidad de los mercados, pero evidentemente representan la noticia más importante desde el último IPoM. Indica que la decisión de hoy debe, como siempr",,,
2928,RPM-2008-10-09:2126:1,2126,2008-10-09 00:00:00,Sebastián Claro Edwards,Consejero,ROL+NOMBRE,LISTA_ASISTENCIA,ATRIBUCION_HEURISTICA_LEGADA;PASAJES_CONJUNTOS_POR_DELIMITAR,RPM-2008-10-09:T44,SIN_CONTINUIDAD_CONFIRMADA,,,RPM-2008-10-09:2125:1,José De Gregorio Rebeco,"difícil que este escenario se materialice. En mérito de lo expuesto, el Presidente señor José De Gregorio vota por mantener la Tasa de Política Monetaria en 8,25% anual. Como consecuencia del resultado de la votación, el señor Presidente consulta al señor Vicepresidente y al Consejero señor Claro si se suman al voto de la mayoría de los Consejeros.",El señor Vicepresidente y el Consejero señor Claro señalan que se suman a la votación de la mayoría.,,RPM-2008-10-09:2127:1,Consejo del Banco Central de Chile,"En mérito de lo anterior, el Consejo adopta el siguiente Acuerdo: 129-01-081009-T a s a de Política Monetaria. En su reunión mensual de política monetaria, el Consejo del Banco Central de Chile, acordó mantener la tasa de interés de Política Monetaria en 8,25% anual. Comunicado “En su reunión mensual de política monetaria, el Consejo del Banco Cent",,,
2977,RPM-2008-11-13:2166:1,2166,2008-11-13 00:00:00,José De Gregorio Rebeco,Presidente del Banco Central,SUJETO_ROL_SESION,LISTA_ASISTENCIA,FINAL_SIN_PUNTUACION,RPM-2008-11-13:T47,INICIO_EXPLICITO,,RPM-2008-11-13:2166:1,RPM-2008-11-13:2165:1,Andrés Velasco Brañes," llegado, pero con la información disponible hoy se atrevería a asegurar que ese cuándo es más temprano que tarde y, por lo tanto, compartiendo la opción que la Gerencia de División Estudios plantea en esta ocasión, sospecha que en un mes más se estará discutiendo la magnitud de la baja de tasa que sea aconsejable efectuar en esa ocasión. votación.",El Presidente ofrece la palabra a los señores Consejeros para proceder a la,,RPM-2008-11-13:2166:2,Sebastián Claro Edwards,"El Consejero señor Sebastián Claro manifiesta que la información recabada el último mes da cuenta de varios fenómenos que afectan la decisión de esta Reunión, En primer lugar, señala que el dato negativo de inflación del mes de octubre confirma que la inflación sigue siendo el principal problema que actualmente enfrenta la economía chilena. Indica ",,,
3020,RPM-2008-12-11:2198:1,2198,2008-12-11 00:00:00,Sergio Lehmann Beresi,Gerente de Análisis Internacional,SUJETO_NOMBRE,LISTA_ASISTENCIA,FINAL_SIN_PUNTUACION,RPM-2008-12-11:T32,INICIO_EXPLICITO,,RPM-2008-12-11:2198:1,RPM-2008-12-11:2197:1,José De Gregorio Rebeco,"El Presidente señor José De Gregorio, comenta que le parece conveniente aclarar que el Baltic Dray Index constituye un índice promedio de costos de fletes marítimos y que ellos cotizan diariamente distintos fletes, los ponderan y construyen el indicador que es uno de los dos o tres índices más importantes sobre la materia.","El señor Sergio Lehmann señala que en términos de inflación ha habido retrocesos importantes de ésta en las economías desarrolladas. Menciona que en Estados Unidos de América y en la Zona Euro, inflaciones headline e inflaciones core están cayendo, indica que lo mismo está sucediendo en Japón y el Reino Unido, Agrega, que esta situación sin embargo",,RPM-2008-12-11:2198:2,José De Gregorio Rebeco,El Presidente señor José De Gregorio agradece la exposición del señor Sergio Lehmann respecto al escenario internacional y ofrece la palabra para consultas o comentarios.,,,
3066,RPM-2008-12-11:2228:1,2228,2008-12-11 00:00:00,Andrés Velasco Brañes,Ministro de Hacienda,SUJETO_ROL_SESION,LISTA_ASISTENCIA,POSIBLE_OTRO_HABLANTE_O_MENCION,RPM-2008-12-11:T76,INICIO_EXPLICITO,,RPM-2008-12-11:2228:1,RPM-2008-12-11:2227:4,Pablo García Silva,"smo tema, señala que precisamente por esa razón es que en las economías desarrolladas, a pesar de la magnitud del crédit crunch, los datos de los créditos se han demorado en reflejar una contracción, mostrando por una parte que los bancos quieren restringir sus operaciones, pero por otro lado, los clientes quieren acceder a un mayor financiamiento.","El señor Ministro de Hacienda señala que de los tres aspectos que ha mencionado el señor Presidente, le parece que hay uno de ellos que es fácil de confirmar porque se conoce cuál es la composición y cuáles son sus agregados. Se conoce cuánto se ha depreciado nominalmente el peso y por lo tanto, ese cálculo se puede efectuar. Agrega que en el Minis","El señor Ministro de Hacienda señala que de los tres aspectos que ha mencionado el señor Presidente, le parece que hay uno de ellos que es fácil de confirmar porque se conoce cuál es la composición y cuáles son sus agregados. ",RPM-2008-12-11:2229:1,Enrique Marshall Rivera,"El Consejero señor Enrique Marshall señala que se podría hacer el análisis de la moneda en la cual la operación se realiza, ya que las operaciones de comercio exterior deberían observarse en dólares y después surge el tema de la valoración, porque se comienza a traspasar los pesos nominales para sumarlos y luego se reajustan por IPC, y agrega que a",MENCION_LEGITIMA_REVISADA,MEN-20260907-2228,"POSIBLE_OTRO_HABLANTE_O_MENCION: Velasco responde sobre los tres aspectos mencionados por el Presidente y expone el cálculo y una posible distinción por plazo. El Presidente es un referente del argumento, no un hablante que interrumpe. Sólo se adjudica este aviso de mención; las alertas automáticas y otros motivos se conservan. Lectura del consolidado con extractos contiguos; sin cotejo PDF ni revisión humana independiente."
3157,RPM-2009-01-08:2293:1,2293,2009-01-08 00:00:00,José De Gregorio Rebeco,Presidente del Banco Central,SUJETO_ROL_SESION,LISTA_ASISTENCIA,FINAL_SIN_PUNTUACION,RPM-2009-01-08:T57,INICIO_EXPLICITO,,RPM-2009-01-08:2293:1,RPM-2009-01-08:2292:1,Andrés Velasco Brañes,"sas y por los argumentos que se han señalado en oportunidades anteriores y, considerando el riesgo de equivocarse en una dirección y los costos potenciales que ello implica, considera que lo más aconsejable en esta oportunidad, es una inyección o un impulso monetario mayor, atendido lo que ha ocurrido durante el transcurso del último mes. votación.",El Presidente ofrece la palabra a los señores Consejeros para proceder a la,,RPM-2009-01-08:2293:2,Sebastián Claro Edwards,"El Consejero señor Sebastián Claro señala que la evidencia acumulada sobre la economía internacional, los datos de actividad domestica y las perspectivas de inflación a corto y mediano plazo, confirman un escenario en el que se requiere un cambio en la Tasa de Política Monetaria. Manifiesta el Consejero señor Claro que se ha consolidado una marcada",,,
3178,RPM-2009-02-12:2312:1,2312,2009-02-12 00:00:00,Manuel Marfán Lewis,Consejero,SUJETO_ROL_NOMBRE,LISTA_ASISTENCIA,FINAL_SIN_PUNTUACION,RPM-2009-02-12:T12,INICIO_EXPLICITO,,RPM-2009-02-12:2312:1,RPM-2009-02-12:2311:1,Sergio Lehmann Beresi,"licar las razones por las cuales en el caso de los países asiáticos las caídas son mucho más significativas y con ello, la gravedad de la crisis que les afecta, por cuanto se relaciona fundamentalmente con bienes durables o bienes de capital, cuya venta está asociada a financiamientos, que es precisamente el centro de mayor tensión de los mercados.","El Consejero señor Manuel Marfán señala que, en su opinión, tanto Corea como Japón se vinculan con China en el tema de producción de bienes, por lo que sería conveniente analizar también la composición del comercio exterior de China, ya que con ello se podrían explicar las razones por las cuales ese último país presenta un enorme superávit y en cam",,RPM-2009-02-12:2312:2,Pablo García Silva,"El Gerente de División Estudios señor Pablo García expone que, en su opinión, no se trata de un problema de que cada país tenga un menor crecimiento, sino que existe una contracción adicional en el comercio internacional que se debería básicamente a que esos bienes intermedios son a su vez bienes transables internacionalmente.",,,
3196,RPM-2009-02-12:2324:1,2324,2009-02-12 00:00:00,Jorge Desormeaux Jiménez,Vicepresidente del Banco Central,SUJETO_ROL_NOMBRE,LISTA_ASISTENCIA,FINAL_SIN_PUNTUACION,RPM-2009-02-12:T30,INICIO_EXPLICITO,,RPM-2009-02-12:2324:1,RPM-2009-02-12:2323:1,Kevin Cowan Logan,"portante de nuestro comercio exterior con China deriva a Estados Unidos de América o a Europa, agrega que considerando los gráficos presentados el deterioro del PIB mundial es aún mayor, por lo que podría estarse subestimando el efecto de la demanda externa por el hecho de que en parte importante de nuestras exportaciones no incide el PIB de China.","El Vicepresidente señor Jorge Desormeaux, en cuanto al comentario anterior, estima que no necesariamente ello ocurre por cuanto China podría adoptar medidas para activar la demanda interna o considerar otros planes de reactivación, tales como, urbanizaciones que requieren tendidos eléctricos que utilicen cobre, lo que incide en su demanda interna d",,RPM-2009-02-12:2324:2,José De Gregorio Rebeco,El Presidente señor José De Gregorio indica que la caída del PIB de los socios comerciales es similar considerando la magnitud de las mismas.,,,
3198,RPM-2009-02-12:2325:1,2325,2009-02-12 00:00:00,Pablo García Silva,Gerente de División Estudios,SUJETO_ROL_NOMBRE,LISTA_ASISTENCIA,POSIBLE_OTRO_HABLANTE_O_MENCION,RPM-2009-02-12:T32,INICIO_EXPLICITO,,RPM-2009-02-12:2325:1,RPM-2009-02-12:2324:2,José De Gregorio Rebeco,El Presidente señor José De Gregorio indica que la caída del PIB de los socios comerciales es similar considerando la magnitud de las mismas.,"El Gerente de División Estudios señor Pablo García destaca que el tema interbancario que fue clave en el cuarto trimestre del año pasado, ahora no sigue siendo prioritario, ya que el sistema bancario opera bajo el control de las autoridades reguladoras y las medidas de apoyo financiero de corto plazo han mitigado los riesgos. En materia de estreche","En cuanto al tema del endeudamiento a que se refirió la señora Ministra de Hacienda Subrogante, estima que se encuentra vinculado al tipo de cambio, así en el caso de México y en lo relativo al petróleo el problema de financiamiento se presentaría el próximo año, mientras que en Chile no existe una necesidad de endeudamiento por parte del Fisco, lo que explicaría la política de intervención en el caso de México para evitar mayores depreciaciones en su moneda.",RPM-2009-02-12:2326:1,Manuel Marfán Lewis,"El Consejero señor Manuel Marfán manifiesta primeramente, que el escenario del IPoM del mes de enero de 2009 quedó atrasado y que las opciones del escenario internacional se encuentran más abiertas, lo que hace necesario contar con escenarios alternativos más extremos. Asimismo, agrega que las economías siempre pueden tener alguna morigeración de l",MENCION_LEGITIMA_REVISADA,MEN-20260908-2325,"POSIBLE_OTRO_HABLANTE_O_MENCION: García explica estrechez crediticia y endeudamiento. En cuanto al tema del endeudamiento a que se refirió la señora Ministra de Hacienda Subrogante es una referencia retrospectiva dentro de su explicación, no una intervención actual de Recart. El predicado estima corresponde a García. Se reúne su explicación y se conserva el aviso automático como mención documentada. Sólo se adjudica este aviso de mención; las alertas automáticas y otros motivos se conservan. Lectura del consolidado y contexto contiguo; sin cotejo PDF ni revisión humana independiente."
3280,RPM-2009-03-12:2392:1,2392,2009-03-12 00:00:00,Jorge Desormeaux Jiménez,Vicepresidente del Banco Central,SUJETO_ROL_SESION,LISTA_ASISTENCIA,FINAL_SIN_PUNTUACION,RPM-2009-03-12:T14,INICIO_EXPLICITO,,RPM-2009-03-12:2392:1,RPM-2009-03-12:2391:1,Sergio Lehmann Beresi,"El Gerente de Análisis Internacional indica que es de hace un mes atrás, y es lo que se conoció cuando hizo su actualización de proyecciones el Fondo Monetario Internacional hace un mes atrás, a principios de febrero, poco después del IPoM del Banco Central de Chile.","El señor Vicepresidente consulta si no se cuenta con datos más recientes que los que se han filtrado,",,RPM-2009-03-12:2392:2,Sergio Lehmann Beresi,"y el señor Sergio Lehmann informa que menos 0,5 de crecimiento es la cifra que se dio a conocer formalmente.",,,
3292,RPM-2009-03-12:2397:1,2397,2009-03-12 00:00:00,Sebastián Claro Edwards,Consejero,SUJETO_ROL_NOMBRE,LISTA_ASISTENCIA,POSIBLE_OTRO_HABLANTE_O_MENCION,RPM-2009-03-12:T26,INICIO_EXPLICITO,,RPM-2009-03-12:2397:1,RPM-2009-03-12:2396:4,Sergio Lehmann Beresi,"a corrección es hacia la baja, a propósito justamente de lo que está pasando en los futuros y la percepción de una menor demanda durante el año, en coherencia con las revisiones hacia la baja en las proyecciones de crecimiento. Agrega que la gasolina también se corrige a la baja y en el resto de los commodities no hay cambios demasiado importantes.","El Consejero señor Sebastián Claro hace un comentario al revisar algunas láminas anteriores, respecto de la exposición del Gerente de Análisis Internacional, señor Sergio Lehmann. Dicho pensamiento dice relación con la deflación que aparece como el escenario más probable en las economías desarrolladas, lo que le parece bastante preocupante tal cual","Por tanto, la pregunta que le surge es si ese escenario, cuando se refiere a deflación, es una cosa puntual de unas inflaciones anualizadas negativas, o si ese escenario de crecim iento mundial que planteaba el Gerente de Análisis Internacional, considera que efectivamente hay un movimiento hacia la baja en la inflación sostenida de tasas reales altas, y que por lo tanto se está entrando en una cuestión bastante más complicada que es que la inflación llegue en un par de meses a valores negativos. ",RPM-2009-03-12:2398:1,Sergio Lehmann Beresi,"El Gerente de Análisis Internacional señor Sergio Lehmann menciona que Simplemente sugiere o muestra lo que se lee de Consensus Forecasts y de algunos bancos de inversión que plantean ese escenario como escenario base y agrega, que está de acuerdo en que en realidad es posible que los datos en el margen puedan estar dando cuenta de algo distinto. D",,,
3336,RPM-2009-03-12:2430:1,2430,2009-03-12 00:00:00,Beltrán de Ramón Acevedo,Gerente de División Operaciones Financieras,SUJETO_ROL_NOMBRE,LISTA_ASISTENCIA,POSIBLE_OTRO_HABLANTE_O_MENCION,RPM-2009-03-12:T67,INICIO_EXPLICITO,,RPM-2009-03-12:2430:1,RPM-2009-03-12:2429:1,José De Gregorio Rebeco,El Presidente señor José De Gregorio agradece la presentación realizada por el Gerente de División Estudios señor Pablo García y ofrece la palabra a los asistentes para comentarios.,"El Gerente de División Operaciones Financieras señor Beltrán De Ramón señala, que del análisis efectuado en la Reunión de esta mañana, se presentan tres hechos, que a su juicio son relevantes y que todos ellos afectan las perspectivas de inflación futura. Señala que el primero, se refiere a un panorama internacional que está aún más deteriorado en ","Sobre este aspecto, comenta que naturalmente al ser Chile una economía tan abierta, es difícil pensar que ya no se recibirán más coletazos del deterioro internacional y, por tanto, ampliaciones de la brecha, adicionales a las que ya comentó el Gerente de División Estudios, no se pueden descartar. ",RPM-2009-03-12:2431:1,Beltrán de Ramón Acevedo,"El Gerente de División Operaciones Financieras señor Beltrán De Ramón hace presente, que con los antecedentes disponibles y las sombrías perspectivas futuras, su recomendación al Consejo es bajar la Tasa de Política Monetaria en 250 puntos base, manteniendo el sesgo bajista. En otras palabras, estima adecuado dejar la Tasa de Política Monetaria en ",,,
3340,RPM-2009-03-12:2434:1,2434,2009-03-12 00:00:00,José De Gregorio Rebeco,Presidente del Banco Central,SUJETO_ROL_SESION,LISTA_ASISTENCIA,FINAL_SIN_PUNTUACION,RPM-2009-03-12:T71,INICIO_EXPLICITO,,RPM-2009-03-12:2434:1,RPM-2009-03-12:2433:1,Andrés Velasco Brañes,"de cambios importantes en la Tasa de Política Monetaria a futuro, indudablemente no tan grandes como los del mes pasado y este mes, pero que dado el grado de incertidumbre y el grado de velocidad del deterioro de la economía internacional y nacional, estima que no sería adecuado cerrar opciones que puedan ser necesarias en el corto plazo. votación.",El Presidente ofrece la palabra a los señores Consejeros para proceder a la,,RPM-2009-03-12:2434:2,Sebastián Claro Edwards,"El Consejero señor Sebastián Claro comenta que las noticias internas están en linea con la tendencia destacada y discutida en la última Reunión de Política Monetaria. Indica que la actividad continúa baja sin mayores signos de recuperación, aunque existen ciertos indicios que la desaceleración no se habría profundizado, y que la inflación se mantie",,,
3367,RPM-2009-04-09:2443:3,2443,2009-04-09 00:00:00,José De Gregorio Rebeco,Presidente del Banco Central,SUJETO_ROL_SESION,LISTA_ASISTENCIA,FINAL_SIN_PUNTUACION,RPM-2009-04-09:T20,INICIO_EXPLICITO,,RPM-2009-04-09:2443:3,RPM-2009-04-09:2443:2,Sergio Lehmann Beresi,"l caso de las economías desarrolladas, el Fondo está dando cuenta de que existe una contracción algo más importante. Por otra parte, hacia el año 2010, agrega, la proyección del Fondo es ligeramente más optimista para el crecimiento global, pero para las economías desarrolladas está básicamente en línea con un crecimiento en torno o cercano a cero.","Respecto a la misma materia, el señor Presidente señala que le llama la atención que en el cuadro que se presenta, Consensus todavía presenta signo positivo para América Latina",,RPM-2009-04-09:2443:4,Andrés Velasco Brañes,"Por su parte, el Ministro de Hacienda señor Andrés Velasco consulta cómo pondera Consensus al interior de América Latina.",,,
3369,RPM-2009-04-09:2443:5,2443,2009-04-09 00:00:00,José De Gregorio Rebeco,Presidente del Banco Central,SUJETO_ROL_SESION,LISTA_ASISTENCIA,FINAL_SIN_PUNTUACION,RPM-2009-04-09:T22,INICIO_EXPLICITO,,RPM-2009-04-09:2443:5,RPM-2009-04-09:2443:4,Andrés Velasco Brañes,"Por su parte, el Ministro de Hacienda señor Andrés Velasco consulta cómo pondera Consensus al interior de América Latina.","Al respecto, el señor Presidente indica que Consensus considera precio de mercado",,RPM-2009-04-09:2443:6,Sergio Lehmann Beresi,y el señor Lehmann complementa que en la gráfica que se presenta en esta Reunión es a PPP.,,,
3376,RPM-2009-04-09:2443:12,2443,2009-04-09 00:00:00,Sergio Lehmann Beresi,Gerente de Análisis Internacional,SUJETO_ROL_SESION,LISTA_ASISTENCIA,FINAL_SIN_PUNTUACION,RPM-2009-04-09:T29,INICIO_EXPLICITO,,RPM-2009-04-09:2443:12,RPM-2009-04-09:2443:11,Andrés Velasco Brañes,"ero a abril de este año, se haya producido una caída de 2,5 puntos en el crecimiento estimado de los socios comerciales. En su opinión, lo expuesto representa un cambio absolutamente brutal y constituye un dato que derecha y directamente es relevante para nuestro país. Indica que no recuerda una caída tan grande en un intervalo tan corto de tiempo.","Continuando con su exposición, el señor Gerente de Análisis Internacional señala que, en materia de inflación las expectativas también se han ajustado a la baja. En tal sentido, en las economías desarrolladas se ha afirmado la perspectiva de un escenario deflacionario, sin perjuicio que, en algún momento, tal vez hubo algunas dudas ante inflaciones",,RPM-2009-04-09:2443:13,José De Gregorio Rebeco,"Al respecto, el Presidente señor José De Gregorio también expresa sus dudas. Señala que el grueso de los países está con metas en torno a 4,5%, salvo Chile que ha caído fuerte Hace presente que le llama la atención la tan poca variabilidad que ha habido en América Latina.",,,
3475,RPM-2009-04-09:2489:4,2489,2009-04-09 00:00:00,Consejo del Banco Central de Chile,Consejo,ACTA/META,ACTA_INSTITUCIONAL,FINAL_SIN_PUNTUACION,RPM-2009-04-09:T127,INSTITUCIONAL,,,RPM-2009-04-09:2489:3,José De Gregorio Rebeco,"Siendo las 13:40 horas, el Presidente señor José De Gregorio pone término a la sesión de la mañana de la Reunión de Política Monetaria y comunica que la parte de la tarde se reanuda a las 16:00 horas.","N° 137, Siendo las 16:00 horas, se reanuda la Sesión de Política Monetaria",,RPM-2009-04-09:2489:5,José De Gregorio Rebeco,"El Presidente señor José De Gregorio fija la Reunión de Política Monetaria del mes de octubre de 2009, para el día 13 de dicho mes.",,,
3516,RPM-2009-05-07:2517:1,2517,2009-05-07 00:00:00,José De Gregorio Rebeco,Presidente del Banco Central,SUJETO_ROL_NOMBRE,LISTA_ASISTENCIA,FINAL_SIN_PUNTUACION,RPM-2009-05-07:T22,INICIO_EXPLICITO,,RPM-2009-05-07:2517:1,RPM-2009-05-07:2516:2,Sergio Lehmann Beresi,"El señor Lehmann señala al respecto que aquí no hay contagio por COOELCO, sino que se trata del COS de un bono de Gobierno.","El Presidente señor José De Gregario comenta que existen dos posiciones de discusión sobre la medición del CDS, pero otro aspecto a considerar es que también depende un poco de que se mide por puntos base, de manera que se debería comparar con el nivel inicial. / . /",,RPM-2009-05-07:2517:2,Manuel Marfán Lewis,"El Consejero señor Manuel Marfán comenta que, aunque no tiene claro si esto se repli ca o no hacia los COS, lo cierto es que el riesgo medido por las tasas de los bonos mostró un castigo a Chile al momento en que se desató la crisis, cuando había demanda por liquidez, en circunstancias que los bonos de Chile no son líquidos , pues no hay un mercado",,,
3530,RPM-2009-05-07:2526:1,2526,2009-05-07 00:00:00,Sebastián Claro Edwards,Consejero,SUJETO_ROL_NOMBRE,LISTA_ASISTENCIA,FINAL_SIN_PUNTUACION,RPM-2009-05-07:T36,INICIO_EXPLICITO,,RPM-2009-05-07:2526:1,RPM-2009-05-07:2525:2,Claudio Soto Gamboa,"Por ello, señala el Gerente de Análisis Macroeconómico, esta información es un poco más optimista hacia delante sobre todo porque los permisos entran en el cálculo de cuentas nacionales del sector construcción y además, porque considera una especie de promedio móvil y así, este aumento va a tener impacto en los meses venideros.","El Consejero señor Sebastián Claro señala que ha recibido información sobre la existencia de un efecto de sustitución importante desde viviendas algo superior a 2 mil UF. Es decir, que hay un rango donde la gente no es que deje de comprar una casa, sino que opta por una más barata. Ello, es especialmente relevante en ese segmento, y por lo tanto, e",,RPM-2009-05-07:2526:2,Claudio Soto Gamboa,"Al respecto, el Gerente de Análisis Macroeconómico precisa que de todas maneras los permisos, en la parte correspondiente al G1 -que son las casas más grandes- no se ve una caída, sino que está más o menos estable. Indica que no hay ningún indicador en la curva que esté mostrando caídas que pudiera hacernos pensar en esta sustitución de un segmento",,,
3535,RPM-2009-05-07:2529:1,2529,2009-05-07 00:00:00,José De Gregorio Rebeco,Presidente del Banco Central,SUJETO_ROL_NOMBRE,LISTA_ASISTENCIA,FINAL_SIN_PUNTUACION,RPM-2009-05-07:T41,INICIO_EXPLICITO,,RPM-2009-05-07:2529:1,RPM-2009-05-07:2528:2,Claudio Soto Gamboa,"cíclico de la recaudación, y la parte que está asociada a política exógena, donde se ve que hasta fines de 2008, hubo una caída de los PPM que probablemente está asociada a la menor actividad que se registró hacia fines del año pasado, y que hacia adelante se ven caídas adicionales del PPM, probablemente vinculadas a la política fiscal. mencionada.",El Presidente señor José De Gregorio consulta a qué se refiere la vinculación,,RPM-2009-05-07:2529:2,Manuel Marfán Lewis,"El Consejero señor Manuel Marfán señala que él no sacaría demasiadas conclusiones. Primero, porque la serie no es continua, o sea, se ajusta en mayo de cada año, dependiendo de la Operación Renta y, por lo tanto, no son comparables las cifras de un año respecto a las del año anterior. Se comparan al interior del período tributario. Segundo, los PPM",,,
3545,RPM-2009-05-07:2532:3,2532,2009-05-07 00:00:00,Manuel Marfán Lewis,Consejero,SUJETO_ROL_NOMBRE,LISTA_ASISTENCIA,FINAL_SIN_PUNTUACION,RPM-2009-05-07:T51,INICIO_EXPLICITO,,RPM-2009-05-07:2532:3,RPM-2009-05-07:2532:2,Claudio Soto Gamboa,"estre. Agrega que las proyecciones que se tienen son que la variación negativa era menos intensa que la del cuarto trimestre. Por ello, hacia delante, se está suponiendo que vuelve a haber una variación negativa, pero de menor intensidad que el primer trimestre. Recién hacia el tercer trimestre, se estaría observando una acumulación de inventarios.","El Consejero señor Manuel Marfán señala que esta discusión le interesa por lo referido al ciclo. Indica tener la impresión de que la proyección puede ser incluso pesimista o a tal vez ligeramente pesimista, en el siguiente sentido, analizado bajo una lógica distinta. Si se produce primero una acumulación no deseada de inventarios, entonces se puede",,RPM-2009-05-07:2532:4,Claudio Soto Gamboa,El Gerente de Análisis Macroeconómico señor Claudio Soto señala que la única evidencia disponible es la encuesta que para el mes de abril todavía muestra que los inventarios están por sobre lo deseado.,,,
3552,RPM-2009-05-07:2535:1,2535,2009-05-07 00:00:00,Claudio Soto Gamboa,Gerente de Análisis Macroeconómico,SUJETO_ROL_NOMBRE,LISTA_ASISTENCIA,FINAL_SIN_PUNTUACION,RPM-2009-05-07:T57,CONTINUIDAD_EXPLICITA,RPM-2009-05-07:2534:3,RPM-2009-05-07:2535:1,RPM-2009-05-07:2534:3,Claudio Soto Gamboa,"tems indexados a inflación pasada también están teniendo incidencias negativas, como por ejemplo, los arriendos. Ello, comienza a tener un impacto de persistencia en los nuevos registros. Señala que lo que sorprendió al alza fue salud, lo que no está asociado a los medicamentos sino que a los servicios de salud, en aspectos puntuales como salarios.","El Gerente de Análisis Macroeconómico señor Claudio Soto señaló que el error de proyección fue de aproximadamente cinco décimas. Agrega que hacia delante, están corrigiendo combustible un poco hacia arriba más por la trayectoria de la gasolina que por el precio del petróleo. Indica que la trayectoria de gasolina ha sido algo mayor que la que se pre",,RPM-2009-05-07:2535:2,José De Gregorio Rebeco,"El Presidente señor José De Gregorio señala que mañana se va a contar con una proyección más definitiva. Indica que entre noviembre y diciembre, la inflación acumulada fue aproximadamente -1,3%, lo que quiere decir que noviembre y diciembre del año pasado es -1,3%, con lo cual podría subir en 1,3% si la inflación es 0% en ambos meses. El año termin",,,
3585,RPM-2009-06-16:2555:1,2555,2009-06-16 00:00:00,Enrique Marshall Rivera,Consejero,SUJETO_ROL_NOMBRE,LISTA_ASISTENCIA,FINAL_SIN_PUNTUACION,RPM-2009-06-16:T4,INICIO_EXPLICITO,,RPM-2009-06-16:2555:1,RPM-2009-06-16:2554:2,Sergio Lehmann Beresi,"ancialmente inferiores a las observadas a comienzos del año 2007. En cuanto a las importaciones, el señor Lehmann menciona que se mantienen débiles, particularmente en las economías desarrolladas, y que muestran una leve recuperación en las economías emergentes, lo que explica, de alguna manera, el interés por reactivar las inversiones en el mundo.","El Consejero señor Enrique Marshall consulta si en el caso de Chile las importaciones de bienes de capital también están aumentando,",,RPM-2009-06-16:2555:2,Manuel Marfán Lewis,a lo cual el Consejero Manuel Marfán comenta que ellas están rebotando más que subiendo,,,
3586,RPM-2009-06-16:2555:2,2555,2009-06-16 00:00:00,Manuel Marfán Lewis,Consejero,SUJETO_ROL_NOMBRE,LISTA_ASISTENCIA,FINAL_SIN_PUNTUACION,RPM-2009-06-16:T5,INICIO_EXPLICITO,,RPM-2009-06-16:2555:2,RPM-2009-06-16:2555:1,Enrique Marshall Rivera,"El Consejero señor Enrique Marshall consulta si en el caso de Chile las importaciones de bienes de capital también están aumentando,",a lo cual el Consejero Manuel Marfán comenta que ellas están rebotando más que subiendo,,RPM-2009-06-16:2555:3,Jorge Desormeaux Jiménez,"y el Vicepresidente, señor Jorge Desormeaux, agrega que, medidas en doce meses, dichas importaciones continúan cayendo.",,,
3591,RPM-2009-06-16:2556:2,2556,2009-06-16 00:00:00,Sebastián Claro Edwards,Consejero,SUJETO_ROL_NOMBRE,LISTA_ASISTENCIA,FINAL_SIN_PUNTUACION,RPM-2009-06-16:T9,INICIO_EXPLICITO,,RPM-2009-06-16:2556:2,RPM-2009-06-16:2556:1,Sergio Lehmann Beresi,", por lo que se desprende que otras economías de esa región exhiben tasas de desempleo más moderadas. El señor Lehmann prosigue su exposición manifestando que en cuanto a crecimiento, las cifras del primer trimestre de este año arrojaron sorpresas negativas, incluso de mayor magnitud que las esperadas, en particular, en algunas economías asiáticas.","El Consejero Sebastián Claro consulta acerca de las razones por las que se califica como una sorpresa,",,RPM-2009-06-16:2556:3,Sergio Lehmann Beresi,"a lo cual el señor Lehmann responde que ello obedece a que las cifras resultantes fueron peores que las esperadas. El Gerente de Análisis Internacional continúa informando que, por primera vez después de casi un año, se han estado revisando al alza las proyecciones y el crecimiento del 2009, lo que estaría asociado fundamentalmente a una perspectiv",,,
3599,RPM-2009-06-16:2560:3,2560,2009-06-16 00:00:00,Manuel Marfán Lewis,Consejero,SUJETO_ROL_NOMBRE,LISTA_ASISTENCIA,FINAL_SIN_PUNTUACION,RPM-2009-06-16:T17,INICIO_EXPLICITO,,RPM-2009-06-16:2560:3,RPM-2009-06-16:2560:2,Sergio Lehmann Beresi," mejoramiento que muestran las importaciones a nivel mundial, la confianza que ello pudiese empezar a reflejarse en el consumo y la inversión, y la normalización de los mercados financieros, que exhiben riesgos interbancarios bastante más reducidos, lo que hace prever que el funcionamiento del mercado bancario tenderá a normalizarse en algún grado.","El Consejero Manuel Marfán señala que del análisis de las cifras de crecimiento expuestas se concluye que las correspondientes a los meses anteriores eran malas, mientras que las del mes de mayo resultaron las peores en su conjunto y que, a su juicio, la gran noticia de esta reunión es que simplemente estas dejaron de caer,",,RPM-2009-06-16:2560:4,Pablo García Silva,"a lo cual el Gerente de División Estudios, señor Pablo García, agrega que, desde el punto de vista de la economía mundial no hay antecedentes que hagan revisar el escenario del último Informe de Política Monetaria (IPoM).",,,
3607,RPM-2009-06-16:2565:1,2565,2009-06-16 00:00:00,Jorge Desormeaux Jiménez,Vicepresidente del Banco Central,SUJETO_ROL_NOMBRE,LISTA_ASISTENCIA,FINAL_SIN_PUNTUACION,RPM-2009-06-16:T25,INICIO_EXPLICITO,,RPM-2009-06-16:2565:1,RPM-2009-06-16:2564:2,Beltrán de Ramón Acevedo,"és se ha ido recuperando. Agrega, que si se examina su evolución a partir del punto más profundo de la crisis, que acaeció en el mes de febrero pasado, efectivamente la tasa nominal ha aumentado, pero que al respecto cabe preguntarse en qué medida ello respondió a la compra masiva de bonos nominales de los que después el mercado se fue deshaciendo.","El Vicepresidente señor Jorge Desormeaux resalta que la TIP está en el mismo nivel que en septiembre de 2008,",,RPM-2009-06-16:2565:2,Beltrán de Ramón Acevedo,"a lo cual el señor De Ramón precisa que actualmente se encuentra en 1,82% versus 1,83% de septiembre y que la tasa nominal en 3,68 % y 3,73%, respectivamente.",,,
3611,RPM-2009-06-16:2566:3,2566,2009-06-16 00:00:00,Sergio Lehmann Beresi,Gerente de Análisis Internacional,SUJETO_ROL_SESION,LISTA_ASISTENCIA,FINAL_SIN_PUNTUACION,RPM-2009-06-16:T29,INICIO_EXPLICITO,,RPM-2009-06-16:2566:3,RPM-2009-06-16:2566:2,Pablo García Silva,"edidas o la manera en que estas han sido implementadas por la FED tienen un efecto mayor en las tasas nominales que en las tasas reajustables y por lo tanto, como ese efecto es relativamente transitorio, se disipa más rápido en las tasas nominales que en las reales, por lo que incluso la tasa nominal tiende a subir más rápido en el último bimestre.","El Gerente de Análisis Internacional aclara que estas expectativas de inflación son recogidas por la encuesta que realiza la Universidad de Michigan y no corresponden a la compensación inflacionaria, la que no está siendo utilizada como medida de estas expectativas desde hace algún tiempo. Asimismo, responde al Consejero señor Manuel Marfán que la ",,RPM-2009-06-16:2566:4,Jorge Desormeaux Jiménez,"planteamiento al cual el Vicepresidente señor Jorge Desormeaux complementa, señalando que cuando el mercado financiero se empieza a tranquilizar, los inversionistas tienden a abandonar los activos seguros en busca de activos más riesgosos y que esos activos corresponden esencialmente a inversiones con tasas nominales.",,,
3617,RPM-2009-06-16:2567:4,2567,2009-06-16 00:00:00,Jorge Desormeaux Jiménez,Vicepresidente del Banco Central,SUJETO_ROL_NOMBRE,LISTA_ASISTENCIA,FINAL_SIN_PUNTUACION,RPM-2009-06-16:T34,INICIO_EXPLICITO,,RPM-2009-06-16:2567:4,RPM-2009-06-16:2567:3,Sergio Lehmann Beresi,"te metal se mantienen por el momento. El Gerente de Análisis Internacional continúa su exposición señalando que se revisó la proyección del precio de los combustibles desde 53 dólares el barril en mayo pasado, a 60 dólares el barril en junio, aumento que estaría asociado a una estimación de una demanda algo mayor, particularmente en Estados Unidos.","Consulta el Vicepresidente señor Jorge Desormeaux si acaso se proyecta un precio promedio del petróleo de 60 o de alrededor de 70 dólares el barril para este año,",,RPM-2009-06-16:2567:5,Sergio Lehmann Beresi,"a lo cual el señor Lehmann responde que para el año 2009, el precio promedio se mantendría en 60 dólares el barril, pero que desde esta fecha y hasta fines del 2010 debería mantenerse en torno a 70 dólares el barril. A continuación,.",,,
3632,RPM-2009-06-16:2576:1,2576,2009-06-16 00:00:00,Manuel Marfán Lewis,Consejero,SUJETO_ROL_NOMBRE,LISTA_ASISTENCIA,FINAL_SIN_PUNTUACION,RPM-2009-06-16:T49,INICIO_EXPLICITO,,RPM-2009-06-16:2576:1,RPM-2009-06-16:2575:1,Claudio Soto Gamboa,"de con la de agregados menos líquidos. Agrega, que el aumento de la tasa de crecimiento del MI es bastante coherente con la baja de tasa de interés y que, de hecho, algunos modelos disponibles estiman que los residuos podrían ser negativos, por lo que no sería sorprendente observar en adelante aumentos aún mayores en la tasa de crecimiento del M I.","El Consejero señor Manuel Marfán consulta si lo expuesto podría interpretarse en términos que la política monetaria pudiera ser también menos expansiva de lo que refleja la tasa de interés,",,RPM-2009-06-16:2576:2,José De Gregorio Rebeco,en tanto el Presidente señor José De Gregorio pregunta acerca de si el MI crece menos que lo que estimaría la demanda.,,,
3636,RPM-2009-06-16:2578:1,2578,2009-06-16 00:00:00,Enrique Marshall Rivera,Consejero,SUJETO_ROL_NOMBRE,LISTA_ASISTENCIA,FINAL_SIN_PUNTUACION,RPM-2009-06-16:T53,INICIO_EXPLICITO,,RPM-2009-06-16:2578:1,RPM-2009-06-16:2577:1,Manuel Marfán Lewis,"uficientemente y, en general, que si se extrapolara lo que refleja la encuesta se llegaría a que las condiciones financieras probablemente son más estrictas hoy día que en condiciones normales. En consecuencia, concluye que la potencia de la política monetaria es menor cuando la intermediación financiera se encuentra en condiciones de mayor riesgo.","El Consejero señor Enrique Marshall comenta que sería interesante conocer lo que ocurre con los distintos proveedores, porque es probable que los bancos y también las casas comerciales, tengan mayor capacidad para manejarse en una situación de crisis que los proveedores no bancarios, por cuanto pueden reestructurar créditos y ofrecer mejores condic",,RPM-2009-06-16:2578:2,Claudio Soto Gamboa,"El señor Claudio Soto prosigue con su exposición, refiriéndose a los datos sobre actividad, específicamente a los del mes de abril, que sorprend ieron por las caídas registradas en los sectores de recursos naturales, principalmente pesca, como también por el deterioro bastante generalizado del sector resto, especialmente agricultura , comercio , in",,,
3639,RPM-2009-06-16:2580:1,2580,2009-06-16 00:00:00,José De Gregorio Rebeco,Presidente del Banco Central,SUJETO_ROL_NOMBRE,LISTA_ASISTENCIA,FINAL_SIN_PUNTUACION,RPM-2009-06-16:T56,INICIO_EXPLICITO,,RPM-2009-06-16:2580:1,RPM-2009-06-16:2579:1,Sebastián Claro Edwards,"El Consejero señor Sebastián Claro señala que considerando el nivel histórico de las importaciones de bienes de capital, las cifras del mes anterior hacían pensar que se estaba frente a un repunte, pero que los datos actuales indican que no existe evidencia de que se haya producido en el segundo trimestre.","El Presidente señor José De Gregorio consulta acerca de las razones que avalarían que las existencias todavía se encuentren elevadas ,",,RPM-2009-06-16:2580:2,Claudio Soto Gamboa,"a lo cual el señor Claudio Soto responde que el 60% de los encuestados responde que las existencias están por sobre lo deseado. Añade, que dícha información es distinta de aquélla que dice relación con la venta e importaciones de automóviles, la que refleja que tales ventas están recuperándose , mientras que las importaciones están cayendo, por lo ",,,
3643,RPM-2009-06-16:2583:1,2583,2009-06-16 00:00:00,José De Gregorio Rebeco,Presidente del Banco Central,SUJETO_ROL_NOMBRE,LISTA_ASISTENCIA,FINAL_SIN_PUNTUACION,RPM-2009-06-16:T60,INICIO_EXPLICITO,,RPM-2009-06-16:2583:1,RPM-2009-06-16:2582:1,Claudio Soto Gamboa,"alando que los datos de consumo energético del mes de mayo permiten proyectar un IMACEC de -4,2% en igual mes, cifra que representa una leve caída adicional de la actividad si se consideran las series desestacionalizadas y que lleva a corregir la proyección del crecimiento para el segundo trimestre desde -2,9% hasta -4%, y de -1,1% para el tercero.","El Presidente señor José De Gregorio consulta por la magnitud de la corrección trimestre a trimestre,",,RPM-2009-06-16:2583:2,Claudio Soto Gamboa,a lo cual el señor Soto responde que es de -4 puntos,,,
3644,RPM-2009-06-16:2583:2,2583,2009-06-16 00:00:00,Claudio Soto Gamboa,Gerente de Análisis Macroeconómico,SUJETO_NOMBRE,LISTA_ASISTENCIA,FINAL_SIN_PUNTUACION,RPM-2009-06-16:T61,INICIO_EXPLICITO,,RPM-2009-06-16:2583:2,RPM-2009-06-16:2583:1,José De Gregorio Rebeco,"El Presidente señor José De Gregorio consulta por la magnitud de la corrección trimestre a trimestre,",a lo cual el señor Soto responde que es de -4 puntos,,RPM-2009-06-16:2583:3,Pablo García Silva,"y el Gerente de División Estudios, señor Pablo García, complementa lo expresado indicando que el efecto en el nivel es de 1% y que anualizado es de -4,4%.",,,
3646,RPM-2009-06-16:2583:4,2583,2009-06-16 00:00:00,José De Gregorio Rebeco,Presidente del Banco Central,SUJETO_ROL_NOMBRE,LISTA_ASISTENCIA,FINAL_SIN_PUNTUACION,RPM-2009-06-16:T63,INICIO_EXPLICITO,,RPM-2009-06-16:2583:4,RPM-2009-06-16:2583:3,Pablo García Silva,"y el Gerente de División Estudios, señor Pablo García, complementa lo expresado indicando que el efecto en el nivel es de 1% y que anualizado es de -4,4%.","El Presidente señor José De Gregorio reitera su consultar en cuanto solicita la cifra absoluta,",,RPM-2009-06-16:2583:5,Kevin Cowan Logan,"a lo cual el señor Kevin Cowan responde que es de 0,2%, según el IPoM.",,,
3654,RPM-2009-06-16:2588:1,2588,2009-06-16 00:00:00,Sebastián Claro Edwards,Consejero,SUJETO_ROL_NOMBRE,LISTA_ASISTENCIA,FINAL_SIN_PUNTUACION,RPM-2009-06-16:T69,INICIO_EXPLICITO,,RPM-2009-06-16:2588:1,RPM-2009-06-16:2587:1,Claudio Soto Gamboa,"á al alza el registro de IRC total y a probables registros negativos del IRCX1. En julio, entrará en vigor el decreto de tarifas eléctricas ya aprobado, el que se traducirá en una baja por este concepto que podría llevar a la inflación a números negativos nuevamente y a partir de entonces podría haber recién una regresión en las tarifas eléctricas.","El Consejero señor Sebastián Claro consulta acerca del porcentaje del alza de los combustibles que se explicará por el impuesto específico que se está postergando,",,RPM-2009-06-16:2588:2,Claudio Soto Gamboa,"a lo que el Gerente de Análisis Macroeconómico responde que debería subir 2,5%, esto es, una UTM o experimentar aumentos del orden de 50 pesos, luego de lo cual existirían otros del orden de 50 ó 70 pesos, aproximadamente, que se traducen en una o dos décimas más de inflación. A su análisis, el señor Claudio Soto agrega que en el perfil de la proye",,,
3662,RPM-2009-06-16:2591:4,2591,2009-06-16 00:00:00,Manuel Marfán Lewis,Consejero,SUJETO_ROL_NOMBRE,LISTA_ASISTENCIA,FINAL_SIN_PUNTUACION,RPM-2009-06-16:T77,INICIO_EXPLICITO,,RPM-2009-06-16:2591:4,RPM-2009-06-16:2591:3,Kevin Cowan Logan,"Kevin Cowan responde que frente a la mayor duración de los fondos mutuos, también aumenta el riesgo de precio para los inversionistas, ya que si bien pueden ofrecer una mejor renta a largo plazo, la volatilidad de ese retorno va a ser mayor y, en escenarios plausibles, incluso llevarlos a rentabilidades negativas en ciertos períodos de volatilidad.","El Consejero Manuel Marfán consulta si se ha realizado una discusión parecida en cuanto a la tasa mínima de política en otros países,",,RPM-2009-06-16:2591:5,Kevin Cowan Logan,"a lo cual el señor Kevin Cowan responde que ello se ha efectuado en Canadá, país que tuvo exactamente los mismos problemas que Chile respecto de los intermediarios del mercado, los que dependían esencialmente del resultado de la estructura de comisiones y de cobros que se establecen en el negocio de los fondos mutuos, ya que, en su opinión, este se",,,
3688,RPM-2009-07-09:2608:4,2608,2009-07-09 00:00:00,Andrés Velasco Brañes,Ministro de Hacienda,SUJETO_NOMBRE,LISTA_ASISTENCIA,FINAL_SIN_PUNTUACION,RPM-2009-07-09:T9,INICIO_EXPLICITO,,RPM-2009-07-09:2608:4,RPM-2009-07-09:2608:3,Sergio Lehmann Beresi,"El Gerente de Análisis Internacional concuerda con lo expresado por el señor Velasco, indicando que, efectivamente, tiene que producirse un aumento muy importante en las velocidades y que ello está implícito en las proyecciones actuales de la Gerencia.","El señor Velasco acota que para que eso sea posible, el crecimiento debe ser de dos dígitos, por lo menos,",,RPM-2009-07-09:2608:5,Jorge Desormeaux Jiménez,"a lo cual el señor Vicepresidente añade que, de acuerdo a algunos bancos de inversión, China ya estarla creciendo a más de 10% a tasa secuencial en el segundo trimestre,",,,
3689,RPM-2009-07-09:2608:5,2608,2009-07-09 00:00:00,Jorge Desormeaux Jiménez,Vicepresidente del Banco Central,SUJETO_ROL_SESION,LISTA_ASISTENCIA,FINAL_SIN_PUNTUACION,RPM-2009-07-09:T10,INICIO_EXPLICITO,,RPM-2009-07-09:2608:5,RPM-2009-07-09:2608:4,Andrés Velasco Brañes,"El señor Velasco acota que para que eso sea posible, el crecimiento debe ser de dos dígitos, por lo menos,","a lo cual el señor Vicepresidente añade que, de acuerdo a algunos bancos de inversión, China ya estarla creciendo a más de 10% a tasa secuencial en el segundo trimestre,",,RPM-2009-07-09:2608:6,Sergio Lehmann Beresi,"y el señor Lehmann agrega que China es la economía que está liderando las proyecciones hacia el alza e impulsando particularmente el crecimiento en Asia, y que ello es coherente con lo que están proyectando también el Fondo Monetario Internacional y los bancos de inversión. En materia de inflación, el señor Lehmann señala que las proyecciones o las",,,
3691,RPM-2009-07-09:2609:1,2609,2009-07-09 00:00:00,José De Gregorio Rebeco,Presidente del Banco Central,SUJETO_ROL_SESION,LISTA_ASISTENCIA,FINAL_SIN_PUNTUACION,RPM-2009-07-09:T12,INICIO_EXPLICITO,,RPM-2009-07-09:2609:1,RPM-2009-07-09:2608:6,Sergio Lehmann Beresi,"tos asociados a dudas respecto de la evolución de la economía en adelante, lo que también se ha traspasado al mercado, reflejándose en el mercado bursátil. Prosigue el señor Lehmann refiriéndose ahora a la tasa efectiva que la Gerencia de Análisis Internacional está proyectando, la que evidencia la existencia de una brecha entre esta y la estimada.","El Presidente consulta si la tasa efectiva es mayor que la estimada,",,RPM-2009-07-09:2609:2,Sergio Lehmann Beresi,"a lo cual el señor Lehmann responde que dicha tasa ha estado algo por debajo de la tasa que entregaron los modelos. Añade, que si se incorporara, particularmente, lo que es el balance del FED, esto es. SI se midiera en algún grado lo que es el quantitative easing, probablemente sí explicaría bien este movimiento, lo cual refleja que hay un efecto a",,,
3701,RPM-2009-07-09:2613:2,2613,2009-07-09 00:00:00,Pablo García Silva,Gerente de División Estudios,SUJETO_ROL_NOMBRE,LISTA_ASISTENCIA,FINAL_SIN_PUNTUACION,RPM-2009-07-09:T21,INICIO_EXPLICITO,,RPM-2009-07-09:2613:2,RPM-2009-07-09:2613:1,Manuel Marfán Lewis,"hmann, podría ser eventualmente explicado por un fenómeno de esta naturaleza, donde se ve un rebote, que puede ser el comienzo de una recuperación, pero también puede ser sólo un efecto producto de los comportamientos de los inventarios y no necesariamente de un crecimiento sostenido. Agrega, que esto podría pasar también en Chile, pero no todavía.","El Gerente de División Estudios, señor Pablo García, concuerda con lo expresado por el señor Manuel Marfán, en el sentido de que, indudablemente, lo primero que se observaría es un movimiento de inventarios, y que sólo luego de un par de trimestres se podría constatar si ello es sostenible o no por el lado de la demanda más perdurable. En su opinió",,RPM-2009-07-09:2613:3,Manuel Marfán Lewis,"a lo cual el Consejero señor Marfán sostiene que el efecto de inventarios sería, en tal caso, un greenshoot.",,,
3706,RPM-2009-07-09:2615:1,2615,2009-07-09 00:00:00,Claudio Soto Gamboa,Gerente de Análisis Macroeconómico,SUJETO_ROL_NOMBRE,LISTA_ASISTENCIA,FINAL_SIN_PUNTUACION,RPM-2009-07-09:T26,INICIO_EXPLICITO,,RPM-2009-07-09:2615:1,RPM-2009-07-09:2614:1,José De Gregorio Rebeco,"El Presidente señor José De Gregorio agradece la presentación del Gerente de Análisis Internacional señor Sergio Lehmann y a continuación, solicita al Gerente Análisis Macroeconómico señor Claudio Soto que exponga la información relativa al escenario interno.","El Gerente de Análisis Macroeconómico, señor Claudio Soto, da inicio a su presentación, indicando que el IMACEC de abril registró una corrección muy relevante, de 1% mes a mes, dato que si se compara con el de mayo se traduce en un leve aumento de 0,2%. En mayo, por el contrario, este índice fue de -4,4%, en línea con lo proyectado, y aún más bajo ",,RPM-2009-07-09:2615:2,Andrés Velasco Brañes,"a lo cual el señor Ministro de Hacienda agrega que lo positivo, entre comillas, no es que haya mejorado mayo, sino que bajó la tasa.",,,
3715,RPM-2009-07-09:2619:3,2619,2009-07-09 00:00:00,Igal Magendzo Weinberger,Asesor del Ministerio de Hacienda,SUJETO_ROL_NOMBRE,LISTA_ASISTENCIA,FINAL_SIN_PUNTUACION,RPM-2009-07-09:T35,INICIO_EXPLICITO,,RPM-2009-07-09:2619:3,RPM-2009-07-09:2619:2,Claudio Soto Gamboa,"Presidente señor José De Gregorio y el Ministro de Hacienda señor Andrés Velasco, el señor Claudio Soto responde que los datos antedichos se encuentran ya corregidos y que el IPoM de mayo informó -2,9% para el segundo trimestre. Asimismo, aclara que los datos trimestre contra trimestre arrojan -5,1% para el segundo trimestre y 7,3% para el tercero.","El asesor del Ministro de Hacienda, señor Igal Magendzo, indica que para crecer -0.75% en el año habría que hacerlo al 6% en doce meses en el cuarto trimestre, y consulta si se tiene alguna indicación acerca de la velocidad que ello implica,",,RPM-2009-07-09:2619:4,Pablo García Silva,"a lo cual el Gerente de División Estudios responde que se necesita un crecimiento anualizado de entre 10 y 15% secuencial en el tercer y cuarto trimestres. Precisa, que con los datos de los IMACEC implícitos en el segundo trimestre, se calcula el IMACEC desestacionalizado por todo el período y se utiliza como factor para desestacionalizar el PIB.",,,
3719,RPM-2009-07-09:2620:3,2620,2009-07-09 00:00:00,Manuel Marfán Lewis,Consejero,SUJETO_ROL_NOMBRE,LISTA_ASISTENCIA,FINAL_SIN_PUNTUACION,RPM-2009-07-09:T39,INICIO_EXPLICITO,,RPM-2009-07-09:2620:3,RPM-2009-07-09:2620:2,Pablo García Silva,"evisión adicional, incluida en las presentes Opciones que se propondrán al Consejo, se señala que para alcanzar el rango se necesita un crecimiento significativo en el segundo semestre, de entre 10% y 15% anualizado. Precisa, que no se está diciendo si eso va a ocurrir o no, como tampoco, que ese es el supuesto considerado para el tercer trimestre.","El Consejero señor Manuel Marfán interviene para señalar que se ha dicho que el escenario del IPoM ha quedado atrás cuando el precio del petróleo se elevó considerablemente y que, incluso, este muchas veces ha quedado obsoleto antes de un mes. En su opinión, ahora se debería abandonar el escenario de crecimiento del IPoM, y consulta si el staff Wer",,RPM-2009-07-09:2620:4,Pablo García Silva,"a lo cual el señor Pablo García señala que, a su juicio, es lo que correspondería hacer y precisa que la pregunta relevante es si ello se quiere transmitir o no.",,,
3723,RPM-2009-07-09:2621:1,2621,2009-07-09 00:00:00,José De Gregorio Rebeco,Presidente del Banco Central,SUJETO_ROL_SESION,LISTA_ASISTENCIA,FINAL_SIN_PUNTUACION,RPM-2009-07-09:T42,CONTINUIDAD_EXPLICITA,RPM-2009-07-09:2620:6,RPM-2009-07-09:2621:1,RPM-2009-07-09:2620:6,José De Gregorio Rebeco,"a está incluido en la Minuta de Antecedentes y que incluso la prensa ha informado que el crecimiento ha sido menor que el esperado. Agrega, que si se proyecta esta desviación respecto de la del IPoM de mayo, se puede hablar de un crecimiento de al menos -1,5% para el año y de una inflación por debajo de -0,5% para el cierre del año, en vez de 0,6%.","El Presidente consulta asimismo, acerca de la cifra de la Encuesta de Expectativas para el presente trimestre,",,RPM-2009-07-09:2621:2,Pablo García Silva,"a lo cual el señor Pablo García responde que asciende a -3,5%,",,,
3724,RPM-2009-07-09:2621:2,2621,2009-07-09 00:00:00,Pablo García Silva,Gerente de División Estudios,SUJETO_NOMBRE,LISTA_ASISTENCIA,FINAL_SIN_PUNTUACION,RPM-2009-07-09:T43,INICIO_EXPLICITO,,RPM-2009-07-09:2621:2,RPM-2009-07-09:2621:1,José De Gregorio Rebeco,"El Presidente consulta asimismo, acerca de la cifra de la Encuesta de Expectativas para el presente trimestre,","a lo cual el señor Pablo García responde que asciende a -3,5%,",,RPM-2009-07-09:2621:3,Claudio Soto Gamboa,y el señor Claudio Soto agrega que esta se corrigió de -1 a -5% para el año.,,,
3728,RPM-2009-07-09:2622:3,2622,2009-07-09 00:00:00,Claudio Soto Gamboa,Gerente de Análisis Macroeconómico,SUJETO_NOMBRE,LISTA_ASISTENCIA,FINAL_SIN_PUNTUACION,RPM-2009-07-09:T47,INICIO_EXPLICITO,,RPM-2009-07-09:2622:3,RPM-2009-07-09:2622:2,José De Gregorio Rebeco,"A juicio del Presidente José De Gregorio, esa pregunta es relevante en el caso del -2,1% correspondiente al tercer trimestre, el que de acuerdo con lo que se puede deducir, asciende a un 4,2% anualizado.","El señor Claud io Soto precisa que se trata de 7,3%,",,RPM-2009-07-09:2622:4,José De Gregorio Rebeco,"a lo cual el Presidente señala que es más fuerte aún y que le llama la atención que ese -4,8% sea menor que el -2,1% contemplado en el Informe del primer trimestre .",,,
3730,RPM-2009-07-09:2622:5,2622,2009-07-09 00:00:00,Pablo García Silva,Gerente de División Estudios,SUJETO_ROL_SESION,LISTA_ASISTENCIA,FINAL_SIN_PUNTUACION,RPM-2009-07-09:T49,INICIO_EXPLICITO,,RPM-2009-07-09:2622:5,RPM-2009-07-09:2622:4,José De Gregorio Rebeco,"a lo cual el Presidente señala que es más fuerte aún y que le llama la atención que ese -4,8% sea menor que el -2,1% contemplado en el Informe del primer trimestre .",El Gerente de División Estudios aclara que se trata de las velocidades,,RPM-2009-07-09:2622:6,Claudio Soto Gamboa,y el Gerente de Anális is Macroeconómico agrega que las variaciones trimestre a trimestre hay que multiplicarlas por cuatro para sacar las velocidades.,,,
3734,RPM-2009-07-09:2623:3,2623,2009-07-09 00:00:00,Manuel Marfán Lewis,Consejero,SUJETO_ROL_NOMBRE,LISTA_ASISTENCIA,FINAL_SIN_PUNTUACION,RPM-2009-07-09:T53,INICIO_EXPLICITO,,RPM-2009-07-09:2623:3,RPM-2009-07-09:2623:2,Claudio Soto Gamboa," sectores Industriales y la desacumulación de existencias, y que la variación de existencias de la industria, que está ajustada por el componente doméstico de la producción y no considera los mercados importados, obedece a varios sectores, siendo los más relevantes la industria aliment icia, la química, la de productos metálicos y la de la made ra.","Al respecto, el Consejero señor Manuel Marfán señala que sería interesante conocer su duración, ya que las variaciones de inventarios no pueden ser permanentes. Agrega, que si se tiene una desacumulación de inventarios no deseada, entonces se debería esperar un crecimiento de la industria, no una caída. r",,RPM-2009-07-09:2623:4,Pablo García Silva,"El señor Pablo García responde que algunos antecedentes sugieren que en el segundo trimestre podría darse un cierto crecimiento. A modo de ejemplo, señala que las exportaciones industriales, sin considerar la situación de los salmones, dejaron de caer a principios de este año e incluso han comenzado a subir, y que en el caso de las exportaciones in",,,
3737,RPM-2009-07-09:2624:2,2624,2009-07-09 00:00:00,Claudio Soto Gamboa,Gerente de Análisis Macroeconómico,SUJETO_ROL_SESION,LISTA_ASISTENCIA,FINAL_SIN_PUNTUACION,RPM-2009-07-09:T56,INICIO_EXPLICITO,,RPM-2009-07-09:2624:2,RPM-2009-07-09:2624:1,Andrés Velasco Brañes,"mente registra una baja inversión o respecto de los productores cuyos bienes se comercializan en supermercados. Agrega, que en este aspecto podrían existir algunas claves, porque el comportamiento de la demanda inducida obviamente va a ser distinto del de la demanda final, en otras palabras, el consumo se va a recuperar más rápido que la inversión.","Prosiguiendo con la presentación del escenario interno, el señor Gerente de Análisis Macroeconómico informa que la tasa de desempleo llegó a 10,2% en mayo y que 9,% es el dato desestacionalizado, lo que se explica tanto por una caída adicional en la tasa de crecimiento del empleo como por una tasa de crecimiento de la fuerza de trabajo que retroced",,RPM-2009-07-09:2624:3,José De Gregorio Rebeco,"a lo cual el Presidente señor José De Gregorio agregó que el Banco considera que el promedio sea de 3%, por lo que habría que compensar un 9,9%.",,,
3740,RPM-2009-07-09:2626:1,2626,2009-07-09 00:00:00,José De Gregorio Rebeco,Presidente del Banco Central,SUJETO_ROL_NOMBRE,LISTA_ASISTENCIA,FINAL_SIN_PUNTUACION,RPM-2009-07-09:T59,INICIO_EXPLICITO,,RPM-2009-07-09:2626:1,RPM-2009-07-09:2625:1,Claudio Soto Gamboa,"o de un antecedente que incluso ya estaba más alto que el mes previo. Subraya, también, que el dato en el margen de las colocaciones a 30-89 días está al alza por primera vez, aclarando que este último corresponde a la tasa promedio desestacionalizada hasta el día martes pasado, o sea, comprende datos de la primera semana del mes de julio en curso.","El Presidente señor José De Gregorio hace referencia a las tasas de interés de los créditos de consumo, que se redujeron a todos los plazos, especialmente, las de a más de tres años que disminuyeron entre 90 y 120pb. Añade, que las tasas de interés de las colocaciones comerciales cayeron bajo 6%,",,RPM-2009-07-09:2626:2,Kevin Cowan Logan,a lo cual el Gerente de División Política Financiera especifica que esa reducción se refiere a esos antecedentes respecto de la última Reunión.,,,
3743,RPM-2009-07-09:2627:2,2627,2009-07-09 00:00:00,José De Gregorio Rebeco,Presidente del Banco Central,SUJETO_ROL_NOMBRE,LISTA_ASISTENCIA,FINAL_SIN_PUNTUACION,RPM-2009-07-09:T62,INICIO_EXPLICITO,,RPM-2009-07-09:2627:2,RPM-2009-07-09:2627:1,Manuel Marfán Lewis,"to por otras vías que no sea a través de dicho sistema. Reitera, que por ello se requiere información, para determinar si se acepta o rechaza la hipótesis de que puede no haberse producido un traspaso suficientemente expansivo, de manera de explicitar en mejor forma la política establecida por el Banco Central a los clientes del sistema financiero.","Al respecto, el Presidente señor José De Gregorio señala que el seguimiento del comportamiento de la tasa de traspaso se efectuó en reiteradas oportunidades durante el primer trimestre, pero que se dejó de realizar, por lo que debería retomarse en términos periódicos. Hace presente, que le resulta compleja la situación de las tasas hipotecarias ya ",,RPM-2009-07-09:2627:3,Kevin Cowan Logan,"a lo cual el señor Kevin Cowan indica que la encuesta se efectuó la última semana de junio, por lo que se dispondrá de ella dentro de dos semanas.",,,
3748,RPM-2009-07-09:2628:3,2628,2009-07-09 00:00:00,Andrés Velasco Brañes,Ministro de Hacienda,SUJETO_ROL_SESION,LISTA_ASISTENCIA,FINAL_SIN_PUNTUACION,RPM-2009-07-09:T67,INICIO_EXPLICITO,,RPM-2009-07-09:2628:3,RPM-2009-07-09:2628:2,Pablo García Silva,"a Tasa de Política Monetaria que se deduce de los precios de activos, que es la que se utiliza para ver los / traspasos de tasas, no se observan anomalías en la rebaja de las tasas de los créditos comerciales, tomando en cuenta también medidas de riesgo, de costos de fondos de la banca y otros elementos que se han analizado en varias oportunidades.","El Ministro de Hacienda consulta acerca de cómo se define una anomalía,",,RPM-2009-07-09:2628:4,Pablo García Silva,"a lo cual el Gerente de División Estudios responde que se trata de un residuo positivo que se infiere de la trayectoria implícita para la Tasa de Política Monetaria en adelante en la curva forward y por las medidas de riesgo que vienen dadas, por ejemplo, el costo al que se fondean los bancos en el exterior, o el VIX o el EMBI, y si se observa un r",,,
3759,RPM-2009-07-09:2635:1,2635,2009-07-09 00:00:00,José De Gregorio Rebeco,Presidente del Banco Central,SUJETO_ROL_NOMBRE,LISTA_ASISTENCIA,FINAL_SIN_PUNTUACION,RPM-2009-07-09:T76,INICIO_EXPLICITO,,RPM-2009-07-09:2635:1,RPM-2009-07-09:2634:1,Claudio Soto Gamboa," bonos, dadas las máximas que se tienen de benchmark, muestran bastante volatilidad y han tendido a aumentar respecto de la última Reunión de Política Monetaria. Añade, que de las encuestas efectuadas se desprende que las mesas de dinero están operando con inflaciones cercanas a 1% a un año y otras expectativas, también a doce meses, están en 2,1%.","El Presidente señor José De Gregorio afirma que los porcentajes mencionados corresponden al promedio, por lo que estima que la mediana es más baja,",,RPM-2009-07-09:2635:2,Claudio Soto Gamboa,"a lo cual el señor Claudio Soto confirma lo expuesto en cuanto a que se trata de los promedios. En general, acota, que las expectativas de inflación de esta fecha a un año son bajas y que en la Encuesta de Expectativas a dos años se sitúa en 3%. Respecto de la Tasa de Política Monetaria, el Gerente de Análisis Macroeconómico señala que las encuesta",,,
3761,RPM-2009-07-09:2635:3,2635,2009-07-09 00:00:00,José De Gregorio Rebeco,Presidente del Banco Central,SUJETO_ROL_NOMBRE,LISTA_ASISTENCIA,FINAL_SIN_PUNTUACION,RPM-2009-07-09:T78,INICIO_EXPLICITO,,RPM-2009-07-09:2635:3,RPM-2009-07-09:2635:2,Claudio Soto Gamboa,"oeconómico señala que las encuestas de expectativas a julio arrojan una TPM más baja y que de la curva forward se puede inferir que las expectativas para esta se ubican en 0,5% para los próximos meses y en torno a 2% para mediados del año 2010, y destaca que cerca de 60 pb del aumento de la curva forward se explican por nuevos benchmarks nominales.","El Presidente señor José De Gregorio plantea que con los nuevos benchmarks la curva ha sido mucho más elevada que la forward que se deriva como modelo,",,RPM-2009-07-09:2635:4,Pablo García Silva,"a lo cual el Gerente de División Estudios indica que ello es efectivo, pero que la dirección del diagnóstico es la misma, esto es, que si se hubiera aplanado la curva forward, se habría generado un problema.",,,
3768,RPM-2009-07-09:2637:4,2637,2009-07-09 00:00:00,Jorge Desormeaux Jiménez,Vicepresidente del Banco Central,SUJETO_ROL_NOMBRE,LISTA_ASISTENCIA,FINAL_SIN_PUNTUACION,RPM-2009-07-09:T85,INICIO_EXPLICITO,,RPM-2009-07-09:2637:4,RPM-2009-07-09:2637:3,José De Gregorio Rebeco,El Presidente señor José De Gregorio agradece la presentación efectuada por el Gerente de Análisis Macroeconómico y ofrece la palabra para comentarios.,"En primer término, el Vicepresidente, señor Jorge Desormeaux, consulta acerca de las razones por las cuales la Encuesta de Expectativas arroja una diferencia de 100 pb con respecto de la forward al final de la proyección,",,RPM-2009-07-09:2637:5,Pablo García Silva,"a lo cual el Gerente de División Estudios, señor Pablo García, responde que se trata de una razón relacionada con la curva forward, ya que en razón del bajo nivel de la Tasa de Política Monetaria, se genera la incertidumbre respecto de que esa curva pueda ser esa o alguna mayor, por lo que existe una prima por riesgo que sesga los precios de los ac",,,
3779,RPM-2009-07-09:2644:1,2644,2009-07-09 00:00:00,José De Gregorio Rebeco,Presidente del Banco Central,SUJETO_ROL_SESION,LISTA_ASISTENCIA,FINAL_SIN_PUNTUACION,RPM-2009-07-09:T95,INICIO_EXPLICITO,,RPM-2009-07-09:2644:1,RPM-2009-07-09:2643:1,Beltrán de Ramón Acevedo,"ara lograr lo anterior, el Consejo debería aprobar una ampliación del ajuste permitido a esta licitación hasta 50%. Asimismo, y con el objeto de evitar tener una curva quebrada, considerando lo poco profundo que es el mercado aún en las tasas nominales, también sugiere suspender el plan de deuda, esto es, los BCP-2 y los PDBC a un año, básicamente.","El Presidente concede la palabra al Gerente de Investigación Económica, señor Luis Felipe Céspedes,",,RPM-2009-07-09:2644:2,Luis Felipe Céspedes Cifuentes,"quien comienza su exposición señalando que así como fue discutido en la sesión de la mañana y tal como lo indica la Minuta de Opciones, es necesario imprimir un impulso monetario adicional al ya contemplado en el escenario central del IPoM de mayo, habida consideración de la acumulación de noticias en los últimos meses. Precisa, que un cálculo basa",,,
3799,RPM-2009-08-13:2661:1,2661,2009-08-13 00:00:00,Andrés Velasco Brañes,Ministro de Hacienda,SUJETO_ROL_SESION,LISTA_ASISTENCIA,FINAL_SIN_PUNTUACION,RPM-2009-08-13:T4,INICIO_EXPLICITO,,RPM-2009-08-13:2661:1,RPM-2009-08-13:2660:1,Sergio Lehmann Beresi,"os o de caídas menos negativas, particularmente para el 2009. Para el presente año destaca especialmente la revisión del caso de China, que sube de 7,7 a 8,3%, retornando al nivel sobre 8% que, en algún momento, se planteaba que era el nivel de crecimiento que permitía, de alguna manera, absorber adecuadamente las migraciones del campo a la ciudad.","El Ministro de Hacienda pregunta si la ponderación entre países latinoamericanos también es a PPP,",,RPM-2009-08-13:2661:2,Sergio Lehmann Beresi,"a lo cual el señor Lehmann responde que para efectos de las agrupaciones también lo es a PPP. En el caso del año 2010, añade que las revisiones son bien marginales y bastante homogéneas en el grupo de países presentados",,,
3800,RPM-2009-08-13:2661:2,2661,2009-08-13 00:00:00,Sergio Lehmann Beresi,Gerente de Análisis Internacional,SUJETO_NOMBRE,LISTA_ASISTENCIA,FINAL_SIN_PUNTUACION,RPM-2009-08-13:T5,INICIO_EXPLICITO,,RPM-2009-08-13:2661:2,RPM-2009-08-13:2661:1,Andrés Velasco Brañes,"El Ministro de Hacienda pregunta si la ponderación entre países latinoamericanos también es a PPP,","a lo cual el señor Lehmann responde que para efectos de las agrupaciones también lo es a PPP. En el caso del año 2010, añade que las revisiones son bien marginales y bastante homogéneas en el grupo de países presentados",,RPM-2009-08-13:2661:3,Jorge Desormeaux Jiménez,"El Vicepresidente, señor Jorge Desormeaux, solicita al Gerente de Análisis Internacional que explique cómo se estimaron las cifras del año 2010 que está presentando, porque los bancos de inversión no solo hablan de cifras superiores a 3% para el 2010, sino que de un crecimiento de tendencia.",,,
3803,RPM-2009-08-13:2661:5,2661,2009-08-13 00:00:00,Jorge Desormeaux Jiménez,Vicepresidente del Banco Central,SUJETO_NOMBRE,LISTA_ASISTENCIA,PASAJES_CONJUNTOS_POR_DELIMITAR,RPM-2009-08-13:T8,INICIO_EXPLICITO,,RPM-2009-08-13:2661:5,RPM-2009-08-13:2661:4,Sergio Lehmann Beresi," definir el crecimiento del año 2010, también incluye la información de crecimiento y el hecho de que el FMI, en particular, esté proyectando un 0,8% para Estados Unidos para el próximo año. Entonces, señala que la Gerencia ha tratado de moderar en algún grado lo que los bancos de inversión están planteando en materia de expansión para el año 2010.","El señor Desormeaux acota que hay que tomar debida nota de que en las últimas dos o tres semanas ha habido un cambio de sentimiento significativo, que no está considerado en el Informe del FMI, acotación que es confirmada por el señor Lehmann.",,RPM-2009-08-13:2661:6,Sergio Lehmann Beresi,"El Gerente de Análisis Internacional destaca que un elemento importante, que quizás está vinculado con la visión que se puede tener en términos de crecimiento en adelante, tiene que ver con lo que plantean algunas instituciones respecto del crecimiento del producto potencial. Menciona que en el caso de Estados Unidos, el Congressional Budget Office",,,
3805,RPM-2009-08-13:2661:7,2661,2009-08-13 00:00:00,Andrés Velasco Brañes,Ministro de Hacienda,SUJETO_ROL_NOMBRE,LISTA_ASISTENCIA,FINAL_SIN_PUNTUACION,RPM-2009-08-13:T10,INICIO_EXPLICITO,,RPM-2009-08-13:2661:7,RPM-2009-08-13:2661:6,Sergio Lehmann Beresi,"evarían a una asignación de recursos menos eficiente; retiros anticipados de personas del mercado laboral, si es que el desempleo se mantiene de manera particularmente prolongada, lo que, a su vez, también afecta los flujos de inmigración hacia las economías; y la reducción de la empleabilidad ante la pérdida de habilidades de la fuerza de trabajo.","El Ministro señor Velasco pregunta qué relación tienen los flujos del mercado laboral con la productividad,",,RPM-2009-08-13:2661:8,José De Gregorio Rebeco,"a lo cual el Presidente señor De Gregorio responde que, dado que la PTF es un residuo, el flujo de inmigración tiene que ver con la composición de la fuerza de trabajo, con el capital humano. Explica que si los inmigrantes tienen habilidades diferentes del promedio del trabajador, va a cambiar la PTF, pero si entra gente con menores habilidades, es",,,
3807,RPM-2009-08-13:2661:9,2661,2009-08-13 00:00:00,Andrés Velasco Brañes,Ministro de Hacienda,SUJETO_ROL_SESION,LISTA_ASISTENCIA,FINAL_SIN_PUNTUACION,RPM-2009-08-13:T12,INICIO_EXPLICITO,,RPM-2009-08-13:2661:9,RPM-2009-08-13:2661:8,José De Gregorio Rebeco,"eñor De Gregorio responde que, dado que la PTF es un residuo, el flujo de inmigración tiene que ver con la composición de la fuerza de trabajo, con el capital humano. Explica que si los inmigrantes tienen habilidades diferentes del promedio del trabajador, va a cambiar la PTF, pero si entra gente con menores habilidades, eso debería afectar la PTF.","El efecto debiera ser menor y al revés, acota el Ministro,",,RPM-2009-08-13:2661:10,Sergio Lehmann Beresi,y el señor Lehmann complementa que será necesario afinar el análisis.,,,
3816,RPM-2009-08-13:2664:2,2664,2009-08-13 00:00:00,Pablo García Silva,Gerente de División Estudios,SUJETO_ROL_SESION,LISTA_ASISTENCIA,FINAL_SIN_PUNTUACION,RPM-2009-08-13:T20,INICIO_EXPLICITO,,RPM-2009-08-13:2664:2,RPM-2009-08-13:2664:1,José De Gregorio Rebeco,"El Presidente afirma que la forma de la curva chilena es parecida o igual a la de los países desarrollados, y luego consulta sí hay technicality en el quiebre de un año y por qué todas las curvas tienen un quiebre tan fuerte en un año.","El Gerente de División de Estudios responde que ello obedece a que hay un cambio de la frecuencia del eje del gráfico, que primero va mes a mes y luego año a año,",,RPM-2009-08-13:2664:3,Sergio Lehmann Beresi,a lo cual el señor Lehmann acota que es un tema visual.,,,
3820,RPM-2009-08-13:2666:2,2666,2009-08-13 00:00:00,Andrés Velasco Brañes,Ministro de Hacienda,SUJETO_ROL_SESION,LISTA_ASISTENCIA,FINAL_SIN_PUNTUACION,RPM-2009-08-13:T24,INICIO_EXPLICITO,,RPM-2009-08-13:2666:2,RPM-2009-08-13:2666:1,Pablo García Silva,El señor Pablo García reconoce que ello es extraño.,"El Ministro consulta si esos rendimientos son de bonos del gobierno o si hay algún riesgo de premio privado,",,RPM-2009-08-13:2666:3,Sergio Lehmann Beresi,"a lo cual el señor Lehmann responde que existen tasas de nesgo a distintos periodos En todo caso, el Gerente señor Lehmann hace presente que lo que se está observando es que las pendientes de las curvas han estado subiendo y que el aumento de las pendientes se marca especialmente cuando las políticas monetarias de las economías desarrolladas se tor",,,
3822,RPM-2009-08-13:2667:1,2667,2009-08-13 00:00:00,Andrés Velasco Brañes,Ministro de Hacienda,SUJETO_ROL_SESION,LISTA_ASISTENCIA,FINAL_SIN_PUNTUACION,RPM-2009-08-13:T26,INICIO_EXPLICITO,,RPM-2009-08-13:2667:1,RPM-2009-08-13:2666:3,Sergio Lehmann Beresi,"precios futuros de la gasolina. En relación con el precio del cobre, el Gerente plantea que continúa la solidez de los fundamentos para este metal y que, en línea con los indicadores de confianza de las empresas usuarias de cobre que se está utilizando para efectos de entender la evolución del precio del cobre, este último ha continuado aumentando.","El señor Ministro de Hacienda consulta si estas empresas son las usuarias de cobre en Chile o fuera de Chile,",,RPM-2009-08-13:2667:2,Sergio Lehmann Beresi,"a lo cual el Gerente de Análisis Internacional responde que cada uno de los países se pondera por el consumo de cobre correspondiente, y el Gerente de",,,
3823,RPM-2009-08-13:2667:2,2667,2009-08-13 00:00:00,Sergio Lehmann Beresi,Gerente de Análisis Internacional,SUJETO_ROL_SESION,LISTA_ASISTENCIA,FINAL_SIN_PUNTUACION;TEXTO_DANADO_POR_COTEJAR,RPM-2009-08-13:T27,INICIO_EXPLICITO,,RPM-2009-08-13:2667:2,RPM-2009-08-13:2667:1,Andrés Velasco Brañes,"El señor Ministro de Hacienda consulta si estas empresas son las usuarias de cobre en Chile o fuera de Chile,","a lo cual el Gerente de Análisis Internacional responde que cada uno de los países se pondera por el consumo de cobre correspondiente, y el Gerente de",,RPM-2009-08-13:2667:3,Claudio Soto Gamboa,"Al continuar con la exposición sobre consumo, el Gerente de Análisis Macroeconómico indica que, respecto de julio, el dato que más sobresale es el de importaciones, haciendo el alcance que ello obedece a una circunstancia bastante puntual, cual fue una importación de magnitud relevante de turbinas para generación eléctrica. En cuanto a las perspect",,,
3830,RPM-2009-08-13:2670:1,2670,2009-08-13 00:00:00,José De Gregorio Rebeco,Presidente del Banco Central,SUJETO_ROL_NOMBRE,LISTA_ASISTENCIA,FINAL_SIN_PUNTUACION,RPM-2009-08-13:T34,INICIO_EXPLICITO,,RPM-2009-08-13:2670:1,RPM-2009-08-13:2669:2,Claudio Soto Gamboa," a la variación de existencias a PIB, el señor Claudio Soto menciona que estas han seguido cayendo en el segundo trimestre y tienden a normalizarse en los próximos meses, pero no de manera instantánea, y que respecto de las proyecciones del PIB, la principal corrección respecto del último IPoM está dada por la caída del PIB en el segundo trimestre.","El Presidente De Gregorio pregunta en cuánto cerrará el cuarto trimestre,",,RPM-2009-08-13:2670:2,Pablo García Silva,"a lo cual el Gerente de División de Estudios responde que si se hace un ejercicio muy simple, que es mantener la velocidad registrada en junio para todos los meses del segundo semestre, que fue de 0,7%, la variación anual sería cercana a -1%, mientras que si se mantienen velocidades parecidas a las que se tenían en el IPoM de mayo, esta sería de -1",,,
3833,RPM-2009-08-13:2671:2,2671,2009-08-13 00:00:00,Pablo García Silva,Gerente de División Estudios,SUJETO_ROL_SESION,LISTA_ASISTENCIA,FINAL_SIN_PUNTUACION,RPM-2009-08-13:T37,INICIO_EXPLICITO,,RPM-2009-08-13:2671:2,RPM-2009-08-13:2671:1,Claudio Soto Gamboa,"es previo. Ello se explica fundamentalmente por una tasa de empleo que sigue cayendo a tasas de 1% anual y por una fuerza de trabajo que mantiene tasas de crecimiento bastante estables en los últimos meses. De todas maneras, se observa que el empleo ha dejado de caer en el margen, principalmente por un fuerte aumento en el empleo por cuenta propia.","Ante la solicitud del señor Ministro de Hacienda sobre mayores antecedentes de este último, el Gerente de División de Estudios indica que la dinámica del año 1999 fue similar, cuando se produjo un aumento en el empleo por cuenta propia al mismo tiempo que el asalariado estaba cayendo,",,RPM-2009-08-13:2671:3,Claudio Soto Gamboa,"a lo cual el señor Claudio Soto agrega que en 1998 se registró un alto nivel de servicios comunales, el que se repite ahora, conforme lo indica el último dato disponible.",,,
3836,RPM-2009-08-13:2673:1,2673,2009-08-13 00:00:00,Enrique Marshall Rivera,Consejero,SUJETO_ROL_NOMBRE,LISTA_ASISTENCIA,FINAL_SIN_PUNTUACION,RPM-2009-08-13:T40,INICIO_EXPLICITO,,RPM-2009-08-13:2673:1,RPM-2009-08-13:2672:1,Pablo García Silva,"El señor Pablo García complementa que las cifras provienen de una encuesta a hogares, por lo que dependen mucho de la autoidentificación de las personas.","El Consejero señor Enrique Marshall pregunta si los trabajadores por cuenta propia son vendedores ambulantes o si pertenecen a otros sectores,",,RPM-2009-08-13:2673:2,Claudio Soto Gamboa,"a lo cual el señor Claudio Soto responde que los datos indican que un porcentaje importante corresponde al sector comercio, que lógicamente puede incluir a los vendedores ambulantes, pero que también pertenecen al sector agrícola e, incluso, al de la industria. Respecto de los salarios en general , el señor Soto informa que se mantienen las tasas d",,,
3880,RPM-2009-09-08:2696:2,2696,2009-09-08 00:00:00,Jorge Desormeaux Jiménez,Vicepresidente del Banco Central,SUJETO_ROL_SESION,LISTA_ASISTENCIA,FINAL_SIN_PUNTUACION,RPM-2009-09-08:T11,INICIO_EXPLICITO,,RPM-2009-09-08:2696:2,RPM-2009-09-08:2696:1,Claudio Soto Gamboa,"icador está más bien estancado, básicamente por lo que está aconteciendo con la venta de automóviles. En el caso de las importaciones de bienes de consumo, que en el mes anterior habían registrado un repunte también significativo, índica que continúan altas en relación con las cifras del presente año, pero algo menos dinámicas que en el mes pasado.","Al respecto, el señor Vicepresidente hace presente que la huelga de Aduanas pudo haber afectado esos datos,",,RPM-2009-09-08:2696:3,Claudio Soto Gamboa,"a lo cual el señor Soto aclara que, en materia de importaciones, siempre hay bastante volatilidad, debiendo subrayarse que los últimos datos son claramente mejores que los observados a comienzos de año. En materia de percepción de los empresarios, el señor Claudio Soto hace hincapié en que es importante hacer la distinción entre la percepción de la",,,
3882,RPM-2009-09-08:2696:4,2696,2009-09-08 00:00:00,José De Gregorio Rebeco,Presidente del Banco Central,SUJETO_ROL_SESION,LISTA_ASISTENCIA,FINAL_SIN_PUNTUACION,RPM-2009-09-08:T13,INICIO_EXPLICITO,,RPM-2009-09-08:2696:4,RPM-2009-09-08:2696:3,Claudio Soto Gamboa,"o en parte con lo que ocurre principalmente en la minería, sector que ha tenido un comportamiento bastante más negativo que el que se había previsto hasta ahora. Sin embargo, se está anticipando un rebote en dicho sector hacia el cuarto trimestre y también se esperan mejores resultados por la dinámica que se están observando en los sectores reales.","Respecto de la velocidad, el señor Presidente señala entender que se han tenido variaciones trimestrales negativas durante cuatro trimestres seguidos, es decir, a partir del segundo del 2008,",,RPM-2009-09-08:2696:5,Claudio Soto Gamboa,"a lo cual el señor Claudio Soto menciona que el -1,6% corresponde a una variación positiva del orden de 6%. Por el lado de la demanda, el señor Gerente de Análisis Macroeconómico informa que hay una acumulación de existencias que se va corrigiendo de aquí hacia fines del horizonte. Recalca que en el presente trimestre se produce una desacumulación ",,,
3883,RPM-2009-09-08:2696:5,2696,2009-09-08 00:00:00,Claudio Soto Gamboa,Gerente de Análisis Macroeconómico,SUJETO_NOMBRE,LISTA_ASISTENCIA,FINAL_SIN_PUNTUACION,RPM-2009-09-08:T14,INICIO_EXPLICITO,,RPM-2009-09-08:2696:5,RPM-2009-09-08:2696:4,José De Gregorio Rebeco,"Respecto de la velocidad, el señor Presidente señala entender que se han tenido variaciones trimestrales negativas durante cuatro trimestres seguidos, es decir, a partir del segundo del 2008,","a lo cual el señor Claudio Soto menciona que el -1,6% corresponde a una variación positiva del orden de 6%. Por el lado de la demanda, el señor Gerente de Análisis Macroeconómico informa que hay una acumulación de existencias que se va corrigiendo de aquí hacia fines del horizonte. Recalca que en el presente trimestre se produce una desacumulación ",,RPM-2009-09-08:2696:6,Manuel Marfán Lewis,El Consejero señor Manuel Marfán consulta qué ocurre con la demanda interna sin la variación de existencias.,,,
3885,RPM-2009-09-08:2697:1,2697,2009-09-08 00:00:00,Claudio Soto Gamboa,Gerente de Análisis Macroeconómico,SUJETO_NOMBRE,LISTA_ASISTENCIA,FINAL_SIN_PUNTUACION,RPM-2009-09-08:T16,INICIO_EXPLICITO,,RPM-2009-09-08:2697:1,RPM-2009-09-08:2696:6,Manuel Marfán Lewis,El Consejero señor Manuel Marfán consulta qué ocurre con la demanda interna sin la variación de existencias.,"El señor Claudio Soto explica que, de acuerdo con la proyección del Banco, consumo e inversión están creciendo -1,7% y el consumo privado 0%. Indica que el consumo durable está creciendo de manera muy dinámica, que el consumo habitual no se desaceleró tanto y que la inversión está menos negativa que lo que se había considerado en julio, en parte po",,RPM-2009-09-08:2697:2,Sebastián Claro Edwards,"Al respecto, el Consejero señor Sebastián Claro comenta que la evolución de los salarios reales se relaciona claramente con la caída muy fuerte de la inflación y con los procesos de indexación de los salarios nominales, los que han seguido reajustándose. Sobre esta materia, consulta si ello se debe a un efecto cíclico, que debiera estar contribuyen",,,
3891,RPM-2009-09-08:2699:2,2699,2009-09-08 00:00:00,Manuel Marfán Lewis,Consejero,SUJETO_ROL_NOMBRE,LISTA_ASISTENCIA,FINAL_SIN_PUNTUACION,RPM-2009-09-08:T22,INICIO_EXPLICITO,,RPM-2009-09-08:2699:2,RPM-2009-09-08:2699:1,Andrés Velasco Brañes,"ión, y la inflación de ahora en adelante es más o menos predecible, entonces hay una posibilidad bastante alta de que el escenario real se quede más alto de lo que se desearía, para bajar rápidamente la tasa de desempleo. Expresa que esa sería su hipótesis base, agregando que sería ideal que ello fuera en otra dirección, pero es difícil imaginarlo.","El Consejero señor Marfán señala que, de todas maneras, los salarios tienden a converger a la evolución de la productividad en el largo plazo,",,RPM-2009-09-08:2699:3,Andrés Velasco Brañes,"a lo que el señor Ministro agrega que el problema es si el largo plazo son doce meses o doce años, ya que el salario real quedó sorprendentemente alto y la tasa de desempleo quedó sorprendentemente alta también por un periodo muy largo, por una década.",,,
3912,RPM-2009-09-08:2704:2,2704,2009-09-08 00:00:00,José De Gregorio Rebeco,Presidente del Banco Central,CONTEXTO_REVISADO,LISTA_ASISTENCIA,FINAL_SIN_PUNTUACION,RPM-2009-09-08:T43,SIN_CONTINUIDAD_CONFIRMADA,,,RPM-2009-09-08:2704:1,Beltrán de Ramón Acevedo,"rían estar fuera de ese spread, que ha estado cayendo en todos los sectores que son riesgosos, como la construcción, por ejemplo. Agrega tener antecedentes de que, en realidad, los bancos han puesto muchas más restricciones para otorgar líneas de crédito, más dificultades para otorgar créditos o solicitan más garantías para las boletas de garantía.","Es decir, no es problema de demanda, consulta el señor Presidente,",,RPM-2009-09-08:2704:3,Beltrán de Ramón Acevedo,"a lo cual el señor de Ramón manifiesta que no se puede concluir, necesariamente, que spreads más bajos y colocaciones estancadas sea un problema de demanda. Podría ser que subsistan los problemas de oferta de los bancos, que solamente han abierto líneas a algunos sectores.",,,
3914,RPM-2009-09-08:2704:4,2704,2009-09-08 00:00:00,Enrique Marshall Rivera,Consejero,SUJETO_ROL_NOMBRE,LISTA_ASISTENCIA,PASAJES_CONJUNTOS_POR_DELIMITAR,RPM-2009-09-08:T45,INICIO_EXPLICITO,,RPM-2009-09-08:2704:4,RPM-2009-09-08:2704:3,Beltrán de Ramón Acevedo,"a lo cual el señor de Ramón manifiesta que no se puede concluir, necesariamente, que spreads más bajos y colocaciones estancadas sea un problema de demanda. Podría ser que subsistan los problemas de oferta de los bancos, que solamente han abierto líneas a algunos sectores.","El Consejero señor Marshall aclara que la Superintendencia de Bancos entregó una cifra hace un par de semanas que mostraba un cierta estabilización en el margen, lo cual es confirmado por el señor Claudio Soto.",,RPM-2009-09-08:2705:1,Sebastián Claro Edwards,"El Consejero señor Sebastián Claro pregunta qué parte de la contracción de las colocaciones se debe a una contracción en el tamaño de los balances de los bancos y qué proporción a un cambio en la composición de sus activos. Señala que es importante saber cuál es la fuerza dominante, ya que, en su opinión, la salida es mucho más rápida si lo que se ",,,
3950,RPM-2009-10-13:2725:2,2725,2009-10-13 00:00:00,Sebastián Claro Edwards,Consejero,SUJETO_ROL_NOMBRE,LISTA_ASISTENCIA,FINAL_SIN_PUNTUACION,RPM-2009-10-13:T17,INICIO_EXPLICITO,,RPM-2009-10-13:2725:2,RPM-2009-10-13:2725:1,Sergio Lehmann Beresi,"ntrales, y la TAFL, se mantendrán estables. En cuanto al ECB, indica que solo se conoce su tamaño, no contándose con proyecciones al respecto. Comparativamente, los tamaños de ambos balances no son muy distintos hoy en día, a pesar de que partieron en niveles manifiestamente diversos, ya que el ECB operaba habitualmente con un balance muy superior.","Al respecto, el Consejero señor Sebastián Claro hace alusión al mecanismo que utiliza la FED de pagar intereses por las reservas que mantienen las empresas bancarias. En su opinión, en la medida que la FED paga intereses por las reservas e incentiva a los bancos a mantenerlas, el tamaño de su balance no va a disminuir. Por lo tanto, no necesariamen",,RPM-2009-10-13:2725:3,Sergio Lehmann Beresi,"El señor Lehmann confirma que asi es, agregando que visitó la FED hace unas semanas y que su percepción en materia de tamaño de balance es que probablemente no van a producirse mayores cambios en el corto ni en el mediano plazo. De hecho, la forma de lograr mayor efectividad en la política monetaria consistirá en usar para estos fines las tasas de ",,,
3954,RPM-2009-10-13:2726:1,2726,2009-10-13 00:00:00,Manuel Marfán Lewis,Consejero,SUJETO_ROL_NOMBRE,LISTA_ASISTENCIA,FINAL_SIN_PUNTUACION,RPM-2009-10-13:T21,INICIO_EXPLICITO,,RPM-2009-10-13:2726:1,RPM-2009-10-13:2725:5,Sergio Lehmann Beresi," mayor apetito por nesgo y de un mayor interés por invertir, particularmente en economías emergentes. En resumen, señala que, al menos durante el último mes, se observa una clara tendencia hacia la apreciación de las monedas y en materia de CDS, una caída de los premios por riesgo en prácticamente todas las economías, con algunas pocas excepciones.","El Consejero señor Manuel Marfán consulta si los spreads que reflejaban interés por liquidez siguen desalineados,",,RPM-2009-10-13:2726:2,Sergio Lehmann Beresi,"a lo cual el señor Lehmann responde que los spreads Libor OIS a un mes están bastante estables, muy similares a los niveles previos a la crisis. En cambio, los spreads a seis meses exhiben discrepancias. El spread histórico entre la tasa de política monetaria y la Libor a doce meses está más alto que antes de la crisis, acotando que si bien ha esta",,,
3980,RPM-2009-10-13:2743:1,2743,2009-10-13 00:00:00,Jorge Desormeaux Jiménez,Vicepresidente del Banco Central,SUJETO_NOMBRE,LISTA_ASISTENCIA,FINAL_SIN_PUNTUACION,RPM-2009-10-13:T45,INICIO_EXPLICITO,,RPM-2009-10-13:2743:1,RPM-2009-10-13:2742:1,Kevin Cowan Logan,"El Gerente de División de Política Financiera, señor Kevin Cowan, señala que las AFP básicamente han salido al exterior cubiertas, de manera que el impacto en el tipo de cambio es acotado, afectando más a la tasa offshore y a otras variables.","El señor Jorge Desormeaux comenta que el señor Pablo García mencionaba la semana anterior que, al final, la responsable de este fenómeno es la propia política monetaria,",,RPM-2009-10-13:2743:2,Andrés Velasco Brañes,"a lo cual el señor Ministro acota que, al final, el arbitraje cuenta.",,,
4017,RPM-2009-11-12:2765:4,2765,2009-11-12 00:00:00,José De Gregorio Rebeco,Presidente del Banco Central,SUJETO_ROL_SESION,LISTA_ASISTENCIA,FINAL_SIN_PUNTUACION,RPM-2009-11-12:T10,INICIO_EXPLICITO,,RPM-2009-11-12:2765:4,RPM-2009-11-12:2765:3,Sebastián Claro Edwards,"tián Claro hace presente que la calda del endeudamiento tiene asociada una caída quizás aun mayor en la riqueza, por lo que no es claro que el apalancamiento esté cayendo. Agrega que es la riqueza la que se ajustó rápidamente, con un menor valor de las casas y de los activos financieros, y, por lo tanto, el apalancamiento aumentó considerablemente.","Respecto del comentario del señor Claro, el señor Presidente afirma que el aumento de la tasa de ahorro es un síntoma de desapalancamiento,",,RPM-2009-11-12:2765:5,Jorge Desormeaux Jiménez,"y el señor Vicepresidente complementa que la caída de riqueza que permanece es la de la vivienda, porque el mercado accionario ha recuperado alguna parte de lo perdido.",,,
4022,RPM-2009-11-12:2768:1,2768,2009-11-12 00:00:00,José De Gregorio Rebeco,Presidente del Banco Central,SUJETO_ROL_SESION,LISTA_ASISTENCIA,FINAL_SIN_PUNTUACION,RPM-2009-11-12:T15,INICIO_EXPLICITO,,RPM-2009-11-12:2768:1,RPM-2009-11-12:2767:1,Sebastián Claro Edwards,"visando al alza de manera relativamente importante en las últimas semanas si las proyecciones de crecimiento mundial, que debieran ser el fundamento más importante de esas revisiones, se corrigen en el margen un poco al alza en el 2010 y a la baja en el año 2011. Al respecto, pregunta si la revisión se efectúa sobre la base de los datos históricos.",El señor Presidente comparte la inquietud del señor Claro,,RPM-2009-11-12:2768:2,Sergio Lehmann Beresi,"y el señor Sergio Lehmann agrega que seria útil contar con el precio de los commodities en otras monedas para la próxima Reunión. El señor Gerente de Análisis Internacional destaca que algo que ha sorprendido respecto a lo que se tenia en el último IPoM y respecto de las trayectorias del precio del dólar, es que la depreciación que se esperaba hace",,,
4024,RPM-2009-11-12:2768:3,2768,2009-11-12 00:00:00,Enrique Marshall Rivera,Consejero,SUJETO_ROL_NOMBRE,LISTA_ASISTENCIA,POSIBLE_OTRO_HABLANTE_O_MENCION,RPM-2009-11-12:T17,INICIO_EXPLICITO,,RPM-2009-11-12:2768:3,RPM-2009-11-12:2768:2,Sergio Lehmann Beresi," que lo anticipado, lo que, sin duda, tiene un impacto sobre los precios de los commodities. Los commodities, enfatiza, están recogiendo hoy un dólar más depreciado que la tendencia que se estaba viendo hace un mes atrás. Recalca que ese es un elemento realmente importante y que, de hecho, y a modo de ejemplo, ha estado empujando el precio del oro.","Al respecto, el Consejero señor Enrique Marshall recuerda que el Gerente de División Estudios, señor Pablo García, comentó que en una reunión en el Fondo Monetario Internacional había recogido visiones algo más negativas en relación con el mercado del petróleo. Señala desconocer si esas visiones han desaparecido por consideraciones más bien de ofer","Al respecto, el Consejero señor Enrique Marshall recuerda que el Gerente de División Estudios, señor Pablo García, comentó que en una reunión en el Fondo Monetario Internacional había recogido visiones algo más negativas en relación con el mercado del petróleo. ",RPM-2009-11-12:2768:4,Sergio Lehmann Beresi,"El señor Sergio Lehmann responde que ello, efectivamente, corresponde a un estudio de una institución en particular que, de alguna manera, recoge el hecho que las distribuciones de proyecciones del precio del petróleo de aquí a un año son bastante dispersas. Señala que es por ello que no se podrían descartar situaciones como que el precio estuviera",MENCION_LEGITIMA_REVISADA,MEN-20260907-2768,"POSIBLE_OTRO_HABLANTE_O_MENCION: Marshall recuerda un comentario pasado de García en una reunión del FMI; García es objeto del recuerdo, no un nuevo sujeto en la sesión actual. Señala desconocer continúa con Marshall y Lehmann responde después. Sólo se adjudica este aviso de mención; las alertas automáticas y otros motivos se conservan. Lectura del consolidado y entorno, sin cotejo PDF ni revisión humana independiente. No crea un ancla de continuidad ni cierra todo el padre."
4032,RPM-2009-11-12:2771:1,2771,2009-11-12 00:00:00,José De Gregorio Rebeco,Presidente del Banco Central,SUJETO_ROL_SESION,LISTA_ASISTENCIA,FINAL_SIN_PUNTUACION,RPM-2009-11-12:T25,INICIO_EXPLICITO,,RPM-2009-11-12:2771:1,RPM-2009-11-12:2770:4,Claudio Soto Gamboa,"ue se recuperarla más lento e industria algo más rápido, respecto de la Reunión pasada. Para resumir, manifiesta que el cuadro general es más bien parecido al de la Reunión anterior, pero que hay un cierto cambio en la composición y correcciones en algunos sectores de recursos naturales, como, por ejemplo, en minería, que se ha corregido a la baja.","El señor Presidente comenta que el sector industria está peor o igual y que construcción está peor,",,RPM-2009-11-12:2771:2,Jorge Desormeaux Jiménez,"a lo cual el señor Vicepresidente añade que construcción está basada en el catastro de septiembre, y este, a su vez, en la encuesta y en la información de agosto, por lo que no sería raro que tal vez la próxima lectura del catastro haga una corrección al alza.",,,
4043,RPM-2009-11-12:2776:3,2776,2009-11-12 00:00:00,José De Gregorio Rebeco,Presidente del Banco Central,SUJETO_NOMBRE,LISTA_ASISTENCIA,FINAL_SIN_PUNTUACION,RPM-2009-11-12:T36,INICIO_EXPLICITO,,RPM-2009-11-12:2776:3,RPM-2009-11-12:2776:2,Jorge Desormeaux Jiménez,"Al respecto, el señor Vicepresidente expresa que la realidad de Chile es muy distinta de la de otros países, pero que el problema es que puede repercutirnos lo que suceda en otros países.","El señor José De Gregorio complementa lo anterior, señalando que en países de Asia y de Europa, que están relativamente en buen pie, se contempla que la recuperación va a ser lenta el próximo año, lo que es, de cierta manera, incoherente con este cierre de brechas",,RPM-2009-11-12:2776:4,Manuel Marfán Lewis,"El Consejero señor Manuel Marfán menciona que muchas veces ocurre que ante fenómenos que están muy encima, no se sabe si ellos son un problema puramente temporal o si son un fenómeno macroeconómico. Señala que en el caso del mes de septiembre, por ejemplo, llama la atención el aplanamiento del crecimiento. Luego, se puede decir que en septiembre, a",,,
4052,RPM-2009-11-12:2779:2,2779,2009-11-12 00:00:00,Claudio Soto Gamboa,Gerente de Análisis Macroeconómico,SUJETO_NOMBRE,LISTA_ASISTENCIA,FINAL_SIN_PUNTUACION;FRAGMENTO_BREVE,RPM-2009-11-12:T45,INICIO_EXPLICITO,,RPM-2009-11-12:2779:2,RPM-2009-11-12:2779:1,Kevin Cowan Logan,"El Gerente de División Política Financiera, señor Kevin Cowan, manifiesta entender que el empleo asalariado en la construcción aumenta, pero que sumado con el empleo por cuenta propia en construcción está más bien estable.","El señor Soto asiente,",,RPM-2009-11-12:2779:3,Enrique Marshall Rivera,"mientras que el Consejero señor Enrique Marshall responde que ello contradice totalmente lo que se mostró en materia de construcción. En su opinión, en este sector se puede demostrar el empleo asalariado, ya que por empleo por cuenta propia, llevando las cosas a un extremo, se podría decir que este aumenta cuando los maestros empiezan a hacer traba",,,
4059,RPM-2009-11-12:2785:1,2785,2009-11-12 00:00:00,Sebastián Claro Edwards,Consejero,SUJETO_ROL_NOMBRE,LISTA_ASISTENCIA,FINAL_SIN_PUNTUACION,RPM-2009-11-12:T52,INICIO_EXPLICITO,,RPM-2009-11-12:2785:1,RPM-2009-11-12:2784:1,Matías Bernier Bórquez,"e tienen del DCV, el stock por grupos de inversionistas da cuenta de una disminución relativa en los tamaños de portafolio de bonos reajustables por parte de las AFP, así como también de una disminución de otros tipos de instrumentos de renta fija por parte de ellas, todo lo cual se asocia con movimientos en inversiones de renta fija internacional.","El Consejero señor Sebastián Claro señala que, en la medida que el mercado vea que el tipo de cambio real de equilibrio no ha variado mucho y observe una apreciación real spot, esas expectativas de depreciación deberán ir acompañadas de tasas en UF mayores Luego, se pasa de una situación con expectativas reales de depreciación cercanas a cero, por ",,RPM-2009-11-12:2785:2,Claudio Soto Gamboa,"a lo cual, el señor Claudio Soto responde que no es claro que existan expectativas de depreciación real. El Gerente de Análisis Macroeconómico retoma su presentación, refiriéndose a las colocaciones. Al respecto, indica que la curva de las colocaciones de consumo exhiben, en general, una cierta recuperación; que las colocaciones comerciales y las c",,,
4086,RPM-2009-12-15:2805:1,2805,2009-12-15 00:00:00,Sergio Lehmann Beresi,Gerente de Análisis Internacional,SUJETO_ROL_SESION,LISTA_ASISTENCIA,FINAL_SIN_PUNTUACION,RPM-2009-12-15:T3,INICIO_EXPLICITO,,RPM-2009-12-15:2805:1,RPM-2009-12-15:2804:1,José De Gregorio Rebeco,"el señor Presidente ofrece la palabra al Gerente de Análisis Internacional, señor Sergio Lehmann, para que presente la información sobre el escenario externo.","El Gerente de Análisis Internacional indica, en primer término, que la actividad continúa recuperándose a nivel global, y que la producción industrial y las exportaciones exhiben cifras en el margen positivas, tanto en economías desarrolladas como emergentes, dando cuenta de la evolución del sector comercio internacional y de la continuación del pr",,RPM-2009-12-15:2805:2,Manuel Marfán Lewis,"El Consejero señor Manuel Marfán consulta cuál es la diferencia entre la tasa de política monetaria (TPM) objetivo y la tasa efectiva,",,,
4087,RPM-2009-12-15:2805:2,2805,2009-12-15 00:00:00,Manuel Marfán Lewis,Vicepresidente del Banco Central,SUJETO_ROL_NOMBRE,LISTA_ASISTENCIA,FINAL_SIN_PUNTUACION,RPM-2009-12-15:T4,INICIO_EXPLICITO,,RPM-2009-12-15:2805:2,RPM-2009-12-15:2805:1,Sergio Lehmann Beresi," mes anterior. Reporta que se ha observado un aumento solo en el margen en las tasas de interés de largo plazo en Estados Unidos, tanto de aquellas a 10 años y de forma algo más marginal en las a 2 años, asociado al indicador de actividad algo más optimista que el esperado, mientras que en la zona Euro las tasas largas muestran bastante estabilidad","El Consejero señor Manuel Marfán consulta cuál es la diferencia entre la tasa de política monetaria (TPM) objetivo y la tasa efectiva,",,RPM-2009-12-15:2805:3,Sergio Lehmann Beresi,"a lo cual el señor Sergio Lehmann explica que esta última corresponde a la tasa overnight interbancaria. Agrega que ella ha estado en un nivel intermedio del rango definido para la tasa objetivo de la Reserva Federal (FED), aclarando que esta es la tasa a la que la FED presta a los bancos y no la Libor. En el caso de la zona Euro, en tanto, la dife",,,
4089,RPM-2009-12-15:2805:4,2805,2009-12-15 00:00:00,Manuel Marfán Lewis,Vicepresidente del Banco Central,SUJETO_NOMBRE,LISTA_ASISTENCIA,FINAL_SIN_PUNTUACION,RPM-2009-12-15:T6,INICIO_EXPLICITO,,RPM-2009-12-15:2805:4,RPM-2009-12-15:2805:3,Sergio Lehmann Beresi,"que ella ha estado en un nivel intermedio del rango definido para la tasa objetivo de la Reserva Federal (FED), aclarando que esta es la tasa a la que la FED presta a los bancos y no la Libor. En el caso de la zona Euro, en tanto, la diferencia, en general, es bastante más marcada, ya que la TPM es de 1%, pero la tasa efectiva está en torno a 0,5%.","El señor Marfán manifiesta que no tiene sentido que el Banco Central Europeo (BCE) establezca que su tasa de interés es de 1% y que la baje cuando resulta redundante,",,RPM-2009-12-15:2805:5,Pablo García Silva,"a lo cual el Gerente de División Estudios, señor Pablo García, menciona que el BCE ha mantenido esta disociación entre tener una tasa objetivo de 1% y validar tasas de mercado bastante más bajas que eso.",,,
4093,RPM-2009-12-15:2807:1,2807,2009-12-15 00:00:00,Enrique Marshall Rivera,Consejero,SUJETO_ROL_NOMBRE,LISTA_ASISTENCIA,FINAL_SIN_PUNTUACION,RPM-2009-12-15:T10,INICIO_EXPLICITO,,RPM-2009-12-15:2807:1,RPM-2009-12-15:2806:1,Beltrán de Ramón Acevedo,"El Gerente de División Operaciones Financieras, señor Beltrán de Ramón complementa, indicando que el BCE hizo otro cambio, que fue bajar la facilidad de depósito de - 0,50 a -0,75%. Afirma que fue extraordinariamente expansivo, dado que la mitad del banco quería mantener el 1% y la otra quería bajar la tasa a 0,5%, y que, sin hacerlo, lo lograron.","El Consejero señor Enrique Marshall comenta que lo mismo le ocurre al Banco Central de Chile, ya que la tasa está en 0,5%, pero en 0,35% efectivamente,",,RPM-2009-12-15:2807:2,Beltrán de Ramón Acevedo,a lo cual el señor de Ramón añade que ello se debe a que el Banco también ha sido expansivo.,,,
4096,RPM-2009-12-15:2808:1,2808,2009-12-15 00:00:00,Manuel Marfán Lewis,Vicepresidente del Banco Central,SUJETO_ROL_NOMBRE,LISTA_ASISTENCIA,FINAL_SIN_PUNTUACION,RPM-2009-12-15:T13,INICIO_EXPLICITO,,RPM-2009-12-15:2808:1,RPM-2009-12-15:2807:3,Sergio Lehmann Beresi,"iesgo eventual de default tiende a disiparse de alguna manera, y, consiguientemente, se produce una caída importante en sus CDS. En Grecia, en tanto, los CDS han tenido una trayectoria hacia el alza, pero, de todas maneras, su nivel es bastante más bajo comparado con el EMBI Global, aun cuando se esté hablando de spreads en torno a 200 puntos base.","El Consejero señor Manuel Marfán solicita que le confirmen si Grecia y Portugal tenían spread CDS igual a cero hasta fines del año 2008,",,RPM-2009-12-15:2808:2,Beltrán de Ramón Acevedo,"a lo cual el señor Beltrán de Ramón responde que era cercano a 10 puntos base sobre el bono alemán, que es el benchmark.",,,
4136,RPM-2009-12-15:2826:2,2826,2009-12-15 00:00:00,Enrique Marshall Rivera,Consejero,SUJETO_NOMBRE,LISTA_ASISTENCIA,FINAL_SIN_PUNTUACION,RPM-2009-12-15:T50,INICIO_EXPLICITO,,RPM-2009-12-15:2826:2,RPM-2009-12-15:2826:1,Manuel Marfán Lewis," eliminan ese tipo de volatilidad frente a la cual no se puede hacer nada. Agrega que el precio del petróleo está por sobre su precio de largo plazo, por lo que quizás es un buen momento para pensar en que el indicador a monitorear para efectos de la meta de inflación debiera depurarse de los elementos que no se controlan por la política monetaria.",El señor Marshall manifiesta compartir lo expuesto por el señor Marfán,,RPM-2009-12-15:2826:3,José De Gregorio Rebeco,y el señor José De Gregorio acota que Chile también presenta una inflación subyacente muy superior a la de otros países,,,
4137,RPM-2009-12-15:2826:3,2826,2009-12-15 00:00:00,José De Gregorio Rebeco,Presidente del Banco Central,CONTEXTO_REVISADO,LISTA_ASISTENCIA,FINAL_SIN_PUNTUACION,RPM-2009-12-15:T51,SIN_CONTINUIDAD_CONFIRMADA,,,RPM-2009-12-15:2826:2,Enrique Marshall Rivera,El señor Marshall manifiesta compartir lo expuesto por el señor Marfán,y el señor José De Gregorio acota que Chile también presenta una inflación subyacente muy superior a la de otros países,,RPM-2009-12-15:2826:4,Pablo García Silva,"Al respecto, el señor Pablo García señala que estima que hay dos temas que considerar: el primero, que si la meta que se quiere alcanzar es sobre alguna medida de inflación subyacente que excluya estas volatilidades. Plantea que para efectos concretos de las proyecciones que se están aplicando estos días no haría mucha diferencia, porque todas las ",,,
4155,RPM-2009-12-15:2838:1,2838,2009-12-15 00:00:00,Manuel Marfán Lewis,Vicepresidente del Banco Central,SUJETO_ROL_NOMBRE,LISTA_ASISTENCIA,FINAL_SIN_PUNTUACION,RPM-2009-12-15:T68,INICIO_EXPLICITO,,RPM-2009-12-15:2838:1,RPM-2009-12-15:2837:1,Enrique Marshall Rivera,"cididamente la recuperación y debe seguir cumpliendo ese rol, agregando que, por el momento, el principal riesgo que enfrenta el Consejo es retirar el estímulo monetario prematuramente, antes que esa recuperación se encuentre suficientemente asentada. En suma, el Consejero señor Enrique Marshall vota por mantener la TPM en su actual nivel de 0,50%.","El Vicepresidente Subrogante señor Manuel Marfán inicia su intervención, agradeciendo el análisis del staff, señalando que en esta oportunidad se beneficia de la cercanía del IPoM, y que hace suya la lista de antecedentes del punto 2 de la Minuta de Opciones, a la que añade los siguientes comentarios. En primer término, el señor Manuel Marfán menci",,RPM-2009-12-15:2838:2,José De Gregorio Rebeco,"Para finalizar con la votación, el Presidente, señor José De Gregorio, indica que al igual que el mes pasado, el escenario actual no dista significativamente del último IPoM, el cual, a su vez, es similar al que se presentará el miércoles 16 de diciembre ante la Comisión de Hacienda del Senado Señala que, aunque los últimos registros de actividad e",,,
4170,RPM-2010-01-14:2850:1,2850,2010-01-14 00:00:00,Manuel Marfán Lewis,Vicepresidente del Banco Central,SUJETO_ROL_NOMBRE,LISTA_ASISTENCIA,FINAL_SIN_PUNTUACION,RPM-2010-01-14:T8,INICIO_EXPLICITO,,RPM-2010-01-14:2850:1,RPM-2010-01-14:2849:1,Sebastián Claro Edwards," mencionando que si se revisa la apreciación del peso desde marzo de 2009 o desde diciembre último, esta es similar a la de otros países. Al respecto, hace ver que muchos de los países que r aparecen similares a Chile han intervenido significativamente, por lo que sugiere separarlos de los que no han intervenido para efectuar una buena comparación.","El Vicepresidente, señor Manuel Marfán, manifiesta que hay algunos temas sobre la coyuntura internacional que, en su opinión, son crecientemente importantes. El primero se refiere a la percepción de que la economía mundial quizás está sostenida por un “respirador artificial”, sin el cual esta se derrumba, lo cual significa que hay que mantenerlo. N",,RPM-2010-01-14:2850:2,Enrique Marshall Rivera,"El Consejero señor Enrique Marshall hace presente que los antecedentes expuestos dan cuenta de la normalización que ha tenido lugar en los mercados financieros, especialmente cuando se consideran los promedios, por lo que se está en una situación comparable con la precrisis. Sin embargo, expresa que esos mismos antecedentes dan cuenta que los merca",,,
4173,RPM-2010-01-14:2852:1,2852,2010-01-14 00:00:00,Rodrigo Vergara Montes,Consejero,SUJETO_ROL_NOMBRE,LISTA_ASISTENCIA,FINAL_SIN_PUNTUACION,RPM-2010-01-14:T11,INICIO_EXPLICITO,,RPM-2010-01-14:2852:1,RPM-2010-01-14:2851:1,Pablo García Silva,"son más bien financieros que aumentan la demanda por inventarios, más que la demanda final o, más bien, que son expectativas de demanda final más que evolución contemporánea de la demanda, que están empujando el precio de los commodities. Al respecto, plantea cierto riesgo de que si esto no se materializa, finalmente se tendrían problemas a futuro.","El Consejero señor Rodrigo Vergara consulta por qué los commodities agrícolas se han quedado atrás en este recuento,",,RPM-2010-01-14:2852:2,Sergio Lehmann Beresi,"a lo cual el señor Sergio Lehmann responde que el componente financiero de los bienes agrícolas es mucho menos importante desde el punto de vista de las transacciones en el mercado financiero, añadiendo que, en todo caso, todavía está por verse si el aumento del precio del cobre y del petróleo tienen componentes financieros muy importantes. Al resp",,,
4206,RPM-2010-01-14:2874:3,2874,2010-01-14 00:00:00,Enrique Marshall Rivera,Consejero,SUJETO_NOMBRE,LISTA_ASISTENCIA,FINAL_SIN_PUNTUACION,RPM-2010-01-14:T41,INICIO_EXPLICITO,,RPM-2010-01-14:2874:3,RPM-2010-01-14:2874:2,Matías Bernier Bórquez,"ue ellos dicen que el racional que hay detrás es que se debe ir a la Bolsa a liquidar toda su posición. Agrega que cuando hay posiciones muy relevantes, la Superintendencia señala que se puede computar alrededor del 40% de su stock como tramo de liquidez y el resto tiene que llevarse al tramo que tiene el bono, que pueden ser cinco años, seis años.","El señor Enrique Marshall comenta que la Superintendencia debe cumplir con sus funciones y exigir que los bancos cumplan con la normativa de calce. En este caso, para calzarse en su momento, los bancos van a tener que ir a la Bolsa a vender esos bonos, lo que tiene efecto sobre las tasas, por lo que le cuesta aceptar el argumento de que ello no ten",,RPM-2010-01-14:2874:4,Pablo García Silva,"El Gerente de División Estudios, señor Pablo García, señala que, respecto de la actividad, el diagnóstico de velocidad que, a su juicio, es al final el que interesa para ver la evolución de la brecha, no está siendo muy distinto del que se tenía incluso en el IPoM de septiembre. Agrega que ahora se podría calificar que una salida por el lado de la ",,,
4238,RPM-2010-02-11:2896:1,2896,2010-02-11 00:00:00,Rodrigo Vergara Montes,Consejero,SUJETO_ROL_NOMBRE,LISTA_ASISTENCIA,FINAL_SIN_PUNTUACION,RPM-2010-02-11:T12,INICIO_EXPLICITO,,RPM-2010-02-11:2896:1,RPM-2010-02-11:2895:1,Sergio Lehmann Beresi,"obre futuro y que, incluso, los otros agentes han efectuado proyecciones para el 2011 más altas que para el presente año. Explica que el precio proyectado por el Banco se basa en el supuesto de la existencia de elementos relacionados con la oferta que empezarían a introducirse o aparecer en este año, los cuales deberían moderar este comportamiento.","El Consejero señor Rodrigo Vergara consulta si el ser más pesimista en esta materia es un patrón seguido por el Banco,",,RPM-2010-02-11:2896:2,Sergio Lehmann Beresi,"a lo cual el señor Lehmann responde que no lo es,",,,
4239,RPM-2010-02-11:2896:2,2896,2010-02-11 00:00:00,Sergio Lehmann Beresi,Gerente de Análisis Internacional,SUJETO_NOMBRE,LISTA_ASISTENCIA,FINAL_SIN_PUNTUACION,RPM-2010-02-11:T13,INICIO_EXPLICITO,,RPM-2010-02-11:2896:2,RPM-2010-02-11:2896:1,Rodrigo Vergara Montes,"El Consejero señor Rodrigo Vergara consulta si el ser más pesimista en esta materia es un patrón seguido por el Banco,","a lo cual el señor Lehmann responde que no lo es,",,RPM-2010-02-11:2896:3,Pablo García Silva,"en tanto que el señor Pablo García señala que la estimación se vincula con el diagnóstico de precios a largo plazo que se ha mantenido después de haberse incrementado en torno a US$2 la libra en términos reales. Añade que la percepción es que va a alcanzar ese valor y explica que el precio de largo plazo mencionado, de US$2 la libra en términos rea",,,
4242,RPM-2010-02-11:2897:1,2897,2010-02-11 00:00:00,Sebastián Claro Edwards,Consejero,SUJETO_ROL_NOMBRE,LISTA_ASISTENCIA,FINAL_SIN_PUNTUACION,RPM-2010-02-11:T16,INICIO_EXPLICITO,,RPM-2010-02-11:2897:1,RPM-2010-02-11:2896:4,Sergio Lehmann Beresi,"en el margen algunos signos de estabilidad para el sector laboral en un grupo amplio de economías, que, de hecho, coincide con una percepción tal vez algo más optimista por parte de los consumidores que, sorpresivamente, y particularmente en el caso de Estados Unidos, mostró una recuperación en la última lectura, que no era esperada por el mercado.","El Consejero señor Sebastián Claro consulta si son semejantes las importaciones de las diversas economías, como también si es efectivo que estas se concentran en Asia,",,RPM-2010-02-11:2897:2,Sergio Lehmann Beresi,"a lo cual el señor Lehmann responde que en las economías asiáticas se han visto aumentos relevantes de importaciones, no así en algunas economías de Europa y Estados Unidos. Refiriéndose a los mercados hipotecarios, el Gerente de Análisis Internacional hace presente que continúan recuperándose lentamente. Detalla que se observan aumentos en los pre",,,
4265,RPM-2010-02-11:2910:1,2910,2010-02-11 00:00:00,José De Gregorio Rebeco,Presidente del Banco Central,SUJETO_ROL_NOMBRE,LISTA_ASISTENCIA,FINAL_SIN_PUNTUACION,RPM-2010-02-11:T38,INICIO_EXPLICITO,,RPM-2010-02-11:2910:1,RPM-2010-02-11:2909:3,Claudio Soto Gamboa,"n por el efecto tipo de cambio y precios. Agrega que ello se ve reforzado, además, por un mayor gasto efectivo, que en vez de ser de 16,2%, que era el que se había estimado en octubre, resultó ser de 17,8%; es decir, hubo un mayor gasto público, que llevó a un déficit para el año 2009 de -4,5%, con un déficit estructural cercano a un punto ese mes.","El Presidente, señor José De Gregorio, consulta si la regla del balance estructural era de 0,5%,",,RPM-2010-02-11:2910:2,Claudio Soto Gamboa,"a lo cual el señor Claudio Soto responde que era de 0%,",,,
4266,RPM-2010-02-11:2910:2,2910,2010-02-11 00:00:00,Claudio Soto Gamboa,Gerente de Análisis Macroeconómico,SUJETO_NOMBRE,LISTA_ASISTENCIA,FINAL_SIN_PUNTUACION,RPM-2010-02-11:T39,INICIO_EXPLICITO,,RPM-2010-02-11:2910:2,RPM-2010-02-11:2910:1,José De Gregorio Rebeco,"El Presidente, señor José De Gregorio, consulta si la regla del balance estructural era de 0,5%,","a lo cual el señor Claudio Soto responde que era de 0%,",,RPM-2010-02-11:2910:3,Pablo García Silva,"en tanto que el señor Pablo García agrega que a comienzos del año 2009 el anuncio fue que el objetivo para ese ejercicio fuera cero y que después, en el mes de octubre, al discutirse la Ley de Presupuesto, la proyección que se tenía era de -0,4% y resultó ser de -0,9%.",,,
4272,RPM-2010-02-11:2915:1,2915,2010-02-11 00:00:00,Pablo García Silva,Gerente de División Estudios,SUJETO_ROL_NOMBRE,LISTA_ASISTENCIA,FINAL_SIN_PUNTUACION,RPM-2010-02-11:T45,INICIO_EXPLICITO,,RPM-2010-02-11:2915:1,RPM-2010-02-11:2914:1,Claudio Soto Gamboa,"que, considerando cifras desestacionalizadas, el aumento en el margen que se observa en los CMOX y en los IREMX, esto es, los que excluyen minería, constituye un aumento genuino, que va más allá de los efectos estacionales de los aumentos de salarios. De hecho, indica que si se considera el dato efectivo, este fue de alrededor de 1% en ambos casos.","El Gerente de División Estudios, señor Pablo García, agrega que, aunque la variación de los salarios en el mes de diciembre fue aproximadamente dos tercios del incremento registrado en diciembre de 2008, lo que hace disminuir la variación doce meses, de todas formas, dada la dinámica habitual de la estacionalidad, podría haber sido incluso más baja",,RPM-2010-02-11:2915:2,Sebastián Claro Edwards,"El Consejero señor Sebastián Claro recuerda que ese era el dato que en la RPM pasada se estaba esperando para diciembre del año 2009, con el objeto de apreciar si la tasa de desempleo original, no desestacionalizada, caía significativamente.",,,
4274,RPM-2010-02-11:2915:3,2915,2010-02-11 00:00:00,Pablo García Silva,Gerente de División Estudios,SUJETO_NOMBRE,LISTA_ASISTENCIA,FINAL_SIN_PUNTUACION,RPM-2010-02-11:T47,INICIO_EXPLICITO,,RPM-2010-02-11:2915:3,RPM-2010-02-11:2915:2,Sebastián Claro Edwards,"El Consejero señor Sebastián Claro recuerda que ese era el dato que en la RPM pasada se estaba esperando para diciembre del año 2009, con el objeto de apreciar si la tasa de desempleo original, no desestacionalizada, caía significativamente.","Al respecto, el señor García indica que la tasa de desempleo efectivamente cayó, pero que podría haber disminuido más, si no se controlara por la estacionalidad habitual de que en el mes de diciembre se produce el reajuste del sector público. i",,RPM-2010-02-11:2915:4,Claudio Soto Gamboa,"En cuanto a las tasas de variación de los salarios reales, el señor Claudio Soto indica que el último dato da cuenta de una calda, no obstante que el registro de diciembre de precios fue negativo y el dato de salarios fue positivo, explicando que la base de comparación de diciembre del año pasado hace que en doce meses se registre una caída en la t",,,
4276,RPM-2010-02-11:2916:1,2916,2010-02-11 00:00:00,José De Gregorio Rebeco,Presidente del Banco Central,SUJETO_ROL_SESION,LISTA_ASISTENCIA,FINAL_SIN_PUNTUACION,RPM-2010-02-11:T49,INICIO_EXPLICITO,,RPM-2010-02-11:2916:1,RPM-2010-02-11:2915:4,Claudio Soto Gamboa,"ándar, consistente en el cambio en el precio multiplicado por la ponderación y dividido por el IPC esperado. Indica que el IPC en promedio del índice es muy parecido, es decir que el del mes de diciembre es similar en base 2009 promedio igual 100 que en base diciembre 2008 igual 100, agregando que el ponderador aumentó levemente, desde 1,60 a 1,86.","El señor Presidente consulta si ello significa que los precios, en promedio, eran muy parecidos en diciembre del año 2008 con el promedio de todo el año 2009,",,RPM-2010-02-11:2916:2,Pablo García Silva,a lo cual el señor Pablo García responde que corresponde al IPC en su conjunto.,,,
4287,RPM-2010-02-11:2925:1,2925,2010-02-11 00:00:00,José De Gregorio Rebeco,Presidente del Banco Central,SUJETO_ROL_SESION,LISTA_ASISTENCIA,FINAL_SIN_PUNTUACION,RPM-2010-02-11:T60,INICIO_EXPLICITO,,RPM-2010-02-11:2925:1,RPM-2010-02-11:2924:1,Claudio Soto Gamboa,"El señor Claudio Soto responde que no, porque el efecto cambio de base se produjo ahora solamente en un mes, esto es, en el primer mes, y que ese efecto fue fundamentalmente en un ítem que tuvo una variación muy importante el año pasado y que actualmente también presenta un incremento relevante al alza.","El señor Presidente pregunta si el cambio de base aplica solo para este mes,",,RPM-2010-02-11:2925:2,Pablo García Silva,"a lo cual el señor Pablo García señala que, finalmente, en ese producto en particular es donde se produjo la principal diferencia, porque en el resto de los productos el pasar de base diciembre 2008 a promedio 2009, la variación no es relevante.",,,
4304,RPM-2010-02-11:2938:1,2938,2010-02-11 00:00:00,Enrique Marshall Rivera,Consejero,SUJETO_ROL_NOMBRE,LISTA_ASISTENCIA,FINAL_SIN_PUNTUACION,RPM-2010-02-11:T77,INICIO_EXPLICITO,,RPM-2010-02-11:2938:1,RPM-2010-02-11:2937:2,Claudio Soto Gamboa,"Al respecto, el señor Claudio Soto acota que ello tendrá después el efecto opuesto de generar una variación en doce meses que va a ser mayor como consecuencia de la base de comparación más baja.","El Consejero señor Enrique Marshall consulta si ello genera consecuencias en el precio que está indexado, señalando el señor García que tendrá efectos en los",,RPM-2010-02-11:2938:2,Manuel Marfán Lewis,"El Vicepresidente, señor Manuel Marfán, manifiesta que ha sido beneficioso que el cambio metodológico ocurra en un momento en que la inflación se encuentra baja, en dos puntos y medio bajo el límite inferior del rango meta, ya que ello contribuye a subir la inflación sin necesidad de hacer política monetaria. Señala que lo mismo ocurre con el compo",,,
4315,RPM-2010-02-11:2947:2,2947,2010-02-11 00:00:00,Claudio Soto Gamboa,Gerente de Análisis Macroeconómico,SUJETO_ROL_SESION,LISTA_ASISTENCIA,FINAL_SIN_PUNTUACION,RPM-2010-02-11:T88,INICIO_EXPLICITO,,RPM-2010-02-11:2947:2,RPM-2010-02-11:2947:1,Pablo García Silva,"El señor Pablo García comenta que una hipótesis respecto del alza de las colocaciones en diciembre pasado radica en que, dado que se iba a dar inicio a la aplicación del impuesto de timbres y estampillas nuevamente, se habría producido una oferta de créditos durante ese mes.","El Gerente de Análisis Macroeconómico hace presente a continuación que las bolsas registran una corrección, la que no es tan distinta de lo que ha ocurrido en nuestra economía. Explica que, por efectos cambíanos, la caída de la bolsa en dólares ha sido mucho mayor que la registrada en pesos, determinando que el ajuste en Chile es comparable con lo ",,RPM-2010-02-11:2947:3,José De Gregorio Rebeco,"El Presidente, señor José De Gregorio, solicita se aclare si la posición neta de las AFP está siendo compensada, en parte, por la de otros agentes, señalando que esperaría que se tratara de los corporativos.",,,
4327,RPM-2010-02-11:2956:1,2956,2010-02-11 00:00:00,José De Gregorio Rebeco,Presidente del Banco Central,SUJETO_ROL_NOMBRE,LISTA_ASISTENCIA,FINAL_SIN_PUNTUACION,RPM-2010-02-11:T100,INICIO_EXPLICITO,,RPM-2010-02-11:2956:1,RPM-2010-02-11:2955:1,Kevin Cowan Logan,"El señor Kevin Cowan responde que ya se produjo una reversión y que la velocidad de esta, por lo menos en la parte empírica, es relativamente lenta.","El Presidente, señor José De Gregorio, pregunta si el cambio de la posición de las AFP tendría efectos permanentes,",,RPM-2010-02-11:2956:2,Kevin Cowan Logan,"a lo cual el señor Cowan señala que son transitorios, pero de naturaleza prolongada, agregando que lo que había ocurrido hasta antes del mes de octubre de 2007 es que estos cambios se producían por períodos breves, de uno o dos días, y que luego se diluían. Explica que lo que está ocurriendo ahora es una secuencia de shocks que, a la larga, pueden ",,,
4363,RPM-2010-03-18:2981:1,2981,2010-03-18 00:00:00,Enrique Marshall Rivera,Consejero,SUJETO_NOMBRE,LISTA_ASISTENCIA,FINAL_SIN_PUNTUACION,RPM-2010-03-18:T15,INICIO_EXPLICITO,,RPM-2010-03-18:2981:1,RPM-2010-03-18:2980:1,Claudio Soto Gamboa," no ha efectuado la comparación con el perfil habitual de indexación, porque eso se debería reevaluar a la luz de los nuevos datos de salarios. No obstante, indica que sí se puede observar en el margen que la tasa de crecimiento es de 3%, coherente con el crecimiento y la productividad media del trabajo de estado estacionario, que es en torno a 3%.","El señor Enrique Marshall consulta si la ecuación que se presenta comprende la variación referencial,",,RPM-2010-03-18:2981:2,Claudio Soto Gamboa,"a lo cual el señor Claudio Soto responde que el INE entregó una serie de niveles de salarios para todo el 2009, a diferencia de la Gerencia de Análisis Macroeconómico, que ha hecho un empalme muy sencillo por regla de tres a partir de enero de 2009 con la serie histórica. Agrega que el INE ha señalado que esta comparación no es válida, porque son m",,,
4367,RPM-2010-03-18:2981:5,2981,2010-03-18 00:00:00,Enrique Marshall Rivera,Consejero,SUJETO_ROL_NOMBRE,LISTA_ASISTENCIA,FINAL_SIN_PUNTUACION,RPM-2010-03-18:T19,INICIO_EXPLICITO,,RPM-2010-03-18:2981:5,RPM-2010-03-18:2981:4,Claudio Soto Gamboa," de mayor debilidad va a continuar durante el segundo trimestre. No obstante, destaca que hay otros sectores que van a verse compensados en su dinámica de crecimiento, como es el caso del de la construcción, donde se espera que haya un rebote y más actividad en el segundo trimestre que lo que se hubiera registrado de no haber ocurrido el terremoto.","El Consejero señor Enrique Marshall consulta a qué corresponden el -1,1% y el - 0,7%,",,RPM-2010-03-18:2981:6,José De Gregorio Rebeco,"señalando el señor Presidente que es el cambio en la tasa de crecimiento respecto a un escenario pre terremoto. Agrega que como consecuencia del terremoto, el nivel del PIB podría disminuir 2% en el primer trimestre y 1,4% en el segundo.",,,
4371,RPM-2010-03-18:2983:1,2983,2010-03-18 00:00:00,Claudio Soto Gamboa,Gerente de Análisis Macroeconómico,SUJETO_NOMBRE,LISTA_ASISTENCIA,FINAL_SIN_PUNTUACION,RPM-2010-03-18:T23,INICIO_EXPLICITO,,RPM-2010-03-18:2983:1,RPM-2010-03-18:2982:1,Sebastián Claro Edwards,"nes del IPoM de marzo que las caídas de 2% y de 1,4% comentadas tienen dos componentes: el primero, la caída asociada directamente al menor capital que va generando menor producto; y el segundo, que existe, además, un agregado de una percepción de cuánto cayó la actividad, no por menor disponibilidad de factores, sino que porque hay una disrupción.","El señor Claudio Soto confirma que esos son los dos componentes,",,RPM-2010-03-18:2983:2,Pablo García Silva,"en tanto que el señor Pablo García explica que no es que dichos números se obtengan a partir del diagnóstico de cuánto cayó la oferta versus la demanda, sino que se llega a ellos basados en información de prensa y de la SOFOFA respecto de qué pasó con las empresas y con determinados sectores de la economía. Indica que, después, para calibrar cómo e",,,
4390,RPM-2010-03-18:2997:1,2997,2010-03-18 00:00:00,José De Gregorio Rebeco,Presidente del Banco Central,SUJETO_ROL_SESION,LISTA_ASISTENCIA,FINAL_SIN_PUNTUACION,RPM-2010-03-18:T42,INICIO_EXPLICITO,,RPM-2010-03-18:2997:1,RPM-2010-03-18:2996:2,Matías Bernier Bórquez,"zo como colaterales. De hecho, precisa que el incremento ha sido motivado exclusivamente por bancos que han sustituido la FLAP, utilizando depósitos a plazo y trasladándolos a operaciones REPO, y hace especial mención a que esas operaciones REPO tienen, en la práctica, poco más de un mes de vigencia adicional al plazo máximo de vigencia de la FLAP.","El señor Presidente pregunta el plazo de los REPO,",,RPM-2010-03-18:2997:2,Matías Bernier Bórquez,"a lo cual el señor Bernier responde que son a 28 días. Añade que el comunicado del Consejo del 30 de octubre del año pasado anunció el último acceso a REPO de 28 días para el día 30 de junio, haciendo ver que como estos accesos se hacen semanalmente, el último de ellos tendrá lugar el último martes del mes de junio.",,,
4397,RPM-2010-03-18:3001:1,3001,2010-03-18 00:00:00,Sebastián Claro Edwards,Consejero,SUJETO_ROL_NOMBRE,LISTA_ASISTENCIA,FINAL_SIN_PUNTUACION,RPM-2010-03-18:T49,INICIO_EXPLICITO,,RPM-2010-03-18:3001:1,RPM-2010-03-18:3000:2,Beltrán de Ramón Acevedo,"Al respecto, el Gerente de División Operaciones Financieras, señor Beltrán de Ramón, recuerda que la FLAP y el REPO no son lo mismo, porque una es una tasa fija y la otra una tasa variable.","El Consejero señor Sebastián Claro consulta si antes habían operaciones REPO,",,RPM-2010-03-18:3001:2,Matías Bernier Bórquez,"a lo cual el señor Matías Bernier responde que efectivamente existían operaciones vigentes. Recuerda que dichas operaciones fueron creadas para permitir la esterilización monetaria de las operaciones de compra swap de divisas, creadas en octubre de 2008. Explica que, aun cuando en julio del año pasado había un stock relevante de operaciones REPO vi",,,
4403,RPM-2010-03-18:3006:1,3006,2010-03-18 00:00:00,Manuel Marfán Lewis,Vicepresidente del Banco Central,SUJETO_ROL_SESION,LISTA_ASISTENCIA,FINAL_SIN_PUNTUACION,RPM-2010-03-18:T55,INICIO_EXPLICITO,,RPM-2010-03-18:3006:1,RPM-2010-03-18:3005:1,Pablo García Silva,"ro que, en general, el diagnóstico que se podría pensar que se había hecho, y que obviamente tiene un componente especulativo, habría considerado un punto más de crecimiento para el año, un punto más de inflación para el año y una mayor TPM. Agrega que, a partir de ese diagnóstico, esos resultados habrían desembocado en el IPoM en unas semanas más.","El señor Vicepresidente pregunta cuáles son los supuestos que se hacen respecto de la política fiscal para este año,",,RPM-2010-03-18:3006:2,Claudio Soto Gamboa,"a lo cual el señor Claudio Soto responde que el escenario con que se ha trabajado, que es a seis meses, no incorpora supuestos al respecto, porque se está suponiendo que cualquier paquete fiscal tendría efectos en el segundo semestre. Añade que el ejercicio que se vio en el IPoM contempla un supuesto de un paquete fiscal de medio punto del PIB apro",,,
4436,RPM-2010-04-15:3028:1,3028,2010-04-15 00:00:00,José De Gregorio Rebeco,Presidente del Banco Central,SUJETO_ROL_SESION,LISTA_ASISTENCIA,FINAL_SIN_PUNTUACION,RPM-2010-04-15:T6,INICIO_EXPLICITO,,RPM-2010-04-15:3028:1,RPM-2010-04-15:3027:1,Sergio Lehmann Beresi,"estas cifras y que, de hecho, se ha podido observar un aumento importante en los mercados financieros. No obstante, aventuraría a decir que la recuperación por el lado del consumo podría presentar alguna incertidumbre, derivada fundamentalmente de la evolución aún moderada de la componente empleo, que es la que tiene mayor impacto sobre el consumo.","El señor Presidente pregunta cuánto va a crecer Estados Unidos este año,",,RPM-2010-04-15:3028:2,Sergio Lehmann Beresi,"a lo cual el señor Lehmann responde que se espera una cifra que oscila entre 2,5 y 3%.",,,
4455,RPM-2010-04-15:3041:1,3041,2010-04-15 00:00:00,Enrique Marshall Rivera,Consejero,SUJETO_NOMBRE,LISTA_ASISTENCIA,FINAL_SIN_PUNTUACION,RPM-2010-04-15:T23,INICIO_EXPLICITO,,RPM-2010-04-15:3041:1,RPM-2010-04-15:3040:1,Pablo García Silva,"ó esta cifra de 3,3% de mayor gasto de arrastre, ello llevó a un crecimiento de 5,5% para este año, bajo el supuesto de que no hay ningún arrastre de este año al próximo, lo que, a su vez, lleva a un déficit estructural de 1,2%. A eso, se suma luego el supuesto del programa fiscal de reconstrucción y por eso se llega al 1,7% de déficit estructural.","El señor Enrique Marshall comenta que el diario El Mercurio dio cuenta esta mañana de algo distinto, mencionando los PPM del año pasado,",,RPM-2010-04-15:3041:2,Pablo García Silva,"a lo cual el Gerente de División Estudios, señor Pablo García, indica que eso tiene que ver con la cifra de déficit efectivo y superávit efectivo.",,,
4462,RPM-2010-04-15:3047:1,3047,2010-04-15 00:00:00,Rodrigo Vergara Montes,Consejero,SUJETO_NOMBRE,LISTA_ASISTENCIA,FINAL_SIN_PUNTUACION,RPM-2010-04-15:T30,INICIO_EXPLICITO,,RPM-2010-04-15:3047:1,RPM-2010-04-15:3046:1,Pablo García Silva,"El señor Pablo García confirma que ello es exactamente así, agregando que si no hubiera carry over, el déficit estructural sería inferior.",El señor Rodrigo Vergara solicita se le detalle qué es exactamente el carry overo,,RPM-2010-04-15:3047:2,Claudio Soto Gamboa,"El señor Soto responde que los tres ítems más importantes son los mayores reajustes en el sector público, que se acordaron después de aprobada la Ley de Presupuestos y que se están considerando como mayor gasto para este año; una serie de partidas de proyectos de inversión del MOP que venían del año pasado y que se trasladan para este; y, además, e",,,
4476,RPM-2010-04-15:3053:1,3053,2010-04-15 00:00:00,Rodrigo Vergara Montes,Consejero,SUJETO_ROL_NOMBRE,LISTA_ASISTENCIA,FINAL_SIN_PUNTUACION,RPM-2010-04-15:T44,INICIO_EXPLICITO,,RPM-2010-04-15:3053:1,RPM-2010-04-15:3052:1,Claudio Soto Gamboa,"o de la indexación se devuelve parcialmente en julio, y que se está considerando también que en julio se devuelve lo que queda del impuesto de timbres y estampillas, que tiene un efecto de 0,6 décimas aproximadamente en el IPC de julio. Señala que en caso que eso no ocurriera, habría que hacer un ajuste a la baja en la inflación del IPCX y del IPC.","El Consejero señor Rodrigo Vergara pregunta en cuánto afecta el alza del Transantiago,",,RPM-2010-04-15:3053:2,Claudio Soto Gamboa,"a lo cual el señor Soto responde que a los $30 ya considerados hay que agregar un extra de $10 en este horizonte. Añade que después, cuando se hizo la proyección para el año. se había considerado algo más para el segundo semestre.",,,
4542,RPM-2010-05-13:3101:1,3101,2010-05-13 00:00:00,Rodrigo Vergara Montes,Consejero,SUJETO_ROL_NOMBRE,LISTA_ASISTENCIA,FINAL_SIN_PUNTUACION,RPM-2010-05-13:T25,INICIO_EXPLICITO,,RPM-2010-05-13:3101:1,RPM-2010-05-13:3100:1,Claudio Soto Gamboa,"esto al tabaco y por el nuevo supuesto para el Transantiago. De esta forma, plantea que la inflación estaría algo por sobre la meta en agosto, en septiembre sería de 3% y en octubre, de 3,3%, con una inflación del IPCX1 algo más rezagada. Agrega que para mayo se está proyectando un IPC del 0,4%, más bien en línea con lo que proyecta hoy el mercado.","El Consejero señor Rodrigo Vergara pregunta si el IPC de agosto y septiembre considera el Transantiago y el impuesto al tabaco,",,RPM-2010-05-13:3101:2,Claudio Soto Gamboa,"a lo cual el señor Claudio Soto responde que hay elementos estacionales que considerar, por ejemplo, el aumento de los pasajes de buses y una serie de alimentos que suben en esa fecha. Añade que en la parte del X se tienen los impuestos más algunas tarifas y que para llegar finalmente al IPC, se tiene también la trayectoria de combustibles, que con",,,
4555,RPM-2010-05-13:3107:3,3107,2010-05-13 00:00:00,Matías Bernier Bórquez,Gerente de Mercados Financieros Nacionales,CONTEXTO_REVISADO,LISTA_ASISTENCIA,TEXTO_DANADO_POR_COTEJAR,RPM-2010-05-13:T37,SIN_CONTINUIDAD_CONFIRMADA,,,RPM-2010-05-13:3107:2,Beltrán de Ramón Acevedo," hoy día, ya que subió un poco y la de 360 días está, de hecho, en algo más de 2% y, por lo tanto, puede ser que los bancos se estén deshaciendo de ese tipo de depósitos de manera ordenada. En resumen, indica que los bancos más bien mantienen los papeles que cree que van a subir de valor y, mientras tanto, con esos papeles obtienen liquidez gratis.","Para complementar, el Gerente de Mercados Financieros Nacionales, señor Matías Bernier, señala que los vencimientos más cuantiosos de la FLAP han sido que no ha renovado en los Repos, y últimamente. Agrega que el ha ido disminuyendo su posición de liquidez neta y no ha sustituido los depósitos a plazo, sino que ha traído nuevos bonos.",,RPM-2010-05-13:3108:1,Claudio Soto Gamboa,"El Gerente de Análisis Macroeconómico, señor Claudio Soto, refiriéndose a la consulta del Consejero señor Sebastián Claro sobre la cifra de actividad, menciona que hay un dato del primer trimestre que el mercado desconoce, que es dos décimas inferior y que está incluido en la proyección del Banco. Informa, asimismo, que se ha tratado de hacer una p",,,
4580,RPM-2010-05-13:3123:2,3123,2010-05-13 00:00:00,José De Gregorio Rebeco,Presidente del Banco Central,SUJETO_ROL_SESION,LISTA_ASISTENCIA,FINAL_SIN_PUNTUACION,RPM-2010-05-13:T55,INICIO_EXPLICITO,,RPM-2010-05-13:3123:2,RPM-2010-05-13:3123:1,Enrique Marshall Rivera,"ertas, y que, en ese cuadro, no parece conveniente introducir una sorpresa iniciando el proceso de normalización antes de lo que el mercado espera. Sopesando todos estos argumentos, el Consejero señor Enrique Marshall declara inclinarse, finalmente, por no innovar en esta Reunión, votando, por tanto, por mantener la TPM en su actual nivel de 0,50%.","Al continuar con la votación, el señor Presidente concede la palabra al Vicepresidente, señor Manuel Marfán,",,RPM-2010-05-13:3123:3,Manuel Marfán Lewis,"quien agradece, en primer término, el análisis del staff.",,,
4612,RPM-2010-06-15:3147:2,3147,2010-06-15 00:00:00,Beltrán de Ramón Acevedo,Gerente de División Operaciones Financieras,SUJETO_ROL_SESION,LISTA_ASISTENCIA,POSIBLE_OTRO_HABLANTE_O_MENCION,RPM-2010-06-15:T21,INICIO_EXPLICITO,,RPM-2010-06-15:3147:2,RPM-2010-06-15:3147:1,José De Gregorio Rebeco,"El Presidente, señor José De Gregorio, complementa, informando que hoy los bancos centrales están aplicando medidas de provisión de liquidez muy distintas de las que se aplicaron después de Beam Stearns.","Con respecto a la pregunta del Consejero señor Sebastián Claro, de por qué los bancos norteamericanos reaccionan igual que los europeos, el señor Gerente de División Operaciones Financieras señala que en Europa hay bancos AAA y muchos bancos AA, mientras que en Estados Unidos hay muchos bancos, pero bancos pequeños, donde todos son A o menos que A,","Con respecto a la pregunta del Consejero señor Sebastián Claro, de por qué los bancos norteamericanos reaccionan igual que los europeos, el señor Gerente de División Operaciones Financieras señala que en Europa hay bancos AAA y muchos bancos AA, mientras que en Estados Unidos hay muchos bancos, pero bancos pequeños, donde todos son A o menos que A, salvo Wells Fargo y JP Morgan, que son AA Dado eso, y probablemente por el tipo de banco o fuente de información que consideró el señor Lehmann, piensa que se compararon bancos AA europeos con bancos estadounidenses A o menos de A y, por lo tanto, probablemente frente a una turbulencia en Europa, l",RPM-2010-06-15:3147:3,José De Gregorio Rebeco,"No habiendo más comentarios, el Presidente, señor José De Gregorio, concede la palabra al Gerente de Análisis Macroeconómico, señor Claudio Soto, para que presente el escenario interno.",MENCION_LEGITIMA_REVISADA,MEN-20260907-3147,"POSIBLE_OTRO_HABLANTE_O_MENCION: De Ramón responde a la pregunta de Claro y se refiere a la fuente de información que consideró Lehmann. Ni Claro ni Lehmann toman la palabra dentro de esta explicación. Para resumir continúa con De Ramón; el Presidente cede luego la palabra a Soto. Sólo se adjudica este aviso de mención; las alertas automáticas y otros motivos se conservan. Lectura del consolidado y entorno, sin cotejo PDF ni revisión humana independiente. No crea un ancla de continuidad ni cierra todo el padre."
4625,RPM-2010-06-15:3158:1,3158,2010-06-15 00:00:00,Pablo García Silva,Gerente de División Estudios,SUJETO_NOMBRE,LISTA_ASISTENCIA,FINAL_SIN_PUNTUACION,RPM-2010-06-15:T33,INICIO_EXPLICITO,,RPM-2010-06-15:3158:1,RPM-2010-06-15:3157:1,José De Gregorio Rebeco,"El Presidente, señor José De Gregorio, pregunta por el crecimiento anual del empleo.","El señor Pablo García señala que el empleo total asciende 6,5 millones de personas",,RPM-2010-06-15:3158:2,Claudio Soto Gamboa,"y el señor Claudio Soto agrega que, en abril, este registró una variación de 6,4% en doce meses, lo que implica alrededor de 400.000 personas. El señor Soto prosigue, indicando que el empleo por cuenta propia experimentó un fuerte crecimiento en abril y que el empleo asalariado también aumentó, pero en menor medida. Comenta que a nivel sectorial, e",,,
4661,RPM-2010-06-15:3189:1,3189,2010-06-15 00:00:00,Enrique Marshall Rivera,Consejero,CONTEXTO_REVISADO,LISTA_ASISTENCIA,FINAL_SIN_PUNTUACION,RPM-2010-06-15:T67,SIN_CONTINUIDAD_CONFIRMADA,,,RPM-2010-06-15:3188:1,Sebastián Claro Edwards," de interés, especialmente cuando la tasa de interés es muy baja, y que es eso lo que explica que la demanda por dinero crezca mucho a tasas muy bajas. Agrega, a propósito de la discusión académica, que si aumenta M y hay rigidez de precios, la tasa de interés en el corto plazo se ajusta de tal manera de que haya equilibrio en el mercado monetario.","El Consejero señor Enrique Marshall se remonta a la oportunidad cuando se discutió el piso de la tasa de política monetaria, señalando que una de las razones que se esgrimió para no llevarla a 0% fue que se producirían trastornos en el mercado monetario, como, por ejemplo, que llegase a ser prácticamente indiferente entre invertir en un fondo mutuo",,RPM-2010-06-15:3189:2,Pablo García Silva,a lo cual el señor Pablo García responde que su crecimiento ha sido aún más lento.,,,
4665,RPM-2010-06-15:3191:1,3191,2010-06-15 00:00:00,Enrique Marshall Rivera,Consejero,SUJETO_ROL_NOMBRE,LISTA_ASISTENCIA,PASAJES_CONJUNTOS_POR_DELIMITAR,RPM-2010-06-15:T71,INICIO_EXPLICITO,,RPM-2010-06-15:3191:1,RPM-2010-06-15:3190:1,José De Gregorio Rebeco,"grega que si se sigue de acuerdo a la teoría, se puede ver que la trayectoria de los residuos de largo plazo de la demanda real por dinero en algo se parece a la línea de nuestra historia inflacionaria. Al respecto, llama la atención sobre el nivel alcanzado por el residuo en los años 2007 y 2008, así como el alcanzado con una inflación igual a 0%.","El Consejero señor Enrique Marshall señala que ese fue un período de turbulencias y de caídas en los precios de los activos, por lo que es normal que haya aumentado la preferencia por el dinero y que este haya permanecido en las cuentas corrientes. A juicio del Consejero señor Sebastián Claro, la trayectoria del residuo se parece más bien a la velo",,RPM-2010-06-15:3191:2,Pablo García Silva,"Al finalizar esta discusión, el Gerente de División Estudios, señor Pablo García, se refiere al planteamiento del Vicepresidente, señor Manuel Marfán, y explica que en los años 2000, las tasas de interés nominales fueron claramente inferiores a sus niveles históricos y, por lo tanto, lo que ocurrió habría sido, en parte, un proceso más de convergen",,,
4673,RPM-2010-06-15:3196:1,3196,2010-06-15 00:00:00,Kevin Cowan Logan,Gerente de División Política Financiera,SUJETO_ROL_NOMBRE,LISTA_ASISTENCIA,FINAL_SIN_PUNTUACION,RPM-2010-06-15:T78,INICIO_EXPLICITO,,RPM-2010-06-15:3196:1,RPM-2010-06-15:3195:1,José De Gregorio Rebeco,"El Presidente agradece la exposición del Gerente de División Estudios y, a continuación, ofrece la palabra para comentarios.","El Gerente de División Política Financiera, señor Kevin Cowan, señala que en el frente externo, los mercados financieros se han estabilizado en algunas dimensiones, pero con primas por riesgo significativas, y que las condiciones de financiamiento de la banca internacional permanecen estrechas. En el frente interno, destaca el dinamismo de la deman",,RPM-2010-06-15:3196:2,José De Gregorio Rebeco,"El Presidente agradece los comentarios del Gerente de División Política Financiera y, a continuación, ofrece la palabra al Ministro de Hacienda, señor Felipe Larraín.",,,
4818,RPM-2010-08-12:3303:2,3303,2010-08-12 00:00:00,Claudio Soto Gamboa,Gerente de Análisis Macroeconómico,SUJETO_ROL_NOMBRE,LISTA_ASISTENCIA,FINAL_SIN_PUNTUACION,RPM-2010-08-12:T31,INICIO_EXPLICITO,,RPM-2010-08-12:3303:2,RPM-2010-08-12:3303:1,Ricardo Vicuña Poblete," cuentas anuales, y que en el caso particular del segundo trimestre se hizo una imputación especial en materia de reparaciones, sobre la base de lo ocurrido en el primero. Finalmente, menciona que hay información más dura de demoliciones, cuya fuente es el Servicio de Impuestos Internos, a partir de la cual también se efectúa una estimación gruesa.","En cuanto al registro de los albañiles, el Gerente de Análisis Macroeconómico señor Claudio Soto informa que se incluyen en el sector construcción,",,RPM-2010-08-12:3303:3,Ricardo Vicuña Poblete,"en tanto que el señor Vicuña complementa, especificando que se incorporan como relaciones menores en dicho sector.",,,
4841,RPM-2010-08-12:3313:1,3313,2010-08-12 00:00:00,José De Gregorio Rebeco,Presidente del Banco Central,SUJETO_ROL_NOMBRE,LISTA_ASISTENCIA,FINAL_SIN_PUNTUACION,RPM-2010-08-12:T53,INICIO_EXPLICITO,,RPM-2010-08-12:3313:1,RPM-2010-08-12:3312:1,Pablo García Silva,"El señor Pablo García agrega que otra alternativa es que el comportamiento estacional de la gente que, en una encuesta versus la otra, fue encasillada como ocupada podría ser muy fuerte , en especial , porque esta diferencia se produce justamente cuando se acaba el invierno, pero es menos significativa en períodos donde hay estacionalidad.","El Presidente señor José De Gregario señala haber tenido la noción de que la fuerza de trabajo había aumentado entre 100.000 Y 150.000 mil personas,",,RPM-2010-08-12:3313:2,Pablo García Silva,"a lo cual el señor García responde que no solo ha aumentado la fuerza de trabajo, porque hay gente que en la antigua encuesta se declaraba inactiva o buscando trabajo, sino que, al mismo tiempo , ha aumentado el empleo. En consecuencia, indica que en el neto, la forma de hacer las preguntas en el nuevo cuestionario llevó a que aumentara la tasa de ",,,
4857,RPM-2010-08-12:3325:1,3325,2010-08-12 00:00:00,Rodrigo Vergara Montes,Consejero,SUJETO_ROL_NOMBRE,LISTA_ASISTENCIA,FINAL_SIN_PUNTUACION,RPM-2010-08-12:T65,INICIO_EXPLICITO,,RPM-2010-08-12:3325:1,RPM-2010-08-12:3324:1,Claudio Soto Gamboa,"an a datos provisorios, basados en un supuesto respecto de los depósitos en fondos mutuos. Informa que esos datos se revisaron durante la semana en curso y se corrigieron al alza de manera importante, explicando el crecimiento más intenso de los agregados menos líquidos que se observa a comienzos de año respecto de lo que se vio en la RPM anterior.","El Consejero señor Rodrigo Vergara repara en que la corrección del crecimiento en doce meses fue muy significativa, desde 1 a 10, aproximadamente, y consulta si acaso este supuesto se va a hacer todas las veces y siempre seis meses después,",,RPM-2010-08-12:3325:2,Ricardo Vicuña Poblete,"a lo cual el señor Vicuña comenta que hay un problema respecto de la ocasión en que se hace la revisión, manifestando que lo ideal sería que se hiciera más oportunamente.",,,
4886,RPM-2010-09-16:3348:1,3348,2010-09-16 00:00:00,José De Gregorio Rebeco,Presidente del Banco Central,SUJETO_ROL_NOMBRE,LISTA_ASISTENCIA,FINAL_SIN_PUNTUACION,RPM-2010-09-16:T4,INICIO_EXPLICITO,,RPM-2010-09-16:3348:1,RPM-2010-09-16:3347:1,Sergio Lehmann Beresi,"es del yen respecto del dólar, del euro y del won, destacando que el nivel que está alcanzando, en general, respecto de todas esas monedas, es similar al que se ha registrado desde el año 2000 a la fecha. Menciona, además, que Consensus Forecasts espera una depreciación del yen bastante marginal, y que todo ello habría llevado a Japón a intervenir.","El Presidente señor José De Gregorio pregunta por la magnitud de la intervención,",,RPM-2010-09-16:3348:2,Beltrán de Ramón Acevedo,"a lo cual el Gerente de División Operaciones Financieras señor Beltrán de Ramón responde que las compras alcanzaron a US$ 10 billones el día anterior, en circunstancias que el mercado esperaba el triple.",,,
4894,RPM-2010-09-16:3351:2,3351,2010-09-16 00:00:00,Sergio Lehmann Beresi,Gerente de Análisis Internacional,SUJETO_NOMBRE,LISTA_ASISTENCIA,FINAL_SIN_PUNTUACION,RPM-2010-09-16:T12,INICIO_EXPLICITO,,RPM-2010-09-16:3351:2,RPM-2010-09-16:3351:1,Rodrigo Vergara Montes,"El Consejero señor Rodrigo Vergara manifiesta que, en estricto rigor, el tipo de cambio real ha estado muy por debajo del promedio referido, porque todos los datos posteriores lo superan, lo que indicaría, entonces, que el promedio anterior debe haber sido mayor.","El señor Lehmann acota que, quizás, lo que los japoneses están tratando de alcanzar, en la práctica, no es más que un objetivo inflacionario, sin pretender afectar el tipo de cambio real,",,RPM-2010-09-16:3351:3,José De Gregorio Rebeco,"a lo cual el señor Presidente enfatiza que, en ese caso, sería llevado a cabo por el Banco de Japón.",,,
4897,RPM-2010-09-16:3353:1,3353,2010-09-16 00:00:00,Manuel Marfán Lewis,Vicepresidente del Banco Central,SUJETO_ROL_NOMBRE,LISTA_ASISTENCIA,FINAL_SIN_PUNTUACION,RPM-2010-09-16:T15,INICIO_EXPLICITO,,RPM-2010-09-16:3353:1,RPM-2010-09-16:3352:1,Pablo García Silva,"r el mercado como la posibilidad de que esa moneda se fortaleciera sin problemas. Agrega que como hubo una amenaza al liderazgo dentro del partido de oposición, que fue exitosamente defendida por su líder, tuvo que dar una suerte de evidencia de yen débil, constituyendo esa la razón por la cual el mercado interpretó que el Tesoro japonés intervino.","El Vicepresidente señor Manuel Marfán señala que no tiene certeza si el yen se mantuvo más o menos estable en términos reales en los últimos veinte años,",,RPM-2010-09-16:3353:2,Pablo García Silva,a lo cual el señor Pablo García expresa que no fue así en los últimos diez.,,,
4922,RPM-2010-09-16:3369:1,3369,2010-09-16 00:00:00,Manuel Marfán Lewis,Vicepresidente del Banco Central,SUJETO_ROL_NOMBRE,LISTA_ASISTENCIA,FINAL_SIN_PUNTUACION,RPM-2010-09-16:T39,INICIO_EXPLICITO,,RPM-2010-09-16:3369:1,RPM-2010-09-16:3368:2,Pablo García Silva,"studios aclara que no se ha modificado la manera como se modela el tipo de cambio en la proyección, precisando que hay un tipo de cambio real de llegada, al cual se converge en el largo plazo, que es constante. Explica que este es constante con un diferencial de tasa que no es igual a cero, si se le aplica una prima de equilibrio, que puede variar.","El Vicepresidente señor Manuel Marfán repara en que esa prima es arbitraria,",,RPM-2010-09-16:3369:2,Rodrigo Vergara Montes,a lo cual el Consejero señor Rodrigo Vergara manifiesta que debería ser parecida a la tasa neutral.,,,
4942,RPM-2010-09-16:3388:1,3388,2010-09-16 00:00:00,Sebastián Claro Edwards,Consejero,SUJETO_ROL_NOMBRE,LISTA_ASISTENCIA,FINAL_SIN_PUNTUACION,RPM-2010-09-16:T59,INICIO_EXPLICITO,,RPM-2010-09-16:3388:1,RPM-2010-09-16:3387:1,Claudio Soto Gamboa,"ice relación con la percepción de la demanda actual del sector industrial, que puede estar ligada a la percepción de demanda externa de este sector; y la segunda, que se refiere a la situación de los inventarios, cuyo nivel, que impulsaba el indicador de confianza al alza, está ahora muy por debajo de lo considerado adecuado, en un terreno neutral.","El Consejero señor Sebastián Claro pregunta por el porcentaje del sector construcción que corresponde a vivienda,",,RPM-2010-09-16:3388:2,Claudio Soto Gamboa,a lo cual el señor Soto responde que una mitad corresponde a vivienda y la otra a obras de ingeniería.,,,
4955,RPM-2010-09-16:3395:1,3395,2010-09-16 00:00:00,José De Gregorio Rebeco,Presidente del Banco Central,SUJETO_ROL_NOMBRE,LISTA_ASISTENCIA,FINAL_SIN_PUNTUACION,RPM-2010-09-16:T72,INICIO_EXPLICITO,,RPM-2010-09-16:3395:1,RPM-2010-09-16:3394:1,Claudio Soto Gamboa,"hubiera seguido el modelo de proyección a partir lo que ocurrió durante las primeras semanas de abril, cuando las importaciones aumentaron significativamente, se habría proyectado un crecimiento importante de las importaciones; sin embargo, ello se normalizó posteriormente, reflejando, de alguna manera, el efecto de abultamiento que hubo en el mes.","El Presidente señor José De Gregorio pregunta por la sigla IVCM,",,RPM-2010-09-16:3395:2,Claudio Soto Gamboa,"a lo cual el señor Claudio Soto responde que se trata de un índice de ventas de bienes de consumo, nacionales e importados, que construye el INE.",,,
4989,RPM-2010-09-16:3421:1,3421,2010-09-16 00:00:00,Enrique Marshall Rivera,Consejero,SUJETO_ROL_NOMBRE,LISTA_ASISTENCIA,FINAL_SIN_PUNTUACION,RPM-2010-09-16:T99,INICIO_EXPLICITO,,RPM-2010-09-16:3421:1,RPM-2010-09-16:3420:1,Claudio Soto Gamboa,El señor Claudio Soto responde que la bolsa chilena ha aumentado 40% en lo que va corrido del año y que aquellas que la siguen registran un alza algo superior a 20%.,"El Consejero señor Enrique Marshall consulta por la contribución de las AFP a ese aumento,",,RPM-2010-09-16:3421:2,Luis Opazo Roco,"a lo cual el Gerente de Estabilidad Financiera señor Luis Opazo responde que su aporte no es significativo, del orden de 80 millones de dólares mensuales, debido a que las inversiones de los fondos de pensiones están topadas en renta variable.",,,
4995,RPM-2010-09-16:3422:1,3422,2010-09-16 00:00:00,Felipe Larraín Bascuñán,Ministro de Hacienda,SUJETO_ROL_NOMBRE,LISTA_ASISTENCIA,FINAL_SIN_PUNTUACION,RPM-2010-09-16:T105,INICIO_EXPLICITO,,RPM-2010-09-16:3422:1,RPM-2010-09-16:3421:6,José De Gregorio Rebeco,"rtante de lo que se ha logrado en el Banco hasta hoy día se ha debido a la gran contribución del señor García. Asimismo, el Presidente señor José De Gregorio da la bienvenida al señor Luis Óscar Herrera, quien se reincorpora a su casa de origen en el cargo de Gerente de División Estudios a contar del día martes 21 de septiembre próximo. Presidente.",El Ministro de Hacienda señor Felipe Larraín se suma a lo expresado por el señor,,RPM-2010-09-16:3422:2,José De Gregorio Rebeco,"A continuación, el Presidente señor José De Gregorio concede la palabra al Gerente de División Estudios señor Pablo García para que presente las Opciones de Política Monetaria para la presente Reunión.",,,
5040,RPM-2010-10-14:3449:2,3449,2010-10-14 00:00:00,José De Gregorio Rebeco,Presidente del Banco Central,SUJETO_ROL_NOMBRE,LISTA_ASISTENCIA,FINAL_SIN_PUNTUACION,RPM-2010-10-14:T31,INICIO_EXPLICITO,,RPM-2010-10-14:3449:2,RPM-2010-10-14:3449:1,Sebastián Claro Edwards,"e, tiene dudas al respecto, porque si el mensaje es que la economía norteamericana es muy débil y también la europea, entonces es difícil que los precios de los activos de corporate America estén reflejando efectivamente este aumento en el numerador del precio de los activos. Plantea, entonces, que quizás la acción está viniendo por el denominador.","Al respecto, el Presidente señor José De Gregorio comenta que el índice Dow Jones está al mismo nivel que en abril",,RPM-2010-10-14:3449:3,Luis Óscar Herrera Barriga,y el Gerente de División Estudios señor Luis Óscar Herrera añade que ello parte con la expectativa generalizada sobre la proximidad de un relajamiento cuantitativo y un programa importante.,,,
5053,RPM-2010-10-14:3460:1,3460,2010-10-14 00:00:00,Claudio Soto Gamboa,Gerente de Análisis Macroeconómico,SUJETO_ROL_SESION,LISTA_ASISTENCIA,FINAL_SIN_PUNTUACION,RPM-2010-10-14:T40,CONTINUIDAD_EXPLICITA,RPM-2010-10-14:3459:1,RPM-2010-10-14:3460:1,RPM-2010-10-14:3459:1,Claudio Soto Gamboa,"ositiva, en general. En cuanto a una serle de modelos alternativos de series de tiempo, que se basan en la historia para hacer la proyección, señala que tienden a indicar algo menos de inflación que el escenario base, y añade que la proyección interna está bastante alineada y un poco por sobre lo que tienen los seguros de inflación de aquí a marzo.","El Gerente de Análisis Macroeconómico prosigue, refiriéndose a los mercados financieros. Al respecto, manifiesta que, desde la última RPM, hay dos puntos a destacar. Menciona que el primero dice relación con el aumento sistemático de las tasas en UF, que venía ocurriendo hasta antes de la RPM pasada y continuó después de ella; y el segundo, con que",,RPM-2010-10-14:3460:2,José De Gregorio Rebeco,El Presidente señor José De Gregorio consulta si el alza de las tasas en UF obedece solo a las perspectivas inflacionarias.,,,
5075,RPM-2010-10-14:3476:5,3476,2010-10-14 00:00:00,Consejo del Banco Central de Chile,Consejo,ACTA/META,ACTA_INSTITUCIONAL,FINAL_SIN_PUNTUACION,RPM-2010-10-14:T60,INSTITUCIONAL,,,RPM-2010-10-14:3476:4,José De Gregorio Rebeco,"No habiendo comentarios , el Presidente señor José De Gregario agradece la exposición del Gerente de Análisis Macroeconómico señor Claudia Soto, suspende la Sesión a las 13:15 horas e informa que la misma se reanudará a las 16:00 horas.","Siendo las 16:00 horas, se reanuda la Sesión de Política Monetaria",,RPM-2010-10-14:3476:6,José De Gregorio Rebeco,El Presidente señor José De Gregario da la bienvenida al Ministro de Hacienda señor Felipe Larraín y concede la palabra al Gerente de División Estudios señor Luis Óscar Herrera para que presente las Opciones de Política Monetaria para la presente Reunión.,,,
5184,RPM-2010-11-16:3568:1,3568,2010-11-16 00:00:00,Manuel Marfán Lewis,Vicepresidente del Banco Central,SUJETO_ROL_NOMBRE,LISTA_ASISTENCIA,FINAL_SIN_PUNTUACION,RPM-2010-11-16:T83,INICIO_EXPLICITO,,RPM-2010-11-16:3568:1,RPM-2010-11-16:3567:3,José De Gregorio Rebeco,"ión, de baja inflación y de crecimiento muy rápido, pero que si a ello se suma una cuenta corriente en equilibrio, surge la duda de qué policy adoptar, cuál sería la recomendación y cuáles los instrumentos a utilizar, porque si en ese escenario se comienzan a subir tasas, como ocurrió en el pasado, puede incentivar estas burbujas en un grado mayor.","El Vicepresidente señor Manuel Marfán señala que revisaría el déficit privado, el mejor indicador a su juicio, porque una parte importante de la cuenta corriente se corrige muchas veces con la regla fiscal. Enfatiza que lo que interesa en este tipo de escenario es la evolución del sector privado, que entra en trayectorias que suelen corregirse muy ",,RPM-2010-11-16:3568:2,José De Gregorio Rebeco,El Presidente señor José De Gregorio pregunta por los efectos de la tasa y por lo que las decisiones que hay que adoptar en ese caso.,,,
5221,RPM-2010-12-16:3600:2,3600,2010-12-16 00:00:00,Beltrán de Ramón Acevedo,Gerente de División Operaciones Financieras,SUJETO_ROL_SESION,LISTA_ASISTENCIA,FINAL_SIN_PUNTUACION,RPM-2010-12-16:T17,INICIO_EXPLICITO,,RPM-2010-12-16:3600:2,RPM-2010-12-16:3600:1,José De Gregorio Rebeco,"s economías van a registrar problemas serios. Manifiesta que se está saliendo de un escenario de suficientes complicaciones, que se ha demostrado que se cuenta con cierta capacidad de resistencia, por lo que si bien se observarán algunas tensiones y turbulencias, es preciso destacar que ese escenario central no puede ser calificado de catastrófico.","El Gerente de División Operaciones Financieras plantea que si el recorte de impuestos es relativamente similar al QE2, entonces, en términos de tasas, debieran anularse ambos efectos. Indica que si se comparan las actuales tasas con las observadas antes en Jackson Hale, hoy están más altas, por lo que se podría afirmar que, efectivamente, hay mucho",,RPM-2010-12-16:3600:3,Luis Óscar Herrera Barriga,"El Gerente de División Estudios señor Luis Óscar Herrera destaca que la FED, en su reunión realizada días atrás, modificó algunos adjetivos, dando una sensación más positiva. A título ejemplar, menciona que en vez de decir “crecimiento lento”, se refirió a “crecimiento insuficiente para absorber el desempleo”. De esta forma, mantuvo los fundamentos",,,
5245,RPM-2010-12-16:3620:2,3620,2010-12-16 00:00:00,Claudio Soto Gamboa,Gerente de Análisis Macroeconómico,SUJETO_NOMBRE,LISTA_ASISTENCIA,FINAL_SIN_PUNTUACION,RPM-2010-12-16:T41,INICIO_EXPLICITO,,RPM-2010-12-16:3620:2,RPM-2010-12-16:3620:1,Enrique Marshall Rivera,"uya alza fue inferior a la esperada, así como por las matriculas que, en general, se han reajustado en un porcentaje menor a la variación experimentada por el IPC, dada la gran competencia existente entre las diferentes casas de estudios, con la excepción de la Universidad Católica y la Universidad de Chile, que tienen mayor libertad para fijarlas.","Respecto de los cigarrillos, el señor Claudia Soto explica que la evaluación que se llevó a cabo para ajustar la proyección al alza se basó exclusivamente en el alza del impuesto que se decretó hace unos 10 años, aproximadamente. Con todo, señala que todo indica que las empresas tienen una política de ajuste anual de precios, alrededor del mes de m",,RPM-2010-12-16:3620:3,Rodrigo Vergara Montes,"El Consejero señor Rodrigo Vergara pregunta por la incidencia de las tarifas eléctricas en la caída de la inflación de diciembre,",,,
5246,RPM-2010-12-16:3620:3,3620,2010-12-16 00:00:00,Rodrigo Vergara Montes,Consejero,SUJETO_ROL_NOMBRE,LISTA_ASISTENCIA,FINAL_SIN_PUNTUACION,RPM-2010-12-16:T42,INICIO_EXPLICITO,,RPM-2010-12-16:3620:3,RPM-2010-12-16:3620:2,Claudio Soto Gamboa,"de los cigarrillos, el señor Claudia Soto explica que la evaluación que se llevó a cabo para ajustar la proyección al alza se basó exclusivamente en el alza del impuesto que se decretó hace unos 10 años, aproximadamente. Con todo, señala que todo indica que las empresas tienen una política de ajuste anual de precios, alrededor del mes de mayo. ~ .,","El Consejero señor Rodrigo Vergara pregunta por la incidencia de las tarifas eléctricas en la caída de la inflación de diciembre,",,RPM-2010-12-16:3620:4,Claudio Soto Gamboa,"a lo cual el señor Claudio Soto responde que alcanza a 1 décima, aproximadamente.",,,
5284,RPM-2011-01-13:3650:1,3650,2011-01-13 00:00:00,Sergio Lehmann Beresi,Gerente de Análisis Internacional,SUJETO_ROL_NOMBRE,LISTA_ASISTENCIA,FINAL_SIN_PUNTUACION,RPM-2011-01-13:T10,INICIO_EXPLICITO,,RPM-2011-01-13:3650:1,RPM-2011-01-13:3649:1,José De Gregorio Rebeco,"El Presidente señor José De Gregorio manifiesta que el comentario general es que el yuan se ha apreciado 20% en el último año, lo cual es erróneo, por cuanto ese porcentaje corresponde a la apreciación acumulada desde el año 2005.",El Gerente de Análisis Internacional señor Sergio Lehmann confirma lo expresado por el señor Presidente,,RPM-2011-01-13:3650:2,Luis Óscar Herrera Barriga,"y el Gerente de División Estudios señor Luis Óscar Herrera, por su parte, explica que quienes argumentan que la apreciación de la moneda china es mayor, usan los datos de salarios, que han experimentado un alza de entre 15 y 20%, más allá del aumento anotado por la productividad.",,,
5309,RPM-2011-01-13:3670:1,3670,2011-01-13 00:00:00,Luis Óscar Herrera Barriga,Gerente de División Estudios,SUJETO_ROL_NOMBRE,LISTA_ASISTENCIA,FINAL_SIN_PUNTUACION,RPM-2011-01-13:T34,INICIO_EXPLICITO,,RPM-2011-01-13:3670:1,RPM-2011-01-13:3669:1,Manuel Marfán Lewis,"cio, representa un crecimiento no sostenible y una forma de manifestar un recalentamiento de la economía. Hace presente que una situación similar se ha repetido varias veces en ciclos pasados de la historia de Chile, por lo que sugiere ahondar en ello y comparar la situación actual con aceleraciones no sostenibles de las importaciones en el pasado.","El Gerente de División Estudios señor Luis Óscar Herrera aclara que este dato es la contraparte de las importaciones de bienes de consumo durables, que tienen trayectorias caracterizadas por caídas violentas del orden de 20%, y recuperaciones también",,RPM-2011-01-13:3670:2,Claudio Soto Gamboa,"El Gerente de Análisis Macroeconómico señor Claudio Soto declara compartir también el planteamiento antedicho, no obstante lo cual señala que es preciso recordar que esa tasa está influida por el terremoto, que generó mayores importaciones que lo habitual.",,,
5380,RPM-2011-02-17:3735:1,3735,2011-02-17 00:00:00,Beltrán de Ramón Acevedo,Gerente de División Operaciones Financieras,SUJETO_NOMBRE,LISTA_ASISTENCIA,FINAL_SIN_PUNTUACION,RPM-2011-02-17:T19,INICIO_EXPLICITO,,RPM-2011-02-17:3735:1,RPM-2011-02-17:3734:1,José De Gregorio Rebeco,"El Presidente señor José De Gregorio indica que si el Banco de Inglaterra sube la tasa, cae la libra esterlina.","El señor Beltrán de Ramón sostiene que ello no ocurriría, porque la apuesta inicial era que subiría la tasa en 4 ó 5 oportunidades este año, y ahora se estima que solo lo hará 3 veces, la primera de ellas en la próxima reunión de marzo",,RPM-2011-02-17:3735:2,Manuel Marfán Lewis,"El Vicepresidente señor Manuel Marfán expresa que en el caso de Estados Unidos, entiende que el punto central está en si acaso las tasas largas aumentaron como consecuencia de las proyecciones positivas o de las noticias negativas desde el punto de vista fiscal. Por tanto, a su juicio, la inflación no parece ser un argumento en este caso.",,,
5434,RPM-2011-02-17:3784:1,3784,2011-02-17 00:00:00,Claudio Soto Gamboa,Gerente de División Estudios (S),SUJETO_NOMBRE,LISTA_ASISTENCIA,FINAL_SIN_PUNTUACION,RPM-2011-02-17:T70,CONTINUIDAD_EXPLICITA,RPM-2011-02-17:3783:1,RPM-2011-02-17:3784:1,RPM-2011-02-17:3783:1,Claudio Soto Gamboa,"0, que corresponde al valor spot del cierre de la proyección. Con respecto a este último valor, hace el alcance que al cierre de la proyección se observaba una tendencia a la baja importante en el tipo de cambio, razón por la cual se desestimó el supuesto habitual de considerar el valor promedio de los últimos diez días y se optó por el de ese día.","El señor Claudio Soto añade que, aparte de los supuestos indicados, se ha considerado también un alza adicional en las tarifas del Transantiago, que obedece al déficit del sistema, y otra alza de $20 por la indexación del aumento de los costos. Enfatiza que dado el supuesto del tipo de cambio utilizado, no se contemplan alzas adicionales en el hori",,RPM-2011-02-17:3784:2,Enrique Marshall Rivera,"El Consejero señor Enrique Marshall solicita que se explique si la sequía afectará las tarifas eléctricas y, eventualmente, las cuentas del agua potable en el sector residencial.",,,
5542,RPM-2011-03-17:3875:1,3875,2011-03-17 00:00:00,José De Gregorio Rebeco,Presidente del Banco Central,SUJETO_ROL_NOMBRE,LISTA_ASISTENCIA,FINAL_SIN_PUNTUACION,RPM-2011-03-17:T68,INICIO_EXPLICITO,,RPM-2011-03-17:3875:1,RPM-2011-03-17:3874:1,Luis Óscar Herrera Barriga,", efectivamente, una mayor preocupación en Chile y en muchas otras economías. Agrega concordar con que expresiones como pérdida de credibilidad se utilizan, normalmente, en un contexto de crisis mayor, y que en la historia económica chilena, ellas están asociadas a devaluaciones masivas y problemas mayores que, en ningún caso, es el estatus actual.","El Presidente señor José De Gregorio se refiere al IPC estimado para el mes de marzo, que se ubica el 1%, y consulta qué tan sólida es esa estimación y si se cuenta ya con evidencias que indiquen hacia dónde apunta la inflación de este mes. Manifiesta que su pregunta obedece a su preocupación por la diferencia entre las estimaciones internas y de m",,RPM-2011-03-17:3875:2,Claudio Soto Gamboa,"El señor Claudio Soto señala que algunos de los antecedentes que sustentan la proyección son los combustibles, respecto de los cuales no se espera una rebaja. Precisa que estos tendrían una incidencia de entre 0,5 y 0,6 en el IPC. Indica que también se ha considerado el alza del Transantiago, que ya se materializó y que el IPC lo capturaría en algo",,,
5558,RPM-2011-03-17:3887:1,3887,2011-03-17 00:00:00,Sebastián Claro Edwards,Consejero,SUJETO_ROL_NOMBRE,LISTA_ASISTENCIA,FINAL_SIN_PUNTUACION,RPM-2011-03-17:T83,INICIO_EXPLICITO,,RPM-2011-03-17:3887:1,RPM-2011-03-17:3886:1,Rodrigo Vergara Montes,"be enviar. Asimismo, considera también que el Comunicado debe dejar claro que el proceso de normalización monetaria se mantendrá a futuro, pero que la mayor alza de esta vez no marca necesariamente un nuevo ritmo en adelante. Por todo lo anterior, el Consejero señor Rodrigo Vergara indica que su voto es por subir la TPM en 50pb, para llevarla a 4%.","El Consejero señor Sebastián Claro inicia su intervención mencionando las numerosas novedades de las últimas semanas, como las tensiones en el Medio Oriente, que han incrementado el precio del petróleo significativamente: los precios internacionales de los alimentos, que han mostrado cierta moderación; la acentuación de mejores perspectivas de crec",,RPM-2011-03-17:3887:2,Enrique Marshall Rivera,"Al continuar con la votación, el Consejero señor Enrique Marshall comienza su intervención agradeciendo al staff e\ apoyo brindado en esta oportunidad. Plantea, en primer término, que las noticias del último mes están marcadas por el fuerte incremento del precio del petróleo asociado a fenómenos geopolíticos, y por las catástrofes sufridas por Japó",,,
5579,RPM-2011-04-12:3906:1,3906,2011-04-12 00:00:00,José De Gregorio Rebeco,Presidente del Banco Central,SUJETO_ROL_NOMBRE,LISTA_ASISTENCIA,FINAL_SIN_PUNTUACION,RPM-2011-04-12:T14,INICIO_EXPLICITO,,RPM-2011-04-12:3906:1,RPM-2011-04-12:3905:1,Sebastián Claro Edwards,"ermitan saber cuál de esas dos razones podría estar explicando esta caída de tasas, y expresa que tiende a pensar que es la segunda alternativa, esto es, el alza del precio del petróleo, que lleva a que la Reserva Federal tenga menos capacidad de resistencia ante la inflación y que, por la tanto, las perspectivas de crecimiento tiendan a disminuir.","El Presidente señor José De Gregorio piensa que la caída de tasas puede obedecer a expectativas de mayor inflación y mayor crecimiento,",,RPM-2011-04-12:3906:2,Sebastián Claro Edwards,en tanto que el Consejero señor Sebastián Claro estima que responde a expectativas de mayor inflación y menor crecimiento.,,,
5663,RPM-2011-05-12:3982:2,3982,2011-05-12 00:00:00,Sergio Lehmann Beresi,Gerente de Análisis Internacional,SUJETO_NOMBRE,LISTA_ASISTENCIA,FRAGMENTO_BREVE,RPM-2011-05-12:T15,INICIO_EXPLICITO,,RPM-2011-05-12:3982:2,RPM-2011-05-12:3982:1,José De Gregorio Rebeco,El Presidente señor José De Gregorio estima que ello es altamente probable.,El señor Lehmann lo confirma.,,RPM-2011-05-12:3983:1,Sergio Lehmann Beresi,"El Gerente de Análisis Internacional señor Sergio Lehmann se refiere, a continuación, al PMI, que da cuenta de cuáles deberían ser los movimientos futuros del sector industrial. Al respecto, exhibe el heat map correspondiente, que muestra que las distintas economías, después de haber crecido por sobre su tendencia con bastante fuerza, particularmen",,,
5672,RPM-2011-05-12:3989:1,3989,2011-05-12 00:00:00,José De Gregorio Rebeco,Presidente del Banco Central,ROL+NOMBRE,LISTA_ASISTENCIA,ATRIBUCION_HEURISTICA_LEGADA;PASAJES_CONJUNTOS_POR_DELIMITAR,RPM-2011-05-12:T23,SIN_CONTINUIDAD_CONFIRMADA,,,RPM-2011-05-12:3988:1,Luis Óscar Herrera Barriga,"el año pasado y que aún hay rezagos en el impacto sobre inflación, por lo que no se puede descartar que a partir de ahora se observe una sucesión de aumentos lentos, pero sostenidos, en la inflación subyacente. A su juicio, aún no ha transcurrido el tiempo suficiente para que ello se manifieste con claridad en los registros de inflación subyacente.",El Presidente señor José De Gregorio y el Consejero señor Enrique Marshall coinciden con el Consejero señor Sebastián Claro en cuanto a que ha aumentado la tolerancia a la apreciación.,,RPM-2011-05-12:3990:1,Sebastián Claro Edwards,"El Consejero señor Sebastián Claro insiste en que el aumento de la inflación ha sido más gradual en los últimos cinco o seis meses, en circunstancias que debiera haber sido mucho mayor. Señala que una razón posible es la apreciación cambiaría ya comentada.",,,
5795,RPM-2011-06-14:4096:2,4096,2011-06-14 00:00:00,Kevin Cowan Logan,Gerente de División Política Financiera,SUJETO_ROL_SESION,LISTA_ASISTENCIA,FINAL_SIN_PUNTUACION,RPM-2011-06-14:T46,INICIO_EXPLICITO,,RPM-2011-06-14:4096:2,RPM-2011-06-14:4096:1,Claudio Soto Gamboa,"mestral del consumo privado fue de 0%, lo que obedecería a algunas dudas respecto de cómo se están midiendo los inventarios vis a vis el consumo y también sobre los perfiles. Manifiesta que de acuerdo con ello, antes de afirmar si efectivamente hay una acumulación muy fuerte de inventarios, es necesario esperar a que decanten las cifras de demanda.","El Gerente de División Política Financiera pregunta por los sectores que explican la corrección a la baja del crecimiento de las exportaciones reales,",,RPM-2011-06-14:4096:3,Claudio Soto Gamboa,a lo cual el señor Claudio Soto responde que obedece al sector minería.,,,
5850,RPM-2011-07-14:4142:1,4142,2011-07-14 00:00:00,Sergio Lehmann Beresi,Gerente de Análisis Internacional,SUJETO_NOMBRE,LISTA_ASISTENCIA,FRAGMENTO_BREVE,RPM-2011-07-14:T25,INICIO_EXPLICITO,,RPM-2011-07-14:4142:1,RPM-2011-07-14:4141:1,José De Gregorio Rebeco,"El Presidente señor José De Gregorio consulta si la situación de Estados Unidos, expuesta precedentemente, corresponde a la esperada antes del discurso pronunciado por el Presidente de la Reserva Federal señor Ben Bernanke el día anterior.",El señor Sergio Lehmann responde afirmativamente.,,RPM-2011-07-14:4143:1,Luis Óscar Herrera Barriga,"El Gerente de División Estudios señor Luis Óscar Herrera comenta que la prensa interpretó este discurso como muy expansivo, mientras que, en su opinión, el señor Bernanke no fue muy enfático, ya que no manifestó inclinación por ninguna de las dos hipótesis, esto es, por aquella que apunta a que la recuperación sería lenta o aquella de que podría se",,,
5862,RPM-2011-07-14:4153:1,4153,2011-07-14 00:00:00,Manuel Marfán Lewis,Vicepresidente del Banco Central,SUJETO_ROL_NOMBRE,LISTA_ASISTENCIA,FINAL_SIN_PUNTUACION,RPM-2011-07-14:T37,INICIO_EXPLICITO,,RPM-2011-07-14:4153:1,RPM-2011-07-14:4152:1,Sergio Lehmann Beresi,"recio del cobre se debe, en parte, a la lectura de las cifras de crecimiento de China, que resultaron ser algo más positivas que lo esperado, y, en alguna medida también a las situaciones de oferta, tanto de las mineras chilenas como de otras regiones del mundo y a los datos de producción algo más bajos que lo previsto a raíz de la ley del mineral.","El Vicepresidente señor Manuel Marfán hace presente que los meses de cosecha de trigo y maíz en el hemisferio norte son entre julio y septiembre, siendo, por tanto, normal y habitual que estos precios caigan por estacionalidad pura y simple. Plantea que el dato relevante sería la diferencia de precios respecto de lo que se esperaba. Agrega que, de ",,RPM-2011-07-14:4153:2,Sergio Lehmann Beresi,"El señor Sergio Lehmann confirma que la caída de estos precios ha sido más favorable de lo esperado. Asimismo, y respondiendo a una consulta del Consejero señor Rodrigo Vergara, informa que el alza del precio del azúcar obedece a la menor producción en Brasil, que es el mayor productor mundial de esta materia prima, así como al hecho que este país ",,,
5933,RPM-2011-08-18:4220:2,4220,2011-08-18 00:00:00,Sergio Lehmann Beresi,Gerente de Análisis Internacional,SUJETO_NOMBRE,LISTA_ASISTENCIA,FINAL_SIN_PUNTUACION,RPM-2011-08-18:T7,INICIO_EXPLICITO,,RPM-2011-08-18:4220:2,RPM-2011-08-18:4220:1,José De Gregorio Rebeco,"El Presidente señor José De Gregorio plantea que tratándose de la Zona Euro, debiera considerarse la Euribor y la Eonia.","El señor Lehmann se compromete a revisar el gráfico,",,RPM-2011-08-18:4220:3,Luis Óscar Herrera Barriga,en tanto que el Gerente de División Estudios señor Luis Óscar Herrera hace presente que considerar el spread Euribor- Eonia arroja los mismos resultados que el spread Libor-OIS.,,,
5951,RPM-2011-08-18:4233:1,4233,2011-08-18 00:00:00,Luis Óscar Herrera Barriga,Gerente de División Estudios,SUJETO_ROL_SESION,LISTA_ASISTENCIA,FINAL_SIN_PUNTUACION,RPM-2011-08-18:T24,INICIO_EXPLICITO,,RPM-2011-08-18:4233:1,RPM-2011-08-18:4232:1,José De Gregorio Rebeco,El Presidente señor José De Gregorio recuerda que en la última Reunión se solicitó incluir a Chile en este heat map.,El Gerente de División Estudios indica que ello obedece a una omisión,,RPM-2011-08-18:4233:2,Sergio Lehmann Beresi,"y el Gerente de Análisis Internacional agrega que, utilizando la misma metodología, Chile aparecería en rojo. En materia de proyecciones de crecimiento, el señor Lehmann presenta un resumen de las últimas revisiones efectuadas por JP Morgan, Deutsche Bank, Barclays, Goldman Sachs y el Global Projection Model del Fondo Monetario Internacional, todas",,,
5953,RPM-2011-08-18:4234:1,4234,2011-08-18 00:00:00,Sebastián Claro Edwards,Consejero,SUJETO_ROL_NOMBRE,LISTA_ASISTENCIA,FINAL_SIN_PUNTUACION,RPM-2011-08-18:T26,INICIO_EXPLICITO,,RPM-2011-08-18:4234:1,RPM-2011-08-18:4233:2,Sergio Lehmann Beresi,"nerales, indica que se observa un crecimiento que se ajusta a la baja en torno a tres décimas hacia el año 2012, específicamente desde 4,6 a 4,3%, en promedio. Por último, destaca que el dato de Morgan Stanley, publicado a comienzos de la jornada, proyecta un crecimiento para Estados Unidos de 2,1%, de solo 0,5% para Europa y de 3,9% para el mundo.","El Consejero señor Sebastián Claro consulta por las proyecciones discutidas en la reunión del Informe de Política Monetaria (IPoM) del día viernes 12,",,RPM-2011-08-18:4234:2,Sergio Lehmann Beresi,"a lo cual el señor Lehmann responde que para el año 2012 se espera un crecimiento de 1,5% para Estados Unidos, de 1% para Europa y de 8% para China.",,,
6088,RPM-2011-10-13:4341:2,4341,2011-10-13 00:00:00,Sergio Lehmann Beresi,Gerente de Análisis Internacional,SUJETO_NOMBRE,LISTA_ASISTENCIA,FINAL_SIN_PUNTUACION,RPM-2011-10-13:T9,INICIO_EXPLICITO,,RPM-2011-10-13:4341:2,RPM-2011-10-13:4341:1,José De Gregorio Rebeco,El Presidente señor José De Gregorio consulta si la votación de los distintos países tiene por objeto aprobar la ampliación del Fondo.,"El señor Lehmann responde que ese es precisamente el objeto de la votación,",,RPM-2011-10-13:4341:3,Manuel Marfán Lewis,en tanto que el Vicepresidente señor Manuel Marfán agrega que votan porque otorgan su garantía.,,,
6099,RPM-2011-10-13:4347:1,4347,2011-10-13 00:00:00,Rodrigo Vergara Montes,Consejero,SUJETO_ROL_NOMBRE,LISTA_ASISTENCIA,FINAL_SIN_PUNTUACION,RPM-2011-10-13:T20,INICIO_EXPLICITO,,RPM-2011-10-13:4347:1,RPM-2011-10-13:4346:1,Luis Óscar Herrera Barriga,El Gerente de División Estudios señor Luis Óscar Herrera responde que en el caso de Europa son más débiles que las contempladas en el último IPoM.,"El Consejero señor Rodrigo Vergara formula la misma pregunta respecto de China,",,RPM-2011-10-13:4347:2,Luis Óscar Herrera Barriga,"a lo cual el señor Herrera señala que las proyecciones se han corregido a la baja. Destaca que el último dato puntual fue algo mejor, pero después de un trimestre en que las cifras habían estado mostrando expectativas de crecimiento más débiles, y que después del ajuste del precio de los commodities han surgido muchas opiniones negativas respecto d",,,
6105,RPM-2011-10-13:4350:2,4350,2011-10-13 00:00:00,Sergio Lehmann Beresi,Gerente de Análisis Internacional,SUJETO_NOMBRE,LISTA_ASISTENCIA,FINAL_SIN_PUNTUACION,RPM-2011-10-13:T26,INICIO_EXPLICITO,,RPM-2011-10-13:4350:2,RPM-2011-10-13:4350:1,Luis Óscar Herrera Barriga,"El señor Luis Óscar Herrera indica que los bancos chinos crean una sociedad, la capitalizan, y esta concede préstamos a empresas o a un gobierno local.","El señor Lehmann destaca que estos préstamos informales son hoy casi tan importantes como los oficiales. Ante la consulta del Consejero señor Rodrigo Vergara sobre el destino de esos créditos, el señor Lehmann responde que se otorgan fundamentalmente a empresas pequeñas y a tasas que no son comparables con las oficiales, quedando en una situación m",,RPM-2011-10-13:4350:3,Sebastián Claro Edwards,"El Consejero señor Sebastián Claro es de opinión que el tema más de fondo es la fuerte reducción del financiamiento a los bancos, porque tienen tasas de captación fijas. En consecuencia, la fragilidad de la banca se canaliza a través de fondos que terminan financiando estos vehículos extras. Explica que es por esta razón que las autoridades chinas ",,,
6124,RPM-2011-10-13:4364:2,4364,2011-10-13 00:00:00,Claudio Soto Gamboa,Gerente de Análisis Macroeconómico,CONTEXTO_REVISADO,LISTA_ASISTENCIA,NOMBRE_EN_DISCURSO_POR_VERIFICAR,RPM-2011-10-13:T43,SIN_CONTINUIDAD_CONFIRMADA,,,RPM-2011-10-13:4364:1,José De Gregorio Rebeco,El Presidente señor José De Gregorio indica que comentarios recientes apuntan a una lentitud en la construcción de viviendas.,El señor Claudios Soto responde que hay un debate entre la Cámara de la Construcción y el Ministerio de Vivienda respecto de los subsidios y su ejecución.,,RPM-2011-10-13:4364:3,José De Gregorio Rebeco,"El Presidente señor José De Gregorio comenta que los datos de subsidio que utiliza el Ministerio de Vivienda no son los más adecuados para medir la actividad del sector construcción, porque incluyen los arreglos de viviendas, y especifica que los datos de la Cámara de la Constricción darían cuenta que la actividad de este sector está muy lenta.",,,
6128,RPM-2011-10-13:4366:2,4366,2011-10-13 00:00:00,Rodrigo Cerda Norambuena,Asesor del Ministro de Hacienda,SUJETO_ROL_NOMBRE,LISTA_ASISTENCIA,FINAL_SIN_PUNTUACION,RPM-2011-10-13:T47,INICIO_EXPLICITO,,RPM-2011-10-13:4366:2,RPM-2011-10-13:4366:1,Claudio Soto Gamboa," construye el Instituto Nacional de Estadísticas y que, al respecto, debe considerarse que estos permisos se otorgan y no necesariamente se ejecutan, por lo que es un indicador más débil de actividad. Hace presente que el dato que captaría la actividad del sector construcción es el de ventas reales, que sí muestra ciertas atenuaciones en el margen.","El Asesor del Ministro de Hacienda señor Rodrigo Cerda consulta por la velocidad de ventas del sector,",,RPM-2011-10-13:4366:3,Claudio Soto Gamboa,"a lo cual el señor Claudio Soto responde que han estado creciendo, pero que no alcanzan aún los niveles observados antes de la crisis. En cuanto al empleo, el señor Claudio Soto destaca el alto dinamismo que se observa, especialmente en la parte asalariada. Hace presente que al excluir el componente agro, que por razones de estacionalidad es más dé",,,
6210,RPM-2011-11-15:4433:2,4433,2011-11-15 00:00:00,Sergio Lehmann Beresi,Gerente de Análisis Internacional,SUJETO_ROL_SESION,LISTA_ASISTENCIA,CARGO_EN_DISCURSO_POR_VERIFICAR,RPM-2011-11-15:T44,INICIO_EXPLICITO,,RPM-2011-11-15:4433:2,RPM-2011-11-15:4433:1,Claudio Soto Gamboa,"or bastante deprimido. De hecho, explica que si se eliminan los efectos estacionales, se observa que los últimos registros dan cuenta de una cierta caída. Además, resalta que ello se produce en un contexto en que la percepción de demanda de los empresarios no solo se ha ido deteriorando, sino que su debilidad podría ser de carácter más persistente.","El Gerente de Análisis Internacional prosigue con su presentación, indicando que el mercado laboral continúa bastante estrecho. Al respecto, informa que la creación mensual de empleo ha alcanzado, en promedio, a alrededor de 20.000 puestos de trabajo en los últimos meses, lo cual está bastante en línea con lo que es una expansión de tendencia del m",,RPM-2011-11-15:4433:3,Claudio Soto Gamboa,"A continuación, el señor Claudio Soto exhibe un adelanto del cierre del tercer trimestre de Cuentas Nacionales, donde sobresale el fuerte impulso en la inversión y se refleja que la variación trimestral del consumo muestra bastante dinamismo en el margen, pero en el tercer trimestre. Agrega que por el lado de la oferta, se observa una desaceleració",,,
6253,RPM-2011-12-13:4461:1,4461,2011-12-13 00:00:00,Rodrigo Vergara Montes,Presidente del Banco Central,SUJETO_ROL_NOMBRE,LISTA_ASISTENCIA,FINAL_SIN_PUNTUACION,RPM-2011-12-13:T2,INICIO_EXPLICITO,,RPM-2011-12-13:4461:1,RPM-2011-12-13:4460:1,Consejo del Banco Central de Chile,"Comunicaciones, don Luis Álvarez Vallejos; Gerente de Estrategia y Comunicación de Política Monetaria, don Enrique Orellana Cifuentes; Asesor del Ministro de Hacienda, don Rodrigo Cerda Norambuena; Economista Senior, doña Tatiana Vargas Manzo; Asesor de la Presidencia, don Víctor Riquelme Peñaloza; y la Secretario General, doña Marlys Pabst Cortés.","El Presidente señor Rodrigo Vergara da inicio a la Reunión de Política Monetaria N° 179, indicando que, de conformidad con el Reglamento que rige estas Sesiones, fija la Reunión de Política Monetaria correspondiente al mes de junio de 2012 para el día 14 de ese mes. El Presidente señor Rodrigo Vergara informa que el señor Ministro de Hacienda señor",,RPM-2011-12-13:4461:2,Sergio Lehmann Beresi,"El señor Sergio Lehmann inicia su intervención refiriéndose a los principales desarrollos desde la última Reunión de Política Monetaria (RPM). En primer término, señala que se alcanzó un acuerdo fiscal para Europa, pero que no ha logrado restablecer del todo la confianza de los mercados. En segundo lugar, destaca la acción coordinada de bancos cent",,,
6388,RPM-2012-02-14:4574:1,4574,2012-02-14 00:00:00,Rodrigo Vergara Montes,Presidente del Banco Central,SUJETO_ROL_NOMBRE,LISTA_ASISTENCIA,POSIBLE_OTRO_HABLANTE_O_MENCION,RPM-2012-02-14:T2,INICIO_EXPLICITO,,RPM-2012-02-14:4574:1,RPM-2012-02-14:4573:1,Consejo del Banco Central de Chile,"uardo Olaberría Fermanell; Gerente de Estrategia y Comunicación de Política Monetaria, don Enrique Orellana Cifuentes; Economista Senior, doña Tatiana Vargas Manzo; Asesor de la Presidencia, don Víctor Riquelme Peñaloza; Periodista de la Gerencia Asesora de Comunicaciones, don Jaime Troncoso Rojas; y la Secretario General, doña Marlys Pabst Cortés.","El Presidente señor Rodrigo Vergara da inicio a la Reunión de Política Monetaria N° 182. En primer término, da la bienvenida al señor Joaquín Vial Ruiz-Tagle, en su carácter de nuevo Consejero de la Institución, quien participará en su primera Reunión de Política Monetaria por haber asumido recientemente sus funciones y, junto con ello, expresa su ","Por último, deja constancia que el Ministro de Hacienda señor Felipe Larraín le informó que solo asistirá al análisis de las opciones y adopción de acuerdos de la presente Sesión, que se tratarán en la segunda parte de esta Reunión. ",RPM-2012-02-14:4575:1,Miguel Ricaurte Bermúdez,"El señor Miguel Ricaurte inicia su intervención refiriéndose a los principales desarrollos desde la Reunión de Política Monetaria (RPM) precedente. En primer término, señala que las últimas cifras de actividad y empleo fueron levemente mejores en Estados Unidos de América, algo más negativas en la Zona Euro y que dieron cuenta de una desaceleración",MENCION_LEGITIMA_REVISADA,MEN-20260907-4574,"POSIBLE_OTRO_HABLANTE_O_MENCION: Vergara abre la reunión y deja constancia de lo que Larraín le informó sobre su asistencia parcial. Es discurso referido, no una intervención actual de Larraín. La bienvenida a Vial y la renovación de Marfán tampoco son turnos de ellos; la presentación de Ricaurte comienza en el padre siguiente. Sólo se adjudica este aviso de mención; las alertas automáticas y otros motivos se conservan. Lectura del consolidado con extractos contiguos; sin cotejo PDF ni revisión humana independiente."
6389,RPM-2012-02-14:4575:1,4575,2012-02-14 00:00:00,Miguel Ricaurte Bermúdez,Gerente de Análisis Internacional (S),CONTEXTO_REVISADO,LISTA_ASISTENCIA,VARIANTE_IDENTIDAD_POR_VERIFICAR,RPM-2012-02-14:T3,SIN_CONTINUIDAD_CONFIRMADA,,,RPM-2012-02-14:4574:1,Rodrigo Vergara Montes,"elipe Larraín le informó que solo asistirá al análisis de las opciones y adopción de acuerdos de la presente Sesión, que se tratarán en la segunda parte de esta Reunión. A continuación, el Presidente señor Rodrigo Vergara da paso a la presentación del escenario externo, a cargo del Gerente de Análisis Internacional Subrogante señor Miguel Ricaurte.","El señor Miguel Ricaurte inicia su intervención refiriéndose a los principales desarrollos desde la Reunión de Política Monetaria (RPM) precedente. En primer término, señala que las últimas cifras de actividad y empleo fueron levemente mejores en Estados Unidos de América, algo más negativas en la Zona Euro y que dieron cuenta de una desaceleración",,RPM-2012-02-14:4576:1,Sebastián Claro Edwards,El Consejero señor Sebastián Claro consulta si la alusión a una mayor mantención del estímulo monetario significa que continuarían las reducciones de tasas.,,,
6391,RPM-2012-02-14:4577:1,4577,2012-02-14 00:00:00,Miguel Ricaurte Bermúdez,Gerente de Análisis Internacional (S),SUJETO_ROL_SESION,LISTA_ASISTENCIA,VARIANTE_IDENTIDAD_POR_VERIFICAR,RPM-2012-02-14:T5,INICIO_EXPLICITO,,RPM-2012-02-14:4577:1,RPM-2012-02-14:4576:1,Sebastián Claro Edwards,El Consejero señor Sebastián Claro consulta si la alusión a una mayor mantención del estímulo monetario significa que continuarían las reducciones de tasas.,"El señor Miguel Ricaurte responde que ello implica efectivamente, que persistirían las bajas de las tasas rectoras y, además, que ellas serán más prolongadas en las economías desarrolladas en particular. Prosigue su exposición, mencionando que en las economías emergentes, las proyecciones se revisaron al alza en los últimos días. Al respecto, preci",,RPM-2012-02-14:4578:1,Rodrigo Vergara Montes,"El Presidente señor Rodrigo Vergara se refiere al Heat Map relativo al PIB que se encuentra contenido en la lámina N° 24 de la presentación y consulta la razón por la cual Chile aparece en rojo, esto es, que su producto estaría creciendo más rápido que su crecimiento de tendencia.",,,
6393,RPM-2012-02-14:4579:1,4579,2012-02-14 00:00:00,Miguel Ricaurte Bermúdez,Gerente de Análisis Internacional (S),CONTEXTO_REVISADO,LISTA_ASISTENCIA,VARIANTE_IDENTIDAD_POR_VERIFICAR,RPM-2012-02-14:T7,SIN_CONTINUIDAD_CONFIRMADA,,,RPM-2012-02-14:4578:1,Rodrigo Vergara Montes,"El Presidente señor Rodrigo Vergara se refiere al Heat Map relativo al PIB que se encuentra contenido en la lámina N° 24 de la presentación y consulta la razón por la cual Chile aparece en rojo, esto es, que su producto estaría creciendo más rápido que su crecimiento de tendencia.","El señor Miguel Ricaurte indica que dicha información no corresponde a la proyección oficial del Banco. Aclara que para estos efectos, se realiza una estimación para todos los países analizados, utilizando para ello un filtro HP sobre los crecimientos respectivos, y con esa información se determina si las expectativas se encuentran por sobre o bajo",,RPM-2012-02-14:4580:1,Rodrigo Vergara Montes,El Presidente señor Rodrigo Vergara manifiesta que le sorprende el hecho que la economía chilena esté creciendo a una tasa mayor que su tendencia.,,,
6396,RPM-2012-02-14:4582:1,4582,2012-02-14 00:00:00,Miguel Ricaurte Bermúdez,Gerente de Análisis Internacional (S),CONTEXTO_REVISADO,LISTA_ASISTENCIA,VARIANTE_IDENTIDAD_POR_VERIFICAR,RPM-2012-02-14:T10,SIN_CONTINUIDAD_CONFIRMADA,,,RPM-2012-02-14:4581:1,Claudio Soto Gamboa,"El Gerente de Análisis Macroeconómico señor Claudio Soto plantea que se debe considerar lo que arroja el filtro HP respecto a la tendencia del producto y que la velocidad de los últimos tres meses, hasta diciembre del año 2011, fue de 6%, aproximadamente, superior a la tendencia.","El señor Miguel Ricaurte retoma su presentación, señalando que coherente con la desaceleración global de la economía, la inflación se ha moderado en las economías desarrolladas y en Asia emergente, y que la inflación de alimentos, en particular, que ha sido motivo de preocupación, estaría en línea con los comportamientos históricos. Exhibe, además,",,RPM-2012-02-14:4583:1,Manuel Marfán Lewis,"El Vicepresidente señor Manuel Marfán, refiriéndose a los gráficos que se contienen en la lámina N° 29, solicita que se explique lo que representan las barras con borde verde y naranjo.",,,
6398,RPM-2012-02-14:4584:1,4584,2012-02-14 00:00:00,Miguel Ricaurte Bermúdez,Gerente de Análisis Internacional (S),CONTEXTO_REVISADO,LISTA_ASISTENCIA,VARIANTE_IDENTIDAD_POR_VERIFICAR,RPM-2012-02-14:T12,SIN_CONTINUIDAD_CONFIRMADA,,,RPM-2012-02-14:4583:1,Manuel Marfán Lewis,"El Vicepresidente señor Manuel Marfán, refiriéndose a los gráficos que se contienen en la lámina N° 29, solicita que se explique lo que representan las barras con borde verde y naranjo.","El señor Miguel Ricaurte responde que ellas representan las mayores variaciones de precio registradas en el mes en relación con la variación anotada al cierre estadístico, y que en este caso particular correspondió al día anterior. A título ejemplar, señala que en el último mes, el maíz llegó a bajar alrededor de 7,5% con respecto a la RPM anterior",,RPM-2012-02-14:4585:1,Rodrigo Vergara Montes,"El Presidente señor Rodrigo Vergara agradece la presentación del Gerente de Análisis Internacional Subrogante señor Miguel Ricaurte y, a continuación, ofrece la palabra para consultas o comentarios.",,,
6477,RPM-2012-03-15:4656:1,4656,2012-03-15 00:00:00,Rodrigo Vergara Montes,Presidente del Banco Central,SUJETO_ROL_NOMBRE,LISTA_ASISTENCIA,POSIBLE_OTRO_HABLANTE_O_MENCION,RPM-2012-03-15:T2,INICIO_EXPLICITO,,RPM-2012-03-15:4656:1,RPM-2012-03-15:4655:1,Consejo del Banco Central de Chile,"Comunicaciones, don Luis Álvarez Vallejos; Gerente de Estrategia y Comunicación de Política Monetaria, don Enrique Orellana Cifuentes; Asesor del Ministro de Hacienda, don Rodrigo Cerda Norambuena; Economista Senior, doña Tatiana Vargas Manzo; Asesor de la Presidencia, don Víctor Riquelme Peñaloza; y la Secretario General, doña Marlys Pabst Cortés.","El Presidente señor Rodrigo Vergara da inicio a la Reunión de Política Monetaria N° 183, indicando que, de conformidad con el Reglamento que rige estas Sesiones, fija la Reunión de Política Monetaria correspondiente al mes de septiembre de 2012 para el día 13 de ese mes. Asimismo, deja constancia que el Ministro de Hacienda señor Felipe Larraín le ","Asimismo, deja constancia que el Ministro de Hacienda señor Felipe Larraín le informó que no asistirá a la presente Reunión, pero que hará llegar su opinión y comentarios a través de su Asesor señor Rodrigo Cerda. ",RPM-2012-03-15:4657:1,Sergio Lehmann Beresi,"El señor Sergio Lehmann inicia su intervención refiriéndose a los principales desarrollos desde la Reunión de Política Monetaria, RPM, precedente. En primer término, señala que continúa la recuperación de las condiciones financieras globales, por cuanto los premios por riesgo en economías desarrolladas y emergentes han caído, la volatilidad ha tend",MENCION_LEGITIMA_REVISADA,MEN-20260907-4656,"POSIBLE_OTRO_HABLANTE_O_MENCION: Vergara informa que Larraín no asistirá y enviará comentarios por medio de Cerda. La información comunicada antes de la reunión no abre un turno de Larraín ni de Cerda. Luego ofrece la palabra a Lehmann, cuya exposición comienza en el padre siguiente. Sólo se adjudica este aviso de mención; las alertas automáticas y otros motivos se conservan. Lectura del consolidado con extractos contiguos; sin cotejo PDF ni revisión humana independiente."
6524,RPM-2012-03-15:4698:1,4698,2012-03-15 00:00:00,Enrique Marshall Rivera,Consejero,SUJETO_ROL_NOMBRE,LISTA_ASISTENCIA,FINAL_SIN_PUNTUACION,RPM-2012-03-15:T47,INICIO_EXPLICITO,,RPM-2012-03-15:4698:1,RPM-2012-03-15:4697:1,Claudio Soto Gamboa," relación con las colocaciones, señala que las de consumo se han desacelerado. Manifiesta que esta caída, así como los datos de importaciones, que dan cuenta que las correspondientes a bienes de consumo registran una disminución gradual y las de bienes de capital una de carácter más significativo, sugieren una eventual desaceleración de la demanda.","El Consejero señor Enrique Marshall consulta por el ritmo de crecimiento de las colocaciones de consumo,",,RPM-2012-03-15:4698:2,Claudio Soto Gamboa,a lo cual el señor Claudio Soto responde que su velocidad de expansión es inferior al 1%.,,,
6597,RPM-2012-04-17:4753:1,4753,2012-04-17 00:00:00,Rodrigo Vergara Montes,Presidente del Banco Central,SUJETO_ROL_NOMBRE,LISTA_ASISTENCIA,FINAL_SIN_PUNTUACION,RPM-2012-04-17:T27,INICIO_EXPLICITO,,RPM-2012-04-17:4753:1,RPM-2012-04-17:4752:1,Sergio Lehmann Beresi,"tróleo, de la gasolina y del cobre. Al respecto, menciona que los futuros de los dos primeros no presentan cambios importantes con respecto a lo contemplado en el último IPoM, mientras que los futuros de cobre están ligeramente por debajo de lo observado un mes atrás, en línea con un precio spot que ha tendido a caer unos pocos puntos porcentuales.","El Presidente señor Rodrigo Vergara agradece la presentación del Gerente de Análisis Internacional señor Sergio Lehmann y, a continuación, ofrece la palabra para consultas o comentarios. Sesión N° 184 Página 8 de 26",,RPM-2012-04-17:4753:2,Joaquín Vial Ruiz-Tagle,"El Consejero señor Joaquín Vial sugiere comenzar a analizar el mercado del gas natural, cuyo precio actual es muy bajo debido a que Estados Unidos no tiene capacidad para almacenar sus excedentes de este hidrocarburo, razón por la cual está comenzando a desarrollar mercados de exportación.",,,
6608,RPM-2012-04-17:4763:1,4763,2012-04-17 00:00:00,Joaquín Vial Ruiz-Tagle,Consejero,SUJETO_ROL_NOMBRE,LISTA_ASISTENCIA,FINAL_SIN_PUNTUACION,RPM-2012-04-17:T38,INICIO_EXPLICITO,,RPM-2012-04-17:4763:1,RPM-2012-04-17:4762:1,Claudio Soto Gamboa,"mpleo desde cuenta propia a empleo asalariado, en que el primero ha disminuido, mientras que el segundo ha ido creciendo a un ritmo bastante elevado en una perspectiva histórica, del orden de 50.000 puestos de trabajo en los últimos trimestres móviles. De hecho, subraya que los últimos registros dan cuenta de una leve caída en la tasa de desempleo.","El Consejero señor Joaquín Vial consulta por los programas de empleo de emergencia del Gobierno,",,RPM-2012-04-17:4763:2,Claudio Soto Gamboa,"a lo cual el señor Soto responde que se dejó de efectuar un seguimiento de ellos, pero que los datos disponibles reflejan una incidencia bastante pequeña desde hace un par de años.",,,
6612,RPM-2012-04-17:4766:1,4766,2012-04-17 00:00:00,Sebastián Claro Edwards,Consejero,SUJETO_ROL_NOMBRE,LISTA_ASISTENCIA,FINAL_SIN_PUNTUACION,RPM-2012-04-17:T42,INICIO_EXPLICITO,,RPM-2012-04-17:4766:1,RPM-2012-04-17:4765:1,Claudio Soto Gamboa,"en al alza. Con todo, manifiesta que las variaciones anuales promedio de los salarios dan cuenta de que sus condiciones de variación están por sobre lo que indicarían las cláusulas habituales de indexación, es decir, que la variación de los salarios está por sobre la inflación rezagada que, de alguna manera, se captura por las cláusulas antedichas.","El Consejero señor Sebastián Claro se refiere al título de la lámina N° 48 de la presentación, que señala textualmente lo siguiente: “se mantiene la visión que los salarios crecen por sobre lo que indican las cláusulas habituales de indexación”. Sobre el particular, plantea que ello siempre ha sido así y que, por lo tanto, lo que interesa saber es ",,RPM-2012-04-17:4766:2,Claudio Soto Gamboa,"El señor Claudio Soto indica que en el gráfico que se contiene en la referida lámina N° 48 se debiera incluir una línea que dé cuenta del crecimiento de la productividad, de tal forma que si a pesar de la corrección por productividad, se observa que los salarios “seudo- reales” están por sobre el crecimiento de la productividad, se podría inferir q",,,
6617,RPM-2012-04-17:4770:1,4770,2012-04-17 00:00:00,Sebastián Claro Edwards,Consejero,SUJETO_ROL_NOMBRE,LISTA_ASISTENCIA,FINAL_SIN_PUNTUACION,RPM-2012-04-17:T46,INICIO_EXPLICITO,,RPM-2012-04-17:4770:1,RPM-2012-04-17:4769:1,Claudio Soto Gamboa,El señor Claudio Soto responde que esta considera los datos hasta la primera semana de abril y muestra que frutas y verduras y alimentos no perecibles importados no tienen variación.,"El Consejero señor Sebastián Claro sostiene que ello mezcla el supuesto que el precio de frutas y verduras no se revierte durante el invierno, con otro respecto de los precios internacionales y de los márgenes. Sesión N° 184 Página 13 de 26",,RPM-2012-04-17:4770:2,Claudio Soto Gamboa,"El señor Claudio Soto indica que el planteamiento del Consejero señor Sebastián Claro es correcto. En este sentido, señala que en cuanto al precio de los alimentos no perecibles, que están más asociados a los precios internacionales, se ha supuesto una trayectoria de precios casi plana en los próximos meses, mientras que en la parte de energía se o",,,
6620,RPM-2012-04-17:4771:2,4771,2012-04-17 00:00:00,Claudio Soto Gamboa,Gerente de Análisis Macroeconómico,SUJETO_NOMBRE,LISTA_ASISTENCIA,FINAL_SIN_PUNTUACION,RPM-2012-04-17:T49,INICIO_EXPLICITO,,RPM-2012-04-17:4771:2,RPM-2012-04-17:4771:1,Beltrán de Ramón Acevedo,"El Gerente de División Operaciones Financieras señor Beltrán de Ramón hace presente que el mercado estaría otorgando una ponderación significativa a la rebaja del impuesto de timbres y estampillas, y que esta podría alcanzar hasta seis décimas.","Al respecto, el señor Claudio Soto precisa que ello no está incorporado en la proyección, pero que al hacerlo, la incidencia sería, efectivamente, de ese orden. Por último, señala que el indicador sintético de expectativas, que considera inflaciones tanto de corto como de mediano plazo, también muestra estabilidad en el margen. En síntesis, manifie",,RPM-2012-04-17:4771:3,Rodrigo Vergara Montes,"El Presidente señor Rodrigo Vergara hace notar que el precio del cobre registra una caída importante, mientras que el aumento del tipo de cambio ha subido levemente, perdiéndose, en cierto grado, la alta correlación existente entre ambas variables.",,,
6633,RPM-2012-04-17:4782:1,4782,2012-04-17 00:00:00,Joaquín Vial Ruiz-Tagle,Consejero,SUJETO_ROL_NOMBRE,LISTA_ASISTENCIA,FINAL_SIN_PUNTUACION,RPM-2012-04-17:T62,INICIO_EXPLICITO,,RPM-2012-04-17:4782:1,RPM-2012-04-17:4781:1,Rodrigo Vergara Montes,"El Presidente señor Rodrigo Vergara agradece la presentación del Gerente de División Estudios señor Luis Óscar Herrera. Al proseguir con la Sesión, el Presidente señor Rodrigo Vergara da paso a la votación y, en primer lugar, ofrece la palabra al Consejero señor Joaquín Vial.","El Consejero señor Joaquín Vial expresa su agradecimiento al staff por los antecedentes proporcionados, los que califica de claros y útiles para la toma de decisiones. Indica que de los antecedentes aportados se aprecia una concordancia de los eventos recientes con el cuadro económico general descrito en el último IPoM. En este sentido, manifiesta ",,RPM-2012-04-17:4782:2,Rodrigo Vergara Montes,"El Presidente señor Rodrigo Vergara agradece la intervención del Consejero señor Joaquín Vial y, a continuación, concede la palabra al Consejero señor Sebastián Claro.",,,
6636,RPM-2012-04-17:4784:1,4784,2012-04-17 00:00:00,Rodrigo Vergara Montes,Presidente del Banco Central,SUJETO_ROL_NOMBRE,LISTA_ASISTENCIA,FINAL_SIN_PUNTUACION,RPM-2012-04-17:T65,INICIO_EXPLICITO,,RPM-2012-04-17:4784:1,RPM-2012-04-17:4783:1,Sebastián Claro Edwards," que persisten los escenarios de riesgo, tanto de la situación externa como por el dinamismo de la demanda interna, enfatizados en el IPoM, y que es por ello que se mantiene válida la estrategia de mantener la TPM en su nivel actual. En mérito de lo expuesto, el Consejero señor Sebastián Claro expresa que su voto es por mantener la TPM en 5% anual.","El Presidente señor Rodrigo Vergara agradece al Consejero señor Sebastián Claro y, prosiguiendo con la votación, concede la palabra al Consejero señor Enrique Marshall. Sesión N° 184 Página 19 de 26",,RPM-2012-04-17:4784:2,Enrique Marshall Rivera,"El Consejero señor Enrique Marshall inicia su intervención agradeciendo al staff por el apoyo proporcionado para esta Reunión. Indica que esta Sesión se efectúa dos semanas después de la divulgación del último IPoM, y que si bien las noticias acumuladas desde entonces no configuran un cambio relevante en el escenario base, igualmente deben ser anal",,,
6640,RPM-2012-04-17:4787:1,4787,2012-04-17 00:00:00,Manuel Marfán Lewis,Vicepresidente del Banco Central,SUJETO_ROL_NOMBRE,LISTA_ASISTENCIA,FINAL_SIN_PUNTUACION,RPM-2012-04-17:T68,INICIO_EXPLICITO,,RPM-2012-04-17:4787:1,RPM-2012-04-17:4786:1,Rodrigo Vergara Montes,"El Presidente señor Rodrigo Vergara agradece al Consejero señor Enrique Marshall y, a continuación, concede la palabra al Vicepresidente señor Manuel Marfán.","El Vicepresidente señor Manuel Marfán inicia su intervención agradeciendo el análisis del staff, e indica que hace suya la lista de antecedentes nuevos respecto de la Reunión anterior, contenidos al comienzo de la Minuta de Opciones, a los que añade los siguientes elementos. Sesión N° 184 Página 21 de 26 En lo referente a la economía internacional,",,RPM-2012-04-17:4787:2,Rodrigo Vergara Montes,"El Presidente señor Rodrigo Vergara agradece la intervención del Vicepresidente señor Manuel Marfán, e inicia su intervención expresando su reconocimiento al staff por el excelente análisis expuesto precedentemente. Indica que desde la última Reunión de Política Monetaria, las tensiones financieras globales han vuelto a agitar los mercados. Al resp",,,
6689,RPM-2012-05-17:4826:1,4826,2012-05-17 00:00:00,Rodrigo Vergara Montes,Presidente del Banco Central,SUJETO_ROL_NOMBRE,LISTA_ASISTENCIA,FINAL_SIN_PUNTUACION,RPM-2012-05-17:T41,INICIO_EXPLICITO,,RPM-2012-05-17:4826:1,RPM-2012-05-17:4825:1,Claudio Soto Gamboa," caída del consumo de Gobierno mencionado precedentemente, indica que se explica por la disminución del componente total de bienes y servicios, específicamente en la parte extrapresupuestaria, cuya disminución alcanzó alrededor del 60%. De esta forma, precisa que el crecimiento del consumo público fue de 0,5%, en vez del 4% proyectado internamente.","El Presidente señor Rodrigo Vergara solicita que se precise lo referente a los gastos extrapresupuestarios,",,RPM-2012-05-17:4826:2,Ricardo Vicuña Poblete,"a lo cual el Gerente de División Estadísticas señor Ricardo Vicuña aclara que estos se refieren a aquellos bienes y servicios que contempla la Ley de Gastos Reservados de las Fuerzas Armadas. Agrega que los bienes y servicios de consumo del Gobierno cayeron 18%, considerando un alza del gasto presupuestario de 2% y una disminución del 60% del extra",,,
6726,RPM-2012-06-14:4857:1,4857,2012-06-14 00:00:00,Rodrigo Vergara Montes,Presidente del Banco Central,SUJETO_ROL_NOMBRE,LISTA_ASISTENCIA,FINAL_SIN_PUNTUACION,RPM-2012-06-14:T8,INICIO_EXPLICITO,,RPM-2012-06-14:4857:1,RPM-2012-06-14:4856:2,Sergio Lehmann Beresi,"8%, respectivamente. Sobre el particular, resalta también la elevada volatilidad observada durante el mes, que en el caso del rublo alcanzó a una depreciación cercana al 10% y cerró con una apreciación de 4,5%, así como la situación del peso colombiano y chileno, que llegaron a depreciarse en torno a 2% y finalizaron el período con una apreciación.",El Presidente señor Rodrigo Vergara consulta por la situación de Rusia,,RPM-2012-06-14:4857:2,Joaquín Vial Ruiz-Tagle,"y sobre este aspecto, el Consejero señor Joaquín Vial manifiesta que el plan de expansión impulsado por el Presidente Putin ha generado dudas sobre la sostenibilidad fiscal de esa economía, especialmente en el contexto actual en que ha disminuido el precio del petróleo. Añade que es probable que esa economía enfrente además serios problemas derivad",,,
6963,RPM-2012-09-13:5072:1,5072,2012-09-13 00:00:00,Manuel Marfán Lewis,Vicepresidente del Banco Central,SUJETO_ROL_NOMBRE,LISTA_ASISTENCIA,FINAL_SIN_PUNTUACION,RPM-2012-09-13:T34,INICIO_EXPLICITO,,RPM-2012-09-13:5072:1,RPM-2012-09-13:5071:1,Rodrigo Vergara Montes,"El Presidente señor Rodrigo Vergara agradece la presentación del Gerente de Análisis Macroeconómico señor Claudio Soto y, a continuación, ofrece la palabra para consultas o comentarios.","El Vicepresidente señor Manuel Marfán plantea la conveniencia de evaluar si lo referente a los precios del vestuario y transporte constituye un shock a la estacionalidad o si corresponde a cambios de carácter permanente, atendido que la estacionalidad es un componente relevante de esos precios en los meses de agosto y septiembre. En segundo término",,RPM-2012-09-13:5072:2,Enrique Marshall Rivera,"El Consejero señor Enrique Marshall señala que diferentes indicadores evidencian de manera creciente que la economía local se está desacelerando. En segundo término, indica que de acuerdo con las encuestas de expectativas, la economía se encuentra en equilibrio, por cuanto se espera una inflación en torno al 3% para el presente año, un crecimiento ",,,
6972,RPM-2012-09-13:5078:1,5078,2012-09-13 00:00:00,Luis Óscar Herrera Barriga,Gerente de División Estudios,SUJETO_NOMBRE,LISTA_ASISTENCIA,FINAL_SIN_PUNTUACION,RPM-2012-09-13:T43,INICIO_EXPLICITO,,RPM-2012-09-13:5078:1,RPM-2012-09-13:5077:1,Rodrigo Vergara Montes,El Presidente señor Rodrigo Vergara concede la palabra al Gerente de División Estudios señor Luis Óscar Herrera para que presente al Consejo las Opciones de Política Monetaria que se han considerado en esta oportunidad.,"El señor Luis Óscar Herrera señala que antes de proceder a exponer las opciones que se han contemplado para la presente Reunión, el Gerente de Análisis Internacional señor Sergio Lehmann se referirá a las decisiones adoptadas por la Reserva Federal al mediodía de la presente jornada. V",,RPM-2012-09-13:5078:2,Sergio Lehmann Beresi,"El Gerente de Análisis Internacional señor Sergio Lehmann informa que la Reserva Federal anunció finalmente un nuevo programa denominado QE3, que contempla la compra de US$40 billones mensuales de MBS. Subraya que el monto total de esta operación equivale a una cifra cercana a un tercio de la comprendida en el programa QE1, que ascendió a US$1,25 t",,,
7037,RPM-2012-10-18:5133:1,5133,2012-10-18 00:00:00,Rodrigo Vergara Montes,Presidente del Banco Central,SUJETO_ROL_NOMBRE,LISTA_ASISTENCIA,FINAL_SIN_PUNTUACION,RPM-2012-10-18:T41,INICIO_EXPLICITO,,RPM-2012-10-18:5133:1,RPM-2012-10-18:5132:1,Claudio Soto Gamboa," una lectura que puede darse a estos datos indicaría que la dinámica de salarios se ha mantenido en los últimos meses y que la sorpresa inflacionaria determina que sus registros se aprecien más elevados, en tanto que una lectura más estricta daría cuenta de presiones de costos laborales que pueden ser complejas para las perspectivas inflacionarias.","El Presidente señor Rodrigo Vergara consulta por la consistencia entre estas estimaciones, las del Instituto Nacional de Estadísticas y las de la Asociación Chilena de Seguridad,",,RPM-2012-10-18:5133:2,Claudio Soto Gamboa,"a lo que el señor Claudio Soto responde que todas ellas reflejan un panorama similar, aun cuando precisa que las estimaciones del INE no incluyen los datos de salarios agrícolas.",,,
7124,RPM-2012-11-13:5212:1,5212,2012-11-13 00:00:00,Luis Óscar Herrera Barriga,Gerente de División Estudios,SUJETO_ROL_NOMBRE,LISTA_ASISTENCIA,DUPLICADO_NO_FORMULA,RPM-2012-11-13:T51,CONTINUIDAD_EXPLICITA,RPM-2012-11-13:5211:1,RPM-2012-11-13:5212:1,RPM-2012-11-13:5211:1,Luis Óscar Herrera Barriga,"rango de valores neutrales, lo que permite esperar y acumular información sobre la evolución de la situación externa y su impacto en la economía chilena. Además, indica que la opción recomendada en esta oportunidad corresponde a la expectativa mayoritaria en el mercado, por lo que no debería tener mayores efectos sobre la curva de tasas de interés.","El Gerente de División Estudios señor Luis Óscar Herrera concluye su exposición manifestando que conforme a las consideraciones expuestas, esa Gerencia propone al Consejo mantener la Tasa de Política Monetaria en su nivel actual.",,RPM-2012-11-13:5212:2,Rodrigo Vergara Montes,"Al proseguir con la Sesión, el señor Presidente informa que el Ministro de Hacienda señor Felipe Larraín, por intermedio de su Asesor señor Rodrigo Cerda, le ha hecho llegar su planteamiento por escrito, al que dará lectura a continuación:",,,
7126,RPM-2012-11-13:5212:3,5212,2012-11-13 00:00:00,Felipe Larraín Bascuñán,Ministro de Hacienda,DOCUMENTO_ESCRITO_REVISADO,CARGO_DOCUMENTAL_REVISADO,TEXTO_ESCRITO_LEIDO_POR_TERCERO,RPM-2012-11-13:T53,DOCUMENTO_PERSONAL,,,RPM-2012-11-13:5212:2,Rodrigo Vergara Montes,"Al proseguir con la Sesión, el señor Presidente informa que el Ministro de Hacienda señor Felipe Larraín, por intermedio de su Asesor señor Rodrigo Cerda, le ha hecho llegar su planteamiento por escrito, al que dará lectura a continuación:","“El escenario económico en el último mes sigue mostrando a nivel local el dinamismo de la actividad y la inflación bajo control. En el escenario externo no se observan grandes cambios, en el cual persisten los problemas fundamentales en Europa, en que han vuelto a surgir las tensiones por las discrepancias entre los Ministros de Finanzas de la Zona",,RPM-2012-11-13:5212:4,Rodrigo Vergara Montes,"Concluida la lectura de la opinión formulada por el señor Ministro de Hacienda y para efectos de proseguir con la Sesión, el Presidente señor Rodrigo Vergara da paso a la votación y, en primer lugar, ofrece la palabra al Consejero señor Joaquín Vial.",,,
7178,RPM-2012-12-13:5256:1,5256,2012-12-13 00:00:00,Luis Óscar Herrera Barriga,Gerente de División Estudios,SUJETO_ROL_NOMBRE,LISTA_ASISTENCIA,DUPLICADO_NO_FORMULA,RPM-2012-12-13:T36,CONTINUIDAD_EXPLICITA,RPM-2012-12-13:5255:1,RPM-2012-12-13:5256:1,RPM-2012-12-13:5255:1,Luis Óscar Herrera Barriga,"mo del gasto interno y la ampliación del déficit de la cuenta corriente por sus eventuales implicancias sobre las vulnerabilidades externas de la economía chilena. En su opinión, abordar este tema requiere el concurso y coordinación de un conjunto amplio de políticas económicas y financieras que exceden el contexto de la Tasa de Política Monetaria.","El Gerente de División Estudios señor Luis Óscar Herrera concluye su exposición manifestando que conforme a las consideraciones expuestas, esa Gerencia propone al Consejo mantener la Tasa de Política Monetaria en su nivel actual.",,RPM-2012-12-13:5257:1,Rodrigo Vergara Montes,"El Presidente señor Rodrigo Vergara se integra a la Sesión y pasa a presidirla. El Presidente señor Rodrigo Vergara informa que el Ministro de Hacienda señor Felipe Larraín no asistirá a la presente Sesión, sin embargo por intermedio de su Asesor señor Rodrigo Cerda, ha hecho llegar su planteamiento por escrito, que dará lectura a continuación: “El",,,
7211,RPM-2013-01-17:5286:1,5286,2013-01-17 00:00:00,Sergio Lehmann Beresi,Gerente de Análisis Internacional,SUJETO_ROL_NOMBRE,LISTA_ASISTENCIA,FINAL_SIN_PUNTUACION,RPM-2013-01-17:T20,INICIO_EXPLICITO,,RPM-2013-01-17:5286:1,RPM-2013-01-17:5285:1,Enrique Marshall Rivera,"ndo turbulencias en el escenario externo, considerando en todo caso los elementos de juicio que demuestran aspectos positivos recientes, como en el caso de la economía de Estados Unidos de América, en que el Board of Governors del Federal Reserve System ha reconocido un crecimiento moderado, o la recuperación industrial que México ha experimentado.","El Gerente de Análisis Internacional señor Sergio Lehmann, refiriéndose al planteamiento del Vicepresidente señor Manuel Marfán sobre la conveniencia de monitorear las medidas cambiarías adoptadas por otros países, hace presente que esa Gerencia distribuye diariamente un monitor cambiario, que no solo da cuenta de los movimientos de las paridades e",,RPM-2013-01-17:5286:2,Rodrigo Vergara Montes,"No habiendo más consultas ni comentarios en lo concerniente al escenario internacional, el Presidente señor Rodrigo Vergara da paso a la exposición del escenario interno, a cargo del Gerente de Análisis Macroeconómico señor Claudio Soto.",,,
7219,RPM-2013-01-17:5293:1,5293,2013-01-17 00:00:00,Luis Opazo Roco,Gerente de Estabilidad Financiera,SUJETO_ROL_NOMBRE,LISTA_ASISTENCIA,FINAL_SIN_PUNTUACION,RPM-2013-01-17:T28,INICIO_EXPLICITO,,RPM-2013-01-17:5293:1,RPM-2013-01-17:5292:1,Manuel Marfán Lewis," cuanto a las tasaciones de inmuebles otorgados en garantía hipotecaria, de manera de establecer con mayor certeza si las mismas se ajustan a criterios de mercado, lo que resulta de interés para la aplicación de los márgenes de crédito establecidos en relación con el valor del inmueble y el mutuo hipotecario que puede otorgarse por estos conceptos.","El Gerente de Estabilidad Financiera señor Luis Opazo menciona que si bien los bancos señalan en la última Encuesta que las condiciones son en el margen algo más restrictivas, los loan to value que auto reportan no han variado significativamente respecto de la encuesta anterior y que, por lo tanto, aún no se observan cambios radicales que sugieran ",,RPM-2013-01-17:5293:2,Enrique Marshall Rivera,"El Consejero señor Enrique Marshall plantea la conveniencia de determinar el porcentaje de las viviendas que son adquiridas mediante créditos hipotecarios, atendido que, en ciertos segmentos socioeconómicos, muchas personas compran al contado, ya sea por tratarse de una reasignación patrimonial o por otras razones.",,,
7282,RPM-2013-02-14:5349:1,5349,2013-02-14 00:00:00,Sergio Lehmann Beresi,Gerente de Análisis Internacional,SUJETO_NOMBRE,LISTA_ASISTENCIA,FINAL_SIN_PUNTUACION,RPM-2013-02-14:T20,INICIO_EXPLICITO,,RPM-2013-02-14:5349:1,RPM-2013-02-14:5348:1,Rodrigo Vergara Montes,"l Presidente señor Rodrigo Vergara también estima que el caso de Australia es interesante de considerar, ya que si bien es un país más desarrollado, con mayor riqueza que Chile y su moneda registra una apreciación superior a la del peso chileno, alrededor del 80% de sus exportaciones corresponden a commodities, lo que es similar a nuestra economía.","El señor Sergio Lehmann retoma su exposición indicando que en materia de inflación, los movimientos han sido mixtos. Destaca particularmente el aumento de la inflación en Brasil, que registra una trayectoria al alza desde mediados del año 2012, explicada en parte por el alza cercana a 10% de los alimentos en lo más reciente. Plantea que ello ha sid",,RPM-2013-02-14:5349:2,Joaquín Vial Ruiz-Tagle,"El Consejero señor Joaquín Vial deja constancia que no correspondería asociar las alzas de precios de alimentos con choques de oferta u otras situaciones anómalas. En su opinión, el comportamiento de dichos precios en Brasil en lo más reciente es distinto al de otros países, lo que respondería principalmente a problemas internos y no a temas proven",,,
7287,RPM-2013-02-14:5352:1,5352,2013-02-14 00:00:00,Rodrigo Vergara Montes,Presidente del Banco Central,SUJETO_ROL_NOMBRE,LISTA_ASISTENCIA,FINAL_SIN_PUNTUACION,RPM-2013-02-14:T25,INICIO_EXPLICITO,,RPM-2013-02-14:5352:1,RPM-2013-02-14:5351:1,Sergio Lehmann Beresi," situación similar ocurre con el precio de la gasolina, ya que su alza obedece fundamentalmente al cierre de una refinería en el Golfo de México, a lo que se sumarían aumentos adicionales hasta el mes de julio próximo, acordes con la mayor demanda por la temporada de verano. Agrega que a contar de esa fecha disminuiría el precio de ese combustible.","El Presidente señor Rodrigo Vergara agradece la presentación del Gerente de Análisis Internacional señor Sergio Lehmann y, a continuación, ofrece la palabra para consultas y comentarios. B A N C O C E N T R A L D E C H I L E",,RPM-2013-02-14:5352:2,Manuel Marfán Lewis,"El Vicepresidente señor Manuel Marfán observa que en cada Reunión de Política Monetaria se presenta un análisis en relación con lo tratado en la Sesión anterior. Sin perjuicio de ello, plantea la conveniencia de que se efectúe un recuento del efecto acumulado, ya que en su opinión, correspondería realizar un catastro de los efectos de propagación d",,,
7296,RPM-2013-02-14:5360:1,5360,2013-02-14 00:00:00,Luis Óscar Herrera Barriga,Gerente de División Estudios,SUJETO_ROL_NOMBRE,LISTA_ASISTENCIA,FINAL_SIN_PUNTUACION,RPM-2013-02-14:T34,INICIO_EXPLICITO,,RPM-2013-02-14:5360:1,RPM-2013-02-14:5359:1,Kevin Cowan Logan,"teria de deuda, hasta el tercer trimestre del año pasado al menos, no se observaron aumentos significativos del endeudamiento de las empresas sobre el PIB o del endeudamiento de los hogares sobre ingresos. En consecuencia, el riesgo provendría más bien de la gestación de un alza de los términos de intercambio más que de un mayor sobreendeudamiento.","El Gerente de División Estudios señor Luis Óscar Herrera comparte las aprehensiones planteadas por varios Consejeros acerca de la importancia que reviste la incertidumbre generada por los temas políticos, razón por la cual se reforzará el seguimiento por parte de esa Gerencia a los diversos eventos mencionados en la presentación. En relación con la",,RPM-2013-02-14:5360:2,Rodrigo Vergara Montes,"No habiendo más consultas ni comentarios en lo concerniente al escenario internacional, el Presidente señor Rodrigo Vergara da paso a la exposición del escenario interno, a cargo del Gerente de Análisis Macroeconómico Subrogante señor Miguel Fuentes.",,,
7304,RPM-2013-02-14:5367:1,5367,2013-02-14 00:00:00,Miguel Fuentes Díaz,Gerente de Análisis Macroeconómico (S),SUJETO_NOMBRE,LISTA_ASISTENCIA,FINAL_SIN_PUNTUACION;PASAJES_CONJUNTOS_POR_DELIMITAR,RPM-2013-02-14:T42,INICIO_EXPLICITO,,RPM-2013-02-14:5367:1,RPM-2013-02-14:5366:1,Manuel Marfán Lewis,"ración de la economía, ella sigue creciendo algo por sobre su tendencia. En su opinión, para determinar si se está ante una reaceleración de la economía o no en lo más inmediato, es necesario esperar y conocer antecedentes adicionales, atendido que el comportamiento actual podría estar influenciado aún por lo acontecido en el mes de octubre último.","El señor Miguel Fuentes retoma su presentación y consigna que la demanda interna registró un aumento de 6,7% en el último trimestre del año 2012, en línea con la estimación contemplada en el IPoM de diciembre pasado y con contribución real tanto de la formación bruta de capital fijo durable como al consumo habitual. En cuanto a los fundamentos que ",,RPM-2013-02-14:5367:2,Luis Óscar Herrera Barriga,"En cuanto al gráfico referido a las colocaciones de consumo, el Gerente de División Estudios señor Luis Óscar Herrera señala, a título ejemplar, que si los consumidores reciben un flujo de $1.000 millones a título de crédito, eso les permite aumentar su consumo en un 1%. En otras palabras, precisa que un valor igual a 1 significa que el delta de cr",,,
7329,RPM-2013-02-14:5385:1,5385,2013-02-14 00:00:00,Luis Óscar Herrera Barriga,Gerente de División Estudios,SUJETO_ROL_NOMBRE,LISTA_ASISTENCIA,DUPLICADO_NO_FORMULA,RPM-2013-02-14:T63,CONTINUIDAD_EXPLICITA,RPM-2013-02-14:5384:1,RPM-2013-02-14:5385:1,RPM-2013-02-14:5384:1,Luis Óscar Herrera Barriga,"e las tasas de política monetaria de la economía chilena y otras economías. Por último, indica que la opción de mantener la tasa se justifica en que el nivel actual de la TPM se encuentra dentro de un rango de valores neutrales y que esta opción es la expectativa de consenso en el mercado, por lo que no debería afectar la curva de tasas de interés.","El Gerente de División Estudios señor Luis Óscar Herrera concluye su exposición manifestando que conforme a las consideraciones expuestas, esa Gerencia propone al Consejo mantener la Tasa de Política Monetaria en su nivel actual.",,RPM-2013-02-14:5386:1,Rodrigo Vergara Montes,"El Presidente señor Rodrigo Vergara agradece la presentación del Gerente de División Estudios señor Luis Óscar Herrera y, a continuación, ofrece la palabra al staff del Banco, sin que los asistentes planteen comentarios. El Presidente señor Rodrigo Vergara concede la palabra al Ministro de Hacienda señor Felipe Larraín.",,,
7367,RPM-2013-03-14:5418:1,5418,2013-03-14 00:00:00,Claudio Soto Gamboa,Gerente de Análisis Macroeconómico,SUJETO_ROL_NOMBRE,LISTA_ASISTENCIA,FINAL_SIN_PUNTUACION,RPM-2013-03-14:T21,INICIO_EXPLICITO,,RPM-2013-03-14:5418:1,RPM-2013-03-14:5417:2,Rodrigo Vergara Montes,"No habiendo más consultas ni comentarios en lo concerniente al escenario internacional, el Presidente señor Rodrigo Vergara da paso a la exposición del escenario interno, a cargo del Gerente de Análisis Macroeconómico señor Claudio Soto.","El Gerente de Análisis Macroeconómico señor Claudio Soto inicia su presentación refiriéndose a los hechos destacados del escenario interno. En primer término, expresa que la actividad ha crecido levemente por sobre lo esperado, impulsada en lo más reciente por la minería. En segundo lugar, plantea que la demanda interna del año 2012 sorprendió al a",,RPM-2013-03-14:5418:2,Ricardo Vicuña Poblete,"y en este sentido, el Gerente de División Estadísticas señor Ricardo Vicuña precisa que la revisión marginal de este dato es de dos décimas, desde 6,7% a 6,5%.",,,
7443,RPM-2013-04-11:5486:1,5486,2013-04-11 00:00:00,Rodrigo Vergara Montes,Presidente del Banco Central,SUJETO_ROL_NOMBRE,LISTA_ASISTENCIA,FINAL_SIN_PUNTUACION,RPM-2013-04-11:T34,INICIO_EXPLICITO,,RPM-2013-04-11:5486:1,RPM-2013-04-11:5485:1,Claudio Soto Gamboa,"ales por donde ingresan tales importaciones. A título de resumen, el señor Claudio Soto consigna que esta paralización portuaria ha afectado tanto a las exportaciones como a las importaciones; quedará particularmente en evidencia en las cifras correspondientes al primer trimestre del año; y generará además una acumulación importante de inventarios.","El Presidente señor Rodrigo Vergara expresa que el gráfico que se ubica al lado derecho de la lámina N° 47 de la presentación muestra que el volumen de exportaciones frutícolas disminuyó al término del mes de marzo de 2013, dando cuenta del efecto del paro portuario, mientras que el monto de los envíos frutícolas en dicho mes, publicado recientemen",,RPM-2013-04-11:5486:2,Ricardo Vicuña Poblete,"El señor Ricardo Vicuña manifiesta que los precios para fines de exportación se estiman, ya que los envíos de fruta se efectúan a título de consignación. Explica que para tal efecto se realiza un ajuste histórico entre la estimación de precios que se hace cada año y los precios efectivos, resultando una estimación promedio. Agrega que ese ajuste es",,,
7455,RPM-2013-04-11:5497:1,5497,2013-04-11 00:00:00,Matías Bernier Bórquez,Gerente de Mercados Nacionales,SUJETO_ROL_NOMBRE,LISTA_ASISTENCIA,FINAL_SIN_PUNTUACION,RPM-2013-04-11:T46,INICIO_EXPLICITO,,RPM-2013-04-11:5497:1,RPM-2013-04-11:5496:1,Luis Opazo Roco,"iario. Hace presente que de acuerdo con lo informado por las AFP, el significativo cambio en sus coberturas cambiarías obedece a sus percepciones de posibles escenarios de depreciación o apreciación y, en ese sentido, anticipa que se podría seguir observando un efecto mitigador de los instrumentos Non Deliverable Forward de las AFP en este proceso.","El Gerente de Mercados Nacionales señor Matías Bernier destaca que las AFP, luego de varios años, han vuelto a invertir en depósitos en dólares estadounidenses en la banca local y que estas inversiones podrían aumentar aún en una suma cercana a US$400 millones producto de la recomposición de las carteras de las AFP. En segundo término, plantea que ",,RPM-2013-04-11:5497:2,Claudio Soto Gamboa,"El Gerente de Análisis Macroeconómico retoma su presentación y señala que la trayectoria de la curva forward da cuenta de un cierto aplanamiento que a esta fecha se encuentra alineada con las expectativas que sugieren un alza de la tasa a comienzos del próximo año, y a partir de entonces una trayectoria plana. Al concluir su presentación, el señor ",,,
7461,RPM-2013-04-11:5500:1,5500,2013-04-11 00:00:00,Luis Óscar Herrera Barriga,Gerente de División Estudios,SUJETO_NOMBRE,LISTA_ASISTENCIA,FINAL_SIN_PUNTUACION,RPM-2013-04-11:T51,CONTINUIDAD_EXPLICITA,RPM-2013-04-11:5499:1,RPM-2013-04-11:5500:1,RPM-2013-04-11:5499:1,Luis Óscar Herrera Barriga,"idense y también en términos multilaterales; y, por último, expresa que las encuestas y los precios financieros continúan señalando la expectativa de que se va a mantener la TPM en el corto plazo, que conjuntamente se moderaron las expectativas de incremento de dicha Tasa a mediano plazo, y que para esta Reunión se anticipa que se mantendrá la TPM.","El señor Luis Óscar Herrera manifiesta que los antecedentes mencionados llevan a proponer en carácter de única opción para esta oportunidad, la de mantener la Tasa de Política Monetaria en 5% anual, en razón de los fundamentos que pasa a exponer. En primer término, expresa que el escenario internacional que se delineó en el último IPoM contempla un",,RPM-2013-04-11:5500:2,Rodrigo Vergara Montes,"El Presidente señor Rodrigo Vergara agradece la exposición del Gerente de División Estudios señor Luis Óscar Herrera y, a continuación, ofrece la palabra.",,,
7542,RPM-2013-06-13:5573:1,5573,2013-06-13 00:00:00,Beltrán de Ramón Acevedo,Gerente de División Operaciones Financieras,CONTEXTO_REVISADO,LISTA_ASISTENCIA,CARGO_EN_DISCURSO_POR_VERIFICAR,RPM-2013-06-13:T6,SIN_CONTINUIDAD_CONFIRMADA,,,RPM-2013-06-13:5572:1,Luis Óscar Herrera Barriga,El Gerente de División Estudios señor Luis Óscar Herrera plantea que estos retrocesos responden a declaraciones contradictorias emitidas por parte del Banco de Japón y a una implementación errática de su programa de estímulo monetario.,"El Gerente de División Operaciones Monetarias señor Beltrán de Ramón deja constancia que el Banco de Japón se comprometió a subir la inflación a 2% anual, de manera que en su opinión, es razonable que las tasas de interés de corto plazo aumenten y que disminuyan las de largo plazo, que estaban en niveles más altos. En consecuencia, no se trataría n",,RPM-2013-06-13:5574:1,Sergio Lehmann Beresi,"El señor Sergio Lehmann concluye el análisis referido a Japón indicando que desde comienzos del presente año, a propósito de los programas de estímulo y las señales entregadas por el nuevo gobierno, los japoneses han reducido sus inversiones en el exterior y, por lo tanto, han ingresado capitales nipones a esa economía. Al proseguir con su presenta",,,
7620,RPM-2013-07-11:5643:1,5643,2013-07-11 00:00:00,Claudio Soto Gamboa,Gerente de Análisis Macroeconómico,SUJETO_ROL_NOMBRE,LISTA_ASISTENCIA,FINAL_SIN_PUNTUACION,RPM-2013-07-11:T8,INICIO_EXPLICITO,,RPM-2013-07-11:5643:1,RPM-2013-07-11:5642:1,Sebastián Claro Edwards," últimos meses y de los CDS de países emergentes, incluido Chile, y consulta acerca de si se cuenta con información sobre emisiones de bonos por parte de economías emergentes en el exterior, como también, del monto en que se han encarecido las emisiones de estos títulos en el exterior a plazos de 5 y 10 años por parte de empresas y bancos chilenos.",El Gerente de Análisis Macroeconómico señor Claudio Soto indica que se proporcionará esta información al término de la presentación del escenario internacional. y,,RPM-2013-07-11:5643:2,Joaquín Vial Ruiz-Tagle,"El Consejero señor Joaquín Vial destaca que todas las regiones exhiban flujos de capitales negativos, lo que en su opinión daría cuenta de que los inversionistas están retirando sus posiciones de los mercados internacionales y regresando a sus países de origen, lo cual es confirmado por el señor Sergio Lehmann.",,,
7625,RPM-2013-07-11:5647:1,5647,2013-07-11 00:00:00,Rodrigo Vergara Montes,Presidente del Banco Central,SUJETO_ROL_NOMBRE,LISTA_ASISTENCIA,FINAL_SIN_PUNTUACION,RPM-2013-07-11:T13,INICIO_EXPLICITO,,RPM-2013-07-11:5647:1,RPM-2013-07-11:5646:1,Sergio Lehmann Beresi,"ncuentran actualizadas a esta fecha y, por lo tanto, incluyen el efecto de las noticias algo más tranquilizadoras entregadas por el Presidente de la FED y del anuncio de medidas en China al que se hizo referencia anteriormente, que si bien moderaron en algún grado los movimientos que habían registrado previamente las monedas, no cambiaron su signo.","El Presidente señor Rodrigo Vergara observa que las variaciones que acumulan las paridades desde el mes de diciembre de 2012 a la fecha difieren de las informadas por la Gerencia de Análisis Internacional en forma diaria,",,RPM-2013-07-11:5647:2,Sergio Lehmann Beresi,"por lo que el señor Sergio Lehmann se compromete a revisar dicha información. En lo atinente a las intervenciones cambiarías, hace presente que Perú ha vendido dólares estadounidenses con el propósito de moderar la depreciación de su moneda; en Brasil no se han adoptado acciones directas en el mercado cambiario, pero sí algunas medidas tendientes a",,,
7638,RPM-2013-07-11:5658:1,5658,2013-07-11 00:00:00,Joaquín Vial Ruiz-Tagle,Consejero,SUJETO_ROL_NOMBRE,LISTA_ASISTENCIA,POSIBLE_OTRO_HABLANTE_O_MENCION,RPM-2013-07-11:T26,INICIO_EXPLICITO,,RPM-2013-07-11:5658:1,RPM-2013-07-11:5657:1,Enrique Marshall Rivera,"e a las medidas que ha comenzado a adoptar Perú para fines de frenar la depreciación de su moneda y que se relacionan con la dolarízación de su economía, lo que influye en que sus políticas sean menos flexibles que las que aplica el Banco, que han permitido que en Chile se haya podido sobrellevar sin grandes problemas una depreciación de su moneda.","El Consejero señor Joaquín Vial consigna que en su reciente visita al Banco Central de Reserva de Perú, su Presidente le manifestó que se comenzó a intervenir en el mercado cambiario cuando se advirtieron los primeros cambios destinados a adquirir activos en dólares en el mercado financiero. Agrega que Perú, con gran sacrificio, ha realizado un not","El Consejero señor Joaquín Vial consigna que en su reciente visita al Banco Central de Reserva de Perú, su Presidente le manifestó que se comenzó a intervenir en el mercado cambiario cuando se advirtieron los primeros cambios destinados a adquirir activos en dólares en el mercado financiero. ",RPM-2013-07-11:5659:1,Enrique Marshall Rivera,"El Consejero señor Enrique Marshall se refiere además a los efectos del incremento que exhibe la curva de rendimiento en Estados Unidos de América. A su juicio, los bancos americanos se beneficiarán de ello en la medida que las tasas de interés de corto plazo se mantengan cercanas a 0% y comiencen a tener la posibilidad de invertir en bonos del Tes",MENCION_LEGITIMA_REVISADA,MEN-20260907-5658,"POSIBLE_OTRO_HABLANTE_O_MENCION: Vial recuerda su conversación durante una visita al Banco Central de Reserva de Perú. Su Presidente es una autoridad extranjera referida en esa conversación, no un turno del Presidente del BCCh. Agrega continúa con Vial. Sólo se adjudica este aviso de mención; las alertas automáticas y otros motivos se conservan. Lectura del consolidado y entorno, sin cotejo PDF ni revisión humana independiente. No crea un ancla de continuidad ni cierra todo el padre."
7707,RPM-2013-08-13:5719:1,5719,2013-08-13 00:00:00,Claudio Soto Gamboa,Gerente de Análisis Macroeconómico,SUJETO_NOMBRE,LISTA_ASISTENCIA,FINAL_SIN_PUNTUACION,RPM-2013-08-13:T22,INICIO_EXPLICITO,,RPM-2013-08-13:5719:1,RPM-2013-08-13:5718:1,Rodrigo Vergara Montes,El Presidente señor Rodrigo Vergara consulta por las ponderaciones del consumo privado.,"El señor Claudio Soto precisa que el consumo durable pondera entre 10% y 15%, mientras que el consumo no durable y servicios representan el resto por partes equivalentes. El señor Claudio Soto prosigue con su presentación, planteando que las exportaciones de bienes y servicios se han revisado a la baja respecto de lo contemplado en el mes de julio,",,RPM-2013-08-13:5719:2,Rodrigo Vergara Montes,El Presidente señor Rodrigo Vergara plantea que resulta de interés observar que el comercio perciba que sus inventarios son relativamente altos frente al importante dinamismo que han exhibido las ventas de este sector.,,,
7738,RPM-2013-08-13:5742:3,5742,2013-08-13 00:00:00,Felipe Larraín Bascuñán,Ministro de Hacienda,DOCUMENTO_ESCRITO_REVISADO,CARGO_DOCUMENTAL_REVISADO,TEXTO_ESCRITO_LEIDO_POR_TERCERO,RPM-2013-08-13:T51,DOCUMENTO_PERSONAL,,,RPM-2013-08-13:5742:2,Rodrigo Vergara Montes," la Sesión, el señor Presidente informa que el Ministro de Hacienda señor Felipe Larraín, por intermedio de su Asesor señor Rodrigo Cerda, le ha entregado su planteamiento por escrito, atendido que no podrá asistir a esta Sesión por razones propias de su cargo, por lo que procederá a darle lectura, de manera que quede inserto en el Acta respectiva:","“Aunque con relativa calma en los mercados financieros, el escenario económico internacional sigue mostrando un panorama incierto, con fluctuaciones relevantes en los precios de commodities, provocando mayor volatilidad en las economías exportadoras de estos productos. La Zona Euro continúa exhibiendo elevadas tasas de desempleo, en particular, en ",,RPM-2013-08-13:5742:4,Rodrigo Vergara Montes,"Concluida la lectura del planteamiento formulado por el señor Ministro de Hacienda y conforme al orden de esta Sesión, el Presidente señor Rodrigo Vergara da paso al proceso de votación de las opciones planteadas por la Gerencia de División Estudios y, en primer término, ofrece la palabra al Consejero señor Joaquín Vial.",,,
7762,RPM-2013-09-12:5764:1,5764,2013-09-12 00:00:00,Sebastián Claro Edwards,Consejero,SUJETO_ROL_NOMBRE,LISTA_ASISTENCIA,FINAL_SIN_PUNTUACION,RPM-2013-09-12:T9,INICIO_EXPLICITO,,RPM-2013-09-12:5764:1,RPM-2013-09-12:5763:1,Luis Óscar Herrera Barriga,El Gerente de División Estudios señor Luis Óscar Herrera enfatiza que la caída de la participación de la fuerza de trabajo ha sido más significativa de lo proyectado.,"El Consejero señor Sebastián Claro plantea que el empleo estructural en Estados Unidos de América ha cambiado lo que se habría potenciado con la última crisis,",,RPM-2013-09-12:5764:2,Sergio Lehmann Beresi,"a lo cual el señor Sergio Lehmann agrega que las personas en edad de pensionarse están trabajando más años y, por tanto, dejando con posterioridad la fuerza de trabajo.",,,
7769,RPM-2013-09-12:5770:1,5770,2013-09-12 00:00:00,Rodrigo Vergara Montes,Presidente del Banco Central,SUJETO_ROL_NOMBRE,LISTA_ASISTENCIA,FINAL_SIN_PUNTUACION,RPM-2013-09-12:T15,INICIO_EXPLICITO,,RPM-2013-09-12:5770:1,RPM-2013-09-12:5769:1,Luis Óscar Herrera Barriga,"recientes dan cuenta de un menor crecimiento de esa economía, lo que es coincidente con un mal desempeño del sector manufacturero de Estados Unidos de América más vinculado con México en el primer semestre. En todo caso, plantea que las expectativas han comenzado a repuntar, lo que debiera traducirse en una recuperación de la actividad de ese país.",El Presidente señor Rodrigo Vergara solicita que se revise en detalle las medidas que se han adoptado en Turquía. /,,RPM-2013-09-12:5770:2,Sergio Lehmann Beresi,"El señor Sergio Lehmann se refiere a continuación a los precios de commodities, destacando los fuertes vaivenes registrados durante el mes. Hace presente que el precio del petróleo exhibió alzas significativas debido a los elevados riesgos geopolíticos en Medio Oriente, luego retrocedió ante la posibilidad de un acuerdo sobre Siria, y cerró con un ",,,
7808,RPM-2013-09-12:5802:2,5802,2013-09-12 00:00:00,Rodrigo Vergara Montes,Presidente del Banco Central,LECTOR_DOCUMENTO_REVISADO,LISTA_ASISTENCIA,FINAL_SIN_PUNTUACION,RPM-2013-09-12:T52,SIN_CONTINUIDAD_CONFIRMADA,,,RPM-2013-09-12:5802:1,Luis Óscar Herrera Barriga,"anual en esta oportunidad, junto con continuar con el sesgo a la baja que se introdujo en el Comunicado de la Reunión anterior. Agrega que esta recomendación coincide con la expectativa de consenso o mayoritaria en el mercado para esta Reunión, por lo que no tendría mayores efectos sobre la curva de tasas de interés ni en otros precios financieros.","Al proseguir con la Sesión, el señor Presidente informa que el Ministro de Hacienda señor Felipe Larraín, por intermedio de su Asesor señor Rodrigo Cerda, le ha entregado su planteamiento por escrito, atendido que no podrá asistir a esta Sesión por razones propias de su cargo, de manera que procederá a darle lectura, con el objeto que quede inserto",,RPM-2013-09-12:5802:3,Felipe Larraín Bascuñán,"“El escenario económico internacional sigue mostrando un panorama incierto, con fluctuaciones relevantes en los mercados financieros y los precios de commodities, generando volatilidad en las economías exportadoras de estos productos. La Zona Euro mostró durante el segundo cuarto de este año el primer incremento trimestral positivo del PIB tras sei",,,
7809,RPM-2013-09-12:5802:3,5802,2013-09-12 00:00:00,Felipe Larraín Bascuñán,Ministro de Hacienda,DOCUMENTO_ESCRITO_REVISADO,CARGO_DOCUMENTAL_REVISADO,TEXTO_ESCRITO_LEIDO_POR_TERCERO,RPM-2013-09-12:T53,DOCUMENTO_PERSONAL,,,RPM-2013-09-12:5802:2,Rodrigo Vergara Montes,"señor Presidente informa que el Ministro de Hacienda señor Felipe Larraín, por intermedio de su Asesor señor Rodrigo Cerda, le ha entregado su planteamiento por escrito, atendido que no podrá asistir a esta Sesión por razones propias de su cargo, de manera que procederá a darle lectura, con el objeto que quede inserto en el Acta de esta Sesión: ( ■","“El escenario económico internacional sigue mostrando un panorama incierto, con fluctuaciones relevantes en los mercados financieros y los precios de commodities, generando volatilidad en las economías exportadoras de estos productos. La Zona Euro mostró durante el segundo cuarto de este año el primer incremento trimestral positivo del PIB tras sei",,RPM-2013-09-12:5802:4,Rodrigo Vergara Montes,"Concluida la lectura del planteamiento formulado por el señor Ministro de Hacienda y conforme al orden de esta Sesión, el Presidente señor Rodrigo Vergara da paso al proceso de votación de las opciones planteadas por la Gerencia de División Estudios y, en primer término, ofrece la palabra al Consejero señor Joaquín Vial.",,,
7830,RPM-2013-10-17:5821:1,5821,2013-10-17 00:00:00,Sergio Lehmann Beresi,Gerente de Análisis Internacional,SUJETO_NOMBRE,LISTA_ASISTENCIA,FINAL_SIN_PUNTUACION,RPM-2013-10-17:T8,INICIO_EXPLICITO,,RPM-2013-10-17:5821:1,RPM-2013-10-17:5820:1,Claudio Soto Gamboa,"El Gerente de Análisis Macroeconómico señor Claudio Soto señala que al emplear la misma metodología, el peso chileno figura alineado con sus fundamentales.","El señor Sergio Lehmann retoma su presentación y en materia de actividad y precios informa que el Fondo Monetario Internacional, FMI, en este mismo contexto, ha recortado las proyecciones de crecimiento de prácticamente todas las economías y revisado al alza las de la Zona Euro. Asimismo, precisa que el PIB de Estados Unidos de América correspondie",,RPM-2013-10-17:5821:2,Rodrigo Vergara Montes,"El Presidente señor Rodrigo Vergara agradece la presentación del Gerente de Análisis Internacional señor Sergio Lehmann y, a continuación, concede la palabra para consultas y comentarios.",,,
8038,RPM-2014-02-18:6009:2,6009,2014-02-18 00:00:00,Miguel Ricaurte Bermúdez,Gerente de Análisis Internacional (S),CONTEXTO_REVISADO,LISTA_ASISTENCIA,VARIANTE_IDENTIDAD_POR_VERIFICAR,RPM-2014-02-18:T3,SIN_CONTINUIDAD_CONFIRMADA,,,RPM-2014-02-18:6009:1,Rodrigo Vergara Montes,"ento que rige estas Sesiones, ha resuelto que la Reunión de Política Monetaria correspondiente al mes de agosto de 2014 se celebre el día jueves 14 de ese mes. A continuación, el Presidente señor Rodrigo Vergara ofrece la palabra al Gerente de Análisis Internacional Subrogante señor Miguel Ricaurte para efectos de que presente el escenario externo.","El señor Miguel Ricaurte inicia su intervención refiriéndose a las principales noticias de índole político que han tenido efectos en el plano económico desde la Reunión de Política Monetaria, RPM, precedente. En primer término, indica que el Presidente de los Estados Unidos de América señor Barack Obama promulgó el presupuesto del año 2014 tras su ",,RPM-2014-02-18:6009:3,Rodrigo Vergara Montes,"El Presidente señor Rodrigo Vergara manifiesta que este antecedente resulta de interés considerando que el Banco de Inglaterra no ha contado con mayor apoyo, salvo el de un artículo publicado en The Economist, lo cual coincide con la lectura de los analistas referente a las declaraciones de la Presidenta de la Reserva Federal señora Janet Yellen, e",,,
8040,RPM-2014-02-18:6009:4,6009,2014-02-18 00:00:00,Miguel Ricaurte Bermúdez,Gerente de Análisis Internacional (S),CONTEXTO_REVISADO,LISTA_ASISTENCIA,VARIANTE_IDENTIDAD_POR_VERIFICAR,RPM-2014-02-18:T5,SIN_CONTINUIDAD_CONFIRMADA,,,RPM-2014-02-18:6009:3,Rodrigo Vergara Montes,"Mark Carney ha planteado que la existencia de un output gap en la economía no hace aconsejable aumentar en lo inmediato la tasa de instancia, en tanto la Presidenta de la Reserva Federal señora Janet Yellen ha sido más ambigua en este sentido, haciendo referencia a la existencia de una serie de indicadores cuantitativos y cualitativos a considerar.","A continuación el señor Miguel Ricaurte señala que las encuestas de condiciones crediticias de la Reserva Federal, correspondientes al cuarto trimestre de 2013, mostraron una relajación de los estándares para la oferta de crédito, mientras que la del Banco Central Europeo dio cuenta de una estabilización de ellos. Asimismo, resalta que Italia y Esp",,RPM-2014-02-18:6010:1,Pablo García Silva,"El Consejero señor Pablo García señala que sobre la base de los gráficos que se contienen en las láminas N°s. 8 y 9 de la presentación se puede concluir que Chile se encuentra dentro del promedio de los países analizados en materia de evolución de tipo de cambio y CDS, dado el déficit de cuenta corriente, las proyecciones de crecimiento, la fragili",,,
8045,RPM-2014-02-18:6013:2,6013,2014-02-18 00:00:00,Miguel Ricaurte Bermúdez,Gerente de Análisis Internacional (S),CONTEXTO_REVISADO,LISTA_ASISTENCIA,TEXTO_DANADO_POR_COTEJAR;VARIANTE_IDENTIDAD_POR_VERIFICAR,RPM-2014-02-18:T10,SIN_CONTINUIDAD_CONFIRMADA,,,RPM-2014-02-18:6013:1,Rodrigo Vergara Montes,"El Presidente señor Rodrigo Vergara concuerda con la conveniencia de no sobreenfatizar esta información y ponderar su análisis, agregando que Chile no es inmune a las variables antedichas, razón por la que es necesario estar preparados para enfrentar eventuales situaciones adversas.","El señor Miguel Ricaurte prosigue con su presentación haciendo referencia a los resultados de las encuestas de condiciones bancarias para Estados Unidos de América, Zona Euro, Reino Unido y Japón. En cuanto a la Zona Euro, informa que las condiciones bancarias se han mantenido en torno al pivote de expansión y no han mostrado mayor deterioro en el ",,RPM-2014-02-18:6014:1,Pablo García Silva,"El Consejero señor Pablo García observa que la moderación de las depreciaciones cambiarías en Latinoamérica en las últimas semanas no sería atribuible a las intervenciones cambiarías de sus respectivos bancos centrales. A modo de ejemplo, comenta que el Banco Central de Chile no ha intervenido y el peso igualmente se ha depreciado,y que Indonesia h",,,
8047,RPM-2014-02-18:6014:2,6014,2014-02-18 00:00:00,Miguel Ricaurte Bermúdez,Gerente de Análisis Internacional (S),CONTEXTO_REVISADO,LISTA_ASISTENCIA,VARIANTE_IDENTIDAD_POR_VERIFICAR,RPM-2014-02-18:T12,SIN_CONTINUIDAD_CONFIRMADA,,,RPM-2014-02-18:6014:1,Pablo García Silva,"e las depreciaciones cambiarías en Latinoamérica en las últimas semanas no sería atribuible a las intervenciones cambiarías de sus respectivos bancos centrales. A modo de ejemplo, comenta que el Banco Central de Chile no ha intervenido y el peso igualmente se ha depreciado,y que Indonesia ha seguido comprando divisas y su tipo de cambio se apreció.","El señor Miguel Ricaurte aclara que las depreciaciones han llevado a los bancos centrales a intervenir activamente, con el fin de frenar la pérdida de valor de sus monedas.",,RPM-2014-02-18:6015:1,Rodrigo Vergara Montes,El Presidente señor Rodrigo Vergara destaca que la venta de reservas ha sido bastante moderada en Perú y Brasil.,,,
8049,RPM-2014-02-18:6015:2,6015,2014-02-18 00:00:00,Miguel Ricaurte Bermúdez,Gerente de Análisis Internacional (S),CONTEXTO_REVISADO,LISTA_ASISTENCIA,TEXTO_DANADO_POR_COTEJAR;VARIANTE_IDENTIDAD_POR_VERIFICAR,RPM-2014-02-18:T14,SIN_CONTINUIDAD_CONFIRMADA,,,RPM-2014-02-18:6015:1,Rodrigo Vergara Montes,El Presidente señor Rodrigo Vergara destaca que la venta de reservas ha sido bastante moderada en Perú y Brasil.,"Ello es confirmado por el señor Miguel Ricaurte, quien hace que tratándose de Argentina, las reservas han disminuido a prácticamente la mitad en el último año, sin un impacto claro sobre su tipo de cambio, llevando de hecho a sus autoridades a adoptar una serie de medidas, básicamente distintos grados de control de capitales, para frenar la depreci",,RPM-2014-02-18:6015:3,Rodrigo Vergara Montes,"El Presidente señor Rodrigo Vergara observa que no solo el peso argentino se ha depreciado de manera significativa, sino que la inflación en ese país también es muy alta.",,,
8051,RPM-2014-02-18:6015:4,6015,2014-02-18 00:00:00,Miguel Ricaurte Bermúdez,Gerente de Análisis Internacional (S),CONTEXTO_REVISADO,LISTA_ASISTENCIA,VARIANTE_IDENTIDAD_POR_VERIFICAR,RPM-2014-02-18:T16,SIN_CONTINUIDAD_CONFIRMADA,,,RPM-2014-02-18:6015:3,Rodrigo Vergara Montes,"El Presidente señor Rodrigo Vergara observa que no solo el peso argentino se ha depreciado de manera significativa, sino que la inflación en ese país también es muy alta.","El señor Miguel Ricaurte indica que al anualizar el IPC del mes de enero último, la inflación superaría el 50% en términos anualizados. Al proseguir con su presentación, alude a las principales noticias en materia de actividad y precios. En primer término, índica que la reciente actualización del World Economic Outlook contempla un alza en la proye",,RPM-2014-02-18:6016:1,Sebastián Claro Edwards,"El Consejero señor Sebastián Claro destaca el caso de Australia, en que las expectativas de inflación han aumentado en el margen. Si bien desconoce la medida en que ello sería atribuible a la depreciación cambiaria, manifiesta que el Banco Central de Reserva de ese país, que está con un sesgo estable, comienza a discutir una posible anticipación de",,,
8053,RPM-2014-02-18:6016:2,6016,2014-02-18 00:00:00,Miguel Ricaurte Bermúdez,Gerente de Análisis Internacional (S),CONTEXTO_REVISADO,LISTA_ASISTENCIA,VARIANTE_IDENTIDAD_POR_VERIFICAR,RPM-2014-02-18:T18,SIN_CONTINUIDAD_CONFIRMADA,,,RPM-2014-02-18:6016:1,Sebastián Claro Edwards," a la depreciación cambiaria, manifiesta que el Banco Central de Reserva de ese país, que está con un sesgo estable, comienza a discutir una posible anticipación del aumento de tasas. En su opinión, es un caso interesante de seguir, en el contexto de la discusión del traspaso de estas depreciaciones a las tasas de inflación de los distintos países.","En lo atinente a política monetaria, el señor Miguel Ricaurte informa que han primado las mantenciones y destaca la continuación del tapering en Estados Unidos de América, así como las alzas de 25 puntos base acodadas en India y de 425 puntos base en Turquía. Hace presente que este significativo aumento acercó la tasa oficial turca a aquella preval",,RPM-2014-02-18:6016:3,Sebastián Claro Edwards,"El Consejero señor Sebastián Claro plantea la conveniencia de efectuar un seguimiento a la evolución de las tasas rectoras en los países emergentes que se encuentran en un proceso de desaceleración, cuyas tasas rectoras se ubican en niveles muy bajos y donde las expectativas de inflación han comenzado a elevarse probablemente por la depreciación ca",,,
8055,RPM-2014-02-18:6016:4,6016,2014-02-18 00:00:00,Miguel Ricaurte Bermúdez,Gerente de Análisis Internacional (S),CONTEXTO_REVISADO,LISTA_ASISTENCIA,VARIANTE_IDENTIDAD_POR_VERIFICAR,RPM-2014-02-18:T20,SIN_CONTINUIDAD_CONFIRMADA,,,RPM-2014-02-18:6016:3,Sebastián Claro Edwards,"as rectoras en los países emergentes que se encuentran en un proceso de desaceleración, cuyas tasas rectoras se ubican en niveles muy bajos y donde las expectativas de inflación han comenzado a elevarse probablemente por la depreciación cambiaria que enfrentan. A título ejemplar, señala que es el caso de Colombia, Brasil, Nueva Zelanda y Australia.","El señor Miguel Ricaurte indica que no solo se hará un seguimiento a las economías mencionadas, sino que también a otras en que han cambiado las perspectivas de alzas de tasas en un plazo superior a cuatro meses. En todo caso, hace notar que de acuerdo con las encuestas a analistas, para América Latina se advierte una leve alza de las tasas, respon",,RPM-2014-02-18:6017:1,Kevin Cowan Logan,"El Gerente de División Política Financiera señor Kevin Cowan comenta que en la Eurozona se ha considerado la posibilidad de aplicar una política más agresiva, tipo QE. No obstante, ello podría dificultarse debido a que el Tribunal Constitucional alemán cuestionó el programa de compra de activos OMT del Banco Central Europeo ante el Tribunal Superio",,,
8059,RPM-2014-02-18:6019:2,6019,2014-02-18 00:00:00,Miguel Ricaurte Bermúdez,Gerente de Análisis Internacional (S),CONTEXTO_REVISADO,LISTA_ASISTENCIA,VARIANTE_IDENTIDAD_POR_VERIFICAR,RPM-2014-02-18:T24,SIN_CONTINUIDAD_CONFIRMADA,,,RPM-2014-02-18:6019:1,Beltrán de Ramón Acevedo,"Operaciones Financieras señor Beltrán de Ramón estima que en la actualidad el Banco Central Europeo no tendría otras medidas que adoptar y que sus comentarios acerca de esta materia se vincularían con la estabilidad de su moneda. En todo caso, alude a la relevancia que ello reviste para Chile, desde el momento que se mantienen inversiones en euros.","El señor Miguel Ricaurte prosigue con su presentación haciendo referencia a los principales acontecimientos en materia de commodities. En este aspecto, indica que en el último mes, el precio de los combustibles aumentó; el precio de la gasolina subió ante una caída de inventarios mayor que lo esperado por los efectos climáticos en Estados Unidos de",,RPM-2014-02-18:6020:1,Rodrigo Vergara Montes,"El Presidente señor Rodrigo Vergara agradece la presentación del Gerente de Análisis Internacional Subrogante señor Miguel Ricaurte y, a continuación, concede la palabra para consultas y comentarios.",,,
8065,RPM-2014-02-18:6025:1,6025,2014-02-18 00:00:00,Miguel Ricaurte Bermúdez,Gerente de Análisis Internacional (S),CONTEXTO_REVISADO,LISTA_ASISTENCIA,VARIANTE_IDENTIDAD_POR_VERIFICAR,RPM-2014-02-18:T30,SIN_CONTINUIDAD_CONFIRMADA,,,RPM-2014-02-18:6024:1,Rodrigo Vergara Montes,"n. En este sentido, plantea que la situación de los cinco países más frágiles, deberá ser debidamente abordada en el próximo IPoM, así como sus efectos sobre el resto de los países emergentes, al igual que la de Argentina aun cuando no tenga mayor incidencia en la evolución de nuestra economía, así como también los sucesos que ocurren en Venezuela.","El Gerente de Análisis Internacional Subrogante señor Miguel Ricaurte señala que en el curso de la próxima semana se distribuirá un análisis detallado de las economías latinoamericanas, que en esta oportunidad incluirá a Venezuela; y que posteriormente, se emitirá un informe sobre el precio del cobre, en el cual se pondrá especial énfasis en el tem",,RPM-2014-02-18:6026:1,Kevin Cowan Logan,"El Gerente de División Política Financiera señor Kevin Cowan acota que lo tratado en cuanto a la depreciación relativa de Chile en relación a otras economías y las tasas largas, podría obedecer a la situación de nuestro país en cuanto registra una baja participación de inversionistas no residentes en sus mercados de deuda a largo plazo, a diferenci",,,
8096,RPM-2014-02-18:6050:2,6050,2014-02-18 00:00:00,Joaquín Vial Ruiz-Tagle,Consejero,CONTEXTO_REVISADO,LISTA_ASISTENCIA,FINAL_SIN_PUNTUACION,RPM-2014-02-18:T60,SIN_CONTINUIDAD_CONFIRMADA,,,RPM-2014-02-18:6050:1,Rodrigo Vergara Montes,"El Presidente señor Rodrigo Vergara agradece la presentación del Consejero señor Pablo García y, a continuación, concede la palabra al Consejero señor Joaquín Vial.","En el plano internacional, indica que lo más destacable es que el escenario de actividad va más o menos en línea con el panorama delineado en el último IPoM. Sin embargo, hace notar tres elementos que se comienzan a perfilar con más fuerza. En primer término, los riesgos sobre la economía china vinculados con su sistema financiero parecen ir en aum",,RPM-2014-02-18:6050:3,Rodrigo Vergara Montes,"El Presidente señor Rodrigo Vergara agradece la presentación del Consejero señor Joaquín Vial y, a continuación, concede la palabra al Consejero señor Sebastián Claro.",,,
8106,RPM-2014-03-13:6058:1,6058,2014-03-13 00:00:00,Rodrigo Vergara Montes,Presidente del Banco Central,SUJETO_ROL_NOMBRE,LISTA_ASISTENCIA,FINAL_SIN_PUNTUACION,RPM-2014-03-13:T2,INICIO_EXPLICITO,,RPM-2014-03-13:6058:1,RPM-2014-03-13:6057:1,Consejo del Banco Central de Chile,"Gerente de Comunicaciones, don Luis Alvarez Vallejos; Asesor del Ministro de Hacienda, don Claudio Soto Gamboa; Secretario Ejecutivo del Gabinete de la Presidencia, doña Erika Arraño González; Economista Senior, doña ivonne Vera Reichert; Asesora de ia Presidencia, doña Natalia Gallardo Schnettler; y la Secretario General, doña Marlys Pabst Cortés.","El Presidente señor Rodrigo Vergara da inicio a la Reunión de Política Monetaria N° 208, comunicando que de conformidad con el Reglamento que rige estas Sesiones, ha resuelto que la Reunión de Política Monetaria correspondiente al mes de septiembre de 2014 se celebre el día jueves 11 de ese mes. El Presidente señor Rodrigo Vergara hace propicia la ",,RPM-2014-03-13:6058:2,Sergio Lehmann Beresi,"El señor Sergio Lehmann inicia su intervención refiriéndose a las principales noticias de índole político que han tenido efectos en el plano económico desde la Reunión de Política Monetaria, RPM, precedente. En primer término, indica que el Presidente de los Estados Unidos de América señor Barack Obama presentó el proyecto de presupuesto correspond",,,
8115,RPM-2014-03-13:6065:1,6065,2014-03-13 00:00:00,Luis Óscar Herrera Barriga,Gerente de División Estudios,SUJETO_ROL_NOMBRE,LISTA_ASISTENCIA,FINAL_SIN_PUNTUACION,RPM-2014-03-13:T10,INICIO_EXPLICITO,,RPM-2014-03-13:6065:1,RPM-2014-03-13:6064:1,Joaquín Vial Ruiz-Tagle,"nedas, pero cuyas primas por riesgo y tasas de interés han aumentado. A su juicio, ello es positivo, porque refleja algún grado de diferenciación entre las distintas economías. Agrega que muchas de las economías del segundo grupo se encuentran en la zona de riesgo y, probablemente, subiendo sus tasas rectoras, no así las comprendidas en el primero.","El Gerente de División Estudios señor Luís Óscar Herrera, en referencia al planteamiento formulado por el Consejero señor Sebastián Claro, señala que Chile, a pesar del ajuste realizado, mantiene tasas mayores que Colombia, México, Perú, Noruega, Canadá y todas las economías exportadoras de commodities, debido a que partió de tasas más altas y porq",,RPM-2014-03-13:6065:2,Pablo García Silva,"El Consejero señor Pablo García destaca el planteamiento del señor Luis Óscar Herrera, porque reflejaría que, a diferencia de Chile, varias economías no normalizaron su política monetaria en el período previo, sino que mantuvieron tasas excesivamente bajas, a pesar de que la economía global estaba en proceso de recuperación, y ahora deben efectuar ",,,
8162,RPM-2014-03-13:6104:1,6104,2014-03-13 00:00:00,Alberto Arenas de Mesa,Ministro de Hacienda,SUJETO_NOMBRE,LISTA_ASISTENCIA,FINAL_SIN_PUNTUACION,RPM-2014-03-13:T53,CONTINUIDAD_EXPLICITA,RPM-2014-03-13:6103:2,RPM-2014-03-13:6104:1,RPM-2014-03-13:6103:2,Alberto Arenas de Mesa,"ñor Enrique Marshall; a los Consejeros señores Sebastián Claro, Joaquín Vial y Pablo García; y al staff de la Institución. En segundo término, manifiesta su interés en participar en las Sesiones de antecedentes de la RPM, y comenta que ello no fue posible en el día de hoy, porque debió asistir al Parlamento a tramitar un importante proyecto de ley.","El señor Alberto Arenas señala que en los últimos meses, la economía ha enfrentado un proceso de desaceleración significativa de la actividad, explicada en parte importante por la culminación de un ciclo de expansión del sector minero. Resalta que este ciclo, sustentado en elevados precios del cobre, contribuyó a sostener altas tasas de inversión y",,RPM-2014-03-13:6104:2,Rodrigo Vergara Montes,"El Presidente señor Rodrigo Vergara agradece la opinión del Ministro de Hacienda señor Alberto Arenas y conforme al orden de esta Sesión, da paso al proceso de votación de las opciones planteadas por la Gerencia de División Estudios, ofreciendo, en primer término, la palabra al Consejero señor Pablo García.",,,
8202,RPM-2014-04-17:6135:3,6135,2014-04-17 00:00:00,Miguel Fuentes Díaz,Gerente de Análisis Macroeconómico,SUJETO_NOMBRE,LISTA_ASISTENCIA,FINAL_SIN_PUNTUACION,RPM-2014-04-17:T27,INICIO_EXPLICITO,,RPM-2014-04-17:6135:3,RPM-2014-04-17:6135:2,Claudio Soto Gamboa,El Asesor del Ministro de Hacienda señor Claudio Soto hace referencia a la inversión en aeronaves y consulta acerca de su contabilización por parte de LATAM Group.,"El señor Miguel Fuentes señala que dicha empresa ha informado un plan de inversión algo menor que el del año anterior,",,RPM-2014-04-17:6135:4,Ricardo Vicuña Poblete,"en tanto el Gerente de División Estadísticas señor Ricardo Vicuña precisa que por el momento no ha reportado hasta esta fecha compras de aeronaves y agrega que hasta el año pasado, las importaciones de aeronaves para los vuelos entre las ciudades de Sao Paulo y Río de Janeiro constituía una importación chilena, por tratarse de un leasing financiero",,,
8220,RPM-2014-04-17:6149:1,6149,2014-04-17 00:00:00,Luis Óscar Herrera Barriga,Gerente de División Estudios,SUJETO_NOMBRE,LISTA_ASISTENCIA,FINAL_SIN_PUNTUACION,RPM-2014-04-17:T45,INICIO_EXPLICITO,,RPM-2014-04-17:6149:1,RPM-2014-04-17:6148:1,Miguel Fuentes Díaz,"advierte una indexación muy significativa en el corto plazo. A nivel sectorial, en cambio, se observa una notoria aceleración de los salarios del sector financiero, que han registrado una especial recuperación debido al pago de reajustes, constituyendo de hecho el sector que presentó los incrementos más relevantes en los dos primeros meses del año.","El señor Luis Óscar Herrera plantea que los movimientos que han registrado los salarios representan volatilidades menores comparadas con las habituales, no obstante lo cual constituyen ciertamente un tema de preocupación. En todo caso, atendidos los datos",,RPM-2014-04-17:6149:2,Joaquín Vial Ruiz-Tagle,"El Consejero señor Joaquín Vial plantea la conveniencia de analizar este tema sobre la base de algunos elementos de carácter más cuantitativo, para fines de evitar errores reiterados en nuestras estimaciones. A modo de ejemplo, señala que en determinadas ocasiones, las variaciones de los salarios se relacionan con otros factores, tales como politic",,,
8264,RPM-2014-05-15:6185:1,6185,2014-05-15 00:00:00,Sergio Lehmann Beresi,Gerente de Análisis Internacional,SUJETO_NOMBRE,LISTA_ASISTENCIA,POSIBLE_OTRO_HABLANTE_O_MENCION,RPM-2014-05-15:T5,INICIO_EXPLICITO,,RPM-2014-05-15:6185:1,RPM-2014-05-15:6184:1,Beltrán de Ramón Acevedo,"El Gerente de División Operaciones Financieras señor Beltrán de Ramón plantea que no se deben descartar intervenciones cambiarías tradicionales, con el objeto de apreciar el valor del euro y con ello, estimular la inflación.","El señor Sergio Lehmann prosigue con su presentación manifestando que otra noticia relevante del último mes en materia de mercados financieros proviene del Reino Unido, donde el Banco de Inglaterra ha entregado indicaciones tendientes a sostener su política altamente expansiva durante un largo tiempo. En relación con las condiciones crediticias, pr","000 millones cada tres meses, conforme señala el Gerente de Mercados Nacionales señor Matías Bernier. ",RPM-2014-05-15:6186:1,Rodrigo Vergara Montes,"El Presidente señor Rodrigo Vergara agradece la presentación del Gerente de Análisis Internacional señor Sergio Lehmann y, a continuación, concede la palabra para consultas y comentarios.",,,
8352,RPM-2014-06-12:6257:5,6257,2014-06-12 00:00:00,Miguel Fuentes Díaz,Gerente de Análisis Macroeconómico,SUJETO_NOMBRE,LISTA_ASISTENCIA,FINAL_SIN_PUNTUACION,RPM-2014-06-12:T29,INICIO_EXPLICITO,,RPM-2014-06-12:6257:5,RPM-2014-06-12:6257:4,Sebastián Claro Edwards,"vado el año 2009, ya que las condiciones actuales son claramente distintas de las de entonces. En razón de ello, consulta si hay algunas áreas relacionadas con el sector vivienda o con obras de infraestructura que estén anticipando condiciones del mercado inmobiliario que sugieran un cambio de tendencia o una profundización de la misma en adelante.","El señor Miguel Fuentes señala, en primer término, que el IMCE de las empresas asociadas mayormente a la edificación y el referido a aquellas relacionadas con obras de ingeniería da cuenta de un deterioro similar en ambos sectores. No obstante, durante el primer trimestre del año, las ventas de viviendas se han mantenido muy dinámicas, lo mismo que",,RPM-2014-06-12:6257:6,Joaquín Vial Ruiz-Tagle,"El Consejero señor Joaquín Vial plantea que al retroceso que exhibe el sector ligado a obras de ingeniería, se suman los serios problemas de márgenes que aquejan al sector inmobiliario desde hace algún tiempo y aquellos aspectos de la reforma tributaria que incidirían directamente en él. Por ende, se plantea en qué medida con la encuesta del IMCE y",,,
8371,RPM-2014-06-12:6274:1,6274,2014-06-12 00:00:00,Miguel Fuentes Díaz,Gerente de Análisis Macroeconómico,SUJETO_NOMBRE,LISTA_ASISTENCIA,FINAL_SIN_PUNTUACION,RPM-2014-06-12:T47,INICIO_EXPLICITO,,RPM-2014-06-12:6274:1,RPM-2014-06-12:6273:1,Pablo García Silva,"ba cómo la inflación de servicios SAE había tenido un salto de consideración, que se esperaba correspondiera a un ajuste de una sola vez, por lo que esa sería la única reversión relevante. Por ende, el escenario de inflación de servicios SAE, en términos de inflación anual, ahora estaría por debajo de lo que se tenía implícito en la Reunión pasada.","El señor Miguel Fuentes indica que no existe un juicio asociado a este aspecto. Al continuar, el señor Miguel Fuentes consigna que, en el corto plazo, parte importante de la corrección del IPC de los meses de mayo y junio, y particularmente la de julio, responde al ajuste de los precios de la gasolina desde la RPM anterior. En términos de las revis",,RPM-2014-06-12:6274:2,Joaquín Vial Ruiz-Tagle,"El Consejero señor Joaquín Vial observa que la proyección de inflación actual, así como las de los meses de abril y mayo, dan cuenta de una inflación anual al alza. En su opinión, atendido que el tipo de cambio se ha estabilizado frente a lo observado meses atrás, se estarían observando algunos efectos de inercia.",,,
8383,RPM-2014-06-12:6282:1,6282,2014-06-12 00:00:00,Beltrán de Ramón Acevedo,Gerente de División Operaciones Financieras,CONTEXTO_REVISADO,LISTA_ASISTENCIA,CARGO_EN_DISCURSO_POR_VERIFICAR,RPM-2014-06-12:T57,SIN_CONTINUIDAD_CONFIRMADA,,,RPM-2014-06-12:6281:1,Rodrigo Vergara Montes,El Presidente señor Rodrigo Vergara agradece la exposición del Gerente de División Estudios señor Luis Óscar Herrera y ofrece la palabra al staff de la Institución.,"El Gerente de División Política Operaciones Financieras señor Beltrán de Ramón señala que la Gerencia de División Estudios ha propuesto dos opciones para esta Reunión, la de mantener la TPM en 4% anual o bajarla a 3,75% anual; y que de acuerdo con la información disponible, en su entender ambas opciones se encontraban en un mismo nivel, por lo que ",,RPM-2014-06-12:6283:1,Rodrigo Vergara Montes,"El Presidente señor Rodrigo Vergara agradece el planteamiento del Gerente de División Operaciones Financieras señor Beltrán de Ramón y no habiendo comentarios adicionales por parte del staff, ofrece la palabra al Ministro de Hacienda señor Alberto Arenas.",,,
8395,RPM-2014-06-12:6293:1,6293,2014-06-12 00:00:00,Rodrigo Vergara Montes,Presidente del Banco Central,SUJETO_ROL_NOMBRE,LISTA_ASISTENCIA,FINAL_SIN_PUNTUACION,RPM-2014-06-12:T68,INSTITUCIONAL,,,RPM-2014-06-12:6292:1,Enrique Marshall Rivera," por lo que, le parece que es perfectamente posible esperar. En virtud de estas consideraciones, manifiesta su inclinación por mantener el nivel de la tasa rectora y por conservar el tenor del Comunicado de la Reunión anterior. En razón de lo expuesto, el Vicepresidente señor Enrique Marshall señala que su voto es por mantener la TPM en 4,0% anual.",El Presidente señor Rodrigo Vergara agradece el planteamiento efectuado por el Vicepresidente señor Enrique Marshall e inicia su intervención expresando su reconocimiento al staff por el excelente análisis que se ha presentado a consideración del Consejo. Manifiesta que en el escenario externo se aprecia una consolidación de la recuperación en el m,,RPM-2014-06-12:6293:2,Pablo García Silva,"y en este sentido, el Consejero señor Pablo García reitera su decisión de mantener su voto en orden a rebajar la TPM en 25 puntos base, a 3,75% anual.",,,
8531,RPM-2014-09-11:6407:1,6407,2014-09-11 00:00:00,Sebastián Claro Edwards,Consejero,SUJETO_ROL_NOMBRE,LISTA_ASISTENCIA,FINAL_SIN_PUNTUACION,RPM-2014-09-11:T18,INICIO_EXPLICITO,,RPM-2014-09-11:6407:1,RPM-2014-09-11:6406:1,Rodrigo Vergara Montes,"El Presidente señor Rodrigo Vergara observa la significativa caída de la percepción de los consumidores a mediados del año 2011, cuando la economía registraba un fuerte crecimiento.","El Consejero señor Sebastián Claro recuerda que en ese período se desarrollaron las marchas estudiantiles,",,RPM-2014-09-11:6407:2,Beltrán de Ramón Acevedo,y el Gerente de División Operaciones Financieras señor Beltrán de Ramón agrega que los fondos de pensiones anotaron una fuerte caída en el mes de mayo de ese año.,,,
8540,RPM-2014-09-11:6415:1,6415,2014-09-11 00:00:00,Rodrigo Vergara Montes,Presidente del Banco Central,SUJETO_ROL_NOMBRE,LISTA_ASISTENCIA,FINAL_SIN_PUNTUACION,RPM-2014-09-11:T27,INICIO_EXPLICITO,,RPM-2014-09-11:6415:1,RPM-2014-09-11:6414:1,Miguel Fuentes Díaz,"pectativas Económicas. En efecto, la mediana de las proyecciones esperadas a once meses aumentó en dos décimas, mientras que a plazos más largos se concentró en 3%. Con respecto a las expectativas para la TPM, menciona que de acuerdo con el dato spot, el piso de la tasa se ubica más cerca del 3%, en línea con lo que revelan las distintas encuestas.","El Presidente señor Rodrigo Vergara consulta por la fecha en que se espera la primera subida de tasa,",,RPM-2014-09-11:6415:2,Matías Bernier Bórquez,a lo cual el Gerente de Mercados Nacionales informa que el mercado estima que ella se materializará en el mes de julio del próximo año.,,,
8576,RPM-2014-10-16:6441:2,6441,2014-10-16 00:00:00,Miguel Ricaurte Bermúdez,Economista Senior,CONTEXTO_REVISADO,LISTA_ASISTENCIA,VARIANTE_IDENTIDAD_POR_VERIFICAR,RPM-2014-10-16:T3,SIN_CONTINUIDAD_CONFIRMADA,,,RPM-2014-10-16:6441:1,Rodrigo Vergara Montes,"de conformidad con el Reglamento que rige estas Sesiones, ha resuelto que la Reunión de Política Monetaria correspondiente al mes de abril de 2015 se celebre el día jueves 16 de ese mes. A continuación, el Presidente señor Rodrigo Vergara ofrece la palabra al Economista Senior señor Miguel Ricaurte para efectos de que presente el escenario externo.","El señor Miguel Ricaurte inicia su intervención refiriéndose a las principales noticias de índole político que han producido efectos en el plano económico desde la Reunión de Política Monetaria, RPM, precedente. En primer término, plantea que la actividad se ha tornado más débil en el último mes, ya que a la desmejorada situación de Japón se han su",,RPM-2014-10-16:6442:1,Sebastián Claro Edwards,"El Consejero señor Sebastián Claro manifiesta que entre las posibles interpretaciones de la fuerte caída de las tasas largas en Estados Unidos de América en los últimos días, se ha sugerido la menor inflación; no obstante, en su opinión, es difícil atribuirla a este fenómeno.",,,
8578,RPM-2014-10-16:6442:2,6442,2014-10-16 00:00:00,Miguel Ricaurte Bermúdez,Economista Senior,CONTEXTO_REVISADO,LISTA_ASISTENCIA,VARIANTE_IDENTIDAD_POR_VERIFICAR,RPM-2014-10-16:T5,SIN_CONTINUIDAD_CONFIRMADA,,,RPM-2014-10-16:6442:1,Sebastián Claro Edwards,"El Consejero señor Sebastián Claro manifiesta que entre las posibles interpretaciones de la fuerte caída de las tasas largas en Estados Unidos de América en los últimos días, se ha sugerido la menor inflación; no obstante, en su opinión, es difícil atribuirla a este fenómeno.","El señor Miguel Ricaurte aclara que la menor inflación no es el único fenómeno detrás de esta abrupta caída de las tasas largas en esa economía, ya que se agregan también las expectativas de inflación; la volatilidad en Europa; la mayor debilidad de las economías emergentes, que ha generado algún flight to safety en Estados Unidos de América; el ru",,RPM-2014-10-16:6443:1,Beltrán de Ramón Acevedo,"El Gerente de División Operaciones Financieras señor Beltrán de Ramón agrega que las autoridades de Estados Unidos de América y del Banco Central Europeo han mostrado un comportamiento divergente y distinto del que espera el mercado. En efecto, el Presidente de este organismo, señor Mario Draghi, ha prometido promover las medidas que sean necesaria",,,
8581,RPM-2014-10-16:6443:3,6443,2014-10-16 00:00:00,Miguel Ricaurte Bermúdez,Economista Senior,CONTEXTO_REVISADO,LISTA_ASISTENCIA,VARIANTE_IDENTIDAD_POR_VERIFICAR,RPM-2014-10-16:T8,SIN_CONTINUIDAD_CONFIRMADA,,,RPM-2014-10-16:6443:2,Pablo García Silva,"En opinión del Consejero señor Pablo García, la Fed se encontraría en una suerte de encrucijada comunicacional, porque sus procedimientos de toma de decisión y de votación interna del FOMC dan cuenta de que el momento en que comenzará a aumentar las tasas está más próximo, pero su discurso no lo refleja.","El señor Miguel Ricaurte retoma su presentación haciendo referencia al comportamiento de algunos indicadores de mercado desde la Reunión anterior. Sobre el particular, reitera que las alzas de tasas en las economías emergentes se revirtieron en las últimas semanas, principalmente por alzas de premios, y que con ello, los mercados bursátiles han exh",,RPM-2014-10-16:6443:4,Beltrán de Ramón Acevedo,"El Gerente de División Operaciones Financieras señor Beltrán de Ramón comenta que en el marco de las recientes reuniones organizadas por el Fondo Monetario Internacional, FMI, y el Banco Mundial, economistas del Commerzbank señalaban que el deterioro de la economía alemana no se debe mayormente a la crisis entre Ucrania y Rusia o a factores interno",,,
8583,RPM-2014-10-16:6443:5,6443,2014-10-16 00:00:00,Miguel Ricaurte Bermúdez,Economista Senior,CONTEXTO_REVISADO,LISTA_ASISTENCIA,VARIANTE_IDENTIDAD_POR_VERIFICAR,RPM-2014-10-16:T10,SIN_CONTINUIDAD_CONFIRMADA,,,RPM-2014-10-16:6443:4,Beltrán de Ramón Acevedo,"as por el Fondo Monetario Internacional, FMI, y el Banco Mundial, economistas del Commerzbank señalaban que el deterioro de la economía alemana no se debe mayormente a la crisis entre Ucrania y Rusia o a factores internos, sino que a la menor demanda de los países emergentes, en particular desde China, Brasil y otros países que conforman los BRICS.","El señor Miguel Ricaurte confirma que la desaceleración de China, que se ha manifestado en varios indicadores, ha incidido negativamente sobre la economía alemana. Con respecto a Japón, informa que la inflación supera el 3% en doce meses y que alrededor de 2% corresponde al efecto del alza del impuesto al IVA, que se materializó en el mes de abril ",,RPM-2014-10-16:6444:1,Rodrigo Vergara Montes,"El Presidente señor Rodrigo Vergara agradece la presentación del Economista Senior señor Miguel Ricaurte y, a continuación, concede la palabra para consultas y comentarios.",,,
8591,RPM-2014-10-16:6450:1,6450,2014-10-16 00:00:00,Joaquín Vial Ruiz-Tagle,Consejero,SUJETO_ROL_NOMBRE,LISTA_ASISTENCIA,FINAL_SIN_PUNTUACION,RPM-2014-10-16:T18,INICIO_EXPLICITO,,RPM-2014-10-16:6450:1,RPM-2014-10-16:6449:1,Alberto Naudon Dell'Oro,"il. A su juicio, parte de la corrección que exhiben hoy los mercados financieros dice relación con la dificultad de sostener su mejora, la que no se condecía con el ritmo de los mercados de inversión reales. Acota que desde su punto de vista, se avizoran problemas estructurales, que se están traspasando a la demanda y principalmente a la inversión.",El Consejero señor Joaquín Vial plantea que parte del problema radica en una subestimación del impacto de la desaceleración en China sobre el resto del mundo,,RPM-2014-10-16:6450:2,Pablo García Silva,"El Consejero señor Pablo García plantea la conveniencia de revisar la evolución de las expectativas de crecimiento de la inversión y del desempeño efectivo a nivel mundial, de manera de afirmar el argumento planteado por el señor Alberto Naudon. Lo expresado, en el marco de la elaboración del próximo IPoM.",,,
8594,RPM-2014-10-16:6451:2,6451,2014-10-16 00:00:00,Miguel Ricaurte Bermúdez,Economista Senior,CONTEXTO_REVISADO,LISTA_ASISTENCIA,VARIANTE_IDENTIDAD_POR_VERIFICAR,RPM-2014-10-16:T21,SIN_CONTINUIDAD_CONFIRMADA,,,RPM-2014-10-16:6451:1,Rodrigo Vergara Montes,"n cambio en las percepciones y en los precios relativos. En su opinión, cuando Estados Unidos de América comience a mover sus tasas, se podrían observar volatilidades muy significativas. Agrega que personeros del FMI manifestaron su inquietud porque a través del último WEO habrían contribuido a crear una ambiente algo más pesimista que lo esperado.","A título de comentario final, el señor Miguel Ricaurte señala que el escenario actual debe ser analizado con cautela, ya que ha sido muy afectado por los acontecimientos de las últimas dos semanas. De hecho, plantea que una semana atrás, el panorama internacional habría diferido significativamente del reportado en esta Reunión.",,RPM-2014-10-16:6451:3,Rodrigo Vergara Montes,"No habiendo más consultas ni comentarios en lo concerniente al escenario internacional, el Presidente señor Rodrigo Vergara da paso a la exposición del escenario interno, a cargo del Gerente de Análisis Macroeconómico señor Miguel Fuentes.",,,
8691,RPM-2014-12-11:6530:1,6530,2014-12-11 00:00:00,Claudio Raddatz Kiefer,Gerente de División Política Financiera,CONTEXTO_REVISADO,LISTA_ASISTENCIA,NOMBRE_EN_DISCURSO_POR_VERIFICAR,RPM-2014-12-11:T13,SIN_CONTINUIDAD_CONFIRMADA,,,RPM-2014-12-11:6529:1,Sebastián Claro Edwards,"vorecidos de este rol amortiguador que puede tener una depreciación real de 10%; porque exhiben aumentos de costos y pérdida de productividad. Además, vienen de muchos años de crecimiento de los commodities; por lo tanto, su industria no exhibe un crecimiento muy fuerte y una reasignación de factores que permita un reacomodo a este nuevo escenario.","El Gerente de División Política Financiera señor Claudia Raddatz plantea algunas consideraciones en lo que respecta a los commodities y su relación con el mercado financiero. En su opinión, es muy difícil determinar canales financieros específicos para el efecto de los precios de los commodities, porque las variaciones de precios tienen efectos de ",,RPM-2014-12-11:6530:2,Rodrigo Vergara Montes,"No habiendo más consultas ni comentarios en lo concerniente al escenario internacional, el Presidente señor Rodrigo Vergara da paso a la exposición del escenario interno, a cargo del Gerente de Análisis Macroeconómico señor Miguel Fuentes.",,,
8761,RPM-2015-01-15:6587:1,6587,2015-01-15 00:00:00,Pablo García Silva,Consejero,SUJETO_ROL_NOMBRE,LISTA_ASISTENCIA,POSIBLE_OTRO_HABLANTE_O_MENCION,RPM-2015-01-15:T45,INICIO_EXPLICITO,,RPM-2015-01-15:6587:1,RPM-2015-01-15:6586:3,Rodrigo Vergara Montes,"El Presidente señor Rodrigo Vergara agradece la opinión del Ministro de Hacienda señor Alberto Arenas y al no haber comentarios del staff, da paso al proceso de votación de la opción planteada por la Gerencia de División Estudios, ofreciendo, en primer término, la palabra al Consejero señor Pablo García.","El Consejero señor Pablo García inicia su intervención agradeciendo los antecedentes y opiniones expresados por los personeros de la Gerencia de División Estudios en el día de hoy. En su opinión, hay dos conjuntos de temas que resaltan en la Reunión de hoy. Por un lado, los antecedentes respecto del escenario doméstico indican que la actividad y la","Como mencionó el Ministro de Hacienda, señala que pueden ser shocks de oferta o shocks de demanda. ",RPM-2015-01-15:6588:1,Rodrigo Vergara Montes,"El Presidente señor Rodrigo Vergara agradece la presentación del Consejero señor Pablo García y, a continuación, concede la palabra al Consejero señor Joaquín Vial.",MENCION_LEGITIMA_REVISADA,MEN-20260907-6587,"POSIBLE_OTRO_HABLANTE_O_MENCION: García fundamenta su voto y remite a lo mencionado por el Ministro de Hacienda sobre shocks de oferta y demanda. El Ministro es una referencia al planteamiento previo de 6586, no un nuevo hablante; el resto de la fundamentación sigue con García. Sólo se adjudica este aviso de mención; las alertas automáticas y otros motivos se conservan. Lectura del consolidado y entorno, sin cotejo PDF ni revisión humana independiente. No crea un ancla de continuidad ni cierra todo el padre."
8843,RPM-2015-03-19:6655:2,6655,2015-03-19 00:00:00,Diego Gianelli Gómez,Jefe del Departamento Análisis Internacional,SUJETO_NOMBRE,LISTA_ASISTENCIA,FRAGMENTO_BREVE,RPM-2015-03-19:T19,INICIO_EXPLICITO,,RPM-2015-03-19:6655:2,RPM-2015-03-19:6655:1,Matías Bernier Bórquez,"os bancos de inversión han sido sumamente selectivos al momento de elegir los países de destino de sus inversiones. Resalta que en el pasado, estas entidades consideraban a Brasil como América Latina, pero hoy hacen una clara distinción entre los distintos países de la región, donde Chile destaca con bastante ventaja frente al resto de sus vecinos.",El señor Diego Gianellí anticipa que.,,RPM-2015-03-19:6656:1,Diego Gianelli Gómez,"uno de los escenarios de riesgo del próximo IPoM dice relación con la posibilidad de que Brasil pierda su grado de inversión. Al continuar con su presentación, plantea que la participación de las importaciones brasileñas en las exportaciones industriales chilenas es el canal real por el cual Brasil podría afectar a Chile; y precisa que dentro del s",,,
8925,RPM-2015-04-16:6730:2,6730,2015-04-16 00:00:00,Claudio Soto Gamboa,Asesor del Ministerio de Hacienda,CONTEXTO_REVISADO,LISTA_ASISTENCIA,FINAL_SIN_PUNTUACION,RPM-2015-04-16:T42,SIN_CONTINUIDAD_CONFIRMADA,,,RPM-2015-04-16:6730:1,Beltrán de Ramón Acevedo,"El señor Beltran de Ramón señala que los forwards reflejan el diferencial de tasas esperado, no así las expectativas de tipo de cambio.","El Asesor Macroeconómico del Ministerio de Hacienda señor Claudio Soto expresa que el dato spot es el mejor predictor del tipo de cambio futuro, y que se debe ser cautelosos con la información que entregan las encuestas, porque responde a timings distintos. B A N C O C E N T R A L D E C H I L E",,RPM-2015-04-16:6730:3,Alberto Naudon Dell'Oro,El señor Alberto Naudon hace presente que los puntos forward reflejan básicamente el diferencial de tasas hoy día más que una expectativa del valor del tipo de cambio en el futuro. Añade que existe consenso en el mercado en cuanto a que la apreciación que estamos viendo en estos días sería de carácter temporal.,,,
8929,RPM-2015-04-16:6733:1,6733,2015-04-16 00:00:00,Miguel Fuentes Díaz,Gerente de Análisis Macroeconómico,SUJETO_NOMBRE,LISTA_ASISTENCIA,FINAL_SIN_PUNTUACION,RPM-2015-04-16:T46,INICIO_EXPLICITO,,RPM-2015-04-16:6733:1,RPM-2015-04-16:6732:1,Rodrigo Vergara Montes,"El Presidente señor Rodrigo Vergara alude a la noticia conocida el día de ayer, que consigna que el Panel de Expertos del Transporte ha sugerido aumentar en $30 la tarifa del Transantiago, y consulta por el efecto de esta alza en la inflación.","El señor Miguel Fuentes precisa que el efecto de esta alza en la inflación no alcanza a ser una décima en el horizonte de proyección. Hace presente que dicho cambio no está asociado al polinomio de indexación de precios internacionales y que, a su entender, esta propuesta responde a la facultad de dicho Comité para proponer un alza de la tarifa cua",,RPM-2015-04-16:6733:2,Alberto Arenas de Mesa,"El Ministro de Hacienda señor Alberto Arenas consigna que a lo planteado por el señor Miguel Fuentes se suma una propuesta del Gobierno — que implicará una discusión oarlamentaria— que tiene por objetivo constituir fuentes de financiamiento más estables para el Transantiago con el fin de evitar movimientos de tarifas. De esta forma, a futuro, podrí",,,
9088,RPM-2015-06-11:6862:1,6862,2015-06-11 00:00:00,Rodrigo Vergara Montes,Presidente del Banco Central,SUJETO_ROL_NOMBRE,LISTA_ASISTENCIA,FINAL_SIN_PUNTUACION,RPM-2015-06-11:T62,INICIO_EXPLICITO,,RPM-2015-06-11:6862:1,RPM-2015-06-11:6861:2,Consejo del Banco Central de Chile,"Siendo las 15:45 horas, se incorporan a la Sesión el Subsecretario de Hacienda señor Alejandro Micco y el Asesor del Ministro de Hacienda señor Claudio Soto.","El Presidente señor Rodrigo Vergara solicita al Fiscal señor Juan Pablo Araya que precise si existe algún impedimento para que el señor Subsecretario intervenga emitiendo su opinión durante el proceso de votación, indicando el señor Fiscal que no hay ningún inconveniente reglamentario para dar lugar a ello y que inmediatamente a continuación se rea",,RPM-2015-06-11:6862:2,Alejandro Micco,"El señor Alejandro Micco resalta la importancia que las políticas fiscal y monetaria estén coordinadas para enfrentar el actual ciclo de nuestra economía. A este respecto, manifiesta que el Gobierno ha implementado una política fiscal con un claro sesgo expansivo este año para atenuar los costos de la desaceleración de la demanda privada. Asimismo,",,,
9152,RPM-2015-07-14:6915:1,6915,2015-07-14 00:00:00,Rodrigo Vergara Montes,Presidente del Banco Central,SUJETO_ROL_NOMBRE,LISTA_ASISTENCIA,FINAL_SIN_PUNTUACION,RPM-2015-07-14:T59,INICIO_EXPLICITO,,RPM-2015-07-14:6915:1,RPM-2015-07-14:6914:1,Sebastián Claro Edwards," un alza de las tasas de más largo plazo. En mérito de lo expuesto, el Consejero señor Sebastián Claro cree que la viabilidad de mantener una política monetaria expansiva y su efectividad hacia adelante requieren mostrar un compromiso nítido con la inflación, que en este caso se obtiene votando por la mantención de la TPM en 3% y del sesgo neutral.","El Presidente señor Rodrigo Vergara agradece la presentación del Consejero señor Sebastián Claro y, a continuación, concede la palabra al Vicepresidente señor Enrique Marshall",,RPM-2015-07-14:6915:2,Enrique Marshall Rivera,"El Vicepresidente señor Enrique Marshall inicia su intervención agradeciendo al staff por el apoyo proporcionado para esta Reunión de Política Monetaria. Manifiesta que las noticias acumuladas en el último mes no han sido auspiciosas para nuestra economía. En lo concerniente al ámbito externo, señaia que las perspectivas de crecimiento no han cambi",,,
9261,RPM-2015-09-15:7008:1,7008,2015-09-15 00:00:00,Rodrigo Vergara Montes,Presidente del Banco Central,SUJETO_ROL_NOMBRE,LISTA_ASISTENCIA,FINAL_SIN_PUNTUACION,RPM-2015-09-15:T36,INICIO_EXPLICITO,,RPM-2015-09-15:7008:1,RPM-2015-09-15:7007:1,Miguel Fuentes Díaz,"ño, menciona que el crecimiento estimado del PIB se mantiene en 2,1%, a pesar de una nueva revisión a la baja en el crecimiento esperado en minería. En efecto, dicho sector presentó un deterioro mayor que el previsto en el mes de julio por recortes de la producción en yacimientos pequeños, que impactarían hacia el tercer y cuarto trimestre del año.","El Presidente señor Rodrigo Vergara resalta la revisión a la baja del crecimiento del sector minería respecto de lo consignado en el último IPoM, desde 1 a -0,3% en el tercer trimestre y de 0,5 a -0,5% en el cuarto, y consulta por las razones que explican la caída adicional desde entonces",,RPM-2015-09-15:7008:2,Miguel Fuentes Díaz,"El señor Miguel Fuentes comenta que el dato de producción de Escondida del mes de julio fue particularmente malo, al registrar una caída superior a 40%, y se debe en parte a la tendencia de menor demanda esperada para el año fiscal 2015 - 2016 y a mantenciones no previstas. Agrega que ello que ha generado una caída persistente en el nivel que no se",,,
9305,RPM-2015-09-15:7044:1,7044,2015-09-15 00:00:00,Rodrigo Vergara Montes,Presidente del Banco Central,SUJETO_ROL_NOMBRE,LISTA_ASISTENCIA,FINAL_SIN_PUNTUACION,RPM-2015-09-15:T79,INSTITUCIONAL,,,RPM-2015-09-15:7043:1,Sebastián Claro Edwards," un sesgo que anticipe al mercado la posibilidad de algunas alzas de la tasa de política monetaria en los meses venideros, a no ser que noticias excepcionales sugieran lo contrario. En razón de lo expresado precedentemente, el Vicepresidente señor Sebastián Claro manifiesta que su voto es por mantener la TPM en 3% y por introducir un sesgo al alza.","El Presidente señor Rodrigo Vergara agradece el planteamiento expuesto por el Vicepresidente señor Sebastián Claro e inicia su intervención expresando su reconocimiento al staff por el excelente análisis consignado precedentemente. Indica que en el ámbito externo, sigue la incertidumbre en China y otros emergentes, pero en la actualidad el foco est",,RPM-2015-09-15:7044:2,Joaquín Vial Ruiz-Tagle,"y, en ese sentido, el Consejero señor Joaquín Vial reitera su decisión de mantener su voto en orden a aumentar la TPM en 25 puntos base, a 3,25% anual.",,,
9321,RPM-2015-10-15:7058:1,7058,2015-10-15 00:00:00,Joaquín Vial Ruiz-Tagle,Consejero,SUJETO_ROL_NOMBRE,LISTA_ASISTENCIA,FINAL_SIN_PUNTUACION,RPM-2015-10-15:T12,INICIO_EXPLICITO,,RPM-2015-10-15:7058:1,RPM-2015-10-15:7057:1,Sebastián Claro Edwards,"ón de Colombia, el mercado no ha castigado mayormente las tasas de esa economía, y que Consensus Forescasts sigue manteniendo un déficit de cuenta corriente de 5% por dos años. Luego, no solo habría una negación de la situación de déficit de cuenta corriente por parte de la autoridad colombiana, sino que el mercado está desestimando esta debilidad.",El Consejero señor Joaquín Vial señala que ello ayuda a explicar la depreciación que ha experimentado el peso colombiano,,RPM-2015-10-15:7058:2,Alberto Naudon Dell'Oro,"El Gerente de División Estudios señor Alberto Naudon precisa que la depreciación de dicha moneda supera en alrededor de 15 puntos porcentuales la del peso chileno. Además, hace notar que los riesgos de Brasil y Colombia están muy interrelacionados. En este sentido, plantea que es difícil pensar que Brasil, con un crecimiento negativo de 3% este año",,,
