"ID_Intervencion","ID_Padre","Fecha","Actor_Final","Institucional","Fuente_Actor","Caracteres","Otras_Personas_Roster","Nombres","Motivos_Revision","Alerta_Motor","Leida_En_Lote9","Veredicto"
"RPM-2005-01-11:1:1","1","2005-01-11","Consejo del Banco Central de Chile","SI","ACTA/META","1260","13","Camilo Carrasco Alfonso; Esteban Jadresic Marinovic; Jorge Desormeaux Jiménez; José De Gregorio Rebeco; Luis Óscar Herrera Barriga; Manuel Marfán Lewis; María Elena Ovalle Molina; Nicolás Eyzaguirre Guzmán; Pablo García Silva; Ricardo Vicuña Poblete; Rodrigo Valdés Pulido; Sergio Lehmann Beresi; Vittorio Corbo Lioi","","NO","NO",""
"RPM-2005-01-11:6:1","6","2005-01-11","Vittorio Corbo Lioi","NO","SUJETO_ROL_NOMBRE","159","1","Pablo García Silva","","NO","SI","UNA_SOLA_VOZ"
"RPM-2005-01-11:57:1","57","2005-01-11","Consejo del Banco Central de Chile","SI","ACTA/META","2100","3","José De Gregorio Rebeco; Nicolás Eyzaguirre Guzmán; Vittorio Corbo Lioi","","NO","NO",""
"RPM-2005-02-10:58:1","58","2005-02-10","Consejo del Banco Central de Chile","SI","ACTA/META","1145","12","Camilo Carrasco Alfonso; Esteban Jadresic Marinovic; Jorge Desormeaux Jiménez; José De Gregorio Rebeco; Manuel Marfán Lewis; Mario Marcel Cullell; María Elena Ovalle Molina; Pablo García Silva; Ricardo Vicuña Poblete; Rodrigo Valdés Pulido; Sergio Lehmann Beresi; Vittorio Corbo Lioi","","NO","NO",""
"RPM-2005-02-10:138:1","138","2005-02-10","Consejo del Banco Central de Chile","SI","ACTA/META","322","1","Mario Marcel Cullell","","NO","NO",""
"RPM-2005-03-10:140:1","140","2005-03-10","Consejo del Banco Central de Chile","SI","ACTA/META","1299","13","Camilo Carrasco Alfonso; Esteban Jadresic Marinovic; Jorge Desormeaux Jiménez; José De Gregorio Rebeco; Luis Óscar Herrera Barriga; Manuel Marfán Lewis; María Elena Ovalle Molina; Nicolás Eyzaguirre Guzmán; Pablo García Silva; Ricardo Vicuña Poblete; Rodrigo Valdés Pulido; Sergio Lehmann Beresi; Vittorio Corbo Lioi","","NO","NO",""
"RPM-2005-03-10:195:1","195","2005-03-10","Consejo del Banco Central de Chile","SI","ACTA/META","508","1","María Elena Ovalle Molina","","NO","NO",""
"RPM-2005-03-10:199:1","199","2005-03-10","Consejo del Banco Central de Chile","SI","ACTA/META","500","1","Nicolás Eyzaguirre Guzmán","","NO","NO",""
"RPM-2005-04-07:201:1","201","2005-04-07","Consejo del Banco Central de Chile","SI","ACTA/META","1144","11","Camilo Carrasco Alfonso; Jorge Desormeaux Jiménez; Jorge Pérez Etchegaray; José De Gregorio Rebeco; Manuel Marfán Lewis; María Elena Ovalle Molina; Pablo García Silva; Ricardo Vicuña Poblete; Rodrigo Valdés Pulido; Sergio Lehmann Beresi; Vittorio Corbo Lioi","","NO","NO",""
"RPM-2005-04-07:202:1","202","2005-04-07","Vittorio Corbo Lioi","NO","SUJETO_ROL_SESION","767","1","María Eugenia Wagner Brizzi","TEXTO_DANADO_POR_COTEJAR","NO","SI","UNA_SOLA_VOZ"
"RPM-2005-04-07:214:2","214","2005-04-07","Consejo del Banco Central de Chile","SI","ACTA/META","396","1","María Eugenia Wagner Brizzi","","NO","NO",""
"RPM-2005-05-12:221:1","221","2005-05-12","Consejo del Banco Central de Chile","SI","ACTA/META","1368","12","Camilo Carrasco Alfonso; Esteban Jadresic Marinovic; Jorge Desormeaux Jiménez; José De Gregorio Rebeco; Manuel Marfán Lewis; María Elena Ovalle Molina; Nicolás Eyzaguirre Guzmán; Pablo García Silva; Ricardo Vicuña Poblete; Rodrigo Valdés Pulido; Sergio Lehmann Beresi; Vittorio Corbo Lioi","","NO","NO",""
"RPM-2005-05-12:278:1","278","2005-05-12","Consejo del Banco Central de Chile","SI","ACTA/META","1950","1","Nicolás Eyzaguirre Guzmán","","NO","NO",""
"RPM-2005-06-09:279:1","279","2005-06-09","Consejo del Banco Central de Chile","SI","ACTA/META","1775","13","Camilo Carrasco Alfonso; Esteban Jadresic Marinovic; Jorge Desormeaux Jiménez; José De Gregorio Rebeco; Luis Óscar Herrera Barriga; Manuel Marfán Lewis; María Elena Ovalle Molina; Nicolás Eyzaguirre Guzmán; Pablo García Silva; Ricardo Vicuña Poblete; Rodrigo Valdés Pulido; Sergio Lehmann Beresi; Vittorio Corbo Lioi","","NO","NO",""
"RPM-2005-06-09:294:2","294","2005-06-09","Consejo del Banco Central de Chile","SI","ACTA/META","1778","1","Nicolás Eyzaguirre Guzmán","","NO","NO",""
"RPM-2005-06-09:295:1","295","2005-06-09","Consejo del Banco Central de Chile","SI","ACTA/META","134","1","José De Gregorio Rebeco","","NO","NO",""
"RPM-2005-07-12:296:1","296","2005-07-12","Consejo del Banco Central de Chile","SI","ACTA/META","1447","13","Camilo Carrasco Alfonso; Esteban Jadresic Marinovic; Jorge Desormeaux Jiménez; José De Gregorio Rebeco; Luis Óscar Herrera Barriga; Manuel Marfán Lewis; María Elena Ovalle Molina; Nicolás Eyzaguirre Guzmán; Pablo García Silva; Ricardo Vicuña Poblete; Rodrigo Valdés Pulido; Sergio Lehmann Beresi; Vittorio Corbo Lioi","","NO","NO",""
"RPM-2005-07-12:305:3","305","2005-07-12","Vittorio Corbo Lioi","NO","SUJETO_ROL_SESION","420","1","Nicolás Eyzaguirre Guzmán","FINAL_SIN_PUNTUACION","NO","SI","UNA_SOLA_VOZ"
"RPM-2005-07-12:311:1","311","2005-07-12","Consejo del Banco Central de Chile","SI","ACTA/META","134","1","José De Gregorio Rebeco","","NO","NO",""
"RPM-2005-08-11:312:1","312","2005-08-11","Consejo del Banco Central de Chile","SI","ACTA/META","1318","13","Esteban Jadresic Marinovic; Jorge Desormeaux Jiménez; José De Gregorio Rebeco; Luis Óscar Herrera Barriga; Manuel Marfán Lewis; María Elena Ovalle Molina; Miguel Ángel Nacrur Gazali; Nicolás Eyzaguirre Guzmán; Pablo García Silva; Ricardo Vicuña Poblete; Rodrigo Valdés Pulido; Sergio Lehmann Beresi; Vittorio Corbo Lioi","","NO","NO",""
"RPM-2005-09-08:367:1","367","2005-09-08","Consejo del Banco Central de Chile","SI","ACTA/META","1344","12","Enrique Marshall Rivera; Esteban Jadresic Marinovic; Jorge Desormeaux Jiménez; José De Gregorio Rebeco; Manuel Marfán Lewis; María Elena Ovalle Molina; Miguel Ángel Nacrur Gazali; Nicolás Eyzaguirre Guzmán; Pablo García Silva; Ricardo Vicuña Poblete; Rodrigo Valdés Pulido; Vittorio Corbo Lioi","","NO","NO",""
"RPM-2005-09-08:368:1","368","2005-09-08","Vittorio Corbo Lioi","NO","SUJETO_ROL_SESION","461","1","Pablo García Silva","","NO","SI","UNA_SOLA_VOZ"
"RPM-2005-10-11:401:1","401","2005-10-11","Consejo del Banco Central de Chile","SI","ACTA/META","1384","13","Beltrán de Ramón Acevedo; Enrique Marshall Rivera; Esteban Jadresic Marinovic; Jorge Desormeaux Jiménez; José De Gregorio Rebeco; Luis Óscar Herrera Barriga; Manuel Marfán Lewis; María Elena Ovalle Molina; Nicolás Eyzaguirre Guzmán; Pablo García Silva; Ricardo Vicuña Poblete; Rodrigo Valdés Pulido; Vittorio Corbo Lioi","","NO","NO",""
"RPM-2005-10-11:403:1","403","2005-10-11","Vittorio Corbo Lioi","NO","SUJETO_ROL_NOMBRE","296","1","Pablo García Silva","","NO","SI","UNA_SOLA_VOZ"
"RPM-2005-11-10:450:1","450","2005-11-10","Consejo del Banco Central de Chile","SI","ACTA/META","1462","14","Beltrán de Ramón Acevedo; Enrique Marshall Rivera; Esteban Jadresic Marinovic; Jorge Desormeaux Jiménez; José De Gregorio Rebeco; Luis Óscar Herrera Barriga; Manuel Marfán Lewis; María Elena Ovalle Molina; Nicolás Eyzaguirre Guzmán; Pablo García Silva; Ricardo Vicuña Poblete; Rodrigo Valdés Pulido; Sergio Lehmann Beresi; Vittorio Corbo Lioi","","NO","NO",""
"RPM-2005-11-10:491:3","491","2005-11-10","Vittorio Corbo Lioi","NO","SUJETO_ROL_SESION","452","1","Nicolás Eyzaguirre Guzmán","","NO","SI","UNA_SOLA_VOZ"
"RPM-2005-12-13:505:1","505","2005-12-13","Consejo del Banco Central de Chile","SI","ACTA/META","1668","13","Beltrán de Ramón Acevedo; Enrique Marshall Rivera; Esteban Jadresic Marinovic; Jorge Desormeaux Jiménez; José De Gregorio Rebeco; Luis Óscar Herrera Barriga; Manuel Marfán Lewis; Nicolás Eyzaguirre Guzmán; Pablo García Silva; Ricardo Vicuña Poblete; Rodrigo Valdés Pulido; Sergio Lehmann Beresi; Vittorio Corbo Lioi","","NO","NO",""
"RPM-2005-12-13:506:1","506","2005-12-13","Vittorio Corbo Lioi","NO","SUJETO_ROL_NOMBRE","547","1","Sergio Lehmann Beresi","","NO","SI","UNA_SOLA_VOZ"
"RPM-2006-01-12:527:1","527","2006-01-12","Consejo del Banco Central de Chile","SI","ACTA/META","1607","13","Beltrán de Ramón Acevedo; Enrique Marshall Rivera; Esteban Jadresic Marinovic; Jorge Desormeaux Jiménez; José De Gregorio Rebeco; Luis Óscar Herrera Barriga; Manuel Marfán Lewis; Nicolás Eyzaguirre Guzmán; Pablo García Silva; Ricardo Vicuña Poblete; Rodrigo Valdés Pulido; Sergio Lehmann Beresi; Vittorio Corbo Lioi","","NO","NO",""
"RPM-2006-01-12:529:1","529","2006-01-12","Vittorio Corbo Lioi","NO","SUJETO_ROL_NOMBRE","387","3","Pablo García Silva; Rodrigo Valdés Pulido; Sergio Lehmann Beresi","","NO","SI","UNA_SOLA_VOZ"
"RPM-2006-01-12:530:1","530","2006-01-12","Vittorio Corbo Lioi","NO","SUJETO_ROL_NOMBRE","151","1","Sergio Lehmann Beresi","","NO","SI","UNA_SOLA_VOZ"
"RPM-2006-01-12:556:1","556","2006-01-12","Vittorio Corbo Lioi","NO","SUJETO_ROL_NOMBRE","159","1","Rodrigo Valdés Pulido","","NO","SI","UNA_SOLA_VOZ"
"RPM-2006-02-09:575:1","575","2006-02-09","Consejo del Banco Central de Chile","SI","ACTA/META","1346","13","Beltrán de Ramón Acevedo; Enrique Marshall Rivera; Esteban Jadresic Marinovic; Jorge Desormeaux Jiménez; José De Gregorio Rebeco; Luis Óscar Herrera Barriga; Manuel Marfán Lewis; Miguel Ángel Nacrur Gazali; Nicolás Eyzaguirre Guzmán; Pablo García Silva; Ricardo Vicuña Poblete; Rodrigo Valdés Pulido; Vittorio Corbo Lioi","","NO","NO",""
"RPM-2006-02-09:576:1","576","2006-02-09","Vittorio Corbo Lioi","NO","SUJETO_ROL_NOMBRE","572","1","Nicolás Eyzaguirre Guzmán","","NO","SI","UNA_SOLA_VOZ"
"RPM-2006-02-09:576:3","576","2006-02-09","Vittorio Corbo Lioi","NO","SUJETO_ROL_SESION","545","2","Pablo García Silva; Rodrigo Valdés Pulido","","NO","SI","UNA_SOLA_VOZ"
"RPM-2006-02-09:577:1","577","2006-02-09","Vittorio Corbo Lioi","NO","SUJETO_ROL_SESION","142","1","Pablo García Silva","","NO","SI","UNA_SOLA_VOZ"
"RPM-2006-02-09:587:5","587","2006-02-09","Manuel Marfán Lewis","NO","SUJETO_ROL_NOMBRE","318","1","Nicolás Eyzaguirre Guzmán","","NO","SI","UNA_SOLA_VOZ"
"RPM-2006-02-09:587:10","587","2006-02-09","Vittorio Corbo Lioi","NO","SUJETO_ROL_SESION","464","2","Nicolás Eyzaguirre Guzmán; Rodrigo Valdés Pulido","","NO","SI","UNA_SOLA_VOZ"
"RPM-2006-02-09:595:1","595","2006-02-09","Consejo del Banco Central de Chile","SI","ACTA/META","119","1","José De Gregorio Rebeco","","NO","NO",""
"RPM-2006-03-16:596:1","596","2006-03-16","Consejo del Banco Central de Chile","SI","ACTA/META","1403","12","Andrés Velasco Brañes; Enrique Marshall Rivera; Jorge Desormeaux Jiménez; José De Gregorio Rebeco; Luis Felipe Céspedes Cifuentes; Luis Óscar Herrera Barriga; Manuel Marfán Lewis; Miguel Ángel Nacrur Gazali; Pablo García Silva; Ricardo Vicuña Poblete; Rodrigo Valdés Pulido; Vittorio Corbo Lioi","","NO","NO",""
"RPM-2006-03-16:597:1","597","2006-03-16","Vittorio Corbo Lioi","NO","SUJETO_ROL_NOMBRE","606","1","Andrés Velasco Brañes","","NO","SI","UNA_SOLA_VOZ"
"RPM-2006-03-16:598:1","598","2006-03-16","Rodrigo Valdés Pulido","NO","SUJETO_ROL_NOMBRE","340","1","Pablo García Silva","","NO","SI","UNA_SOLA_VOZ"
"RPM-2006-03-16:599:1","599","2006-03-16","Vittorio Corbo Lioi","NO","SUJETO_ROL_SESION","733","2","Luis Felipe Céspedes Cifuentes; Pablo García Silva","","NO","SI","UNA_SOLA_VOZ"
"RPM-2006-04-13:626:1","626","2006-04-13","Consejo del Banco Central de Chile","SI","ACTA/META","1631","14","Andrés Velasco Brañes; Beltrán de Ramón Acevedo; Enrique Marshall Rivera; Esteban Jadresic Marinovic; Igal Magendzo Weinberger; Jorge Desormeaux Jiménez; José De Gregorio Rebeco; Luis Felipe Céspedes Cifuentes; Luis Óscar Herrera Barriga; Manuel Marfán Lewis; Ricardo Vicuña Poblete; Rodrigo Valdés Pulido; Sergio Lehmann Beresi; Vittorio Corbo Lioi","","NO","NO",""
"RPM-2006-04-13:628:1","628","2006-04-13","Vittorio Corbo Lioi","NO","SUJETO_ROL_SESION","283","1","Sergio Lehmann Beresi","FINAL_SIN_PUNTUACION","NO","SI","UNA_SOLA_VOZ"
"RPM-2006-05-11:655:1","655","2006-05-11","Consejo del Banco Central de Chile","SI","ACTA/META","1581","14","Andrés Velasco Brañes; Beltrán de Ramón Acevedo; Enrique Marshall Rivera; Esteban Jadresic Marinovic; Igal Magendzo Weinberger; Jorge Desormeaux Jiménez; José De Gregorio Rebeco; Luis Felipe Céspedes Cifuentes; Luis Óscar Herrera Barriga; Manuel Marfán Lewis; Ricardo Vicuña Poblete; Rodrigo Valdés Pulido; Sergio Lehmann Beresi; Vittorio Corbo Lioi","","NO","NO",""
"RPM-2006-05-11:657:1","657","2006-05-11","Vittorio Corbo Lioi","NO","SUJETO_ROL_SESION","684","2","Igal Magendzo Weinberger; Sergio Lehmann Beresi","","NO","SI","DOS_VOCES"
"RPM-2006-05-11:660:1","660","2006-05-11","Vittorio Corbo Lioi","NO","SUJETO_ROL_NOMBRE","173","1","Igal Magendzo Weinberger","","NO","SI","UNA_SOLA_VOZ"
"RPM-2006-06-15:675:1","675","2006-06-15","Consejo del Banco Central de Chile","SI","ACTA/META","1433","16","Andrés Velasco Brañes; Beltrán de Ramón Acevedo; Enrique Marshall Rivera; Esteban Jadresic Marinovic; Igal Magendzo Weinberger; Jorge Desormeaux Jiménez; José De Gregorio Rebeco; Luis Alberto Álvarez Vallejos; Luis Felipe Céspedes Cifuentes; Manuel Marfán Lewis; Miguel Ángel Nacrur Gazali; Pablo García Silva; Ricardo Vicuña Poblete; Rodrigo Valdés Pulido; Sergio Lehmann Beresi; Vittorio Corbo Lioi","","NO","NO",""
"RPM-2006-06-15:676:1","676","2006-06-15","Vittorio Corbo Lioi","NO","SUJETO_ROL_NOMBRE","1308","5","Andrés Velasco Brañes; Igal Magendzo Weinberger; Luis Alberto Álvarez Vallejos; Pablo García Silva; Sergio Lehmann Beresi","","NO","SI","UNA_SOLA_VOZ"
"RPM-2006-06-15:696:1","696","2006-06-15","Vittorio Corbo Lioi","NO","SUJETO_ROL_NOMBRE","189","1","Igal Magendzo Weinberger","","NO","SI","UNA_SOLA_VOZ"
"RPM-2006-06-15:727:2","727","2006-06-15","Consejo del Banco Central de Chile","SI","ACTA/META","172","1","Andrés Velasco Brañes","","NO","NO",""
"RPM-2006-07-13:742:1","742","2006-07-13","Consejo del Banco Central de Chile","SI","ACTA/META","1591","17","Andrés Velasco Brañes; Beltrán de Ramón Acevedo; Enrique Marshall Rivera; Esteban Jadresic Marinovic; Igal Magendzo Weinberger; Jorge Desormeaux Jiménez; José De Gregorio Rebeco; Luis Alberto Álvarez Vallejos; Luis Felipe Céspedes Cifuentes; Luis Óscar Herrera Barriga; Manuel Marfán Lewis; Miguel Ángel Nacrur Gazali; Pablo García Silva; Ricardo Vicuña Poblete; Rodrigo Valdés Pulido; Sergio Lehmann Beresi; Vittorio Corbo Lioi","","NO","NO",""
"RPM-2006-07-13:744:1","744","2006-07-13","Vittorio Corbo Lioi","NO","SUJETO_ROL_SESION","465","2","Igal Magendzo Weinberger; Sergio Lehmann Beresi","","NO","SI","UNA_SOLA_VOZ"
"RPM-2006-07-13:753:1","753","2006-07-13","Vittorio Corbo Lioi","NO","SUJETO_ROL_NOMBRE","173","1","Igal Magendzo Weinberger","","NO","SI","UNA_SOLA_VOZ"
"RPM-2006-07-13:781:1","781","2006-07-13","Consejo del Banco Central de Chile","SI","ACTA/META","159","1","José De Gregorio Rebeco","","NO","NO",""
"RPM-2006-08-10:782:1","782","2006-08-10","Consejo del Banco Central de Chile","SI","ACTA/META","1465","14","Beltrán de Ramón Acevedo; Enrique Marshall Rivera; Esteban Jadresic Marinovic; Igal Magendzo Weinberger; Jorge Desormeaux Jiménez; José De Gregorio Rebeco; Luis Alberto Álvarez Vallejos; Luis Felipe Céspedes Cifuentes; Manuel Marfán Lewis; Pablo García Silva; Ricardo Vicuña Poblete; Rodrigo Valdés Pulido; Sergio Lehmann Beresi; Vittorio Corbo Lioi","","NO","NO",""
"RPM-2006-08-10:783:1","783","2006-08-10","Vittorio Corbo Lioi","NO","SUJETO_ROL_NOMBRE","816","2","Igal Magendzo Weinberger; Sergio Lehmann Beresi","","NO","SI","UNA_SOLA_VOZ"
"RPM-2006-08-10:807:1","807","2006-08-10","Vittorio Corbo Lioi","NO","SUJETO_ROL_NOMBRE","189","1","Igal Magendzo Weinberger","","NO","SI","UNA_SOLA_VOZ"
"RPM-2006-09-07:828:1","828","2006-09-07","Consejo del Banco Central de Chile","SI","ACTA/META","1639","16","Alberto Arenas de Mesa; Beltrán de Ramón Acevedo; Enrique Marshall Rivera; Esteban Jadresic Marinovic; Igal Magendzo Weinberger; Jorge Desormeaux Jiménez; José De Gregorio Rebeco; Leonardo Hernández Tagle; Luis Alberto Álvarez Vallejos; Luis Felipe Céspedes Cifuentes; Manuel Marfán Lewis; Pablo García Silva; Ricardo Vicuña Poblete; Rodrigo Valdés Pulido; Sergio Lehmann Beresi; Vittorio Corbo Lioi","","NO","NO",""
"RPM-2006-09-07:829:1","829","2006-09-07","Vittorio Corbo Lioi","NO","SUJETO_ROL_NOMBRE","981","3","Alberto Arenas de Mesa; Beltrán de Ramón Acevedo; Leonardo Hernández Tagle","","NO","SI","UNA_SOLA_VOZ"
"RPM-2006-09-07:830:1","830","2006-09-07","Vittorio Corbo Lioi","NO","SUJETO_ROL_SESION","464","1","Sergio Lehmann Beresi","","NO","SI","UNA_SOLA_VOZ"
"RPM-2006-09-07:846:1","846","2006-09-07","Vittorio Corbo Lioi","NO","SUJETO_ROL_NOMBRE","189","1","Igal Magendzo Weinberger","","NO","SI","UNA_SOLA_VOZ"
"RPM-2006-09-07:848:1","848","2006-09-07","Consejo del Banco Central de Chile","SI","ACTA/META","138","1","Alberto Arenas de Mesa","","NO","NO",""
"RPM-2006-09-07:865:2","865","2006-09-07","Consejo del Banco Central de Chile","SI","ACTA/META","162","1","Alberto Arenas de Mesa","","NO","NO",""
"RPM-2006-10-12:879:1","879","2006-10-12","Consejo del Banco Central de Chile","SI","ACTA/META","1465","17","Andrés Velasco Brañes; Beltrán de Ramón Acevedo; Enrique Marshall Rivera; Esteban Jadresic Marinovic; Igal Magendzo Weinberger; Jorge Desormeaux Jiménez; José De Gregorio Rebeco; Leonardo Hernández Tagle; Luis Alberto Álvarez Vallejos; Luis Felipe Céspedes Cifuentes; Manuel Marfán Lewis; Miguel Ángel Nacrur Gazali; Pablo García Silva; Ricardo Vicuña Poblete; Rodrigo Valdés Pulido; Sergio Lehmann Beresi; Vittorio Corbo Lioi","","NO","NO",""
"RPM-2006-10-12:880:1","880","2006-10-12","Vittorio Corbo Lioi","NO","SUJETO_ROL_SESION","601","2","Igal Magendzo Weinberger; Sergio Lehmann Beresi","","NO","SI","UNA_SOLA_VOZ"
"RPM-2006-10-12:895:1","895","2006-10-12","Vittorio Corbo Lioi","NO","SUJETO_ROL_NOMBRE","489","1","Igal Magendzo Weinberger","","NO","SI","UNA_SOLA_VOZ"
"RPM-2006-11-16:944:1","944","2006-11-16","Consejo del Banco Central de Chile","SI","ACTA/META","1397","15","Beltrán de Ramón Acevedo; Enrique Marshall Rivera; Igal Magendzo Weinberger; Jorge Desormeaux Jiménez; José De Gregorio Rebeco; Leonardo Hernández Tagle; Luis Alberto Álvarez Vallejos; Luis Felipe Céspedes Cifuentes; Manuel Marfán Lewis; Miguel Ángel Nacrur Gazali; Pablo García Silva; Ricardo Vicuña Poblete; Rodrigo Valdés Pulido; Sergio Lehmann Beresi; Vittorio Corbo Lioi","","NO","NO",""
"RPM-2006-11-16:945:1","945","2006-11-16","Vittorio Corbo Lioi","NO","SUJETO_ROL_SESION","776","2","Igal Magendzo Weinberger; Sergio Lehmann Beresi","","NO","SI","UNA_SOLA_VOZ"
"RPM-2006-11-16:954:1","954","2006-11-16","Vittorio Corbo Lioi","NO","SUJETO_ROL_NOMBRE","189","1","Igal Magendzo Weinberger","","NO","SI","UNA_SOLA_VOZ"
"RPM-2006-12-14:988:1","988","2006-12-14","Consejo del Banco Central de Chile","SI","ACTA/META","1411","15","Andrés Velasco Brañes; Enrique Marshall Rivera; Esteban Jadresic Marinovic; Igal Magendzo Weinberger; José De Gregorio Rebeco; Leonardo Hernández Tagle; Luis Alberto Álvarez Vallejos; Luis Felipe Céspedes Cifuentes; Manuel Marfán Lewis; Miguel Ángel Nacrur Gazali; Pablo García Silva; Ricardo Vicuña Poblete; Rodrigo Valdés Pulido; Sergio Lehmann Beresi; Vittorio Corbo Lioi","","NO","NO",""
"RPM-2006-12-14:990:1","990","2006-12-14","Vittorio Corbo Lioi","NO","SUJETO_ROL_SESION","448","2","Igal Magendzo Weinberger; Sergio Lehmann Beresi","","NO","SI","UNA_SOLA_VOZ"
"RPM-2006-12-14:1002:1","1002","2006-12-14","Vittorio Corbo Lioi","NO","SUJETO_ROL_NOMBRE","173","1","Igal Magendzo Weinberger","","NO","SI","UNA_SOLA_VOZ"
"RPM-2006-12-14:1011:3","1011","2006-12-14","Consejo del Banco Central de Chile","SI","ACTA/META","143","2","Andrés Velasco Brañes; Luis Felipe Céspedes Cifuentes","","NO","NO",""
"RPM-2006-12-14:1021:1","1021","2006-12-14","Consejo del Banco Central de Chile","SI","ACTA/META","126","1","Vittorio Corbo Lioi","","NO","NO",""
"RPM-2007-01-11:1022:1","1022","2007-01-11","Consejo del Banco Central de Chile","SI","ACTA/META","1514","16","Andrés Velasco Brañes; Beltrán de Ramón Acevedo; Enrique Marshall Rivera; Esteban Jadresic Marinovic; Igal Magendzo Weinberger; Jorge Desormeaux Jiménez; José De Gregorio Rebeco; Leonardo Hernández Tagle; Luis Alberto Álvarez Vallejos; Luis Felipe Céspedes Cifuentes; Manuel Marfán Lewis; Pablo García Silva; Ricardo Vicuña Poblete; Rodrigo Valdés Pulido; Sergio Lehmann Beresi; Vittorio Corbo Lioi","","NO","NO",""
"RPM-2007-01-11:1024:1","1024","2007-01-11","Vittorio Corbo Lioi","NO","SUJETO_ROL_SESION","448","2","Igal Magendzo Weinberger; Sergio Lehmann Beresi","","NO","SI","UNA_SOLA_VOZ"
"RPM-2007-01-11:1033:1","1033","2007-01-11","Vittorio Corbo Lioi","NO","SUJETO_ROL_NOMBRE","173","1","Igal Magendzo Weinberger","","NO","SI","UNA_SOLA_VOZ"
"RPM-2007-01-11:1055:1","1055","2007-01-11","José De Gregorio Rebeco","NO","SUJETO_ROL_NOMBRE","6353","1","Sergio Lehmann Beresi","","NO","SI","UNA_SOLA_VOZ"
"RPM-2007-01-11:1058:1","1058","2007-01-11","Consejo del Banco Central de Chile","SI","ACTA/META","176","3","Jorge Desormeaux Jiménez; José De Gregorio Rebeco; Vittorio Corbo Lioi","","NO","NO",""
"RPM-2007-02-08:1059:1","1059","2007-02-08","Consejo del Banco Central de Chile","SI","ACTA/META","1374","15","Andrés Velasco Brañes; Beltrán de Ramón Acevedo; Enrique Marshall Rivera; Enrique Orellana Cifuentes; Esteban Jadresic Marinovic; Igal Magendzo Weinberger; Jorge Desormeaux Jiménez; José De Gregorio Rebeco; Luis Alberto Álvarez Vallejos; Luis Felipe Céspedes Cifuentes; Manuel Marfán Lewis; Pablo García Silva; Rodrigo Valdés Pulido; Sergio Lehmann Beresi; Vittorio Corbo Lioi","","NO","NO",""
"RPM-2007-02-08:1061:1","1061","2007-02-08","Vittorio Corbo Lioi","NO","SUJETO_ROL_SESION","448","2","Igal Magendzo Weinberger; Sergio Lehmann Beresi","","NO","SI","UNA_SOLA_VOZ"
"RPM-2007-02-08:1075:1","1075","2007-02-08","Vittorio Corbo Lioi","NO","SUJETO_ROL_NOMBRE","173","1","Igal Magendzo Weinberger","","NO","SI","UNA_SOLA_VOZ"
"RPM-2007-02-08:1102:2","1102","2007-02-08","Consejo del Banco Central de Chile","SI","ACTA/META","2191","2","Andrés Velasco Brañes; Luis Felipe Céspedes Cifuentes","","NO","NO",""
"RPM-2007-03-15:1104:1","1104","2007-03-15","Consejo del Banco Central de Chile","SI","ACTA/META","1459","15","Andrés Velasco Brañes; Beltrán de Ramón Acevedo; Enrique Marshall Rivera; Enrique Orellana Cifuentes; Esteban Jadresic Marinovic; Igal Magendzo Weinberger; Jorge Desormeaux Jiménez; José De Gregorio Rebeco; Leonardo Hernández Tagle; Luis Alberto Álvarez Vallejos; Luis Felipe Céspedes Cifuentes; Manuel Marfán Lewis; Pablo García Silva; Ricardo Vicuña Poblete; Rodrigo Valdés Pulido","","NO","NO",""
"RPM-2007-03-15:1106:1","1106","2007-03-15","Rodrigo Valdés Pulido","NO","SUJETO_ROL_SESION","471","2","Igal Magendzo Weinberger; Sergio Lehmann Beresi","","NO","SI","UNA_SOLA_VOZ"
"RPM-2007-03-15:1126:1","1126","2007-03-15","Vittorio Corbo Lioi","NO","SUJETO_ROL_NOMBRE","186","1","Igal Magendzo Weinberger","","NO","SI","UNA_SOLA_VOZ"
"RPM-2007-04-12:1169:1","1169","2007-04-12","Consejo del Banco Central de Chile","SI","ACTA/META","1452","17","Andrés Velasco Brañes; Beltrán de Ramón Acevedo; Enrique Marshall Rivera; Enrique Orellana Cifuentes; Esteban Jadresic Marinovic; Igal Magendzo Weinberger; Jorge Desormeaux Jiménez; José De Gregorio Rebeco; Leonardo Hernández Tagle; Luis Alberto Álvarez Vallejos; Luis Felipe Céspedes Cifuentes; Manuel Marfán Lewis; Pablo García Silva; Ricardo Vicuña Poblete; Rodrigo Valdés Pulido; Sergio Lehmann Beresi; Vittorio Corbo Lioi","","NO","NO",""
"RPM-2007-04-12:1170:1","1170","2007-04-12","Vittorio Corbo Lioi","NO","SUJETO_ROL_NOMBRE","365","1","Andrés Velasco Brañes","","NO","SI","UNA_SOLA_VOZ"
"RPM-2007-04-12:1171:1","1171","2007-04-12","Vittorio Corbo Lioi","NO","SUJETO_ROL_SESION","448","2","Igal Magendzo Weinberger; Sergio Lehmann Beresi","","NO","SI","UNA_SOLA_VOZ"
"RPM-2007-04-12:1176:2","1176","2007-04-12","José De Gregorio Rebeco","NO","SUJETO_ROL_NOMBRE","313","1","Sergio Lehmann Beresi","","NO","SI","UNA_SOLA_VOZ"
"RPM-2007-04-12:1184:1","1184","2007-04-12","Vittorio Corbo Lioi","NO","SUJETO_ROL_NOMBRE","170","1","Igal Magendzo Weinberger","","NO","SI","UNA_SOLA_VOZ"
"RPM-2007-05-10:1222:1","1222","2007-05-10","Consejo del Banco Central de Chile","SI","ACTA/META","1535","17","Andrés Velasco Brañes; Beltrán de Ramón Acevedo; Enrique Marshall Rivera; Enrique Orellana Cifuentes; Esteban Jadresic Marinovic; Igal Magendzo Weinberger; Jorge Desormeaux Jiménez; José De Gregorio Rebeco; Leonardo Hernández Tagle; Luis Alberto Álvarez Vallejos; Luis Felipe Céspedes Cifuentes; Manuel Marfán Lewis; Pablo García Silva; Ricardo Vicuña Poblete; Rodrigo Valdés Pulido; Sergio Lehmann Beresi; Vittorio Corbo Lioi","","NO","NO",""
"RPM-2007-05-10:1223:1","1223","2007-05-10","Vittorio Corbo Lioi","NO","SUJETO_ROL_NOMBRE","367","1","Andrés Velasco Brañes","","NO","SI","UNA_SOLA_VOZ"
"RPM-2007-05-10:1224:1","1224","2007-05-10","Vittorio Corbo Lioi","NO","SUJETO_ROL_SESION","448","2","Igal Magendzo Weinberger; Sergio Lehmann Beresi","","NO","SI","UNA_SOLA_VOZ"
"RPM-2007-05-10:1231:1","1231","2007-05-10","Vittorio Corbo Lioi","NO","SUJETO_ROL_NOMBRE","173","1","Igal Magendzo Weinberger","","NO","SI","UNA_SOLA_VOZ"
"RPM-2007-05-10:1251:2","1251","2007-05-10","Consejo del Banco Central de Chile","SI","ACTA/META","172","1","Andrés Velasco Brañes","","NO","NO",""
"RPM-2007-06-14:1262:1","1262","2007-06-14","Consejo del Banco Central de Chile","SI","ACTA/META","1421","15","Andrés Velasco Brañes; Beltrán de Ramón Acevedo; Enrique Marshall Rivera; Enrique Orellana Cifuentes; Esteban Jadresic Marinovic; Igal Magendzo Weinberger; Jorge Desormeaux Jiménez; José De Gregorio Rebeco; Leonardo Hernández Tagle; Luis Alberto Álvarez Vallejos; Luis Felipe Céspedes Cifuentes; Manuel Marfán Lewis; Ricardo Vicuña Poblete; Sergio Lehmann Beresi; Vittorio Corbo Lioi","","NO","NO",""
"RPM-2007-06-14:1264:1","1264","2007-06-14","Vittorio Corbo Lioi","NO","SUJETO_ROL_SESION","369","2","Igal Magendzo Weinberger; Sergio Lehmann Beresi","","NO","SI","UNA_SOLA_VOZ"
"RPM-2007-06-14:1265:1","1265","2007-06-14","Vittorio Corbo Lioi","NO","SUJETO_ROL_NOMBRE","121","1","Sergio Lehmann Beresi","","NO","SI","UNA_SOLA_VOZ"
"RPM-2007-06-14:1284:1","1284","2007-06-14","Vittorio Corbo Lioi","NO","SUJETO_ROL_NOMBRE","173","1","Igal Magendzo Weinberger","","NO","SI","UNA_SOLA_VOZ"
"RPM-2007-06-14:1309:1","1309","2007-06-14","Consejo del Banco Central de Chile","SI","ACTA/META","130","1","Vittorio Corbo Lioi","","NO","NO",""
"RPM-2007-07-12:1310:1","1310","2007-07-12","Consejo del Banco Central de Chile","SI","ACTA/META","1541","17","Beltrán de Ramón Acevedo; Enrique Marshall Rivera; Enrique Orellana Cifuentes; Esteban Jadresic Marinovic; Igal Magendzo Weinberger; Jorge Desormeaux Jiménez; José De Gregorio Rebeco; Leonardo Hernández Tagle; Luis Alberto Álvarez Vallejos; Luis Felipe Céspedes Cifuentes; Manuel Marfán Lewis; Miguel Ángel Nacrur Gazali; Pablo García Silva; Ricardo Vicuña Poblete; Rodrigo Valdés Pulido; Sergio Lehmann Beresi; Vittorio Corbo Lioi","","NO","NO",""
"RPM-2007-07-12:1311:1","1311","2007-07-12","Vittorio Corbo Lioi","NO","SUJETO_ROL_NOMBRE","731","2","Igal Magendzo Weinberger; Sergio Lehmann Beresi","","NO","SI","UNA_SOLA_VOZ"
"RPM-2007-07-12:1322:1","1322","2007-07-12","Vittorio Corbo Lioi","NO","SUJETO_ROL_NOMBRE","173","1","Igal Magendzo Weinberger","","NO","SI","UNA_SOLA_VOZ"
"RPM-2007-07-12:1338:3","1338","2007-07-12","Esteban Jadresic Marinovic","NO","SUJETO_ROL_NOMBRE","3316","1","Igal Magendzo Weinberger","POSIBLE_OTRO_HABLANTE_O_MENCION","SI","SI","UNA_SOLA_VOZ"
"RPM-2007-08-09:1353:1","1353","2007-08-09","Consejo del Banco Central de Chile","SI","ACTA/META","1551","18","Andrés Velasco Brañes; Beltrán de Ramón Acevedo; Enrique Marshall Rivera; Enrique Orellana Cifuentes; Esteban Jadresic Marinovic; Igal Magendzo Weinberger; Jorge Desormeaux Jiménez; José De Gregorio Rebeco; Leonardo Hernández Tagle; Luis Alberto Álvarez Vallejos; Luis Felipe Céspedes Cifuentes; Manuel Marfán Lewis; Miguel Ángel Nacrur Gazali; Pablo García Silva; Ricardo Vicuña Poblete; Rodrigo Valdés Pulido; Sergio Lehmann Beresi; Vittorio Corbo Lioi","","NO","NO",""
"RPM-2007-08-09:1355:1","1355","2007-08-09","Vittorio Corbo Lioi","NO","SUJETO_ROL_SESION","360","2","Igal Magendzo Weinberger; Sergio Lehmann Beresi","","NO","SI","UNA_SOLA_VOZ"
"RPM-2007-08-09:1356:1","1356","2007-08-09","Vittorio Corbo Lioi","NO","SUJETO_ROL_NOMBRE","121","1","Sergio Lehmann Beresi","","NO","SI","UNA_SOLA_VOZ"
"RPM-2007-08-09:1358:1","1358","2007-08-09","Vittorio Corbo Lioi","NO","SUJETO_ROL_NOMBRE","115","1","Sergio Lehmann Beresi","","NO","SI","UNA_SOLA_VOZ"
"RPM-2007-08-09:1359:1","1359","2007-08-09","Jorge Desormeaux Jiménez","NO","SUJETO_ROL_NOMBRE","247","1","Sergio Lehmann Beresi","","NO","SI","UNA_SOLA_VOZ"
"RPM-2007-08-09:1365:1","1365","2007-08-09","Vittorio Corbo Lioi","NO","SUJETO_ROL_NOMBRE","182","1","Igal Magendzo Weinberger","","NO","SI","UNA_SOLA_VOZ"
"RPM-2007-08-09:1370:1","1370","2007-08-09","Jorge Desormeaux Jiménez","NO","SUJETO_ROL_NOMBRE","509","1","Igal Magendzo Weinberger","","NO","SI","UNA_SOLA_VOZ"
"RPM-2007-08-09:1392:1","1392","2007-08-09","Beltrán de Ramón Acevedo","NO","SUJETO_ROL_NOMBRE","2045","1","Igal Magendzo Weinberger","","NO","SI","UNA_SOLA_VOZ"
"RPM-2007-08-09:1403:1","1403","2007-08-09","Consejo del Banco Central de Chile","SI","ACTA/META","149","1","Jorge Desormeaux Jiménez","","NO","NO",""
"RPM-2007-09-13:1404:1","1404","2007-09-13","Consejo del Banco Central de Chile","SI","ACTA/META","1526","18","Andrés Velasco Brañes; Beltrán de Ramón Acevedo; Enrique Marshall Rivera; Enrique Orellana Cifuentes; Esteban Jadresic Marinovic; Igal Magendzo Weinberger; Jorge Desormeaux Jiménez; José De Gregorio Rebeco; Leonardo Hernández Tagle; Luis Alberto Álvarez Vallejos; Luis Felipe Céspedes Cifuentes; Manuel Marfán Lewis; Miguel Ángel Nacrur Gazali; Pablo García Silva; Ricardo Vicuña Poblete; Rodrigo Valdés Pulido; Sergio Lehmann Beresi; Vittorio Corbo Lioi","","NO","NO",""
"RPM-2007-09-13:1406:1","1406","2007-09-13","Vittorio Corbo Lioi","NO","SUJETO_ROL_SESION","360","2","Igal Magendzo Weinberger; Sergio Lehmann Beresi","","NO","SI","UNA_SOLA_VOZ"
"RPM-2007-09-13:1407:1","1407","2007-09-13","Vittorio Corbo Lioi","NO","SUJETO_ROL_NOMBRE","121","1","Sergio Lehmann Beresi","","NO","SI","UNA_SOLA_VOZ"
"RPM-2007-09-13:1433:1","1433","2007-09-13","Vittorio Corbo Lioi","NO","SUJETO_ROL_NOMBRE","178","1","Igal Magendzo Weinberger","","NO","SI","UNA_SOLA_VOZ"
"RPM-2007-09-13:1470:1","1470","2007-09-13","Consejo del Banco Central de Chile","SI","ACTA/META","158","2","Jorge Desormeaux Jiménez; José De Gregorio Rebeco","","NO","NO",""
"RPM-2007-10-11:1471:1","1471","2007-10-11","Consejo del Banco Central de Chile","SI","ACTA/META","1572","17","Andrés Velasco Brañes; Beltrán de Ramón Acevedo; Enrique Marshall Rivera; Enrique Orellana Cifuentes; Esteban Jadresic Marinovic; Igal Magendzo Weinberger; Jorge Desormeaux Jiménez; José De Gregorio Rebeco; Leonardo Hernández Tagle; Luis Alberto Álvarez Vallejos; Luis Felipe Céspedes Cifuentes; Manuel Marfán Lewis; Pablo García Silva; Ricardo Vicuña Poblete; Rodrigo Valdés Pulido; Sergio Lehmann Beresi; Vittorio Corbo Lioi","","NO","NO",""
"RPM-2007-10-11:1473:1","1473","2007-10-11","Vittorio Corbo Lioi","NO","SUJETO_ROL_SESION","360","2","Igal Magendzo Weinberger; Sergio Lehmann Beresi","","NO","SI","UNA_SOLA_VOZ"
"RPM-2007-10-11:1474:1","1474","2007-10-11","Vittorio Corbo Lioi","NO","SUJETO_ROL_NOMBRE","121","1","Sergio Lehmann Beresi","","NO","SI","UNA_SOLA_VOZ"
"RPM-2007-10-11:1483:1","1483","2007-10-11","Vittorio Corbo Lioi","NO","SUJETO_ROL_NOMBRE","180","1","Igal Magendzo Weinberger","","NO","SI","UNA_SOLA_VOZ"
"RPM-2007-10-11:1492:1","1492","2007-10-11","Klaus Schmidt-Hebbel Dunker","NO","SUJETO_ROL_NOMBRE","508","1","Igal Magendzo Weinberger","","NO","SI","UNA_SOLA_VOZ"
"RPM-2007-11-13:1521:1","1521","2007-11-13","Consejo del Banco Central de Chile","SI","ACTA/META","1477","17","Beltrán de Ramón Acevedo; Enrique Marshall Rivera; Enrique Orellana Cifuentes; Esteban Jadresic Marinovic; Igal Magendzo Weinberger; Jorge Desormeaux Jiménez; José De Gregorio Rebeco; Leonardo Hernández Tagle; Luis Alberto Álvarez Vallejos; Luis Felipe Céspedes Cifuentes; Manuel Marfán Lewis; María Olivia Recart Herrera; Miguel Ángel Nacrur Gazali; Pablo García Silva; Ricardo Vicuña Poblete; Sergio Lehmann Beresi; Vittorio Corbo Lioi","","NO","NO",""
"RPM-2007-11-13:1522:1","1522","2007-11-13","Vittorio Corbo Lioi","NO","SUJETO_ROL_NOMBRE","439","1","Andrés Velasco Brañes","","NO","SI","UNA_SOLA_VOZ"
"RPM-2007-11-13:1523:1","1523","2007-11-13","Vittorio Corbo Lioi","NO","SUJETO_ROL_SESION","378","2","Igal Magendzo Weinberger; Sergio Lehmann Beresi","","NO","SI","UNA_SOLA_VOZ"
"RPM-2007-11-13:1524:1","1524","2007-11-13","Vittorio Corbo Lioi","NO","SUJETO_ROL_NOMBRE","121","1","Sergio Lehmann Beresi","","NO","SI","UNA_SOLA_VOZ"
"RPM-2007-11-13:1543:1","1543","2007-11-13","Vittorio Corbo Lioi","NO","SUJETO_ROL_NOMBRE","188","1","Igal Magendzo Weinberger","","NO","SI","UNA_SOLA_VOZ"
"RPM-2007-11-13:1564:1","1564","2007-11-13","Vittorio Corbo Lioi","NO","SUJETO_ROL_SESION","849","1","María Olivia Recart Herrera","","NO","SI","DOS_VOCES"
"RPM-2007-12-13:1571:1","1571","2007-12-13","Consejo del Banco Central de Chile","SI","ACTA/META","1474","16","Andrés Velasco Brañes; Beltrán de Ramón Acevedo; Enrique Marshall Rivera; Enrique Orellana Cifuentes; Esteban Jadresic Marinovic; Igal Magendzo Weinberger; Jorge Desormeaux Jiménez; José De Gregorio Rebeco; Leonardo Hernández Tagle; Luis Alberto Álvarez Vallejos; Luis Felipe Céspedes Cifuentes; Manuel Marfán Lewis; Pablo García Silva; Ricardo Vicuña Poblete; Sebastián Claro Edwards; Sergio Lehmann Beresi","","NO","NO",""
"RPM-2007-12-13:1572:1","1572","2007-12-13","José De Gregorio Rebeco","NO","SUJETO_ROL_NOMBRE","764","3","Jorge Desormeaux Jiménez; Sebastián Claro Edwards; Sergio Lehmann Beresi","","NO","SI","UNA_SOLA_VOZ"
"RPM-2007-12-13:1587:1","1587","2007-12-13","José De Gregorio Rebeco","NO","SUJETO_ROL_NOMBRE","1009","1","Igal Magendzo Weinberger","","NO","SI","UNA_SOLA_VOZ"
"RPM-2007-12-13:1599:2","1599","2007-12-13","Consejo del Banco Central de Chile","SI","ACTA/META","190","1","Andrés Velasco Brañes","","NO","NO",""
"RPM-2007-12-13:1599:3","1599","2007-12-13","José De Gregorio Rebeco","NO","SUJETO_ROL_SESION","343","1","Jorge Desormeaux Jiménez","","NO","SI","UNA_SOLA_VOZ"
"RPM-2007-12-13:1600:1","1600","2007-12-13","Andrés Velasco Brañes","NO","SUJETO_ROL_SESION","162","1","Sebastián Claro Edwards","","NO","SI","UNA_SOLA_VOZ"
"RPM-2007-12-13:1605:1","1605","2007-12-13","José De Gregorio Rebeco","NO","SUJETO_ROL_SESION","106","1","Pablo García Silva","","NO","SI","UNA_SOLA_VOZ"
"RPM-2007-12-13:1606:1","1606","2007-12-13","José De Gregorio Rebeco","NO","SUJETO_ROL_SESION","115","1","Beltrán de Ramón Acevedo","","NO","SI","UNA_SOLA_VOZ"
"RPM-2007-12-13:1607:1","1607","2007-12-13","José De Gregorio Rebeco","NO","SUJETO_ROL_SESION","118","1","Esteban Jadresic Marinovic","","NO","SI","UNA_SOLA_VOZ"
"RPM-2007-12-13:1608:1","1608","2007-12-13","José De Gregorio Rebeco","NO","SUJETO_ROL_SESION","91","1","Leonardo Hernández Tagle","","NO","SI","UNA_SOLA_VOZ"
"RPM-2007-12-13:1608:3","1608","2007-12-13","José De Gregorio Rebeco","NO","SUJETO_ROL_NOMBRE","112","1","Andrés Velasco Brañes","","NO","SI","UNA_SOLA_VOZ"
"RPM-2007-12-13:1615:1","1615","2007-12-13","Consejo del Banco Central de Chile","SI","ACTA/META","159","2","Jorge Desormeaux Jiménez; José De Gregorio Rebeco","","NO","NO",""
"RPM-2008-01-10:1616:1","1616","2008-01-10","Consejo del Banco Central de Chile","SI","ACTA/META","1375","15","Andrés Velasco Brañes; Beltrán de Ramón Acevedo; Enrique Marshall Rivera; Enrique Orellana Cifuentes; Igal Magendzo Weinberger; Jorge Desormeaux Jiménez; José De Gregorio Rebeco; Kevin Cowan Logan; Leonardo Hernández Tagle; Luis Alberto Álvarez Vallejos; Manuel Marfán Lewis; Pablo García Silva; Ricardo Vicuña Poblete; Sebastián Claro Edwards; Sergio Lehmann Beresi","","NO","NO",""
"RPM-2008-01-10:1617:1","1617","2008-01-10","José De Gregorio Rebeco","NO","SUJETO_ROL_NOMBRE","329","1","Sergio Lehmann Beresi","","NO","SI","UNA_SOLA_VOZ"
"RPM-2008-01-10:1632:1","1632","2008-01-10","José De Gregorio Rebeco","NO","SUJETO_ROL_SESION","115","1","Beltrán de Ramón Acevedo","","NO","SI","UNA_SOLA_VOZ"
"RPM-2008-01-10:1633:1","1633","2008-01-10","José De Gregorio Rebeco","NO","SUJETO_ROL_SESION","91","1","Leonardo Hernández Tagle","","NO","SI","UNA_SOLA_VOZ"
"RPM-2008-01-10:1633:3","1633","2008-01-10","José De Gregorio Rebeco","NO","SUJETO_ROL_NOMBRE","112","1","Andrés Velasco Brañes","","NO","SI","UNA_SOLA_VOZ"
"RPM-2008-01-10:1642:1","1642","2008-01-10","Consejo del Banco Central de Chile","SI","ACTA/META","133","2","Jorge Desormeaux Jiménez; José De Gregorio Rebeco","","NO","NO",""
"RPM-2008-02-07:1643:1","1643","2008-02-07","Consejo del Banco Central de Chile","SI","ACTA/META","1346","14","Beltrán de Ramón Acevedo; Enrique Marshall Rivera; Igal Magendzo Weinberger; Jorge Desormeaux Jiménez; José De Gregorio Rebeco; Kevin Cowan Logan; Leonardo Hernández Tagle; Luis Felipe Céspedes Cifuentes; Manuel Marfán Lewis; María Olivia Recart Herrera; Pablo García Silva; Ricardo Vicuña Poblete; Sebastián Claro Edwards; Sergio Lehmann Beresi","","NO","NO",""
"RPM-2008-02-07:1644:1","1644","2008-02-07","José De Gregorio Rebeco","NO","SUJETO_ROL_NOMBRE","407","1","Sergio Lehmann Beresi","","NO","SI","UNA_SOLA_VOZ"
"RPM-2008-02-07:1650:1","1650","2008-02-07","José De Gregorio Rebeco","NO","SUJETO_ROL_NOMBRE","182","1","Igal Magendzo Weinberger","","NO","SI","UNA_SOLA_VOZ"
"RPM-2008-02-07:1673:1","1673","2008-02-07","José De Gregorio Rebeco","NO","SUJETO_ROL_SESION","106","1","Kevin Cowan Logan","","NO","SI","UNA_SOLA_VOZ"
"RPM-2008-02-07:1676:1","1676","2008-02-07","José De Gregorio Rebeco","NO","SUJETO_ROL_NOMBRE","134","1","María Olivia Recart Herrera","","NO","SI","UNA_SOLA_VOZ"
"RPM-2008-03-13:1687:1","1687","2008-03-13","Consejo del Banco Central de Chile","SI","ACTA/META","1398","16","Andrés Velasco Brañes; Beltrán de Ramón Acevedo; Enrique Marshall Rivera; Enrique Orellana Cifuentes; Igal Magendzo Weinberger; Jorge Desormeaux Jiménez; José De Gregorio Rebeco; Kevin Cowan Logan; Leonardo Hernández Tagle; Luis Alberto Álvarez Vallejos; Luis Felipe Céspedes Cifuentes; Manuel Marfán Lewis; Pablo García Silva; Ricardo Vicuña Poblete; Sebastián Claro Edwards; Sergio Lehmann Beresi","","NO","NO",""
"RPM-2008-03-13:1689:1","1689","2008-03-13","José De Gregorio Rebeco","NO","SUJETO_ROL_SESION","158","1","Sergio Lehmann Beresi","","NO","SI","UNA_SOLA_VOZ"
"RPM-2008-03-13:1704:1","1704","2008-03-13","José De Gregorio Rebeco","NO","SUJETO_ROL_NOMBRE","185","1","Igal Magendzo Weinberger","","NO","SI","UNA_SOLA_VOZ"
"RPM-2008-03-13:1744:1","1744","2008-03-13","Consejo del Banco Central de Chile","SI","ACTA/META","193","3","Enrique Marshall Rivera; Jorge Desormeaux Jiménez; José De Gregorio Rebeco","","NO","NO",""
"RPM-2008-04-10:1745:1","1745","2008-04-10","Consejo del Banco Central de Chile","SI","ACTA/META","1435","17","Andrés Velasco Brañes; Beltrán de Ramón Acevedo; Claudio Soto Gamboa; Enrique Marshall Rivera; Enrique Orellana Cifuentes; Jorge Desormeaux Jiménez; José De Gregorio Rebeco; Kevin Cowan Logan; Leonardo Hernández Tagle; Luis Alberto Álvarez Vallejos; Luis Felipe Céspedes Cifuentes; Manuel Marfán Lewis; Miguel Ángel Nacrur Gazali; Pablo García Silva; Ricardo Vicuña Poblete; Sebastián Claro Edwards; Sergio Lehmann Beresi","","NO","NO",""
"RPM-2008-04-10:1746:1","1746","2008-04-10","José De Gregorio Rebeco","NO","SUJETO_ROL_NOMBRE","549","1","Sergio Lehmann Beresi","","NO","SI","UNA_SOLA_VOZ"
"RPM-2008-04-10:1748:1","1748","2008-04-10","José De Gregorio Rebeco","NO","SUJETO_ROL_NOMBRE","205","1","Claudio Soto Gamboa","","NO","SI","UNA_SOLA_VOZ"
"RPM-2008-04-10:1777:1","1777","2008-04-10","José De Gregorio Rebeco","NO","SUJETO_ROL_SESION","85","1","Andrés Velasco Brañes","","NO","SI","UNA_SOLA_VOZ"
"RPM-2008-05-08:1786:1","1786","2008-05-08","Consejo del Banco Central de Chile","SI","ACTA/META","1277","14","Beltrán de Ramón Acevedo; Claudio Soto Gamboa; Enrique Marshall Rivera; Enrique Orellana Cifuentes; Jorge Desormeaux Jiménez; José De Gregorio Rebeco; Kevin Cowan Logan; Luis Alberto Álvarez Vallejos; Manuel Marfán Lewis; María Olivia Recart Herrera; Pablo García Silva; Ricardo Vicuña Poblete; Sebastián Claro Edwards; Sergio Lehmann Beresi","","NO","NO",""
"RPM-2008-05-08:1788:1","1788","2008-05-08","José De Gregorio Rebeco","NO","SUJETO_ROL_SESION","158","1","Sergio Lehmann Beresi","","NO","SI","UNA_SOLA_VOZ"
"RPM-2008-05-08:1815:3","1815","2008-05-08","José De Gregorio Rebeco","NO","SUJETO_ROL_NOMBRE","207","1","Claudio Soto Gamboa","","NO","SI","UNA_SOLA_VOZ"
"RPM-2008-05-08:1841:1","1841","2008-05-08","José De Gregorio Rebeco","NO","SUJETO_ROL_NOMBRE","134","1","María Olivia Recart Herrera","","NO","SI","UNA_SOLA_VOZ"
"RPM-2008-06-10:1851:1","1851","2008-06-10","Consejo del Banco Central de Chile","SI","ACTA/META","1379","16","Beltrán de Ramón Acevedo; Claudio Soto Gamboa; Enrique Marshall Rivera; Enrique Orellana Cifuentes; Jorge Desormeaux Jiménez; José De Gregorio Rebeco; Kevin Cowan Logan; Leonardo Hernández Tagle; Luis Alberto Álvarez Vallejos; Luis Felipe Céspedes Cifuentes; Manuel Marfán Lewis; Matías Bernier Bórquez; Pablo García Silva; Ricardo Vicuña Poblete; Sebastián Claro Edwards; Sergio Lehmann Beresi","","NO","NO",""
"RPM-2008-06-10:1853:1","1853","2008-06-10","José De Gregorio Rebeco","NO","SUJETO_ROL_SESION","158","1","Sergio Lehmann Beresi","","NO","SI","UNA_SOLA_VOZ"
"RPM-2008-06-10:1871:4","1871","2008-06-10","José De Gregorio Rebeco","NO","SUJETO_ROL_NOMBRE","192","1","Claudio Soto Gamboa","","NO","SI","UNA_SOLA_VOZ"
"RPM-2008-07-10:1914:1","1914","2008-07-10","Consejo del Banco Central de Chile","SI","ACTA/META","1449","15","Andrés Velasco Brañes; Beltrán de Ramón Acevedo; Claudio Soto Gamboa; Enrique Marshall Rivera; Enrique Orellana Cifuentes; Jorge Desormeaux Jiménez; José De Gregorio Rebeco; Leonardo Hernández Tagle; Luis Alberto Álvarez Vallejos; Luis Felipe Céspedes Cifuentes; Manuel Marfán Lewis; Matías Bernier Bórquez; Pablo García Silva; Sebastián Claro Edwards; Sergio Lehmann Beresi","","NO","NO",""
"RPM-2008-07-10:1916:1","1916","2008-07-10","José De Gregorio Rebeco","NO","SUJETO_ROL_SESION","158","1","Sergio Lehmann Beresi","","NO","SI","UNA_SOLA_VOZ"
"RPM-2008-07-10:1928:1","1928","2008-07-10","José De Gregorio Rebeco","NO","SUJETO_ROL_NOMBRE","176","1","Claudio Soto Gamboa","","NO","SI","UNA_SOLA_VOZ"
"RPM-2008-08-14:1978:1","1978","2008-08-14","Consejo del Banco Central de Chile","SI","ACTA/META","1543","17","Andrés Velasco Brañes; Beltrán de Ramón Acevedo; Claudio Soto Gamboa; Enrique Marshall Rivera; Enrique Orellana Cifuentes; Jorge Desormeaux Jiménez; José De Gregorio Rebeco; Kevin Cowan Logan; Leonardo Hernández Tagle; Luis Alberto Álvarez Vallejos; Luis Felipe Céspedes Cifuentes; Manuel Marfán Lewis; Matías Bernier Bórquez; Pablo García Silva; Ricardo Vicuña Poblete; Sebastián Claro Edwards; Sergio Lehmann Beresi","","NO","NO",""
"RPM-2008-08-14:1980:1","1980","2008-08-14","José De Gregorio Rebeco","NO","SUJETO_ROL_SESION","158","1","Sergio Lehmann Beresi","","NO","SI","UNA_SOLA_VOZ"
"RPM-2008-08-14:2006:1","2006","2008-08-14","José De Gregorio Rebeco","NO","SUJETO_ROL_NOMBRE","179","1","Claudio Soto Gamboa","","NO","SI","UNA_SOLA_VOZ"
"RPM-2008-08-14:2046:1","2046","2008-08-14","Consejo del Banco Central de Chile","SI","ACTA/META","159","2","Jorge Desormeaux Jiménez; José De Gregorio Rebeco","","NO","NO",""
"RPM-2008-09-04:2047:1","2047","2008-09-04","Consejo del Banco Central de Chile","SI","ACTA/META","1613","16","Andrés Velasco Brañes; Beltrán de Ramón Acevedo; Claudio Soto Gamboa; Enrique Marshall Rivera; Enrique Orellana Cifuentes; Jorge Desormeaux Jiménez; José De Gregorio Rebeco; Leonardo Hernández Tagle; Luis Alberto Álvarez Vallejos; Luis Felipe Céspedes Cifuentes; Manuel Marfán Lewis; Matías Bernier Bórquez; Miguel Ángel Nacrur Gazali; Pablo García Silva; Sebastián Claro Edwards; Sergio Lehmann Beresi","","NO","NO",""
"RPM-2008-09-04:2049:1","2049","2008-09-04","José De Gregorio Rebeco","NO","SUJETO_ROL_SESION","158","1","Sergio Lehmann Beresi","","NO","SI","UNA_SOLA_VOZ"
"RPM-2008-09-04:2056:3","2056","2008-09-04","José De Gregorio Rebeco","NO","SUJETO_ROL_NOMBRE","195","1","Claudio Soto Gamboa","","NO","SI","UNA_SOLA_VOZ"
"RPM-2008-09-04:2100:1","2100","2008-09-04","Consejo del Banco Central de Chile","SI","ACTA/META","195","3","Enrique Marshall Rivera; Jorge Desormeaux Jiménez; José De Gregorio Rebeco","","NO","NO",""
"RPM-2008-10-09:2101:1","2101","2008-10-09","Consejo del Banco Central de Chile","SI","ACTA/META","1500","14","Andrés Velasco Brañes; Beltrán de Ramón Acevedo; Claudio Soto Gamboa; Enrique Marshall Rivera; Jorge Desormeaux Jiménez; José De Gregorio Rebeco; Kevin Cowan Logan; Luis Alberto Álvarez Vallejos; Luis Felipe Céspedes Cifuentes; Manuel Marfán Lewis; Matías Bernier Bórquez; Pablo García Silva; Ricardo Vicuña Poblete; Sebastián Claro Edwards","","NO","NO",""
"RPM-2008-10-09:2112:4","2112","2008-10-09","José De Gregorio Rebeco","NO","SUJETO_ROL_NOMBRE","279","1","Pablo García Silva","","NO","SI","UNA_SOLA_VOZ"
"RPM-2008-10-09:2114:1","2114","2008-10-09","José De Gregorio Rebeco","NO","SUJETO_ROL_NOMBRE","181","1","Pablo García Silva","","NO","SI","UNA_SOLA_VOZ"
"RPM-2008-10-09:2127:1","2127","2008-10-09","Consejo del Banco Central de Chile","SI","ACTA/META","2740","2","Enrique Marshall Rivera; Jorge Desormeaux Jiménez","","NO","NO",""
"RPM-2008-11-13:2128:1","2128","2008-11-13","Consejo del Banco Central de Chile","SI","ACTA/META","1513","17","Andrés Velasco Brañes; Beltrán de Ramón Acevedo; Claudio Soto Gamboa; Enrique Marshall Rivera; Enrique Orellana Cifuentes; Jorge Desormeaux Jiménez; José De Gregorio Rebeco; Kevin Cowan Logan; Leonardo Hernández Tagle; Luis Alberto Álvarez Vallejos; Luis Felipe Céspedes Cifuentes; Manuel Marfán Lewis; Matías Bernier Bórquez; Pablo García Silva; Ricardo Vicuña Poblete; Sebastián Claro Edwards; Sergio Lehmann Beresi","","NO","NO",""
"RPM-2008-11-13:2129:1","2129","2008-11-13","José De Gregorio Rebeco","NO","SUJETO_ROL_NOMBRE","175","1","Sergio Lehmann Beresi","","NO","SI","UNA_SOLA_VOZ"
"RPM-2008-11-13:2137:1","2137","2008-11-13","José De Gregorio Rebeco","NO","SUJETO_ROL_NOMBRE","179","1","Claudio Soto Gamboa","","NO","SI","UNA_SOLA_VOZ"
"RPM-2008-11-13:2174:1","2174","2008-11-13","Consejo del Banco Central de Chile","SI","ACTA/META","159","2","Jorge Desormeaux Jiménez; José De Gregorio Rebeco","","NO","NO",""
"RPM-2008-12-11:2175:1","2175","2008-12-11","Consejo del Banco Central de Chile","SI","ACTA/META","1466","17","Andrés Velasco Brañes; Beltrán de Ramón Acevedo; Claudio Soto Gamboa; Enrique Marshall Rivera; Enrique Orellana Cifuentes; Jorge Desormeaux Jiménez; José De Gregorio Rebeco; Kevin Cowan Logan; Luis Alberto Álvarez Vallejos; Luis Felipe Céspedes Cifuentes; Manuel Marfán Lewis; Matías Bernier Bórquez; Miguel Ángel Nacrur Gazali; Pablo García Silva; Ricardo Vicuña Poblete; Sebastián Claro Edwards; Sergio Lehmann Beresi","","NO","NO",""
"RPM-2008-12-11:2176:1","2176","2008-12-11","José De Gregorio Rebeco","NO","SUJETO_ROL_NOMBRE","705","1","Sergio Lehmann Beresi","","NO","SI","UNA_SOLA_VOZ"
"RPM-2008-12-11:2204:1","2204","2008-12-11","José De Gregorio Rebeco","NO","SUJETO_ROL_NOMBRE","179","1","Claudio Soto Gamboa","","NO","SI","UNA_SOLA_VOZ"
"RPM-2009-01-08:2255:1","2255","2009-01-08","Consejo del Banco Central de Chile","SI","ACTA/META","1459","16","Andrés Velasco Brañes; Beltrán de Ramón Acevedo; Claudio Soto Gamboa; Enrique Marshall Rivera; Enrique Orellana Cifuentes; Jorge Desormeaux Jiménez; José De Gregorio Rebeco; Kevin Cowan Logan; Luis Alberto Álvarez Vallejos; Luis Felipe Céspedes Cifuentes; Manuel Marfán Lewis; Matías Bernier Bórquez; Pablo García Silva; Ricardo Vicuña Poblete; Sebastián Claro Edwards; Sergio Lehmann Beresi","","NO","NO",""
"RPM-2009-01-08:2256:1","2256","2009-01-08","José De Gregorio Rebeco","NO","SUJETO_ROL_NOMBRE","313","1","Andrés Velasco Brañes","","NO","SI","UNA_SOLA_VOZ"
"RPM-2009-01-08:2257:1","2257","2009-01-08","José De Gregorio Rebeco","NO","SUJETO_ROL_SESION","153","1","Sergio Lehmann Beresi","","NO","SI","UNA_SOLA_VOZ"
"RPM-2009-01-08:2300:1","2300","2009-01-08","Consejo del Banco Central de Chile","SI","ACTA/META","159","2","Jorge Desormeaux Jiménez; José De Gregorio Rebeco","","NO","NO",""
"RPM-2009-02-12:2301:1","2301","2009-02-12","Consejo del Banco Central de Chile","SI","ACTA/META","1497","15","Beltrán de Ramón Acevedo; Claudio Soto Gamboa; Enrique Marshall Rivera; Jorge Desormeaux Jiménez; José De Gregorio Rebeco; Kevin Cowan Logan; Luis Alberto Álvarez Vallejos; Manuel Marfán Lewis; María Olivia Recart Herrera; Matías Bernier Bórquez; Miguel Ángel Nacrur Gazali; Pablo García Silva; Ricardo Vicuña Poblete; Sebastián Claro Edwards; Sergio Lehmann Beresi","","NO","NO",""
"RPM-2009-02-12:2302:1","2302","2009-02-12","José De Gregorio Rebeco","NO","SUJETO_ROL_NOMBRE","382","1","María Olivia Recart Herrera","","NO","SI","UNA_SOLA_VOZ"
"RPM-2009-02-12:2303:1","2303","2009-02-12","José De Gregorio Rebeco","NO","SUJETO_ROL_SESION","163","1","Sergio Lehmann Beresi","","NO","SI","UNA_SOLA_VOZ"
"RPM-2009-02-12:2328:1","2328","2009-02-12","José De Gregorio Rebeco","NO","SUJETO_ROL_NOMBRE","400","1","María Olivia Recart Herrera","","NO","SI","UNA_SOLA_VOZ"
"RPM-2009-02-12:2332:1","2332","2009-02-12","José De Gregorio Rebeco","NO","SUJETO_ROL_NOMBRE","394","1","Claudio Soto Gamboa","","NO","SI","UNA_SOLA_VOZ"
"RPM-2009-02-12:2369:1","2369","2009-02-12","José De Gregorio Rebeco","NO","SUJETO_ROL_NOMBRE","230","1","María Olivia Recart Herrera","","NO","SI","UNA_SOLA_VOZ"
"RPM-2009-03-12:2383:1","2383","2009-03-12","Consejo del Banco Central de Chile","SI","ACTA/META","1591","16","Andrés Velasco Brañes; Beltrán de Ramón Acevedo; Claudio Soto Gamboa; Enrique Marshall Rivera; Enrique Orellana Cifuentes; Jorge Desormeaux Jiménez; José De Gregorio Rebeco; Kevin Cowan Logan; Luis Alberto Álvarez Vallejos; Luis Felipe Céspedes Cifuentes; Manuel Marfán Lewis; Matías Bernier Bórquez; Pablo García Silva; Ricardo Vicuña Poblete; Sebastián Claro Edwards; Sergio Lehmann Beresi","","NO","NO",""
"RPM-2009-03-12:2384:1","2384","2009-03-12","José De Gregorio Rebeco","NO","SUJETO_ROL_NOMBRE","391","2","Andrés Velasco Brañes; Sergio Lehmann Beresi","","NO","SI","UNA_SOLA_VOZ"
"RPM-2009-03-12:2397:1","2397","2009-03-12","Sebastián Claro Edwards","NO","SUJETO_ROL_NOMBRE","1537","1","Sergio Lehmann Beresi","POSIBLE_OTRO_HABLANTE_O_MENCION","SI","SI","UNA_SOLA_VOZ"
"RPM-2009-03-12:2399:2","2399","2009-03-12","José De Gregorio Rebeco","NO","SUJETO_ROL_NOMBRE","181","1","Claudio Soto Gamboa","","NO","SI","UNA_SOLA_VOZ"
"RPM-2009-03-12:2432:1","2432","2009-03-12","José De Gregorio Rebeco","NO","SUJETO_ROL_NOMBRE","195","1","Andrés Velasco Brañes","","NO","SI","UNA_SOLA_VOZ"
"RPM-2009-03-12:2439:1","2439","2009-03-12","Consejo del Banco Central de Chile","SI","ACTA/META","158","2","Jorge Desormeaux Jiménez; José De Gregorio Rebeco","","NO","NO",""
"RPM-2009-04-09:2440:1","2440","2009-04-09","Consejo del Banco Central de Chile","SI","ACTA/META","1543","17","Andrés Velasco Brañes; Beltrán de Ramón Acevedo; Claudio Soto Gamboa; Enrique Marshall Rivera; Enrique Orellana Cifuentes; Igal Magendzo Weinberger; Jorge Desormeaux Jiménez; José De Gregorio Rebeco; Kevin Cowan Logan; Luis Alberto Álvarez Vallejos; Luis Felipe Céspedes Cifuentes; Manuel Marfán Lewis; Matías Bernier Bórquez; Pablo García Silva; Ricardo Vicuña Poblete; Sebastián Claro Edwards; Sergio Lehmann Beresi","","NO","NO",""
"RPM-2009-04-09:2441:1","2441","2009-04-09","José De Gregorio Rebeco","NO","SUJETO_ROL_NOMBRE","240","1","Sergio Lehmann Beresi","","NO","SI","UNA_SOLA_VOZ"
"RPM-2009-04-09:2460:1","2460","2009-04-09","José De Gregorio Rebeco","NO","SUJETO_ROL_NOMBRE","233","1","Sergio Lehmann Beresi","","NO","SI","UNA_SOLA_VOZ"
"RPM-2009-04-09:2487:1","2487","2009-04-09","Enrique Marshall Rivera","NO","SUJETO_ROL_NOMBRE","1012","1","Kevin Cowan Logan","","NO","SI","UNA_SOLA_VOZ"
"RPM-2009-04-09:2490:1","2490","2009-04-09","José De Gregorio Rebeco","NO","SUJETO_ROL_SESION","161","1","Pablo García Silva","","NO","SI","UNA_SOLA_VOZ"
"RPM-2009-04-09:2491:1","2491","2009-04-09","José De Gregorio Rebeco","NO","SUJETO_ROL_NOMBRE","181","1","Pablo García Silva","","NO","SI","UNA_SOLA_VOZ"
"RPM-2009-04-09:2502:1","2502","2009-04-09","Consejo del Banco Central de Chile","SI","ACTA/META","158","2","Jorge Desormeaux Jiménez; José De Gregorio Rebeco","","NO","NO",""
"RPM-2009-05-07:2503:1","2503","2009-05-07","Consejo del Banco Central de Chile","SI","ACTA/META","1497","16","Andrés Velasco Brañes; Beltrán de Ramón Acevedo; Claudio Soto Gamboa; Enrique Marshall Rivera; Igal Magendzo Weinberger; Jorge Desormeaux Jiménez; José De Gregorio Rebeco; Kevin Cowan Logan; Luis Alberto Álvarez Vallejos; Luis Felipe Céspedes Cifuentes; Manuel Marfán Lewis; Matías Bernier Bórquez; Pablo García Silva; Ricardo Vicuña Poblete; Sebastián Claro Edwards; Sergio Lehmann Beresi","","NO","NO",""
"RPM-2009-05-07:2505:1","2505","2009-05-07","José De Gregorio Rebeco","NO","SUJETO_ROL_SESION","161","1","Sergio Lehmann Beresi","","NO","SI","UNA_SOLA_VOZ"
"RPM-2009-05-07:2551:1","2551","2009-05-07","Consejo del Banco Central de Chile","SI","ACTA/META","134","1","Jorge Desormeaux Jiménez","","NO","NO",""
"RPM-2009-06-16:2552:1","2552","2009-06-16","Consejo del Banco Central de Chile","SI","ACTA/META","1532","17","Beltrán de Ramón Acevedo; Claudio Soto Gamboa; Enrique Marshall Rivera; Enrique Orellana Cifuentes; Igal Magendzo Weinberger; Jorge Desormeaux Jiménez; José De Gregorio Rebeco; Kevin Cowan Logan; Luis Alberto Álvarez Vallejos; Luis Felipe Céspedes Cifuentes; Manuel Marfán Lewis; Matías Bernier Bórquez; Miguel Ángel Nacrur Gazali; Pablo García Silva; Ricardo Vicuña Poblete; Sebastián Claro Edwards; Sergio Lehmann Beresi","","NO","NO",""
"RPM-2009-06-16:2554:1","2554","2009-06-16","José De Gregorio Rebeco","NO","SUJETO_ROL_SESION","163","1","Sergio Lehmann Beresi","","NO","SI","UNA_SOLA_VOZ"
"RPM-2009-07-09:2604:1","2604","2009-07-09","Consejo del Banco Central de Chile","SI","ACTA/META","1565","18","Andrés Velasco Brañes; Beltrán de Ramón Acevedo; Claudio Soto Gamboa; Enrique Marshall Rivera; Enrique Orellana Cifuentes; Igal Magendzo Weinberger; Jorge Desormeaux Jiménez; José De Gregorio Rebeco; Kevin Cowan Logan; Luis Alberto Álvarez Vallejos; Luis Felipe Céspedes Cifuentes; Manuel Marfán Lewis; Matías Bernier Bórquez; Miguel Ángel Nacrur Gazali; Pablo García Silva; Ricardo Vicuña Poblete; Sebastián Claro Edwards; Sergio Lehmann Beresi","","NO","NO",""
"RPM-2009-07-09:2605:1","2605","2009-07-09","José De Gregorio Rebeco","NO","SUJETO_ROL_NOMBRE","434","1","Sergio Lehmann Beresi","","NO","SI","UNA_SOLA_VOZ"
"RPM-2009-07-09:2614:1","2614","2009-07-09","José De Gregorio Rebeco","NO","SUJETO_ROL_NOMBRE","259","1","Sergio Lehmann Beresi","","NO","SI","UNA_SOLA_VOZ"
"RPM-2009-08-13:2656:1","2656","2009-08-13","Consejo del Banco Central de Chile","SI","ACTA/META","1566","16","Andrés Velasco Brañes; Beltrán de Ramón Acevedo; Claudio Soto Gamboa; Enrique Marshall Rivera; Enrique Orellana Cifuentes; Igal Magendzo Weinberger; Jorge Desormeaux Jiménez; José De Gregorio Rebeco; Kevin Cowan Logan; Luis Alberto Álvarez Vallejos; Luis Felipe Céspedes Cifuentes; Matías Bernier Bórquez; Pablo García Silva; Ricardo Vicuña Poblete; Sebastián Claro Edwards; Sergio Lehmann Beresi","","NO","NO",""
"RPM-2009-08-13:2658:1","2658","2009-08-13","José De Gregorio Rebeco","NO","SUJETO_ROL_SESION","158","1","Sergio Lehmann Beresi","","NO","SI","UNA_SOLA_VOZ"
"RPM-2009-09-08:2689:1","2689","2009-09-08","Consejo del Banco Central de Chile","SI","ACTA/META","1633","18","Andrés Velasco Brañes; Beltrán de Ramón Acevedo; Claudio Soto Gamboa; Enrique Marshall Rivera; Enrique Orellana Cifuentes; Igal Magendzo Weinberger; Jorge Desormeaux Jiménez; José De Gregorio Rebeco; Kevin Cowan Logan; Luis Alberto Álvarez Vallejos; Luis Felipe Céspedes Cifuentes; Manuel Marfán Lewis; Matías Bernier Bórquez; Miguel Ángel Nacrur Gazali; Pablo García Silva; Ricardo Vicuña Poblete; Sebastián Claro Edwards; Sergio Lehmann Beresi","","NO","NO",""
"RPM-2009-09-08:2691:1","2691","2009-09-08","José De Gregorio Rebeco","NO","SUJETO_ROL_SESION","158","1","Sergio Lehmann Beresi","","NO","SI","UNA_SOLA_VOZ"
"RPM-2009-09-08:2693:1","2693","2009-09-08","José De Gregorio Rebeco","NO","SUJETO_ROL_SESION","90","1","Sergio Lehmann Beresi","","NO","SI","UNA_SOLA_VOZ"
"RPM-2009-09-08:2712:1","2712","2009-09-08","Consejo del Banco Central de Chile","SI","ACTA/META","135","1","Jorge Desormeaux Jiménez","","NO","NO",""
"RPM-2009-10-13:2713:1","2713","2009-10-13","Consejo del Banco Central de Chile","SI","ACTA/META","1463","18","Andrés Velasco Brañes; Beltrán de Ramón Acevedo; Claudio Soto Gamboa; Enrique Marshall Rivera; Enrique Orellana Cifuentes; Igal Magendzo Weinberger; Jorge Desormeaux Jiménez; José De Gregorio Rebeco; Kevin Cowan Logan; Luis Alberto Álvarez Vallejos; Luis Felipe Céspedes Cifuentes; Manuel Marfán Lewis; Matías Bernier Bórquez; Miguel Ángel Nacrur Gazali; Pablo García Silva; Ricardo Vicuña Poblete; Sebastián Claro Edwards; Sergio Lehmann Beresi","","NO","NO",""
"RPM-2009-10-13:2715:1","2715","2009-10-13","José De Gregorio Rebeco","NO","SUJETO_ROL_SESION","158","1","Sergio Lehmann Beresi","","NO","SI","UNA_SOLA_VOZ"
"RPM-2009-10-13:2728:1","2728","2009-10-13","José De Gregorio Rebeco","NO","SUJETO_ROL_NOMBRE","126","1","Sergio Lehmann Beresi","","NO","SI","UNA_SOLA_VOZ"
"RPM-2009-10-13:2760:1","2760","2009-10-13","Consejo del Banco Central de Chile","SI","ACTA/META","159","2","Jorge Desormeaux Jiménez; José De Gregorio Rebeco","","NO","NO",""
"RPM-2009-11-12:2761:1","2761","2009-11-12","Consejo del Banco Central de Chile","SI","ACTA/META","1474","16","Andrés Velasco Brañes; Beltrán de Ramón Acevedo; Claudio Soto Gamboa; Enrique Marshall Rivera; Enrique Orellana Cifuentes; Igal Magendzo Weinberger; Jorge Desormeaux Jiménez; José De Gregorio Rebeco; Kevin Cowan Logan; Luis Alberto Álvarez Vallejos; Manuel Marfán Lewis; Matías Bernier Bórquez; Miguel Ángel Nacrur Gazali; Ricardo Vicuña Poblete; Sebastián Claro Edwards; Sergio Lehmann Beresi","","NO","NO",""
"RPM-2009-11-12:2762:1","2762","2009-11-12","José De Gregorio Rebeco","NO","SUJETO_ROL_SESION","1520","1","Sergio Lehmann Beresi","","NO","SI","UNA_SOLA_VOZ"
"RPM-2009-11-12:2766:1","2766","2009-11-12","José De Gregorio Rebeco","NO","SUJETO_ROL_NOMBRE","126","1","Sergio Lehmann Beresi","","NO","SI","UNA_SOLA_VOZ"
"RPM-2009-11-12:2794:1","2794","2009-11-12","José De Gregorio Rebeco","NO","SUJETO_ROL_SESION","138","1","Beltrán de Ramón Acevedo","","NO","SI","UNA_SOLA_VOZ"
"RPM-2009-11-12:2802:1","2802","2009-11-12","Consejo del Banco Central de Chile","SI","ACTA/META","209","3","Enrique Marshall Rivera; Jorge Desormeaux Jiménez; José De Gregorio Rebeco","","NO","NO",""
"RPM-2009-12-15:2803:1","2803","2009-12-15","Consejo del Banco Central de Chile","SI","ACTA/META","1445","16","Alberto Arenas de Mesa; Beltrán de Ramón Acevedo; Claudio Soto Gamboa; Enrique Marshall Rivera; Enrique Orellana Cifuentes; Igal Magendzo Weinberger; José De Gregorio Rebeco; Kevin Cowan Logan; Luis Alberto Álvarez Vallejos; Luis Felipe Céspedes Cifuentes; Manuel Marfán Lewis; Matías Bernier Bórquez; Pablo García Silva; Ricardo Vicuña Poblete; Sebastián Claro Edwards; Sergio Lehmann Beresi","FINAL_SIN_PUNTUACION","NO","NO",""
"RPM-2009-12-15:2804:1","2804","2009-12-15","José De Gregorio Rebeco","NO","SUJETO_ROL_SESION","158","1","Sergio Lehmann Beresi","","NO","SI","UNA_SOLA_VOZ"
"RPM-2009-12-15:2811:1","2811","2009-12-15","José De Gregorio Rebeco","NO","SUJETO_ROL_NOMBRE","124","1","Sergio Lehmann Beresi","","NO","SI","UNA_SOLA_VOZ"
"RPM-2009-12-15:2830:2","2830","2009-12-15","Consejo del Banco Central de Chile","SI","ACTA/META","426","1","Alberto Arenas de Mesa","","NO","NO",""
"RPM-2009-12-15:2830:3","2830","2009-12-15","José De Gregorio Rebeco","NO","SUJETO_ROL_NOMBRE","181","1","Pablo García Silva","","NO","SI","UNA_SOLA_VOZ"
"RPM-2009-12-15:2832:1","2832","2009-12-15","José De Gregorio Rebeco","NO","SUJETO_ROL_NOMBRE","208","1","Pablo García Silva","","NO","SI","UNA_SOLA_VOZ"
"RPM-2009-12-15:2834:1","2834","2009-12-15","José De Gregorio Rebeco","NO","SUJETO_ROL_SESION","154","1","Alberto Arenas de Mesa","","NO","SI","UNA_SOLA_VOZ"
"RPM-2010-01-14:2841:1","2841","2010-01-14","Consejo del Banco Central de Chile","SI","ACTA/META","1570","15","Andrés Velasco Brañes; Beltrán de Ramón Acevedo; Claudio Soto Gamboa; Enrique Marshall Rivera; Enrique Orellana Cifuentes; Igal Magendzo Weinberger; José De Gregorio Rebeco; Luis Felipe Céspedes Cifuentes; Manuel Marfán Lewis; Matías Bernier Bórquez; Pablo García Silva; Ricardo Vicuña Poblete; Rodrigo Vergara Montes; Sebastián Claro Edwards; Sergio Lehmann Beresi","","NO","NO",""
"RPM-2010-01-14:2843:1","2843","2010-01-14","José De Gregorio Rebeco","NO","SUJETO_ROL_SESION","158","1","Sergio Lehmann Beresi","","NO","SI","UNA_SOLA_VOZ"
"RPM-2010-01-14:2888:1","2888","2010-01-14","Consejo del Banco Central de Chile","SI","ACTA/META","119","1","José De Gregorio Rebeco","","NO","NO",""
"RPM-2010-02-11:2889:1","2889","2010-02-11","Consejo del Banco Central de Chile","SI","ACTA/META","1487","15","Ari Aisen; Beltrán de Ramón Acevedo; Claudio Soto Gamboa; Enrique Marshall Rivera; Enrique Orellana Cifuentes; José De Gregorio Rebeco; Kevin Cowan Logan; Manuel Marfán Lewis; Miguel Ángel Nacrur Gazali; Pablo García Silva; Pablo Pincheira Brown; Ricardo Vicuña Poblete; Rodrigo Vergara Montes; Sebastián Claro Edwards; Sergio Lehmann Beresi","","NO","NO",""
"RPM-2010-02-11:2891:1","2891","2010-02-11","José De Gregorio Rebeco","NO","SUJETO_ROL_SESION","270","1","Sergio Lehmann Beresi","","NO","SI","UNA_SOLA_VOZ"
"RPM-2010-02-11:2933:1","2933","2010-02-11","Claudio Soto Gamboa","NO","SUJETO_NOMBRE","2726","1","Sergio Lehmann Beresi","","NO","SI","UNA_SOLA_VOZ"
"RPM-2010-02-11:2958:2","2958","2010-02-11","José De Gregorio Rebeco","NO","CONTEXTO_REVISADO","224","1","Pablo García Silva","","NO","SI","UNA_SOLA_VOZ"
"RPM-2010-02-11:2959:2","2959","2010-02-11","José De Gregorio Rebeco","NO","SUJETO_ROL_SESION","120","1","Pablo García Silva","","NO","SI","UNA_SOLA_VOZ"
"RPM-2010-02-11:2960:2","2960","2010-02-11","José De Gregorio Rebeco","NO","SUJETO_ROL_SESION","1275","1","Beltrán de Ramón Acevedo","","NO","SI","DOS_VOCES"
"RPM-2010-02-11:2968:1","2968","2010-02-11","Consejo del Banco Central de Chile","SI","ACTA/META","119","1","José De Gregorio Rebeco","","NO","NO",""
"RPM-2010-03-18:2969:1","2969","2010-03-18","Consejo del Banco Central de Chile","SI","ACTA/META","1661","17","Beltrán de Ramón Acevedo; Claudio Soto Gamboa; Enrique Marshall Rivera; Enrique Orellana Cifuentes; Felipe Larraín Bascuñán; José De Gregorio Rebeco; Luis Alberto Álvarez Vallejos; Luis Felipe Céspedes Cifuentes; Manuel Marfán Lewis; Matías Bernier Bórquez; Miguel Ángel Nacrur Gazali; Pablo García Silva; Ricardo Vicuña Poblete; Rodrigo Cerda Norambuena; Rodrigo Vergara Montes; Sebastián Claro Edwards; Sergio Lehmann Beresi","","NO","NO",""
"RPM-2010-03-18:3012:1","3012","2010-03-18","José De Gregorio Rebeco","NO","SUJETO_ROL_SESION","109","1","Beltrán de Ramón Acevedo","FINAL_SIN_PUNTUACION","NO","SI","UNA_SOLA_VOZ"
"RPM-2010-03-18:3022:1","3022","2010-03-18","Consejo del Banco Central de Chile","SI","ACTA/META","154","2","José De Gregorio Rebeco; Manuel Marfán Lewis","","NO","NO",""
"RPM-2010-04-15:3023:1","3023","2010-04-15","Consejo del Banco Central de Chile","SI","ACTA/META","1534","18","Beltrán de Ramón Acevedo; Claudio Soto Gamboa; Enrique Marshall Rivera; Enrique Orellana Cifuentes; José De Gregorio Rebeco; Kevin Cowan Logan; Luis Alberto Álvarez Vallejos; Luis Opazo Roco; Manuel Marfán Lewis; Matías Bernier Bórquez; Miguel Ángel Nacrur Gazali; Pablo García Silva; Pablo Pincheira Brown; Ricardo Vicuña Poblete; Rodrigo Cerda Norambuena; Rodrigo Vergara Montes; Sebastián Claro Edwards; Sergio Lehmann Beresi","","NO","NO",""
"RPM-2010-05-13:3079:1","3079","2010-05-13","Consejo del Banco Central de Chile","SI","ACTA/META","1675","19","Beltrán de Ramón Acevedo; Claudio Soto Gamboa; Enrique Marshall Rivera; Enrique Orellana Cifuentes; Felipe Larraín Bascuñán; José De Gregorio Rebeco; Kevin Cowan Logan; Luis Alberto Álvarez Vallejos; Luis Felipe Céspedes Cifuentes; Luis Opazo Roco; Manuel Marfán Lewis; Matías Bernier Bórquez; Miguel Ángel Nacrur Gazali; Pablo García Silva; Ricardo Vicuña Poblete; Rodrigo Cerda Norambuena; Rodrigo Vergara Montes; Sebastián Claro Edwards; Sergio Lehmann Beresi","","NO","NO",""
"RPM-2010-05-13:3080:1","3080","2010-05-13","José De Gregorio Rebeco","NO","SUJETO_ROL_NOMBRE","494","1","Sergio Lehmann Beresi","","NO","SI","UNA_SOLA_VOZ"
"RPM-2010-05-13:3083:2","3083","2010-05-13","José De Gregorio Rebeco","NO","SUJETO_ROL_SESION","122","1","Sergio Lehmann Beresi","","NO","SI","UNA_SOLA_VOZ"
"RPM-2010-05-13:3117:1","3117","2010-05-13","José De Gregorio Rebeco","NO","SUJETO_ROL_SESION","176","2","Beltrán de Ramón Acevedo; Luis Felipe Céspedes Cifuentes","","NO","SI","UNA_SOLA_VOZ"
"RPM-2010-06-15:3128:1","3128","2010-06-15","Consejo del Banco Central de Chile","SI","ACTA/META","1641","19","Beltrán de Ramón Acevedo; Claudio Soto Gamboa; Enrique Marshall Rivera; Enrique Orellana Cifuentes; Felipe Larraín Bascuñán; José De Gregorio Rebeco; Kevin Cowan Logan; Luis Alberto Álvarez Vallejos; Luis Felipe Céspedes Cifuentes; Luis Opazo Roco; Manuel Marfán Lewis; Matías Bernier Bórquez; Miguel Ángel Nacrur Gazali; Pablo García Silva; Ricardo Vicuña Poblete; Rodrigo Cerda Norambuena; Rodrigo Vergara Montes; Sebastián Claro Edwards; Sergio Lehmann Beresi","","NO","NO",""
"RPM-2010-06-15:3129:1","3129","2010-06-15","José De Gregorio Rebeco","NO","SUJETO_ROL_NOMBRE","500","1","Sergio Lehmann Beresi","","NO","SI","UNA_SOLA_VOZ"
"RPM-2010-06-15:3141:1","3141","2010-06-15","José De Gregorio Rebeco","NO","SUJETO_ROL_SESION","122","1","Sergio Lehmann Beresi","","NO","SI","UNA_SOLA_VOZ"
"RPM-2010-07-15:3207:1","3207","2010-07-15","Consejo del Banco Central de Chile","SI","ACTA/META","1510","18","Beltrán de Ramón Acevedo; Claudio Soto Gamboa; Enrique Marshall Rivera; Enrique Orellana Cifuentes; José De Gregorio Rebeco; Kevin Cowan Logan; Luis Alberto Álvarez Vallejos; Luis Felipe Céspedes Cifuentes; Manuel Marfán Lewis; Matías Bernier Bórquez; Miguel Ángel Nacrur Gazali; Pablo García Silva; Ricardo Vicuña Poblete; Rodrigo Cerda Norambuena; Rodrigo Vergara Montes; Rodrigo Álvarez Zenteno; Sebastián Claro Edwards; Sergio Lehmann Beresi","","NO","NO",""
"RPM-2010-07-15:3208:1","3208","2010-07-15","José De Gregorio Rebeco","NO","SUJETO_ROL_NOMBRE","686","1","Sergio Lehmann Beresi","","NO","SI","UNA_SOLA_VOZ"
"RPM-2010-07-15:3277:2","3277","2010-07-15","Consejo del Banco Central de Chile","SI","ACTA/META","1562","2","Enrique Marshall Rivera; José De Gregorio Rebeco","","NO","NO",""
"RPM-2010-08-12:3278:1","3278","2010-08-12","Consejo del Banco Central de Chile","SI","ACTA/META","1631","17","Beltrán de Ramón Acevedo; Claudio Soto Gamboa; Enrique Marshall Rivera; Enrique Orellana Cifuentes; Felipe Larraín Bascuñán; José De Gregorio Rebeco; Luis Alberto Álvarez Vallejos; Luis Felipe Céspedes Cifuentes; Luis Opazo Roco; Manuel Marfán Lewis; Matías Bernier Bórquez; Pablo García Silva; Ricardo Vicuña Poblete; Rodrigo Cerda Norambuena; Rodrigo Vergara Montes; Sebastián Claro Edwards; Sergio Lehmann Beresi","","NO","NO",""
"RPM-2010-08-12:3279:1","3279","2010-08-12","José De Gregorio Rebeco","NO","SUJETO_ROL_NOMBRE","623","2","Felipe Larraín Bascuñán; Sergio Lehmann Beresi","","NO","SI","UNA_SOLA_VOZ"
"RPM-2010-08-12:3289:1","3289","2010-08-12","José De Gregorio Rebeco","NO","SUJETO_ROL_NOMBRE","124","1","Sergio Lehmann Beresi","","NO","SI","UNA_SOLA_VOZ"
"RPM-2010-08-12:3334:1","3334","2010-08-12","José De Gregorio Rebeco","NO","SUJETO_ROL_NOMBRE","192","1","Beltrán de Ramón Acevedo","","NO","SI","UNA_SOLA_VOZ"
"RPM-2010-08-12:3336:1","3336","2010-08-12","José De Gregorio Rebeco","NO","SUJETO_ROL_NOMBRE","155","2","Beltrán de Ramón Acevedo; Felipe Larraín Bascuñán","","NO","SI","UNA_SOLA_VOZ"
"RPM-2010-08-12:3338:1","3338","2010-08-12","José De Gregorio Rebeco","NO","SUJETO_ROL_NOMBRE","187","1","Felipe Larraín Bascuñán","","NO","SI","UNA_SOLA_VOZ"
"RPM-2010-09-16:3345:1","3345","2010-09-16","Consejo del Banco Central de Chile","SI","ACTA/META","1570","16","Beltrán de Ramón Acevedo; Claudio Soto Gamboa; Enrique Marshall Rivera; Felipe Larraín Bascuñán; José De Gregorio Rebeco; Luis Felipe Céspedes Cifuentes; Luis Opazo Roco; Manuel Marfán Lewis; Matías Bernier Bórquez; Miguel Ángel Nacrur Gazali; Pablo García Silva; Ricardo Vicuña Poblete; Rodrigo Cerda Norambuena; Rodrigo Vergara Montes; Sebastián Claro Edwards; Sergio Lehmann Beresi","","NO","NO",""
"RPM-2010-09-16:3346:1","3346","2010-09-16","José De Gregorio Rebeco","NO","SUJETO_ROL_NOMBRE","556","2","Felipe Larraín Bascuñán; Sergio Lehmann Beresi","","NO","SI","UNA_SOLA_VOZ"
"RPM-2010-09-16:3364:1","3364","2010-09-16","José De Gregorio Rebeco","NO","SUJETO_ROL_NOMBRE","637","1","Sergio Lehmann Beresi","","NO","SI","UNA_SOLA_VOZ"
"RPM-2010-09-16:3424:1","3424","2010-09-16","José De Gregorio Rebeco","NO","SUJETO_ROL_NOMBRE","180","1","Felipe Larraín Bascuñán","","NO","SI","UNA_SOLA_VOZ"
"RPM-2010-09-16:3426:1","3426","2010-09-16","José De Gregorio Rebeco","NO","SUJETO_ROL_NOMBRE","183","1","Felipe Larraín Bascuñán","","NO","SI","UNA_SOLA_VOZ"
"RPM-2010-09-16:3432:1","3432","2010-09-16","Consejo del Banco Central de Chile","SI","ACTA/META","116","1","Manuel Marfán Lewis","","NO","NO",""
"RPM-2010-10-14:3433:1","3433","2010-10-14","Consejo del Banco Central de Chile","SI","ACTA/META","1676","16","Beltrán de Ramón Acevedo; Claudio Soto Gamboa; Enrique Marshall Rivera; Felipe Larraín Bascuñán; José De Gregorio Rebeco; Kevin Cowan Logan; Luis Felipe Céspedes Cifuentes; Luis Opazo Roco; Luis Óscar Herrera Barriga; Manuel Marfán Lewis; Matías Bernier Bórquez; Miguel Ángel Nacrur Gazali; Ricardo Vicuña Poblete; Rodrigo Cerda Norambuena; Rodrigo Vergara Montes; Sebastián Claro Edwards","","NO","NO",""
"RPM-2010-10-14:3481:1","3481","2010-10-14","José De Gregorio Rebeco","NO","SUJETO_ROL_NOMBRE","220","1","Beltrán de Ramón Acevedo","","NO","SI","UNA_SOLA_VOZ"
"RPM-2010-10-14:3483:1","3483","2010-10-14","José De Gregorio Rebeco","NO","SUJETO_ROL_NOMBRE","206","1","Beltrán de Ramón Acevedo","","NO","SI","UNA_SOLA_VOZ"
"RPM-2010-10-14:3493:1","3493","2010-10-14","Consejo del Banco Central de Chile","SI","ACTA/META","119","1","José De Gregorio Rebeco","","NO","NO",""
"RPM-2010-11-16:3494:1","3494","2010-11-16","Consejo del Banco Central de Chile","SI","ACTA/META","1540","15","Beltrán de Ramón Acevedo; Claudio Soto Gamboa; Enrique Marshall Rivera; José De Gregorio Rebeco; Luis Alberto Álvarez Vallejos; Luis Felipe Céspedes Cifuentes; Luis Opazo Roco; Manuel Marfán Lewis; Matías Bernier Bórquez; Miguel Ángel Nacrur Gazali; Ricardo Vicuña Poblete; Rodrigo Cerda Norambuena; Rodrigo Vergara Montes; Sebastián Claro Edwards; Sergio Lehmann Beresi","","NO","NO",""
"RPM-2010-11-16:3495:1","3495","2010-11-16","José De Gregorio Rebeco","NO","SUJETO_ROL_NOMBRE","596","1","Sergio Lehmann Beresi","","NO","SI","UNA_SOLA_VOZ"
"RPM-2010-11-16:3509:1","3509","2010-11-16","Sebastián Claro Edwards","NO","SUJETO_ROL_NOMBRE","148","1","Sergio Lehmann Beresi","","NO","SI","UNA_SOLA_VOZ"
"RPM-2010-11-16:3536:1","3536","2010-11-16","Sebastián Claro Edwards","NO","SUJETO_ROL_NOMBRE","710","1","Sergio Lehmann Beresi","","NO","SI","UNA_SOLA_VOZ"
"RPM-2010-11-16:3537:2","3537","2010-11-16","José De Gregorio Rebeco","NO","SUJETO_ROL_SESION","215","1","Sergio Lehmann Beresi","","NO","SI","UNA_SOLA_VOZ"
"RPM-2010-11-16:3582:1","3582","2010-11-16","Consejo del Banco Central de Chile","SI","ACTA/META","108","1","José De Gregorio Rebeco","","NO","NO",""
"RPM-2010-12-16:3583:1","3583","2010-12-16","Consejo del Banco Central de Chile","SI","ACTA/META","1672","17","Beltrán de Ramón Acevedo; Claudio Soto Gamboa; Enrique Marshall Rivera; Felipe Larraín Bascuñán; José De Gregorio Rebeco; Kevin Cowan Logan; Luis Felipe Céspedes Cifuentes; Luis Opazo Roco; Luis Óscar Herrera Barriga; Manuel Marfán Lewis; Matías Bernier Bórquez; Miguel Ángel Nacrur Gazali; Ricardo Vicuña Poblete; Rodrigo Cerda Norambuena; Rodrigo Vergara Montes; Sebastián Claro Edwards; Sergio Lehmann Beresi","","NO","NO",""
"RPM-2010-12-16:3584:1","3584","2010-12-16","José De Gregorio Rebeco","NO","SUJETO_ROL_NOMBRE","593","2","Felipe Larraín Bascuñán; Sergio Lehmann Beresi","","NO","SI","UNA_SOLA_VOZ"
"RPM-2010-12-16:3596:1","3596","2010-12-16","José De Gregorio Rebeco","NO","SUJETO_ROL_NOMBRE","158","1","Sergio Lehmann Beresi","","NO","SI","UNA_SOLA_VOZ"
"RPM-2010-12-16:3631:3","3631","2010-12-16","José De Gregorio Rebeco","NO","SUJETO_ROL_NOMBRE","272","1","Felipe Larraín Bascuñán","","NO","SI","UNA_SOLA_VOZ"
"RPM-2010-12-16:3633:1","3633","2010-12-16","José De Gregorio Rebeco","NO","SUJETO_ROL_NOMBRE","245","1","Felipe Larraín Bascuñán","","NO","SI","UNA_SOLA_VOZ"
"RPM-2010-12-16:3635:1","3635","2010-12-16","José De Gregorio Rebeco","NO","SUJETO_ROL_NOMBRE","191","1","Felipe Larraín Bascuñán","","NO","SI","UNA_SOLA_VOZ"
"RPM-2010-12-16:3639:1","3639","2010-12-16","Manuel Marfán Lewis","NO","SUJETO_ROL_NOMBRE","6772","1","Beltrán de Ramón Acevedo","","NO","SI","UNA_SOLA_VOZ"
"RPM-2010-12-16:3642:1","3642","2010-12-16","Consejo del Banco Central de Chile","SI","ACTA/META","119","1","José De Gregorio Rebeco","","NO","NO",""
"RPM-2011-01-13:3643:1","3643","2011-01-13","Consejo del Banco Central de Chile","SI","ACTA/META","1553","15","Beltrán de Ramón Acevedo; Claudio Soto Gamboa; Enrique Marshall Rivera; Enrique Orellana Cifuentes; Felipe Larraín Bascuñán; José De Gregorio Rebeco; Luis Felipe Céspedes Cifuentes; Luis Óscar Herrera Barriga; Manuel Marfán Lewis; Matías Bernier Bórquez; Miguel Ángel Nacrur Gazali; Rodrigo Cerda Norambuena; Rodrigo Vergara Montes; Sebastián Claro Edwards; Sergio Lehmann Beresi","","NO","NO",""
"RPM-2011-01-13:3644:1","3644","2011-01-13","José De Gregorio Rebeco","NO","SUJETO_ROL_NOMBRE","593","2","Felipe Larraín Bascuñán; Sergio Lehmann Beresi","","NO","SI","UNA_SOLA_VOZ"
"RPM-2011-01-13:3665:1","3665","2011-01-13","José De Gregorio Rebeco","NO","SUJETO_ROL_NOMBRE","284","1","Sergio Lehmann Beresi","","NO","SI","UNA_SOLA_VOZ"
"RPM-2011-01-13:3702:3","3702","2011-01-13","José De Gregorio Rebeco","NO","SUJETO_ROL_NOMBRE","272","1","Felipe Larraín Bascuñán","","NO","SI","UNA_SOLA_VOZ"
"RPM-2011-01-13:3706:1","3706","2011-01-13","José De Gregorio Rebeco","NO","SUJETO_ROL_NOMBRE","192","1","Beltrán de Ramón Acevedo","","NO","SI","UNA_SOLA_VOZ"
"RPM-2011-01-13:3708:1","3708","2011-01-13","José De Gregorio Rebeco","NO","SUJETO_ROL_NOMBRE","172","2","Beltrán de Ramón Acevedo; Felipe Larraín Bascuñán","","NO","SI","UNA_SOLA_VOZ"
"RPM-2011-01-13:3710:1","3710","2011-01-13","José De Gregorio Rebeco","NO","SUJETO_ROL_NOMBRE","204","1","Felipe Larraín Bascuñán","","NO","SI","UNA_SOLA_VOZ"
"RPM-2011-02-17:3718:1","3718","2011-02-17","Consejo del Banco Central de Chile","SI","ACTA/META","1305","14","Beltrán de Ramón Acevedo; Claudio Soto Gamboa; Enrique Marshall Rivera; Enrique Orellana Cifuentes; Felipe Larraín Bascuñán; José De Gregorio Rebeco; Luis Opazo Roco; Manuel Marfán Lewis; Matías Bernier Bórquez; Miguel Ángel Nacrur Gazali; Rodrigo Cerda Norambuena; Rodrigo Vergara Montes; Sebastián Claro Edwards; Sergio Lehmann Beresi","","NO","NO",""
"RPM-2011-02-17:3719:1","3719","2011-02-17","José De Gregorio Rebeco","NO","SUJETO_ROL_NOMBRE","588","2","Felipe Larraín Bascuñán; Sergio Lehmann Beresi","","NO","SI","UNA_SOLA_VOZ"
"RPM-2011-02-17:3760:1","3760","2011-02-17","José De Gregorio Rebeco","NO","SUJETO_ROL_NOMBRE","158","1","Sergio Lehmann Beresi","","NO","SI","UNA_SOLA_VOZ"
"RPM-2011-02-17:3801:3","3801","2011-02-17","José De Gregorio Rebeco","NO","SUJETO_ROL_NOMBRE","277","1","Felipe Larraín Bascuñán","","NO","SI","UNA_SOLA_VOZ"
"RPM-2011-02-17:3805:1","3805","2011-02-17","José De Gregorio Rebeco","NO","SUJETO_ROL_NOMBRE","172","2","Beltrán de Ramón Acevedo; Felipe Larraín Bascuñán","","NO","SI","UNA_SOLA_VOZ"
"RPM-2011-02-17:3807:1","3807","2011-02-17","José De Gregorio Rebeco","NO","SUJETO_ROL_NOMBRE","188","1","Felipe Larraín Bascuñán","","NO","SI","UNA_SOLA_VOZ"
"RPM-2011-02-17:3814:1","3814","2011-02-17","Consejo del Banco Central de Chile","SI","ACTA/META","108","1","José De Gregorio Rebeco","","NO","NO",""
"RPM-2011-03-17:3815:1","3815","2011-03-17","Consejo del Banco Central de Chile","SI","ACTA/META","1531","16","Beltrán de Ramón Acevedo; Claudio Soto Gamboa; Enrique Marshall Rivera; Enrique Orellana Cifuentes; Felipe Larraín Bascuñán; José De Gregorio Rebeco; Kevin Cowan Logan; Luis Opazo Roco; Luis Óscar Herrera Barriga; Manuel Marfán Lewis; Matías Bernier Bórquez; Ricardo Vicuña Poblete; Rodrigo Cerda Norambuena; Rodrigo Vergara Montes; Sebastián Claro Edwards; Sergio Lehmann Beresi","","NO","NO",""
"RPM-2011-03-17:3816:1","3816","2011-03-17","José De Gregorio Rebeco","NO","SUJETO_ROL_NOMBRE","598","2","Felipe Larraín Bascuñán; Sergio Lehmann Beresi","","NO","SI","UNA_SOLA_VOZ"
"RPM-2011-03-17:3881:3","3881","2011-03-17","Consejo del Banco Central de Chile","SI","ACTA/META","177","1","Felipe Larraín Bascuñán","","NO","NO",""
"RPM-2011-03-17:3883:1","3883","2011-03-17","José De Gregorio Rebeco","NO","SUJETO_ROL_NOMBRE","211","1","Felipe Larraín Bascuñán","","NO","SI","UNA_SOLA_VOZ"
"RPM-2011-03-17:3885:1","3885","2011-03-17","José De Gregorio Rebeco","NO","SUJETO_ROL_NOMBRE","188","1","Felipe Larraín Bascuñán","","NO","SI","UNA_SOLA_VOZ"
"RPM-2011-04-12:3893:1","3893","2011-04-12","Consejo del Banco Central de Chile","SI","ACTA/META","1534","15","Beltrán de Ramón Acevedo; Claudio Soto Gamboa; Enrique Marshall Rivera; Felipe Larraín Bascuñán; José De Gregorio Rebeco; Kevin Cowan Logan; Luis Opazo Roco; Luis Óscar Herrera Barriga; Manuel Marfán Lewis; Matías Bernier Bórquez; Ricardo Vicuña Poblete; Rodrigo Cerda Norambuena; Rodrigo Vergara Montes; Sebastián Claro Edwards; Sergio Lehmann Beresi","","NO","NO",""
"RPM-2011-04-12:3894:1","3894","2011-04-12","José De Gregorio Rebeco","NO","SUJETO_ROL_NOMBRE","633","2","Felipe Larraín Bascuñán; Sergio Lehmann Beresi","","NO","SI","UNA_SOLA_VOZ"
"RPM-2011-04-12:3912:1","3912","2011-04-12","José De Gregorio Rebeco","NO","SUJETO_ROL_NOMBRE","158","1","Sergio Lehmann Beresi","","NO","SI","UNA_SOLA_VOZ"
"RPM-2011-04-12:3959:2","3959","2011-04-12","Consejo del Banco Central de Chile","SI","ACTA/META","142","1","Felipe Larraín Bascuñán","","NO","NO",""
"RPM-2011-04-12:3961:1","3961","2011-04-12","José De Gregorio Rebeco","NO","SUJETO_ROL_NOMBRE","210","1","Felipe Larraín Bascuñán","","NO","SI","UNA_SOLA_VOZ"
"RPM-2011-04-12:3964:1","3964","2011-04-12","José De Gregorio Rebeco","NO","SUJETO_ROL_NOMBRE","186","1","Felipe Larraín Bascuñán","","NO","SI","UNA_SOLA_VOZ"
"RPM-2011-05-12:3971:1","3971","2011-05-12","Consejo del Banco Central de Chile","SI","ACTA/META","1345","13","Beltrán de Ramón Acevedo; Claudio Soto Gamboa; Enrique Marshall Rivera; Enrique Orellana Cifuentes; Felipe Larraín Bascuñán; José De Gregorio Rebeco; Kevin Cowan Logan; Luis Óscar Herrera Barriga; Manuel Marfán Lewis; Matías Bernier Bórquez; Rodrigo Vergara Montes; Sebastián Claro Edwards; Sergio Lehmann Beresi","","NO","NO",""
"RPM-2011-05-12:3972:1","3972","2011-05-12","José De Gregorio Rebeco","NO","SUJETO_ROL_NOMBRE","658","2","Felipe Larraín Bascuñán; Sergio Lehmann Beresi","","NO","SI","UNA_SOLA_VOZ"
"RPM-2011-05-12:4003:1","4003","2011-05-12","José De Gregorio Rebeco","NO","SUJETO_ROL_NOMBRE","158","1","Sergio Lehmann Beresi","","NO","SI","UNA_SOLA_VOZ"
"RPM-2011-05-12:4042:2","4042","2011-05-12","Consejo del Banco Central de Chile","SI","ACTA/META","142","1","Felipe Larraín Bascuñán","","NO","NO",""
"RPM-2011-05-12:4046:1","4046","2011-05-12","José De Gregorio Rebeco","NO","SUJETO_ROL_NOMBRE","198","2","Beltrán de Ramón Acevedo; Felipe Larraín Bascuñán","","NO","SI","UNA_SOLA_VOZ"
"RPM-2011-05-12:4048:1","4048","2011-05-12","José De Gregorio Rebeco","NO","SUJETO_ROL_NOMBRE","186","1","Felipe Larraín Bascuñán","","NO","SI","UNA_SOLA_VOZ"
"RPM-2011-05-12:4053:2","4053","2011-05-12","Consejo del Banco Central de Chile","SI","ACTA/META","113","1","Felipe Larraín Bascuñán","","NO","NO",""
"RPM-2011-06-14:4056:1","4056","2011-06-14","Consejo del Banco Central de Chile","SI","ACTA/META","1454","16","Beltrán de Ramón Acevedo; Claudio Soto Gamboa; Enrique Marshall Rivera; Enrique Orellana Cifuentes; José De Gregorio Rebeco; Kevin Cowan Logan; Luis Opazo Roco; Luis Óscar Herrera Barriga; Manuel Marfán Lewis; Matías Bernier Bórquez; Miguel Ángel Nacrur Gazali; Ricardo Vicuña Poblete; Rodrigo Cerda Norambuena; Rodrigo Vergara Montes; Sebastián Claro Edwards; Sergio Lehmann Beresi","","NO","NO",""
"RPM-2011-06-14:4057:1","4057","2011-06-14","José De Gregorio Rebeco","NO","SUJETO_ROL_NOMBRE","543","2","Felipe Larraín Bascuñán; Sergio Lehmann Beresi","","NO","SI","UNA_SOLA_VOZ"
"RPM-2011-06-14:4071:1","4071","2011-06-14","José De Gregorio Rebeco","NO","SUJETO_ROL_NOMBRE","170","1","Sergio Lehmann Beresi","","NO","SI","UNA_SOLA_VOZ"
"RPM-2011-06-14:4109:2","4109","2011-06-14","José De Gregorio Rebeco","NO","LECTOR_DOCUMENTO_REVISADO","181","1","Felipe Larraín Bascuñán","DUPLICADO_NO_FORMULA","NO","SI","UNA_SOLA_VOZ"
"RPM-2011-07-14:4119:1","4119","2011-07-14","Consejo del Banco Central de Chile","SI","ACTA/META","1416","15","Beltrán de Ramón Acevedo; Claudio Soto Gamboa; Enrique Marshall Rivera; Enrique Orellana Cifuentes; Felipe Larraín Bascuñán; José De Gregorio Rebeco; Luis Óscar Herrera Barriga; Manuel Marfán Lewis; Matías Bernier Bórquez; Miguel Ángel Nacrur Gazali; Ricardo Vicuña Poblete; Rodrigo Cerda Norambuena; Rodrigo Vergara Montes; Sebastián Claro Edwards; Sergio Lehmann Beresi","","NO","NO",""
"RPM-2011-07-14:4120:1","4120","2011-07-14","José De Gregorio Rebeco","NO","SUJETO_ROL_NOMBRE","653","2","Felipe Larraín Bascuñán; Sergio Lehmann Beresi","","NO","SI","UNA_SOLA_VOZ"
"RPM-2011-07-14:4157:1","4157","2011-07-14","José De Gregorio Rebeco","NO","SUJETO_ROL_NOMBRE","170","1","Sergio Lehmann Beresi","","NO","SI","UNA_SOLA_VOZ"
"RPM-2011-07-14:4193:1","4193","2011-07-14","Sebastián Claro Edwards","NO","SUJETO_ROL_NOMBRE","385","1","Sergio Lehmann Beresi","","NO","SI","UNA_SOLA_VOZ"
"RPM-2011-07-14:4198:2","4198","2011-07-14","Consejo del Banco Central de Chile","SI","ACTA/META","143","1","Felipe Larraín Bascuñán","","NO","NO",""
"RPM-2011-07-14:4202:1","4202","2011-07-14","José De Gregorio Rebeco","NO","SUJETO_ROL_NOMBRE","201","1","Felipe Larraín Bascuñán","","NO","SI","UNA_SOLA_VOZ"
"RPM-2011-07-14:4204:1","4204","2011-07-14","José De Gregorio Rebeco","NO","SUJETO_ROL_NOMBRE","256","1","Felipe Larraín Bascuñán","","NO","SI","UNA_SOLA_VOZ"
"RPM-2011-07-14:4214:1","4214","2011-07-14","Consejo del Banco Central de Chile","SI","ACTA/META","224","4","Enrique Marshall Rivera; José De Gregorio Rebeco; Manuel Marfán Lewis; Sebastián Claro Edwards","","NO","NO",""
"RPM-2011-08-18:4215:1","4215","2011-08-18","Consejo del Banco Central de Chile","SI","ACTA/META","1463","16","Beltrán de Ramón Acevedo; Claudio Raddatz Kiefer; Claudio Soto Gamboa; Enrique Marshall Rivera; Enrique Orellana Cifuentes; Felipe Larraín Bascuñán; José De Gregorio Rebeco; Kevin Cowan Logan; Luis Opazo Roco; Luis Óscar Herrera Barriga; Matías Bernier Bórquez; Miguel Ángel Nacrur Gazali; Rodrigo Cerda Norambuena; Rodrigo Vergara Montes; Sebastián Claro Edwards; Sergio Lehmann Beresi","","NO","NO",""
"RPM-2011-08-18:4216:1","4216","2011-08-18","José De Gregorio Rebeco","NO","SUJETO_ROL_NOMBRE","655","2","Felipe Larraín Bascuñán; Sergio Lehmann Beresi","","NO","SI","UNA_SOLA_VOZ"
"RPM-2011-08-18:4243:1","4243","2011-08-18","José De Gregorio Rebeco","NO","SUJETO_ROL_NOMBRE","170","1","Sergio Lehmann Beresi","","NO","SI","UNA_SOLA_VOZ"
"RPM-2011-08-18:4267:2","4267","2011-08-18","Consejo del Banco Central de Chile","SI","ACTA/META","143","1","Felipe Larraín Bascuñán","","NO","NO",""
"RPM-2011-08-18:4271:1","4271","2011-08-18","José De Gregorio Rebeco","NO","SUJETO_ROL_NOMBRE","216","2","Beltrán de Ramón Acevedo; Felipe Larraín Bascuñán","","NO","SI","UNA_SOLA_VOZ"
"RPM-2011-08-18:4273:1","4273","2011-08-18","José De Gregorio Rebeco","NO","SUJETO_ROL_NOMBRE","147","1","Felipe Larraín Bascuñán","","NO","SI","UNA_SOLA_VOZ"
"RPM-2011-09-15:4282:1","4282","2011-09-15","Consejo del Banco Central de Chile","SI","ACTA/META","1520","17","Beltrán de Ramón Acevedo; Claudio Raddatz Kiefer; Claudio Soto Gamboa; Enrique Marshall Rivera; Enrique Orellana Cifuentes; José De Gregorio Rebeco; Julio Dittborn Cordua; Luis Opazo Roco; Luis Óscar Herrera Barriga; Manuel Marfán Lewis; Matías Bernier Bórquez; Miguel Ángel Nacrur Gazali; Ricardo Vicuña Poblete; Rodrigo Cerda Norambuena; Rodrigo Vergara Montes; Sebastián Claro Edwards; Sergio Lehmann Beresi","","NO","NO",""
"RPM-2011-09-15:4283:1","4283","2011-09-15","José De Gregorio Rebeco","NO","SUJETO_ROL_NOMBRE","784","3","Felipe Larraín Bascuñán; Julio Dittborn Cordua; Sergio Lehmann Beresi","","NO","SI","UNA_SOLA_VOZ"
"RPM-2011-09-15:4294:1","4294","2011-09-15","José De Gregorio Rebeco","NO","SUJETO_ROL_NOMBRE","170","1","Sergio Lehmann Beresi","","NO","SI","UNA_SOLA_VOZ"
"RPM-2011-09-15:4295:1","4295","2011-09-15","Sebastián Claro Edwards","NO","SUJETO_ROL_NOMBRE","566","1","Beltrán de Ramón Acevedo","","NO","SI","UNA_SOLA_VOZ"
"RPM-2011-09-15:4302:1","4302","2011-09-15","Claudio Soto Gamboa","NO","SUJETO_ROL_NOMBRE","4526","1","Sergio Lehmann Beresi","","NO","SI","UNA_SOLA_VOZ"
"RPM-2011-09-15:4320:3","4320","2011-09-15","José De Gregorio Rebeco","NO","SUJETO_ROL_NOMBRE","354","1","Julio Dittborn Cordua","","NO","SI","UNA_SOLA_VOZ"
"RPM-2011-09-15:4322:1","4322","2011-09-15","José De Gregorio Rebeco","NO","SUJETO_ROL_NOMBRE","208","1","Julio Dittborn Cordua","","NO","SI","UNA_SOLA_VOZ"
"RPM-2011-09-15:4324:1","4324","2011-09-15","José De Gregorio Rebeco","NO","SUJETO_ROL_NOMBRE","152","1","Julio Dittborn Cordua","","NO","SI","UNA_SOLA_VOZ"
"RPM-2011-10-13:4334:1","4334","2011-10-13","Consejo del Banco Central de Chile","SI","ACTA/META","1504","17","Beltrán de Ramón Acevedo; Claudio Raddatz Kiefer; Claudio Soto Gamboa; Enrique Marshall Rivera; Enrique Orellana Cifuentes; Felipe Larraín Bascuñán; José De Gregorio Rebeco; Kevin Cowan Logan; Luis Óscar Herrera Barriga; Manuel Marfán Lewis; Matías Bernier Bórquez; Miguel Ángel Nacrur Gazali; Ricardo Vicuña Poblete; Rodrigo Cerda Norambuena; Rodrigo Vergara Montes; Sebastián Claro Edwards; Sergio Lehmann Beresi","","NO","NO",""
"RPM-2011-10-13:4335:1","4335","2011-10-13","José De Gregorio Rebeco","NO","SUJETO_ROL_NOMBRE","656","2","Felipe Larraín Bascuñán; Sergio Lehmann Beresi","","NO","SI","UNA_SOLA_VOZ"
"RPM-2011-10-13:4358:1","4358","2011-10-13","José De Gregorio Rebeco","NO","SUJETO_ROL_NOMBRE","253","1","Sergio Lehmann Beresi","","NO","SI","UNA_SOLA_VOZ"
"RPM-2011-10-13:4384:3","4384","2011-10-13","Consejo del Banco Central de Chile","SI","ACTA/META","143","1","Felipe Larraín Bascuñán","","NO","NO",""
"RPM-2011-10-13:4387:1","4387","2011-10-13","José De Gregorio Rebeco","NO","SUJETO_ROL_NOMBRE","203","1","Felipe Larraín Bascuñán","","NO","SI","UNA_SOLA_VOZ"
"RPM-2011-10-13:4389:1","4389","2011-10-13","José De Gregorio Rebeco","NO","SUJETO_ROL_NOMBRE","147","1","Felipe Larraín Bascuñán","","NO","SI","UNA_SOLA_VOZ"
"RPM-2011-10-13:4399:1","4399","2011-10-13","Consejo del Banco Central de Chile","SI","ACTA/META","147","2","José De Gregorio Rebeco; Manuel Marfán Lewis","","NO","NO",""
"RPM-2011-11-15:4400:1","4400","2011-11-15","Consejo del Banco Central de Chile","SI","ACTA/META","1456","15","Beltrán de Ramón Acevedo; Claudio Raddatz Kiefer; Claudio Soto Gamboa; Enrique Marshall Rivera; Enrique Orellana Cifuentes; José De Gregorio Rebeco; Kevin Cowan Logan; Luis Óscar Herrera Barriga; Manuel Marfán Lewis; Matías Bernier Bórquez; Ricardo Vicuña Poblete; Rodrigo Cerda Norambuena; Rodrigo Vergara Montes; Sebastián Claro Edwards; Sergio Lehmann Beresi","","NO","NO",""
"RPM-2011-11-15:4401:1","4401","2011-11-15","José De Gregorio Rebeco","NO","SUJETO_ROL_NOMBRE","469","1","Felipe Larraín Bascuñán","","NO","SI","UNA_SOLA_VOZ"
"RPM-2011-11-15:4451:1","4451","2011-11-15","José De Gregorio Rebeco","NO","SUJETO_ROL_NOMBRE","182","1","Beltrán de Ramón Acevedo","","NO","SI","UNA_SOLA_VOZ"
"RPM-2011-11-15:4453:2","4453","2011-11-15","José De Gregorio Rebeco","NO","LECTOR_DOCUMENTO_REVISADO","227","1","Felipe Larraín Bascuñán","DUPLICADO_NO_FORMULA","NO","SI","UNA_SOLA_VOZ"
"RPM-2011-12-13:4460:1","4460","2011-12-13","Consejo del Banco Central de Chile","SI","ACTA/META","1475","16","Beltrán de Ramón Acevedo; Claudio Raddatz Kiefer; Claudio Soto Gamboa; Enrique Marshall Rivera; Enrique Orellana Cifuentes; Kevin Cowan Logan; Luis Opazo Roco; Luis Óscar Herrera Barriga; Manuel Marfán Lewis; Matías Bernier Bórquez; Miguel Ángel Nacrur Gazali; Ricardo Vicuña Poblete; Rodrigo Cerda Norambuena; Rodrigo Vergara Montes; Sebastián Claro Edwards; Sergio Lehmann Beresi","","NO","NO",""
"RPM-2011-12-13:4461:1","4461","2011-12-13","Rodrigo Vergara Montes","NO","SUJETO_ROL_NOMBRE","536","2","Felipe Larraín Bascuñán; Sergio Lehmann Beresi","FINAL_SIN_PUNTUACION","NO","SI","UNA_SOLA_VOZ"
"RPM-2011-12-13:4472:1","4472","2011-12-13","Rodrigo Vergara Montes","NO","SUJETO_ROL_NOMBRE","186","1","Sergio Lehmann Beresi","","NO","SI","UNA_SOLA_VOZ"
"RPM-2011-12-13:4507:1","4507","2011-12-13","Rodrigo Vergara Montes","NO","SUJETO_ROL_NOMBRE","132","1","Beltrán de Ramón Acevedo","DUPLICADO_NO_FORMULA","NO","SI","UNA_SOLA_VOZ"
"RPM-2011-12-13:4507:2","4507","2011-12-13","Rodrigo Vergara Montes","NO","LECTOR_DOCUMENTO_REVISADO","227","1","Felipe Larraín Bascuñán","DUPLICADO_NO_FORMULA","NO","SI","UNA_SOLA_VOZ"
"RPM-2012-01-12:4515:1","4515","2012-01-12","Consejo del Banco Central de Chile","SI","ACTA/META","1494","15","Claudio Raddatz Kiefer; Claudio Soto Gamboa; Enrique Marshall Rivera; Enrique Orellana Cifuentes; Felipe Larraín Bascuñán; Luis Opazo Roco; Luis Óscar Herrera Barriga; Manuel Marfán Lewis; Matías Bernier Bórquez; Miguel Ángel Nacrur Gazali; Ricardo Vicuña Poblete; Rodrigo Cerda Norambuena; Rodrigo Vergara Montes; Sebastián Claro Edwards; Sergio Lehmann Beresi","","NO","NO",""
"RPM-2012-01-12:4516:1","4516","2012-01-12","Rodrigo Vergara Montes","NO","SUJETO_ROL_NOMBRE","620","2","Felipe Larraín Bascuñán; Sergio Lehmann Beresi","","NO","SI","UNA_SOLA_VOZ"
"RPM-2012-01-12:4538:1","4538","2012-01-12","Rodrigo Vergara Montes","NO","SUJETO_ROL_NOMBRE","186","1","Sergio Lehmann Beresi","","NO","SI","UNA_SOLA_VOZ"
"RPM-2012-01-12:4562:3","4562","2012-01-12","Consejo del Banco Central de Chile","SI","ACTA/META","143","1","Felipe Larraín Bascuñán","","NO","NO",""
"RPM-2012-01-12:4565:1","4565","2012-01-12","Rodrigo Vergara Montes","NO","SUJETO_ROL_NOMBRE","214","1","Felipe Larraín Bascuñán","","NO","SI","UNA_SOLA_VOZ"
"RPM-2012-01-12:4565:3","4565","2012-01-12","Rodrigo Vergara Montes","NO","SUJETO_ROL_NOMBRE","225","1","Felipe Larraín Bascuñán","","NO","SI","UNA_SOLA_VOZ"
"RPM-2012-02-14:4573:1","4573","2012-02-14","Consejo del Banco Central de Chile","SI","ACTA/META","1557","13","Beltrán de Ramón Acevedo; Claudio Soto Gamboa; Enrique Marshall Rivera; Enrique Orellana Cifuentes; Felipe Larraín Bascuñán; Kevin Cowan Logan; Luis Óscar Herrera Barriga; Manuel Marfán Lewis; Miguel Ricaurte Bermúdez; Miguel Ángel Nacrur Gazali; Ricardo Vicuña Poblete; Rodrigo Vergara Montes; Sebastián Claro Edwards","","NO","NO",""
"RPM-2012-02-14:4574:1","4574","2012-02-14","Rodrigo Vergara Montes","NO","SUJETO_ROL_NOMBRE","1228","3","Felipe Larraín Bascuñán; Manuel Marfán Lewis; Miguel Ricaurte Bermúdez","POSIBLE_OTRO_HABLANTE_O_MENCION","SI","SI","UNA_SOLA_VOZ"
"RPM-2012-02-14:4585:1","4585","2012-02-14","Rodrigo Vergara Montes","NO","SUJETO_ROL_NOMBRE","198","1","Miguel Ricaurte Bermúdez","","NO","SI","UNA_SOLA_VOZ"
"RPM-2012-02-14:4638:3","4638","2012-02-14","Consejo del Banco Central de Chile","SI","ACTA/META","143","1","Felipe Larraín Bascuñán","","NO","NO",""
"RPM-2012-02-14:4639:1","4639","2012-02-14","Rodrigo Vergara Montes","NO","SUJETO_ROL_NOMBRE","688","1","Manuel Marfán Lewis","","NO","SI","UNA_SOLA_VOZ"
"RPM-2012-02-14:4645:1","4645","2012-02-14","Rodrigo Vergara Montes","NO","SUJETO_ROL_NOMBRE","204","1","Felipe Larraín Bascuñán","","NO","SI","UNA_SOLA_VOZ"
"RPM-2012-02-14:4645:3","4645","2012-02-14","Rodrigo Vergara Montes","NO","SUJETO_ROL_NOMBRE","216","1","Felipe Larraín Bascuñán","","NO","SI","UNA_SOLA_VOZ"
"RPM-2012-03-15:4655:1","4655","2012-03-15","Consejo del Banco Central de Chile","SI","ACTA/META","1440","15","Beltrán de Ramón Acevedo; Claudio Raddatz Kiefer; Claudio Soto Gamboa; Enrique Marshall Rivera; Enrique Orellana Cifuentes; Kevin Cowan Logan; Luis Óscar Herrera Barriga; Manuel Marfán Lewis; Matías Bernier Bórquez; Miguel Ángel Nacrur Gazali; Ricardo Vicuña Poblete; Rodrigo Cerda Norambuena; Rodrigo Vergara Montes; Sebastián Claro Edwards; Sergio Lehmann Beresi","","NO","NO",""
"RPM-2012-03-15:4656:1","4656","2012-03-15","Rodrigo Vergara Montes","NO","SUJETO_ROL_NOMBRE","679","1","Felipe Larraín Bascuñán","POSIBLE_OTRO_HABLANTE_O_MENCION","SI","SI","UNA_SOLA_VOZ"
"RPM-2012-03-15:4722:2","4722","2012-03-15","Rodrigo Vergara Montes","NO","LECTOR_DOCUMENTO_REVISADO","239","1","Felipe Larraín Bascuñán","DUPLICADO_NO_FORMULA","NO","SI","UNA_SOLA_VOZ"
"RPM-2012-04-17:4733:1","4733","2012-04-17","Consejo del Banco Central de Chile","SI","ACTA/META","1571","16","Beltrán de Ramón Acevedo; Claudio Soto Gamboa; Enrique Marshall Rivera; Enrique Orellana Cifuentes; Felipe Larraín Bascuñán; Kevin Cowan Logan; Luis Opazo Roco; Luis Óscar Herrera Barriga; Manuel Marfán Lewis; Matías Bernier Bórquez; Miguel Ángel Nacrur Gazali; Ricardo Vicuña Poblete; Rodrigo Cerda Norambuena; Rodrigo Vergara Montes; Sebastián Claro Edwards; Sergio Lehmann Beresi","","NO","NO",""
"RPM-2012-04-17:4734:1","4734","2012-04-17","Rodrigo Vergara Montes","NO","SUJETO_ROL_NOMBRE","737","2","Felipe Larraín Bascuñán; Sergio Lehmann Beresi","","NO","SI","UNA_SOLA_VOZ"
"RPM-2012-04-17:4753:1","4753","2012-04-17","Rodrigo Vergara Montes","NO","SUJETO_ROL_NOMBRE","215","1","Sergio Lehmann Beresi","FINAL_SIN_PUNTUACION","NO","SI","UNA_SOLA_VOZ"
"RPM-2012-04-17:4788:3","4788","2012-04-17","Consejo del Banco Central de Chile","SI","ACTA/META","112","1","Felipe Larraín Bascuñán","","NO","NO",""
"RPM-2012-04-17:4790:1","4790","2012-04-17","Rodrigo Vergara Montes","NO","SUJETO_ROL_NOMBRE","107","1","Felipe Larraín Bascuñán","","NO","SI","UNA_SOLA_VOZ"
"RPM-2012-04-17:4791:1","4791","2012-04-17","Consejo del Banco Central de Chile","SI","ACTA/META","127","2","Manuel Marfán Lewis; Rodrigo Vergara Montes","","NO","NO",""
"RPM-2012-05-17:4792:1","4792","2012-05-17","Consejo del Banco Central de Chile","SI","ACTA/META","1571","17","Beltrán de Ramón Acevedo; Claudio Raddatz Kiefer; Claudio Soto Gamboa; Enrique Marshall Rivera; Enrique Orellana Cifuentes; Felipe Larraín Bascuñán; Kevin Cowan Logan; Luis Opazo Roco; Luis Óscar Herrera Barriga; Manuel Marfán Lewis; Matías Bernier Bórquez; Miguel Ángel Nacrur Gazali; Ricardo Vicuña Poblete; Rodrigo Cerda Norambuena; Rodrigo Vergara Montes; Sebastián Claro Edwards; Sergio Lehmann Beresi","","NO","NO",""
"RPM-2012-05-17:4793:1","4793","2012-05-17","Rodrigo Vergara Montes","NO","SUJETO_ROL_NOMBRE","785","2","Felipe Larraín Bascuñán; Sergio Lehmann Beresi","","NO","SI","UNA_SOLA_VOZ"
"RPM-2012-05-17:4815:1","4815","2012-05-17","Rodrigo Vergara Montes","NO","SUJETO_ROL_NOMBRE","186","1","Sergio Lehmann Beresi","","NO","SI","UNA_SOLA_VOZ"
"RPM-2012-05-17:4833:3","4833","2012-05-17","Consejo del Banco Central de Chile","SI","ACTA/META","200","1","Felipe Larraín Bascuñán","","NO","NO",""
"RPM-2012-05-17:4838:1","4838","2012-05-17","Rodrigo Vergara Montes","NO","SUJETO_ROL_NOMBRE","189","1","Felipe Larraín Bascuñán","","NO","SI","UNA_SOLA_VOZ"
"RPM-2012-05-17:4840:1","4840","2012-05-17","Rodrigo Vergara Montes","NO","SUJETO_ROL_NOMBRE","288","1","Felipe Larraín Bascuñán","","NO","SI","UNA_SOLA_VOZ"
"RPM-2012-06-14:4851:1","4851","2012-06-14","Consejo del Banco Central de Chile","SI","ACTA/META","1649","17","Beltrán de Ramón Acevedo; Claudio Raddatz Kiefer; Claudio Soto Gamboa; Enrique Marshall Rivera; Enrique Orellana Cifuentes; Felipe Larraín Bascuñán; Kevin Cowan Logan; Luis Opazo Roco; Luis Óscar Herrera Barriga; Manuel Marfán Lewis; Matías Bernier Bórquez; Miguel Ángel Nacrur Gazali; Ricardo Vicuña Poblete; Rodrigo Cerda Norambuena; Rodrigo Vergara Montes; Sebastián Claro Edwards; Sergio Lehmann Beresi","","NO","NO",""
"RPM-2012-06-14:4852:1","4852","2012-06-14","Rodrigo Vergara Montes","NO","SUJETO_ROL_NOMBRE","785","2","Felipe Larraín Bascuñán; Sergio Lehmann Beresi","","NO","SI","UNA_SOLA_VOZ"
"RPM-2012-06-14:4863:1","4863","2012-06-14","Rodrigo Vergara Montes","NO","SUJETO_ROL_NOMBRE","186","1","Sergio Lehmann Beresi","","NO","SI","UNA_SOLA_VOZ"
"RPM-2012-06-14:4885:3","4885","2012-06-14","Consejo del Banco Central de Chile","SI","ACTA/META","200","1","Felipe Larraín Bascuñán","","NO","NO",""
"RPM-2012-06-14:4888:1","4888","2012-06-14","Rodrigo Vergara Montes","NO","SUJETO_ROL_NOMBRE","202","1","Felipe Larraín Bascuñán","","NO","SI","UNA_SOLA_VOZ"
"RPM-2012-06-14:4890:1","4890","2012-06-14","Rodrigo Vergara Montes","NO","SUJETO_ROL_NOMBRE","331","1","Felipe Larraín Bascuñán","","NO","SI","UNA_SOLA_VOZ"
"RPM-2012-07-12:4900:1","4900","2012-07-12","Consejo del Banco Central de Chile","SI","ACTA/META","1527","16","Beltrán de Ramón Acevedo; Claudio Raddatz Kiefer; Claudio Soto Gamboa; Enrique Marshall Rivera; Enrique Orellana Cifuentes; Felipe Larraín Bascuñán; Kevin Cowan Logan; Luis Opazo Roco; Luis Óscar Herrera Barriga; Manuel Marfán Lewis; Matías Bernier Bórquez; Miguel Ángel Nacrur Gazali; Ricardo Vicuña Poblete; Rodrigo Vergara Montes; Sebastián Claro Edwards; Sergio Lehmann Beresi","","NO","NO",""
"RPM-2012-07-12:4901:1","4901","2012-07-12","Rodrigo Vergara Montes","NO","SUJETO_ROL_NOMBRE","803","2","Felipe Larraín Bascuñán; Sergio Lehmann Beresi","","NO","SI","UNA_SOLA_VOZ"
"RPM-2012-07-12:4907:1","4907","2012-07-12","Rodrigo Vergara Montes","NO","SUJETO_ROL_NOMBRE","186","1","Sergio Lehmann Beresi","","NO","SI","UNA_SOLA_VOZ"
"RPM-2012-07-12:4955:3","4955","2012-07-12","Consejo del Banco Central de Chile","SI","ACTA/META","150","1","Felipe Larraín Bascuñán","","NO","NO",""
"RPM-2012-07-12:4960:1","4960","2012-07-12","Rodrigo Vergara Montes","NO","SUJETO_ROL_NOMBRE","202","1","Felipe Larraín Bascuñán","","NO","SI","UNA_SOLA_VOZ"
"RPM-2012-07-12:4963:1","4963","2012-07-12","Rodrigo Vergara Montes","NO","SUJETO_ROL_NOMBRE","334","1","Felipe Larraín Bascuñán","","NO","SI","UNA_SOLA_VOZ"
"RPM-2012-08-16:4974:1","4974","2012-08-16","Consejo del Banco Central de Chile","SI","ACTA/META","1651","17","Beltrán de Ramón Acevedo; Claudio Raddatz Kiefer; Claudio Soto Gamboa; Enrique Marshall Rivera; Enrique Orellana Cifuentes; Felipe Larraín Bascuñán; Kevin Cowan Logan; Luis Opazo Roco; Luis Óscar Herrera Barriga; Manuel Marfán Lewis; Matías Bernier Bórquez; Miguel Ángel Nacrur Gazali; Ricardo Vicuña Poblete; Rodrigo Cerda Norambuena; Rodrigo Vergara Montes; Sebastián Claro Edwards; Sergio Lehmann Beresi","","NO","NO",""
"RPM-2012-08-16:4975:1","4975","2012-08-16","Rodrigo Vergara Montes","NO","SUJETO_ROL_NOMBRE","805","2","Felipe Larraín Bascuñán; Sergio Lehmann Beresi","","NO","SI","UNA_SOLA_VOZ"
"RPM-2012-08-16:4980:1","4980","2012-08-16","Rodrigo Vergara Montes","NO","SUJETO_ROL_NOMBRE","186","1","Sergio Lehmann Beresi","","NO","SI","UNA_SOLA_VOZ"
"RPM-2012-08-16:5022:3","5022","2012-08-16","Consejo del Banco Central de Chile","SI","ACTA/META","150","1","Felipe Larraín Bascuñán","","NO","NO",""
"RPM-2012-08-16:5028:1","5028","2012-08-16","Rodrigo Vergara Montes","NO","SUJETO_ROL_NOMBRE","202","1","Felipe Larraín Bascuñán","","NO","SI","UNA_SOLA_VOZ"
"RPM-2012-08-16:5030:1","5030","2012-08-16","Rodrigo Vergara Montes","NO","SUJETO_ROL_NOMBRE","336","1","Felipe Larraín Bascuñán","","NO","SI","UNA_SOLA_VOZ"
"RPM-2012-08-16:5040:1","5040","2012-08-16","Consejo del Banco Central de Chile","SI","ACTA/META","153","2","Manuel Marfán Lewis; Rodrigo Vergara Montes","","NO","NO",""
"RPM-2012-09-13:5041:1","5041","2012-09-13","Consejo del Banco Central de Chile","SI","ACTA/META","1526","16","Beltrán de Ramón Acevedo; Claudio Raddatz Kiefer; Claudio Soto Gamboa; Enrique Marshall Rivera; Enrique Orellana Cifuentes; Julio Dittborn Cordua; Kevin Cowan Logan; Luis Opazo Roco; Luis Óscar Herrera Barriga; Manuel Marfán Lewis; Miguel Ángel Nacrur Gazali; Ricardo Vicuña Poblete; Rodrigo Cerda Norambuena; Rodrigo Vergara Montes; Sebastián Claro Edwards; Sergio Lehmann Beresi","","NO","NO",""
"RPM-2012-09-13:5042:1","5042","2012-09-13","Rodrigo Vergara Montes","NO","SUJETO_ROL_NOMBRE","808","2","Julio Dittborn Cordua; Sergio Lehmann Beresi","","NO","SI","UNA_SOLA_VOZ"
"RPM-2012-09-13:5052:1","5052","2012-09-13","Rodrigo Vergara Montes","NO","SUJETO_ROL_NOMBRE","186","1","Sergio Lehmann Beresi","","NO","SI","UNA_SOLA_VOZ"
"RPM-2012-09-13:5076:3","5076","2012-09-13","Consejo del Banco Central de Chile","SI","ACTA/META","155","1","Julio Dittborn Cordua","","NO","NO",""
"RPM-2012-09-13:5078:1","5078","2012-09-13","Luis Óscar Herrera Barriga","NO","SUJETO_NOMBRE","286","1","Sergio Lehmann Beresi","FINAL_SIN_PUNTUACION;TEXTO_DANADO_POR_COTEJAR","NO","SI","UNA_SOLA_VOZ"
"RPM-2012-09-13:5078:3","5078","2012-09-13","Luis Óscar Herrera Barriga","NO","SUJETO_ROL_NOMBRE","623","1","Sergio Lehmann Beresi","","NO","SI","UNA_SOLA_VOZ"
"RPM-2012-09-13:5084:1","5084","2012-09-13","Rodrigo Vergara Montes","NO","SUJETO_ROL_NOMBRE","207","1","Julio Dittborn Cordua","","NO","SI","UNA_SOLA_VOZ"
"RPM-2012-09-13:5084:3","5084","2012-09-13","Rodrigo Vergara Montes","NO","SUJETO_ROL_NOMBRE","342","1","Julio Dittborn Cordua","","NO","SI","UNA_SOLA_VOZ"
"RPM-2012-09-13:5093:1","5093","2012-09-13","Consejo del Banco Central de Chile","SI","ACTA/META","153","2","Manuel Marfán Lewis; Rodrigo Vergara Montes","","NO","NO",""
"RPM-2012-10-18:5094:1","5094","2012-10-18","Consejo del Banco Central de Chile","SI","ACTA/META","1506","16","Claudio Raddatz Kiefer; Claudio Soto Gamboa; Enrique Marshall Rivera; Enrique Orellana Cifuentes; Felipe Larraín Bascuñán; Kevin Cowan Logan; Luis Opazo Roco; Luis Óscar Herrera Barriga; Manuel Marfán Lewis; Matías Bernier Bórquez; Miguel Ángel Nacrur Gazali; Ricardo Vicuña Poblete; Rodrigo Cerda Norambuena; Rodrigo Vergara Montes; Sebastián Claro Edwards; Sergio Lehmann Beresi","","NO","NO",""
"RPM-2012-10-18:5095:1","5095","2012-10-18","Rodrigo Vergara Montes","NO","SUJETO_ROL_NOMBRE","803","2","Felipe Larraín Bascuñán; Sergio Lehmann Beresi","","NO","SI","UNA_SOLA_VOZ"
"RPM-2012-10-18:5109:1","5109","2012-10-18","Kevin Cowan Logan","NO","SUJETO_ROL_NOMBRE","382","1","Sergio Lehmann Beresi","","NO","SI","UNA_SOLA_VOZ"
"RPM-2012-10-18:5114:1","5114","2012-10-18","Rodrigo Vergara Montes","NO","SUJETO_ROL_NOMBRE","186","1","Sergio Lehmann Beresi","","NO","SI","UNA_SOLA_VOZ"
"RPM-2012-10-18:5141:3","5141","2012-10-18","Consejo del Banco Central de Chile","SI","ACTA/META","150","1","Felipe Larraín Bascuñán","","NO","NO",""
"RPM-2012-10-18:5147:1","5147","2012-10-18","Rodrigo Vergara Montes","NO","SUJETO_ROL_NOMBRE","202","1","Felipe Larraín Bascuñán","","NO","SI","UNA_SOLA_VOZ"
"RPM-2012-10-18:5150:1","5150","2012-10-18","Rodrigo Vergara Montes","NO","SUJETO_ROL_NOMBRE","337","1","Felipe Larraín Bascuñán","","NO","SI","UNA_SOLA_VOZ"
"RPM-2012-10-18:5160:1","5160","2012-10-18","Consejo del Banco Central de Chile","SI","ACTA/META","180","2","Enrique Marshall Rivera; Manuel Marfán Lewis","","NO","NO",""
"RPM-2012-11-13:5161:1","5161","2012-11-13","Consejo del Banco Central de Chile","SI","ACTA/META","1433","14","Beltrán de Ramón Acevedo; Claudio Raddatz Kiefer; Claudio Soto Gamboa; Enrique Marshall Rivera; Luis Opazo Roco; Luis Óscar Herrera Barriga; Manuel Marfán Lewis; Matías Bernier Bórquez; Miguel Ángel Nacrur Gazali; Ricardo Vicuña Poblete; Rodrigo Cerda Norambuena; Rodrigo Vergara Montes; Sebastián Claro Edwards; Sergio Lehmann Beresi","","NO","NO",""
"RPM-2012-11-13:5162:1","5162","2012-11-13","Rodrigo Vergara Montes","NO","SUJETO_ROL_NOMBRE","756","2","Felipe Larraín Bascuñán; Sergio Lehmann Beresi","","NO","SI","UNA_SOLA_VOZ"
"RPM-2012-11-13:5173:1","5173","2012-11-13","Rodrigo Vergara Montes","NO","SUJETO_ROL_NOMBRE","186","1","Sergio Lehmann Beresi","","NO","SI","UNA_SOLA_VOZ"
"RPM-2012-11-13:5212:2","5212","2012-11-13","Rodrigo Vergara Montes","NO","LECTOR_DOCUMENTO_REVISADO","239","1","Felipe Larraín Bascuñán","DUPLICADO_NO_FORMULA","NO","SI","UNA_SOLA_VOZ"
"RPM-2012-11-13:5222:1","5222","2012-11-13","Consejo del Banco Central de Chile","SI","ACTA/META","141","1","Rodrigo Vergara Montes","","NO","NO",""
"RPM-2012-12-13:5223:1","5223","2012-12-13","Consejo del Banco Central de Chile","SI","ACTA/META","1387","14","Beltrán de Ramón Acevedo; Claudio Raddatz Kiefer; Claudio Soto Gamboa; Enrique Marshall Rivera; Enrique Orellana Cifuentes; Kevin Cowan Logan; Luis Óscar Herrera Barriga; Manuel Marfán Lewis; Miguel Ángel Nacrur Gazali; Ricardo Vicuña Poblete; Rodrigo Cerda Norambuena; Rodrigo Vergara Montes; Sebastián Claro Edwards; Sergio Lehmann Beresi","","NO","NO",""
"RPM-2012-12-13:5224:1","5224","2012-12-13","Rodrigo Vergara Montes","NO","SUJETO_ROL_NOMBRE","756","2","Felipe Larraín Bascuñán; Sergio Lehmann Beresi","","NO","SI","UNA_SOLA_VOZ"
"RPM-2012-12-13:5236:1","5236","2012-12-13","Rodrigo Vergara Montes","NO","SUJETO_ROL_NOMBRE","196","1","Sergio Lehmann Beresi","","NO","SI","UNA_SOLA_VOZ"
"RPM-2012-12-13:5246:2","5246","2012-12-13","Consejo del Banco Central de Chile","SI","ACTA/META","378","1","Felipe Larraín Bascuñán","","NO","NO",""
"RPM-2012-12-13:5257:2","5257","2012-12-13","Rodrigo Vergara Montes","NO","LECTOR_DOCUMENTO_REVISADO","266","1","Felipe Larraín Bascuñán","","NO","SI","UNA_SOLA_VOZ"
"RPM-2012-12-13:5257:4","5257","2012-12-13","Rodrigo Vergara Montes","NO","LECTOR_DOCUMENTO_REVISADO","265","1","Felipe Larraín Bascuñán","","NO","SI","UNA_SOLA_VOZ"
"RPM-2013-01-17:5268:1","5268","2013-01-17","Consejo del Banco Central de Chile","SI","ACTA/META","1542","15","Beltrán de Ramón Acevedo; Claudio Raddatz Kiefer; Claudio Soto Gamboa; Enrique Marshall Rivera; Enrique Orellana Cifuentes; Felipe Larraín Bascuñán; Luis Opazo Roco; Luis Óscar Herrera Barriga; Manuel Marfán Lewis; Matías Bernier Bórquez; Ricardo Vicuña Poblete; Rodrigo Cerda Norambuena; Rodrigo Vergara Montes; Sebastián Claro Edwards; Sergio Lehmann Beresi","","NO","NO",""
"RPM-2013-01-17:5269:1","5269","2013-01-17","Rodrigo Vergara Montes","NO","SUJETO_ROL_NOMBRE","801","2","Felipe Larraín Bascuñán; Sergio Lehmann Beresi","","NO","SI","UNA_SOLA_VOZ"
"RPM-2013-01-17:5276:1","5276","2013-01-17","Rodrigo Vergara Montes","NO","SUJETO_ROL_NOMBRE","441","1","Sergio Lehmann Beresi","","NO","SI","UNA_SOLA_VOZ"
"RPM-2013-01-17:5281:1","5281","2013-01-17","Rodrigo Vergara Montes","NO","SUJETO_ROL_NOMBRE","196","1","Sergio Lehmann Beresi","","NO","SI","UNA_SOLA_VOZ"
"RPM-2013-01-17:5313:3","5313","2013-01-17","Consejo del Banco Central de Chile","SI","ACTA/META","150","1","Felipe Larraín Bascuñán","","NO","NO",""
"RPM-2013-01-17:5319:1","5319","2013-01-17","Rodrigo Vergara Montes","NO","SUJETO_ROL_NOMBRE","304","1","Felipe Larraín Bascuñán","","NO","SI","UNA_SOLA_VOZ"
"RPM-2013-01-17:5321:1","5321","2013-01-17","Rodrigo Vergara Montes","NO","SUJETO_ROL_NOMBRE","337","1","Felipe Larraín Bascuñán","","NO","SI","UNA_SOLA_VOZ"
"RPM-2013-02-14:5332:1","5332","2013-02-14","Consejo del Banco Central de Chile","SI","ACTA/META","1350","13","Enrique Marshall Rivera; Felipe Larraín Bascuñán; Kevin Cowan Logan; Luis Opazo Roco; Luis Óscar Herrera Barriga; Manuel Marfán Lewis; Matías Bernier Bórquez; Miguel Fuentes Díaz; Miguel Ángel Nacrur Gazali; Rodrigo Cerda Norambuena; Rodrigo Vergara Montes; Sebastián Claro Edwards; Sergio Lehmann Beresi","","NO","NO",""
"RPM-2013-02-14:5333:1","5333","2013-02-14","Rodrigo Vergara Montes","NO","SUJETO_ROL_NOMBRE","809","2","Felipe Larraín Bascuñán; Sergio Lehmann Beresi","","NO","SI","UNA_SOLA_VOZ"
"RPM-2013-02-14:5352:1","5352","2013-02-14","Rodrigo Vergara Montes","NO","SUJETO_ROL_NOMBRE","224","1","Sergio Lehmann Beresi","FINAL_SIN_PUNTUACION","NO","SI","UNA_SOLA_VOZ"
"RPM-2013-02-14:5381:2","5381","2013-02-14","Consejo del Banco Central de Chile","SI","ACTA/META","145","1","Felipe Larraín Bascuñán","","NO","NO",""
"RPM-2013-02-14:5386:1","5386","2013-02-14","Rodrigo Vergara Montes","NO","SUJETO_ROL_NOMBRE","321","1","Felipe Larraín Bascuñán","","NO","SI","UNA_SOLA_VOZ"
"RPM-2013-02-14:5388:1","5388","2013-02-14","Rodrigo Vergara Montes","NO","SUJETO_ROL_NOMBRE","337","1","Felipe Larraín Bascuñán","","NO","SI","UNA_SOLA_VOZ"
"RPM-2013-03-14:5400:1","5400","2013-03-14","Consejo del Banco Central de Chile","SI","ACTA/META","1512","16","Beltrán de Ramón Acevedo; Claudio Raddatz Kiefer; Claudio Soto Gamboa; Enrique Marshall Rivera; Enrique Orellana Cifuentes; Felipe Larraín Bascuñán; Kevin Cowan Logan; Luis Opazo Roco; Luis Óscar Herrera Barriga; Manuel Marfán Lewis; Miguel Ángel Nacrur Gazali; Ricardo Vicuña Poblete; Rodrigo Cerda Norambuena; Rodrigo Vergara Montes; Sebastián Claro Edwards; Sergio Lehmann Beresi","","NO","NO",""
"RPM-2013-03-14:5401:1","5401","2013-03-14","Rodrigo Vergara Montes","NO","SUJETO_ROL_NOMBRE","813","2","Felipe Larraín Bascuñán; Sergio Lehmann Beresi","","NO","SI","UNA_SOLA_VOZ"
"RPM-2013-03-14:5411:1","5411","2013-03-14","Rodrigo Vergara Montes","NO","SUJETO_ROL_NOMBRE","186","1","Sergio Lehmann Beresi","","NO","SI","UNA_SOLA_VOZ"
"RPM-2013-03-14:5435:3","5435","2013-03-14","Consejo del Banco Central de Chile","SI","ACTA/META","145","1","Felipe Larraín Bascuñán","","NO","NO",""
"RPM-2013-03-14:5441:1","5441","2013-03-14","Rodrigo Vergara Montes","NO","SUJETO_ROL_NOMBRE","325","1","Felipe Larraín Bascuñán","","NO","SI","UNA_SOLA_VOZ"
"RPM-2013-03-14:5444:1","5444","2013-03-14","Rodrigo Vergara Montes","NO","SUJETO_ROL_NOMBRE","337","1","Felipe Larraín Bascuñán","","NO","SI","UNA_SOLA_VOZ"
"RPM-2013-04-11:5455:1","5455","2013-04-11","Consejo del Banco Central de Chile","SI","ACTA/META","1416","15","Beltrán de Ramón Acevedo; Claudio Soto Gamboa; Enrique Marshall Rivera; Felipe Larraín Bascuñán; Kevin Cowan Logan; Luis Opazo Roco; Luis Óscar Herrera Barriga; Manuel Marfán Lewis; Matías Bernier Bórquez; Miguel Ángel Nacrur Gazali; Ricardo Vicuña Poblete; Rodrigo Cerda Norambuena; Rodrigo Vergara Montes; Sebastián Claro Edwards; Sergio Lehmann Beresi","","NO","NO",""
"RPM-2013-04-11:5456:1","5456","2013-04-11","Rodrigo Vergara Montes","NO","SUJETO_ROL_NOMBRE","811","2","Felipe Larraín Bascuñán; Sergio Lehmann Beresi","","NO","SI","UNA_SOLA_VOZ"
"RPM-2013-04-11:5472:1","5472","2013-04-11","Rodrigo Vergara Montes","NO","SUJETO_ROL_NOMBRE","186","1","Sergio Lehmann Beresi","","NO","SI","UNA_SOLA_VOZ"
"RPM-2013-04-11:5498:2","5498","2013-04-11","Consejo del Banco Central de Chile","SI","ACTA/META","145","1","Felipe Larraín Bascuñán","","NO","NO",""
"RPM-2013-04-11:5502:1","5502","2013-04-11","Rodrigo Vergara Montes","NO","SUJETO_ROL_NOMBRE","215","2","Beltrán de Ramón Acevedo; Felipe Larraín Bascuñán","","NO","SI","UNA_SOLA_VOZ"
"RPM-2013-04-11:5505:1","5505","2013-04-11","Rodrigo Vergara Montes","NO","SUJETO_ROL_NOMBRE","337","1","Felipe Larraín Bascuñán","","NO","SI","UNA_SOLA_VOZ"
"RPM-2013-04-11:5515:1","5515","2013-04-11","Consejo del Banco Central de Chile","SI","ACTA/META","118","1","Rodrigo Vergara Montes","","NO","NO",""
"RPM-2013-05-16:5516:1","5516","2013-05-16","Consejo del Banco Central de Chile","SI","ACTA/META","1571","15","Beltrán de Ramón Acevedo; Claudio Raddatz Kiefer; Claudio Soto Gamboa; Enrique Marshall Rivera; Felipe Larraín Bascuñán; Luis Opazo Roco; Luis Óscar Herrera Barriga; Manuel Marfán Lewis; Matías Bernier Bórquez; Miguel Ángel Nacrur Gazali; Ricardo Vicuña Poblete; Rodrigo Cerda Norambuena; Rodrigo Vergara Montes; Sebastián Claro Edwards; Sergio Lehmann Beresi","","NO","NO",""
"RPM-2013-05-16:5517:1","5517","2013-05-16","Rodrigo Vergara Montes","NO","SUJETO_ROL_NOMBRE","813","2","Felipe Larraín Bascuñán; Sergio Lehmann Beresi","","NO","SI","UNA_SOLA_VOZ"
"RPM-2013-05-16:5527:1","5527","2013-05-16","Rodrigo Vergara Montes","NO","SUJETO_ROL_NOMBRE","186","1","Sergio Lehmann Beresi","","NO","SI","UNA_SOLA_VOZ"
"RPM-2013-05-16:5548:3","5548","2013-05-16","Consejo del Banco Central de Chile","SI","ACTA/META","145","1","Felipe Larraín Bascuñán","","NO","NO",""
"RPM-2013-05-16:5548:4","5548","2013-05-16","Rodrigo Vergara Montes","NO","CONTEXTO_REVISADO","438","1","Sergio Lehmann Beresi","","NO","SI","UNA_SOLA_VOZ"
"RPM-2013-05-16:5555:1","5555","2013-05-16","Rodrigo Vergara Montes","NO","SUJETO_ROL_NOMBRE","215","2","Beltrán de Ramón Acevedo; Felipe Larraín Bascuñán","","NO","SI","UNA_SOLA_VOZ"
"RPM-2013-05-16:5557:1","5557","2013-05-16","Rodrigo Vergara Montes","NO","SUJETO_ROL_NOMBRE","341","1","Felipe Larraín Bascuñán","","NO","SI","UNA_SOLA_VOZ"
"RPM-2013-05-16:5567:1","5567","2013-05-16","Consejo del Banco Central de Chile","SI","ACTA/META","118","1","Rodrigo Vergara Montes","","NO","NO",""
"RPM-2013-06-13:5568:1","5568","2013-06-13","Consejo del Banco Central de Chile","SI","ACTA/META","1629","15","Beltrán de Ramón Acevedo; Claudio Raddatz Kiefer; Claudio Soto Gamboa; Enrique Marshall Rivera; Felipe Larraín Bascuñán; Kevin Cowan Logan; Luis Opazo Roco; Luis Óscar Herrera Barriga; Manuel Marfán Lewis; Matías Bernier Bórquez; Miguel Ángel Nacrur Gazali; Rodrigo Cerda Norambuena; Rodrigo Vergara Montes; Sebastián Claro Edwards; Sergio Lehmann Beresi","","NO","NO",""
"RPM-2013-06-13:5569:1","5569","2013-06-13","Rodrigo Vergara Montes","NO","SUJETO_ROL_NOMBRE","813","2","Felipe Larraín Bascuñán; Sergio Lehmann Beresi","","NO","SI","UNA_SOLA_VOZ"
"RPM-2013-06-13:5582:1","5582","2013-06-13","Rodrigo Vergara Montes","NO","SUJETO_ROL_NOMBRE","186","1","Sergio Lehmann Beresi","","NO","SI","UNA_SOLA_VOZ"
"RPM-2013-06-13:5615:4","5615","2013-06-13","Consejo del Banco Central de Chile","SI","ACTA/META","145","1","Felipe Larraín Bascuñán","","NO","NO",""
"RPM-2013-06-13:5622:1","5622","2013-06-13","Rodrigo Vergara Montes","NO","SUJETO_ROL_NOMBRE","206","1","Felipe Larraín Bascuñán","","NO","SI","UNA_SOLA_VOZ"
"RPM-2013-06-13:5625:1","5625","2013-06-13","Rodrigo Vergara Montes","NO","SUJETO_ROL_NOMBRE","341","1","Felipe Larraín Bascuñán","","NO","SI","UNA_SOLA_VOZ"
"RPM-2013-06-13:5635:1","5635","2013-06-13","Consejo del Banco Central de Chile","SI","ACTA/META","142","2","Enrique Marshall Rivera; Rodrigo Vergara Montes","","NO","NO",""
"RPM-2013-07-11:5636:1","5636","2013-07-11","Consejo del Banco Central de Chile","SI","ACTA/META","1534","14","Beltrán de Ramón Acevedo; Claudio Raddatz Kiefer; Claudio Soto Gamboa; Enrique Marshall Rivera; Felipe Larraín Bascuñán; Luis Óscar Herrera Barriga; Manuel Marfán Lewis; Matías Bernier Bórquez; Miguel Ángel Nacrur Gazali; Ricardo Vicuña Poblete; Rodrigo Cerda Norambuena; Rodrigo Vergara Montes; Sebastián Claro Edwards; Sergio Lehmann Beresi","","NO","NO",""
"RPM-2013-07-11:5637:1","5637","2013-07-11","Rodrigo Vergara Montes","NO","SUJETO_ROL_NOMBRE","809","2","Felipe Larraín Bascuñán; Sergio Lehmann Beresi","","NO","SI","UNA_SOLA_VOZ"
"RPM-2013-07-11:5652:1","5652","2013-07-11","Rodrigo Vergara Montes","NO","SUJETO_ROL_NOMBRE","414","1","Sergio Lehmann Beresi","","NO","SI","UNA_SOLA_VOZ"
"RPM-2013-07-11:5679:3","5679","2013-07-11","Consejo del Banco Central de Chile","SI","ACTA/META","145","1","Felipe Larraín Bascuñán","","NO","NO",""
"RPM-2013-07-11:5686:1","5686","2013-07-11","Rodrigo Vergara Montes","NO","SUJETO_ROL_NOMBRE","228","1","Beltrán de Ramón Acevedo","","NO","SI","UNA_SOLA_VOZ"
"RPM-2013-07-11:5688:1","5688","2013-07-11","Rodrigo Vergara Montes","NO","SUJETO_ROL_NOMBRE","214","2","Beltrán de Ramón Acevedo; Felipe Larraín Bascuñán","","NO","SI","UNA_SOLA_VOZ"
"RPM-2013-07-11:5690:1","5690","2013-07-11","Rodrigo Vergara Montes","NO","SUJETO_ROL_NOMBRE","341","1","Felipe Larraín Bascuñán","","NO","SI","UNA_SOLA_VOZ"
"RPM-2013-07-11:5700:1","5700","2013-07-11","Consejo del Banco Central de Chile","SI","ACTA/META","170","3","Enrique Marshall Rivera; Rodrigo Vergara Montes; Sebastián Claro Edwards","","NO","NO",""
"RPM-2013-08-13:5701:1","5701","2013-08-13","Consejo del Banco Central de Chile","SI","ACTA/META","1544","15","Beltrán de Ramón Acevedo; Claudio Raddatz Kiefer; Claudio Soto Gamboa; Enrique Marshall Rivera; Kevin Cowan Logan; Luis Opazo Roco; Luis Óscar Herrera Barriga; Manuel Marfán Lewis; Matías Bernier Bórquez; Miguel Ángel Nacrur Gazali; Ricardo Vicuña Poblete; Rodrigo Cerda Norambuena; Rodrigo Vergara Montes; Sebastián Claro Edwards; Sergio Lehmann Beresi","","NO","NO",""
"RPM-2013-08-13:5702:1","5702","2013-08-13","Rodrigo Vergara Montes","NO","SUJETO_ROL_NOMBRE","477","1","Sergio Lehmann Beresi","","NO","SI","UNA_SOLA_VOZ"
"RPM-2013-08-13:5710:1","5710","2013-08-13","Rodrigo Vergara Montes","NO","SUJETO_ROL_NOMBRE","187","1","Sergio Lehmann Beresi","","NO","SI","UNA_SOLA_VOZ"
"RPM-2013-09-12:5754:1","5754","2013-09-12","Consejo del Banco Central de Chile","SI","ACTA/META","1491","14","Beltrán de Ramón Acevedo; Claudio Raddatz Kiefer; Claudio Soto Gamboa; Enrique Marshall Rivera; Kevin Cowan Logan; Luis Opazo Roco; Luis Óscar Herrera Barriga; Manuel Marfán Lewis; Miguel Ángel Nacrur Gazali; Ricardo Vicuña Poblete; Rodrigo Cerda Norambuena; Rodrigo Vergara Montes; Sebastián Claro Edwards; Sergio Lehmann Beresi","","NO","NO",""
"RPM-2013-09-12:5755:1","5755","2013-09-12","Rodrigo Vergara Montes","NO","SUJETO_ROL_NOMBRE","475","1","Sergio Lehmann Beresi","","NO","SI","UNA_SOLA_VOZ"
"RPM-2013-09-12:5770:3","5770","2013-09-12","Rodrigo Vergara Montes","NO","SUJETO_ROL_NOMBRE","187","1","Sergio Lehmann Beresi","","NO","SI","UNA_SOLA_VOZ"
"RPM-2013-09-12:5775:1","5775","2013-09-12","Kevin Cowan Logan","NO","SUJETO_ROL_NOMBRE","2890","1","Sergio Lehmann Beresi","","NO","SI","UNA_SOLA_VOZ"
"RPM-2013-10-17:5814:1","5814","2013-10-17","Consejo del Banco Central de Chile","SI","ACTA/META","1501","15","Claudio Raddatz Kiefer; Claudio Soto Gamboa; Enrique Marshall Rivera; Felipe Larraín Bascuñán; Kevin Cowan Logan; Luis Opazo Roco; Luis Óscar Herrera Barriga; Manuel Marfán Lewis; Matías Bernier Bórquez; Miguel Ángel Nacrur Gazali; Ricardo Vicuña Poblete; Rodrigo Cerda Norambuena; Rodrigo Vergara Montes; Sebastián Claro Edwards; Sergio Lehmann Beresi","","NO","NO",""
"RPM-2013-10-17:5815:1","5815","2013-10-17","Rodrigo Vergara Montes","NO","SUJETO_ROL_NOMBRE","474","1","Sergio Lehmann Beresi","","NO","SI","UNA_SOLA_VOZ"
"RPM-2013-10-17:5821:2","5821","2013-10-17","Rodrigo Vergara Montes","NO","SUJETO_ROL_NOMBRE","187","1","Sergio Lehmann Beresi","","NO","SI","UNA_SOLA_VOZ"
"RPM-2013-11-19:5859:1","5859","2013-11-19","Consejo del Banco Central de Chile","SI","ACTA/META","1540","15","Beltrán de Ramón Acevedo; Claudio Raddatz Kiefer; Claudio Soto Gamboa; Enrique Marshall Rivera; Enrique Orellana Cifuentes; Kevin Cowan Logan; Luis Óscar Herrera Barriga; Manuel Marfán Lewis; Matías Bernier Bórquez; Miguel Ángel Nacrur Gazali; Ricardo Vicuña Poblete; Rodrigo Cerda Norambuena; Rodrigo Vergara Montes; Sebastián Claro Edwards; Sergio Lehmann Beresi","","NO","NO",""
"RPM-2013-11-19:5860:1","5860","2013-11-19","Rodrigo Vergara Montes","NO","SUJETO_ROL_NOMBRE","470","1","Sergio Lehmann Beresi","","NO","SI","UNA_SOLA_VOZ"
"RPM-2013-11-19:5862:1","5862","2013-11-19","Rodrigo Vergara Montes","NO","SUJETO_ROL_NOMBRE","187","1","Sergio Lehmann Beresi","","NO","SI","UNA_SOLA_VOZ"
"RPM-2013-11-19:5890:1","5890","2013-11-19","Rodrigo Vergara Montes","NO","SUJETO_ROL_NOMBRE","227","1","Beltrán de Ramón Acevedo","","NO","SI","UNA_SOLA_VOZ"
"RPM-2013-12-12:5905:1","5905","2013-12-12","Consejo del Banco Central de Chile","SI","ACTA/META","1549","16","Beltrán de Ramón Acevedo; Claudio Raddatz Kiefer; Claudio Soto Gamboa; Enrique Marshall Rivera; Enrique Orellana Cifuentes; Felipe Larraín Bascuñán; Kevin Cowan Logan; Luis Opazo Roco; Luis Óscar Herrera Barriga; Manuel Marfán Lewis; Miguel Ángel Nacrur Gazali; Ricardo Vicuña Poblete; Rodrigo Cerda Norambuena; Rodrigo Vergara Montes; Sebastián Claro Edwards; Sergio Lehmann Beresi","","NO","NO",""
"RPM-2013-12-12:5906:1","5906","2013-12-12","Rodrigo Vergara Montes","NO","SUJETO_ROL_NOMBRE","470","1","Sergio Lehmann Beresi","","NO","SI","UNA_SOLA_VOZ"
"RPM-2013-12-12:5914:1","5914","2013-12-12","Rodrigo Vergara Montes","NO","SUJETO_ROL_NOMBRE","187","1","Sergio Lehmann Beresi","","NO","SI","UNA_SOLA_VOZ"
"RPM-2013-12-12:5948:1","5948","2013-12-12","Rodrigo Vergara Montes","NO","SUJETO_ROL_NOMBRE","226","1","Beltrán de Ramón Acevedo","","NO","SI","UNA_SOLA_VOZ"
"RPM-2013-12-12:5963:1","5963","2013-12-12","Consejo del Banco Central de Chile","SI","ACTA/META","139","1","Rodrigo Vergara Montes","","NO","NO",""
"RPM-2014-01-16:5964:1","5964","2014-01-16","Consejo del Banco Central de Chile","SI","ACTA/META","1337","13","Beltrán de Ramón Acevedo; Claudio Soto Gamboa; Enrique Marshall Rivera; Enrique Orellana Cifuentes; Kevin Cowan Logan; Luis Óscar Herrera Barriga; Matías Bernier Bórquez; Miguel Ángel Nacrur Gazali; Ricardo Vicuña Poblete; Rodrigo Cerda Norambuena; Rodrigo Vergara Montes; Sebastián Claro Edwards; Sergio Lehmann Beresi","","NO","NO",""
"RPM-2014-01-16:5965:1","5965","2014-01-16","Rodrigo Vergara Montes","NO","SUJETO_ROL_NOMBRE","470","1","Sergio Lehmann Beresi","","NO","SI","UNA_SOLA_VOZ"
"RPM-2014-01-16:5971:1","5971","2014-01-16","Rodrigo Vergara Montes","NO","SUJETO_ROL_NOMBRE","187","1","Sergio Lehmann Beresi","","NO","SI","UNA_SOLA_VOZ"
"RPM-2014-01-16:5999:1","5999","2014-01-16","Rodrigo Vergara Montes","NO","SUJETO_ROL_NOMBRE","132","1","Beltrán de Ramón Acevedo","DUPLICADO_NO_FORMULA","NO","SI","UNA_SOLA_VOZ"
"RPM-2014-01-16:6007:1","6007","2014-01-16","Consejo del Banco Central de Chile","SI","ACTA/META","149","2","Enrique Marshall Rivera; Rodrigo Vergara Montes","","NO","NO",""
"RPM-2014-02-18:6008:1","6008","2014-02-18","Consejo del Banco Central de Chile","SI","ACTA/META","1435","14","Beltrán de Ramón Acevedo; Claudio Raddatz Kiefer; Claudio Soto Gamboa; Enrique Marshall Rivera; Enrique Orellana Cifuentes; Felipe Larraín Bascuñán; Kevin Cowan Logan; Miguel Ricaurte Bermúdez; Miguel Ricaurte Vintimilla; Miguel Ángel Nacrur Gazali; Pablo García Silva; Rodrigo Cerda Norambuena; Rodrigo Vergara Montes; Sebastián Claro Edwards","","NO","NO",""
"RPM-2014-02-18:6009:1","6009","2014-02-18","Rodrigo Vergara Montes","NO","SUJETO_ROL_NOMBRE","1451","4","Claudio Soto Gamboa; Enrique Marshall Rivera; Miguel Ricaurte Vintimilla; Pablo García Silva","","NO","SI","UNA_SOLA_VOZ"
"RPM-2014-02-18:6020:1","6020","2014-02-18","Rodrigo Vergara Montes","NO","SUJETO_ROL_NOMBRE","199","1","Miguel Ricaurte Vintimilla","","NO","SI","UNA_SOLA_VOZ"
"RPM-2014-02-18:6044:1","6044","2014-02-18","Rodrigo Vergara Montes","NO","SUJETO_ROL_NOMBRE","230","1","Beltrán de Ramón Acevedo","","NO","SI","UNA_SOLA_VOZ"
"RPM-2014-03-13:6057:1","6057","2014-03-13","Consejo del Banco Central de Chile","SI","ACTA/META","1513","14","Alberto Arenas de Mesa; Beltrán de Ramón Acevedo; Claudio Raddatz Kiefer; Claudio Soto Gamboa; Enrique Marshall Rivera; Kevin Cowan Logan; Luis Óscar Herrera Barriga; Matías Bernier Bórquez; Miguel Fuentes Díaz; Pablo García Silva; Pablo Mattar Oyarzún; Rodrigo Vergara Montes; Sebastián Claro Edwards; Sergio Lehmann Beresi","","NO","NO",""
"RPM-2014-03-13:6058:1","6058","2014-03-13","Rodrigo Vergara Montes","NO","SUJETO_ROL_NOMBRE","1017","2","Kevin Cowan Logan; Sergio Lehmann Beresi","FINAL_SIN_PUNTUACION","NO","SI","UNA_SOLA_VOZ"
"RPM-2014-03-13:6075:1","6075","2014-03-13","Rodrigo Vergara Montes","NO","SUJETO_ROL_NOMBRE","187","1","Sergio Lehmann Beresi","","NO","SI","UNA_SOLA_VOZ"
"RPM-2014-03-13:6077:1","6077","2014-03-13","Joaquín Vial Ruiz-Tagle","NO","SUJETO_ROL_NOMBRE","2181","1","Sergio Lehmann Beresi","","NO","SI","UNA_SOLA_VOZ"
"RPM-2014-03-13:6093:3","6093","2014-03-13","Consejo del Banco Central de Chile","SI","ACTA/META","145","1","Alberto Arenas de Mesa","","NO","NO",""
"RPM-2014-03-13:6094:1","6094","2014-03-13","Rodrigo Vergara Montes","NO","SUJETO_ROL_NOMBRE","1377","1","Alberto Arenas de Mesa","","NO","SI","UNA_SOLA_VOZ"
"RPM-2014-03-13:6100:1","6100","2014-03-13","Rodrigo Vergara Montes","NO","SUJETO_ROL_NOMBRE","225","1","Beltrán de Ramón Acevedo","","NO","SI","UNA_SOLA_VOZ"
"RPM-2014-03-13:6102:1","6102","2014-03-13","Matías Bernier Bórquez","NO","SUJETO_NOMBRE","1335","1","Beltrán de Ramón Acevedo","","NO","SI","UNA_SOLA_VOZ"
"RPM-2014-03-13:6103:1","6103","2014-03-13","Rodrigo Vergara Montes","NO","SUJETO_ROL_NOMBRE","212","1","Alberto Arenas de Mesa","","NO","SI","UNA_SOLA_VOZ"
"RPM-2014-03-13:6104:2","6104","2014-03-13","Rodrigo Vergara Montes","NO","SUJETO_ROL_NOMBRE","308","1","Alberto Arenas de Mesa","","NO","SI","UNA_SOLA_VOZ"
"RPM-2014-03-13:6114:1","6114","2014-03-13","Consejo del Banco Central de Chile","SI","ACTA/META","149","2","Enrique Marshall Rivera; Rodrigo Vergara Montes","","NO","NO",""
"RPM-2014-04-17:6115:1","6115","2014-04-17","Consejo del Banco Central de Chile","SI","ACTA/META","1484","15","Alberto Arenas de Mesa; Beltrán de Ramón Acevedo; Claudio Raddatz Kiefer; Claudio Soto Gamboa; Enrique Marshall Rivera; Enrique Orellana Cifuentes; Luis Óscar Herrera Barriga; Matías Bernier Bórquez; Miguel Fuentes Díaz; Miguel Ángel Nacrur Gazali; Pablo García Silva; Ricardo Vicuña Poblete; Rodrigo Vergara Montes; Sebastián Claro Edwards; Sergio Lehmann Beresi","","NO","NO",""
"RPM-2014-04-17:6116:1","6116","2014-04-17","Rodrigo Vergara Montes","NO","SUJETO_ROL_NOMBRE","472","1","Sergio Lehmann Beresi","","NO","SI","UNA_SOLA_VOZ"
"RPM-2014-04-17:6118:1","6118","2014-04-17","Sebastián Claro Edwards","NO","SUJETO_ROL_NOMBRE","490","1","Sergio Lehmann Beresi","","NO","SI","UNA_SOLA_VOZ"
"RPM-2014-04-17:6124:1","6124","2014-04-17","Rodrigo Vergara Montes","NO","SUJETO_ROL_NOMBRE","187","1","Sergio Lehmann Beresi","","NO","SI","UNA_SOLA_VOZ"
"RPM-2014-04-17:6129:1","6129","2014-04-17","Claudio Raddatz Kiefer","NO","SUJETO_ROL_NOMBRE","1079","1","Sergio Lehmann Beresi","","NO","SI","UNA_SOLA_VOZ"
"RPM-2014-04-17:6163:4","6163","2014-04-17","Consejo del Banco Central de Chile","SI","ACTA/META","145","1","Alberto Arenas de Mesa","","NO","NO",""
"RPM-2014-04-17:6170:1","6170","2014-04-17","Rodrigo Vergara Montes","NO","SUJETO_ROL_NOMBRE","228","2","Alberto Arenas de Mesa; Beltrán de Ramón Acevedo","","NO","SI","UNA_SOLA_VOZ"
"RPM-2014-04-17:6172:1","6172","2014-04-17","Rodrigo Vergara Montes","NO","SUJETO_ROL_NOMBRE","308","1","Alberto Arenas de Mesa","","NO","SI","UNA_SOLA_VOZ"
"RPM-2014-05-15:6181:1","6181","2014-05-15","Consejo del Banco Central de Chile","SI","ACTA/META","1607","14","Beltrán de Ramón Acevedo; Claudio Raddatz Kiefer; Claudio Soto Gamboa; Enrique Marshall Rivera; Enrique Orellana Cifuentes; Luis Óscar Herrera Barriga; Matías Bernier Bórquez; Miguel Fuentes Díaz; Miguel Ángel Nacrur Gazali; Pablo García Silva; Ricardo Vicuña Poblete; Rodrigo Vergara Montes; Sebastián Claro Edwards; Sergio Lehmann Beresi","","NO","NO",""
"RPM-2014-05-15:6182:1","6182","2014-05-15","Rodrigo Vergara Montes","NO","SUJETO_ROL_NOMBRE","471","1","Sergio Lehmann Beresi","","NO","SI","UNA_SOLA_VOZ"
"RPM-2014-05-15:6186:1","6186","2014-05-15","Rodrigo Vergara Montes","NO","SUJETO_ROL_NOMBRE","187","1","Sergio Lehmann Beresi","","NO","SI","UNA_SOLA_VOZ"
"RPM-2014-06-12:6236:1","6236","2014-06-12","Consejo del Banco Central de Chile","SI","ACTA/META","1611","15","Alberto Arenas de Mesa; Beltrán de Ramón Acevedo; Claudio Raddatz Kiefer; Claudio Soto Gamboa; Enrique Marshall Rivera; Enrique Orellana Cifuentes; Luis Óscar Herrera Barriga; Matías Bernier Bórquez; Miguel Fuentes Díaz; Miguel Ángel Nacrur Gazali; Pablo García Silva; Ricardo Vicuña Poblete; Rodrigo Vergara Montes; Sebastián Claro Edwards; Sergio Lehmann Beresi","","NO","NO",""
"RPM-2014-06-12:6237:1","6237","2014-06-12","Rodrigo Vergara Montes","NO","SUJETO_ROL_NOMBRE","474","1","Sergio Lehmann Beresi","","NO","SI","UNA_SOLA_VOZ"
"RPM-2014-06-12:6247:1","6247","2014-06-12","Rodrigo Vergara Montes","NO","SUJETO_ROL_NOMBRE","187","1","Sergio Lehmann Beresi","","NO","SI","UNA_SOLA_VOZ"
"RPM-2014-06-12:6248:1","6248","2014-06-12","Sebastián Claro Edwards","NO","SUJETO_ROL_NOMBRE","1616","1","Sergio Lehmann Beresi","","NO","SI","UNA_SOLA_VOZ"
"RPM-2014-06-12:6276:3","6276","2014-06-12","Consejo del Banco Central de Chile","SI","ACTA/META","145","1","Alberto Arenas de Mesa","","NO","NO",""
"RPM-2014-06-12:6277:1","6277","2014-06-12","Rodrigo Vergara Montes","NO","CONTEXTO_REVISADO","960","1","Miguel Ángel Nacrur Gazali","","NO","SI","UNA_SOLA_VOZ"
"RPM-2014-06-12:6283:1","6283","2014-06-12","Rodrigo Vergara Montes","NO","SUJETO_ROL_NOMBRE","255","2","Alberto Arenas de Mesa; Beltrán de Ramón Acevedo","","NO","SI","UNA_SOLA_VOZ"
"RPM-2014-06-12:6285:1","6285","2014-06-12","Rodrigo Vergara Montes","NO","SUJETO_ROL_NOMBRE","308","1","Alberto Arenas de Mesa","","NO","SI","UNA_SOLA_VOZ"
"RPM-2014-06-12:6295:1","6295","2014-06-12","Consejo del Banco Central de Chile","SI","ACTA/META","154","2","Enrique Marshall Rivera; Rodrigo Vergara Montes","","NO","NO",""
"RPM-2014-07-15:6296:1","6296","2014-07-15","Consejo del Banco Central de Chile","SI","ACTA/META","1559","12","Beltrán de Ramón Acevedo; Claudio Raddatz Kiefer; Claudio Soto Gamboa; Enrique Marshall Rivera; Enrique Orellana Cifuentes; Juan Pablo Araya Marco; Matías Bernier Bórquez; Miguel Fuentes Díaz; Pablo García Silva; Rodrigo Vergara Montes; Sebastián Claro Edwards; Sergio Lehmann Beresi","","NO","NO",""
"RPM-2014-07-15:6297:1","6297","2014-07-15","Rodrigo Vergara Montes","NO","SUJETO_ROL_NOMBRE","470","1","Sergio Lehmann Beresi","","NO","SI","UNA_SOLA_VOZ"
"RPM-2014-07-15:6305:1","6305","2014-07-15","Rodrigo Vergara Montes","NO","SUJETO_ROL_NOMBRE","187","1","Sergio Lehmann Beresi","","NO","SI","UNA_SOLA_VOZ"
"RPM-2014-08-14:6342:1","6342","2014-08-14","Consejo del Banco Central de Chile","SI","ACTA/META","1669","13","Beltrán de Ramón Acevedo; Claudio Raddatz Kiefer; Claudio Soto Gamboa; Enrique Marshall Rivera; Enrique Orellana Cifuentes; Juan Pablo Araya Marco; Matías Bernier Bórquez; Miguel Fuentes Díaz; Pablo García Silva; Ricardo Vicuña Poblete; Rodrigo Vergara Montes; Sebastián Claro Edwards; Sergio Lehmann Beresi","","NO","NO",""
"RPM-2014-08-14:6343:1","6343","2014-08-14","Rodrigo Vergara Montes","NO","SUJETO_ROL_NOMBRE","472","1","Sergio Lehmann Beresi","","NO","SI","UNA_SOLA_VOZ"
"RPM-2014-08-14:6350:1","6350","2014-08-14","Rodrigo Vergara Montes","NO","SUJETO_ROL_NOMBRE","187","1","Sergio Lehmann Beresi","","NO","SI","UNA_SOLA_VOZ"
"RPM-2014-08-14:6379:1","6379","2014-08-14","Rodrigo Vergara Montes","NO","SUJETO_ROL_NOMBRE","230","1","Beltrán de Ramón Acevedo","","NO","SI","UNA_SOLA_VOZ"
"RPM-2014-08-14:6381:1","6381","2014-08-14","Rodrigo Vergara Montes","NO","SUJETO_ROL_NOMBRE","256","1","Beltrán de Ramón Acevedo","","NO","SI","UNA_SOLA_VOZ"
"RPM-2014-09-11:6391:1","6391","2014-09-11","Consejo del Banco Central de Chile","SI","ACTA/META","1532","12","Alberto Arenas de Mesa; Beltrán de Ramón Acevedo; Enrique Marshall Rivera; Enrique Orellana Cifuentes; Juan Pablo Araya Marco; Matías Bernier Bórquez; Miguel Fuentes Díaz; Pablo García Silva; Ricardo Vicuña Poblete; Rodrigo Vergara Montes; Sebastián Claro Edwards; Sergio Lehmann Beresi","","NO","NO",""
"RPM-2014-09-11:6392:1","6392","2014-09-11","Rodrigo Vergara Montes","NO","SUJETO_ROL_NOMBRE","470","1","Sergio Lehmann Beresi","","NO","SI","UNA_SOLA_VOZ"
"RPM-2014-09-11:6398:1","6398","2014-09-11","Rodrigo Vergara Montes","NO","SUJETO_ROL_NOMBRE","187","1","Sergio Lehmann Beresi","","NO","SI","UNA_SOLA_VOZ"
"RPM-2014-09-11:6402:1","6402","2014-09-11","Rodrigo Vergara Montes","NO","SUJETO_ROL_NOMBRE","736","1","Pablo García Silva","","NO","SI","UNA_SOLA_VOZ"
"RPM-2014-09-11:6422:3","6422","2014-09-11","Consejo del Banco Central de Chile","SI","ACTA/META","145","1","Alberto Arenas de Mesa","","NO","NO",""
"RPM-2014-09-11:6427:1","6427","2014-09-11","Rodrigo Vergara Montes","NO","SUJETO_ROL_NOMBRE","213","1","Alberto Arenas de Mesa","","NO","SI","UNA_SOLA_VOZ"
"RPM-2014-09-11:6429:1","6429","2014-09-11","Rodrigo Vergara Montes","NO","SUJETO_ROL_NOMBRE","308","1","Alberto Arenas de Mesa","","NO","SI","UNA_SOLA_VOZ"
"RPM-2014-09-11:6439:1","6439","2014-09-11","Consejo del Banco Central de Chile","SI","ACTA/META","151","2","Enrique Marshall Rivera; Rodrigo Vergara Montes","","NO","NO",""
"RPM-2014-10-16:6440:1","6440","2014-10-16","Consejo del Banco Central de Chile","SI","ACTA/META","1559","16","Alberto Arenas de Mesa; Alberto Naudon Dell'Oro; Beltrán de Ramón Acevedo; Claudio Raddatz Kiefer; Claudio Soto Gamboa; Enrique Marshall Rivera; Enrique Orellana Cifuentes; Juan Pablo Araya Marco; Matías Bernier Bórquez; Miguel Fuentes Díaz; Miguel Ricaurte Bermúdez; Miguel Ricaurte Vintimilla; Pablo García Silva; Ricardo Vicuña Poblete; Rodrigo Vergara Montes; Sebastián Claro Edwards","","NO","NO",""
"RPM-2014-10-16:6441:1","6441","2014-10-16","Rodrigo Vergara Montes","NO","SUJETO_ROL_NOMBRE","455","1","Miguel Ricaurte Vintimilla","","NO","SI","UNA_SOLA_VOZ"
"RPM-2014-10-16:6444:1","6444","2014-10-16","Rodrigo Vergara Montes","NO","SUJETO_ROL_NOMBRE","172","1","Miguel Ricaurte Vintimilla","","NO","SI","UNA_SOLA_VOZ"
"RPM-2014-10-16:6451:4","6451","2014-10-16","Consejo del Banco Central de Chile","SI","ACTA/META","111","1","Claudio Soto Gamboa","","NO","NO",""
"RPM-2014-10-16:6466:3","6466","2014-10-16","Consejo del Banco Central de Chile","SI","ACTA/META","145","1","Alberto Arenas de Mesa","","NO","NO",""
"RPM-2014-10-16:6473:1","6473","2014-10-16","Rodrigo Vergara Montes","NO","SUJETO_ROL_NOMBRE","250","2","Alberto Arenas de Mesa; Beltrán de Ramón Acevedo","","NO","SI","UNA_SOLA_VOZ"
"RPM-2014-10-16:6475:1","6475","2014-10-16","Rodrigo Vergara Montes","NO","SUJETO_ROL_NOMBRE","308","1","Alberto Arenas de Mesa","","NO","SI","UNA_SOLA_VOZ"
"RPM-2014-10-16:6476:1","6476","2014-10-16","Pablo García Silva","NO","SUJETO_ROL_NOMBRE","5155","1","Beltrán de Ramón Acevedo","","NO","SI","UNA_SOLA_VOZ"
"RPM-2014-11-18:6486:1","6486","2014-11-18","Consejo del Banco Central de Chile","SI","ACTA/META","1442","8","Beltrán de Ramón Acevedo; Enrique Marshall Rivera; Juan Pablo Araya Marco; Matías Bernier Bórquez; Miguel Fuentes Díaz; Pablo García Silva; Rodrigo Vergara Montes; Sebastián Claro Edwards","","NO","NO",""
"RPM-2014-12-11:6518:1","6518","2014-12-11","Consejo del Banco Central de Chile","SI","ACTA/META","1505","13","Alberto Arenas de Mesa; Beltrán de Ramón Acevedo; Claudio Raddatz Kiefer; Claudio Soto Gamboa; Enrique Marshall Rivera; Enrique Orellana Cifuentes; Juan Pablo Araya Marco; Matías Bernier Bórquez; Miguel Fuentes Díaz; Pablo García Silva; Ricardo Vicuña Poblete; Rodrigo Vergara Montes; Sebastián Claro Edwards","","NO","NO",""
"RPM-2014-12-11:6519:1","6519","2014-12-11","Rodrigo Vergara Montes","NO","SUJETO_ROL_NOMBRE","471","1","Miguel Fuentes Díaz","","NO","SI","UNA_SOLA_VOZ"
"RPM-2014-12-11:6524:1","6524","2014-12-11","Rodrigo Vergara Montes","NO","SUJETO_ROL_NOMBRE","152","1","Miguel Fuentes Díaz","","NO","SI","UNA_SOLA_VOZ"
"RPM-2014-12-11:6528:1","6528","2014-12-11","Rodrigo Vergara Montes","NO","SUJETO_ROL_NOMBRE","868","1","Alberto Arenas de Mesa","","NO","SI","UNA_SOLA_VOZ"
"RPM-2014-12-11:6530:2","6530","2014-12-11","Rodrigo Vergara Montes","NO","SUJETO_ROL_NOMBRE","239","1","Miguel Fuentes Díaz","","NO","SI","UNA_SOLA_VOZ"
"RPM-2014-12-11:6532:1","6532","2014-12-11","Rodrigo Vergara Montes","NO","SUJETO_ROL_NOMBRE","185","1","Miguel Fuentes Díaz","","NO","SI","UNA_SOLA_VOZ"
"RPM-2014-12-11:6534:2","6534","2014-12-11","Consejo del Banco Central de Chile","SI","ACTA/META","145","1","Alberto Arenas de Mesa","","NO","NO",""
"RPM-2014-12-11:6536:1","6536","2014-12-11","Rodrigo Vergara Montes","NO","SUJETO_ROL_NOMBRE","223","1","Alberto Arenas de Mesa","","NO","SI","UNA_SOLA_VOZ"
"RPM-2014-12-11:6538:1","6538","2014-12-11","Rodrigo Vergara Montes","NO","SUJETO_ROL_NOMBRE","304","1","Alberto Arenas de Mesa","","NO","SI","UNA_SOLA_VOZ"
"RPM-2014-12-11:6548:1","6548","2014-12-11","Consejo del Banco Central de Chile","SI","ACTA/META","163","2","Enrique Marshall Rivera; Rodrigo Vergara Montes","","NO","NO",""
"RPM-2015-01-15:6549:1","6549","2015-01-15","Consejo del Banco Central de Chile","SI","ACTA/META","1457","12","Alberto Arenas de Mesa; Alberto Naudon Dell'Oro; Beltrán de Ramón Acevedo; Claudio Soto Gamboa; Enrique Marshall Rivera; Enrique Orellana Cifuentes; Matías Bernier Bórquez; Miguel Fuentes Díaz; Pablo García Silva; Ricardo Vicuña Poblete; Rodrigo Vergara Montes; Sebastián Claro Edwards","","NO","NO",""
"RPM-2015-01-15:6550:1","6550","2015-01-15","Rodrigo Vergara Montes","NO","SUJETO_ROL_NOMBRE","471","1","Miguel Fuentes Díaz","","NO","SI","UNA_SOLA_VOZ"
"RPM-2015-01-15:6566:1","6566","2015-01-15","Rodrigo Vergara Montes","NO","SUJETO_ROL_NOMBRE","153","1","Miguel Fuentes Díaz","","NO","SI","UNA_SOLA_VOZ"
"RPM-2015-01-15:6578:1","6578","2015-01-15","Rodrigo Vergara Montes","NO","SUJETO_ROL_NOMBRE","185","1","Miguel Fuentes Díaz","","NO","SI","UNA_SOLA_VOZ"
"RPM-2015-01-15:6583:4","6583","2015-01-15","Consejo del Banco Central de Chile","SI","ACTA/META","145","1","Alberto Arenas de Mesa","","NO","NO",""
"RPM-2015-01-15:6586:1","6586","2015-01-15","Rodrigo Vergara Montes","NO","SUJETO_ROL_NOMBRE","223","1","Alberto Arenas de Mesa","","NO","SI","UNA_SOLA_VOZ"
"RPM-2015-01-15:6586:3","6586","2015-01-15","Rodrigo Vergara Montes","NO","SUJETO_ROL_NOMBRE","305","1","Alberto Arenas de Mesa","","NO","SI","UNA_SOLA_VOZ"
"RPM-2015-02-12:6596:1","6596","2015-02-12","Consejo del Banco Central de Chile","SI","ACTA/META","1449","10","Alberto Naudon Dell'Oro; Beltrán de Ramón Acevedo; Elías Albagli Iruretagoyena; Enrique Marshall Rivera; Juan Pablo Araya Marco; Matías Bernier Bórquez; Miguel Fuentes Díaz; Pablo García Silva; Rodrigo Vergara Montes; Sebastián Claro Edwards","","NO","NO",""
"RPM-2015-02-12:6597:1","6597","2015-02-12","Rodrigo Vergara Montes","NO","SUJETO_ROL_NOMBRE","478","1","Miguel Fuentes Díaz","","NO","SI","UNA_SOLA_VOZ"
"RPM-2015-02-12:6608:1","6608","2015-02-12","Rodrigo Vergara Montes","NO","SUJETO_ROL_NOMBRE","153","1","Miguel Fuentes Díaz","","NO","SI","UNA_SOLA_VOZ"
"RPM-2015-02-12:6619:1","6619","2015-02-12","Rodrigo Vergara Montes","NO","SUJETO_ROL_NOMBRE","185","1","Miguel Fuentes Díaz","","NO","SI","UNA_SOLA_VOZ"
"RPM-2015-03-19:6638:1","6638","2015-03-19","Consejo del Banco Central de Chile","SI","ACTA/META","1710","15","Alberto Arenas de Mesa; Beltrán de Ramón Acevedo; Claudio Raddatz Kiefer; Claudio Soto Gamboa; Diego Gianelli Gómez; Elías Albagli Iruretagoyena; Enrique Marshall Rivera; Enrique Orellana Cifuentes; Juan Pablo Araya Marco; Matías Bernier Bórquez; Miguel Fuentes Díaz; Pablo García Silva; Ricardo Vicuña Poblete; Rodrigo Vergara Montes; Sebastián Claro Edwards","","NO","NO",""
"RPM-2015-03-19:6639:1","6639","2015-03-19","Rodrigo Vergara Montes","NO","SUJETO_ROL_NOMBRE","492","1","Diego Gianelli Gómez","","NO","SI","UNA_SOLA_VOZ"
"RPM-2015-03-19:6649:1","6649","2015-03-19","Alberto Naudon Dell'Oro","NO","SUJETO_ROL_NOMBRE","377","1","Diego Gianelli Gómez","","NO","SI","UNA_SOLA_VOZ"
"RPM-2015-03-19:6657:1","6657","2015-03-19","Rodrigo Vergara Montes","NO","SUJETO_ROL_NOMBRE","153","1","Diego Gianelli Gómez","","NO","SI","UNA_SOLA_VOZ"
"RPM-2015-03-19:6678:2","6678","2015-03-19","Consejo del Banco Central de Chile","SI","ACTA/META","145","1","Alberto Arenas de Mesa","","NO","NO",""
"RPM-2015-03-19:6680:1","6680","2015-03-19","Rodrigo Vergara Montes","NO","SUJETO_ROL_NOMBRE","223","1","Alberto Arenas de Mesa","","NO","SI","UNA_SOLA_VOZ"
"RPM-2015-03-19:6682:1","6682","2015-03-19","Rodrigo Vergara Montes","NO","SUJETO_ROL_NOMBRE","305","1","Alberto Arenas de Mesa","","NO","SI","UNA_SOLA_VOZ"
"RPM-2015-04-16:6692:1","6692","2015-04-16","Consejo del Banco Central de Chile","SI","ACTA/META","1718","14","Alberto Arenas de Mesa; Alberto Naudon Dell'Oro; Beltrán de Ramón Acevedo; Claudio Soto Gamboa; Diego Gianelli Gómez; Elías Albagli Iruretagoyena; Enrique Marshall Rivera; Enrique Orellana Cifuentes; Juan Pablo Araya Marco; Matías Bernier Bórquez; Miguel Fuentes Díaz; Ricardo Vicuña Poblete; Rodrigo Vergara Montes; Sebastián Claro Edwards","","NO","NO",""
"RPM-2015-04-16:6693:1","6693","2015-04-16","Rodrigo Vergara Montes","NO","SUJETO_ROL_NOMBRE","852","1","Diego Gianelli Gómez","","NO","SI","UNA_SOLA_VOZ"
"RPM-2015-04-16:6709:1","6709","2015-04-16","Rodrigo Vergara Montes","NO","SUJETO_ROL_NOMBRE","153","1","Diego Gianelli Gómez","","NO","SI","UNA_SOLA_VOZ"
"RPM-2015-04-16:6744:1","6744","2015-04-16","Rodrigo Vergara Montes","NO","SUJETO_ROL_NOMBRE","223","1","Alberto Arenas de Mesa","","NO","SI","UNA_SOLA_VOZ"
"RPM-2015-04-16:6746:1","6746","2015-04-16","Rodrigo Vergara Montes","NO","SUJETO_ROL_NOMBRE","268","1","Alberto Arenas de Mesa","","NO","SI","UNA_SOLA_VOZ"
"RPM-2015-05-14:6755:1","6755","2015-05-14","Consejo del Banco Central de Chile","SI","ACTA/META","1585","15","Alberto Naudon Dell'Oro; Beltrán de Ramón Acevedo; Claudio Raddatz Kiefer; Claudio Soto Gamboa; Diego Gianelli Gómez; Enrique Marshall Rivera; Enrique Orellana Cifuentes; Gloria Peña Tapia; Juan Pablo Araya Marco; Matías Bernier Bórquez; Miguel Fuentes Díaz; Pablo García Silva; Rodrigo Valdés Pulido; Rodrigo Vergara Montes; Sebastián Claro Edwards","","NO","NO",""
"RPM-2015-05-14:6756:1","6756","2015-05-14","Rodrigo Vergara Montes","NO","SUJETO_ROL_NOMBRE","491","1","Diego Gianelli Gómez","","NO","SI","UNA_SOLA_VOZ"
"RPM-2015-05-14:6762:1","6762","2015-05-14","Rodrigo Vergara Montes","NO","SUJETO_ROL_NOMBRE","153","1","Diego Gianelli Gómez","","NO","SI","UNA_SOLA_VOZ"
"RPM-2015-05-14:6809:1","6809","2015-05-14","Consejo del Banco Central de Chile","SI","ACTA/META","149","2","Enrique Marshall Rivera; Rodrigo Vergara Montes","","NO","NO",""
"RPM-2015-06-11:6810:1","6810","2015-06-11","Consejo del Banco Central de Chile","SI","ACTA/META","1568","14","Alberto Naudon Dell'Oro; Beltrán de Ramón Acevedo; Claudio Raddatz Kiefer; Claudio Soto Gamboa; Diego Gianelli Gómez; Enrique Marshall Rivera; Enrique Orellana Cifuentes; Gloria Peña Tapia; Juan Pablo Araya Marco; Miguel Fuentes Díaz; Pablo García Silva; Rodrigo Valdés Pulido; Rodrigo Vergara Montes; Sebastián Claro Edwards","","NO","NO",""
"RPM-2015-06-11:6811:1","6811","2015-06-11","Rodrigo Vergara Montes","NO","SUJETO_ROL_NOMBRE","491","1","Diego Gianelli Gómez","","NO","SI","UNA_SOLA_VOZ"
"RPM-2015-06-11:6824:1","6824","2015-06-11","Rodrigo Vergara Montes","NO","SUJETO_ROL_NOMBRE","153","1","Diego Gianelli Gómez","","NO","SI","UNA_SOLA_VOZ"
"RPM-2015-07-14:6865:1","6865","2015-07-14","Consejo del Banco Central de Chile","SI","ACTA/META","1573","15","Alberto Naudon Dell'Oro; Beltrán de Ramón Acevedo; Claudio Soto Gamboa; Diego Gianelli Gómez; Elías Albagli Iruretagoyena; Enrique Marshall Rivera; Enrique Orellana Cifuentes; Gloria Peña Tapia; Juan Pablo Araya Marco; Matías Bernier Bórquez; Miguel Fuentes Díaz; Pablo García Silva; Rodrigo Valdés Pulido; Rodrigo Vergara Montes; Sebastián Claro Edwards","","NO","NO",""
"RPM-2015-07-14:6866:1","6866","2015-07-14","Rodrigo Vergara Montes","NO","SUJETO_ROL_NOMBRE","487","1","Diego Gianelli Gómez","","NO","SI","UNA_SOLA_VOZ"
"RPM-2015-07-14:6879:1","6879","2015-07-14","Rodrigo Vergara Montes","NO","SUJETO_ROL_NOMBRE","153","1","Diego Gianelli Gómez","","NO","SI","UNA_SOLA_VOZ"
"RPM-2015-07-14:6917:1","6917","2015-07-14","Consejo del Banco Central de Chile","SI","ACTA/META","157","2","Enrique Marshall Rivera; Rodrigo Vergara Montes","","NO","NO",""
"RPM-2015-08-13:6918:1","6918","2015-08-13","Consejo del Banco Central de Chile","SI","ACTA/META","1559","14","Alberto Naudon Dell'Oro; Beltrán de Ramón Acevedo; Claudio Raddatz Kiefer; Claudio Soto Gamboa; Diego Gianelli Gómez; Enrique Marshall Rivera; Enrique Orellana Cifuentes; Gloria Peña Tapia; Matías Bernier Bórquez; Miguel Fuentes Díaz; Pablo García Silva; Pablo Mattar Oyarzún; Rodrigo Vergara Montes; Sebastián Claro Edwards","","NO","NO",""
"RPM-2015-08-13:6919:1","6919","2015-08-13","Rodrigo Vergara Montes","NO","SUJETO_ROL_NOMBRE","490","1","Diego Gianelli Gómez","","NO","SI","UNA_SOLA_VOZ"
"RPM-2015-08-13:6921:1","6921","2015-08-13","Rodrigo Vergara Montes","NO","SUJETO_ROL_NOMBRE","153","1","Diego Gianelli Gómez","","NO","SI","UNA_SOLA_VOZ"
"RPM-2015-08-13:6966:1","6966","2015-08-13","Rodrigo Vergara Montes","NO","SUJETO_ROL_NOMBRE","254","1","Beltrán de Ramón Acevedo","","NO","SI","UNA_SOLA_VOZ"
"RPM-2015-08-13:6979:1","6979","2015-08-13","Consejo del Banco Central de Chile","SI","ACTA/META","151","2","Enrique Marshall Rivera; Rodrigo Vergara Montes","","NO","NO",""
"RPM-2015-09-15:6980:1","6980","2015-09-15","Consejo del Banco Central de Chile","SI","ACTA/META","1453","13","Alberto Naudon Dell'Oro; Beltrán de Ramón Acevedo; Claudio Soto Gamboa; Diego Gianelli Gómez; Elías Albagli Iruretagoyena; Enrique Orellana Cifuentes; Gloria Peña Tapia; Juan Pablo Araya Marco; Matías Bernier Bórquez; Miguel Fuentes Díaz; Pablo García Silva; Rodrigo Vergara Montes; Sebastián Claro Edwards","","NO","NO",""
"RPM-2015-09-15:6981:1","6981","2015-09-15","Rodrigo Vergara Montes","NO","SUJETO_ROL_NOMBRE","488","1","Diego Gianelli Gómez","","NO","SI","UNA_SOLA_VOZ"
"RPM-2015-09-15:7000:1","7000","2015-09-15","Rodrigo Vergara Montes","NO","SUJETO_ROL_NOMBRE","153","1","Diego Gianelli Gómez","","NO","SI","UNA_SOLA_VOZ"
"RPM-2015-10-15:7047:1","7047","2015-10-15","Consejo del Banco Central de Chile","SI","ACTA/META","1601","15","Alberto Naudon Dell'Oro; Beltrán de Ramón Acevedo; Claudio Raddatz Kiefer; Claudio Soto Gamboa; Diego Gianelli Gómez; Elías Albagli Iruretagoyena; Enrique Orellana Cifuentes; Gloria Peña Tapia; Juan Pablo Araya Marco; Matías Bernier Bórquez; Miguel Fuentes Díaz; Pablo García Silva; Rodrigo Valdés Pulido; Rodrigo Vergara Montes; Sebastián Claro Edwards","","NO","NO",""
"RPM-2015-10-15:7048:1","7048","2015-10-15","Rodrigo Vergara Montes","NO","SUJETO_ROL_NOMBRE","488","1","Diego Gianelli Gómez","","NO","SI","UNA_SOLA_VOZ"
"RPM-2015-10-15:7067:1","7067","2015-10-15","Rodrigo Vergara Montes","NO","SUJETO_ROL_NOMBRE","140","1","Diego Gianelli Gómez","","NO","SI","UNA_SOLA_VOZ"
"RPM-2015-11-12:7112:1","7112","2015-11-12","Consejo del Banco Central de Chile","SI","ACTA/META","1515","12","Claudio Soto Gamboa; Diego Gianelli Gómez; Elías Albagli Iruretagoyena; Enrique Orellana Cifuentes; Gloria Peña Tapia; Juan Pablo Araya Marco; Mario Marcel Cullell; Matías Bernier Bórquez; Miguel Fuentes Díaz; Pablo García Silva; Rodrigo Vergara Montes; Sebastián Claro Edwards","","NO","NO",""
"RPM-2015-11-12:7113:1","7113","2015-11-12","Rodrigo Vergara Montes","NO","SUJETO_ROL_NOMBRE","487","1","Diego Gianelli Gómez","","NO","SI","UNA_SOLA_VOZ"
"RPM-2015-11-12:7120:1","7120","2015-11-12","Rodrigo Vergara Montes","NO","SUJETO_ROL_NOMBRE","140","1","Diego Gianelli Gómez","","NO","SI","UNA_SOLA_VOZ"
"RPM-2015-12-17:7157:1","7157","2015-12-17","Consejo del Banco Central de Chile","SI","ACTA/META","1566","14","Alberto Naudon Dell'Oro; Beltrán de Ramón Acevedo; Claudio Raddatz Kiefer; Claudio Soto Gamboa; Diego Gianelli Gómez; Enrique Orellana Cifuentes; Gloria Peña Tapia; Juan Pablo Araya Marco; Mario Marcel Cullell; Matías Bernier Bórquez; Miguel Fuentes Díaz; Pablo García Silva; Rodrigo Vergara Montes; Sebastián Claro Edwards","","NO","NO",""
"RPM-2015-12-17:7158:1","7158","2015-12-17","Rodrigo Vergara Montes","NO","SUJETO_ROL_NOMBRE","488","1","Diego Gianelli Gómez","","NO","SI","UNA_SOLA_VOZ"
"RPM-2015-12-17:7178:1","7178","2015-12-17","Rodrigo Vergara Montes","NO","SUJETO_ROL_NOMBRE","140","1","Diego Gianelli Gómez","","NO","SI","UNA_SOLA_VOZ"
"RPM-2015-12-17:7219:1","7219","2015-12-17","Consejo del Banco Central de Chile","SI","ACTA/META","159","2","Rodrigo Vergara Montes; Sebastián Claro Edwards","","NO","NO",""
