Ronda,Bandas,Tramos,Chars,Sesiones,Primera_Fecha,Ultima_Fecha,IDs
1,A,4,10748,1,2005-01-11,2005-01-11,RPM-2005-01-11:30:1 RPM-2005-01-11:34:1 RPM-2005-01-11:36:1 RPM-2005-01-11:38:1
2,A,4,16434,1,2005-01-11,2005-01-11,RPM-2005-01-11:3:1 RPM-2005-01-11:42:1 RPM-2005-01-11:4:1 RPM-2005-01-11:50:1
3,A,5,13928,1,2005-01-11,2005-01-11,RPM-2005-01-11:51:1 RPM-2005-01-11:52:1 RPM-2005-01-11:54:1 RPM-2005-01-11:57:1 RPM-2005-01-11:5:1
4,A,5,15485,1,2005-02-10,2005-02-10,RPM-2005-02-10:100:1 RPM-2005-02-10:120:1 RPM-2005-02-10:121:1 RPM-2005-02-10:124:1 RPM-2005-02-10:126:1
5,A,5,14774,1,2005-02-10,2005-02-10,RPM-2005-02-10:132:1 RPM-2005-02-10:133:1 RPM-2005-02-10:134:1 RPM-2005-02-10:136:1 RPM-2005-02-10:139:1
6,A,4,15416,1,2005-02-10,2005-02-10,RPM-2005-02-10:61:1 RPM-2005-02-10:62:1 RPM-2005-02-10:63:1 RPM-2005-02-10:64:1
7,A,4,14591,1,2005-02-10,2005-02-10,RPM-2005-02-10:65:1 RPM-2005-02-10:66:1 RPM-2005-02-10:67:1 RPM-2005-02-10:68:1
8,A,5,15618,2,2005-02-10,2005-03-10,RPM-2005-02-10:69:1 RPM-2005-02-10:70:1 RPM-2005-02-10:98:1 RPM-2005-03-10:143:1 RPM-2005-03-10:144:1
9,A,4,15151,1,2005-03-10,2005-03-10,RPM-2005-03-10:145:1 RPM-2005-03-10:146:1 RPM-2005-03-10:147:1 RPM-2005-03-10:148:1
10,A,5,14775,1,2005-03-10,2005-03-10,RPM-2005-03-10:149:1 RPM-2005-03-10:150:1 RPM-2005-03-10:151:1 RPM-2005-03-10:152:1 RPM-2005-03-10:161:1
11,A,4,15804,1,2005-03-10,2005-03-10,RPM-2005-03-10:178:1 RPM-2005-03-10:184:1 RPM-2005-03-10:185:1 RPM-2005-03-10:186:1
12,A,6,15591,1,2005-03-10,2005-03-10,RPM-2005-03-10:189:1 RPM-2005-03-10:190:1 RPM-2005-03-10:191:1 RPM-2005-03-10:192:1 RPM-2005-03-10:193:1 RPM-2005-03-10:198:1
13,A,2,12858,2,2005-03-10,2005-04-07,RPM-2005-03-10:200:1 RPM-2005-04-07:202:2
14,A,2,16776,1,2005-04-07,2005-04-07,RPM-2005-04-07:206:3 RPM-2005-04-07:207:9
15,A,4,16172,1,2005-04-07,2005-04-07,RPM-2005-04-07:211:1 RPM-2005-04-07:213:3 RPM-2005-04-07:214:4 RPM-2005-04-07:215:1
16,A,7,15343,2,2005-04-07,2005-05-12,RPM-2005-04-07:216:1 RPM-2005-04-07:217:1 RPM-2005-04-07:217:2 RPM-2005-04-07:218:1 RPM-2005-04-07:219:1 RPM-2005-04-07:219:2 RPM-2005-05-12:224:1
17,A,6,15886,1,2005-05-12,2005-05-12,RPM-2005-05-12:225:1 RPM-2005-05-12:226:1 RPM-2005-05-12:227:1 RPM-2005-05-12:236:1 RPM-2005-05-12:260:1 RPM-2005-05-12:262:1
18,A,6,16599,1,2005-05-12,2005-05-12,RPM-2005-05-12:264:1 RPM-2005-05-12:265:1 RPM-2005-05-12:267:1 RPM-2005-05-12:268:1 RPM-2005-05-12:270:1 RPM-2005-05-12:271:1
19,A,4,14629,1,2005-05-12,2005-05-12,RPM-2005-05-12:273:1 RPM-2005-05-12:274:1 RPM-2005-05-12:275:1 RPM-2005-05-12:276:1
20,A,3,6724,2,2005-05-12,2005-06-09,RPM-2005-05-12:277:1 RPM-2005-05-12:278:1 RPM-2005-06-09:279:1
21,A,1,17500,1,2005-06-09,2005-06-09,RPM-2005-06-09:280:2
22,A,2,16175,1,2005-06-09,2005-06-09,RPM-2005-06-09:280:2 RPM-2005-06-09:283:2
23,A,6,16121,1,2005-06-09,2005-06-09,RPM-2005-06-09:288:4 RPM-2005-06-09:288:6 RPM-2005-06-09:289:1 RPM-2005-06-09:292:1 RPM-2005-06-09:292:2 RPM-2005-06-09:293:1
24,A,1,1778,1,2005-06-09,2005-06-09,RPM-2005-06-09:294:2
25,A,1,17500,1,2005-07-12,2005-07-12,RPM-2005-07-12:297:2
26,A,1,14448,1,2005-07-12,2005-07-12,RPM-2005-07-12:297:2
27,A,6,16822,1,2005-07-12,2005-07-12,RPM-2005-07-12:297:3 RPM-2005-07-12:305:4 RPM-2005-07-12:305:6 RPM-2005-07-12:305:7 RPM-2005-07-12:308:1 RPM-2005-07-12:309:1
28,A,3,8397,1,2005-07-12,2005-07-12,RPM-2005-07-12:309:2 RPM-2005-07-12:310:1 RPM-2005-07-12:310:2
29,A,1,17276,1,2005-08-11,2005-08-11,RPM-2005-08-11:314:1
30,A,4,14726,1,2005-08-11,2005-08-11,RPM-2005-08-11:352:1 RPM-2005-08-11:357:1 RPM-2005-08-11:361:1 RPM-2005-08-11:362:1
31,A,5,14607,2,2005-08-11,2005-09-08,RPM-2005-08-11:363:1 RPM-2005-08-11:364:1 RPM-2005-08-11:365:1 RPM-2005-08-11:366:1 RPM-2005-09-08:369:1
32,A,4,17371,1,2005-09-08,2005-09-08,RPM-2005-09-08:390:1 RPM-2005-09-08:395:1 RPM-2005-09-08:396:1 RPM-2005-09-08:397:1
33,A,4,14314,2,2005-09-08,2005-10-11,RPM-2005-09-08:398:1 RPM-2005-09-08:399:1 RPM-2005-09-08:400:1 RPM-2005-10-11:404:1
34,A,4,15327,1,2005-10-11,2005-10-11,RPM-2005-10-11:438:1 RPM-2005-10-11:444:1 RPM-2005-10-11:445:1 RPM-2005-10-11:446:1
35,A,4,14677,2,2005-10-11,2005-11-10,RPM-2005-10-11:447:1 RPM-2005-10-11:448:1 RPM-2005-10-11:449:1 RPM-2005-11-10:454:1
36,A,4,14445,1,2005-11-10,2005-11-10,RPM-2005-11-10:492:1 RPM-2005-11-10:494:1 RPM-2005-11-10:496:1 RPM-2005-11-10:499:1
37,A,6,16945,2,2005-11-10,2005-12-13,RPM-2005-11-10:500:1 RPM-2005-11-10:501:1 RPM-2005-11-10:502:1 RPM-2005-11-10:503:1 RPM-2005-11-10:504:1 RPM-2005-12-13:505:1
38,A,2,14405,1,2005-12-13,2005-12-13,RPM-2005-12-13:506:2 RPM-2005-12-13:506:4
39,A,5,16881,1,2005-12-13,2005-12-13,RPM-2005-12-13:518:6 RPM-2005-12-13:520:1 RPM-2005-12-13:520:2 RPM-2005-12-13:523:1 RPM-2005-12-13:524:1
40,A,4,8978,2,2005-12-13,2006-01-12,RPM-2005-12-13:525:1 RPM-2005-12-13:526:1 RPM-2005-12-13:526:2 RPM-2006-01-12:527:1
41,A,1,11555,1,2006-01-12,2006-01-12,RPM-2006-01-12:531:1
42,A,1,13334,1,2006-01-12,2006-01-12,RPM-2006-01-12:533:1
43,A,3,16481,1,2006-01-12,2006-01-12,RPM-2006-01-12:557:1 RPM-2006-01-12:559:1 RPM-2006-01-12:560:1
44,A,5,14945,1,2006-01-12,2006-01-12,RPM-2006-01-12:561:1 RPM-2006-01-12:562:1 RPM-2006-01-12:563:1 RPM-2006-01-12:569:1 RPM-2006-01-12:570:1
45,A,4,15819,1,2006-01-12,2006-01-12,RPM-2006-01-12:571:1 RPM-2006-01-12:572:1 RPM-2006-01-12:573:1 RPM-2006-01-12:574:1
46,A,3,16176,1,2006-02-09,2006-02-09,RPM-2006-02-09:576:4 RPM-2006-02-09:587:11 RPM-2006-02-09:588:1
47,A,6,16849,1,2006-02-09,2006-02-09,RPM-2006-02-09:591:1 RPM-2006-02-09:592:1 RPM-2006-02-09:592:2 RPM-2006-02-09:593:1 RPM-2006-02-09:594:1 RPM-2006-02-09:594:2
48,A,5,16286,1,2006-03-16,2006-03-16,RPM-2006-03-16:600:1 RPM-2006-03-16:601:2 RPM-2006-03-16:603:1 RPM-2006-03-16:613:1 RPM-2006-03-16:615:1
49,A,4,15431,1,2006-03-16,2006-03-16,RPM-2006-03-16:620:1 RPM-2006-03-16:621:1 RPM-2006-03-16:622:1 RPM-2006-03-16:623:1
50,A,5,16497,2,2006-03-16,2006-04-13,RPM-2006-03-16:624:1 RPM-2006-03-16:625:1 RPM-2006-04-13:626:1 RPM-2006-04-13:628:2 RPM-2006-04-13:630:1
51,A,5,14641,1,2006-04-13,2006-04-13,RPM-2006-04-13:644:4 RPM-2006-04-13:644:6 RPM-2006-04-13:645:1 RPM-2006-04-13:647:1 RPM-2006-04-13:649:3
52,A,4,15711,1,2006-04-13,2006-04-13,RPM-2006-04-13:651:1 RPM-2006-04-13:652:1 RPM-2006-04-13:653:1 RPM-2006-04-13:653:2
53,A,4,9967,2,2006-04-13,2006-05-11,RPM-2006-04-13:654:1 RPM-2006-04-13:654:2 RPM-2006-05-11:655:1 RPM-2006-05-11:657:2
54,A,1,10598,1,2006-05-11,2006-05-11,RPM-2006-05-11:660:2
55,A,3,12607,1,2006-05-11,2006-05-11,RPM-2006-05-11:664:6 RPM-2006-05-11:666:1 RPM-2006-05-11:668:1
56,A,5,15477,1,2006-05-11,2006-05-11,RPM-2006-05-11:670:1 RPM-2006-05-11:671:1 RPM-2006-05-11:672:1 RPM-2006-05-11:673:1 RPM-2006-05-11:674:1
57,A,2,11713,2,2006-05-11,2006-06-15,RPM-2006-05-11:674:2 RPM-2006-06-15:677:1
58,A,1,11102,1,2006-06-15,2006-06-15,RPM-2006-06-15:697:1
59,A,3,15051,1,2006-06-15,2006-06-15,RPM-2006-06-15:728:1 RPM-2006-06-15:731:1 RPM-2006-06-15:733:1
60,A,4,15687,1,2006-06-15,2006-06-15,RPM-2006-06-15:734:1 RPM-2006-06-15:736:1 RPM-2006-06-15:737:1 RPM-2006-06-15:738:1
61,A,5,15278,2,2006-06-15,2006-07-13,RPM-2006-06-15:739:1 RPM-2006-06-15:740:1 RPM-2006-06-15:741:1 RPM-2006-07-13:742:1 RPM-2006-07-13:744:2
62,A,4,15815,1,2006-07-13,2006-07-13,RPM-2006-07-13:744:4 RPM-2006-07-13:745:4 RPM-2006-07-13:746:2 RPM-2006-07-13:753:2
63,A,4,16392,1,2006-07-13,2006-07-13,RPM-2006-07-13:769:2 RPM-2006-07-13:770:4 RPM-2006-07-13:771:2 RPM-2006-07-13:772:1
64,A,4,17028,1,2006-07-13,2006-07-13,RPM-2006-07-13:773:1 RPM-2006-07-13:774:1 RPM-2006-07-13:775:1 RPM-2006-07-13:777:1
65,A,4,16048,1,2006-07-13,2006-07-13,RPM-2006-07-13:778:1 RPM-2006-07-13:779:1 RPM-2006-07-13:780:1 RPM-2006-07-13:780:2
66,A,3,13982,2,2006-07-13,2006-08-10,RPM-2006-07-13:780:3 RPM-2006-07-13:780:4 RPM-2006-08-10:784:1
67,A,2,11860,1,2006-08-10,2006-08-10,RPM-2006-08-10:808:1 RPM-2006-08-10:812:1
68,A,3,15770,1,2006-08-10,2006-08-10,RPM-2006-08-10:817:1 RPM-2006-08-10:822:1 RPM-2006-08-10:823:1
69,A,5,13920,2,2006-08-10,2006-09-07,RPM-2006-08-10:824:1 RPM-2006-08-10:825:1 RPM-2006-08-10:826:1 RPM-2006-08-10:827:1 RPM-2006-09-07:828:1
70,A,1,9406,1,2006-09-07,2006-09-07,RPM-2006-09-07:831:1
71,A,1,14726,1,2006-09-07,2006-09-07,RPM-2006-09-07:847:1
72,A,4,13625,1,2006-09-07,2006-09-07,RPM-2006-09-07:867:1 RPM-2006-09-07:869:1 RPM-2006-09-07:870:1 RPM-2006-09-07:871:1
73,A,5,15859,1,2006-09-07,2006-09-07,RPM-2006-09-07:873:1 RPM-2006-09-07:874:1 RPM-2006-09-07:875:1 RPM-2006-09-07:876:1 RPM-2006-09-07:877:1
74,A,2,10429,2,2006-09-07,2006-10-12,RPM-2006-09-07:878:1 RPM-2006-10-12:881:1
75,A,1,13511,1,2006-10-12,2006-10-12,RPM-2006-10-12:896:1
76,A,4,15135,1,2006-10-12,2006-10-12,RPM-2006-10-12:932:1 RPM-2006-10-12:934:1 RPM-2006-10-12:935:1 RPM-2006-10-12:936:1
77,A,5,16671,1,2006-10-12,2006-10-12,RPM-2006-10-12:938:1 RPM-2006-10-12:939:1 RPM-2006-10-12:940:1 RPM-2006-10-12:941:1 RPM-2006-10-12:942:1
78,A,2,13059,2,2006-10-12,2006-11-16,RPM-2006-10-12:943:1 RPM-2006-11-16:946:1
79,A,1,14726,1,2006-11-16,2006-11-16,RPM-2006-11-16:955:1
80,A,4,17140,1,2006-11-16,2006-11-16,RPM-2006-11-16:976:1 RPM-2006-11-16:978:1 RPM-2006-11-16:979:1 RPM-2006-11-16:980:1
81,A,4,16585,1,2006-11-16,2006-11-16,RPM-2006-11-16:982:1 RPM-2006-11-16:983:1 RPM-2006-11-16:984:1 RPM-2006-11-16:985:1
82,A,4,12756,2,2006-11-16,2006-12-14,RPM-2006-11-16:986:1 RPM-2006-11-16:987:1 RPM-2006-12-14:1000:1 RPM-2006-12-14:1002:2
83,A,5,16312,1,2006-12-14,2006-12-14,RPM-2006-12-14:1012:4 RPM-2006-12-14:1012:6 RPM-2006-12-14:1013:2 RPM-2006-12-14:1013:3 RPM-2006-12-14:1014:1
84,A,4,15773,1,2006-12-14,2006-12-14,RPM-2006-12-14:1017:1 RPM-2006-12-14:1019:1 RPM-2006-12-14:1020:1 RPM-2006-12-14:1020:2
85,A,3,14817,2,2006-12-14,2007-01-11,RPM-2006-12-14:991:1 RPM-2006-12-14:992:1 RPM-2007-01-11:1022:1
86,A,2,14052,1,2007-01-11,2007-01-11,RPM-2007-01-11:1024:2 RPM-2007-01-11:1033:2
87,A,4,17078,1,2007-01-11,2007-01-11,RPM-2007-01-11:1034:1 RPM-2007-01-11:1041:1 RPM-2007-01-11:1043:1 RPM-2007-01-11:1044:1
88,A,3,15313,1,2007-01-11,2007-01-11,RPM-2007-01-11:1047:4 RPM-2007-01-11:1048:1 RPM-2007-01-11:1049:1
89,A,4,16561,1,2007-01-11,2007-01-11,RPM-2007-01-11:1049:2 RPM-2007-01-11:1049:3 RPM-2007-01-11:1050:1 RPM-2007-01-11:1050:2
90,A,4,16499,1,2007-01-11,2007-01-11,RPM-2007-01-11:1052:1 RPM-2007-01-11:1053:1 RPM-2007-01-11:1054:1 RPM-2007-01-11:1056:1
91,A,1,2503,1,2007-01-11,2007-01-11,RPM-2007-01-11:1057:1
92,A,2,16927,1,2007-02-08,2007-02-08,RPM-2007-02-08:1061:2 RPM-2007-02-08:1075:2
93,A,4,12108,1,2007-02-08,2007-02-08,RPM-2007-02-08:1076:1 RPM-2007-02-08:1077:2 RPM-2007-02-08:1079:1 RPM-2007-02-08:1087:1
94,A,4,14124,1,2007-02-08,2007-02-08,RPM-2007-02-08:1090:4 RPM-2007-02-08:1092:2 RPM-2007-02-08:1093:1 RPM-2007-02-08:1094:1
95,A,4,16565,1,2007-02-08,2007-02-08,RPM-2007-02-08:1096:1 RPM-2007-02-08:1097:1 RPM-2007-02-08:1098:1 RPM-2007-02-08:1099:1
96,A,5,15524,2,2007-02-08,2007-03-15,RPM-2007-02-08:1102:1 RPM-2007-02-08:1102:2 RPM-2007-03-15:1107:1 RPM-2007-03-15:1109:1 RPM-2007-03-15:1115:1
97,A,3,14236,1,2007-03-15,2007-03-15,RPM-2007-03-15:1123:1 RPM-2007-03-15:1127:1 RPM-2007-03-15:1149:1
98,A,2,15351,1,2007-03-15,2007-03-15,RPM-2007-03-15:1155:1 RPM-2007-03-15:1157:1
99,A,4,15861,1,2007-03-15,2007-03-15,RPM-2007-03-15:1158:1 RPM-2007-03-15:1159:1 RPM-2007-03-15:1160:1 RPM-2007-03-15:1161:1
100,A,3,13224,1,2007-03-15,2007-03-15,RPM-2007-03-15:1163:1 RPM-2007-03-15:1163:2 RPM-2007-03-15:1165:1
101,A,3,11625,1,2007-03-15,2007-03-15,RPM-2007-03-15:1166:1 RPM-2007-03-15:1167:1 RPM-2007-03-15:1168:1
102,A,3,17592,1,2007-04-12,2007-04-12,RPM-2007-04-12:1171:2 RPM-2007-04-12:1184:2 RPM-2007-04-12:1185:1
103,A,3,16247,1,2007-04-12,2007-04-12,RPM-2007-04-12:1186:1 RPM-2007-04-12:1209:4 RPM-2007-04-12:1210:1
104,A,3,11185,1,2007-04-12,2007-04-12,RPM-2007-04-12:1211:1 RPM-2007-04-12:1212:1 RPM-2007-04-12:1214:1
105,A,3,15061,1,2007-04-12,2007-04-12,RPM-2007-04-12:1216:1 RPM-2007-04-12:1217:1 RPM-2007-04-12:1218:1
106,A,4,15936,2,2007-04-12,2007-05-10,RPM-2007-04-12:1219:1 RPM-2007-04-12:1220:1 RPM-2007-04-12:1220:2 RPM-2007-05-10:1222:1
107,A,2,11543,1,2007-05-10,2007-05-10,RPM-2007-05-10:1224:2 RPM-2007-05-10:1231:2
108,A,2,14428,1,2007-05-10,2007-05-10,RPM-2007-05-10:1232:1 RPM-2007-05-10:1249:1
109,A,3,16526,1,2007-05-10,2007-05-10,RPM-2007-05-10:1251:4 RPM-2007-05-10:1252:1 RPM-2007-05-10:1253:1
110,A,4,14907,1,2007-05-10,2007-05-10,RPM-2007-05-10:1254:1 RPM-2007-05-10:1255:1 RPM-2007-05-10:1257:1 RPM-2007-05-10:1258:1
111,A,4,12406,1,2007-05-10,2007-05-10,RPM-2007-05-10:1259:1 RPM-2007-05-10:1260:1 RPM-2007-05-10:1261:1 RPM-2007-05-10:1261:2
112,A,3,15786,1,2007-06-14,2007-06-14,RPM-2007-06-14:1266:1 RPM-2007-06-14:1267:1 RPM-2007-06-14:1284:2
113,A,1,8462,1,2007-06-14,2007-06-14,RPM-2007-06-14:1285:1
114,A,2,15946,1,2007-06-14,2007-06-14,RPM-2007-06-14:1297:4 RPM-2007-06-14:1298:1
115,A,2,11811,1,2007-06-14,2007-06-14,RPM-2007-06-14:1299:1 RPM-2007-06-14:1302:1
116,A,3,15049,1,2007-06-14,2007-06-14,RPM-2007-06-14:1304:1 RPM-2007-06-14:1305:1 RPM-2007-06-14:1306:1
117,A,4,11939,2,2007-06-14,2007-07-12,RPM-2007-06-14:1307:1 RPM-2007-06-14:1308:1 RPM-2007-06-14:1308:2 RPM-2007-07-12:1310:1
118,A,2,14850,1,2007-07-12,2007-07-12,RPM-2007-07-12:1312:1 RPM-2007-07-12:1322:2
119,A,3,17222,1,2007-07-12,2007-07-12,RPM-2007-07-12:1323:1 RPM-2007-07-12:1324:1 RPM-2007-07-12:1339:1
120,A,4,17431,1,2007-07-12,2007-07-12,RPM-2007-07-12:1340:1 RPM-2007-07-12:1342:1 RPM-2007-07-12:1343:1 RPM-2007-07-12:1344:1
121,A,4,15345,1,2007-07-12,2007-07-12,RPM-2007-07-12:1345:1 RPM-2007-07-12:1346:1 RPM-2007-07-12:1347:2 RPM-2007-07-12:1348:1
122,A,4,16117,1,2007-07-12,2007-07-12,RPM-2007-07-12:1349:1 RPM-2007-07-12:1350:1 RPM-2007-07-12:1351:1 RPM-2007-07-12:1352:1
123,A,3,15823,1,2007-08-09,2007-08-09,RPM-2007-08-09:1353:1 RPM-2007-08-09:1357:1 RPM-2007-08-09:1365:2
124,A,1,11734,1,2007-08-09,2007-08-09,RPM-2007-08-09:1366:1
125,A,1,9822,1,2007-08-09,2007-08-09,RPM-2007-08-09:1387:1
126,A,3,13447,1,2007-08-09,2007-08-09,RPM-2007-08-09:1389:1 RPM-2007-08-09:1390:1 RPM-2007-08-09:1391:1
127,A,2,12018,1,2007-08-09,2007-08-09,RPM-2007-08-09:1394:1 RPM-2007-08-09:1396:1
128,A,3,17091,1,2007-08-09,2007-08-09,RPM-2007-08-09:1397:1 RPM-2007-08-09:1398:1 RPM-2007-08-09:1400:1
129,A,3,8923,2,2007-08-09,2007-09-13,RPM-2007-08-09:1401:1 RPM-2007-08-09:1402:1 RPM-2007-09-13:1404:1
130,A,1,12801,1,2007-09-13,2007-09-13,RPM-2007-09-13:1408:1
131,A,2,10382,1,2007-09-13,2007-09-13,RPM-2007-09-13:1434:1 RPM-2007-09-13:1436:1
132,A,2,15801,1,2007-09-13,2007-09-13,RPM-2007-09-13:1459:2 RPM-2007-09-13:1460:1
133,A,4,16294,1,2007-09-13,2007-09-13,RPM-2007-09-13:1461:1 RPM-2007-09-13:1461:2 RPM-2007-09-13:1462:1 RPM-2007-09-13:1464:1
134,A,3,14524,1,2007-09-13,2007-09-13,RPM-2007-09-13:1465:1 RPM-2007-09-13:1466:1 RPM-2007-09-13:1467:1
135,A,3,7428,2,2007-09-13,2007-10-11,RPM-2007-09-13:1468:1 RPM-2007-09-13:1469:1 RPM-2007-10-11:1471:1
136,A,2,17567,1,2007-10-11,2007-10-11,RPM-2007-10-11:1475:1 RPM-2007-10-11:1483:2
137,A,3,16144,1,2007-10-11,2007-10-11,RPM-2007-10-11:1484:1 RPM-2007-10-11:1485:2 RPM-2007-10-11:1487:1
138,A,3,16695,1,2007-10-11,2007-10-11,RPM-2007-10-11:1496:2 RPM-2007-10-11:1508:4 RPM-2007-10-11:1509:1
139,A,4,12624,1,2007-10-11,2007-10-11,RPM-2007-10-11:1510:1 RPM-2007-10-11:1511:1 RPM-2007-10-11:1512:1 RPM-2007-10-11:1513:1
140,A,2,13352,1,2007-10-11,2007-10-11,RPM-2007-10-11:1515:1 RPM-2007-10-11:1516:1
141,A,3,15789,1,2007-10-11,2007-10-11,RPM-2007-10-11:1517:1 RPM-2007-10-11:1518:1 RPM-2007-10-11:1519:1
142,A,2,15468,2,2007-10-11,2007-11-13,RPM-2007-10-11:1520:1 RPM-2007-11-13:1525:1
143,A,2,15349,1,2007-11-13,2007-11-13,RPM-2007-11-13:1543:2 RPM-2007-11-13:1544:2
144,A,2,17204,1,2007-11-13,2007-11-13,RPM-2007-11-13:1558:1 RPM-2007-11-13:1560:1
145,A,4,14301,1,2007-11-13,2007-11-13,RPM-2007-11-13:1561:1 RPM-2007-11-13:1562:1 RPM-2007-11-13:1563:1 RPM-2007-11-13:1565:2
146,A,3,12505,1,2007-11-13,2007-11-13,RPM-2007-11-13:1566:1 RPM-2007-11-13:1566:2 RPM-2007-11-13:1567:1
147,A,2,8450,1,2007-11-13,2007-11-13,RPM-2007-11-13:1568:1 RPM-2007-11-13:1569:1
148,A,1,17500,1,2007-12-13,2007-12-13,RPM-2007-12-13:1572:2
149,A,3,15685,1,2007-12-13,2007-12-13,RPM-2007-12-13:1572:2 RPM-2007-12-13:1574:2 RPM-2007-12-13:1587:2
150,A,1,14172,1,2007-12-13,2007-12-13,RPM-2007-12-13:1602:1
151,A,4,17529,1,2007-12-13,2007-12-13,RPM-2007-12-13:1604:2 RPM-2007-12-13:1605:2 RPM-2007-12-13:1606:2 RPM-2007-12-13:1607:2
152,A,3,12941,1,2007-12-13,2007-12-13,RPM-2007-12-13:1608:4 RPM-2007-12-13:1609:1 RPM-2007-12-13:1610:1
153,A,4,16962,1,2007-12-13,2007-12-13,RPM-2007-12-13:1611:1 RPM-2007-12-13:1612:1 RPM-2007-12-13:1613:1 RPM-2007-12-13:1614:1
154,A,1,10312,1,2008-01-10,2008-01-10,RPM-2008-01-10:1618:1
155,A,1,11058,1,2008-01-10,2008-01-10,RPM-2008-01-10:1623:2
156,A,4,17400,1,2008-01-10,2008-01-10,RPM-2008-01-10:1629:1 RPM-2008-01-10:1631:2 RPM-2008-01-10:1632:2 RPM-2008-01-10:1633:4
157,A,3,15946,1,2008-01-10,2008-01-10,RPM-2008-01-10:1634:1 RPM-2008-01-10:1635:1 RPM-2008-01-10:1636:1
158,A,4,15691,2,2008-01-10,2008-02-07,RPM-2008-01-10:1637:1 RPM-2008-01-10:1638:1 RPM-2008-01-10:1641:1 RPM-2008-02-07:1644:2
159,A,1,6117,1,2008-02-07,2008-02-07,RPM-2008-02-07:1646:2
160,A,2,16209,1,2008-02-07,2008-02-07,RPM-2008-02-07:1651:1 RPM-2008-02-07:1657:2
161,A,3,15063,1,2008-02-07,2008-02-07,RPM-2008-02-07:1663:3 RPM-2008-02-07:1667:1 RPM-2008-02-07:1670:1
162,A,4,12683,1,2008-02-07,2008-02-07,RPM-2008-02-07:1672:1 RPM-2008-02-07:1673:2 RPM-2008-02-07:1677:1 RPM-2008-02-07:1679:1
163,A,3,14337,1,2008-02-07,2008-02-07,RPM-2008-02-07:1680:1 RPM-2008-02-07:1682:1 RPM-2008-02-07:1683:1
164,A,3,16605,2,2008-02-07,2008-03-13,RPM-2008-02-07:1684:1 RPM-2008-02-07:1685:1 RPM-2008-03-13:1689:2
165,A,4,14761,1,2008-03-13,2008-03-13,RPM-2008-03-13:1690:2 RPM-2008-03-13:1694:2 RPM-2008-03-13:1696:2 RPM-2008-03-13:1696:4
166,A,4,16662,1,2008-03-13,2008-03-13,RPM-2008-03-13:1697:2 RPM-2008-03-13:1701:1 RPM-2008-03-13:1702:1 RPM-2008-03-13:1705:1
167,A,3,17481,1,2008-03-13,2008-03-13,RPM-2008-03-13:1721:1 RPM-2008-03-13:1722:2 RPM-2008-03-13:1723:1
168,A,4,16092,1,2008-03-13,2008-03-13,RPM-2008-03-13:1725:1 RPM-2008-03-13:1728:3 RPM-2008-03-13:1730:1 RPM-2008-03-13:1731:1
169,A,3,17615,1,2008-03-13,2008-03-13,RPM-2008-03-13:1731:2 RPM-2008-03-13:1734:1 RPM-2008-03-13:1735:1
170,A,2,17371,2,2008-03-13,2008-04-10,RPM-2008-03-13:1743:1 RPM-2008-04-10:1747:1
171,A,1,10967,1,2008-04-10,2008-04-10,RPM-2008-04-10:1749:1
172,A,3,17398,1,2008-04-10,2008-04-10,RPM-2008-04-10:1774:1 RPM-2008-04-10:1776:1 RPM-2008-04-10:1778:1
173,A,3,12530,1,2008-04-10,2008-04-10,RPM-2008-04-10:1780:1 RPM-2008-04-10:1781:1 RPM-2008-04-10:1782:1
174,A,5,16430,2,2008-04-10,2008-05-08,RPM-2008-04-10:1783:1 RPM-2008-04-10:1784:1 RPM-2008-04-10:1785:1 RPM-2008-05-08:1788:2 RPM-2008-05-08:1793:4
175,A,5,16117,1,2008-05-08,2008-05-08,RPM-2008-05-08:1794:1 RPM-2008-05-08:1807:2 RPM-2008-05-08:1810:1 RPM-2008-05-08:1814:1 RPM-2008-05-08:1816:1
176,A,4,16254,1,2008-05-08,2008-05-08,RPM-2008-05-08:1817:1 RPM-2008-05-08:1819:1 RPM-2008-05-08:1820:1 RPM-2008-05-08:1839:1
177,A,3,15946,1,2008-05-08,2008-05-08,RPM-2008-05-08:1844:1 RPM-2008-05-08:1845:1 RPM-2008-05-08:1846:1
178,A,4,14585,2,2008-05-08,2008-06-10,RPM-2008-05-08:1847:1 RPM-2008-05-08:1848:1 RPM-2008-05-08:1849:1 RPM-2008-06-10:1853:2
179,A,4,14799,1,2008-06-10,2008-06-10,RPM-2008-06-10:1856:1 RPM-2008-06-10:1860:2 RPM-2008-06-10:1861:2 RPM-2008-06-10:1869:2
180,A,2,11696,1,2008-06-10,2008-06-10,RPM-2008-06-10:1872:1 RPM-2008-06-10:1894:1
181,A,3,15417,1,2008-06-10,2008-06-10,RPM-2008-06-10:1902:1 RPM-2008-06-10:1904:1 RPM-2008-06-10:1907:1
182,A,2,13030,1,2008-06-10,2008-06-10,RPM-2008-06-10:1908:1 RPM-2008-06-10:1909:1
183,A,3,13978,1,2008-06-10,2008-06-10,RPM-2008-06-10:1910:1 RPM-2008-06-10:1911:1 RPM-2008-06-10:1912:1
184,A,4,17165,1,2008-07-10,2008-07-10,RPM-2008-07-10:1916:2 RPM-2008-07-10:1923:3 RPM-2008-07-10:1923:8 RPM-2008-07-10:1925:2
185,A,3,13903,1,2008-07-10,2008-07-10,RPM-2008-07-10:1929:1 RPM-2008-07-10:1932:3 RPM-2008-07-10:1936:1
186,A,3,13887,1,2008-07-10,2008-07-10,RPM-2008-07-10:1965:1 RPM-2008-07-10:1967:1 RPM-2008-07-10:1968:1
187,A,3,14690,1,2008-07-10,2008-07-10,RPM-2008-07-10:1970:1 RPM-2008-07-10:1971:1 RPM-2008-07-10:1972:1
188,A,5,15447,2,2008-07-10,2008-08-14,RPM-2008-07-10:1973:1 RPM-2008-07-10:1974:1 RPM-2008-07-10:1976:1 RPM-2008-08-14:1978:1 RPM-2008-08-14:1980:2
189,A,6,15102,1,2008-08-14,2008-08-14,RPM-2008-08-14:1981:2 RPM-2008-08-14:1983:2 RPM-2008-08-14:1994:2 RPM-2008-08-14:1994:4 RPM-2008-08-14:1995:1 RPM-2008-08-14:2001:1
190,A,2,15304,1,2008-08-14,2008-08-14,RPM-2008-08-14:2003:2 RPM-2008-08-14:2007:1
191,A,2,13240,1,2008-08-14,2008-08-14,RPM-2008-08-14:2036:1 RPM-2008-08-14:2038:1
192,A,3,16167,1,2008-08-14,2008-08-14,RPM-2008-08-14:2040:1 RPM-2008-08-14:2041:1 RPM-2008-08-14:2042:1
193,A,4,14304,2,2008-08-14,2008-09-04,RPM-2008-08-14:2043:1 RPM-2008-08-14:2044:1 RPM-2008-08-14:2045:1 RPM-2008-09-04:2047:1
194,A,4,15738,1,2008-09-04,2008-09-04,RPM-2008-09-04:2049:2 RPM-2008-09-04:2050:4 RPM-2008-09-04:2052:1 RPM-2008-09-04:2056:2
195,A,2,10332,1,2008-09-04,2008-09-04,RPM-2008-09-04:2057:1 RPM-2008-09-04:2074:1
196,A,2,13902,1,2008-09-04,2008-09-04,RPM-2008-09-04:2086:1 RPM-2008-09-04:2088:1
197,A,2,12308,1,2008-09-04,2008-09-04,RPM-2008-09-04:2090:1 RPM-2008-09-04:2092:1
198,A,3,16790,1,2008-09-04,2008-09-04,RPM-2008-09-04:2093:1 RPM-2008-09-04:2094:1 RPM-2008-09-04:2095:1
199,A,7,16078,2,2008-09-04,2008-10-09,RPM-2008-09-04:2096:1 RPM-2008-09-04:2099:1 RPM-2008-10-09:2101:1 RPM-2008-10-09:2105:2 RPM-2008-10-09:2106:4 RPM-2008-10-09:2110:2 RPM-2008-10-09:2110:4
200,A,2,15576,1,2008-10-09,2008-10-09,RPM-2008-10-09:2113:1 RPM-2008-10-09:2116:1
201,A,3,17029,1,2008-10-09,2008-10-09,RPM-2008-10-09:2118:1 RPM-2008-10-09:2120:1 RPM-2008-10-09:2121:2
202,A,2,12182,1,2008-10-09,2008-10-09,RPM-2008-10-09:2122:1 RPM-2008-10-09:2123:1
203,A,4,16514,2,2008-10-09,2008-11-13,RPM-2008-10-09:2124:1 RPM-2008-10-09:2125:1 RPM-2008-10-09:2127:1 RPM-2008-11-13:2128:1
204,A,2,8497,1,2008-11-13,2008-11-13,RPM-2008-11-13:2129:2 RPM-2008-11-13:2131:1
205,A,1,15139,1,2008-11-13,2008-11-13,RPM-2008-11-13:2138:1
206,A,3,15106,1,2008-11-13,2008-11-13,RPM-2008-11-13:2159:1 RPM-2008-11-13:2161:1 RPM-2008-11-13:2165:1
207,A,3,17698,1,2008-11-13,2008-11-13,RPM-2008-11-13:2166:2 RPM-2008-11-13:2167:1 RPM-2008-11-13:2169:1
208,A,4,17234,2,2008-11-13,2008-12-11,RPM-2008-11-13:2170:1 RPM-2008-11-13:2171:1 RPM-2008-11-13:2173:1 RPM-2008-12-11:2176:2
209,A,6,12657,1,2008-12-11,2008-12-11,RPM-2008-12-11:2185:2 RPM-2008-12-11:2199:1 RPM-2008-12-11:2200:1 RPM-2008-12-11:2201:1 RPM-2008-12-11:2201:2 RPM-2008-12-11:2202:1
210,A,4,14916,1,2008-12-11,2008-12-11,RPM-2008-12-11:2205:1 RPM-2008-12-11:2206:1 RPM-2008-12-11:2233:1 RPM-2008-12-11:2236:1
211,A,3,15953,1,2008-12-11,2008-12-11,RPM-2008-12-11:2238:1 RPM-2008-12-11:2240:1 RPM-2008-12-11:2241:1
212,A,2,14793,1,2008-12-11,2008-12-11,RPM-2008-12-11:2243:1 RPM-2008-12-11:2246:1
213,A,3,13642,1,2008-12-11,2008-12-11,RPM-2008-12-11:2248:1 RPM-2008-12-11:2249:1 RPM-2008-12-11:2250:1
214,A,3,17465,1,2008-12-11,2008-12-11,RPM-2008-12-11:2251:1 RPM-2008-12-11:2252:1 RPM-2008-12-11:2253:1
215,A,4,15682,2,2008-12-11,2009-01-08,RPM-2008-12-11:2254:1 RPM-2009-01-08:2257:2 RPM-2009-01-08:2260:3 RPM-2009-01-08:2261:1
216,A,2,13276,1,2009-01-08,2009-01-08,RPM-2009-01-08:2291:2 RPM-2009-01-08:2292:1
217,A,2,13439,1,2009-01-08,2009-01-08,RPM-2009-01-08:2293:2 RPM-2009-01-08:2294:1
218,A,4,16225,1,2009-01-08,2009-01-08,RPM-2009-01-08:2295:1 RPM-2009-01-08:2296:1 RPM-2009-01-08:2298:1 RPM-2009-01-08:2299:1
219,A,7,16947,1,2009-02-12,2009-02-12,RPM-2009-02-12:2305:1 RPM-2009-02-12:2311:1 RPM-2009-02-12:2312:5 RPM-2009-02-12:2316:1 RPM-2009-02-12:2319:1 RPM-2009-02-12:2319:2 RPM-2009-02-12:2319:3
220,A,6,16295,1,2009-02-12,2009-02-12,RPM-2009-02-12:2326:1 RPM-2009-02-12:2333:1 RPM-2009-02-12:2334:1 RPM-2009-02-12:2335:1 RPM-2009-02-12:2342:1 RPM-2009-02-12:2345:2
221,A,3,15918,1,2009-02-12,2009-02-12,RPM-2009-02-12:2359:1 RPM-2009-02-12:2360:1 RPM-2009-02-12:2362:1
222,A,4,17420,1,2009-02-12,2009-02-12,RPM-2009-02-12:2364:1 RPM-2009-02-12:2366:1 RPM-2009-02-12:2368:1 RPM-2009-02-12:2370:1
223,A,2,15079,1,2009-02-12,2009-02-12,RPM-2009-02-12:2372:1 RPM-2009-02-12:2373:1
224,A,3,17558,1,2009-02-12,2009-02-12,RPM-2009-02-12:2374:1 RPM-2009-02-12:2375:1 RPM-2009-02-12:2376:1
225,A,6,14036,2,2009-02-12,2009-03-12,RPM-2009-02-12:2381:1 RPM-2009-03-12:2383:1 RPM-2009-03-12:2393:2 RPM-2009-03-12:2396:2 RPM-2009-03-12:2396:4 RPM-2009-03-12:2400:1
226,A,2,7629,1,2009-03-12,2009-03-12,RPM-2009-03-12:2401:1 RPM-2009-03-12:2402:1
227,A,2,14200,1,2009-03-12,2009-03-12,RPM-2009-03-12:2428:1 RPM-2009-03-12:2430:1
228,A,3,15529,1,2009-03-12,2009-03-12,RPM-2009-03-12:2433:1 RPM-2009-03-12:2434:2 RPM-2009-03-12:2435:1
229,A,5,17480,2,2009-03-12,2009-04-09,RPM-2009-03-12:2436:1 RPM-2009-03-12:2437:1 RPM-2009-03-12:2438:1 RPM-2009-03-12:2438:2 RPM-2009-04-09:2440:1
230,A,8,17113,1,2009-04-09,2009-04-09,RPM-2009-04-09:2441:6 RPM-2009-04-09:2442:2 RPM-2009-04-09:2449:2 RPM-2009-04-09:2462:5 RPM-2009-04-09:2462:9 RPM-2009-04-09:2478:1 RPM-2009-04-09:2478:3 RPM-2009-04-09:2481:1
231,A,3,12384,1,2009-04-09,2009-04-09,RPM-2009-04-09:2490:2 RPM-2009-04-09:2492:1 RPM-2009-04-09:2494:1
232,A,3,17570,1,2009-04-09,2009-04-09,RPM-2009-04-09:2496:1 RPM-2009-04-09:2497:1 RPM-2009-04-09:2498:1
233,A,3,15371,1,2009-04-09,2009-04-09,RPM-2009-04-09:2499:1 RPM-2009-04-09:2500:1 RPM-2009-04-09:2501:1
234,A,5,13545,1,2009-05-07,2009-05-07,RPM-2009-05-07:2505:2 RPM-2009-05-07:2507:1 RPM-2009-05-07:2508:1 RPM-2009-05-07:2510:2 RPM-2009-05-07:2512:2
235,A,5,15446,1,2009-05-07,2009-05-07,RPM-2009-05-07:2519:2 RPM-2009-05-07:2520:2 RPM-2009-05-07:2530:2 RPM-2009-05-07:2533:1 RPM-2009-05-07:2535:1
236,A,3,12156,1,2009-05-07,2009-05-07,RPM-2009-05-07:2539:1 RPM-2009-05-07:2541:1 RPM-2009-05-07:2542:1
237,A,3,16016,1,2009-05-07,2009-05-07,RPM-2009-05-07:2544:1 RPM-2009-05-07:2545:1 RPM-2009-05-07:2546:1
238,A,6,16234,2,2009-05-07,2009-06-16,RPM-2009-05-07:2548:1 RPM-2009-05-07:2549:1 RPM-2009-05-07:2550:1 RPM-2009-06-16:2552:1 RPM-2009-06-16:2562:2 RPM-2009-06-16:2567:1
239,A,5,16813,1,2009-06-16,2009-06-16,RPM-2009-06-16:2578:2 RPM-2009-06-16:2586:1 RPM-2009-06-16:2588:2 RPM-2009-06-16:2591:6 RPM-2009-06-16:2593:2
240,A,3,14360,1,2009-06-16,2009-06-16,RPM-2009-06-16:2594:1 RPM-2009-06-16:2595:1 RPM-2009-06-16:2597:1
241,A,2,12727,1,2009-06-16,2009-06-16,RPM-2009-06-16:2598:1 RPM-2009-06-16:2599:1
242,A,5,15763,2,2009-06-16,2009-07-09,RPM-2009-06-16:2600:1 RPM-2009-06-16:2601:1 RPM-2009-06-16:2602:1 RPM-2009-07-09:2604:1 RPM-2009-07-09:2606:1
243,A,7,16025,1,2009-07-09,2009-07-09,RPM-2009-07-09:2608:6 RPM-2009-07-09:2612:1 RPM-2009-07-09:2623:2 RPM-2009-07-09:2624:2 RPM-2009-07-09:2625:1 RPM-2009-07-09:2627:1 RPM-2009-07-09:2629:3
244,A,2,15496,1,2009-07-09,2009-07-09,RPM-2009-07-09:2641:1 RPM-2009-07-09:2644:2
245,A,3,15771,1,2009-07-09,2009-07-09,RPM-2009-07-09:2645:1 RPM-2009-07-09:2646:2 RPM-2009-07-09:2647:1
246,A,2,15257,1,2009-07-09,2009-07-09,RPM-2009-07-09:2649:1 RPM-2009-07-09:2650:1
247,A,2,14632,1,2009-07-09,2009-07-09,RPM-2009-07-09:2651:1 RPM-2009-07-09:2652:1
248,A,5,15341,2,2009-07-09,2009-08-13,RPM-2009-07-09:2653:1 RPM-2009-07-09:2654:1 RPM-2009-08-13:2656:1 RPM-2009-08-13:2660:1 RPM-2009-08-13:2666:3
249,A,4,7977,1,2009-08-13,2009-08-13,RPM-2009-08-13:2668:3 RPM-2009-08-13:2674:1 RPM-2009-08-13:2674:3 RPM-2009-08-13:2676:2
250,A,2,16199,1,2009-08-13,2009-08-13,RPM-2009-08-13:2681:1 RPM-2009-08-13:2682:1
251,A,3,13443,1,2009-08-13,2009-08-13,RPM-2009-08-13:2683:2 RPM-2009-08-13:2685:1 RPM-2009-08-13:2685:3
252,A,4,13826,2,2009-08-13,2009-09-08,RPM-2009-08-13:2686:1 RPM-2009-08-13:2687:1 RPM-2009-08-13:2688:1 RPM-2009-09-08:2689:1
253,A,4,16643,1,2009-09-08,2009-09-08,RPM-2009-09-08:2691:2 RPM-2009-09-08:2696:3 RPM-2009-09-08:2697:1 RPM-2009-09-08:2698:3
254,A,4,13811,1,2009-09-08,2009-09-08,RPM-2009-09-08:2699:4 RPM-2009-09-08:2701:1 RPM-2009-09-08:2703:6 RPM-2009-09-08:2706:2
255,A,4,16070,1,2009-09-08,2009-09-08,RPM-2009-09-08:2707:1 RPM-2009-09-08:2708:1 RPM-2009-09-08:2709:1 RPM-2009-09-08:2710:1
256,A,7,16044,2,2009-09-08,2009-10-13,RPM-2009-09-08:2711:2 RPM-2009-09-08:2711:3 RPM-2009-10-13:2717:1 RPM-2009-10-13:2720:2 RPM-2009-10-13:2727:1 RPM-2009-10-13:2732:1 RPM-2009-10-13:2734:1
257,A,3,10845,1,2009-10-13,2009-10-13,RPM-2009-10-13:2738:1 RPM-2009-10-13:2740:1 RPM-2009-10-13:2745:1
258,A,2,16028,1,2009-10-13,2009-10-13,RPM-2009-10-13:2749:1 RPM-2009-10-13:2751:1
259,A,4,16659,1,2009-10-13,2009-10-13,RPM-2009-10-13:2752:2 RPM-2009-10-13:2754:1 RPM-2009-10-13:2754:3 RPM-2009-10-13:2755:1
260,A,4,15735,1,2009-10-13,2009-10-13,RPM-2009-10-13:2756:1 RPM-2009-10-13:2757:1 RPM-2009-10-13:2757:2 RPM-2009-10-13:2758:1
261,A,5,16180,2,2009-10-13,2009-11-12,RPM-2009-10-13:2759:1 RPM-2009-11-12:2762:2 RPM-2009-11-12:2763:1 RPM-2009-11-12:2765:2 RPM-2009-11-12:2765:6
262,A,6,15419,1,2009-11-12,2009-11-12,RPM-2009-11-12:2770:2 RPM-2009-11-12:2770:4 RPM-2009-11-12:2776:6 RPM-2009-11-12:2778:3 RPM-2009-11-12:2780:1 RPM-2009-11-12:2785:2
263,A,4,14658,1,2009-11-12,2009-11-12,RPM-2009-11-12:2789:1 RPM-2009-11-12:2790:2 RPM-2009-11-12:2791:1 RPM-2009-11-12:2793:1
264,A,4,17088,1,2009-11-12,2009-11-12,RPM-2009-11-12:2794:2 RPM-2009-11-12:2796:1 RPM-2009-11-12:2796:3 RPM-2009-11-12:2797:1
265,A,3,15485,1,2009-11-12,2009-11-12,RPM-2009-11-12:2798:1 RPM-2009-11-12:2799:1 RPM-2009-11-12:2800:1
266,A,6,16491,2,2009-11-12,2009-12-15,RPM-2009-11-12:2801:1 RPM-2009-12-15:2805:1 RPM-2009-12-15:2807:3 RPM-2009-12-15:2809:4 RPM-2009-12-15:2810:5 RPM-2009-12-15:2815:1
267,A,4,15799,1,2009-12-15,2009-12-15,RPM-2009-12-15:2818:8 RPM-2009-12-15:2824:1 RPM-2009-12-15:2831:1 RPM-2009-12-15:2833:1
268,A,6,16380,1,2009-12-15,2009-12-15,RPM-2009-12-15:2834:2 RPM-2009-12-15:2836:1 RPM-2009-12-15:2837:1 RPM-2009-12-15:2838:1 RPM-2009-12-15:2838:2 RPM-2009-12-15:2839:2
269,A,4,10584,1,2010-01-14,2010-01-14,RPM-2010-01-14:2841:1 RPM-2010-01-14:2843:2 RPM-2010-01-14:2844:1 RPM-2010-01-14:2845:1
270,A,4,16088,1,2010-01-14,2010-01-14,RPM-2010-01-14:2847:1 RPM-2010-01-14:2850:1 RPM-2010-01-14:2850:2 RPM-2010-01-14:2851:1
271,A,6,15868,1,2010-01-14,2010-01-14,RPM-2010-01-14:2858:1 RPM-2010-01-14:2860:1 RPM-2010-01-14:2867:2 RPM-2010-01-14:2868:1 RPM-2010-01-14:2873:1 RPM-2010-01-14:2874:4
272,A,4,16983,1,2010-01-14,2010-01-14,RPM-2010-01-14:2878:1 RPM-2010-01-14:2882:1 RPM-2010-01-14:2883:1 RPM-2010-01-14:2884:1
273,A,5,15867,2,2010-01-14,2010-02-11,RPM-2010-01-14:2885:3 RPM-2010-01-14:2886:1 RPM-2010-02-11:2891:2 RPM-2010-02-11:2891:4 RPM-2010-02-11:2895:1
274,A,8,16247,1,2010-02-11,2010-02-11,RPM-2010-02-11:2899:5 RPM-2010-02-11:2909:1 RPM-2010-02-11:2909:4 RPM-2010-02-11:2912:1 RPM-2010-02-11:2914:1 RPM-2010-02-11:2915:4 RPM-2010-02-11:2932:1 RPM-2010-02-11:2946:1
275,A,4,16613,1,2010-02-11,2010-02-11,RPM-2010-02-11:2949:2 RPM-2010-02-11:2951:1 RPM-2010-02-11:2957:5 RPM-2010-02-11:2959:1
276,A,3,14053,1,2010-02-11,2010-02-11,RPM-2010-02-11:2960:1 RPM-2010-02-11:2962:1 RPM-2010-02-11:2963:1
277,A,4,14552,2,2010-02-11,2010-03-18,RPM-2010-02-11:2964:1 RPM-2010-02-11:2965:1 RPM-2010-02-11:2966:1 RPM-2010-03-18:2969:1
278,A,5,16962,1,2010-03-18,2010-03-18,RPM-2010-03-18:2971:1 RPM-2010-03-18:2980:1 RPM-2010-03-18:2981:4 RPM-2010-03-18:2988:1 RPM-2010-03-18:2990:1
279,A,4,17128,1,2010-03-18,2010-03-18,RPM-2010-03-18:2996:1 RPM-2010-03-18:3011:1 RPM-2010-03-18:3011:3 RPM-2010-03-18:3012:3
280,A,5,17391,1,2010-03-18,2010-03-18,RPM-2010-03-18:3014:1 RPM-2010-03-18:3016:1 RPM-2010-03-18:3017:1 RPM-2010-03-18:3018:1 RPM-2010-03-18:3019:1
281,A,5,15016,2,2010-03-18,2010-04-15,RPM-2010-03-18:3020:1 RPM-2010-03-18:3021:1 RPM-2010-04-15:3023:1 RPM-2010-04-15:3025:2 RPM-2010-04-15:3029:2
282,A,6,16741,1,2010-04-15,2010-04-15,RPM-2010-04-15:3033:1 RPM-2010-04-15:3035:2 RPM-2010-04-15:3037:1 RPM-2010-04-15:3038:1 RPM-2010-04-15:3048:1 RPM-2010-04-15:3050:3
283,A,7,16495,1,2010-04-15,2010-04-15,RPM-2010-04-15:3051:4 RPM-2010-04-15:3061:1 RPM-2010-04-15:3063:1 RPM-2010-04-15:3063:2 RPM-2010-04-15:3068:1 RPM-2010-04-15:3070:1 RPM-2010-04-15:3071:3
284,A,4,17522,1,2010-04-15,2010-04-15,RPM-2010-04-15:3072:1 RPM-2010-04-15:3073:1 RPM-2010-04-15:3074:1 RPM-2010-04-15:3075:1
285,A,4,10390,2,2010-04-15,2010-05-13,RPM-2010-04-15:3076:1 RPM-2010-04-15:3077:1 RPM-2010-05-13:3079:1 RPM-2010-05-13:3081:1
286,A,5,16442,1,2010-05-13,2010-05-13,RPM-2010-05-13:3082:1 RPM-2010-05-13:3083:1 RPM-2010-05-13:3087:1 RPM-2010-05-13:3089:2 RPM-2010-05-13:3093:2
287,A,6,15335,1,2010-05-13,2010-05-13,RPM-2010-05-13:3094:1 RPM-2010-05-13:3096:1 RPM-2010-05-13:3098:1 RPM-2010-05-13:3099:2 RPM-2010-05-13:3100:1 RPM-2010-05-13:3101:2
288,A,7,16935,1,2010-05-13,2010-05-13,RPM-2010-05-13:3107:1 RPM-2010-05-13:3107:2 RPM-2010-05-13:3111:2 RPM-2010-05-13:3112:1 RPM-2010-05-13:3113:1 RPM-2010-05-13:3115:2 RPM-2010-05-13:3116:1
289,A,3,12333,1,2010-05-13,2010-05-13,RPM-2010-05-13:3119:1 RPM-2010-05-13:3120:2 RPM-2010-05-13:3121:1
290,A,2,11462,1,2010-05-13,2010-05-13,RPM-2010-05-13:3122:1 RPM-2010-05-13:3123:1
291,A,5,15945,2,2010-05-13,2010-06-15,RPM-2010-05-13:3124:1 RPM-2010-05-13:3125:1 RPM-2010-05-13:3126:1 RPM-2010-05-13:3126:2 RPM-2010-06-15:3128:1
292,A,7,16360,1,2010-06-15,2010-06-15,RPM-2010-06-15:3130:1 RPM-2010-06-15:3135:1 RPM-2010-06-15:3140:1 RPM-2010-06-15:3148:1 RPM-2010-06-15:3155:1 RPM-2010-06-15:3162:1 RPM-2010-06-15:3164:1
293,A,5,15785,1,2010-06-15,2010-06-15,RPM-2010-06-15:3177:1 RPM-2010-06-15:3193:3 RPM-2010-06-15:3194:1 RPM-2010-06-15:3196:1 RPM-2010-06-15:3197:1
294,A,3,17193,1,2010-06-15,2010-06-15,RPM-2010-06-15:3199:1 RPM-2010-06-15:3200:1 RPM-2010-06-15:3201:1
295,A,7,16655,2,2010-06-15,2010-07-15,RPM-2010-06-15:3202:1 RPM-2010-06-15:3205:1 RPM-2010-06-15:3205:2 RPM-2010-07-15:3207:1 RPM-2010-07-15:3209:1 RPM-2010-07-15:3211:1 RPM-2010-07-15:3216:1
296,A,6,15512,1,2010-07-15,2010-07-15,RPM-2010-07-15:3221:2 RPM-2010-07-15:3227:2 RPM-2010-07-15:3244:1 RPM-2010-07-15:3249:2 RPM-2010-07-15:3250:2 RPM-2010-07-15:3251:1
297,A,4,16247,1,2010-07-15,2010-07-15,RPM-2010-07-15:3258:2 RPM-2010-07-15:3259:1 RPM-2010-07-15:3261:1 RPM-2010-07-15:3270:2
298,A,4,16443,1,2010-07-15,2010-07-15,RPM-2010-07-15:3271:2 RPM-2010-07-15:3272:1 RPM-2010-07-15:3273:1 RPM-2010-07-15:3274:1
299,A,7,16565,2,2010-07-15,2010-08-12,RPM-2010-07-15:3275:1 RPM-2010-07-15:3276:1 RPM-2010-07-15:3277:1 RPM-2010-07-15:3277:2 RPM-2010-08-12:3278:1 RPM-2010-08-12:3280:1 RPM-2010-08-12:3286:3
300,A,6,15762,1,2010-08-12,2010-08-12,RPM-2010-08-12:3287:1 RPM-2010-08-12:3288:3 RPM-2010-08-12:3290:1 RPM-2010-08-12:3292:1 RPM-2010-08-12:3297:1 RPM-2010-08-12:3300:1
301,A,6,15941,1,2010-08-12,2010-08-12,RPM-2010-08-12:3317:1 RPM-2010-08-12:3323:1 RPM-2010-08-12:3327:1 RPM-2010-08-12:3329:1 RPM-2010-08-12:3331:1 RPM-2010-08-12:3333:2
302,A,5,16956,1,2010-08-12,2010-08-12,RPM-2010-08-12:3335:1 RPM-2010-08-12:3337:1 RPM-2010-08-12:3339:1 RPM-2010-08-12:3340:2 RPM-2010-08-12:3341:1
303,A,4,15599,2,2010-08-12,2010-09-16,RPM-2010-08-12:3342:1 RPM-2010-08-12:3343:1 RPM-2010-09-16:3345:1 RPM-2010-09-16:3346:2
304,A,6,17240,1,2010-09-16,2010-09-16,RPM-2010-09-16:3361:1 RPM-2010-09-16:3366:1 RPM-2010-09-16:3387:1 RPM-2010-09-16:3397:1 RPM-2010-09-16:3406:1 RPM-2010-09-16:3411:1
305,A,3,16141,1,2010-09-16,2010-09-16,RPM-2010-09-16:3423:1 RPM-2010-09-16:3425:1 RPM-2010-09-16:3427:1
306,A,5,17440,2,2010-09-16,2010-10-14,RPM-2010-09-16:3428:1 RPM-2010-09-16:3429:1 RPM-2010-09-16:3430:1 RPM-2010-09-16:3431:1 RPM-2010-10-14:3433:1
307,A,7,15491,1,2010-10-14,2010-10-14,RPM-2010-10-14:3434:2 RPM-2010-10-14:3434:4 RPM-2010-10-14:3437:1 RPM-2010-10-14:3439:3 RPM-2010-10-14:3442:5 RPM-2010-10-14:3446:2 RPM-2010-10-14:3454:1
308,A,7,17134,1,2010-10-14,2010-10-14,RPM-2010-10-14:3455:1 RPM-2010-10-14:3456:1 RPM-2010-10-14:3457:1 RPM-2010-10-14:3459:1 RPM-2010-10-14:3465:1 RPM-2010-10-14:3476:3 RPM-2010-10-14:3477:1
309,A,4,11836,1,2010-10-14,2010-10-14,RPM-2010-10-14:3478:1 RPM-2010-10-14:3480:1 RPM-2010-10-14:3482:1 RPM-2010-10-14:3484:1
310,A,3,14886,1,2010-10-14,2010-10-14,RPM-2010-10-14:3485:2 RPM-2010-10-14:3487:1 RPM-2010-10-14:3488:1
311,A,6,17152,2,2010-10-14,2010-11-16,RPM-2010-10-14:3489:1 RPM-2010-10-14:3490:1 RPM-2010-10-14:3491:1 RPM-2010-10-14:3492:1 RPM-2010-11-16:3494:1 RPM-2010-11-16:3496:1
312,A,7,16781,1,2010-11-16,2010-11-16,RPM-2010-11-16:3504:1 RPM-2010-11-16:3510:1 RPM-2010-11-16:3519:1 RPM-2010-11-16:3537:1 RPM-2010-11-16:3542:1 RPM-2010-11-16:3551:2 RPM-2010-11-16:3556:1
313,A,5,16693,1,2010-11-16,2010-11-16,RPM-2010-11-16:3562:1 RPM-2010-11-16:3564:1 RPM-2010-11-16:3566:1 RPM-2010-11-16:3573:1 RPM-2010-11-16:3574:1
314,A,3,12877,1,2010-11-16,2010-11-16,RPM-2010-11-16:3575:3 RPM-2010-11-16:3576:1 RPM-2010-11-16:3577:1
315,A,4,17106,1,2010-11-16,2010-11-16,RPM-2010-11-16:3578:1 RPM-2010-11-16:3579:1 RPM-2010-11-16:3580:1 RPM-2010-11-16:3581:1
316,A,7,15950,1,2010-12-16,2010-12-16,RPM-2010-12-16:3583:1 RPM-2010-12-16:3585:1 RPM-2010-12-16:3586:1 RPM-2010-12-16:3588:1 RPM-2010-12-16:3589:2 RPM-2010-12-16:3590:1 RPM-2010-12-16:3591:1
317,A,6,16534,1,2010-12-16,2010-12-16,RPM-2010-12-16:3597:1 RPM-2010-12-16:3603:1 RPM-2010-12-16:3617:1 RPM-2010-12-16:3619:1 RPM-2010-12-16:3621:1 RPM-2010-12-16:3627:1
318,A,3,13675,1,2010-12-16,2010-12-16,RPM-2010-12-16:3632:1 RPM-2010-12-16:3634:1 RPM-2010-12-16:3636:1
319,A,4,16932,1,2010-12-16,2010-12-16,RPM-2010-12-16:3637:1 RPM-2010-12-16:3638:1 RPM-2010-12-16:3640:1 RPM-2010-12-16:3641:1
320,A,7,17283,1,2011-01-13,2011-01-13,RPM-2011-01-13:3643:1 RPM-2011-01-13:3645:1 RPM-2011-01-13:3666:1 RPM-2011-01-13:3668:1 RPM-2011-01-13:3692:1 RPM-2011-01-13:3694:1 RPM-2011-01-13:3698:2
321,A,3,16240,1,2011-01-13,2011-01-13,RPM-2011-01-13:3703:1 RPM-2011-01-13:3705:1 RPM-2011-01-13:3707:1
322,A,3,14992,1,2011-01-13,2011-01-13,RPM-2011-01-13:3709:1 RPM-2011-01-13:3711:1 RPM-2011-01-13:3712:1
323,A,4,16489,1,2011-01-13,2011-01-13,RPM-2011-01-13:3713:1 RPM-2011-01-13:3714:1 RPM-2011-01-13:3715:1 RPM-2011-01-13:3716:1
324,A,7,15494,1,2011-02-17,2011-02-17,RPM-2011-02-17:3720:1 RPM-2011-02-17:3728:1 RPM-2011-02-17:3729:2 RPM-2011-02-17:3731:1 RPM-2011-02-17:3745:1 RPM-2011-02-17:3750:1 RPM-2011-02-17:3759:1
325,A,4,17168,1,2011-02-17,2011-02-17,RPM-2011-02-17:3763:1 RPM-2011-02-17:3784:3 RPM-2011-02-17:3797:1 RPM-2011-02-17:3802:1
326,A,3,11800,1,2011-02-17,2011-02-17,RPM-2011-02-17:3804:1 RPM-2011-02-17:3806:1 RPM-2011-02-17:3808:1
327,A,4,16731,1,2011-02-17,2011-02-17,RPM-2011-02-17:3810:1 RPM-2011-02-17:3811:1 RPM-2011-02-17:3813:2 RPM-2011-02-17:3813:3
328,A,5,16421,1,2011-03-17,2011-03-17,RPM-2011-03-17:3815:1 RPM-2011-03-17:3817:1 RPM-2011-03-17:3826:2 RPM-2011-03-17:3832:1 RPM-2011-03-17:3845:1
329,A,4,14218,1,2011-03-17,2011-03-17,RPM-2011-03-17:3849:1 RPM-2011-03-17:3855:1 RPM-2011-03-17:3873:1 RPM-2011-03-17:3882:1
330,A,3,17332,1,2011-03-17,2011-03-17,RPM-2011-03-17:3884:1 RPM-2011-03-17:3886:1 RPM-2011-03-17:3887:1
331,A,6,16065,2,2011-03-17,2011-04-12,RPM-2011-03-17:3887:2 RPM-2011-03-17:3888:1 RPM-2011-03-17:3889:1 RPM-2011-03-17:3889:2 RPM-2011-03-17:3891:1 RPM-2011-04-12:3893:1
332,A,5,16308,1,2011-04-12,2011-04-12,RPM-2011-04-12:3895:1 RPM-2011-04-12:3900:1 RPM-2011-04-12:3902:1 RPM-2011-04-12:3907:1 RPM-2011-04-12:3914:1
333,A,6,13016,1,2011-04-12,2011-04-12,RPM-2011-04-12:3920:1 RPM-2011-04-12:3926:1 RPM-2011-04-12:3939:1 RPM-2011-04-12:3946:1 RPM-2011-04-12:3948:1 RPM-2011-04-12:3958:1
334,A,3,13560,1,2011-04-12,2011-04-12,RPM-2011-04-12:3960:1 RPM-2011-04-12:3962:1 RPM-2011-04-12:3963:1
335,A,5,16765,1,2011-04-12,2011-04-12,RPM-2011-04-12:3965:1 RPM-2011-04-12:3966:1 RPM-2011-04-12:3966:2 RPM-2011-04-12:3967:1 RPM-2011-04-12:3968:1
336,A,6,16317,2,2011-04-12,2011-05-12,RPM-2011-04-12:3968:2 RPM-2011-04-12:3969:1 RPM-2011-05-12:3973:1 RPM-2011-05-12:3983:1 RPM-2011-05-12:3984:2 RPM-2011-05-12:3999:2
337,A,6,14048,1,2011-05-12,2011-05-12,RPM-2011-05-12:4002:1 RPM-2011-05-12:4009:1 RPM-2011-05-12:4018:1 RPM-2011-05-12:4030:1 RPM-2011-05-12:4039:1 RPM-2011-05-12:4041:1
338,A,3,16843,1,2011-05-12,2011-05-12,RPM-2011-05-12:4043:1 RPM-2011-05-12:4045:1 RPM-2011-05-12:4047:1
339,A,3,14795,1,2011-05-12,2011-05-12,RPM-2011-05-12:4049:1 RPM-2011-05-12:4050:1 RPM-2011-05-12:4051:2
340,A,3,15054,2,2011-05-12,2011-06-14,RPM-2011-05-12:4052:2 RPM-2011-05-12:4053:1 RPM-2011-06-14:4058:1
341,A,5,16538,1,2011-06-14,2011-06-14,RPM-2011-06-14:4068:1 RPM-2011-06-14:4080:1 RPM-2011-06-14:4085:1 RPM-2011-06-14:4087:1 RPM-2011-06-14:4089:1
342,A,4,17462,1,2011-06-14,2011-06-14,RPM-2011-06-14:4096:7 RPM-2011-06-14:4100:1 RPM-2011-06-14:4104:1 RPM-2011-06-14:4106:1
343,A,4,16504,1,2011-06-14,2011-06-14,RPM-2011-06-14:4108:1 RPM-2011-06-14:4109:3 RPM-2011-06-14:4110:1 RPM-2011-06-14:4112:1
344,A,4,16094,1,2011-06-14,2011-06-14,RPM-2011-06-14:4114:1 RPM-2011-06-14:4116:1 RPM-2011-06-14:4117:1 RPM-2011-06-14:4118:1
345,A,5,12680,1,2011-07-14,2011-07-14,RPM-2011-07-14:4121:1 RPM-2011-07-14:4126:1 RPM-2011-07-14:4144:1 RPM-2011-07-14:4169:1 RPM-2011-07-14:4174:1
346,A,2,9886,1,2011-07-14,2011-07-14,RPM-2011-07-14:4186:1 RPM-2011-07-14:4197:1
347,A,2,11627,1,2011-07-14,2011-07-14,RPM-2011-07-14:4199:1 RPM-2011-07-14:4201:1
348,A,3,16610,1,2011-07-14,2011-07-14,RPM-2011-07-14:4203:1 RPM-2011-07-14:4205:1 RPM-2011-07-14:4207:1
349,A,3,16156,1,2011-07-14,2011-07-14,RPM-2011-07-14:4209:1 RPM-2011-07-14:4211:1 RPM-2011-07-14:4212:1
350,A,7,16688,2,2011-07-14,2011-08-18,RPM-2011-07-14:4213:1 RPM-2011-08-18:4217:1 RPM-2011-08-18:4225:1 RPM-2011-08-18:4228:1 RPM-2011-08-18:4233:2 RPM-2011-08-18:4242:1 RPM-2011-08-18:4244:1
351,A,4,14170,1,2011-08-18,2011-08-18,RPM-2011-08-18:4254:1 RPM-2011-08-18:4262:1 RPM-2011-08-18:4264:1 RPM-2011-08-18:4266:1
352,A,2,11969,1,2011-08-18,2011-08-18,RPM-2011-08-18:4268:1 RPM-2011-08-18:4270:1
353,A,3,16355,1,2011-08-18,2011-08-18,RPM-2011-08-18:4272:1 RPM-2011-08-18:4274:1 RPM-2011-08-18:4276:1
354,A,4,15103,2,2011-08-18,2011-09-15,RPM-2011-08-18:4278:1 RPM-2011-08-18:4279:1 RPM-2011-08-18:4280:1 RPM-2011-09-15:4282:1
355,A,2,12195,1,2011-09-15,2011-09-15,RPM-2011-09-15:4284:1 RPM-2011-09-15:4289:1
356,A,3,9976,1,2011-09-15,2011-09-15,RPM-2011-09-15:4311:7 RPM-2011-09-15:4317:1 RPM-2011-09-15:4318:1
357,A,3,17198,1,2011-09-15,2011-09-15,RPM-2011-09-15:4321:1 RPM-2011-09-15:4323:1 RPM-2011-09-15:4325:1
358,A,5,16203,1,2011-09-15,2011-09-15,RPM-2011-09-15:4327:1 RPM-2011-09-15:4329:1 RPM-2011-09-15:4331:1 RPM-2011-09-15:4332:1 RPM-2011-09-15:4333:2
359,A,6,16315,1,2011-10-13,2011-10-13,RPM-2011-10-13:4334:1 RPM-2011-10-13:4336:1 RPM-2011-10-13:4338:1 RPM-2011-10-13:4342:2 RPM-2011-10-13:4344:1 RPM-2011-10-13:4351:1
360,A,7,16127,1,2011-10-13,2011-10-13,RPM-2011-10-13:4359:1 RPM-2011-10-13:4360:2 RPM-2011-10-13:4366:3 RPM-2011-10-13:4372:1 RPM-2011-10-13:4376:1 RPM-2011-10-13:4380:1 RPM-2011-10-13:4382:1
361,A,1,13278,1,2011-10-13,2011-10-13,RPM-2011-10-13:4386:1
362,A,3,16735,1,2011-10-13,2011-10-13,RPM-2011-10-13:4388:1 RPM-2011-10-13:4390:1 RPM-2011-10-13:4392:1
363,A,4,17568,2,2011-10-13,2011-11-15,RPM-2011-10-13:4394:1 RPM-2011-10-13:4397:1 RPM-2011-10-13:4398:1 RPM-2011-11-15:4402:1
364,A,5,16313,1,2011-11-15,2011-11-15,RPM-2011-11-15:4404:1 RPM-2011-11-15:4408:2 RPM-2011-11-15:4409:1 RPM-2011-11-15:4414:1 RPM-2011-11-15:4426:1
365,A,6,17471,1,2011-11-15,2011-11-15,RPM-2011-11-15:4433:1 RPM-2011-11-15:4435:1 RPM-2011-11-15:4439:1 RPM-2011-11-15:4445:1 RPM-2011-11-15:4446:3 RPM-2011-11-15:4447:1
366,A,4,14980,1,2011-11-15,2011-11-15,RPM-2011-11-15:4449:1 RPM-2011-11-15:4453:3 RPM-2011-11-15:4454:1 RPM-2011-11-15:4455:1
367,A,5,17267,2,2011-11-15,2011-12-13,RPM-2011-11-15:4456:1 RPM-2011-11-15:4457:1 RPM-2011-11-15:4458:1 RPM-2011-11-15:4459:1 RPM-2011-12-13:4462:1
368,A,7,17273,1,2011-12-13,2011-12-13,RPM-2011-12-13:4464:1 RPM-2011-12-13:4466:1 RPM-2011-12-13:4469:2 RPM-2011-12-13:4471:1 RPM-2011-12-13:4473:1 RPM-2011-12-13:4474:1 RPM-2011-12-13:4481:1
369,A,5,15266,1,2011-12-13,2011-12-13,RPM-2011-12-13:4486:1 RPM-2011-12-13:4488:1 RPM-2011-12-13:4489:2 RPM-2011-12-13:4491:1 RPM-2011-12-13:4502:1
370,A,3,17313,1,2011-12-13,2011-12-13,RPM-2011-12-13:4504:1 RPM-2011-12-13:4506:1 RPM-2011-12-13:4507:3
371,A,4,17218,1,2011-12-13,2011-12-13,RPM-2011-12-13:4508:1 RPM-2011-12-13:4510:1 RPM-2011-12-13:4512:1 RPM-2011-12-13:4513:1
372,A,6,15032,2,2011-12-13,2012-01-12,RPM-2011-12-13:4514:1 RPM-2012-01-12:4517:1 RPM-2012-01-12:4526:2 RPM-2012-01-12:4527:1 RPM-2012-01-12:4531:3 RPM-2012-01-12:4536:1
373,A,5,15612,1,2012-01-12,2012-01-12,RPM-2012-01-12:4537:2 RPM-2012-01-12:4544:1 RPM-2012-01-12:4550:1 RPM-2012-01-12:4552:1 RPM-2012-01-12:4554:1
374,A,3,13359,1,2012-01-12,2012-01-12,RPM-2012-01-12:4555:2 RPM-2012-01-12:4558:1 RPM-2012-01-12:4564:1
375,A,2,14385,1,2012-01-12,2012-01-12,RPM-2012-01-12:4565:2 RPM-2012-01-12:4566:1
376,A,4,16681,1,2012-01-12,2012-01-12,RPM-2012-01-12:4568:1 RPM-2012-01-12:4570:1 RPM-2012-01-12:4571:1 RPM-2012-01-12:4572:1
377,A,5,16571,1,2012-02-14,2012-02-14,RPM-2012-02-14:4573:1 RPM-2012-02-14:4575:1 RPM-2012-02-14:4577:1 RPM-2012-02-14:4584:1 RPM-2012-02-14:4590:1
378,A,7,17101,1,2012-02-14,2012-02-14,RPM-2012-02-14:4594:2 RPM-2012-02-14:4597:1 RPM-2012-02-14:4608:1 RPM-2012-02-14:4622:1 RPM-2012-02-14:4624:1 RPM-2012-02-14:4634:1 RPM-2012-02-14:4634:3
379,A,2,14049,1,2012-02-14,2012-02-14,RPM-2012-02-14:4642:1 RPM-2012-02-14:4644:1
380,A,3,16340,1,2012-02-14,2012-02-14,RPM-2012-02-14:4645:2 RPM-2012-02-14:4646:1 RPM-2012-02-14:4648:1
381,A,4,15723,1,2012-02-14,2012-02-14,RPM-2012-02-14:4650:1 RPM-2012-02-14:4652:1 RPM-2012-02-14:4653:1 RPM-2012-02-14:4654:1
382,A,6,15262,1,2012-03-15,2012-03-15,RPM-2012-03-15:4657:1 RPM-2012-03-15:4666:1 RPM-2012-03-15:4671:1 RPM-2012-03-15:4674:1 RPM-2012-03-15:4676:1 RPM-2012-03-15:4697:1
383,A,3,15452,1,2012-03-15,2012-03-15,RPM-2012-03-15:4719:3 RPM-2012-03-15:4719:6 RPM-2012-03-15:4721:1
384,A,3,14272,1,2012-03-15,2012-03-15,RPM-2012-03-15:4722:3 RPM-2012-03-15:4723:1 RPM-2012-03-15:4725:1
385,A,4,16493,1,2012-03-15,2012-03-15,RPM-2012-03-15:4727:1 RPM-2012-03-15:4729:1 RPM-2012-03-15:4730:1 RPM-2012-03-15:4731:1
386,A,6,15860,1,2012-04-17,2012-04-17,RPM-2012-04-17:4733:1 RPM-2012-04-17:4735:1 RPM-2012-04-17:4736:2 RPM-2012-04-17:4736:4 RPM-2012-04-17:4741:1 RPM-2012-04-17:4746:1
387,A,7,15678,1,2012-04-17,2012-04-17,RPM-2012-04-17:4756:1 RPM-2012-04-17:4760:1 RPM-2012-04-17:4762:1 RPM-2012-04-17:4765:1 RPM-2012-04-17:4767:1 RPM-2012-04-17:4770:2 RPM-2012-04-17:4774:1
388,A,3,12668,1,2012-04-17,2012-04-17,RPM-2012-04-17:4780:1 RPM-2012-04-17:4782:1 RPM-2012-04-17:4783:1
389,A,3,11515,1,2012-04-17,2012-04-17,RPM-2012-04-17:4784:2 RPM-2012-04-17:4787:1 RPM-2012-04-17:4788:1
390,A,4,15839,2,2012-04-17,2012-05-17,RPM-2012-04-17:4789:1 RPM-2012-04-17:4790:2 RPM-2012-05-17:4792:1 RPM-2012-05-17:4794:1
391,A,4,15863,1,2012-05-17,2012-05-17,RPM-2012-05-17:4804:1 RPM-2012-05-17:4811:1 RPM-2012-05-17:4821:1 RPM-2012-05-17:4825:1
392,A,2,14681,1,2012-05-17,2012-05-17,RPM-2012-05-17:4827:1 RPM-2012-05-17:4832:2
393,A,2,14754,1,2012-05-17,2012-05-17,RPM-2012-05-17:4835:1 RPM-2012-05-17:4839:1
394,A,3,15110,1,2012-05-17,2012-05-17,RPM-2012-05-17:4841:1 RPM-2012-05-17:4843:1 RPM-2012-05-17:4845:1
395,A,5,16449,2,2012-05-17,2012-06-14,RPM-2012-05-17:4847:1 RPM-2012-05-17:4848:1 RPM-2012-05-17:4849:3 RPM-2012-06-14:4851:1 RPM-2012-06-14:4855:1
396,A,4,11037,1,2012-06-14,2012-06-14,RPM-2012-06-14:4857:3 RPM-2012-06-14:4862:1 RPM-2012-06-14:4865:1 RPM-2012-06-14:4866:1
397,A,2,17017,1,2012-06-14,2012-06-14,RPM-2012-06-14:4869:1 RPM-2012-06-14:4887:1
398,A,3,16099,1,2012-06-14,2012-06-14,RPM-2012-06-14:4889:1 RPM-2012-06-14:4891:1 RPM-2012-06-14:4893:1
399,A,5,16836,2,2012-06-14,2012-07-12,RPM-2012-06-14:4895:1 RPM-2012-06-14:4897:1 RPM-2012-06-14:4898:1 RPM-2012-06-14:4899:3 RPM-2012-07-12:4900:1
400,A,4,17299,1,2012-07-12,2012-07-12,RPM-2012-07-12:4902:1 RPM-2012-07-12:4904:1 RPM-2012-07-12:4906:1 RPM-2012-07-12:4908:1
401,A,7,14977,1,2012-07-12,2012-07-12,RPM-2012-07-12:4909:1 RPM-2012-07-12:4910:1 RPM-2012-07-12:4911:1 RPM-2012-07-12:4913:1 RPM-2012-07-12:4917:1 RPM-2012-07-12:4926:1 RPM-2012-07-12:4933:1
402,A,6,14410,1,2012-07-12,2012-07-12,RPM-2012-07-12:4936:1 RPM-2012-07-12:4941:2 RPM-2012-07-12:4952:1 RPM-2012-07-12:4957:1 RPM-2012-07-12:4958:1 RPM-2012-07-12:4959:1
403,A,3,11699,1,2012-07-12,2012-07-12,RPM-2012-07-12:4961:1 RPM-2012-07-12:4964:1 RPM-2012-07-12:4967:1
404,A,5,16675,1,2012-07-12,2012-07-12,RPM-2012-07-12:4969:1 RPM-2012-07-12:4971:1 RPM-2012-07-12:4972:1 RPM-2012-07-12:4973:1 RPM-2012-07-12:4973:3
405,A,2,9215,1,2012-08-16,2012-08-16,RPM-2012-08-16:4974:1 RPM-2012-08-16:4976:1
406,A,4,16670,1,2012-08-16,2012-08-16,RPM-2012-08-16:4979:1 RPM-2012-08-16:4981:1 RPM-2012-08-16:4982:1 RPM-2012-08-16:4984:1
407,A,4,12247,1,2012-08-16,2012-08-16,RPM-2012-08-16:4986:1 RPM-2012-08-16:4989:1 RPM-2012-08-16:4991:1 RPM-2012-08-16:5000:1
408,A,6,16486,1,2012-08-16,2012-08-16,RPM-2012-08-16:5002:1 RPM-2012-08-16:5004:1 RPM-2012-08-16:5006:1 RPM-2012-08-16:5009:1 RPM-2012-08-16:5011:1 RPM-2012-08-16:5019:1
409,A,5,17192,1,2012-08-16,2012-08-16,RPM-2012-08-16:5024:1 RPM-2012-08-16:5025:1 RPM-2012-08-16:5026:1 RPM-2012-08-16:5029:1 RPM-2012-08-16:5031:1
410,A,5,17363,1,2012-08-16,2012-08-16,RPM-2012-08-16:5033:1 RPM-2012-08-16:5035:1 RPM-2012-08-16:5037:1 RPM-2012-08-16:5038:1 RPM-2012-08-16:5039:1
411,A,4,8830,2,2012-08-16,2012-09-13,RPM-2012-08-16:5039:3 RPM-2012-09-13:5041:1 RPM-2012-09-13:5043:1 RPM-2012-09-13:5048:1
412,A,3,17453,1,2012-09-13,2012-09-13,RPM-2012-09-13:5049:1 RPM-2012-09-13:5051:1 RPM-2012-09-13:5053:1
413,A,5,13200,1,2012-09-13,2012-09-13,RPM-2012-09-13:5054:1 RPM-2012-09-13:5055:1 RPM-2012-09-13:5059:1 RPM-2012-09-13:5063:1 RPM-2012-09-13:5066:1
414,A,5,15693,1,2012-09-13,2012-09-13,RPM-2012-09-13:5070:1 RPM-2012-09-13:5072:1 RPM-2012-09-13:5072:2 RPM-2012-09-13:5073:1 RPM-2012-09-13:5076:1
415,A,4,16169,1,2012-09-13,2012-09-13,RPM-2012-09-13:5078:2 RPM-2012-09-13:5081:1 RPM-2012-09-13:5082:1 RPM-2012-09-13:5084:2
416,A,4,16920,1,2012-09-13,2012-09-13,RPM-2012-09-13:5085:1 RPM-2012-09-13:5087:1 RPM-2012-09-13:5089:1 RPM-2012-09-13:5091:1
417,A,3,7369,2,2012-09-13,2012-10-18,RPM-2012-09-13:5092:1 RPM-2012-09-13:5092:2 RPM-2012-10-18:5094:1
418,A,3,16911,1,2012-10-18,2012-10-18,RPM-2012-10-18:5096:1 RPM-2012-10-18:5099:1 RPM-2012-10-18:5102:1
419,A,6,15900,1,2012-10-18,2012-10-18,RPM-2012-10-18:5113:3 RPM-2012-10-18:5116:1 RPM-2012-10-18:5117:1 RPM-2012-10-18:5120:1 RPM-2012-10-18:5122:1 RPM-2012-10-18:5123:1
420,A,5,17280,1,2012-10-18,2012-10-18,RPM-2012-10-18:5125:1 RPM-2012-10-18:5130:1 RPM-2012-10-18:5137:1 RPM-2012-10-18:5139:1 RPM-2012-10-18:5143:1
421,A,4,15316,1,2012-10-18,2012-10-18,RPM-2012-10-18:5144:1 RPM-2012-10-18:5145:1 RPM-2012-10-18:5148:1 RPM-2012-10-18:5151:1
422,A,5,16771,1,2012-10-18,2012-10-18,RPM-2012-10-18:5153:1 RPM-2012-10-18:5155:1 RPM-2012-10-18:5157:1 RPM-2012-10-18:5158:1 RPM-2012-10-18:5159:1
423,A,3,7292,2,2012-10-18,2012-11-13,RPM-2012-10-18:5159:3 RPM-2012-11-13:5163:1 RPM-2012-11-13:5164:1
424,A,1,13890,1,2012-11-13,2012-11-13,RPM-2012-11-13:5165:1
425,A,5,15221,1,2012-11-13,2012-11-13,RPM-2012-11-13:5172:1 RPM-2012-11-13:5178:1 RPM-2012-11-13:5179:1 RPM-2012-11-13:5184:1 RPM-2012-11-13:5186:1
426,A,4,12868,1,2012-11-13,2012-11-13,RPM-2012-11-13:5196:1 RPM-2012-11-13:5207:1 RPM-2012-11-13:5209:1 RPM-2012-11-13:5210:1
427,A,4,17089,1,2012-11-13,2012-11-13,RPM-2012-11-13:5212:3 RPM-2012-11-13:5213:1 RPM-2012-11-13:5215:1 RPM-2012-11-13:5217:1
428,A,4,12049,1,2012-11-13,2012-11-13,RPM-2012-11-13:5219:1 RPM-2012-11-13:5220:1 RPM-2012-11-13:5221:1 RPM-2012-11-13:5221:3
429,A,3,14902,1,2012-12-13,2012-12-13,RPM-2012-12-13:5225:1 RPM-2012-12-13:5232:2 RPM-2012-12-13:5233:1
430,A,4,12960,1,2012-12-13,2012-12-13,RPM-2012-12-13:5235:1 RPM-2012-12-13:5239:1 RPM-2012-12-13:5240:1 RPM-2012-12-13:5244:1
431,A,4,13619,1,2012-12-13,2012-12-13,RPM-2012-12-13:5246:1 RPM-2012-12-13:5252:1 RPM-2012-12-13:5253:1 RPM-2012-12-13:5254:1
432,A,3,15318,1,2012-12-13,2012-12-13,RPM-2012-12-13:5257:3 RPM-2012-12-13:5258:1 RPM-2012-12-13:5261:1
433,A,4,17459,1,2012-12-13,2012-12-13,RPM-2012-12-13:5263:1 RPM-2012-12-13:5265:1 RPM-2012-12-13:5266:1 RPM-2012-12-13:5267:1
434,A,4,17553,2,2012-12-13,2013-01-17,RPM-2012-12-13:5267:3 RPM-2013-01-17:5268:1 RPM-2013-01-17:5270:1 RPM-2013-01-17:5277:1
435,A,4,16776,1,2013-01-17,2013-01-17,RPM-2013-01-17:5280:1 RPM-2013-01-17:5287:1 RPM-2013-01-17:5294:1 RPM-2013-01-17:5296:1
436,A,5,14012,1,2013-01-17,2013-01-17,RPM-2013-01-17:5298:1 RPM-2013-01-17:5302:1 RPM-2013-01-17:5313:1 RPM-2013-01-17:5316:1 RPM-2013-01-17:5317:1
437,A,3,14949,1,2013-01-17,2013-01-17,RPM-2013-01-17:5320:1 RPM-2013-01-17:5322:1 RPM-2013-01-17:5324:1
438,A,4,16459,1,2013-01-17,2013-01-17,RPM-2013-01-17:5326:1 RPM-2013-01-17:5328:1 RPM-2013-01-17:5329:1 RPM-2013-01-17:5330:1
439,A,2,12145,2,2013-01-17,2013-02-14,RPM-2013-01-17:5330:3 RPM-2013-02-14:5334:1
440,A,5,16624,1,2013-02-14,2013-02-14,RPM-2013-02-14:5337:1 RPM-2013-02-14:5339:1 RPM-2013-02-14:5349:3 RPM-2013-02-14:5351:1 RPM-2013-02-14:5355:1
441,A,6,16691,1,2013-02-14,2013-02-14,RPM-2013-02-14:5356:1 RPM-2013-02-14:5358:1 RPM-2013-02-14:5360:1 RPM-2013-02-14:5361:1 RPM-2013-02-14:5367:1 RPM-2013-02-14:5376:1
442,A,6,17018,1,2013-02-14,2013-02-14,RPM-2013-02-14:5378:1 RPM-2013-02-14:5380:1 RPM-2013-02-14:5382:1 RPM-2013-02-14:5383:1 RPM-2013-02-14:5384:1 RPM-2013-02-14:5387:1
443,A,4,14886,1,2013-02-14,2013-02-14,RPM-2013-02-14:5389:1 RPM-2013-02-14:5391:1 RPM-2013-02-14:5393:1 RPM-2013-02-14:5395:1
444,A,6,16553,2,2013-02-14,2013-03-14,RPM-2013-02-14:5397:1 RPM-2013-02-14:5398:1 RPM-2013-02-14:5398:3 RPM-2013-03-14:5400:1 RPM-2013-03-14:5402:1 RPM-2013-03-14:5405:1
445,A,4,16871,1,2013-03-14,2013-03-14,RPM-2013-03-14:5407:1 RPM-2013-03-14:5408:1 RPM-2013-03-14:5413:1 RPM-2013-03-14:5418:1
446,A,6,16135,1,2013-03-14,2013-03-14,RPM-2013-03-14:5418:3 RPM-2013-03-14:5422:1 RPM-2013-03-14:5425:1 RPM-2013-03-14:5430:1 RPM-2013-03-14:5431:1 RPM-2013-03-14:5434:1
447,A,5,14197,1,2013-03-14,2013-03-14,RPM-2013-03-14:5435:1 RPM-2013-03-14:5437:1 RPM-2013-03-14:5438:1 RPM-2013-03-14:5439:1 RPM-2013-03-14:5442:1
448,A,3,12611,1,2013-03-14,2013-03-14,RPM-2013-03-14:5445:1 RPM-2013-03-14:5447:1 RPM-2013-03-14:5449:1
449,A,4,15058,1,2013-03-14,2013-03-14,RPM-2013-03-14:5451:1 RPM-2013-03-14:5452:1 RPM-2013-03-14:5453:1 RPM-2013-03-14:5453:3
450,A,6,17195,1,2013-04-11,2013-04-11,RPM-2013-04-11:5457:1 RPM-2013-04-11:5459:1 RPM-2013-04-11:5460:2 RPM-2013-04-11:5461:1 RPM-2013-04-11:5464:2 RPM-2013-04-11:5468:1
451,A,6,16115,1,2013-04-11,2013-04-11,RPM-2013-04-11:5471:1 RPM-2013-04-11:5473:1 RPM-2013-04-11:5476:1 RPM-2013-04-11:5478:1 RPM-2013-04-11:5487:1 RPM-2013-04-11:5491:1
452,A,5,17266,1,2013-04-11,2013-04-11,RPM-2013-04-11:5493:1 RPM-2013-04-11:5499:1 RPM-2013-04-11:5500:1 RPM-2013-04-11:5501:1 RPM-2013-04-11:5503:1
453,A,4,16816,1,2013-04-11,2013-04-11,RPM-2013-04-11:5506:1 RPM-2013-04-11:5508:1 RPM-2013-04-11:5510:1 RPM-2013-04-11:5512:1
454,A,4,7934,2,2013-04-11,2013-05-16,RPM-2013-04-11:5513:1 RPM-2013-04-11:5514:1 RPM-2013-04-11:5514:3 RPM-2013-05-16:5516:1
455,A,4,16944,1,2013-05-16,2013-05-16,RPM-2013-05-16:5518:1 RPM-2013-05-16:5520:2 RPM-2013-05-16:5521:1 RPM-2013-05-16:5523:1
456,A,4,14708,1,2013-05-16,2013-05-16,RPM-2013-05-16:5526:1 RPM-2013-05-16:5530:1 RPM-2013-05-16:5533:1 RPM-2013-05-16:5535:1
457,A,6,16541,1,2013-05-16,2013-05-16,RPM-2013-05-16:5537:1 RPM-2013-05-16:5539:1 RPM-2013-05-16:5541:1 RPM-2013-05-16:5542:1 RPM-2013-05-16:5545:1 RPM-2013-05-16:5551:1
458,A,4,17382,1,2013-05-16,2013-05-16,RPM-2013-05-16:5552:1 RPM-2013-05-16:5556:1 RPM-2013-05-16:5558:1 RPM-2013-05-16:5560:1
459,A,4,15844,1,2013-05-16,2013-05-16,RPM-2013-05-16:5562:1 RPM-2013-05-16:5564:1 RPM-2013-05-16:5565:1 RPM-2013-05-16:5566:1
460,A,5,16950,2,2013-05-16,2013-06-13,RPM-2013-05-16:5566:3 RPM-2013-06-13:5568:1 RPM-2013-06-13:5570:1 RPM-2013-06-13:5576:2 RPM-2013-06-13:5577:1
461,A,7,17222,1,2013-06-13,2013-06-13,RPM-2013-06-13:5579:1 RPM-2013-06-13:5581:1 RPM-2013-06-13:5583:1 RPM-2013-06-13:5586:1 RPM-2013-06-13:5587:1 RPM-2013-06-13:5588:1 RPM-2013-06-13:5589:1
462,A,6,16957,1,2013-06-13,2013-06-13,RPM-2013-06-13:5590:1 RPM-2013-06-13:5594:1 RPM-2013-06-13:5596:1 RPM-2013-06-13:5603:1 RPM-2013-06-13:5604:1 RPM-2013-06-13:5610:1
463,A,6,15883,1,2013-06-13,2013-06-13,RPM-2013-06-13:5615:1 RPM-2013-06-13:5617:1 RPM-2013-06-13:5618:1 RPM-2013-06-13:5619:1 RPM-2013-06-13:5621:1 RPM-2013-06-13:5623:1
464,A,3,13411,1,2013-06-13,2013-06-13,RPM-2013-06-13:5626:1 RPM-2013-06-13:5628:1 RPM-2013-06-13:5630:1
465,A,5,16940,2,2013-06-13,2013-07-11,RPM-2013-06-13:5632:1 RPM-2013-06-13:5633:1 RPM-2013-06-13:5634:3 RPM-2013-07-11:5636:1 RPM-2013-07-11:5638:1
466,A,2,14593,1,2013-07-11,2013-07-11,RPM-2013-07-11:5641:1 RPM-2013-07-11:5649:1
467,A,4,15325,1,2013-07-11,2013-07-11,RPM-2013-07-11:5651:1 RPM-2013-07-11:5663:1 RPM-2013-07-11:5664:1 RPM-2013-07-11:5669:1
468,A,6,16217,1,2013-07-11,2013-07-11,RPM-2013-07-11:5671:1 RPM-2013-07-11:5676:1 RPM-2013-07-11:5677:1 RPM-2013-07-11:5678:1 RPM-2013-07-11:5681:1 RPM-2013-07-11:5682:1
469,A,4,17317,1,2013-07-11,2013-07-11,RPM-2013-07-11:5685:1 RPM-2013-07-11:5687:1 RPM-2013-07-11:5689:1 RPM-2013-07-11:5691:1
470,A,3,16397,1,2013-07-11,2013-07-11,RPM-2013-07-11:5693:1 RPM-2013-07-11:5694:1 RPM-2013-07-11:5697:1
471,A,5,17225,2,2013-07-11,2013-08-13,RPM-2013-07-11:5698:1 RPM-2013-07-11:5699:1 RPM-2013-07-11:5699:3 RPM-2013-08-13:5701:1 RPM-2013-08-13:5703:1
472,A,4,16782,1,2013-08-13,2013-08-13,RPM-2013-08-13:5705:1 RPM-2013-08-13:5707:1 RPM-2013-08-13:5709:1 RPM-2013-08-13:5712:1
473,A,5,15042,1,2013-08-13,2013-08-13,RPM-2013-08-13:5713:1 RPM-2013-08-13:5714:1 RPM-2013-08-13:5717:3 RPM-2013-08-13:5719:1 RPM-2013-08-13:5721:1
474,A,6,15768,1,2013-08-13,2013-08-13,RPM-2013-08-13:5723:1 RPM-2013-08-13:5727:1 RPM-2013-08-13:5729:1 RPM-2013-08-13:5735:1 RPM-2013-08-13:5740:1 RPM-2013-08-13:5741:1
475,A,4,16588,1,2013-08-13,2013-08-13,RPM-2013-08-13:5742:3 RPM-2013-08-13:5743:1 RPM-2013-08-13:5745:1 RPM-2013-08-13:5747:1
476,A,5,16143,2,2013-08-13,2013-09-12,RPM-2013-08-13:5750:1 RPM-2013-08-13:5751:1 RPM-2013-08-13:5752:1 RPM-2013-08-13:5752:3 RPM-2013-09-12:5756:1
477,A,3,15638,1,2013-09-12,2013-09-12,RPM-2013-09-12:5760:1 RPM-2013-09-12:5762:1 RPM-2013-09-12:5766:1
478,A,4,10883,1,2013-09-12,2013-09-12,RPM-2013-09-12:5770:2 RPM-2013-09-12:5773:1 RPM-2013-09-12:5776:1 RPM-2013-09-12:5778:1
479,A,3,17012,1,2013-09-12,2013-09-12,RPM-2013-09-12:5787:1 RPM-2013-09-12:5793:1 RPM-2013-09-12:5800:1
480,A,4,15130,1,2013-09-12,2013-09-12,RPM-2013-09-12:5801:1 RPM-2013-09-12:5802:3 RPM-2013-09-12:5803:1 RPM-2013-09-12:5805:1
481,A,3,15851,1,2013-09-12,2013-09-12,RPM-2013-09-12:5807:1 RPM-2013-09-12:5810:1 RPM-2013-09-12:5811:1
482,A,3,9896,2,2013-09-12,2013-10-17,RPM-2013-09-12:5812:3 RPM-2013-10-17:5814:1 RPM-2013-10-17:5816:1
483,A,1,10851,1,2013-10-17,2013-10-17,RPM-2013-10-17:5818:1
484,A,3,16318,1,2013-10-17,2013-10-17,RPM-2013-10-17:5821:1 RPM-2013-10-17:5827:1 RPM-2013-10-17:5828:1
485,A,4,15900,1,2013-10-17,2013-10-17,RPM-2013-10-17:5830:1 RPM-2013-10-17:5833:1 RPM-2013-10-17:5840:1 RPM-2013-10-17:5841:1
486,A,3,12790,1,2013-10-17,2013-10-17,RPM-2013-10-17:5844:1 RPM-2013-10-17:5847:1 RPM-2013-10-17:5849:1
487,A,3,15357,1,2013-10-17,2013-10-17,RPM-2013-10-17:5851:1 RPM-2013-10-17:5853:1 RPM-2013-10-17:5855:1
488,A,3,7904,2,2013-10-17,2013-11-19,RPM-2013-10-17:5856:1 RPM-2013-10-17:5857:3 RPM-2013-11-19:5859:1
489,A,1,17500,1,2013-11-19,2013-11-19,RPM-2013-11-19:5861:1
490,A,6,15202,1,2013-11-19,2013-11-19,RPM-2013-11-19:5861:1 RPM-2013-11-19:5863:1 RPM-2013-11-19:5864:1 RPM-2013-11-19:5865:1 RPM-2013-11-19:5867:1 RPM-2013-11-19:5869:1
491,A,3,15740,1,2013-11-19,2013-11-19,RPM-2013-11-19:5871:1 RPM-2013-11-19:5873:1 RPM-2013-11-19:5877:1
492,A,5,14788,1,2013-11-19,2013-11-19,RPM-2013-11-19:5884:1 RPM-2013-11-19:5886:1 RPM-2013-11-19:5887:1 RPM-2013-11-19:5889:1 RPM-2013-11-19:5891:1
493,A,4,16491,1,2013-11-19,2013-11-19,RPM-2013-11-19:5892:3 RPM-2013-11-19:5893:1 RPM-2013-11-19:5895:1 RPM-2013-11-19:5897:1
494,A,5,16903,2,2013-11-19,2013-12-12,RPM-2013-11-19:5900:1 RPM-2013-11-19:5903:1 RPM-2013-11-19:5903:3 RPM-2013-12-12:5905:1 RPM-2013-12-12:5907:1
495,A,2,8591,1,2013-12-12,2013-12-12,RPM-2013-12-12:5909:1 RPM-2013-12-12:5910:2
496,A,4,16818,1,2013-12-12,2013-12-12,RPM-2013-12-12:5911:1 RPM-2013-12-12:5913:1 RPM-2013-12-12:5915:1 RPM-2013-12-12:5924:1
497,A,3,15398,1,2013-12-12,2013-12-12,RPM-2013-12-12:5933:1 RPM-2013-12-12:5937:1 RPM-2013-12-12:5944:1
498,A,5,16838,1,2013-12-12,2013-12-12,RPM-2013-12-12:5945:1 RPM-2013-12-12:5947:1 RPM-2013-12-12:5951:1 RPM-2013-12-12:5953:1 RPM-2013-12-12:5955:1
499,A,5,16419,1,2013-12-12,2013-12-12,RPM-2013-12-12:5957:1 RPM-2013-12-12:5960:1 RPM-2013-12-12:5961:1 RPM-2013-12-12:5962:1 RPM-2013-12-12:5962:3
500,A,1,6513,1,2014-01-16,2014-01-16,RPM-2014-01-16:5966:1
501,A,1,15462,1,2014-01-16,2014-01-16,RPM-2014-01-16:5968:1
502,A,5,16388,1,2014-01-16,2014-01-16,RPM-2014-01-16:5970:1 RPM-2014-01-16:5972:1 RPM-2014-01-16:5973:1 RPM-2014-01-16:5975:1 RPM-2014-01-16:5977:1
503,A,4,16335,1,2014-01-16,2014-01-16,RPM-2014-01-16:5982:1 RPM-2014-01-16:5989:2 RPM-2014-01-16:5990:1 RPM-2014-01-16:5993:1
504,A,5,14470,1,2014-01-16,2014-01-16,RPM-2014-01-16:5994:1 RPM-2014-01-16:5995:1 RPM-2014-01-16:5998:1 RPM-2014-01-16:5999:3 RPM-2014-01-16:6000:1
505,A,5,17224,1,2014-01-16,2014-01-16,RPM-2014-01-16:6002:1 RPM-2014-01-16:6004:1 RPM-2014-01-16:6005:1 RPM-2014-01-16:6006:1 RPM-2014-01-16:6006:3
506,A,3,13923,1,2014-02-18,2014-02-18,RPM-2014-02-18:6009:2 RPM-2014-02-18:6009:4 RPM-2014-02-18:6013:2
507,A,4,16167,1,2014-02-18,2014-02-18,RPM-2014-02-18:6015:4 RPM-2014-02-18:6019:2 RPM-2014-02-18:6021:3 RPM-2014-02-18:6023:1
508,A,2,16175,1,2014-02-18,2014-02-18,RPM-2014-02-18:6027:1 RPM-2014-02-18:6029:1
509,A,5,16924,1,2014-02-18,2014-02-18,RPM-2014-02-18:6033:1 RPM-2014-02-18:6035:1 RPM-2014-02-18:6037:1 RPM-2014-02-18:6040:1 RPM-2014-02-18:6041:1
510,A,4,15557,1,2014-02-18,2014-02-18,RPM-2014-02-18:6043:1 RPM-2014-02-18:6047:1 RPM-2014-02-18:6049:1 RPM-2014-02-18:6050:2
511,A,6,16033,2,2014-02-18,2014-03-13,RPM-2014-02-18:6051:1 RPM-2014-02-18:6053:1 RPM-2014-02-18:6055:1 RPM-2014-02-18:6055:3 RPM-2014-03-13:6057:1 RPM-2014-03-13:6058:2
512,A,3,17219,1,2014-03-13,2014-03-13,RPM-2014-03-13:6059:1 RPM-2014-03-13:6065:3 RPM-2014-03-13:6067:1
513,A,7,17264,1,2014-03-13,2014-03-13,RPM-2014-03-13:6069:1 RPM-2014-03-13:6071:1 RPM-2014-03-13:6073:2 RPM-2014-03-13:6076:1 RPM-2014-03-13:6078:1 RPM-2014-03-13:6079:1 RPM-2014-03-13:6081:1
514,A,3,15139,1,2014-03-13,2014-03-13,RPM-2014-03-13:6085:1 RPM-2014-03-13:6087:1 RPM-2014-03-13:6093:1
515,A,4,15479,1,2014-03-13,2014-03-13,RPM-2014-03-13:6095:1 RPM-2014-03-13:6096:1 RPM-2014-03-13:6099:1 RPM-2014-03-13:6104:1
516,A,4,16949,1,2014-03-13,2014-03-13,RPM-2014-03-13:6105:1 RPM-2014-03-13:6107:1 RPM-2014-03-13:6109:1 RPM-2014-03-13:6111:1
517,A,3,10604,2,2014-03-13,2014-04-17,RPM-2014-03-13:6113:1 RPM-2014-03-13:6113:3 RPM-2014-04-17:6117:1
518,A,2,13661,1,2014-04-17,2014-04-17,RPM-2014-04-17:6119:1 RPM-2014-04-17:6122:2
519,A,5,15746,1,2014-04-17,2014-04-17,RPM-2014-04-17:6123:1 RPM-2014-04-17:6133:1 RPM-2014-04-17:6139:1 RPM-2014-04-17:6144:1 RPM-2014-04-17:6150:1
520,A,5,15150,1,2014-04-17,2014-04-17,RPM-2014-04-17:6155:1 RPM-2014-04-17:6165:1 RPM-2014-04-17:6166:1 RPM-2014-04-17:6169:1 RPM-2014-04-17:6171:1
521,A,4,17638,1,2014-04-17,2014-04-17,RPM-2014-04-17:6173:1 RPM-2014-04-17:6175:1 RPM-2014-04-17:6177:1 RPM-2014-04-17:6178:1
522,A,3,7671,2,2014-04-17,2014-05-15,RPM-2014-04-17:6179:3 RPM-2014-05-15:6181:1 RPM-2014-05-15:6183:1
523,A,1,17500,1,2014-05-15,2014-05-15,RPM-2014-05-15:6185:1
524,A,6,16606,1,2014-05-15,2014-05-15,RPM-2014-05-15:6185:1 RPM-2014-05-15:6187:1 RPM-2014-05-15:6193:1 RPM-2014-05-15:6198:1 RPM-2014-05-15:6212:1 RPM-2014-05-15:6216:1
525,A,5,17168,1,2014-05-15,2014-05-15,RPM-2014-05-15:6222:1 RPM-2014-05-15:6223:1 RPM-2014-05-15:6224:1 RPM-2014-05-15:6225:2 RPM-2014-05-15:6226:1
526,A,3,15771,1,2014-05-15,2014-05-15,RPM-2014-05-15:6228:1 RPM-2014-05-15:6230:1 RPM-2014-05-15:6232:1
527,A,5,16233,2,2014-05-15,2014-06-12,RPM-2014-05-15:6234:1 RPM-2014-05-15:6234:3 RPM-2014-06-12:6236:1 RPM-2014-06-12:6238:1 RPM-2014-06-12:6242:1
528,A,1,13713,1,2014-06-12,2014-06-12,RPM-2014-06-12:6246:1
529,A,6,16553,1,2014-06-12,2014-06-12,RPM-2014-06-12:6257:1 RPM-2014-06-12:6260:1 RPM-2014-06-12:6267:1 RPM-2014-06-12:6270:1 RPM-2014-06-12:6274:1 RPM-2014-06-12:6278:1
530,A,4,15316,1,2014-06-12,2014-06-12,RPM-2014-06-12:6279:1 RPM-2014-06-12:6282:1 RPM-2014-06-12:6284:1 RPM-2014-06-12:6286:1
531,A,4,16978,1,2014-06-12,2014-06-12,RPM-2014-06-12:6288:1 RPM-2014-06-12:6290:1 RPM-2014-06-12:6292:1 RPM-2014-06-12:6293:1
532,A,3,9104,2,2014-06-12,2014-07-15,RPM-2014-06-12:6294:1 RPM-2014-07-15:6296:1 RPM-2014-07-15:6298:1
533,A,1,11708,1,2014-07-15,2014-07-15,RPM-2014-07-15:6300:1
534,A,5,15004,1,2014-07-15,2014-07-15,RPM-2014-07-15:6304:1 RPM-2014-07-15:6305:2 RPM-2014-07-15:6306:1 RPM-2014-07-15:6308:1 RPM-2014-07-15:6308:2
535,A,6,17384,1,2014-07-15,2014-07-15,RPM-2014-07-15:6309:1 RPM-2014-07-15:6315:1 RPM-2014-07-15:6317:1 RPM-2014-07-15:6319:1 RPM-2014-07-15:6319:3 RPM-2014-07-15:6323:1
536,A,5,16585,1,2014-07-15,2014-07-15,RPM-2014-07-15:6324:1 RPM-2014-07-15:6326:1 RPM-2014-07-15:6328:1 RPM-2014-07-15:6329:1 RPM-2014-07-15:6331:2
537,A,4,15160,1,2014-07-15,2014-07-15,RPM-2014-07-15:6332:1 RPM-2014-07-15:6334:1 RPM-2014-07-15:6336:1 RPM-2014-07-15:6338:1
538,A,5,14297,2,2014-07-15,2014-08-14,RPM-2014-07-15:6339:1 RPM-2014-07-15:6340:1 RPM-2014-07-15:6340:3 RPM-2014-08-14:6342:1 RPM-2014-08-14:6344:1
539,A,2,16753,1,2014-08-14,2014-08-14,RPM-2014-08-14:6347:1 RPM-2014-08-14:6349:1
540,A,6,14727,1,2014-08-14,2014-08-14,RPM-2014-08-14:6352:1 RPM-2014-08-14:6353:1 RPM-2014-08-14:6356:1 RPM-2014-08-14:6368:1 RPM-2014-08-14:6370:1 RPM-2014-08-14:6372:1
541,A,3,15964,1,2014-08-14,2014-08-14,RPM-2014-08-14:6374:1 RPM-2014-08-14:6375:1 RPM-2014-08-14:6378:1
542,A,4,14563,1,2014-08-14,2014-08-14,RPM-2014-08-14:6380:1 RPM-2014-08-14:6381:2 RPM-2014-08-14:6382:1 RPM-2014-08-14:6384:1
543,A,4,17334,1,2014-08-14,2014-08-14,RPM-2014-08-14:6386:1 RPM-2014-08-14:6388:1 RPM-2014-08-14:6389:1 RPM-2014-08-14:6389:4
544,A,2,3818,1,2014-09-11,2014-09-11,RPM-2014-09-11:6391:1 RPM-2014-09-11:6394:1
545,A,2,17399,1,2014-09-11,2014-09-11,RPM-2014-09-11:6395:1 RPM-2014-09-11:6397:1
546,A,3,17346,1,2014-09-11,2014-09-11,RPM-2014-09-11:6405:1 RPM-2014-09-11:6410:1 RPM-2014-09-11:6412:1
547,A,4,15363,1,2014-09-11,2014-09-11,RPM-2014-09-11:6420:1 RPM-2014-09-11:6424:1 RPM-2014-09-11:6425:1 RPM-2014-09-11:6428:1
548,A,5,17532,1,2014-09-11,2014-09-11,RPM-2014-09-11:6430:1 RPM-2014-09-11:6432:1 RPM-2014-09-11:6434:1 RPM-2014-09-11:6436:1 RPM-2014-09-11:6437:1
549,A,4,11450,2,2014-09-11,2014-10-16,RPM-2014-09-11:6438:1 RPM-2014-09-11:6438:3 RPM-2014-10-16:6440:1 RPM-2014-10-16:6441:2
550,A,3,16406,1,2014-10-16,2014-10-16,RPM-2014-10-16:6443:3 RPM-2014-10-16:6443:5 RPM-2014-10-16:6447:1
551,A,6,15650,1,2014-10-16,2014-10-16,RPM-2014-10-16:6447:2 RPM-2014-10-16:6449:1 RPM-2014-10-16:6452:1 RPM-2014-10-16:6454:1 RPM-2014-10-16:6459:1 RPM-2014-10-16:6461:1
552,A,4,16609,1,2014-10-16,2014-10-16,RPM-2014-10-16:6468:1 RPM-2014-10-16:6469:1 RPM-2014-10-16:6472:1 RPM-2014-10-16:6474:1
553,A,3,15437,1,2014-10-16,2014-10-16,RPM-2014-10-16:6478:1 RPM-2014-10-16:6480:1 RPM-2014-10-16:6482:1
554,A,2,8120,1,2014-10-16,2014-10-16,RPM-2014-10-16:6483:1 RPM-2014-10-16:6484:3
555,A,2,15463,1,2014-11-18,2014-11-18,RPM-2014-11-18:6487:2 RPM-2014-11-18:6492:1
556,A,4,13493,1,2014-11-18,2014-11-18,RPM-2014-11-18:6494:1 RPM-2014-11-18:6496:1 RPM-2014-11-18:6498:1 RPM-2014-11-18:6505:1
557,A,4,15661,1,2014-11-18,2014-11-18,RPM-2014-11-18:6507:1 RPM-2014-11-18:6508:2 RPM-2014-11-18:6509:1 RPM-2014-11-18:6511:1
558,A,4,12612,2,2014-11-18,2014-12-11,RPM-2014-11-18:6513:1 RPM-2014-11-18:6515:1 RPM-2014-11-18:6516:1 RPM-2014-12-11:6518:1
559,A,3,14462,1,2014-12-11,2014-12-11,RPM-2014-12-11:6520:1 RPM-2014-12-11:6523:1 RPM-2014-12-11:6525:1
560,A,1,14055,1,2014-12-11,2014-12-11,RPM-2014-12-11:6531:1
561,A,4,15931,1,2014-12-11,2014-12-11,RPM-2014-12-11:6535:1 RPM-2014-12-11:6536:2 RPM-2014-12-11:6537:1 RPM-2014-12-11:6539:1
562,A,4,15600,1,2014-12-11,2014-12-11,RPM-2014-12-11:6541:1 RPM-2014-12-11:6543:1 RPM-2014-12-11:6545:1 RPM-2014-12-11:6546:1
563,A,5,16337,2,2014-12-11,2015-01-15,RPM-2014-12-11:6547:3 RPM-2015-01-15:6551:1 RPM-2015-01-15:6558:1 RPM-2015-01-15:6561:1 RPM-2015-01-15:6561:2
564,A,3,11838,1,2015-01-15,2015-01-15,RPM-2015-01-15:6564:2 RPM-2015-01-15:6565:1 RPM-2015-01-15:6572:1
565,A,2,13624,1,2015-01-15,2015-01-15,RPM-2015-01-15:6577:1 RPM-2015-01-15:6585:1
566,A,4,16210,1,2015-01-15,2015-01-15,RPM-2015-01-15:6586:2 RPM-2015-01-15:6587:1 RPM-2015-01-15:6589:1 RPM-2015-01-15:6591:1
567,A,5,15763,2,2015-01-15,2015-02-12,RPM-2015-01-15:6593:1 RPM-2015-01-15:6594:1 RPM-2015-01-15:6594:2 RPM-2015-02-12:6598:1 RPM-2015-02-12:6600:1
568,A,3,9616,1,2015-02-12,2015-02-12,RPM-2015-02-12:6602:1 RPM-2015-02-12:6607:1 RPM-2015-02-12:6607:3
569,A,3,13902,1,2015-02-12,2015-02-12,RPM-2015-02-12:6614:1 RPM-2015-02-12:6618:3 RPM-2015-02-12:6625:1
570,A,3,15384,1,2015-02-12,2015-02-12,RPM-2015-02-12:6627:1 RPM-2015-02-12:6628:2 RPM-2015-02-12:6629:1
571,A,6,17257,2,2015-02-12,2015-03-19,RPM-2015-02-12:6631:1 RPM-2015-02-12:6633:1 RPM-2015-02-12:6635:1 RPM-2015-02-12:6636:1 RPM-2015-02-12:6636:2 RPM-2015-03-19:6638:1
572,A,4,17397,1,2015-03-19,2015-03-19,RPM-2015-03-19:6640:1 RPM-2015-03-19:6644:1 RPM-2015-03-19:6652:1 RPM-2015-03-19:6656:1
573,A,4,13038,1,2015-03-19,2015-03-19,RPM-2015-03-19:6658:1 RPM-2015-03-19:6662:1 RPM-2015-03-19:6664:1 RPM-2015-03-19:6673:1
574,A,4,17557,1,2015-03-19,2015-03-19,RPM-2015-03-19:6679:1 RPM-2015-03-19:6681:1 RPM-2015-03-19:6683:1 RPM-2015-03-19:6685:1
575,A,5,15670,2,2015-03-19,2015-04-16,RPM-2015-03-19:6687:1 RPM-2015-03-19:6689:1 RPM-2015-03-19:6690:1 RPM-2015-03-19:6691:1 RPM-2015-04-16:6692:1
576,A,7,15786,1,2015-04-16,2015-04-16,RPM-2015-04-16:6693:2 RPM-2015-04-16:6694:1 RPM-2015-04-16:6698:1 RPM-2015-04-16:6705:1 RPM-2015-04-16:6710:1 RPM-2015-04-16:6714:1 RPM-2015-04-16:6715:1
577,A,5,12520,1,2015-04-16,2015-04-16,RPM-2015-04-16:6716:1 RPM-2015-04-16:6719:1 RPM-2015-04-16:6721:1 RPM-2015-04-16:6727:3 RPM-2015-04-16:6731:1
578,A,4,16625,1,2015-04-16,2015-04-16,RPM-2015-04-16:6743:1 RPM-2015-04-16:6744:2 RPM-2015-04-16:6747:1 RPM-2015-04-16:6749:1
579,A,6,15179,2,2015-04-16,2015-05-14,RPM-2015-04-16:6751:1 RPM-2015-04-16:6753:1 RPM-2015-04-16:6754:1 RPM-2015-04-16:6754:3 RPM-2015-05-14:6755:1 RPM-2015-05-14:6757:1
580,A,3,11182,1,2015-05-14,2015-05-14,RPM-2015-05-14:6758:2 RPM-2015-05-14:6761:1 RPM-2015-05-14:6764:1
581,A,4,13703,1,2015-05-14,2015-05-14,RPM-2015-05-14:6767:1 RPM-2015-05-14:6778:1 RPM-2015-05-14:6792:1 RPM-2015-05-14:6793:1
582,A,4,17479,1,2015-05-14,2015-05-14,RPM-2015-05-14:6795:1 RPM-2015-05-14:6797:1 RPM-2015-05-14:6799:1 RPM-2015-05-14:6800:2
583,A,5,15829,2,2015-05-14,2015-06-11,RPM-2015-05-14:6802:1 RPM-2015-05-14:6804:1 RPM-2015-05-14:6805:1 RPM-2015-05-14:6808:3 RPM-2015-06-11:6810:1
584,A,6,16686,1,2015-06-11,2015-06-11,RPM-2015-06-11:6812:1 RPM-2015-06-11:6814:1 RPM-2015-06-11:6815:1 RPM-2015-06-11:6821:1 RPM-2015-06-11:6823:1 RPM-2015-06-11:6830:1
585,A,6,15906,1,2015-06-11,2015-06-11,RPM-2015-06-11:6836:1 RPM-2015-06-11:6845:1 RPM-2015-06-11:6847:1 RPM-2015-06-11:6854:1 RPM-2015-06-11:6856:1 RPM-2015-06-11:6857:2
586,A,6,13460,2,2015-06-11,2015-07-14,RPM-2015-06-11:6859:1 RPM-2015-06-11:6861:1 RPM-2015-06-11:6862:6 RPM-2015-06-11:6863:1 RPM-2015-06-11:6863:3 RPM-2015-07-14:6865:1
587,A,6,17422,1,2015-07-14,2015-07-14,RPM-2015-07-14:6867:1 RPM-2015-07-14:6872:1 RPM-2015-07-14:6876:1 RPM-2015-07-14:6878:1 RPM-2015-07-14:6880:1 RPM-2015-07-14:6881:1
588,A,4,16530,1,2015-07-14,2015-07-14,RPM-2015-07-14:6884:1 RPM-2015-07-14:6885:1 RPM-2015-07-14:6894:1 RPM-2015-07-14:6896:1
589,A,3,13003,1,2015-07-14,2015-07-14,RPM-2015-07-14:6904:1 RPM-2015-07-14:6906:1 RPM-2015-07-14:6908:1
590,A,3,12589,1,2015-07-14,2015-07-14,RPM-2015-07-14:6910:1 RPM-2015-07-14:6912:1 RPM-2015-07-14:6914:1
591,A,4,14071,2,2015-07-14,2015-08-13,RPM-2015-07-14:6915:2 RPM-2015-07-14:6915:3 RPM-2015-07-14:6916:1 RPM-2015-08-13:6918:1
592,A,3,16292,1,2015-08-13,2015-08-13,RPM-2015-08-13:6920:1 RPM-2015-08-13:6926:1 RPM-2015-08-13:6927:1
593,A,6,17076,1,2015-08-13,2015-08-13,RPM-2015-08-13:6937:1 RPM-2015-08-13:6941:1 RPM-2015-08-13:6943:1 RPM-2015-08-13:6947:1 RPM-2015-08-13:6952:1 RPM-2015-08-13:6955:1
594,A,5,17414,1,2015-08-13,2015-08-13,RPM-2015-08-13:6956:1 RPM-2015-08-13:6957:1 RPM-2015-08-13:6963:1 RPM-2015-08-13:6965:1 RPM-2015-08-13:6967:1
595,A,4,15816,1,2015-08-13,2015-08-13,RPM-2015-08-13:6969:1 RPM-2015-08-13:6971:1 RPM-2015-08-13:6974:1 RPM-2015-08-13:6976:1
596,A,4,14122,2,2015-08-13,2015-09-15,RPM-2015-08-13:6977:1 RPM-2015-08-13:6978:1 RPM-2015-09-15:6982:1 RPM-2015-09-15:6985:2
597,A,6,16051,1,2015-09-15,2015-09-15,RPM-2015-09-15:6987:1 RPM-2015-09-15:6992:1 RPM-2015-09-15:6999:1 RPM-2015-09-15:7008:2 RPM-2015-09-15:7011:1 RPM-2015-09-15:7025:1
598,A,7,16366,1,2015-09-15,2015-09-15,RPM-2015-09-15:7028:2 RPM-2015-09-15:7030:1 RPM-2015-09-15:7031:1 RPM-2015-09-15:7032:1 RPM-2015-09-15:7033:1 RPM-2015-09-15:7034:1 RPM-2015-09-15:7035:1
599,A,4,15525,1,2015-09-15,2015-09-15,RPM-2015-09-15:7037:1 RPM-2015-09-15:7038:2 RPM-2015-09-15:7039:1 RPM-2015-09-15:7041:1
600,A,4,13206,2,2015-09-15,2015-10-15,RPM-2015-09-15:7043:1 RPM-2015-09-15:7044:1 RPM-2015-09-15:7045:1 RPM-2015-10-15:7047:1
601,A,5,16864,1,2015-10-15,2015-10-15,RPM-2015-10-15:7049:1 RPM-2015-10-15:7059:1 RPM-2015-10-15:7063:1 RPM-2015-10-15:7068:1 RPM-2015-10-15:7071:1
602,A,6,13635,1,2015-10-15,2015-10-15,RPM-2015-10-15:7072:1 RPM-2015-10-15:7081:1 RPM-2015-10-15:7086:1 RPM-2015-10-15:7090:1 RPM-2015-10-15:7094:1 RPM-2015-10-15:7097:1
603,A,2,13551,1,2015-10-15,2015-10-15,RPM-2015-10-15:7098:1 RPM-2015-10-15:7100:1
604,A,3,16825,1,2015-10-15,2015-10-15,RPM-2015-10-15:7102:1 RPM-2015-10-15:7104:1 RPM-2015-10-15:7106:1
605,A,4,16442,2,2015-10-15,2015-11-12,RPM-2015-10-15:7108:1 RPM-2015-10-15:7109:1 RPM-2015-10-15:7110:1 RPM-2015-11-12:7112:1
606,A,4,17640,1,2015-11-12,2015-11-12,RPM-2015-11-12:7114:1 RPM-2015-11-12:7119:1 RPM-2015-11-12:7121:1 RPM-2015-11-12:7125:1
607,A,3,17361,1,2015-11-12,2015-11-12,RPM-2015-11-12:7126:1 RPM-2015-11-12:7136:1 RPM-2015-11-12:7140:1
608,A,3,13162,1,2015-11-12,2015-11-12,RPM-2015-11-12:7142:3 RPM-2015-11-12:7147:1 RPM-2015-11-12:7148:2
609,A,4,17593,1,2015-11-12,2015-11-12,RPM-2015-11-12:7148:4 RPM-2015-11-12:7149:1 RPM-2015-11-12:7151:1 RPM-2015-11-12:7153:1
610,A,5,12641,2,2015-11-12,2015-12-17,RPM-2015-11-12:7154:1 RPM-2015-11-12:7155:1 RPM-2015-12-17:7157:1 RPM-2015-12-17:7159:1 RPM-2015-12-17:7161:1
611,A,6,16774,1,2015-12-17,2015-12-17,RPM-2015-12-17:7163:1 RPM-2015-12-17:7165:1 RPM-2015-12-17:7168:1 RPM-2015-12-17:7177:1 RPM-2015-12-17:7180:1 RPM-2015-12-17:7182:1
612,A,4,14534,1,2015-12-17,2015-12-17,RPM-2015-12-17:7195:1 RPM-2015-12-17:7203:1 RPM-2015-12-17:7204:1 RPM-2015-12-17:7207:1
613,A,3,16241,1,2015-12-17,2015-12-17,RPM-2015-12-17:7210:1 RPM-2015-12-17:7211:2 RPM-2015-12-17:7211:4
614,A,3,12487,1,2015-12-17,2015-12-17,RPM-2015-12-17:7212:1 RPM-2015-12-17:7214:1 RPM-2015-12-17:7216:1
615,A+B,10,17027,2,2005-01-11,2015-12-17,RPM-2015-12-17:7217:1 RPM-2015-12-17:7218:1 RPM-2005-01-11:14:1 RPM-2005-01-11:1:1 RPM-2005-01-11:32:1 RPM-2005-01-11:33:1 RPM-2005-01-11:35:1 RPM-2005-01-11:39:1 RPM-2005-01-11:41:1 RPM-2005-01-11:44:1
616,B,15,16325,2,2005-02-10,2005-03-10,RPM-2005-02-10:101:1 RPM-2005-02-10:111:1 RPM-2005-02-10:122:1 RPM-2005-02-10:127:1 RPM-2005-02-10:129:1 RPM-2005-02-10:135:1 RPM-2005-02-10:137:1 RPM-2005-02-10:58:1 RPM-2005-02-10:60:1 RPM-2005-02-10:79:1 RPM-2005-02-10:91:1 RPM-2005-03-10:140:1 RPM-2005-03-10:142:1 RPM-2005-03-10:156:1 RPM-2005-03-10:164:1
617,B,14,15282,2,2005-04-07,2005-05-12,RPM-2005-04-07:201:1 RPM-2005-04-07:204:3 RPM-2005-04-07:205:4 RPM-2005-04-07:207:12 RPM-2005-04-07:210:2 RPM-2005-04-07:212:5 RPM-2005-04-07:213:2 RPM-2005-05-12:221:1 RPM-2005-05-12:228:1 RPM-2005-05-12:229:1 RPM-2005-05-12:230:1 RPM-2005-05-12:232:1 RPM-2005-05-12:240:1 RPM-2005-05-12:243:1
618,B,14,16356,3,2005-05-12,2005-07-12,RPM-2005-05-12:246:1 RPM-2005-05-12:250:1 RPM-2005-05-12:256:1 RPM-2005-05-12:269:1 RPM-2005-06-09:280:6 RPM-2005-06-09:281:1 RPM-2005-06-09:281:3 RPM-2005-06-09:286:2 RPM-2005-06-09:288:7 RPM-2005-06-09:291:1 RPM-2005-06-09:294:1 RPM-2005-07-12:296:1 RPM-2005-07-12:299:5 RPM-2005-07-12:299:7
619,B,14,16008,3,2005-07-12,2005-09-08,RPM-2005-07-12:300:6 RPM-2005-07-12:310:3 RPM-2005-08-11:312:1 RPM-2005-08-11:317:1 RPM-2005-08-11:321:1 RPM-2005-08-11:331:1 RPM-2005-08-11:344:1 RPM-2005-08-11:347:1 RPM-2005-08-11:356:1 RPM-2005-08-11:358:1 RPM-2005-09-08:367:1 RPM-2005-09-08:376:1 RPM-2005-09-08:380:1 RPM-2005-09-08:381:1
620,B,15,15487,3,2005-09-08,2005-11-10,RPM-2005-09-08:383:1 RPM-2005-09-08:392:1 RPM-2005-10-11:401:1 RPM-2005-10-11:423:1 RPM-2005-10-11:427:1 RPM-2005-10-11:428:1 RPM-2005-10-11:440:1 RPM-2005-10-11:441:1 RPM-2005-10-11:442:1 RPM-2005-11-10:450:1 RPM-2005-11-10:451:1 RPM-2005-11-10:456:1 RPM-2005-11-10:459:1 RPM-2005-11-10:461:1 RPM-2005-11-10:467:1
621,B,15,16020,4,2005-11-10,2006-02-09,RPM-2005-11-10:474:1 RPM-2005-11-10:478:1 RPM-2005-11-10:495:1 RPM-2005-12-13:510:2 RPM-2005-12-13:510:4 RPM-2005-12-13:514:2 RPM-2005-12-13:516:2 RPM-2005-12-13:519:1 RPM-2005-12-13:521:1 RPM-2006-01-12:565:1 RPM-2006-01-12:567:1 RPM-2006-02-09:575:1 RPM-2006-02-09:578:2 RPM-2006-02-09:584:1 RPM-2006-02-09:586:4
622,B,14,15529,3,2006-02-09,2006-04-13,RPM-2006-02-09:589:1 RPM-2006-02-09:589:2 RPM-2006-03-16:596:1 RPM-2006-03-16:605:1 RPM-2006-03-16:607:1 RPM-2006-03-16:608:1 RPM-2006-03-16:610:1 RPM-2006-03-16:618:1 RPM-2006-04-13:632:4 RPM-2006-04-13:633:3 RPM-2006-04-13:634:1 RPM-2006-04-13:637:1 RPM-2006-04-13:637:2 RPM-2006-04-13:639:3
623,B,14,15519,4,2006-04-13,2006-07-13,RPM-2006-04-13:648:1 RPM-2006-05-11:658:6 RPM-2006-05-11:665:1 RPM-2006-05-11:667:1 RPM-2006-06-15:675:1 RPM-2006-06-15:683:1 RPM-2006-06-15:687:1 RPM-2006-06-15:693:1 RPM-2006-06-15:699:1 RPM-2006-06-15:708:1 RPM-2006-06-15:732:1 RPM-2006-07-13:750:2 RPM-2006-07-13:756:1 RPM-2006-07-13:769:1
624,B,15,16503,3,2006-08-10,2006-10-12,RPM-2006-08-10:782:1 RPM-2006-08-10:796:1 RPM-2006-08-10:798:1 RPM-2006-08-10:799:1 RPM-2006-08-10:802:1 RPM-2006-08-10:806:1 RPM-2006-08-10:813:1 RPM-2006-08-10:814:1 RPM-2006-08-10:819:1 RPM-2006-09-07:841:1 RPM-2006-09-07:852:1 RPM-2006-09-07:860:1 RPM-2006-10-12:879:1 RPM-2006-10-12:882:1 RPM-2006-10-12:884:1
625,B,13,15650,3,2006-10-12,2006-12-14,RPM-2006-10-12:911:1 RPM-2006-10-12:912:1 RPM-2006-10-12:915:1 RPM-2006-10-12:928:1 RPM-2006-11-16:944:1 RPM-2006-11-16:948:1 RPM-2006-11-16:953:1 RPM-2006-11-16:965:1 RPM-2006-11-16:970:1 RPM-2006-11-16:972:1 RPM-2006-12-14:1000:2 RPM-2006-12-14:1003:3 RPM-2006-12-14:1004:1
626,B,16,16375,3,2006-12-14,2007-02-08,RPM-2006-12-14:1010:1 RPM-2006-12-14:1011:1 RPM-2006-12-14:1013:1 RPM-2006-12-14:1014:2 RPM-2006-12-14:1014:3 RPM-2006-12-14:1016:1 RPM-2006-12-14:1018:1 RPM-2006-12-14:988:1 RPM-2006-12-14:999:1 RPM-2007-01-11:1039:1 RPM-2007-01-11:1045:1 RPM-2007-01-11:1047:1 RPM-2007-02-08:1059:1 RPM-2007-02-08:1062:1 RPM-2007-02-08:1067:1 RPM-2007-02-08:1074:4
627,B,14,15957,2,2007-02-08,2007-03-15,RPM-2007-02-08:1083:1 RPM-2007-02-08:1089:1 RPM-2007-02-08:1090:6 RPM-2007-02-08:1090:7 RPM-2007-02-08:1091:1 RPM-2007-02-08:1100:1 RPM-2007-02-08:1101:1 RPM-2007-03-15:1104:1 RPM-2007-03-15:1112:1 RPM-2007-03-15:1113:1 RPM-2007-03-15:1116:1 RPM-2007-03-15:1121:1 RPM-2007-03-15:1122:1 RPM-2007-03-15:1125:1
628,B,15,15687,3,2007-03-15,2007-05-10,RPM-2007-03-15:1134:1 RPM-2007-03-15:1140:1 RPM-2007-03-15:1146:1 RPM-2007-03-15:1164:1 RPM-2007-04-12:1169:1 RPM-2007-04-12:1193:1 RPM-2007-04-12:1197:1 RPM-2007-04-12:1204:1 RPM-2007-04-12:1208:1 RPM-2007-05-10:1227:1 RPM-2007-05-10:1227:3 RPM-2007-05-10:1228:1 RPM-2007-05-10:1234:1 RPM-2007-05-10:1239:1 RPM-2007-05-10:1242:1
629,B,16,16119,3,2007-05-10,2007-07-12,RPM-2007-05-10:1247:1 RPM-2007-05-10:1250:1 RPM-2007-06-14:1262:1 RPM-2007-06-14:1270:1 RPM-2007-06-14:1275:2 RPM-2007-06-14:1278:1 RPM-2007-06-14:1280:1 RPM-2007-06-14:1282:1 RPM-2007-06-14:1287:2 RPM-2007-06-14:1288:3 RPM-2007-06-14:1296:4 RPM-2007-07-12:1314:4 RPM-2007-07-12:1315:1 RPM-2007-07-12:1316:2 RPM-2007-07-12:1317:1 RPM-2007-07-12:1318:1
630,B,15,16166,3,2007-07-12,2007-09-13,RPM-2007-07-12:1320:1 RPM-2007-07-12:1335:4 RPM-2007-07-12:1336:1 RPM-2007-08-09:1360:1 RPM-2007-08-09:1363:1 RPM-2007-08-09:1371:1 RPM-2007-08-09:1374:1 RPM-2007-08-09:1379:1 RPM-2007-08-09:1380:1 RPM-2007-08-09:1384:1 RPM-2007-08-09:1385:1 RPM-2007-08-09:1386:4 RPM-2007-09-13:1410:2 RPM-2007-09-13:1414:1 RPM-2007-09-13:1416:1
631,B,15,15998,2,2007-09-13,2007-10-11,RPM-2007-09-13:1419:1 RPM-2007-09-13:1420:1 RPM-2007-09-13:1422:1 RPM-2007-09-13:1422:2 RPM-2007-09-13:1423:1 RPM-2007-09-13:1426:1 RPM-2007-09-13:1429:1 RPM-2007-09-13:1433:2 RPM-2007-09-13:1438:2 RPM-2007-09-13:1439:1 RPM-2007-09-13:1440:1 RPM-2007-09-13:1456:4 RPM-2007-10-11:1480:2 RPM-2007-10-11:1490:1 RPM-2007-10-11:1491:1
632,B,15,16151,3,2007-10-11,2007-12-13,RPM-2007-10-11:1493:1 RPM-2007-10-11:1499:1 RPM-2007-10-11:1502:1 RPM-2007-10-11:1504:2 RPM-2007-11-13:1521:1 RPM-2007-11-13:1526:5 RPM-2007-11-13:1526:7 RPM-2007-11-13:1536:1 RPM-2007-11-13:1550:1 RPM-2007-11-13:1552:1 RPM-2007-11-13:1556:3 RPM-2007-11-13:1564:2 RPM-2007-12-13:1571:1 RPM-2007-12-13:1573:1 RPM-2007-12-13:1575:1
633,B,14,16123,3,2007-12-13,2008-02-07,RPM-2007-12-13:1579:1 RPM-2007-12-13:1583:1 RPM-2007-12-13:1590:1 RPM-2007-12-13:1591:2 RPM-2007-12-13:1593:1 RPM-2007-12-13:1596:2 RPM-2007-12-13:1598:1 RPM-2007-12-13:1608:2 RPM-2008-01-10:1616:1 RPM-2008-01-10:1624:2 RPM-2008-01-10:1626:1 RPM-2008-01-10:1633:2 RPM-2008-02-07:1643:1 RPM-2008-02-07:1648:3
634,B,15,16510,2,2008-02-07,2008-03-13,RPM-2008-02-07:1652:2 RPM-2008-02-07:1652:6 RPM-2008-02-07:1654:1 RPM-2008-02-07:1655:1 RPM-2008-02-07:1656:1 RPM-2008-02-07:1658:1 RPM-2008-02-07:1664:1 RPM-2008-02-07:1666:1 RPM-2008-02-07:1675:1 RPM-2008-03-13:1687:1 RPM-2008-03-13:1696:3 RPM-2008-03-13:1698:2 RPM-2008-03-13:1700:2 RPM-2008-03-13:1703:1 RPM-2008-03-13:1712:1
635,B,14,15972,3,2008-03-13,2008-05-08,RPM-2008-03-13:1712:2 RPM-2008-03-13:1712:3 RPM-2008-03-13:1718:15 RPM-2008-03-13:1727:2 RPM-2008-03-13:1728:2 RPM-2008-03-13:1737:3 RPM-2008-03-13:1739:1 RPM-2008-03-13:1740:1 RPM-2008-03-13:1741:1 RPM-2008-03-13:1742:1 RPM-2008-04-10:1745:1 RPM-2008-04-10:1759:1 RPM-2008-05-08:1786:1 RPM-2008-05-08:1789:2
636,B,14,16273,2,2008-05-08,2008-06-10,RPM-2008-05-08:1799:1 RPM-2008-05-08:1800:1 RPM-2008-05-08:1800:2 RPM-2008-05-08:1811:1 RPM-2008-05-08:1813:1 RPM-2008-05-08:1818:4 RPM-2008-05-08:1833:1 RPM-2008-05-08:1835:1 RPM-2008-05-08:1837:1 RPM-2008-05-08:1842:1 RPM-2008-06-10:1851:1 RPM-2008-06-10:1858:2 RPM-2008-06-10:1865:1 RPM-2008-06-10:1867:2
637,B,15,16470,2,2008-06-10,2008-07-10,RPM-2008-06-10:1868:2 RPM-2008-06-10:1869:3 RPM-2008-06-10:1870:4 RPM-2008-06-10:1876:1 RPM-2008-06-10:1878:1 RPM-2008-06-10:1883:1 RPM-2008-06-10:1884:1 RPM-2008-06-10:1886:1 RPM-2008-06-10:1887:1 RPM-2008-06-10:1889:1 RPM-2008-06-10:1899:2 RPM-2008-06-10:1904:2 RPM-2008-06-10:1905:1 RPM-2008-07-10:1914:1 RPM-2008-07-10:1917:2
638,B,16,15365,2,2008-07-10,2008-08-14,RPM-2008-07-10:1923:7 RPM-2008-07-10:1927:1 RPM-2008-07-10:1927:2 RPM-2008-07-10:1938:1 RPM-2008-07-10:1940:1 RPM-2008-07-10:1941:2 RPM-2008-07-10:1941:3 RPM-2008-07-10:1946:1 RPM-2008-07-10:1948:2 RPM-2008-07-10:1952:1 RPM-2008-07-10:1953:1 RPM-2008-07-10:1959:1 RPM-2008-07-10:1961:1 RPM-2008-08-14:1990:1 RPM-2008-08-14:2000:1 RPM-2008-08-14:2002:1
639,B,15,15278,3,2008-08-14,2008-10-09,RPM-2008-08-14:2004:1 RPM-2008-08-14:2005:1 RPM-2008-08-14:2011:2 RPM-2008-08-14:2011:4 RPM-2008-08-14:2030:1 RPM-2008-08-14:2033:2 RPM-2008-08-14:2034:2 RPM-2008-09-04:2054:1 RPM-2008-09-04:2064:2 RPM-2008-09-04:2071:2 RPM-2008-09-04:2073:1 RPM-2008-09-04:2078:1 RPM-2008-09-04:2084:2 RPM-2008-09-04:2097:1 RPM-2008-10-09:2103:1
640,B,15,15838,3,2008-10-09,2008-12-11,RPM-2008-10-09:2107:3 RPM-2008-10-09:2108:2 RPM-2008-10-09:2112:2 RPM-2008-11-13:2133:1 RPM-2008-11-13:2134:1 RPM-2008-11-13:2150:1 RPM-2008-11-13:2152:1 RPM-2008-11-13:2153:1 RPM-2008-11-13:2156:1 RPM-2008-11-13:2163:1 RPM-2008-12-11:2175:1 RPM-2008-12-11:2180:1 RPM-2008-12-11:2181:2 RPM-2008-12-11:2191:1 RPM-2008-12-11:2198:1
641,B,14,15857,2,2008-12-11,2009-01-08,RPM-2008-12-11:2207:3 RPM-2008-12-11:2208:1 RPM-2008-12-11:2210:1 RPM-2008-12-11:2214:1 RPM-2008-12-11:2218:1 RPM-2008-12-11:2225:1 RPM-2008-12-11:2228:1 RPM-2008-12-11:2234:1 RPM-2008-12-11:2235:1 RPM-2008-12-11:2237:1 RPM-2008-12-11:2237:2 RPM-2009-01-08:2255:1 RPM-2009-01-08:2258:2 RPM-2009-01-08:2259:1
642,B,14,16032,2,2009-01-08,2009-02-12,RPM-2009-01-08:2260:2 RPM-2009-01-08:2267:1 RPM-2009-01-08:2273:1 RPM-2009-01-08:2281:2 RPM-2009-01-08:2285:1 RPM-2009-01-08:2289:2 RPM-2009-02-12:2301:1 RPM-2009-02-12:2312:3 RPM-2009-02-12:2325:1 RPM-2009-02-12:2336:1 RPM-2009-02-12:2344:2 RPM-2009-02-12:2345:1 RPM-2009-02-12:2346:1 RPM-2009-02-12:2349:1
643,B,15,16614,3,2009-02-12,2009-04-09,RPM-2009-02-12:2352:1 RPM-2009-02-12:2353:3 RPM-2009-02-12:2355:1 RPM-2009-02-12:2356:1 RPM-2009-03-12:2387:2 RPM-2009-03-12:2389:2 RPM-2009-03-12:2395:1 RPM-2009-03-12:2396:1 RPM-2009-03-12:2417:1 RPM-2009-03-12:2424:1 RPM-2009-03-12:2431:1 RPM-2009-04-09:2441:11 RPM-2009-04-09:2445:4 RPM-2009-04-09:2446:2 RPM-2009-04-09:2448:2
644,B,14,16631,1,2009-04-09,2009-04-09,RPM-2009-04-09:2449:1 RPM-2009-04-09:2454:1 RPM-2009-04-09:2455:3 RPM-2009-04-09:2457:1 RPM-2009-04-09:2461:1 RPM-2009-04-09:2465:1 RPM-2009-04-09:2469:3 RPM-2009-04-09:2472:1 RPM-2009-04-09:2474:1 RPM-2009-04-09:2475:1 RPM-2009-04-09:2482:3 RPM-2009-04-09:2485:1 RPM-2009-04-09:2486:1 RPM-2009-04-09:2488:1
645,B,14,15242,3,2009-04-09,2009-06-16,RPM-2009-04-09:2488:2 RPM-2009-04-09:2489:2 RPM-2009-05-07:2503:1 RPM-2009-05-07:2509:1 RPM-2009-05-07:2517:2 RPM-2009-05-07:2529:2 RPM-2009-05-07:2532:3 RPM-2009-05-07:2536:1 RPM-2009-05-07:2537:3 RPM-2009-05-07:2537:6 RPM-2009-05-07:2540:1 RPM-2009-05-07:2547:1 RPM-2009-06-16:2554:2 RPM-2009-06-16:2555:5
646,B,14,16121,1,2009-06-16,2009-06-16,RPM-2009-06-16:2556:1 RPM-2009-06-16:2556:3 RPM-2009-06-16:2566:2 RPM-2009-06-16:2567:3 RPM-2009-06-16:2569:1 RPM-2009-06-16:2570:1 RPM-2009-06-16:2573:2 RPM-2009-06-16:2573:3 RPM-2009-06-16:2575:1 RPM-2009-06-16:2577:1 RPM-2009-06-16:2583:6 RPM-2009-06-16:2585:1 RPM-2009-06-16:2589:1 RPM-2009-06-16:2591:5
647,B,15,16624,2,2009-06-16,2009-07-09,RPM-2009-06-16:2592:1 RPM-2009-07-09:2608:1 RPM-2009-07-09:2610:1 RPM-2009-07-09:2613:1 RPM-2009-07-09:2615:3 RPM-2009-07-09:2617:1 RPM-2009-07-09:2619:2 RPM-2009-07-09:2620:2 RPM-2009-07-09:2628:1 RPM-2009-07-09:2629:1 RPM-2009-07-09:2630:1 RPM-2009-07-09:2631:1 RPM-2009-07-09:2632:1 RPM-2009-07-09:2633:1 RPM-2009-07-09:2642:1
648,B,15,16135,3,2009-07-09,2009-09-08,RPM-2009-07-09:2643:1 RPM-2009-07-09:2648:1 RPM-2009-08-13:2659:1 RPM-2009-08-13:2661:4 RPM-2009-08-13:2661:7 RPM-2009-08-13:2667:3 RPM-2009-08-13:2669:2 RPM-2009-08-13:2671:1 RPM-2009-08-13:2673:2 RPM-2009-08-13:2674:8 RPM-2009-08-13:2674:9 RPM-2009-08-13:2675:1 RPM-2009-08-13:2677:1 RPM-2009-09-08:2695:3 RPM-2009-09-08:2697:3
649,B,16,16118,2,2009-09-08,2009-10-13,RPM-2009-09-08:2698:2 RPM-2009-09-08:2699:1 RPM-2009-09-08:2701:3 RPM-2009-09-08:2701:5 RPM-2009-09-08:2705:6 RPM-2009-09-08:2711:1 RPM-2009-10-13:2713:1 RPM-2009-10-13:2716:1 RPM-2009-10-13:2725:1 RPM-2009-10-13:2725:3 RPM-2009-10-13:2733:1 RPM-2009-10-13:2738:3 RPM-2009-10-13:2739:1 RPM-2009-10-13:2744:1 RPM-2009-10-13:2744:2 RPM-2009-10-13:2744:4
650,B,14,15748,3,2009-10-13,2009-12-15,RPM-2009-10-13:2746:2 RPM-2009-11-12:2761:1 RPM-2009-11-12:2765:1 RPM-2009-11-12:2776:4 RPM-2009-11-12:2776:5 RPM-2009-11-12:2776:7 RPM-2009-11-12:2777:1 RPM-2009-11-12:2778:2 RPM-2009-11-12:2786:1 RPM-2009-11-12:2799:2 RPM-2009-12-15:2803:1 RPM-2009-12-15:2810:3 RPM-2009-12-15:2818:1 RPM-2009-12-15:2820:2
651,B,15,16268,2,2009-12-15,2010-01-14,RPM-2009-12-15:2821:1 RPM-2009-12-15:2823:2 RPM-2009-12-15:2826:1 RPM-2009-12-15:2826:4 RPM-2009-12-15:2826:5 RPM-2009-12-15:2827:1 RPM-2010-01-14:2855:2 RPM-2010-01-14:2856:2 RPM-2010-01-14:2857:1 RPM-2010-01-14:2857:2 RPM-2010-01-14:2862:2 RPM-2010-01-14:2863:3 RPM-2010-01-14:2866:1 RPM-2010-01-14:2870:1 RPM-2010-01-14:2874:2
652,B,14,16087,2,2010-01-14,2010-02-11,RPM-2010-01-14:2875:2 RPM-2010-01-14:2876:1 RPM-2010-01-14:2880:1 RPM-2010-01-14:2887:1 RPM-2010-02-11:2889:1 RPM-2010-02-11:2896:4 RPM-2010-02-11:2897:2 RPM-2010-02-11:2904:1 RPM-2010-02-11:2906:1 RPM-2010-02-11:2909:2 RPM-2010-02-11:2919:1 RPM-2010-02-11:2936:1 RPM-2010-02-11:2947:2 RPM-2010-02-11:2957:4
653,B,14,16696,3,2010-02-11,2010-04-15,RPM-2010-02-11:2960:3 RPM-2010-02-11:2967:1 RPM-2010-03-18:2970:2 RPM-2010-03-18:2972:2 RPM-2010-03-18:2973:1 RPM-2010-03-18:2981:2 RPM-2010-03-18:2992:2 RPM-2010-03-18:2994:1 RPM-2010-03-18:3001:2 RPM-2010-03-18:3007:1 RPM-2010-03-18:3007:2 RPM-2010-03-18:3017:2 RPM-2010-04-15:3034:2 RPM-2010-04-15:3049:2
654,B,14,16164,3,2010-04-15,2010-06-15,RPM-2010-04-15:3052:1 RPM-2010-04-15:3060:2 RPM-2010-04-15:3069:1 RPM-2010-05-13:3084:1 RPM-2010-05-13:3085:1 RPM-2010-05-13:3092:1 RPM-2010-05-13:3102:1 RPM-2010-05-13:3103:1 RPM-2010-05-13:3106:1 RPM-2010-05-13:3108:1 RPM-2010-05-13:3114:1 RPM-2010-05-13:3118:1 RPM-2010-05-13:3124:2 RPM-2010-06-15:3133:1
655,B,14,15737,2,2010-06-15,2010-07-15,RPM-2010-06-15:3134:1 RPM-2010-06-15:3146:2 RPM-2010-06-15:3147:2 RPM-2010-06-15:3151:1 RPM-2010-06-15:3156:1 RPM-2010-06-15:3171:1 RPM-2010-06-15:3178:1 RPM-2010-06-15:3192:1 RPM-2010-06-15:3204:1 RPM-2010-07-15:3213:1 RPM-2010-07-15:3214:1 RPM-2010-07-15:3215:2 RPM-2010-07-15:3218:2 RPM-2010-07-15:3228:1
656,B,15,15907,2,2010-07-15,2010-08-12,RPM-2010-07-15:3232:1 RPM-2010-07-15:3235:2 RPM-2010-07-15:3238:1 RPM-2010-07-15:3248:1 RPM-2010-07-15:3253:1 RPM-2010-07-15:3262:2 RPM-2010-07-15:3273:2 RPM-2010-08-12:3281:1 RPM-2010-08-12:3291:1 RPM-2010-08-12:3293:1 RPM-2010-08-12:3303:1 RPM-2010-08-12:3307:1 RPM-2010-08-12:3308:4 RPM-2010-08-12:3310:5 RPM-2010-08-12:3315:2
657,B,15,16204,2,2010-08-12,2010-09-16,RPM-2010-08-12:3316:2 RPM-2010-08-12:3320:1 RPM-2010-08-12:3324:1 RPM-2010-08-12:3332:1 RPM-2010-08-12:3344:1 RPM-2010-09-16:3359:2 RPM-2010-09-16:3363:1 RPM-2010-09-16:3378:1 RPM-2010-09-16:3386:1 RPM-2010-09-16:3393:2 RPM-2010-09-16:3394:1 RPM-2010-09-16:3396:1 RPM-2010-09-16:3404:1 RPM-2010-09-16:3405:2 RPM-2010-09-16:3413:2
658,B,14,16022,2,2010-09-16,2010-10-14,RPM-2010-09-16:3414:1 RPM-2010-09-16:3421:3 RPM-2010-09-16:3431:2 RPM-2010-10-14:3436:1 RPM-2010-10-14:3442:2 RPM-2010-10-14:3447:1 RPM-2010-10-14:3449:4 RPM-2010-10-14:3452:1 RPM-2010-10-14:3464:1 RPM-2010-10-14:3469:1 RPM-2010-10-14:3471:1 RPM-2010-10-14:3472:1 RPM-2010-10-14:3476:1 RPM-2010-10-14:3481:2
659,B,15,16270,3,2010-10-14,2010-12-16,RPM-2010-10-14:3483:2 RPM-2010-11-16:3497:1 RPM-2010-11-16:3505:2 RPM-2010-11-16:3508:1 RPM-2010-11-16:3511:1 RPM-2010-11-16:3530:1 RPM-2010-11-16:3538:1 RPM-2010-11-16:3553:1 RPM-2010-11-16:3554:1 RPM-2010-11-16:3558:1 RPM-2010-11-16:3560:1 RPM-2010-11-16:3569:1 RPM-2010-12-16:3595:1 RPM-2010-12-16:3599:1 RPM-2010-12-16:3600:1
660,B,16,16175,2,2010-12-16,2011-01-13,RPM-2010-12-16:3600:2 RPM-2010-12-16:3601:1 RPM-2010-12-16:3607:1 RPM-2010-12-16:3613:1 RPM-2010-12-16:3615:3 RPM-2010-12-16:3637:2 RPM-2011-01-13:3646:3 RPM-2011-01-13:3648:1 RPM-2011-01-13:3651:2 RPM-2011-01-13:3652:1 RPM-2011-01-13:3654:1 RPM-2011-01-13:3656:1 RPM-2011-01-13:3656:3 RPM-2011-01-13:3679:1 RPM-2011-01-13:3679:2 RPM-2011-01-13:3699:1
661,B,14,16262,1,2011-02-17,2011-02-17,RPM-2011-02-17:3718:1 RPM-2011-02-17:3724:1 RPM-2011-02-17:3733:1 RPM-2011-02-17:3736:1 RPM-2011-02-17:3757:1 RPM-2011-02-17:3766:1 RPM-2011-02-17:3768:1 RPM-2011-02-17:3776:1 RPM-2011-02-17:3778:1 RPM-2011-02-17:3784:1 RPM-2011-02-17:3786:1 RPM-2011-02-17:3789:1 RPM-2011-02-17:3796:1 RPM-2011-02-17:3812:1
662,B,16,16527,3,2011-02-17,2011-04-12,RPM-2011-02-17:3813:1 RPM-2011-03-17:3819:1 RPM-2011-03-17:3822:1 RPM-2011-03-17:3823:1 RPM-2011-03-17:3831:1 RPM-2011-03-17:3835:1 RPM-2011-03-17:3852:1 RPM-2011-03-17:3856:1 RPM-2011-03-17:3857:1 RPM-2011-03-17:3869:1 RPM-2011-03-17:3869:3 RPM-2011-03-17:3875:1 RPM-2011-03-17:3877:1 RPM-2011-04-12:3905:1 RPM-2011-04-12:3913:1 RPM-2011-04-12:3919:1
663,B,15,16065,3,2011-04-12,2011-06-14,RPM-2011-04-12:3935:1 RPM-2011-05-12:3971:1 RPM-2011-05-12:3995:1 RPM-2011-05-12:3996:1 RPM-2011-05-12:3997:1 RPM-2011-05-12:4000:1 RPM-2011-05-12:4004:1 RPM-2011-05-12:4012:2 RPM-2011-05-12:4014:1 RPM-2011-05-12:4024:1 RPM-2011-05-12:4032:1 RPM-2011-05-12:4035:1 RPM-2011-05-12:4037:1 RPM-2011-05-12:4054:2 RPM-2011-06-14:4056:1
664,B,15,16072,2,2011-06-14,2011-07-14,RPM-2011-06-14:4066:1 RPM-2011-06-14:4070:1 RPM-2011-06-14:4074:1 RPM-2011-06-14:4075:1 RPM-2011-06-14:4076:1 RPM-2011-06-14:4077:1 RPM-2011-06-14:4081:1 RPM-2011-06-14:4082:1 RPM-2011-06-14:4092:1 RPM-2011-07-14:4119:1 RPM-2011-07-14:4133:1 RPM-2011-07-14:4136:1 RPM-2011-07-14:4140:1 RPM-2011-07-14:4146:1 RPM-2011-07-14:4152:1
665,B,14,15992,3,2011-07-14,2011-09-15,RPM-2011-07-14:4154:1 RPM-2011-07-14:4156:1 RPM-2011-07-14:4158:1 RPM-2011-07-14:4167:1 RPM-2011-08-18:4215:1 RPM-2011-08-18:4224:2 RPM-2011-08-18:4238:1 RPM-2011-08-18:4248:1 RPM-2011-08-18:4251:1 RPM-2011-08-18:4260:1 RPM-2011-09-15:4293:1 RPM-2011-09-15:4296:1 RPM-2011-09-15:4297:1 RPM-2011-09-15:4311:1
666,B,14,16623,3,2011-09-15,2011-11-15,RPM-2011-09-15:4314:3 RPM-2011-10-13:4348:1 RPM-2011-10-13:4362:2 RPM-2011-10-13:4363:1 RPM-2011-10-13:4378:1 RPM-2011-10-13:4396:1 RPM-2011-11-15:4400:1 RPM-2011-11-15:4415:1 RPM-2011-11-15:4418:1 RPM-2011-11-15:4424:1 RPM-2011-11-15:4428:1 RPM-2011-11-15:4429:1 RPM-2011-11-15:4433:3 RPM-2011-11-15:4450:1
667,B,13,16249,3,2011-11-15,2012-01-12,RPM-2011-11-15:4452:1 RPM-2011-12-13:4460:1 RPM-2011-12-13:4461:2 RPM-2011-12-13:4475:1 RPM-2011-12-13:4479:1 RPM-2011-12-13:4493:1 RPM-2012-01-12:4515:1 RPM-2012-01-12:4519:1 RPM-2012-01-12:4522:1 RPM-2012-01-12:4539:1 RPM-2012-01-12:4546:1 RPM-2012-01-12:4553:1 RPM-2012-01-12:4556:1
668,B,14,15315,2,2012-01-12,2012-02-14,RPM-2012-01-12:4559:1 RPM-2012-01-12:4562:1 RPM-2012-02-14:4579:1 RPM-2012-02-14:4582:1 RPM-2012-02-14:4586:1 RPM-2012-02-14:4588:1 RPM-2012-02-14:4589:2 RPM-2012-02-14:4592:1 RPM-2012-02-14:4594:1 RPM-2012-02-14:4607:1 RPM-2012-02-14:4611:1 RPM-2012-02-14:4614:1 RPM-2012-02-14:4628:1 RPM-2012-02-14:4632:1
669,B,15,16594,2,2012-03-15,2012-04-17,RPM-2012-03-15:4655:1 RPM-2012-03-15:4659:2 RPM-2012-03-15:4665:1 RPM-2012-03-15:4668:1 RPM-2012-03-15:4672:1 RPM-2012-03-15:4681:1 RPM-2012-03-15:4682:1 RPM-2012-03-15:4683:1 RPM-2012-03-15:4689:2 RPM-2012-03-15:4690:1 RPM-2012-03-15:4704:1 RPM-2012-03-15:4710:1 RPM-2012-03-15:4711:1 RPM-2012-04-17:4752:1 RPM-2012-04-17:4758:1
670,B,15,15646,2,2012-04-17,2012-05-17,RPM-2012-04-17:4766:2 RPM-2012-04-17:4771:2 RPM-2012-04-17:4787:2 RPM-2012-05-17:4798:1 RPM-2012-05-17:4799:1 RPM-2012-05-17:4800:1 RPM-2012-05-17:4801:1 RPM-2012-05-17:4802:1 RPM-2012-05-17:4814:1 RPM-2012-05-17:4816:1 RPM-2012-05-17:4820:2 RPM-2012-05-17:4823:1 RPM-2012-05-17:4829:1 RPM-2012-05-17:4830:1 RPM-2012-05-17:4831:1
671,B,14,16420,3,2012-05-17,2012-07-12,RPM-2012-05-17:4832:1 RPM-2012-05-17:4837:1 RPM-2012-06-14:4853:1 RPM-2012-06-14:4856:2 RPM-2012-06-14:4861:1 RPM-2012-06-14:4864:1 RPM-2012-06-14:4867:1 RPM-2012-06-14:4876:1 RPM-2012-07-12:4912:1 RPM-2012-07-12:4914:1 RPM-2012-07-12:4915:1 RPM-2012-07-12:4923:1 RPM-2012-07-12:4951:1 RPM-2012-07-12:4966:1
672,B,15,16153,3,2012-08-16,2012-10-18,RPM-2012-08-16:4977:1 RPM-2012-08-16:4998:1 RPM-2012-08-16:5008:1 RPM-2012-08-16:5010:1 RPM-2012-08-16:5014:1 RPM-2012-08-16:5015:1 RPM-2012-08-16:5017:1 RPM-2012-08-16:5020:1 RPM-2012-09-13:5075:1 RPM-2012-09-13:5083:1 RPM-2012-10-18:5100:1 RPM-2012-10-18:5106:2 RPM-2012-10-18:5115:1 RPM-2012-10-18:5118:1 RPM-2012-10-18:5119:1
673,B,14,15941,3,2012-10-18,2012-12-13,RPM-2012-10-18:5135:1 RPM-2012-10-18:5141:1 RPM-2012-11-13:5161:1 RPM-2012-11-13:5174:1 RPM-2012-11-13:5175:1 RPM-2012-11-13:5177:1 RPM-2012-11-13:5205:1 RPM-2012-11-13:5206:1 RPM-2012-11-13:5211:1 RPM-2012-12-13:5223:1 RPM-2012-12-13:5229:1 RPM-2012-12-13:5237:1 RPM-2012-12-13:5241:1 RPM-2012-12-13:5243:1
674,B,14,15751,3,2012-12-13,2013-02-14,RPM-2012-12-13:5246:3 RPM-2012-12-13:5250:1 RPM-2012-12-13:5251:1 RPM-2013-01-17:5283:1 RPM-2013-01-17:5284:1 RPM-2013-01-17:5300:1 RPM-2013-01-17:5301:1 RPM-2013-01-17:5308:1 RPM-2013-01-17:5315:1 RPM-2013-02-14:5332:1 RPM-2013-02-14:5346:1 RPM-2013-02-14:5352:2 RPM-2013-02-14:5359:1 RPM-2013-02-14:5366:1
675,B,15,15999,3,2013-02-14,2013-04-11,RPM-2013-02-14:5368:2 RPM-2013-02-14:5370:1 RPM-2013-02-14:5375:1 RPM-2013-03-14:5406:1 RPM-2013-03-14:5406:2 RPM-2013-03-14:5412:1 RPM-2013-03-14:5414:1 RPM-2013-03-14:5416:1 RPM-2013-03-14:5423:1 RPM-2013-03-14:5432:1 RPM-2013-03-14:5433:1 RPM-2013-04-11:5455:1 RPM-2013-04-11:5465:1 RPM-2013-04-11:5469:1 RPM-2013-04-11:5475:1
676,B,14,16578,2,2013-04-11,2013-05-16,RPM-2013-04-11:5480:1 RPM-2013-04-11:5485:1 RPM-2013-04-11:5486:2 RPM-2013-04-11:5489:1 RPM-2013-04-11:5492:1 RPM-2013-04-11:5495:1 RPM-2013-04-11:5496:1 RPM-2013-04-11:5497:1 RPM-2013-05-16:5524:1 RPM-2013-05-16:5528:1 RPM-2013-05-16:5529:1 RPM-2013-05-16:5531:1 RPM-2013-05-16:5543:1 RPM-2013-05-16:5544:1
677,B,14,16071,2,2013-05-16,2013-06-13,RPM-2013-05-16:5548:1 RPM-2013-05-16:5549:1 RPM-2013-05-16:5554:1 RPM-2013-06-13:5574:1 RPM-2013-06-13:5585:1 RPM-2013-06-13:5592:1 RPM-2013-06-13:5598:1 RPM-2013-06-13:5599:1 RPM-2013-06-13:5606:1 RPM-2013-06-13:5608:1 RPM-2013-06-13:5609:1 RPM-2013-06-13:5611:1 RPM-2013-06-13:5613:1 RPM-2013-06-13:5614:1
678,B,14,16160,3,2013-06-13,2013-08-13,RPM-2013-06-13:5634:1 RPM-2013-07-11:5645:1 RPM-2013-07-11:5661:1 RPM-2013-07-11:5674:1 RPM-2013-07-11:5679:1 RPM-2013-08-13:5711:1 RPM-2013-08-13:5715:1 RPM-2013-08-13:5716:1 RPM-2013-08-13:5717:1 RPM-2013-08-13:5731:1 RPM-2013-08-13:5732:1 RPM-2013-08-13:5733:1 RPM-2013-08-13:5734:1 RPM-2013-08-13:5736:1
679,B,14,16467,2,2013-09-12,2013-10-17,RPM-2013-09-12:5754:1 RPM-2013-09-12:5759:1 RPM-2013-09-12:5771:1 RPM-2013-09-12:5772:1 RPM-2013-09-12:5777:1 RPM-2013-09-12:5781:1 RPM-2013-09-12:5789:1 RPM-2013-09-12:5790:1 RPM-2013-09-12:5798:1 RPM-2013-10-17:5822:1 RPM-2013-10-17:5824:1 RPM-2013-10-17:5825:1 RPM-2013-10-17:5826:1 RPM-2013-10-17:5836:1
680,B,14,16383,3,2013-10-17,2013-12-12,RPM-2013-10-17:5838:1 RPM-2013-10-17:5839:1 RPM-2013-10-17:5845:1 RPM-2013-10-17:5857:1 RPM-2013-11-19:5868:1 RPM-2013-11-19:5880:1 RPM-2013-11-19:5881:1 RPM-2013-11-19:5882:1 RPM-2013-11-19:5883:1 RPM-2013-11-19:5901:1 RPM-2013-11-19:5902:1 RPM-2013-12-12:5916:1 RPM-2013-12-12:5917:1 RPM-2013-12-12:5918:1
681,B,15,16461,3,2013-12-12,2014-02-18,RPM-2013-12-12:5935:1 RPM-2013-12-12:5936:1 RPM-2013-12-12:5939:1 RPM-2013-12-12:5940:1 RPM-2013-12-12:5949:1 RPM-2013-12-12:5962:2 RPM-2014-01-16:5964:1 RPM-2014-01-16:5974:1 RPM-2014-01-16:5984:1 RPM-2014-01-16:5986:1 RPM-2014-01-16:5987:1 RPM-2014-01-16:5989:1 RPM-2014-01-16:5991:1 RPM-2014-01-16:6006:2 RPM-2014-02-18:6008:1
682,B,14,16138,2,2014-02-18,2014-03-13,RPM-2014-02-18:6009:3 RPM-2014-02-18:6010:1 RPM-2014-02-18:6016:4 RPM-2014-02-18:6021:1 RPM-2014-02-18:6022:1 RPM-2014-02-18:6034:1 RPM-2014-02-18:6038:1 RPM-2014-02-18:6045:1 RPM-2014-02-18:6054:1 RPM-2014-03-13:6062:1 RPM-2014-03-13:6090:1 RPM-2014-03-13:6091:1 RPM-2014-03-13:6101:1 RPM-2014-03-13:6112:1
683,B,14,16618,2,2014-04-17,2014-05-15,RPM-2014-04-17:6115:1 RPM-2014-04-17:6118:2 RPM-2014-04-17:6125:1 RPM-2014-04-17:6126:1 RPM-2014-04-17:6128:1 RPM-2014-04-17:6130:1 RPM-2014-04-17:6158:1 RPM-2014-05-15:6188:1 RPM-2014-05-15:6189:1 RPM-2014-05-15:6190:1 RPM-2014-05-15:6192:1 RPM-2014-05-15:6195:3 RPM-2014-05-15:6200:1 RPM-2014-05-15:6208:1
684,B,14,16659,2,2014-05-15,2014-06-12,RPM-2014-05-15:6210:1 RPM-2014-05-15:6214:1 RPM-2014-05-15:6215:1 RPM-2014-05-15:6218:1 RPM-2014-05-15:6233:1 RPM-2014-06-12:6240:1 RPM-2014-06-12:6249:1 RPM-2014-06-12:6250:1 RPM-2014-06-12:6252:1 RPM-2014-06-12:6254:1 RPM-2014-06-12:6255:1 RPM-2014-06-12:6257:5 RPM-2014-06-12:6262:1 RPM-2014-06-12:6274:3
685,B,14,15879,3,2014-07-15,2014-09-11,RPM-2014-07-15:6311:1 RPM-2014-07-15:6321:1 RPM-2014-07-15:6322:1 RPM-2014-07-15:6325:1 RPM-2014-07-15:6340:2 RPM-2014-08-14:6354:1 RPM-2014-08-14:6362:1 RPM-2014-08-14:6364:1 RPM-2014-09-11:6400:1 RPM-2014-09-11:6401:1 RPM-2014-09-11:6403:1 RPM-2014-09-11:6414:1 RPM-2014-09-11:6416:1 RPM-2014-09-11:6417:1
686,B,15,16190,3,2014-09-11,2014-11-18,RPM-2014-09-11:6421:1 RPM-2014-09-11:6421:2 RPM-2014-09-11:6422:1 RPM-2014-10-16:6445:1 RPM-2014-10-16:6446:1 RPM-2014-10-16:6448:1 RPM-2014-10-16:6451:1 RPM-2014-10-16:6456:1 RPM-2014-10-16:6457:1 RPM-2014-10-16:6464:1 RPM-2014-10-16:6465:1 RPM-2014-10-16:6466:1 RPM-2014-11-18:6486:1 RPM-2014-11-18:6488:1 RPM-2014-11-18:6489:1
687,B,13,15319,3,2014-11-18,2015-01-15,RPM-2014-11-18:6490:1 RPM-2014-11-18:6490:2 RPM-2014-11-18:6500:1 RPM-2014-11-18:6502:1 RPM-2014-11-18:6504:1 RPM-2014-11-18:6517:1 RPM-2014-11-18:6517:3 RPM-2014-12-11:6527:1 RPM-2014-12-11:6529:1 RPM-2014-12-11:6530:1 RPM-2015-01-15:6549:1 RPM-2015-01-15:6555:1 RPM-2015-01-15:6562:1
688,B,15,16010,2,2015-02-12,2015-03-19,RPM-2015-02-12:6596:1 RPM-2015-02-12:6601:1 RPM-2015-02-12:6611:1 RPM-2015-02-12:6612:1 RPM-2015-02-12:6618:1 RPM-2015-02-12:6620:1 RPM-2015-02-12:6622:1 RPM-2015-03-19:6646:1 RPM-2015-03-19:6659:1 RPM-2015-03-19:6661:1 RPM-2015-03-19:6667:1 RPM-2015-03-19:6670:1 RPM-2015-03-19:6672:1 RPM-2015-03-19:6676:1 RPM-2015-03-19:6677:1
689,B,13,15811,2,2015-04-16,2015-05-14,RPM-2015-04-16:6702:1 RPM-2015-04-16:6708:1 RPM-2015-04-16:6713:1 RPM-2015-04-16:6725:1 RPM-2015-04-16:6727:1 RPM-2015-04-16:6733:3 RPM-2015-04-16:6735:1 RPM-2015-04-16:6745:1 RPM-2015-04-16:6752:1 RPM-2015-05-14:6765:1 RPM-2015-05-14:6766:1 RPM-2015-05-14:6769:1 RPM-2015-05-14:6772:1
690,B,14,16639,3,2015-05-14,2015-07-14,RPM-2015-05-14:6782:1 RPM-2015-05-14:6784:1 RPM-2015-05-14:6786:1 RPM-2015-05-14:6806:1 RPM-2015-06-11:6818:1 RPM-2015-06-11:6828:1 RPM-2015-06-11:6834:1 RPM-2015-06-11:6849:1 RPM-2015-06-11:6862:4 RPM-2015-07-14:6882:1 RPM-2015-07-14:6883:1 RPM-2015-07-14:6890:2 RPM-2015-07-14:6895:1 RPM-2015-07-14:6897:1
691,B,15,15485,3,2015-07-14,2015-09-15,RPM-2015-07-14:6900:2 RPM-2015-07-14:6902:1 RPM-2015-07-14:6902:2 RPM-2015-07-14:6903:1 RPM-2015-08-13:6923:1 RPM-2015-08-13:6924:1 RPM-2015-08-13:6925:1 RPM-2015-08-13:6932:1 RPM-2015-08-13:6950:1 RPM-2015-08-13:6953:1 RPM-2015-08-13:6953:2 RPM-2015-08-13:6954:1 RPM-2015-08-13:6958:1 RPM-2015-08-13:6972:1 RPM-2015-09-15:6980:1
692,B,14,15689,3,2015-09-15,2015-11-12,RPM-2015-09-15:7004:1 RPM-2015-09-15:7007:1 RPM-2015-09-15:7013:1 RPM-2015-09-15:7027:1 RPM-2015-10-15:7058:2 RPM-2015-10-15:7061:1 RPM-2015-10-15:7065:1 RPM-2015-10-15:7070:1 RPM-2015-10-15:7079:4 RPM-2015-10-15:7080:1 RPM-2015-11-12:7122:1 RPM-2015-11-12:7123:1 RPM-2015-11-12:7123:2 RPM-2015-11-12:7124:1
693,B+C,20,15798,4,2005-01-11,2015-12-17,RPM-2015-11-12:7124:2 RPM-2015-11-12:7142:2 RPM-2015-11-12:7143:1 RPM-2015-11-12:7144:1 RPM-2015-12-17:7172:2 RPM-2015-12-17:7179:1 RPM-2015-12-17:7188:1 RPM-2015-12-17:7202:1 RPM-2005-01-11:13:1 RPM-2005-01-11:18:1 RPM-2005-01-11:21:1 RPM-2005-01-11:23:1 RPM-2005-01-11:29:1 RPM-2005-01-11:37:1 RPM-2005-01-11:43:1 RPM-2005-01-11:46:1 RPM-2005-01-11:48:1 RPM-2005-01-11:53:1 RPM-2005-01-11:8:1 RPM-2005-02-10:105:1
694,C,26,15255,2,2005-02-10,2005-03-10,RPM-2005-02-10:106:1 RPM-2005-02-10:107:1 RPM-2005-02-10:109:1 RPM-2005-02-10:112:1 RPM-2005-02-10:113:1 RPM-2005-02-10:125:1 RPM-2005-02-10:72:1 RPM-2005-02-10:81:1 RPM-2005-02-10:82:1 RPM-2005-02-10:85:1 RPM-2005-02-10:95:1 RPM-2005-03-10:155:1 RPM-2005-03-10:158:1 RPM-2005-03-10:160:1 RPM-2005-03-10:165:1 RPM-2005-03-10:166:1 RPM-2005-03-10:167:1 RPM-2005-03-10:168:1 RPM-2005-03-10:169:1 RPM-2005-03-10:171:1 RPM-2005-03-10:174:1 RPM-2005-03-10:179:1 RPM-2005-03-10:180:1 RPM-2005-03-10:183:1 RPM-2005-03-10:187:1 RPM-2005-03-10:195:1
695,C,28,15232,3,2005-03-10,2005-05-12,RPM-2005-03-10:196:1 RPM-2005-03-10:197:1 RPM-2005-03-10:199:1 RPM-2005-04-07:203:1 RPM-2005-04-07:203:2 RPM-2005-04-07:204:2 RPM-2005-04-07:205:1 RPM-2005-04-07:205:5 RPM-2005-04-07:206:2 RPM-2005-04-07:207:1 RPM-2005-04-07:207:11 RPM-2005-04-07:207:7 RPM-2005-04-07:209:1 RPM-2005-04-07:210:1 RPM-2005-04-07:210:3 RPM-2005-04-07:212:3 RPM-2005-04-07:212:4 RPM-2005-04-07:213:1 RPM-2005-05-12:222:1 RPM-2005-05-12:233:1 RPM-2005-05-12:237:1 RPM-2005-05-12:239:1 RPM-2005-05-12:245:1 RPM-2005-05-12:247:1 RPM-2005-05-12:251:1 RPM-2005-05-12:252:1 RPM-2005-05-12:255:1 RPM-2005-05-12:257:1
696,C,26,15572,3,2005-06-09,2005-08-11,RPM-2005-06-09:280:4 RPM-2005-06-09:280:8 RPM-2005-06-09:282:1 RPM-2005-06-09:283:1 RPM-2005-06-09:285:1 RPM-2005-06-09:285:2 RPM-2005-06-09:286:1 RPM-2005-06-09:287:1 RPM-2005-07-12:298:1 RPM-2005-07-12:299:1 RPM-2005-07-12:300:7 RPM-2005-07-12:300:8 RPM-2005-07-12:300:9 RPM-2005-07-12:302:1 RPM-2005-07-12:306:1 RPM-2005-07-12:307:1 RPM-2005-08-11:316:1 RPM-2005-08-11:318:1 RPM-2005-08-11:319:1 RPM-2005-08-11:320:1 RPM-2005-08-11:326:1 RPM-2005-08-11:332:1 RPM-2005-08-11:335:1 RPM-2005-08-11:337:1 RPM-2005-08-11:345:1 RPM-2005-08-11:346:1
697,C,27,15242,4,2005-08-11,2005-11-10,RPM-2005-08-11:348:1 RPM-2005-08-11:354:1 RPM-2005-08-11:359:1 RPM-2005-09-08:372:1 RPM-2005-09-08:379:1 RPM-2005-09-08:382:1 RPM-2005-09-08:384:1 RPM-2005-09-08:385:1 RPM-2005-10-11:406:1 RPM-2005-10-11:408:1 RPM-2005-10-11:410:1 RPM-2005-10-11:418:1 RPM-2005-10-11:419:1 RPM-2005-10-11:429:1 RPM-2005-10-11:430:1 RPM-2005-10-11:433:1 RPM-2005-10-11:435:1 RPM-2005-11-10:462:1 RPM-2005-11-10:464:1 RPM-2005-11-10:465:1 RPM-2005-11-10:466:1 RPM-2005-11-10:469:1 RPM-2005-11-10:470:1 RPM-2005-11-10:471:1 RPM-2005-11-10:475:1 RPM-2005-11-10:476:1 RPM-2005-11-10:477:1
698,C,26,15287,3,2005-11-10,2006-01-12,RPM-2005-11-10:479:1 RPM-2005-11-10:481:1 RPM-2005-11-10:483:1 RPM-2005-11-10:484:1 RPM-2005-11-10:486:1 RPM-2005-11-10:487:1 RPM-2005-11-10:488:1 RPM-2005-11-10:489:1 RPM-2005-11-10:490:1 RPM-2005-11-10:497:1 RPM-2005-12-13:506:10 RPM-2005-12-13:509:2 RPM-2005-12-13:510:3 RPM-2005-12-13:512:1 RPM-2005-12-13:513:2 RPM-2005-12-13:515:3 RPM-2005-12-13:515:4 RPM-2005-12-13:516:11 RPM-2005-12-13:516:14 RPM-2005-12-13:516:5 RPM-2005-12-13:516:7 RPM-2005-12-13:516:9 RPM-2006-01-12:537:1 RPM-2006-01-12:538:1 RPM-2006-01-12:542:1 RPM-2006-01-12:543:1
699,C,28,14965,4,2006-01-12,2006-04-13,RPM-2006-01-12:545:1 RPM-2006-01-12:551:1 RPM-2006-01-12:553:1 RPM-2006-01-12:564:1 RPM-2006-01-12:566:1 RPM-2006-02-09:580:1 RPM-2006-02-09:581:2 RPM-2006-02-09:585:1 RPM-2006-02-09:586:2 RPM-2006-02-09:586:3 RPM-2006-02-09:586:5 RPM-2006-02-09:587:6 RPM-2006-02-09:587:7 RPM-2006-03-16:604:1 RPM-2006-03-16:606:1 RPM-2006-03-16:609:1 RPM-2006-03-16:610:3 RPM-2006-03-16:611:2 RPM-2006-03-16:612:1 RPM-2006-03-16:614:3 RPM-2006-04-13:632:3 RPM-2006-04-13:633:1 RPM-2006-04-13:633:2 RPM-2006-04-13:635:1 RPM-2006-04-13:635:7 RPM-2006-04-13:639:2 RPM-2006-04-13:644:12 RPM-2006-04-13:646:1
700,C,27,14965,4,2006-04-13,2006-07-13,RPM-2006-04-13:649:1 RPM-2006-05-11:658:3 RPM-2006-05-11:658:7 RPM-2006-05-11:659:1 RPM-2006-05-11:661:2 RPM-2006-05-11:663:5 RPM-2006-05-11:663:7 RPM-2006-06-15:680:1 RPM-2006-06-15:682:1 RPM-2006-06-15:686:1 RPM-2006-06-15:689:1 RPM-2006-06-15:690:1 RPM-2006-06-15:692:1 RPM-2006-06-15:694:1 RPM-2006-06-15:695:1 RPM-2006-06-15:703:1 RPM-2006-06-15:719:2 RPM-2006-06-15:722:1 RPM-2006-06-15:725:1 RPM-2006-07-13:745:6 RPM-2006-07-13:748:1 RPM-2006-07-13:748:2 RPM-2006-07-13:749:1 RPM-2006-07-13:751:1 RPM-2006-07-13:755:1 RPM-2006-07-13:757:1 RPM-2006-07-13:761:1
701,C,27,15318,4,2006-07-13,2006-10-12,RPM-2006-07-13:762:2 RPM-2006-07-13:764:2 RPM-2006-08-10:787:1 RPM-2006-08-10:800:1 RPM-2006-08-10:803:1 RPM-2006-08-10:804:1 RPM-2006-08-10:805:1 RPM-2006-08-10:811:1 RPM-2006-08-10:820:1 RPM-2006-09-07:834:1 RPM-2006-09-07:843:1 RPM-2006-09-07:851:1 RPM-2006-09-07:857:1 RPM-2006-09-07:859:1 RPM-2006-09-07:861:1 RPM-2006-10-12:887:1 RPM-2006-10-12:888:1 RPM-2006-10-12:890:1 RPM-2006-10-12:892:1 RPM-2006-10-12:894:1 RPM-2006-10-12:901:1 RPM-2006-10-12:904:1 RPM-2006-10-12:905:1 RPM-2006-10-12:908:1 RPM-2006-10-12:910:1 RPM-2006-10-12:913:1 RPM-2006-10-12:914:1
702,C,26,14979,4,2006-10-12,2007-01-11,RPM-2006-10-12:916:1 RPM-2006-10-12:918:1 RPM-2006-10-12:922:1 RPM-2006-10-12:926:1 RPM-2006-10-12:929:1 RPM-2006-11-16:951:1 RPM-2006-11-16:964:1 RPM-2006-11-16:966:1 RPM-2006-11-16:968:1 RPM-2006-11-16:969:1 RPM-2006-12-14:1001:1 RPM-2006-12-14:1003:10 RPM-2006-12-14:1003:8 RPM-2006-12-14:1003:9 RPM-2006-12-14:1005:1 RPM-2006-12-14:1007:1 RPM-2006-12-14:1008:1 RPM-2006-12-14:1010:4 RPM-2006-12-14:1010:5 RPM-2006-12-14:1011:2 RPM-2006-12-14:1015:1 RPM-2006-12-14:995:1 RPM-2006-12-14:996:1 RPM-2006-12-14:997:1 RPM-2006-12-14:998:1 RPM-2007-01-11:1026:1
703,C,25,15071,3,2007-01-11,2007-03-15,RPM-2007-01-11:1026:2 RPM-2007-01-11:1029:2 RPM-2007-01-11:1029:3 RPM-2007-01-11:1031:1 RPM-2007-01-11:1032:1 RPM-2007-01-11:1037:1 RPM-2007-01-11:1038:1 RPM-2007-01-11:1038:2 RPM-2007-01-11:1046:1 RPM-2007-01-11:1046:3 RPM-2007-02-08:1063:1 RPM-2007-02-08:1063:2 RPM-2007-02-08:1065:2 RPM-2007-02-08:1066:1 RPM-2007-02-08:1068:1 RPM-2007-02-08:1073:2 RPM-2007-02-08:1074:1 RPM-2007-02-08:1074:2 RPM-2007-02-08:1078:1 RPM-2007-02-08:1080:1 RPM-2007-02-08:1081:1 RPM-2007-02-08:1082:1 RPM-2007-02-08:1084:1 RPM-2007-02-08:1086:1 RPM-2007-03-15:1105:1
704,C,29,15348,2,2007-03-15,2007-04-12,RPM-2007-03-15:1110:1 RPM-2007-03-15:1114:1 RPM-2007-03-15:1117:1 RPM-2007-03-15:1120:1 RPM-2007-03-15:1129:1 RPM-2007-03-15:1131:1 RPM-2007-03-15:1132:1 RPM-2007-03-15:1133:1 RPM-2007-03-15:1135:1 RPM-2007-03-15:1141:1 RPM-2007-03-15:1142:1 RPM-2007-03-15:1143:1 RPM-2007-03-15:1144:1 RPM-2007-03-15:1145:1 RPM-2007-03-15:1148:1 RPM-2007-03-15:1151:1 RPM-2007-03-15:1152:1 RPM-2007-03-15:1154:3 RPM-2007-04-12:1173:1 RPM-2007-04-12:1174:2 RPM-2007-04-12:1175:3 RPM-2007-04-12:1179:1 RPM-2007-04-12:1183:1 RPM-2007-04-12:1194:1 RPM-2007-04-12:1194:2 RPM-2007-04-12:1196:1 RPM-2007-04-12:1198:1 RPM-2007-04-12:1203:1 RPM-2007-04-12:1209:1
705,C,27,14876,4,2007-04-12,2007-07-12,RPM-2007-04-12:1213:1 RPM-2007-05-10:1229:1 RPM-2007-05-10:1230:1 RPM-2007-05-10:1246:1 RPM-2007-06-14:1263:1 RPM-2007-06-14:1269:1 RPM-2007-06-14:1271:1 RPM-2007-06-14:1272:1 RPM-2007-06-14:1274:1 RPM-2007-06-14:1276:1 RPM-2007-06-14:1277:1 RPM-2007-06-14:1279:1 RPM-2007-06-14:1283:1 RPM-2007-06-14:1288:1 RPM-2007-06-14:1288:2 RPM-2007-06-14:1289:1 RPM-2007-06-14:1291:1 RPM-2007-06-14:1292:1 RPM-2007-06-14:1296:1 RPM-2007-06-14:1297:1 RPM-2007-06-14:1300:1 RPM-2007-07-12:1313:2 RPM-2007-07-12:1314:3 RPM-2007-07-12:1316:1 RPM-2007-07-12:1319:1 RPM-2007-07-12:1320:2 RPM-2007-07-12:1321:1
706,C,27,15376,3,2007-07-12,2007-09-13,RPM-2007-07-12:1326:1 RPM-2007-07-12:1329:3 RPM-2007-07-12:1330:1 RPM-2007-07-12:1331:1 RPM-2007-07-12:1333:1 RPM-2007-07-12:1334:1 RPM-2007-07-12:1335:1 RPM-2007-07-12:1335:2 RPM-2007-07-12:1335:5 RPM-2007-07-12:1336:2 RPM-2007-07-12:1337:2 RPM-2007-07-12:1338:1 RPM-2007-08-09:1360:2 RPM-2007-08-09:1361:1 RPM-2007-08-09:1361:2 RPM-2007-08-09:1362:1 RPM-2007-08-09:1364:1 RPM-2007-08-09:1367:2 RPM-2007-08-09:1369:1 RPM-2007-08-09:1371:2 RPM-2007-08-09:1376:2 RPM-2007-08-09:1379:2 RPM-2007-09-13:1411:1 RPM-2007-09-13:1415:1 RPM-2007-09-13:1417:1 RPM-2007-09-13:1421:1 RPM-2007-09-13:1427:1
707,C,28,15484,3,2007-09-13,2007-11-13,RPM-2007-09-13:1428:1 RPM-2007-09-13:1430:1 RPM-2007-09-13:1431:1 RPM-2007-09-13:1432:1 RPM-2007-09-13:1436:2 RPM-2007-09-13:1438:1 RPM-2007-09-13:1441:1 RPM-2007-09-13:1442:1 RPM-2007-09-13:1444:1 RPM-2007-09-13:1445:1 RPM-2007-09-13:1445:2 RPM-2007-09-13:1447:1 RPM-2007-09-13:1458:1 RPM-2007-10-11:1477:1 RPM-2007-10-11:1479:1 RPM-2007-10-11:1481:2 RPM-2007-10-11:1481:3 RPM-2007-10-11:1482:1 RPM-2007-10-11:1486:1 RPM-2007-10-11:1492:2 RPM-2007-10-11:1494:1 RPM-2007-10-11:1497:2 RPM-2007-10-11:1498:2 RPM-2007-10-11:1501:1 RPM-2007-10-11:1504:1 RPM-2007-10-11:1507:1 RPM-2007-11-13:1526:1 RPM-2007-11-13:1526:2
708,C,27,15366,2,2007-11-13,2007-12-13,RPM-2007-11-13:1526:3 RPM-2007-11-13:1530:2 RPM-2007-11-13:1531:1 RPM-2007-11-13:1532:2 RPM-2007-11-13:1532:4 RPM-2007-11-13:1542:1 RPM-2007-11-13:1545:3 RPM-2007-11-13:1547:1 RPM-2007-11-13:1548:1 RPM-2007-11-13:1553:1 RPM-2007-11-13:1554:4 RPM-2007-11-13:1556:2 RPM-2007-12-13:1574:1 RPM-2007-12-13:1576:1 RPM-2007-12-13:1576:2 RPM-2007-12-13:1577:1 RPM-2007-12-13:1577:3 RPM-2007-12-13:1578:2 RPM-2007-12-13:1581:1 RPM-2007-12-13:1582:1 RPM-2007-12-13:1584:1 RPM-2007-12-13:1585:1 RPM-2007-12-13:1587:4 RPM-2007-12-13:1591:4 RPM-2007-12-13:1594:1 RPM-2007-12-13:1594:2 RPM-2007-12-13:1594:3
709,C,29,15364,3,2007-12-13,2008-02-07,RPM-2007-12-13:1594:4 RPM-2007-12-13:1595:1 RPM-2007-12-13:1595:3 RPM-2007-12-13:1595:4 RPM-2007-12-13:1595:5 RPM-2008-01-10:1621:3 RPM-2008-01-10:1621:4 RPM-2008-01-10:1625:2 RPM-2008-01-10:1627:3 RPM-2008-01-10:1627:5 RPM-2008-01-10:1628:1 RPM-2008-01-10:1639:1 RPM-2008-01-10:1640:1 RPM-2008-02-07:1645:1 RPM-2008-02-07:1646:1 RPM-2008-02-07:1648:2 RPM-2008-02-07:1649:1 RPM-2008-02-07:1652:4 RPM-2008-02-07:1652:5 RPM-2008-02-07:1657:1 RPM-2008-02-07:1658:2 RPM-2008-02-07:1659:1 RPM-2008-02-07:1660:1 RPM-2008-02-07:1660:2 RPM-2008-02-07:1661:2 RPM-2008-02-07:1662:1 RPM-2008-02-07:1663:1 RPM-2008-02-07:1663:2 RPM-2008-02-07:1665:1
710,C,26,15272,2,2008-03-13,2008-04-10,RPM-2008-03-13:1693:1 RPM-2008-03-13:1694:1 RPM-2008-03-13:1695:1 RPM-2008-03-13:1695:2 RPM-2008-03-13:1697:3 RPM-2008-03-13:1697:4 RPM-2008-03-13:1697:5 RPM-2008-03-13:1699:1 RPM-2008-03-13:1700:1 RPM-2008-03-13:1709:1 RPM-2008-03-13:1711:1 RPM-2008-03-13:1717:1 RPM-2008-03-13:1718:1 RPM-2008-03-13:1718:5 RPM-2008-03-13:1718:6 RPM-2008-03-13:1719:2 RPM-2008-03-13:1719:4 RPM-2008-03-13:1726:1 RPM-2008-03-13:1732:1 RPM-2008-03-13:1738:1 RPM-2008-04-10:1751:1 RPM-2008-04-10:1752:1 RPM-2008-04-10:1758:1 RPM-2008-04-10:1760:1 RPM-2008-04-10:1761:1 RPM-2008-04-10:1762:1
711,C,27,15138,2,2008-04-10,2008-05-08,RPM-2008-04-10:1763:1 RPM-2008-04-10:1769:1 RPM-2008-04-10:1770:1 RPM-2008-04-10:1772:1 RPM-2008-05-08:1793:1 RPM-2008-05-08:1798:1 RPM-2008-05-08:1802:1 RPM-2008-05-08:1805:1 RPM-2008-05-08:1805:2 RPM-2008-05-08:1808:1 RPM-2008-05-08:1809:1 RPM-2008-05-08:1809:2 RPM-2008-05-08:1809:3 RPM-2008-05-08:1812:1 RPM-2008-05-08:1815:1 RPM-2008-05-08:1815:2 RPM-2008-05-08:1818:5 RPM-2008-05-08:1821:1 RPM-2008-05-08:1822:2 RPM-2008-05-08:1823:1 RPM-2008-05-08:1826:1 RPM-2008-05-08:1827:1 RPM-2008-05-08:1828:1 RPM-2008-05-08:1829:1 RPM-2008-05-08:1831:2 RPM-2008-05-08:1832:1 RPM-2008-05-08:1832:2
712,C,28,15131,3,2008-05-08,2008-07-10,RPM-2008-05-08:1834:1 RPM-2008-05-08:1836:1 RPM-2008-06-10:1855:1 RPM-2008-06-10:1858:1 RPM-2008-06-10:1860:3 RPM-2008-06-10:1869:4 RPM-2008-06-10:1870:1 RPM-2008-06-10:1871:3 RPM-2008-06-10:1873:2 RPM-2008-06-10:1873:3 RPM-2008-06-10:1873:4 RPM-2008-06-10:1874:1 RPM-2008-06-10:1877:1 RPM-2008-06-10:1878:3 RPM-2008-06-10:1879:2 RPM-2008-06-10:1879:3 RPM-2008-06-10:1885:2 RPM-2008-06-10:1889:2 RPM-2008-06-10:1891:1 RPM-2008-06-10:1892:1 RPM-2008-06-10:1893:1 RPM-2008-06-10:1895:1 RPM-2008-06-10:1897:1 RPM-2008-06-10:1899:1 RPM-2008-06-10:1900:1 RPM-2008-07-10:1919:1 RPM-2008-07-10:1920:1 RPM-2008-07-10:1921:1
713,C,27,15541,2,2008-07-10,2008-08-14,RPM-2008-07-10:1922:1 RPM-2008-07-10:1924:1 RPM-2008-07-10:1925:3 RPM-2008-07-10:1930:3 RPM-2008-07-10:1931:1 RPM-2008-07-10:1932:1 RPM-2008-07-10:1932:4 RPM-2008-07-10:1934:1 RPM-2008-07-10:1944:1 RPM-2008-07-10:1946:2 RPM-2008-07-10:1946:3 RPM-2008-07-10:1946:4 RPM-2008-07-10:1948:1 RPM-2008-07-10:1950:1 RPM-2008-07-10:1953:2 RPM-2008-07-10:1957:2 RPM-2008-07-10:1960:1 RPM-2008-07-10:1962:1 RPM-2008-08-14:1982:1 RPM-2008-08-14:1987:1 RPM-2008-08-14:1989:1 RPM-2008-08-14:1991:1 RPM-2008-08-14:1992:1 RPM-2008-08-14:1993:1 RPM-2008-08-14:1994:3 RPM-2008-08-14:1996:1 RPM-2008-08-14:1998:2
714,C,29,15383,2,2008-08-14,2008-09-04,RPM-2008-08-14:1999:1 RPM-2008-08-14:2008:1 RPM-2008-08-14:2010:2 RPM-2008-08-14:2014:1 RPM-2008-08-14:2015:1 RPM-2008-08-14:2017:1 RPM-2008-08-14:2020:1 RPM-2008-08-14:2024:1 RPM-2008-08-14:2024:2 RPM-2008-08-14:2028:1 RPM-2008-08-14:2029:1 RPM-2008-08-14:2029:2 RPM-2008-08-14:2031:3 RPM-2008-08-14:2032:1 RPM-2008-08-14:2033:1 RPM-2008-09-04:2051:1 RPM-2008-09-04:2058:4 RPM-2008-09-04:2062:2 RPM-2008-09-04:2062:3 RPM-2008-09-04:2066:1 RPM-2008-09-04:2069:1 RPM-2008-09-04:2070:1 RPM-2008-09-04:2071:1 RPM-2008-09-04:2072:1 RPM-2008-09-04:2075:1 RPM-2008-09-04:2075:2 RPM-2008-09-04:2076:1 RPM-2008-09-04:2077:1 RPM-2008-09-04:2079:1
715,C,28,15525,4,2008-09-04,2008-12-11,RPM-2008-09-04:2081:1 RPM-2008-09-04:2084:1 RPM-2008-10-09:2105:4 RPM-2008-10-09:2106:1 RPM-2008-10-09:2106:3 RPM-2008-10-09:2108:1 RPM-2008-11-13:2130:2 RPM-2008-11-13:2135:1 RPM-2008-11-13:2139:1 RPM-2008-11-13:2141:2 RPM-2008-11-13:2142:1 RPM-2008-11-13:2145:1 RPM-2008-11-13:2147:3 RPM-2008-11-13:2148:1 RPM-2008-11-13:2149:1 RPM-2008-11-13:2151:1 RPM-2008-11-13:2155:1 RPM-2008-11-13:2157:1 RPM-2008-11-13:2164:1 RPM-2008-11-13:2167:3 RPM-2008-11-13:2172:1 RPM-2008-12-11:2182:1 RPM-2008-12-11:2184:3 RPM-2008-12-11:2184:4 RPM-2008-12-11:2185:1 RPM-2008-12-11:2188:1 RPM-2008-12-11:2190:1 RPM-2008-12-11:2196:1
716,C,27,15573,2,2008-12-11,2009-01-08,RPM-2008-12-11:2207:1 RPM-2008-12-11:2209:1 RPM-2008-12-11:2211:1 RPM-2008-12-11:2219:1 RPM-2008-12-11:2220:1 RPM-2008-12-11:2223:3 RPM-2008-12-11:2224:1 RPM-2008-12-11:2226:1 RPM-2008-12-11:2227:2 RPM-2008-12-11:2227:3 RPM-2008-12-11:2229:1 RPM-2008-12-11:2230:1 RPM-2008-12-11:2231:1 RPM-2008-12-11:2231:2 RPM-2008-12-11:2232:2 RPM-2008-12-11:2253:2 RPM-2009-01-08:2258:1 RPM-2009-01-08:2260:1 RPM-2009-01-08:2261:2 RPM-2009-01-08:2261:3 RPM-2009-01-08:2263:2 RPM-2009-01-08:2264:1 RPM-2009-01-08:2265:1 RPM-2009-01-08:2268:1 RPM-2009-01-08:2270:1 RPM-2009-01-08:2271:1 RPM-2009-01-08:2271:2
717,C,27,15038,2,2009-01-08,2009-02-12,RPM-2009-01-08:2272:1 RPM-2009-01-08:2272:2 RPM-2009-01-08:2274:2 RPM-2009-01-08:2276:1 RPM-2009-01-08:2277:1 RPM-2009-01-08:2280:2 RPM-2009-01-08:2281:1 RPM-2009-01-08:2284:1 RPM-2009-01-08:2286:1 RPM-2009-01-08:2289:1 RPM-2009-01-08:2290:1 RPM-2009-01-08:2297:1 RPM-2009-02-12:2303:2 RPM-2009-02-12:2307:1 RPM-2009-02-12:2308:1 RPM-2009-02-12:2309:1 RPM-2009-02-12:2312:1 RPM-2009-02-12:2312:4 RPM-2009-02-12:2320:1 RPM-2009-02-12:2323:1 RPM-2009-02-12:2324:1 RPM-2009-02-12:2327:1 RPM-2009-02-12:2329:1 RPM-2009-02-12:2330:1 RPM-2009-02-12:2341:1 RPM-2009-02-12:2344:1 RPM-2009-02-12:2349:2
718,C,26,15485,3,2009-02-12,2009-04-09,RPM-2009-02-12:2350:1 RPM-2009-02-12:2353:1 RPM-2009-02-12:2354:2 RPM-2009-02-12:2358:1 RPM-2009-02-12:2371:1 RPM-2009-03-12:2385:1 RPM-2009-03-12:2386:1 RPM-2009-03-12:2386:2 RPM-2009-03-12:2387:1 RPM-2009-03-12:2388:2 RPM-2009-03-12:2394:1 RPM-2009-03-12:2398:1 RPM-2009-03-12:2399:1 RPM-2009-03-12:2405:1 RPM-2009-03-12:2407:1 RPM-2009-03-12:2408:1 RPM-2009-03-12:2408:2 RPM-2009-03-12:2408:4 RPM-2009-03-12:2412:1 RPM-2009-03-12:2413:1 RPM-2009-03-12:2415:1 RPM-2009-03-12:2416:1 RPM-2009-03-12:2419:1 RPM-2009-03-12:2419:2 RPM-2009-03-12:2427:1 RPM-2009-04-09:2441:12
719,C,27,15100,1,2009-04-09,2009-04-09,RPM-2009-04-09:2442:1 RPM-2009-04-09:2443:10 RPM-2009-04-09:2443:11 RPM-2009-04-09:2443:12 RPM-2009-04-09:2443:2 RPM-2009-04-09:2443:7 RPM-2009-04-09:2445:3 RPM-2009-04-09:2446:3 RPM-2009-04-09:2447:4 RPM-2009-04-09:2449:3 RPM-2009-04-09:2451:1 RPM-2009-04-09:2452:1 RPM-2009-04-09:2453:1 RPM-2009-04-09:2455:4 RPM-2009-04-09:2456:1 RPM-2009-04-09:2459:1 RPM-2009-04-09:2460:2 RPM-2009-04-09:2462:10 RPM-2009-04-09:2462:7 RPM-2009-04-09:2462:8 RPM-2009-04-09:2463:1 RPM-2009-04-09:2463:2 RPM-2009-04-09:2464:1 RPM-2009-04-09:2466:2 RPM-2009-04-09:2467:1 RPM-2009-04-09:2468:1 RPM-2009-04-09:2469:2
720,C,28,15412,3,2009-04-09,2009-06-16,RPM-2009-04-09:2470:1 RPM-2009-04-09:2471:1 RPM-2009-04-09:2471:4 RPM-2009-04-09:2473:1 RPM-2009-04-09:2476:1 RPM-2009-04-09:2477:1 RPM-2009-04-09:2478:4 RPM-2009-04-09:2478:5 RPM-2009-04-09:2484:1 RPM-2009-04-09:2500:3 RPM-2009-05-07:2504:1 RPM-2009-05-07:2510:1 RPM-2009-05-07:2510:4 RPM-2009-05-07:2511:1 RPM-2009-05-07:2516:1 RPM-2009-05-07:2518:1 RPM-2009-05-07:2522:1 RPM-2009-05-07:2522:2 RPM-2009-05-07:2524:1 RPM-2009-05-07:2525:3 RPM-2009-05-07:2526:1 RPM-2009-05-07:2528:2 RPM-2009-05-07:2531:2 RPM-2009-05-07:2532:2 RPM-2009-05-07:2532:5 RPM-2009-05-07:2534:3 RPM-2009-05-07:2535:2 RPM-2009-06-16:2558:1
721,C,27,15378,2,2009-06-16,2009-07-09,RPM-2009-06-16:2559:2 RPM-2009-06-16:2560:2 RPM-2009-06-16:2564:2 RPM-2009-06-16:2566:3 RPM-2009-06-16:2566:5 RPM-2009-06-16:2568:2 RPM-2009-06-16:2572:1 RPM-2009-06-16:2574:2 RPM-2009-06-16:2576:3 RPM-2009-06-16:2578:1 RPM-2009-06-16:2580:2 RPM-2009-06-16:2581:1 RPM-2009-06-16:2582:1 RPM-2009-06-16:2587:1 RPM-2009-07-09:2607:1 RPM-2009-07-09:2608:2 RPM-2009-07-09:2610:3 RPM-2009-07-09:2611:1 RPM-2009-07-09:2613:2 RPM-2009-07-09:2613:4 RPM-2009-07-09:2613:5 RPM-2009-07-09:2615:1 RPM-2009-07-09:2618:1 RPM-2009-07-09:2618:2 RPM-2009-07-09:2620:1 RPM-2009-07-09:2620:5 RPM-2009-07-09:2620:6
722,C,27,15264,3,2009-07-09,2009-09-08,RPM-2009-07-09:2622:1 RPM-2009-07-09:2623:4 RPM-2009-07-09:2624:1 RPM-2009-07-09:2627:2 RPM-2009-07-09:2627:4 RPM-2009-07-09:2628:2 RPM-2009-07-09:2628:4 RPM-2009-07-09:2633:2 RPM-2009-07-09:2634:1 RPM-2009-07-09:2635:2 RPM-2009-07-09:2637:2 RPM-2009-07-09:2638:1 RPM-2009-08-13:2662:1 RPM-2009-08-13:2662:3 RPM-2009-08-13:2662:4 RPM-2009-08-13:2663:1 RPM-2009-08-13:2669:1 RPM-2009-08-13:2670:2 RPM-2009-08-13:2674:10 RPM-2009-08-13:2674:2 RPM-2009-08-13:2674:7 RPM-2009-08-13:2678:1 RPM-2009-08-13:2679:1 RPM-2009-08-13:2680:4 RPM-2009-09-08:2692:3 RPM-2009-09-08:2694:1 RPM-2009-09-08:2694:2
723,C,26,15571,2,2009-09-08,2009-10-13,RPM-2009-09-08:2695:2 RPM-2009-09-08:2696:1 RPM-2009-09-08:2696:5 RPM-2009-09-08:2697:2 RPM-2009-09-08:2698:1 RPM-2009-09-08:2701:4 RPM-2009-09-08:2702:1 RPM-2009-09-08:2702:3 RPM-2009-09-08:2703:2 RPM-2009-09-08:2703:3 RPM-2009-09-08:2703:5 RPM-2009-09-08:2704:1 RPM-2009-09-08:2705:1 RPM-2009-09-08:2705:3 RPM-2009-10-13:2719:2 RPM-2009-10-13:2724:2 RPM-2009-10-13:2725:2 RPM-2009-10-13:2725:4 RPM-2009-10-13:2725:5 RPM-2009-10-13:2726:2 RPM-2009-10-13:2730:1 RPM-2009-10-13:2733:2 RPM-2009-10-13:2734:3 RPM-2009-10-13:2735:1 RPM-2009-10-13:2736:1 RPM-2009-10-13:2738:4
724,C,28,14705,3,2009-10-13,2009-12-15,RPM-2009-10-13:2740:5 RPM-2009-10-13:2741:2 RPM-2009-10-13:2744:3 RPM-2009-10-13:2748:1 RPM-2009-10-13:2754:2 RPM-2009-11-12:2767:1 RPM-2009-11-12:2768:2 RPM-2009-11-12:2768:4 RPM-2009-11-12:2775:1 RPM-2009-11-12:2776:1 RPM-2009-11-12:2778:1 RPM-2009-11-12:2784:1 RPM-2009-11-12:2785:1 RPM-2009-11-12:2787:1 RPM-2009-11-12:2788:5 RPM-2009-11-12:2790:1 RPM-2009-12-15:2805:3 RPM-2009-12-15:2810:4 RPM-2009-12-15:2813:1 RPM-2009-12-15:2814:3 RPM-2009-12-15:2815:2 RPM-2009-12-15:2817:1 RPM-2009-12-15:2818:2 RPM-2009-12-15:2818:5 RPM-2009-12-15:2818:6 RPM-2009-12-15:2822:1 RPM-2009-12-15:2828:1 RPM-2009-12-15:2830:2
725,C,25,15359,3,2009-12-15,2010-02-11,RPM-2009-12-15:2839:1 RPM-2010-01-14:2846:1 RPM-2010-01-14:2849:1 RPM-2010-01-14:2852:2 RPM-2010-01-14:2853:1 RPM-2010-01-14:2853:2 RPM-2010-01-14:2859:1 RPM-2010-01-14:2864:1 RPM-2010-01-14:2871:1 RPM-2010-01-14:2872:1 RPM-2010-02-11:2893:1 RPM-2010-02-11:2894:2 RPM-2010-02-11:2896:3 RPM-2010-02-11:2898:1 RPM-2010-02-11:2901:1 RPM-2010-02-11:2903:1 RPM-2010-02-11:2905:2 RPM-2010-02-11:2906:2 RPM-2010-02-11:2907:1 RPM-2010-02-11:2909:3 RPM-2010-02-11:2915:1 RPM-2010-02-11:2917:1 RPM-2010-02-11:2920:1 RPM-2010-02-11:2921:1 RPM-2010-02-11:2928:1
726,C,27,15536,3,2010-02-11,2010-04-15,RPM-2010-02-11:2937:1 RPM-2010-02-11:2938:3 RPM-2010-02-11:2948:1 RPM-2010-02-11:2948:2 RPM-2010-02-11:2950:1 RPM-2010-02-11:2953:1 RPM-2010-02-11:2956:2 RPM-2010-02-11:2957:1 RPM-2010-03-18:2974:1 RPM-2010-03-18:2975:1 RPM-2010-03-18:2976:1 RPM-2010-03-18:2982:1 RPM-2010-03-18:2983:2 RPM-2010-03-18:2985:1 RPM-2010-03-18:2993:1 RPM-2010-03-18:2993:2 RPM-2010-03-18:2995:1 RPM-2010-03-18:2996:2 RPM-2010-03-18:2998:1 RPM-2010-03-18:3000:1 RPM-2010-03-18:3002:1 RPM-2010-03-18:3005:1 RPM-2010-03-18:3006:2 RPM-2010-03-18:3008:3 RPM-2010-03-18:3010:1 RPM-2010-04-15:3024:1 RPM-2010-04-15:3026:1
727,C,26,15409,2,2010-04-15,2010-05-13,RPM-2010-04-15:3027:1 RPM-2010-04-15:3030:1 RPM-2010-04-15:3032:1 RPM-2010-04-15:3040:1 RPM-2010-04-15:3042:1 RPM-2010-04-15:3045:1 RPM-2010-04-15:3050:4 RPM-2010-04-15:3056:2 RPM-2010-04-15:3056:3 RPM-2010-04-15:3057:1 RPM-2010-04-15:3058:1 RPM-2010-04-15:3059:1 RPM-2010-04-15:3066:2 RPM-2010-04-15:3067:4 RPM-2010-05-13:3082:2 RPM-2010-05-13:3086:1 RPM-2010-05-13:3089:1 RPM-2010-05-13:3090:1 RPM-2010-05-13:3091:1 RPM-2010-05-13:3099:1 RPM-2010-05-13:3102:2 RPM-2010-05-13:3104:1 RPM-2010-05-13:3105:1 RPM-2010-05-13:3108:3 RPM-2010-05-13:3109:2 RPM-2010-05-13:3110:1
728,C,28,15439,3,2010-05-13,2010-07-15,RPM-2010-05-13:3122:2 RPM-2010-06-15:3131:1 RPM-2010-06-15:3132:2 RPM-2010-06-15:3136:1 RPM-2010-06-15:3137:1 RPM-2010-06-15:3138:1 RPM-2010-06-15:3139:1 RPM-2010-06-15:3142:1 RPM-2010-06-15:3145:1 RPM-2010-06-15:3146:1 RPM-2010-06-15:3158:2 RPM-2010-06-15:3159:1 RPM-2010-06-15:3166:1 RPM-2010-06-15:3168:1 RPM-2010-06-15:3170:1 RPM-2010-06-15:3171:2 RPM-2010-06-15:3172:1 RPM-2010-06-15:3176:1 RPM-2010-06-15:3187:3 RPM-2010-06-15:3188:1 RPM-2010-06-15:3189:1 RPM-2010-06-15:3189:3 RPM-2010-06-15:3190:1 RPM-2010-06-15:3191:1 RPM-2010-06-15:3191:2 RPM-2010-06-15:3203:1 RPM-2010-07-15:3210:2 RPM-2010-07-15:3212:2
729,C,26,15086,2,2010-07-15,2010-08-12,RPM-2010-07-15:3215:1 RPM-2010-07-15:3223:1 RPM-2010-07-15:3226:1 RPM-2010-07-15:3237:1 RPM-2010-07-15:3240:1 RPM-2010-07-15:3241:1 RPM-2010-07-15:3241:2 RPM-2010-07-15:3245:1 RPM-2010-07-15:3245:2 RPM-2010-07-15:3246:1 RPM-2010-07-15:3257:1 RPM-2010-07-15:3258:1 RPM-2010-07-15:3260:2 RPM-2010-07-15:3264:1 RPM-2010-07-15:3265:1 RPM-2010-07-15:3268:3 RPM-2010-07-15:3268:4 RPM-2010-08-12:3282:1 RPM-2010-08-12:3286:1 RPM-2010-08-12:3298:1 RPM-2010-08-12:3298:2 RPM-2010-08-12:3304:1 RPM-2010-08-12:3310:2 RPM-2010-08-12:3310:4 RPM-2010-08-12:3310:7 RPM-2010-08-12:3313:2
730,C,26,14957,2,2010-08-12,2010-09-16,RPM-2010-08-12:3314:1 RPM-2010-08-12:3316:1 RPM-2010-08-12:3321:1 RPM-2010-08-12:3322:1 RPM-2010-08-12:3326:1 RPM-2010-08-12:3328:3 RPM-2010-08-12:3330:1 RPM-2010-09-16:3347:1 RPM-2010-09-16:3348:4 RPM-2010-09-16:3352:1 RPM-2010-09-16:3354:1 RPM-2010-09-16:3355:2 RPM-2010-09-16:3360:1 RPM-2010-09-16:3365:1 RPM-2010-09-16:3367:1 RPM-2010-09-16:3368:1 RPM-2010-09-16:3371:1 RPM-2010-09-16:3372:1 RPM-2010-09-16:3381:1 RPM-2010-09-16:3383:1 RPM-2010-09-16:3385:1 RPM-2010-09-16:3388:3 RPM-2010-09-16:3400:2 RPM-2010-09-16:3401:1 RPM-2010-09-16:3412:1 RPM-2010-09-16:3417:1
731,C,27,15211,3,2010-09-16,2010-11-16,RPM-2010-09-16:3421:6 RPM-2010-10-14:3434:1 RPM-2010-10-14:3435:1 RPM-2010-10-14:3435:2 RPM-2010-10-14:3445:1 RPM-2010-10-14:3445:2 RPM-2010-10-14:3449:1 RPM-2010-10-14:3451:1 RPM-2010-10-14:3460:1 RPM-2010-10-14:3466:1 RPM-2010-10-14:3467:1 RPM-2010-10-14:3468:1 RPM-2010-10-14:3468:2 RPM-2010-10-14:3473:1 RPM-2010-10-14:3474:1 RPM-2010-10-14:3475:1 RPM-2010-10-14:3476:2 RPM-2010-11-16:3498:1 RPM-2010-11-16:3500:1 RPM-2010-11-16:3503:2 RPM-2010-11-16:3505:1 RPM-2010-11-16:3512:1 RPM-2010-11-16:3516:2 RPM-2010-11-16:3518:1 RPM-2010-11-16:3526:1 RPM-2010-11-16:3529:1 RPM-2010-11-16:3532:1
732,C,27,15306,3,2010-11-16,2011-01-13,RPM-2010-11-16:3535:1 RPM-2010-11-16:3540:1 RPM-2010-11-16:3541:1 RPM-2010-11-16:3552:1 RPM-2010-11-16:3563:1 RPM-2010-11-16:3567:3 RPM-2010-11-16:3570:1 RPM-2010-11-16:3571:1 RPM-2010-12-16:3594:1 RPM-2010-12-16:3600:3 RPM-2010-12-16:3602:1 RPM-2010-12-16:3615:2 RPM-2010-12-16:3620:1 RPM-2010-12-16:3622:1 RPM-2010-12-16:3623:1 RPM-2010-12-16:3625:1 RPM-2010-12-16:3629:1 RPM-2010-12-16:3630:1 RPM-2011-01-13:3653:1 RPM-2011-01-13:3669:1 RPM-2011-01-13:3673:1 RPM-2011-01-13:3674:1 RPM-2011-01-13:3676:1 RPM-2011-01-13:3678:1 RPM-2011-01-13:3682:1 RPM-2011-01-13:3685:1 RPM-2011-01-13:3688:1
733,C,28,15376,3,2011-01-13,2011-03-17,RPM-2011-01-13:3690:1 RPM-2011-01-13:3691:1 RPM-2011-01-13:3701:1 RPM-2011-02-17:3722:1 RPM-2011-02-17:3732:1 RPM-2011-02-17:3737:1 RPM-2011-02-17:3737:2 RPM-2011-02-17:3752:1 RPM-2011-02-17:3754:1 RPM-2011-02-17:3755:1 RPM-2011-02-17:3756:1 RPM-2011-02-17:3761:1 RPM-2011-02-17:3764:1 RPM-2011-02-17:3765:1 RPM-2011-02-17:3767:1 RPM-2011-02-17:3770:1 RPM-2011-02-17:3775:1 RPM-2011-02-17:3779:1 RPM-2011-02-17:3780:1 RPM-2011-02-17:3782:1 RPM-2011-02-17:3783:1 RPM-2011-02-17:3788:1 RPM-2011-02-17:3792:1 RPM-2011-02-17:3799:1 RPM-2011-02-17:3800:2 RPM-2011-03-17:3820:2 RPM-2011-03-17:3825:1 RPM-2011-03-17:3826:3
734,C,27,15181,2,2011-03-17,2011-04-12,RPM-2011-03-17:3827:1 RPM-2011-03-17:3831:2 RPM-2011-03-17:3833:1 RPM-2011-03-17:3834:1 RPM-2011-03-17:3839:1 RPM-2011-03-17:3841:1 RPM-2011-03-17:3850:1 RPM-2011-03-17:3851:1 RPM-2011-03-17:3864:1 RPM-2011-03-17:3866:1 RPM-2011-03-17:3872:1 RPM-2011-03-17:3874:1 RPM-2011-03-17:3875:2 RPM-2011-03-17:3880:1 RPM-2011-03-17:3890:1 RPM-2011-04-12:3897:1 RPM-2011-04-12:3904:1 RPM-2011-04-12:3908:1 RPM-2011-04-12:3909:1 RPM-2011-04-12:3917:1 RPM-2011-04-12:3918:1 RPM-2011-04-12:3928:1 RPM-2011-04-12:3930:1 RPM-2011-04-12:3931:1 RPM-2011-04-12:3937:1 RPM-2011-04-12:3938:1 RPM-2011-04-12:3943:1
735,C,28,15307,3,2011-04-12,2011-06-14,RPM-2011-04-12:3956:1 RPM-2011-05-12:3984:3 RPM-2011-05-12:3987:1 RPM-2011-05-12:3988:1 RPM-2011-05-12:3998:1 RPM-2011-05-12:4006:1 RPM-2011-05-12:4008:1 RPM-2011-05-12:4010:1 RPM-2011-05-12:4012:1 RPM-2011-05-12:4020:1 RPM-2011-05-12:4023:1 RPM-2011-05-12:4026:1 RPM-2011-05-12:4028:1 RPM-2011-05-12:4042:1 RPM-2011-05-12:4054:3 RPM-2011-05-12:4055:1 RPM-2011-06-14:4059:1 RPM-2011-06-14:4060:1 RPM-2011-06-14:4062:1 RPM-2011-06-14:4064:1 RPM-2011-06-14:4073:1 RPM-2011-06-14:4073:2 RPM-2011-06-14:4078:1 RPM-2011-06-14:4079:1 RPM-2011-06-14:4083:1 RPM-2011-06-14:4091:2 RPM-2011-06-14:4094:2 RPM-2011-06-14:4094:3
736,C,27,15344,3,2011-06-14,2011-08-18,RPM-2011-06-14:4096:1 RPM-2011-06-14:4096:5 RPM-2011-06-14:4102:1 RPM-2011-06-14:4103:1 RPM-2011-07-14:4123:1 RPM-2011-07-14:4135:1 RPM-2011-07-14:4137:1 RPM-2011-07-14:4139:1 RPM-2011-07-14:4143:1 RPM-2011-07-14:4153:1 RPM-2011-07-14:4153:2 RPM-2011-07-14:4155:1 RPM-2011-07-14:4160:1 RPM-2011-07-14:4164:1 RPM-2011-07-14:4176:1 RPM-2011-07-14:4184:1 RPM-2011-07-14:4188:1 RPM-2011-07-14:4191:1 RPM-2011-07-14:4192:1 RPM-2011-07-14:4194:1 RPM-2011-08-18:4223:1 RPM-2011-08-18:4224:1 RPM-2011-08-18:4230:2 RPM-2011-08-18:4236:1 RPM-2011-08-18:4239:1 RPM-2011-08-18:4241:1 RPM-2011-08-18:4245:1
737,C,26,15278,3,2011-08-18,2011-10-13,RPM-2011-08-18:4247:1 RPM-2011-08-18:4250:1 RPM-2011-08-18:4253:1 RPM-2011-08-18:4254:2 RPM-2011-08-18:4255:1 RPM-2011-08-18:4256:2 RPM-2011-08-18:4257:1 RPM-2011-08-18:4259:2 RPM-2011-08-18:4259:3 RPM-2011-09-15:4287:1 RPM-2011-09-15:4288:1 RPM-2011-09-15:4291:1 RPM-2011-09-15:4298:1 RPM-2011-09-15:4307:1 RPM-2011-09-15:4311:3 RPM-2011-09-15:4316:5 RPM-2011-09-15:4316:7 RPM-2011-09-15:4319:1 RPM-2011-10-13:4342:4 RPM-2011-10-13:4350:2 RPM-2011-10-13:4350:3 RPM-2011-10-13:4353:1 RPM-2011-10-13:4355:1 RPM-2011-10-13:4356:1 RPM-2011-10-13:4357:1 RPM-2011-10-13:4357:2
738,C,26,15434,2,2011-10-13,2011-11-15,RPM-2011-10-13:4361:1 RPM-2011-10-13:4366:1 RPM-2011-10-13:4374:1 RPM-2011-10-13:4382:2 RPM-2011-10-13:4383:1 RPM-2011-10-13:4384:1 RPM-2011-11-15:4405:1 RPM-2011-11-15:4406:1 RPM-2011-11-15:4407:2 RPM-2011-11-15:4412:1 RPM-2011-11-15:4415:2 RPM-2011-11-15:4416:2 RPM-2011-11-15:4417:1 RPM-2011-11-15:4420:1 RPM-2011-11-15:4420:3 RPM-2011-11-15:4421:1 RPM-2011-11-15:4421:2 RPM-2011-11-15:4423:1 RPM-2011-11-15:4425:1 RPM-2011-11-15:4427:1 RPM-2011-11-15:4431:1 RPM-2011-11-15:4433:2 RPM-2011-11-15:4436:1 RPM-2011-11-15:4437:1 RPM-2011-11-15:4443:2 RPM-2011-11-15:4446:4
739,C,26,15052,4,2011-11-15,2012-02-14,RPM-2011-11-15:4453:1 RPM-2011-12-13:4476:2 RPM-2011-12-13:4477:1 RPM-2011-12-13:4477:2 RPM-2011-12-13:4477:3 RPM-2011-12-13:4477:4 RPM-2011-12-13:4478:1 RPM-2011-12-13:4482:1 RPM-2011-12-13:4483:1 RPM-2011-12-13:4498:1 RPM-2011-12-13:4498:2 RPM-2011-12-13:4499:1 RPM-2012-01-12:4518:1 RPM-2012-01-12:4524:1 RPM-2012-01-12:4531:1 RPM-2012-01-12:4533:1 RPM-2012-01-12:4534:1 RPM-2012-01-12:4535:1 RPM-2012-01-12:4541:1 RPM-2012-01-12:4548:1 RPM-2012-01-12:4560:1 RPM-2012-01-12:4561:1 RPM-2012-02-14:4589:1 RPM-2012-02-14:4591:1 RPM-2012-02-14:4595:1 RPM-2012-02-14:4599:1
740,C,27,15275,3,2012-02-14,2012-04-17,RPM-2012-02-14:4601:1 RPM-2012-02-14:4604:1 RPM-2012-02-14:4605:1 RPM-2012-02-14:4606:1 RPM-2012-02-14:4609:1 RPM-2012-02-14:4616:1 RPM-2012-02-14:4618:1 RPM-2012-02-14:4620:1 RPM-2012-02-14:4630:1 RPM-2012-02-14:4637:1 RPM-2012-03-15:4665:2 RPM-2012-03-15:4670:1 RPM-2012-03-15:4678:1 RPM-2012-03-15:4679:1 RPM-2012-03-15:4683:2 RPM-2012-03-15:4683:3 RPM-2012-03-15:4685:1 RPM-2012-03-15:4691:1 RPM-2012-03-15:4695:1 RPM-2012-03-15:4701:1 RPM-2012-03-15:4704:2 RPM-2012-03-15:4706:2 RPM-2012-03-15:4715:1 RPM-2012-03-15:4719:4 RPM-2012-04-17:4737:1 RPM-2012-04-17:4738:1 RPM-2012-04-17:4745:1
741,C,28,15311,4,2012-04-17,2012-07-12,RPM-2012-04-17:4745:2 RPM-2012-04-17:4766:1 RPM-2012-04-17:4785:1 RPM-2012-05-17:4796:1 RPM-2012-05-17:4797:1 RPM-2012-05-17:4805:1 RPM-2012-05-17:4808:1 RPM-2012-05-17:4813:1 RPM-2012-05-17:4817:1 RPM-2012-05-17:4820:1 RPM-2012-05-17:4826:2 RPM-2012-06-14:4856:1 RPM-2012-06-14:4857:2 RPM-2012-06-14:4860:2 RPM-2012-06-14:4868:1 RPM-2012-06-14:4870:1 RPM-2012-06-14:4872:1 RPM-2012-06-14:4874:1 RPM-2012-06-14:4878:1 RPM-2012-06-14:4879:1 RPM-2012-06-14:4880:1 RPM-2012-06-14:4881:1 RPM-2012-06-14:4882:1 RPM-2012-06-14:4884:1 RPM-2012-06-14:4885:1 RPM-2012-07-12:4903:2 RPM-2012-07-12:4905:1 RPM-2012-07-12:4919:1
742,C,26,15360,3,2012-07-12,2012-09-13,RPM-2012-07-12:4920:1 RPM-2012-07-12:4929:1 RPM-2012-07-12:4931:1 RPM-2012-07-12:4935:1 RPM-2012-07-12:4944:1 RPM-2012-07-12:4949:1 RPM-2012-07-12:4950:1 RPM-2012-07-12:4962:1 RPM-2012-08-16:4983:1 RPM-2012-08-16:4985:1 RPM-2012-08-16:4988:1 RPM-2012-08-16:4990:1 RPM-2012-08-16:4993:1 RPM-2012-08-16:4997:1 RPM-2012-08-16:4999:1 RPM-2012-08-16:5007:1 RPM-2012-08-16:5013:1 RPM-2012-08-16:5022:1 RPM-2012-09-13:5046:1 RPM-2012-09-13:5047:1 RPM-2012-09-13:5056:1 RPM-2012-09-13:5058:1 RPM-2012-09-13:5060:1 RPM-2012-09-13:5062:1 RPM-2012-09-13:5064:1 RPM-2012-09-13:5065:1
743,C,27,15568,3,2012-09-13,2012-11-13,RPM-2012-09-13:5069:1 RPM-2012-09-13:5074:1 RPM-2012-09-13:5079:2 RPM-2012-10-18:5098:1 RPM-2012-10-18:5101:1 RPM-2012-10-18:5103:1 RPM-2012-10-18:5105:2 RPM-2012-10-18:5108:2 RPM-2012-10-18:5108:3 RPM-2012-10-18:5108:4 RPM-2012-10-18:5112:1 RPM-2012-10-18:5113:1 RPM-2012-10-18:5124:1 RPM-2012-10-18:5128:1 RPM-2012-10-18:5131:1 RPM-2012-10-18:5138:1 RPM-2012-10-18:5149:1 RPM-2012-11-13:5166:1 RPM-2012-11-13:5167:1 RPM-2012-11-13:5169:1 RPM-2012-11-13:5176:1 RPM-2012-11-13:5183:1 RPM-2012-11-13:5183:3 RPM-2012-11-13:5190:1 RPM-2012-11-13:5192:1 RPM-2012-11-13:5194:1 RPM-2012-11-13:5195:1
744,C,25,15168,3,2012-11-13,2013-01-17,RPM-2012-11-13:5199:2 RPM-2012-11-13:5202:1 RPM-2012-11-13:5203:1 RPM-2012-11-13:5204:1 RPM-2012-12-13:5227:1 RPM-2012-12-13:5231:1 RPM-2012-12-13:5234:1 RPM-2012-12-13:5238:1 RPM-2012-12-13:5249:1 RPM-2012-12-13:5255:1 RPM-2012-12-13:5259:1 RPM-2013-01-17:5272:1 RPM-2013-01-17:5273:1 RPM-2013-01-17:5274:1 RPM-2013-01-17:5275:1 RPM-2013-01-17:5278:1 RPM-2013-01-17:5279:2 RPM-2013-01-17:5282:1 RPM-2013-01-17:5285:1 RPM-2013-01-17:5286:1 RPM-2013-01-17:5289:1 RPM-2013-01-17:5292:1 RPM-2013-01-17:5293:1 RPM-2013-01-17:5303:1 RPM-2013-01-17:5306:1
745,C,26,15115,3,2013-01-17,2013-03-14,RPM-2013-01-17:5307:1 RPM-2013-01-17:5309:1 RPM-2013-01-17:5310:1 RPM-2013-02-14:5342:1 RPM-2013-02-14:5349:1 RPM-2013-02-14:5353:1 RPM-2013-02-14:5354:1 RPM-2013-02-14:5357:1 RPM-2013-02-14:5364:1 RPM-2013-02-14:5365:1 RPM-2013-02-14:5366:2 RPM-2013-02-14:5367:2 RPM-2013-02-14:5372:1 RPM-2013-02-14:5374:1 RPM-2013-02-14:5379:2 RPM-2013-02-14:5396:1 RPM-2013-03-14:5402:2 RPM-2013-03-14:5403:1 RPM-2013-03-14:5404:1 RPM-2013-03-14:5409:1 RPM-2013-03-14:5410:1 RPM-2013-03-14:5412:2 RPM-2013-03-14:5415:1 RPM-2013-03-14:5420:1 RPM-2013-03-14:5424:1 RPM-2013-03-14:5426:1
746,C,28,15443,5,2013-03-14,2013-07-11,RPM-2013-03-14:5443:1 RPM-2013-04-11:5462:1 RPM-2013-04-11:5463:1 RPM-2013-04-11:5464:1 RPM-2013-04-11:5466:1 RPM-2013-04-11:5467:1 RPM-2013-04-11:5477:1 RPM-2013-04-11:5486:1 RPM-2013-04-11:5497:2 RPM-2013-05-16:5520:1 RPM-2013-06-13:5573:1 RPM-2013-06-13:5576:1 RPM-2013-06-13:5576:3 RPM-2013-06-13:5591:1 RPM-2013-06-13:5597:1 RPM-2013-06-13:5600:1 RPM-2013-06-13:5601:1 RPM-2013-06-13:5612:1 RPM-2013-06-13:5624:1 RPM-2013-07-11:5639:2 RPM-2013-07-11:5642:1 RPM-2013-07-11:5646:1 RPM-2013-07-11:5647:2 RPM-2013-07-11:5653:1 RPM-2013-07-11:5654:1 RPM-2013-07-11:5655:1 RPM-2013-07-11:5656:1 RPM-2013-07-11:5658:1
747,C,27,15292,5,2013-07-11,2013-11-19,RPM-2013-07-11:5659:1 RPM-2013-07-11:5662:1 RPM-2013-07-11:5667:1 RPM-2013-07-11:5668:1 RPM-2013-07-11:5673:1 RPM-2013-07-11:5675:1 RPM-2013-08-13:5708:1 RPM-2013-08-13:5708:2 RPM-2013-08-13:5724:1 RPM-2013-08-13:5737:1 RPM-2013-08-13:5738:1 RPM-2013-08-13:5742:1 RPM-2013-09-12:5761:1 RPM-2013-09-12:5765:1 RPM-2013-09-12:5768:1 RPM-2013-09-12:5769:1 RPM-2013-09-12:5774:1 RPM-2013-09-12:5783:1 RPM-2013-09-12:5785:1 RPM-2013-09-12:5791:1 RPM-2013-09-12:5796:1 RPM-2013-09-12:5802:1 RPM-2013-10-17:5823:1 RPM-2013-10-17:5835:1 RPM-2013-10-17:5842:1 RPM-2013-11-19:5866:1 RPM-2013-11-19:5867:2
748,C,25,15220,4,2013-11-19,2014-02-18,RPM-2013-11-19:5870:1 RPM-2013-11-19:5879:1 RPM-2013-12-12:5919:1 RPM-2013-12-12:5921:1 RPM-2013-12-12:5923:1 RPM-2013-12-12:5925:1 RPM-2013-12-12:5926:1 RPM-2013-12-12:5931:1 RPM-2013-12-12:5938:1 RPM-2013-12-12:5942:1 RPM-2014-01-16:5967:1 RPM-2014-01-16:5976:1 RPM-2014-01-16:5978:1 RPM-2014-01-16:5979:1 RPM-2014-01-16:5985:1 RPM-2014-01-16:5988:1 RPM-2014-01-16:5996:1 RPM-2014-02-18:6014:1 RPM-2014-02-18:6015:2 RPM-2014-02-18:6016:1 RPM-2014-02-18:6016:2 RPM-2014-02-18:6016:3 RPM-2014-02-18:6017:1 RPM-2014-02-18:6018:1 RPM-2014-02-18:6021:2
749,C,26,15132,3,2014-02-18,2014-04-17,RPM-2014-02-18:6021:4 RPM-2014-02-18:6024:1 RPM-2014-02-18:6025:1 RPM-2014-02-18:6026:1 RPM-2014-02-18:6032:1 RPM-2014-02-18:6036:1 RPM-2014-02-18:6039:1 RPM-2014-02-18:6039:3 RPM-2014-02-18:6039:4 RPM-2014-02-18:6055:2 RPM-2014-03-13:6060:2 RPM-2014-03-13:6064:1 RPM-2014-03-13:6065:1 RPM-2014-03-13:6065:2 RPM-2014-03-13:6070:1 RPM-2014-03-13:6072:1 RPM-2014-03-13:6074:2 RPM-2014-03-13:6084:1 RPM-2014-03-13:6089:1 RPM-2014-03-13:6092:1 RPM-2014-03-13:6103:2 RPM-2014-04-17:6125:2 RPM-2014-04-17:6131:1 RPM-2014-04-17:6132:2 RPM-2014-04-17:6135:4 RPM-2014-04-17:6135:5
750,C,26,15237,3,2014-04-17,2014-06-12,RPM-2014-04-17:6137:3 RPM-2014-04-17:6140:1 RPM-2014-04-17:6141:1 RPM-2014-04-17:6142:1 RPM-2014-04-17:6146:1 RPM-2014-04-17:6147:1 RPM-2014-04-17:6149:2 RPM-2014-04-17:6151:1 RPM-2014-04-17:6154:1 RPM-2014-04-17:6160:1 RPM-2014-04-17:6161:1 RPM-2014-04-17:6163:2 RPM-2014-04-17:6179:1 RPM-2014-05-15:6199:1 RPM-2014-05-15:6213:1 RPM-2014-05-15:6219:1 RPM-2014-06-12:6239:1 RPM-2014-06-12:6251:1 RPM-2014-06-12:6253:1 RPM-2014-06-12:6256:1 RPM-2014-06-12:6257:2 RPM-2014-06-12:6257:3 RPM-2014-06-12:6257:4 RPM-2014-06-12:6257:6 RPM-2014-06-12:6258:1 RPM-2014-06-12:6259:1
751,C,27,15487,7,2014-06-12,2014-12-11,RPM-2014-06-12:6264:1 RPM-2014-06-12:6271:1 RPM-2014-06-12:6273:1 RPM-2014-06-12:6276:1 RPM-2014-07-15:6299:1 RPM-2014-07-15:6303:1 RPM-2014-07-15:6307:1 RPM-2014-07-15:6313:1 RPM-2014-07-15:6318:1 RPM-2014-08-14:6355:1 RPM-2014-08-14:6359:1 RPM-2014-09-11:6393:1 RPM-2014-09-11:6399:1 RPM-2014-09-11:6404:1 RPM-2014-09-11:6408:1 RPM-2014-09-11:6419:2 RPM-2014-10-16:6442:2 RPM-2014-10-16:6443:1 RPM-2014-10-16:6443:4 RPM-2014-10-16:6464:2 RPM-2014-10-16:6470:1 RPM-2014-10-16:6484:1 RPM-2014-11-18:6487:1 RPM-2014-11-18:6491:1 RPM-2014-11-18:6501:1 RPM-2014-11-18:6503:1 RPM-2014-12-11:6522:1
752,C,26,15503,4,2014-12-11,2015-03-19,RPM-2014-12-11:6534:1 RPM-2014-12-11:6547:1 RPM-2015-01-15:6552:1 RPM-2015-01-15:6553:1 RPM-2015-01-15:6554:1 RPM-2015-01-15:6556:1 RPM-2015-01-15:6560:1 RPM-2015-01-15:6563:1 RPM-2015-01-15:6564:1 RPM-2015-01-15:6569:1 RPM-2015-01-15:6570:1 RPM-2015-01-15:6571:1 RPM-2015-01-15:6573:1 RPM-2015-01-15:6574:1 RPM-2015-01-15:6581:1 RPM-2015-01-15:6583:1 RPM-2015-02-12:6600:2 RPM-2015-02-12:6601:3 RPM-2015-02-12:6604:1 RPM-2015-02-12:6609:1 RPM-2015-02-12:6610:1 RPM-2015-02-12:6613:1 RPM-2015-02-12:6617:1 RPM-2015-02-12:6623:1 RPM-2015-02-12:6624:1 RPM-2015-03-19:6641:1
753,C,27,15265,3,2015-03-19,2015-05-14,RPM-2015-03-19:6642:1 RPM-2015-03-19:6643:1 RPM-2015-03-19:6650:1 RPM-2015-03-19:6651:1 RPM-2015-03-19:6653:1 RPM-2015-03-19:6654:1 RPM-2015-03-19:6655:1 RPM-2015-03-19:6669:1 RPM-2015-04-16:6696:1 RPM-2015-04-16:6700:1 RPM-2015-04-16:6704:1 RPM-2015-04-16:6707:1 RPM-2015-04-16:6711:1 RPM-2015-04-16:6712:1 RPM-2015-04-16:6718:1 RPM-2015-04-16:6728:1 RPM-2015-04-16:6733:1 RPM-2015-04-16:6733:2 RPM-2015-04-16:6737:1 RPM-2015-04-16:6739:1 RPM-2015-04-16:6741:1 RPM-2015-05-14:6758:3 RPM-2015-05-14:6759:1 RPM-2015-05-14:6764:2 RPM-2015-05-14:6768:1 RPM-2015-05-14:6780:1 RPM-2015-05-14:6780:2
754,C,25,15255,4,2015-05-14,2015-08-13,RPM-2015-05-14:6787:1 RPM-2015-05-14:6790:1 RPM-2015-05-14:6791:1 RPM-2015-05-14:6794:1 RPM-2015-05-14:6808:1 RPM-2015-06-11:6813:3 RPM-2015-06-11:6819:1 RPM-2015-06-11:6820:1 RPM-2015-06-11:6825:1 RPM-2015-06-11:6826:1 RPM-2015-06-11:6843:1 RPM-2015-06-11:6852:1 RPM-2015-06-11:6862:5 RPM-2015-07-14:6868:1 RPM-2015-07-14:6870:1 RPM-2015-07-14:6871:1 RPM-2015-07-14:6874:1 RPM-2015-07-14:6886:1 RPM-2015-07-14:6887:1 RPM-2015-07-14:6888:1 RPM-2015-07-14:6889:1 RPM-2015-07-14:6893:1 RPM-2015-07-14:6901:1 RPM-2015-07-14:6902:3 RPM-2015-08-13:6935:1
755,C,27,15125,3,2015-08-13,2015-10-15,RPM-2015-08-13:6936:1 RPM-2015-08-13:6936:2 RPM-2015-08-13:6939:1 RPM-2015-08-13:6942:1 RPM-2015-08-13:6944:1 RPM-2015-08-13:6945:1 RPM-2015-08-13:6949:1 RPM-2015-08-13:6959:1 RPM-2015-08-13:6960:1 RPM-2015-08-13:6961:1 RPM-2015-09-15:6983:1 RPM-2015-09-15:6984:2 RPM-2015-09-15:6985:4 RPM-2015-09-15:6988:1 RPM-2015-09-15:6996:1 RPM-2015-09-15:7009:1 RPM-2015-09-15:7015:1 RPM-2015-09-15:7016:1 RPM-2015-09-15:7018:1 RPM-2015-09-15:7021:1 RPM-2015-09-15:7021:2 RPM-2015-09-15:7021:3 RPM-2015-09-15:7022:1 RPM-2015-09-15:7028:1 RPM-2015-10-15:7052:1 RPM-2015-10-15:7053:1 RPM-2015-10-15:7054:1
756,C,27,15220,3,2015-10-15,2015-12-17,RPM-2015-10-15:7057:1 RPM-2015-10-15:7058:5 RPM-2015-10-15:7060:1 RPM-2015-10-15:7062:1 RPM-2015-10-15:7069:1 RPM-2015-10-15:7073:1 RPM-2015-10-15:7074:1 RPM-2015-10-15:7075:1 RPM-2015-10-15:7077:1 RPM-2015-10-15:7079:1 RPM-2015-10-15:7079:3 RPM-2015-10-15:7092:1 RPM-2015-10-15:7092:2 RPM-2015-10-15:7096:1 RPM-2015-10-15:7096:2 RPM-2015-11-12:7132:1 RPM-2015-11-12:7133:1 RPM-2015-11-12:7135:1 RPM-2015-11-12:7137:1 RPM-2015-11-12:7139:1 RPM-2015-11-12:7139:2 RPM-2015-11-12:7142:1 RPM-2015-11-12:7145:1 RPM-2015-12-17:7172:1 RPM-2015-12-17:7174:1 RPM-2015-12-17:7175:1 RPM-2015-12-17:7181:1
757,C+D,49,13418,3,2005-01-11,2015-12-17,RPM-2015-12-17:7184:1 RPM-2015-12-17:7190:3 RPM-2015-12-17:7194:2 RPM-2015-12-17:7196:1 RPM-2015-12-17:7198:1 RPM-2015-12-17:7201:1 RPM-2015-12-17:7201:2 RPM-2015-12-17:7208:1 RPM-2015-12-17:7209:1 RPM-2005-01-11:10:1 RPM-2005-01-11:11:1 RPM-2005-01-11:12:1 RPM-2005-01-11:15:1 RPM-2005-01-11:16:1 RPM-2005-01-11:17:1 RPM-2005-01-11:19:1 RPM-2005-01-11:20:1 RPM-2005-01-11:22:1 RPM-2005-01-11:24:1 RPM-2005-01-11:25:1 RPM-2005-01-11:26:1 RPM-2005-01-11:27:1 RPM-2005-01-11:28:1 RPM-2005-01-11:28:2 RPM-2005-01-11:2:1 RPM-2005-01-11:31:1 RPM-2005-01-11:40:1 RPM-2005-01-11:45:1 RPM-2005-01-11:47:1 RPM-2005-01-11:49:1 RPM-2005-01-11:55:1 RPM-2005-01-11:56:1 RPM-2005-01-11:7:1 RPM-2005-01-11:9:1 RPM-2005-02-10:102:1 RPM-2005-02-10:103:1 RPM-2005-02-10:104:1 RPM-2005-02-10:108:1 RPM-2005-02-10:110:1 RPM-2005-02-10:114:1 RPM-2005-02-10:115:1 RPM-2005-02-10:116:1 RPM-2005-02-10:117:1 RPM-2005-02-10:118:1 RPM-2005-02-10:119:1 RPM-2005-02-10:123:1 RPM-2005-02-10:128:1 RPM-2005-02-10:130:1 RPM-2005-02-10:131:1
758,D,56,12957,3,2005-02-10,2005-04-07,RPM-2005-02-10:138:1 RPM-2005-02-10:59:1 RPM-2005-02-10:71:1 RPM-2005-02-10:73:1 RPM-2005-02-10:74:1 RPM-2005-02-10:75:1 RPM-2005-02-10:76:1 RPM-2005-02-10:77:1 RPM-2005-02-10:78:1 RPM-2005-02-10:80:1 RPM-2005-02-10:83:1 RPM-2005-02-10:84:1 RPM-2005-02-10:86:1 RPM-2005-02-10:87:1 RPM-2005-02-10:88:1 RPM-2005-02-10:89:1 RPM-2005-02-10:90:1 RPM-2005-02-10:92:1 RPM-2005-02-10:93:1 RPM-2005-02-10:94:1 RPM-2005-02-10:96:1 RPM-2005-02-10:97:1 RPM-2005-02-10:99:1 RPM-2005-03-10:141:1 RPM-2005-03-10:153:1 RPM-2005-03-10:154:1 RPM-2005-03-10:157:1 RPM-2005-03-10:159:1 RPM-2005-03-10:162:1 RPM-2005-03-10:163:1 RPM-2005-03-10:170:1 RPM-2005-03-10:172:1 RPM-2005-03-10:173:1 RPM-2005-03-10:175:1 RPM-2005-03-10:176:1 RPM-2005-03-10:177:1 RPM-2005-03-10:178:2 RPM-2005-03-10:181:1 RPM-2005-03-10:182:1 RPM-2005-03-10:188:1 RPM-2005-03-10:194:1 RPM-2005-04-07:202:3 RPM-2005-04-07:203:3 RPM-2005-04-07:203:4 RPM-2005-04-07:204:1 RPM-2005-04-07:205:2 RPM-2005-04-07:205:3 RPM-2005-04-07:206:1 RPM-2005-04-07:206:4 RPM-2005-04-07:206:5 RPM-2005-04-07:207:10 RPM-2005-04-07:207:2 RPM-2005-04-07:207:3 RPM-2005-04-07:207:4 RPM-2005-04-07:207:5 RPM-2005-04-07:207:6
759,D,60,12398,4,2005-04-07,2005-07-12,RPM-2005-04-07:207:8 RPM-2005-04-07:208:1 RPM-2005-04-07:212:1 RPM-2005-04-07:212:2 RPM-2005-04-07:214:1 RPM-2005-04-07:214:2 RPM-2005-04-07:214:3 RPM-2005-04-07:214:5 RPM-2005-04-07:220:1 RPM-2005-05-12:223:1 RPM-2005-05-12:231:1 RPM-2005-05-12:234:1 RPM-2005-05-12:235:1 RPM-2005-05-12:238:1 RPM-2005-05-12:241:1 RPM-2005-05-12:242:1 RPM-2005-05-12:244:1 RPM-2005-05-12:248:1 RPM-2005-05-12:249:1 RPM-2005-05-12:253:1 RPM-2005-05-12:254:1 RPM-2005-05-12:258:1 RPM-2005-05-12:259:1 RPM-2005-05-12:261:1 RPM-2005-05-12:263:1 RPM-2005-05-12:263:2 RPM-2005-05-12:263:3 RPM-2005-05-12:266:1 RPM-2005-05-12:272:1 RPM-2005-06-09:280:1 RPM-2005-06-09:280:3 RPM-2005-06-09:280:5 RPM-2005-06-09:280:7 RPM-2005-06-09:281:2 RPM-2005-06-09:281:4 RPM-2005-06-09:284:1 RPM-2005-06-09:288:1 RPM-2005-06-09:288:2 RPM-2005-06-09:288:3 RPM-2005-06-09:288:5 RPM-2005-06-09:290:1 RPM-2005-06-09:295:1 RPM-2005-07-12:297:1 RPM-2005-07-12:298:2 RPM-2005-07-12:299:10 RPM-2005-07-12:299:11 RPM-2005-07-12:299:2 RPM-2005-07-12:299:3 RPM-2005-07-12:299:4 RPM-2005-07-12:299:6 RPM-2005-07-12:299:8 RPM-2005-07-12:299:9 RPM-2005-07-12:300:1 RPM-2005-07-12:300:10 RPM-2005-07-12:300:2 RPM-2005-07-12:300:3 RPM-2005-07-12:300:4 RPM-2005-07-12:300:5 RPM-2005-07-12:301:1 RPM-2005-07-12:301:2
760,D,64,12205,4,2005-07-12,2005-10-11,RPM-2005-07-12:302:2 RPM-2005-07-12:302:3 RPM-2005-07-12:303:1 RPM-2005-07-12:304:1 RPM-2005-07-12:304:2 RPM-2005-07-12:305:1 RPM-2005-07-12:305:2 RPM-2005-07-12:305:5 RPM-2005-07-12:305:8 RPM-2005-07-12:311:1 RPM-2005-08-11:313:1 RPM-2005-08-11:315:1 RPM-2005-08-11:322:1 RPM-2005-08-11:323:1 RPM-2005-08-11:324:1 RPM-2005-08-11:325:1 RPM-2005-08-11:327:1 RPM-2005-08-11:328:1 RPM-2005-08-11:329:1 RPM-2005-08-11:330:1 RPM-2005-08-11:333:1 RPM-2005-08-11:334:1 RPM-2005-08-11:336:1 RPM-2005-08-11:338:1 RPM-2005-08-11:339:1 RPM-2005-08-11:340:1 RPM-2005-08-11:341:1 RPM-2005-08-11:342:1 RPM-2005-08-11:343:1 RPM-2005-08-11:349:1 RPM-2005-08-11:350:1 RPM-2005-08-11:351:1 RPM-2005-08-11:351:2 RPM-2005-08-11:353:1 RPM-2005-08-11:355:1 RPM-2005-08-11:360:1 RPM-2005-09-08:370:1 RPM-2005-09-08:371:1 RPM-2005-09-08:373:1 RPM-2005-09-08:374:1 RPM-2005-09-08:375:1 RPM-2005-09-08:377:1 RPM-2005-09-08:378:1 RPM-2005-09-08:386:1 RPM-2005-09-08:387:1 RPM-2005-09-08:388:1 RPM-2005-09-08:389:1 RPM-2005-09-08:391:1 RPM-2005-09-08:393:1 RPM-2005-09-08:394:1 RPM-2005-10-11:402:1 RPM-2005-10-11:405:1 RPM-2005-10-11:407:1 RPM-2005-10-11:409:1 RPM-2005-10-11:411:1 RPM-2005-10-11:412:1 RPM-2005-10-11:413:1 RPM-2005-10-11:414:1 RPM-2005-10-11:415:1 RPM-2005-10-11:416:1 RPM-2005-10-11:417:1 RPM-2005-10-11:420:1 RPM-2005-10-11:421:1 RPM-2005-10-11:422:1
761,D,62,12425,3,2005-10-11,2005-12-13,RPM-2005-10-11:424:1 RPM-2005-10-11:425:1 RPM-2005-10-11:426:1 RPM-2005-10-11:431:1 RPM-2005-10-11:432:1 RPM-2005-10-11:434:1 RPM-2005-10-11:436:1 RPM-2005-10-11:437:1 RPM-2005-10-11:437:2 RPM-2005-10-11:439:1 RPM-2005-10-11:443:1 RPM-2005-11-10:452:1 RPM-2005-11-10:453:1 RPM-2005-11-10:455:1 RPM-2005-11-10:457:1 RPM-2005-11-10:458:1 RPM-2005-11-10:460:1 RPM-2005-11-10:463:1 RPM-2005-11-10:468:1 RPM-2005-11-10:472:1 RPM-2005-11-10:473:1 RPM-2005-11-10:480:1 RPM-2005-11-10:482:1 RPM-2005-11-10:485:1 RPM-2005-11-10:491:1 RPM-2005-11-10:491:2 RPM-2005-11-10:493:1 RPM-2005-11-10:498:1 RPM-2005-11-10:503:2 RPM-2005-12-13:506:3 RPM-2005-12-13:506:5 RPM-2005-12-13:506:6 RPM-2005-12-13:506:7 RPM-2005-12-13:506:8 RPM-2005-12-13:506:9 RPM-2005-12-13:507:1 RPM-2005-12-13:507:2 RPM-2005-12-13:508:1 RPM-2005-12-13:508:2 RPM-2005-12-13:509:1 RPM-2005-12-13:509:3 RPM-2005-12-13:509:4 RPM-2005-12-13:510:1 RPM-2005-12-13:511:1 RPM-2005-12-13:513:1 RPM-2005-12-13:514:1 RPM-2005-12-13:515:1 RPM-2005-12-13:515:2 RPM-2005-12-13:516:1 RPM-2005-12-13:516:10 RPM-2005-12-13:516:12 RPM-2005-12-13:516:13 RPM-2005-12-13:516:3 RPM-2005-12-13:516:4 RPM-2005-12-13:516:6 RPM-2005-12-13:516:8 RPM-2005-12-13:517:1 RPM-2005-12-13:518:1 RPM-2005-12-13:518:2 RPM-2005-12-13:518:3 RPM-2005-12-13:518:4 RPM-2005-12-13:518:5
762,D,69,11782,5,2005-12-13,2006-04-13,RPM-2005-12-13:518:7 RPM-2005-12-13:522:1 RPM-2006-01-12:528:1 RPM-2006-01-12:532:1 RPM-2006-01-12:534:1 RPM-2006-01-12:535:1 RPM-2006-01-12:536:1 RPM-2006-01-12:539:1 RPM-2006-01-12:540:1 RPM-2006-01-12:541:1 RPM-2006-01-12:544:1 RPM-2006-01-12:546:1 RPM-2006-01-12:547:1 RPM-2006-01-12:548:1 RPM-2006-01-12:549:1 RPM-2006-01-12:550:1 RPM-2006-01-12:552:1 RPM-2006-01-12:554:1 RPM-2006-01-12:554:2 RPM-2006-01-12:554:3 RPM-2006-01-12:555:1 RPM-2006-01-12:558:1 RPM-2006-01-12:568:1 RPM-2006-02-09:576:2 RPM-2006-02-09:578:1 RPM-2006-02-09:579:1 RPM-2006-02-09:581:1 RPM-2006-02-09:582:1 RPM-2006-02-09:582:2 RPM-2006-02-09:582:3 RPM-2006-02-09:583:1 RPM-2006-02-09:585:2 RPM-2006-02-09:586:1 RPM-2006-02-09:587:1 RPM-2006-02-09:587:12 RPM-2006-02-09:587:2 RPM-2006-02-09:587:3 RPM-2006-02-09:587:4 RPM-2006-02-09:587:8 RPM-2006-02-09:587:9 RPM-2006-02-09:590:1 RPM-2006-02-09:595:1 RPM-2006-03-16:601:1 RPM-2006-03-16:602:1 RPM-2006-03-16:610:2 RPM-2006-03-16:611:1 RPM-2006-03-16:614:1 RPM-2006-03-16:614:2 RPM-2006-03-16:616:1 RPM-2006-03-16:617:1 RPM-2006-03-16:619:1 RPM-2006-04-13:627:1 RPM-2006-04-13:629:1 RPM-2006-04-13:630:2 RPM-2006-04-13:631:1 RPM-2006-04-13:631:2 RPM-2006-04-13:631:3 RPM-2006-04-13:632:1 RPM-2006-04-13:632:2 RPM-2006-04-13:634:2 RPM-2006-04-13:634:3 RPM-2006-04-13:634:4 RPM-2006-04-13:634:5 RPM-2006-04-13:634:6 RPM-2006-04-13:634:7 RPM-2006-04-13:635:2 RPM-2006-04-13:635:3 RPM-2006-04-13:635:4 RPM-2006-04-13:635:5
763,D,61,12439,3,2006-04-13,2006-06-15,RPM-2006-04-13:635:6 RPM-2006-04-13:636:1 RPM-2006-04-13:636:2 RPM-2006-04-13:638:1 RPM-2006-04-13:638:2 RPM-2006-04-13:639:1 RPM-2006-04-13:640:1 RPM-2006-04-13:641:1 RPM-2006-04-13:641:2 RPM-2006-04-13:642:1 RPM-2006-04-13:642:2 RPM-2006-04-13:642:3 RPM-2006-04-13:642:4 RPM-2006-04-13:642:5 RPM-2006-04-13:642:6 RPM-2006-04-13:642:7 RPM-2006-04-13:643:1 RPM-2006-04-13:643:2 RPM-2006-04-13:644:1 RPM-2006-04-13:644:10 RPM-2006-04-13:644:11 RPM-2006-04-13:644:2 RPM-2006-04-13:644:3 RPM-2006-04-13:644:5 RPM-2006-04-13:644:7 RPM-2006-04-13:644:8 RPM-2006-04-13:644:9 RPM-2006-04-13:649:2 RPM-2006-04-13:650:1 RPM-2006-05-11:656:1 RPM-2006-05-11:658:1 RPM-2006-05-11:658:2 RPM-2006-05-11:658:4 RPM-2006-05-11:658:5 RPM-2006-05-11:661:1 RPM-2006-05-11:662:1 RPM-2006-05-11:663:1 RPM-2006-05-11:663:2 RPM-2006-05-11:663:3 RPM-2006-05-11:663:4 RPM-2006-05-11:663:6 RPM-2006-05-11:664:1 RPM-2006-05-11:664:2 RPM-2006-05-11:664:3 RPM-2006-05-11:664:4 RPM-2006-05-11:664:5 RPM-2006-05-11:664:7 RPM-2006-05-11:669:1 RPM-2006-06-15:678:1 RPM-2006-06-15:679:1 RPM-2006-06-15:681:1 RPM-2006-06-15:684:1 RPM-2006-06-15:685:1 RPM-2006-06-15:688:1 RPM-2006-06-15:691:1 RPM-2006-06-15:698:1 RPM-2006-06-15:700:1 RPM-2006-06-15:701:1 RPM-2006-06-15:702:1 RPM-2006-06-15:704:1 RPM-2006-06-15:705:1
764,D,58,12858,2,2006-06-15,2006-07-13,RPM-2006-06-15:706:1 RPM-2006-06-15:707:1 RPM-2006-06-15:709:1 RPM-2006-06-15:710:1 RPM-2006-06-15:711:1 RPM-2006-06-15:712:1 RPM-2006-06-15:713:1 RPM-2006-06-15:714:1 RPM-2006-06-15:715:1 RPM-2006-06-15:716:1 RPM-2006-06-15:717:1 RPM-2006-06-15:718:1 RPM-2006-06-15:719:1 RPM-2006-06-15:720:1 RPM-2006-06-15:721:1 RPM-2006-06-15:723:1 RPM-2006-06-15:724:1 RPM-2006-06-15:726:1 RPM-2006-06-15:727:1 RPM-2006-06-15:727:2 RPM-2006-06-15:727:3 RPM-2006-06-15:727:4 RPM-2006-06-15:729:1 RPM-2006-06-15:730:1 RPM-2006-06-15:735:1 RPM-2006-07-13:743:1 RPM-2006-07-13:744:3 RPM-2006-07-13:745:1 RPM-2006-07-13:745:2 RPM-2006-07-13:745:3 RPM-2006-07-13:745:5 RPM-2006-07-13:746:1 RPM-2006-07-13:750:1 RPM-2006-07-13:752:1 RPM-2006-07-13:754:1 RPM-2006-07-13:754:2 RPM-2006-07-13:754:3 RPM-2006-07-13:754:4 RPM-2006-07-13:754:5 RPM-2006-07-13:758:1 RPM-2006-07-13:759:1 RPM-2006-07-13:760:1 RPM-2006-07-13:762:1 RPM-2006-07-13:762:3 RPM-2006-07-13:763:1 RPM-2006-07-13:764:1 RPM-2006-07-13:765:1 RPM-2006-07-13:765:2 RPM-2006-07-13:765:3 RPM-2006-07-13:766:1 RPM-2006-07-13:766:2 RPM-2006-07-13:766:3 RPM-2006-07-13:766:4 RPM-2006-07-13:767:1 RPM-2006-07-13:768:1 RPM-2006-07-13:770:1 RPM-2006-07-13:770:2 RPM-2006-07-13:770:3
765,D,63,12320,4,2006-07-13,2006-10-12,RPM-2006-07-13:771:1 RPM-2006-07-13:776:1 RPM-2006-07-13:781:1 RPM-2006-08-10:785:1 RPM-2006-08-10:786:1 RPM-2006-08-10:788:1 RPM-2006-08-10:789:1 RPM-2006-08-10:790:1 RPM-2006-08-10:791:1 RPM-2006-08-10:792:1 RPM-2006-08-10:793:1 RPM-2006-08-10:794:1 RPM-2006-08-10:795:1 RPM-2006-08-10:797:1 RPM-2006-08-10:801:1 RPM-2006-08-10:809:1 RPM-2006-08-10:810:1 RPM-2006-08-10:815:1 RPM-2006-08-10:815:2 RPM-2006-08-10:816:1 RPM-2006-08-10:818:1 RPM-2006-08-10:821:1 RPM-2006-09-07:832:1 RPM-2006-09-07:833:1 RPM-2006-09-07:835:1 RPM-2006-09-07:836:1 RPM-2006-09-07:837:1 RPM-2006-09-07:838:1 RPM-2006-09-07:839:1 RPM-2006-09-07:840:1 RPM-2006-09-07:842:1 RPM-2006-09-07:844:1 RPM-2006-09-07:845:1 RPM-2006-09-07:848:1 RPM-2006-09-07:848:2 RPM-2006-09-07:849:1 RPM-2006-09-07:850:1 RPM-2006-09-07:853:1 RPM-2006-09-07:854:1 RPM-2006-09-07:855:1 RPM-2006-09-07:856:1 RPM-2006-09-07:858:1 RPM-2006-09-07:862:1 RPM-2006-09-07:863:1 RPM-2006-09-07:864:1 RPM-2006-09-07:865:1 RPM-2006-09-07:865:2 RPM-2006-09-07:866:1 RPM-2006-09-07:868:1 RPM-2006-09-07:872:1 RPM-2006-10-12:883:1 RPM-2006-10-12:885:1 RPM-2006-10-12:886:1 RPM-2006-10-12:889:1 RPM-2006-10-12:891:1 RPM-2006-10-12:893:1 RPM-2006-10-12:897:1 RPM-2006-10-12:898:1 RPM-2006-10-12:899:1 RPM-2006-10-12:899:2 RPM-2006-10-12:900:1 RPM-2006-10-12:902:1 RPM-2006-10-12:903:1
766,D,63,12382,4,2006-10-12,2007-01-11,RPM-2006-10-12:906:1 RPM-2006-10-12:907:1 RPM-2006-10-12:909:1 RPM-2006-10-12:917:1 RPM-2006-10-12:919:1 RPM-2006-10-12:920:1 RPM-2006-10-12:921:1 RPM-2006-10-12:923:1 RPM-2006-10-12:924:1 RPM-2006-10-12:925:1 RPM-2006-10-12:927:1 RPM-2006-10-12:930:1 RPM-2006-10-12:931:1 RPM-2006-10-12:931:2 RPM-2006-10-12:931:3 RPM-2006-10-12:933:1 RPM-2006-10-12:937:1 RPM-2006-11-16:947:1 RPM-2006-11-16:949:1 RPM-2006-11-16:950:1 RPM-2006-11-16:952:1 RPM-2006-11-16:956:1 RPM-2006-11-16:957:1 RPM-2006-11-16:958:1 RPM-2006-11-16:959:1 RPM-2006-11-16:960:1 RPM-2006-11-16:961:1 RPM-2006-11-16:962:1 RPM-2006-11-16:963:1 RPM-2006-11-16:967:1 RPM-2006-11-16:971:1 RPM-2006-11-16:973:1 RPM-2006-11-16:974:1 RPM-2006-11-16:975:1 RPM-2006-11-16:975:2 RPM-2006-11-16:977:1 RPM-2006-11-16:981:1 RPM-2006-12-14:1003:1 RPM-2006-12-14:1003:2 RPM-2006-12-14:1003:4 RPM-2006-12-14:1003:5 RPM-2006-12-14:1003:6 RPM-2006-12-14:1003:7 RPM-2006-12-14:1006:1 RPM-2006-12-14:1006:2 RPM-2006-12-14:1008:2 RPM-2006-12-14:1009:1 RPM-2006-12-14:1010:2 RPM-2006-12-14:1010:3 RPM-2006-12-14:1011:3 RPM-2006-12-14:1012:1 RPM-2006-12-14:1012:2 RPM-2006-12-14:1012:3 RPM-2006-12-14:1012:5 RPM-2006-12-14:1021:1 RPM-2006-12-14:989:1 RPM-2006-12-14:993:1 RPM-2006-12-14:994:1 RPM-2006-12-14:994:2 RPM-2006-12-14:994:3 RPM-2006-12-14:994:4 RPM-2006-12-14:997:2 RPM-2007-01-11:1023:1
767,D,62,12401,4,2007-01-11,2007-04-12,RPM-2007-01-11:1025:1 RPM-2007-01-11:1027:1 RPM-2007-01-11:1028:1 RPM-2007-01-11:1029:1 RPM-2007-01-11:1030:1 RPM-2007-01-11:1035:1 RPM-2007-01-11:1035:2 RPM-2007-01-11:1036:1 RPM-2007-01-11:1040:1 RPM-2007-01-11:1042:1 RPM-2007-01-11:1046:2 RPM-2007-01-11:1047:2 RPM-2007-01-11:1047:3 RPM-2007-01-11:1047:5 RPM-2007-01-11:1051:1 RPM-2007-01-11:1058:1 RPM-2007-02-08:1060:1 RPM-2007-02-08:1064:1 RPM-2007-02-08:1065:1 RPM-2007-02-08:1069:1 RPM-2007-02-08:1070:1 RPM-2007-02-08:1071:1 RPM-2007-02-08:1072:1 RPM-2007-02-08:1072:2 RPM-2007-02-08:1073:1 RPM-2007-02-08:1074:3 RPM-2007-02-08:1077:1 RPM-2007-02-08:1077:3 RPM-2007-02-08:1085:1 RPM-2007-02-08:1088:1 RPM-2007-02-08:1090:1 RPM-2007-02-08:1090:2 RPM-2007-02-08:1090:3 RPM-2007-02-08:1090:5 RPM-2007-02-08:1092:1 RPM-2007-02-08:1095:1 RPM-2007-02-08:1103:1 RPM-2007-03-15:1108:1 RPM-2007-03-15:1111:1 RPM-2007-03-15:1118:1 RPM-2007-03-15:1119:1 RPM-2007-03-15:1124:1 RPM-2007-03-15:1128:1 RPM-2007-03-15:1130:1 RPM-2007-03-15:1133:2 RPM-2007-03-15:1136:1 RPM-2007-03-15:1137:1 RPM-2007-03-15:1138:1 RPM-2007-03-15:1139:1 RPM-2007-03-15:1147:1 RPM-2007-03-15:1150:1 RPM-2007-03-15:1153:1 RPM-2007-03-15:1154:1 RPM-2007-03-15:1154:2 RPM-2007-03-15:1156:1 RPM-2007-03-15:1162:1 RPM-2007-04-12:1172:1 RPM-2007-04-12:1172:2 RPM-2007-04-12:1174:1 RPM-2007-04-12:1175:1 RPM-2007-04-12:1175:2 RPM-2007-04-12:1176:1
768,D,59,12531,3,2007-04-12,2007-06-14,RPM-2007-04-12:1176:3 RPM-2007-04-12:1177:1 RPM-2007-04-12:1177:2 RPM-2007-04-12:1178:1 RPM-2007-04-12:1178:2 RPM-2007-04-12:1178:3 RPM-2007-04-12:1179:2 RPM-2007-04-12:1179:3 RPM-2007-04-12:1180:1 RPM-2007-04-12:1181:1 RPM-2007-04-12:1182:1 RPM-2007-04-12:1187:1 RPM-2007-04-12:1188:1 RPM-2007-04-12:1189:1 RPM-2007-04-12:1190:1 RPM-2007-04-12:1191:1 RPM-2007-04-12:1192:1 RPM-2007-04-12:1195:1 RPM-2007-04-12:1198:2 RPM-2007-04-12:1199:1 RPM-2007-04-12:1200:1 RPM-2007-04-12:1201:1 RPM-2007-04-12:1202:1 RPM-2007-04-12:1205:1 RPM-2007-04-12:1206:1 RPM-2007-04-12:1207:1 RPM-2007-04-12:1209:2 RPM-2007-04-12:1209:3 RPM-2007-04-12:1209:5 RPM-2007-04-12:1215:1 RPM-2007-04-12:1221:1 RPM-2007-05-10:1225:1 RPM-2007-05-10:1226:1 RPM-2007-05-10:1227:2 RPM-2007-05-10:1233:1 RPM-2007-05-10:1233:2 RPM-2007-05-10:1235:1 RPM-2007-05-10:1236:1 RPM-2007-05-10:1236:2 RPM-2007-05-10:1237:1 RPM-2007-05-10:1238:1 RPM-2007-05-10:1240:1 RPM-2007-05-10:1241:1 RPM-2007-05-10:1243:1 RPM-2007-05-10:1244:1 RPM-2007-05-10:1245:1 RPM-2007-05-10:1247:2 RPM-2007-05-10:1248:1 RPM-2007-05-10:1251:1 RPM-2007-05-10:1251:2 RPM-2007-05-10:1251:3 RPM-2007-05-10:1251:5 RPM-2007-05-10:1256:1 RPM-2007-06-14:1268:1 RPM-2007-06-14:1273:1 RPM-2007-06-14:1275:1 RPM-2007-06-14:1276:2 RPM-2007-06-14:1281:1 RPM-2007-06-14:1286:1
769,D,62,12162,4,2007-06-14,2007-09-13,RPM-2007-06-14:1286:2 RPM-2007-06-14:1287:1 RPM-2007-06-14:1290:1 RPM-2007-06-14:1293:1 RPM-2007-06-14:1294:1 RPM-2007-06-14:1295:1 RPM-2007-06-14:1296:2 RPM-2007-06-14:1296:3 RPM-2007-06-14:1297:2 RPM-2007-06-14:1297:3 RPM-2007-06-14:1297:5 RPM-2007-06-14:1301:1 RPM-2007-06-14:1303:1 RPM-2007-06-14:1309:1 RPM-2007-07-12:1313:1 RPM-2007-07-12:1314:1 RPM-2007-07-12:1314:2 RPM-2007-07-12:1325:1 RPM-2007-07-12:1325:2 RPM-2007-07-12:1325:3 RPM-2007-07-12:1327:1 RPM-2007-07-12:1328:1 RPM-2007-07-12:1329:1 RPM-2007-07-12:1329:2 RPM-2007-07-12:1332:1 RPM-2007-07-12:1335:3 RPM-2007-07-12:1337:1 RPM-2007-07-12:1338:2 RPM-2007-07-12:1338:4 RPM-2007-07-12:1341:1 RPM-2007-07-12:1347:1 RPM-2007-08-09:1354:1 RPM-2007-08-09:1360:3 RPM-2007-08-09:1366:2 RPM-2007-08-09:1367:1 RPM-2007-08-09:1368:1 RPM-2007-08-09:1371:3 RPM-2007-08-09:1372:1 RPM-2007-08-09:1373:1 RPM-2007-08-09:1375:1 RPM-2007-08-09:1376:1 RPM-2007-08-09:1377:1 RPM-2007-08-09:1378:1 RPM-2007-08-09:1381:1 RPM-2007-08-09:1382:1 RPM-2007-08-09:1383:1 RPM-2007-08-09:1383:2 RPM-2007-08-09:1386:1 RPM-2007-08-09:1386:2 RPM-2007-08-09:1386:3 RPM-2007-08-09:1388:1 RPM-2007-08-09:1393:1 RPM-2007-08-09:1395:1 RPM-2007-08-09:1399:1 RPM-2007-08-09:1403:1 RPM-2007-09-13:1405:1 RPM-2007-09-13:1409:1 RPM-2007-09-13:1410:1 RPM-2007-09-13:1412:1 RPM-2007-09-13:1413:1 RPM-2007-09-13:1413:2 RPM-2007-09-13:1413:3
770,D,58,12754,2,2007-09-13,2007-10-11,RPM-2007-09-13:1418:1 RPM-2007-09-13:1424:1 RPM-2007-09-13:1424:2 RPM-2007-09-13:1425:1 RPM-2007-09-13:1435:1 RPM-2007-09-13:1437:1 RPM-2007-09-13:1443:1 RPM-2007-09-13:1446:1 RPM-2007-09-13:1448:1 RPM-2007-09-13:1449:1 RPM-2007-09-13:1449:2 RPM-2007-09-13:1449:3 RPM-2007-09-13:1450:1 RPM-2007-09-13:1450:2 RPM-2007-09-13:1451:1 RPM-2007-09-13:1452:1 RPM-2007-09-13:1452:2 RPM-2007-09-13:1453:1 RPM-2007-09-13:1453:2 RPM-2007-09-13:1454:1 RPM-2007-09-13:1455:1 RPM-2007-09-13:1456:1 RPM-2007-09-13:1456:2 RPM-2007-09-13:1456:3 RPM-2007-09-13:1457:1 RPM-2007-09-13:1457:2 RPM-2007-09-13:1459:1 RPM-2007-09-13:1459:3 RPM-2007-09-13:1463:1 RPM-2007-09-13:1470:1 RPM-2007-10-11:1472:1 RPM-2007-10-11:1476:1 RPM-2007-10-11:1476:2 RPM-2007-10-11:1478:1 RPM-2007-10-11:1478:2 RPM-2007-10-11:1479:2 RPM-2007-10-11:1480:1 RPM-2007-10-11:1481:1 RPM-2007-10-11:1485:1 RPM-2007-10-11:1488:1 RPM-2007-10-11:1489:1 RPM-2007-10-11:1495:1 RPM-2007-10-11:1496:1 RPM-2007-10-11:1497:1 RPM-2007-10-11:1498:1 RPM-2007-10-11:1500:1 RPM-2007-10-11:1503:1 RPM-2007-10-11:1503:2 RPM-2007-10-11:1503:3 RPM-2007-10-11:1503:4 RPM-2007-10-11:1503:5 RPM-2007-10-11:1505:1 RPM-2007-10-11:1506:1 RPM-2007-10-11:1508:1 RPM-2007-10-11:1508:2 RPM-2007-10-11:1508:3 RPM-2007-10-11:1508:5 RPM-2007-10-11:1514:1
771,D,59,12630,2,2007-11-13,2007-12-13,RPM-2007-11-13:1526:4 RPM-2007-11-13:1526:6 RPM-2007-11-13:1527:1 RPM-2007-11-13:1528:1 RPM-2007-11-13:1528:2 RPM-2007-11-13:1529:1 RPM-2007-11-13:1529:2 RPM-2007-11-13:1530:1 RPM-2007-11-13:1532:1 RPM-2007-11-13:1532:3 RPM-2007-11-13:1533:1 RPM-2007-11-13:1534:1 RPM-2007-11-13:1535:1 RPM-2007-11-13:1537:1 RPM-2007-11-13:1538:1 RPM-2007-11-13:1539:1 RPM-2007-11-13:1540:1 RPM-2007-11-13:1541:1 RPM-2007-11-13:1544:1 RPM-2007-11-13:1545:1 RPM-2007-11-13:1545:2 RPM-2007-11-13:1546:1 RPM-2007-11-13:1549:1 RPM-2007-11-13:1551:1 RPM-2007-11-13:1554:1 RPM-2007-11-13:1554:2 RPM-2007-11-13:1554:3 RPM-2007-11-13:1555:1 RPM-2007-11-13:1555:2 RPM-2007-11-13:1556:4 RPM-2007-11-13:1557:1 RPM-2007-11-13:1559:1 RPM-2007-11-13:1565:1 RPM-2007-11-13:1570:1 RPM-2007-12-13:1572:3 RPM-2007-12-13:1575:2 RPM-2007-12-13:1577:2 RPM-2007-12-13:1578:1 RPM-2007-12-13:1580:1 RPM-2007-12-13:1580:2 RPM-2007-12-13:1582:2 RPM-2007-12-13:1584:2 RPM-2007-12-13:1586:1 RPM-2007-12-13:1587:3 RPM-2007-12-13:1588:1 RPM-2007-12-13:1589:1 RPM-2007-12-13:1591:1 RPM-2007-12-13:1591:3 RPM-2007-12-13:1592:1 RPM-2007-12-13:1595:2 RPM-2007-12-13:1596:1 RPM-2007-12-13:1597:1 RPM-2007-12-13:1599:1 RPM-2007-12-13:1599:2 RPM-2007-12-13:1601:1 RPM-2007-12-13:1603:1 RPM-2007-12-13:1604:1 RPM-2007-12-13:1608:5 RPM-2007-12-13:1615:1
772,D,58,12551,3,2008-01-10,2008-03-13,RPM-2008-01-10:1619:1 RPM-2008-01-10:1619:2 RPM-2008-01-10:1620:1 RPM-2008-01-10:1620:2 RPM-2008-01-10:1620:3 RPM-2008-01-10:1621:1 RPM-2008-01-10:1621:2 RPM-2008-01-10:1621:5 RPM-2008-01-10:1622:1 RPM-2008-01-10:1623:1 RPM-2008-01-10:1624:1 RPM-2008-01-10:1625:1 RPM-2008-01-10:1627:1 RPM-2008-01-10:1627:2 RPM-2008-01-10:1627:4 RPM-2008-01-10:1628:2 RPM-2008-01-10:1628:3 RPM-2008-01-10:1630:1 RPM-2008-01-10:1631:1 RPM-2008-01-10:1633:5 RPM-2008-01-10:1642:1 RPM-2008-02-07:1644:3 RPM-2008-02-07:1647:1 RPM-2008-02-07:1647:2 RPM-2008-02-07:1648:1 RPM-2008-02-07:1649:2 RPM-2008-02-07:1652:1 RPM-2008-02-07:1652:3 RPM-2008-02-07:1652:7 RPM-2008-02-07:1653:1 RPM-2008-02-07:1661:1 RPM-2008-02-07:1661:3 RPM-2008-02-07:1666:2 RPM-2008-02-07:1668:1 RPM-2008-02-07:1668:2 RPM-2008-02-07:1669:1 RPM-2008-02-07:1671:1 RPM-2008-02-07:1674:1 RPM-2008-02-07:1678:1 RPM-2008-02-07:1680:2 RPM-2008-02-07:1681:1 RPM-2008-02-07:1686:1 RPM-2008-03-13:1688:1 RPM-2008-03-13:1690:1 RPM-2008-03-13:1691:1 RPM-2008-03-13:1692:1 RPM-2008-03-13:1696:1 RPM-2008-03-13:1697:1 RPM-2008-03-13:1698:1 RPM-2008-03-13:1707:1 RPM-2008-03-13:1708:1 RPM-2008-03-13:1710:1 RPM-2008-03-13:1710:2 RPM-2008-03-13:1711:2 RPM-2008-03-13:1711:3 RPM-2008-03-13:1713:1 RPM-2008-03-13:1713:2 RPM-2008-03-13:1713:3
773,D,66,11796,3,2008-03-13,2008-05-08,RPM-2008-03-13:1713:4 RPM-2008-03-13:1713:5 RPM-2008-03-13:1714:1 RPM-2008-03-13:1714:2 RPM-2008-03-13:1715:1 RPM-2008-03-13:1715:2 RPM-2008-03-13:1716:1 RPM-2008-03-13:1718:10 RPM-2008-03-13:1718:11 RPM-2008-03-13:1718:12 RPM-2008-03-13:1718:13 RPM-2008-03-13:1718:14 RPM-2008-03-13:1718:2 RPM-2008-03-13:1718:3 RPM-2008-03-13:1718:4 RPM-2008-03-13:1718:7 RPM-2008-03-13:1718:8 RPM-2008-03-13:1718:9 RPM-2008-03-13:1719:1 RPM-2008-03-13:1719:3 RPM-2008-03-13:1719:5 RPM-2008-03-13:1719:6 RPM-2008-03-13:1720:1 RPM-2008-03-13:1722:1 RPM-2008-03-13:1724:1 RPM-2008-03-13:1727:1 RPM-2008-03-13:1728:1 RPM-2008-03-13:1729:1 RPM-2008-03-13:1733:1 RPM-2008-03-13:1736:1 RPM-2008-03-13:1737:1 RPM-2008-03-13:1737:2 RPM-2008-03-13:1742:2 RPM-2008-03-13:1744:1 RPM-2008-04-10:1750:1 RPM-2008-04-10:1753:1 RPM-2008-04-10:1754:1 RPM-2008-04-10:1755:1 RPM-2008-04-10:1756:1 RPM-2008-04-10:1757:1 RPM-2008-04-10:1764:1 RPM-2008-04-10:1765:1 RPM-2008-04-10:1766:1 RPM-2008-04-10:1767:1 RPM-2008-04-10:1768:1 RPM-2008-04-10:1771:1 RPM-2008-04-10:1773:1 RPM-2008-04-10:1773:2 RPM-2008-04-10:1773:3 RPM-2008-04-10:1775:1 RPM-2008-04-10:1779:1 RPM-2008-05-08:1787:1 RPM-2008-05-08:1789:1 RPM-2008-05-08:1790:1 RPM-2008-05-08:1791:1 RPM-2008-05-08:1792:1 RPM-2008-05-08:1793:2 RPM-2008-05-08:1793:3 RPM-2008-05-08:1795:1 RPM-2008-05-08:1795:2 RPM-2008-05-08:1796:1 RPM-2008-05-08:1797:1 RPM-2008-05-08:1797:2 RPM-2008-05-08:1800:3 RPM-2008-05-08:1800:4 RPM-2008-05-08:1801:1
774,D,59,12626,2,2008-05-08,2008-06-10,RPM-2008-05-08:1802:2 RPM-2008-05-08:1803:1 RPM-2008-05-08:1804:1 RPM-2008-05-08:1804:2 RPM-2008-05-08:1806:1 RPM-2008-05-08:1807:1 RPM-2008-05-08:1818:1 RPM-2008-05-08:1818:2 RPM-2008-05-08:1818:3 RPM-2008-05-08:1822:1 RPM-2008-05-08:1824:1 RPM-2008-05-08:1825:1 RPM-2008-05-08:1828:2 RPM-2008-05-08:1830:1 RPM-2008-05-08:1831:1 RPM-2008-05-08:1833:2 RPM-2008-05-08:1833:3 RPM-2008-05-08:1838:1 RPM-2008-05-08:1838:2 RPM-2008-05-08:1838:3 RPM-2008-05-08:1840:1 RPM-2008-05-08:1843:1 RPM-2008-05-08:1850:1 RPM-2008-06-10:1852:1 RPM-2008-06-10:1854:1 RPM-2008-06-10:1857:1 RPM-2008-06-10:1857:2 RPM-2008-06-10:1858:3 RPM-2008-06-10:1858:4 RPM-2008-06-10:1859:1 RPM-2008-06-10:1859:2 RPM-2008-06-10:1860:1 RPM-2008-06-10:1860:4 RPM-2008-06-10:1861:1 RPM-2008-06-10:1862:1 RPM-2008-06-10:1862:2 RPM-2008-06-10:1863:1 RPM-2008-06-10:1864:1 RPM-2008-06-10:1866:1 RPM-2008-06-10:1867:1 RPM-2008-06-10:1868:1 RPM-2008-06-10:1868:3 RPM-2008-06-10:1869:1 RPM-2008-06-10:1869:5 RPM-2008-06-10:1869:6 RPM-2008-06-10:1869:7 RPM-2008-06-10:1869:8 RPM-2008-06-10:1870:2 RPM-2008-06-10:1870:3 RPM-2008-06-10:1871:1 RPM-2008-06-10:1871:2 RPM-2008-06-10:1873:1 RPM-2008-06-10:1875:1 RPM-2008-06-10:1878:2 RPM-2008-06-10:1879:1 RPM-2008-06-10:1880:1 RPM-2008-06-10:1881:1 RPM-2008-06-10:1882:1 RPM-2008-06-10:1885:1
775,D,59,12601,3,2008-06-10,2008-08-14,RPM-2008-06-10:1888:1 RPM-2008-06-10:1889:3 RPM-2008-06-10:1890:1 RPM-2008-06-10:1896:1 RPM-2008-06-10:1896:2 RPM-2008-06-10:1897:2 RPM-2008-06-10:1898:1 RPM-2008-06-10:1899:3 RPM-2008-06-10:1901:1 RPM-2008-06-10:1901:2 RPM-2008-06-10:1901:3 RPM-2008-06-10:1903:1 RPM-2008-06-10:1906:1 RPM-2008-06-10:1913:1 RPM-2008-07-10:1915:1 RPM-2008-07-10:1917:1 RPM-2008-07-10:1917:3 RPM-2008-07-10:1918:1 RPM-2008-07-10:1923:1 RPM-2008-07-10:1923:2 RPM-2008-07-10:1923:4 RPM-2008-07-10:1923:5 RPM-2008-07-10:1923:6 RPM-2008-07-10:1925:1 RPM-2008-07-10:1926:1 RPM-2008-07-10:1930:1 RPM-2008-07-10:1930:2 RPM-2008-07-10:1932:2 RPM-2008-07-10:1933:1 RPM-2008-07-10:1935:1 RPM-2008-07-10:1937:1 RPM-2008-07-10:1939:1 RPM-2008-07-10:1941:1 RPM-2008-07-10:1942:1 RPM-2008-07-10:1943:1 RPM-2008-07-10:1944:2 RPM-2008-07-10:1945:1 RPM-2008-07-10:1946:5 RPM-2008-07-10:1947:1 RPM-2008-07-10:1947:2 RPM-2008-07-10:1949:1 RPM-2008-07-10:1951:1 RPM-2008-07-10:1954:1 RPM-2008-07-10:1955:1 RPM-2008-07-10:1956:1 RPM-2008-07-10:1957:1 RPM-2008-07-10:1958:1 RPM-2008-07-10:1963:1 RPM-2008-07-10:1964:1 RPM-2008-07-10:1964:2 RPM-2008-07-10:1964:3 RPM-2008-07-10:1966:1 RPM-2008-07-10:1969:1 RPM-2008-07-10:1975:1 RPM-2008-07-10:1975:2 RPM-2008-07-10:1977:1 RPM-2008-08-14:1979:1 RPM-2008-08-14:1981:1 RPM-2008-08-14:1983:1
776,D,56,12889,2,2008-08-14,2008-09-04,RPM-2008-08-14:1984:1 RPM-2008-08-14:1984:2 RPM-2008-08-14:1985:1 RPM-2008-08-14:1986:1 RPM-2008-08-14:1988:1 RPM-2008-08-14:1994:1 RPM-2008-08-14:1997:1 RPM-2008-08-14:1998:1 RPM-2008-08-14:1999:2 RPM-2008-08-14:1999:3 RPM-2008-08-14:2003:1 RPM-2008-08-14:2009:1 RPM-2008-08-14:2010:1 RPM-2008-08-14:2010:3 RPM-2008-08-14:2010:4 RPM-2008-08-14:2011:1 RPM-2008-08-14:2011:3 RPM-2008-08-14:2012:1 RPM-2008-08-14:2013:1 RPM-2008-08-14:2016:1 RPM-2008-08-14:2016:2 RPM-2008-08-14:2018:1 RPM-2008-08-14:2019:1 RPM-2008-08-14:2021:1 RPM-2008-08-14:2022:1 RPM-2008-08-14:2023:1 RPM-2008-08-14:2024:3 RPM-2008-08-14:2025:1 RPM-2008-08-14:2026:1 RPM-2008-08-14:2027:1 RPM-2008-08-14:2027:2 RPM-2008-08-14:2030:2 RPM-2008-08-14:2031:1 RPM-2008-08-14:2031:2 RPM-2008-08-14:2034:1 RPM-2008-08-14:2035:1 RPM-2008-08-14:2035:2 RPM-2008-08-14:2035:3 RPM-2008-08-14:2037:1 RPM-2008-08-14:2039:1 RPM-2008-08-14:2046:1 RPM-2008-09-04:2048:1 RPM-2008-09-04:2050:1 RPM-2008-09-04:2050:2 RPM-2008-09-04:2050:3 RPM-2008-09-04:2053:1 RPM-2008-09-04:2055:1 RPM-2008-09-04:2055:2 RPM-2008-09-04:2056:1 RPM-2008-09-04:2058:1 RPM-2008-09-04:2058:2 RPM-2008-09-04:2058:3 RPM-2008-09-04:2059:1 RPM-2008-09-04:2060:1 RPM-2008-09-04:2061:1 RPM-2008-09-04:2062:1
777,D,56,12711,3,2008-09-04,2008-11-13,RPM-2008-09-04:2063:1 RPM-2008-09-04:2064:1 RPM-2008-09-04:2064:3 RPM-2008-09-04:2065:1 RPM-2008-09-04:2067:1 RPM-2008-09-04:2068:1 RPM-2008-09-04:2078:2 RPM-2008-09-04:2080:1 RPM-2008-09-04:2082:1 RPM-2008-09-04:2083:1 RPM-2008-09-04:2085:1 RPM-2008-09-04:2085:2 RPM-2008-09-04:2085:3 RPM-2008-09-04:2087:1 RPM-2008-09-04:2089:1 RPM-2008-09-04:2091:1 RPM-2008-09-04:2098:1 RPM-2008-09-04:2100:1 RPM-2008-10-09:2102:1 RPM-2008-10-09:2104:1 RPM-2008-10-09:2105:1 RPM-2008-10-09:2105:3 RPM-2008-10-09:2106:2 RPM-2008-10-09:2106:5 RPM-2008-10-09:2107:1 RPM-2008-10-09:2107:2 RPM-2008-10-09:2109:1 RPM-2008-10-09:2110:1 RPM-2008-10-09:2110:3 RPM-2008-10-09:2111:1 RPM-2008-10-09:2112:1 RPM-2008-10-09:2112:3 RPM-2008-10-09:2115:1 RPM-2008-10-09:2115:2 RPM-2008-10-09:2117:1 RPM-2008-10-09:2119:1 RPM-2008-10-09:2121:1 RPM-2008-10-09:2126:1 RPM-2008-11-13:2130:1 RPM-2008-11-13:2132:1 RPM-2008-11-13:2136:1 RPM-2008-11-13:2140:1 RPM-2008-11-13:2140:2 RPM-2008-11-13:2141:1 RPM-2008-11-13:2143:1 RPM-2008-11-13:2144:1 RPM-2008-11-13:2146:1 RPM-2008-11-13:2147:1 RPM-2008-11-13:2147:2 RPM-2008-11-13:2154:1 RPM-2008-11-13:2157:2 RPM-2008-11-13:2158:1 RPM-2008-11-13:2160:1 RPM-2008-11-13:2162:1 RPM-2008-11-13:2162:2 RPM-2008-11-13:2162:3
778,D,58,12649,3,2008-11-13,2009-01-08,RPM-2008-11-13:2164:2 RPM-2008-11-13:2166:1 RPM-2008-11-13:2167:2 RPM-2008-11-13:2168:1 RPM-2008-11-13:2174:1 RPM-2008-12-11:2177:1 RPM-2008-12-11:2177:2 RPM-2008-12-11:2177:3 RPM-2008-12-11:2178:1 RPM-2008-12-11:2179:1 RPM-2008-12-11:2181:1 RPM-2008-12-11:2183:1 RPM-2008-12-11:2184:1 RPM-2008-12-11:2184:2 RPM-2008-12-11:2186:1 RPM-2008-12-11:2187:1 RPM-2008-12-11:2189:1 RPM-2008-12-11:2192:1 RPM-2008-12-11:2193:1 RPM-2008-12-11:2194:1 RPM-2008-12-11:2195:1 RPM-2008-12-11:2197:1 RPM-2008-12-11:2198:2 RPM-2008-12-11:2202:2 RPM-2008-12-11:2203:1 RPM-2008-12-11:2206:2 RPM-2008-12-11:2206:3 RPM-2008-12-11:2207:2 RPM-2008-12-11:2212:1 RPM-2008-12-11:2213:1 RPM-2008-12-11:2213:2 RPM-2008-12-11:2215:1 RPM-2008-12-11:2216:1 RPM-2008-12-11:2217:1 RPM-2008-12-11:2219:2 RPM-2008-12-11:2220:2 RPM-2008-12-11:2221:1 RPM-2008-12-11:2221:2 RPM-2008-12-11:2222:1 RPM-2008-12-11:2223:1 RPM-2008-12-11:2223:2 RPM-2008-12-11:2227:1 RPM-2008-12-11:2227:4 RPM-2008-12-11:2232:1 RPM-2008-12-11:2237:3 RPM-2008-12-11:2237:4 RPM-2008-12-11:2239:1 RPM-2008-12-11:2242:1 RPM-2008-12-11:2244:1 RPM-2008-12-11:2245:1 RPM-2008-12-11:2247:1 RPM-2009-01-08:2262:1 RPM-2009-01-08:2262:2 RPM-2009-01-08:2263:1 RPM-2009-01-08:2266:1 RPM-2009-01-08:2266:2 RPM-2009-01-08:2269:1 RPM-2009-01-08:2274:1
779,D,60,12462,3,2009-01-08,2009-03-12,RPM-2009-01-08:2274:3 RPM-2009-01-08:2275:1 RPM-2009-01-08:2277:2 RPM-2009-01-08:2278:1 RPM-2009-01-08:2279:1 RPM-2009-01-08:2280:1 RPM-2009-01-08:2282:1 RPM-2009-01-08:2283:1 RPM-2009-01-08:2287:1 RPM-2009-01-08:2288:1 RPM-2009-01-08:2290:2 RPM-2009-01-08:2291:1 RPM-2009-01-08:2291:3 RPM-2009-01-08:2293:1 RPM-2009-01-08:2300:1 RPM-2009-02-12:2304:1 RPM-2009-02-12:2306:1 RPM-2009-02-12:2310:1 RPM-2009-02-12:2312:2 RPM-2009-02-12:2313:1 RPM-2009-02-12:2314:1 RPM-2009-02-12:2315:1 RPM-2009-02-12:2317:1 RPM-2009-02-12:2318:1 RPM-2009-02-12:2321:1 RPM-2009-02-12:2322:1 RPM-2009-02-12:2324:2 RPM-2009-02-12:2331:1 RPM-2009-02-12:2336:2 RPM-2009-02-12:2337:1 RPM-2009-02-12:2338:1 RPM-2009-02-12:2338:2 RPM-2009-02-12:2338:3 RPM-2009-02-12:2339:1 RPM-2009-02-12:2340:1 RPM-2009-02-12:2343:1 RPM-2009-02-12:2347:1 RPM-2009-02-12:2348:1 RPM-2009-02-12:2351:1 RPM-2009-02-12:2353:2 RPM-2009-02-12:2354:1 RPM-2009-02-12:2356:2 RPM-2009-02-12:2357:1 RPM-2009-02-12:2360:2 RPM-2009-02-12:2361:1 RPM-2009-02-12:2363:1 RPM-2009-02-12:2365:1 RPM-2009-02-12:2367:1 RPM-2009-02-12:2377:1 RPM-2009-02-12:2378:1 RPM-2009-02-12:2379:1 RPM-2009-02-12:2380:1 RPM-2009-02-12:2380:2 RPM-2009-02-12:2382:1 RPM-2009-03-12:2388:1 RPM-2009-03-12:2389:1 RPM-2009-03-12:2390:1 RPM-2009-03-12:2391:1 RPM-2009-03-12:2392:1 RPM-2009-03-12:2392:2
780,D,57,12657,2,2009-03-12,2009-04-09,RPM-2009-03-12:2392:3 RPM-2009-03-12:2393:1 RPM-2009-03-12:2394:2 RPM-2009-03-12:2396:3 RPM-2009-03-12:2402:2 RPM-2009-03-12:2402:3 RPM-2009-03-12:2403:1 RPM-2009-03-12:2404:1 RPM-2009-03-12:2406:1 RPM-2009-03-12:2406:2 RPM-2009-03-12:2408:3 RPM-2009-03-12:2409:1 RPM-2009-03-12:2410:1 RPM-2009-03-12:2411:1 RPM-2009-03-12:2414:1 RPM-2009-03-12:2418:1 RPM-2009-03-12:2420:1 RPM-2009-03-12:2421:1 RPM-2009-03-12:2422:1 RPM-2009-03-12:2422:2 RPM-2009-03-12:2422:3 RPM-2009-03-12:2423:1 RPM-2009-03-12:2425:1 RPM-2009-03-12:2425:2 RPM-2009-03-12:2426:1 RPM-2009-03-12:2429:1 RPM-2009-03-12:2434:1 RPM-2009-03-12:2439:1 RPM-2009-04-09:2441:10 RPM-2009-04-09:2441:13 RPM-2009-04-09:2441:14 RPM-2009-04-09:2441:2 RPM-2009-04-09:2441:3 RPM-2009-04-09:2441:4 RPM-2009-04-09:2441:5 RPM-2009-04-09:2441:7 RPM-2009-04-09:2441:8 RPM-2009-04-09:2441:9 RPM-2009-04-09:2443:1 RPM-2009-04-09:2443:13 RPM-2009-04-09:2443:3 RPM-2009-04-09:2443:4 RPM-2009-04-09:2443:5 RPM-2009-04-09:2443:6 RPM-2009-04-09:2443:8 RPM-2009-04-09:2443:9 RPM-2009-04-09:2444:1 RPM-2009-04-09:2444:2 RPM-2009-04-09:2445:1 RPM-2009-04-09:2445:2 RPM-2009-04-09:2446:1 RPM-2009-04-09:2446:4 RPM-2009-04-09:2446:5 RPM-2009-04-09:2447:1 RPM-2009-04-09:2447:2 RPM-2009-04-09:2447:3 RPM-2009-04-09:2447:5
781,D,57,12581,2,2009-04-09,2009-05-07,RPM-2009-04-09:2448:1 RPM-2009-04-09:2450:1 RPM-2009-04-09:2455:1 RPM-2009-04-09:2455:2 RPM-2009-04-09:2458:1 RPM-2009-04-09:2460:3 RPM-2009-04-09:2462:1 RPM-2009-04-09:2462:11 RPM-2009-04-09:2462:12 RPM-2009-04-09:2462:2 RPM-2009-04-09:2462:3 RPM-2009-04-09:2462:4 RPM-2009-04-09:2462:6 RPM-2009-04-09:2466:1 RPM-2009-04-09:2469:1 RPM-2009-04-09:2471:2 RPM-2009-04-09:2471:3 RPM-2009-04-09:2473:2 RPM-2009-04-09:2478:2 RPM-2009-04-09:2479:1 RPM-2009-04-09:2480:1 RPM-2009-04-09:2480:2 RPM-2009-04-09:2482:1 RPM-2009-04-09:2482:2 RPM-2009-04-09:2483:1 RPM-2009-04-09:2486:2 RPM-2009-04-09:2486:3 RPM-2009-04-09:2487:2 RPM-2009-04-09:2487:3 RPM-2009-04-09:2489:1 RPM-2009-04-09:2489:3 RPM-2009-04-09:2489:4 RPM-2009-04-09:2489:5 RPM-2009-04-09:2493:1 RPM-2009-04-09:2495:1 RPM-2009-04-09:2500:2 RPM-2009-04-09:2502:1 RPM-2009-05-07:2506:1 RPM-2009-05-07:2506:2 RPM-2009-05-07:2510:3 RPM-2009-05-07:2512:1 RPM-2009-05-07:2513:1 RPM-2009-05-07:2513:2 RPM-2009-05-07:2514:1 RPM-2009-05-07:2514:2 RPM-2009-05-07:2515:1 RPM-2009-05-07:2516:2 RPM-2009-05-07:2517:1 RPM-2009-05-07:2519:1 RPM-2009-05-07:2520:1 RPM-2009-05-07:2521:1 RPM-2009-05-07:2523:1 RPM-2009-05-07:2525:1 RPM-2009-05-07:2525:2 RPM-2009-05-07:2525:4 RPM-2009-05-07:2525:5 RPM-2009-05-07:2526:2
782,D,60,12224,2,2009-05-07,2009-06-16,RPM-2009-05-07:2527:1 RPM-2009-05-07:2528:1 RPM-2009-05-07:2529:1 RPM-2009-05-07:2530:1 RPM-2009-05-07:2530:3 RPM-2009-05-07:2530:4 RPM-2009-05-07:2531:1 RPM-2009-05-07:2532:1 RPM-2009-05-07:2532:4 RPM-2009-05-07:2534:1 RPM-2009-05-07:2534:2 RPM-2009-05-07:2537:1 RPM-2009-05-07:2537:2 RPM-2009-05-07:2537:4 RPM-2009-05-07:2537:5 RPM-2009-05-07:2537:7 RPM-2009-05-07:2537:8 RPM-2009-05-07:2537:9 RPM-2009-05-07:2538:1 RPM-2009-05-07:2538:2 RPM-2009-05-07:2538:3 RPM-2009-05-07:2541:2 RPM-2009-05-07:2543:1 RPM-2009-05-07:2551:1 RPM-2009-06-16:2553:1 RPM-2009-06-16:2555:1 RPM-2009-06-16:2555:2 RPM-2009-06-16:2555:3 RPM-2009-06-16:2555:4 RPM-2009-06-16:2556:2 RPM-2009-06-16:2557:1 RPM-2009-06-16:2559:1 RPM-2009-06-16:2560:1 RPM-2009-06-16:2560:3 RPM-2009-06-16:2560:4 RPM-2009-06-16:2561:1 RPM-2009-06-16:2562:1 RPM-2009-06-16:2563:1 RPM-2009-06-16:2564:1 RPM-2009-06-16:2565:1 RPM-2009-06-16:2565:2 RPM-2009-06-16:2566:1 RPM-2009-06-16:2566:4 RPM-2009-06-16:2567:2 RPM-2009-06-16:2567:4 RPM-2009-06-16:2567:5 RPM-2009-06-16:2568:1 RPM-2009-06-16:2571:1 RPM-2009-06-16:2573:1 RPM-2009-06-16:2574:1 RPM-2009-06-16:2574:3 RPM-2009-06-16:2576:1 RPM-2009-06-16:2576:2 RPM-2009-06-16:2579:1 RPM-2009-06-16:2580:1 RPM-2009-06-16:2583:1 RPM-2009-06-16:2583:2 RPM-2009-06-16:2583:3 RPM-2009-06-16:2583:4 RPM-2009-06-16:2583:5
783,D,62,12129,2,2009-06-16,2009-07-09,RPM-2009-06-16:2584:1 RPM-2009-06-16:2584:2 RPM-2009-06-16:2588:1 RPM-2009-06-16:2588:3 RPM-2009-06-16:2590:1 RPM-2009-06-16:2591:1 RPM-2009-06-16:2591:2 RPM-2009-06-16:2591:3 RPM-2009-06-16:2591:4 RPM-2009-06-16:2592:2 RPM-2009-06-16:2593:1 RPM-2009-06-16:2593:3 RPM-2009-06-16:2596:1 RPM-2009-06-16:2603:1 RPM-2009-07-09:2606:2 RPM-2009-07-09:2608:3 RPM-2009-07-09:2608:4 RPM-2009-07-09:2608:5 RPM-2009-07-09:2609:1 RPM-2009-07-09:2609:2 RPM-2009-07-09:2609:3 RPM-2009-07-09:2610:2 RPM-2009-07-09:2611:2 RPM-2009-07-09:2613:3 RPM-2009-07-09:2615:2 RPM-2009-07-09:2616:1 RPM-2009-07-09:2619:1 RPM-2009-07-09:2619:3 RPM-2009-07-09:2619:4 RPM-2009-07-09:2620:3 RPM-2009-07-09:2620:4 RPM-2009-07-09:2621:1 RPM-2009-07-09:2621:2 RPM-2009-07-09:2621:3 RPM-2009-07-09:2622:2 RPM-2009-07-09:2622:3 RPM-2009-07-09:2622:4 RPM-2009-07-09:2622:5 RPM-2009-07-09:2622:6 RPM-2009-07-09:2623:1 RPM-2009-07-09:2623:3 RPM-2009-07-09:2624:3 RPM-2009-07-09:2626:1 RPM-2009-07-09:2626:2 RPM-2009-07-09:2627:3 RPM-2009-07-09:2628:3 RPM-2009-07-09:2629:2 RPM-2009-07-09:2635:1 RPM-2009-07-09:2635:3 RPM-2009-07-09:2635:4 RPM-2009-07-09:2635:5 RPM-2009-07-09:2636:1 RPM-2009-07-09:2637:1 RPM-2009-07-09:2637:3 RPM-2009-07-09:2637:4 RPM-2009-07-09:2637:5 RPM-2009-07-09:2639:1 RPM-2009-07-09:2639:2 RPM-2009-07-09:2639:3 RPM-2009-07-09:2640:1 RPM-2009-07-09:2640:2 RPM-2009-07-09:2644:1
784,D,64,11972,3,2009-07-09,2009-09-08,RPM-2009-07-09:2644:3 RPM-2009-07-09:2646:1 RPM-2009-07-09:2646:3 RPM-2009-07-09:2655:1 RPM-2009-08-13:2657:1 RPM-2009-08-13:2661:1 RPM-2009-08-13:2661:10 RPM-2009-08-13:2661:11 RPM-2009-08-13:2661:12 RPM-2009-08-13:2661:2 RPM-2009-08-13:2661:3 RPM-2009-08-13:2661:5 RPM-2009-08-13:2661:6 RPM-2009-08-13:2661:8 RPM-2009-08-13:2661:9 RPM-2009-08-13:2662:2 RPM-2009-08-13:2664:1 RPM-2009-08-13:2664:2 RPM-2009-08-13:2664:3 RPM-2009-08-13:2665:1 RPM-2009-08-13:2666:1 RPM-2009-08-13:2666:2 RPM-2009-08-13:2667:1 RPM-2009-08-13:2667:2 RPM-2009-08-13:2668:1 RPM-2009-08-13:2668:2 RPM-2009-08-13:2670:1 RPM-2009-08-13:2671:2 RPM-2009-08-13:2671:3 RPM-2009-08-13:2672:1 RPM-2009-08-13:2673:1 RPM-2009-08-13:2674:4 RPM-2009-08-13:2674:5 RPM-2009-08-13:2674:6 RPM-2009-08-13:2676:1 RPM-2009-08-13:2678:2 RPM-2009-08-13:2679:2 RPM-2009-08-13:2680:1 RPM-2009-08-13:2680:2 RPM-2009-08-13:2680:3 RPM-2009-08-13:2681:2 RPM-2009-08-13:2683:1 RPM-2009-08-13:2684:1 RPM-2009-08-13:2685:2 RPM-2009-09-08:2690:1 RPM-2009-09-08:2692:1 RPM-2009-09-08:2692:2 RPM-2009-09-08:2695:1 RPM-2009-09-08:2696:2 RPM-2009-09-08:2696:4 RPM-2009-09-08:2696:6 RPM-2009-09-08:2699:2 RPM-2009-09-08:2699:3 RPM-2009-09-08:2699:5 RPM-2009-09-08:2700:1 RPM-2009-09-08:2700:2 RPM-2009-09-08:2701:2 RPM-2009-09-08:2702:2 RPM-2009-09-08:2703:1 RPM-2009-09-08:2703:4 RPM-2009-09-08:2704:2 RPM-2009-09-08:2704:3 RPM-2009-09-08:2704:4 RPM-2009-09-08:2704:5
785,D,58,12686,3,2009-09-08,2009-11-12,RPM-2009-09-08:2705:2 RPM-2009-09-08:2705:4 RPM-2009-09-08:2705:5 RPM-2009-09-08:2705:7 RPM-2009-09-08:2706:1 RPM-2009-09-08:2706:3 RPM-2009-09-08:2707:2 RPM-2009-09-08:2712:1 RPM-2009-10-13:2714:1 RPM-2009-10-13:2717:2 RPM-2009-10-13:2718:1 RPM-2009-10-13:2719:1 RPM-2009-10-13:2720:1 RPM-2009-10-13:2721:1 RPM-2009-10-13:2721:2 RPM-2009-10-13:2722:1 RPM-2009-10-13:2722:2 RPM-2009-10-13:2723:1 RPM-2009-10-13:2723:2 RPM-2009-10-13:2724:1 RPM-2009-10-13:2726:1 RPM-2009-10-13:2729:1 RPM-2009-10-13:2731:1 RPM-2009-10-13:2734:2 RPM-2009-10-13:2737:1 RPM-2009-10-13:2738:2 RPM-2009-10-13:2740:2 RPM-2009-10-13:2740:3 RPM-2009-10-13:2740:4 RPM-2009-10-13:2741:1 RPM-2009-10-13:2742:1 RPM-2009-10-13:2743:1 RPM-2009-10-13:2743:2 RPM-2009-10-13:2746:1 RPM-2009-10-13:2746:3 RPM-2009-10-13:2746:4 RPM-2009-10-13:2747:1 RPM-2009-10-13:2750:1 RPM-2009-10-13:2752:1 RPM-2009-10-13:2753:1 RPM-2009-10-13:2760:1 RPM-2009-11-12:2764:1 RPM-2009-11-12:2764:2 RPM-2009-11-12:2764:3 RPM-2009-11-12:2765:3 RPM-2009-11-12:2765:4 RPM-2009-11-12:2765:5 RPM-2009-11-12:2768:1 RPM-2009-11-12:2768:3 RPM-2009-11-12:2769:1 RPM-2009-11-12:2769:2 RPM-2009-11-12:2770:1 RPM-2009-11-12:2770:3 RPM-2009-11-12:2771:1 RPM-2009-11-12:2771:2 RPM-2009-11-12:2772:1 RPM-2009-11-12:2773:1 RPM-2009-11-12:2774:1
786,D,60,12310,3,2009-11-12,2010-01-14,RPM-2009-11-12:2774:2 RPM-2009-11-12:2774:3 RPM-2009-11-12:2775:2 RPM-2009-11-12:2776:2 RPM-2009-11-12:2776:3 RPM-2009-11-12:2779:1 RPM-2009-11-12:2779:2 RPM-2009-11-12:2779:3 RPM-2009-11-12:2781:1 RPM-2009-11-12:2782:1 RPM-2009-11-12:2783:1 RPM-2009-11-12:2788:1 RPM-2009-11-12:2788:2 RPM-2009-11-12:2788:3 RPM-2009-11-12:2788:4 RPM-2009-11-12:2792:1 RPM-2009-11-12:2795:1 RPM-2009-11-12:2796:2 RPM-2009-11-12:2802:1 RPM-2009-12-15:2803:2 RPM-2009-12-15:2805:2 RPM-2009-12-15:2805:4 RPM-2009-12-15:2805:5 RPM-2009-12-15:2805:6 RPM-2009-12-15:2806:1 RPM-2009-12-15:2807:1 RPM-2009-12-15:2807:2 RPM-2009-12-15:2808:1 RPM-2009-12-15:2808:2 RPM-2009-12-15:2809:1 RPM-2009-12-15:2809:2 RPM-2009-12-15:2809:3 RPM-2009-12-15:2810:1 RPM-2009-12-15:2810:2 RPM-2009-12-15:2812:1 RPM-2009-12-15:2814:1 RPM-2009-12-15:2814:2 RPM-2009-12-15:2815:3 RPM-2009-12-15:2816:1 RPM-2009-12-15:2818:3 RPM-2009-12-15:2818:4 RPM-2009-12-15:2818:7 RPM-2009-12-15:2818:9 RPM-2009-12-15:2819:1 RPM-2009-12-15:2820:1 RPM-2009-12-15:2823:1 RPM-2009-12-15:2825:1 RPM-2009-12-15:2826:2 RPM-2009-12-15:2826:3 RPM-2009-12-15:2829:1 RPM-2009-12-15:2830:1 RPM-2009-12-15:2832:2 RPM-2009-12-15:2835:1 RPM-2009-12-15:2836:2 RPM-2009-12-15:2840:1 RPM-2010-01-14:2842:1 RPM-2010-01-14:2848:1 RPM-2010-01-14:2852:1 RPM-2010-01-14:2854:1 RPM-2010-01-14:2855:1
787,D,60,12217,2,2010-01-14,2010-02-11,RPM-2010-01-14:2856:1 RPM-2010-01-14:2859:2 RPM-2010-01-14:2861:1 RPM-2010-01-14:2862:1 RPM-2010-01-14:2863:1 RPM-2010-01-14:2863:2 RPM-2010-01-14:2865:1 RPM-2010-01-14:2865:2 RPM-2010-01-14:2867:1 RPM-2010-01-14:2869:1 RPM-2010-01-14:2874:1 RPM-2010-01-14:2874:3 RPM-2010-01-14:2875:1 RPM-2010-01-14:2877:1 RPM-2010-01-14:2879:1 RPM-2010-01-14:2881:1 RPM-2010-01-14:2883:2 RPM-2010-01-14:2885:1 RPM-2010-01-14:2885:2 RPM-2010-01-14:2888:1 RPM-2010-02-11:2890:1 RPM-2010-02-11:2891:3 RPM-2010-02-11:2891:5 RPM-2010-02-11:2892:1 RPM-2010-02-11:2892:2 RPM-2010-02-11:2894:1 RPM-2010-02-11:2896:1 RPM-2010-02-11:2896:2 RPM-2010-02-11:2897:1 RPM-2010-02-11:2899:1 RPM-2010-02-11:2899:2 RPM-2010-02-11:2899:3 RPM-2010-02-11:2899:4 RPM-2010-02-11:2900:1 RPM-2010-02-11:2902:1 RPM-2010-02-11:2905:1 RPM-2010-02-11:2906:3 RPM-2010-02-11:2908:1 RPM-2010-02-11:2910:1 RPM-2010-02-11:2910:2 RPM-2010-02-11:2910:3 RPM-2010-02-11:2911:1 RPM-2010-02-11:2911:2 RPM-2010-02-11:2913:1 RPM-2010-02-11:2915:2 RPM-2010-02-11:2915:3 RPM-2010-02-11:2916:1 RPM-2010-02-11:2916:2 RPM-2010-02-11:2918:1 RPM-2010-02-11:2918:2 RPM-2010-02-11:2920:2 RPM-2010-02-11:2922:1 RPM-2010-02-11:2922:2 RPM-2010-02-11:2922:3 RPM-2010-02-11:2923:1 RPM-2010-02-11:2924:1 RPM-2010-02-11:2925:1 RPM-2010-02-11:2925:2 RPM-2010-02-11:2926:1 RPM-2010-02-11:2927:1
788,D,60,12151,2,2010-02-11,2010-03-18,RPM-2010-02-11:2929:1 RPM-2010-02-11:2930:1 RPM-2010-02-11:2930:2 RPM-2010-02-11:2931:1 RPM-2010-02-11:2931:2 RPM-2010-02-11:2931:3 RPM-2010-02-11:2934:1 RPM-2010-02-11:2935:1 RPM-2010-02-11:2937:2 RPM-2010-02-11:2938:1 RPM-2010-02-11:2938:2 RPM-2010-02-11:2939:1 RPM-2010-02-11:2940:1 RPM-2010-02-11:2941:1 RPM-2010-02-11:2942:1 RPM-2010-02-11:2943:1 RPM-2010-02-11:2944:1 RPM-2010-02-11:2945:1 RPM-2010-02-11:2947:1 RPM-2010-02-11:2947:3 RPM-2010-02-11:2947:4 RPM-2010-02-11:2949:1 RPM-2010-02-11:2952:1 RPM-2010-02-11:2954:1 RPM-2010-02-11:2955:1 RPM-2010-02-11:2956:1 RPM-2010-02-11:2957:2 RPM-2010-02-11:2957:3 RPM-2010-02-11:2958:1 RPM-2010-02-11:2961:1 RPM-2010-02-11:2962:2 RPM-2010-02-11:2963:2 RPM-2010-02-11:2968:1 RPM-2010-03-18:2969:2 RPM-2010-03-18:2970:1 RPM-2010-03-18:2972:1 RPM-2010-03-18:2972:3 RPM-2010-03-18:2977:1 RPM-2010-03-18:2978:1 RPM-2010-03-18:2979:1 RPM-2010-03-18:2981:1 RPM-2010-03-18:2981:3 RPM-2010-03-18:2981:5 RPM-2010-03-18:2981:6 RPM-2010-03-18:2981:7 RPM-2010-03-18:2983:1 RPM-2010-03-18:2984:1 RPM-2010-03-18:2986:1 RPM-2010-03-18:2987:1 RPM-2010-03-18:2989:1 RPM-2010-03-18:2991:1 RPM-2010-03-18:2991:2 RPM-2010-03-18:2992:1 RPM-2010-03-18:2997:1 RPM-2010-03-18:2997:2 RPM-2010-03-18:2997:3 RPM-2010-03-18:2999:1 RPM-2010-03-18:3000:2 RPM-2010-03-18:3001:1 RPM-2010-03-18:3003:1
789,D,62,12139,2,2010-03-18,2010-04-15,RPM-2010-03-18:3004:1 RPM-2010-03-18:3006:1 RPM-2010-03-18:3007:3 RPM-2010-03-18:3007:4 RPM-2010-03-18:3008:1 RPM-2010-03-18:3008:2 RPM-2010-03-18:3009:1 RPM-2010-03-18:3011:2 RPM-2010-03-18:3012:2 RPM-2010-03-18:3013:1 RPM-2010-03-18:3015:1 RPM-2010-03-18:3022:1 RPM-2010-04-15:3025:1 RPM-2010-04-15:3028:1 RPM-2010-04-15:3028:2 RPM-2010-04-15:3028:3 RPM-2010-04-15:3028:4 RPM-2010-04-15:3029:1 RPM-2010-04-15:3031:1 RPM-2010-04-15:3031:2 RPM-2010-04-15:3034:1 RPM-2010-04-15:3035:1 RPM-2010-04-15:3036:1 RPM-2010-04-15:3039:1 RPM-2010-04-15:3041:1 RPM-2010-04-15:3041:2 RPM-2010-04-15:3043:1 RPM-2010-04-15:3044:1 RPM-2010-04-15:3044:2 RPM-2010-04-15:3044:3 RPM-2010-04-15:3046:1 RPM-2010-04-15:3047:1 RPM-2010-04-15:3047:2 RPM-2010-04-15:3049:1 RPM-2010-04-15:3050:1 RPM-2010-04-15:3050:2 RPM-2010-04-15:3050:5 RPM-2010-04-15:3051:1 RPM-2010-04-15:3051:2 RPM-2010-04-15:3051:3 RPM-2010-04-15:3051:5 RPM-2010-04-15:3053:1 RPM-2010-04-15:3053:2 RPM-2010-04-15:3054:1 RPM-2010-04-15:3054:2 RPM-2010-04-15:3055:1 RPM-2010-04-15:3056:1 RPM-2010-04-15:3060:1 RPM-2010-04-15:3062:1 RPM-2010-04-15:3062:2 RPM-2010-04-15:3062:3 RPM-2010-04-15:3064:1 RPM-2010-04-15:3065:1 RPM-2010-04-15:3066:1 RPM-2010-04-15:3067:1 RPM-2010-04-15:3067:2 RPM-2010-04-15:3067:3 RPM-2010-04-15:3071:1 RPM-2010-04-15:3071:2 RPM-2010-04-15:3071:4 RPM-2010-04-15:3073:2 RPM-2010-04-15:3078:1
790,D,59,12429,2,2010-05-13,2010-06-15,RPM-2010-05-13:3088:1 RPM-2010-05-13:3092:2 RPM-2010-05-13:3093:1 RPM-2010-05-13:3095:1 RPM-2010-05-13:3095:2 RPM-2010-05-13:3097:1 RPM-2010-05-13:3101:1 RPM-2010-05-13:3102:3 RPM-2010-05-13:3104:2 RPM-2010-05-13:3104:3 RPM-2010-05-13:3107:3 RPM-2010-05-13:3108:2 RPM-2010-05-13:3109:1 RPM-2010-05-13:3109:3 RPM-2010-05-13:3111:1 RPM-2010-05-13:3115:1 RPM-2010-05-13:3120:1 RPM-2010-05-13:3120:3 RPM-2010-05-13:3123:2 RPM-2010-05-13:3123:3 RPM-2010-05-13:3127:1 RPM-2010-06-15:3131:2 RPM-2010-06-15:3131:3 RPM-2010-06-15:3132:1 RPM-2010-06-15:3143:1 RPM-2010-06-15:3144:1 RPM-2010-06-15:3147:1 RPM-2010-06-15:3147:3 RPM-2010-06-15:3149:1 RPM-2010-06-15:3150:1 RPM-2010-06-15:3150:2 RPM-2010-06-15:3152:1 RPM-2010-06-15:3153:1 RPM-2010-06-15:3154:1 RPM-2010-06-15:3157:1 RPM-2010-06-15:3158:1 RPM-2010-06-15:3160:1 RPM-2010-06-15:3160:2 RPM-2010-06-15:3161:1 RPM-2010-06-15:3163:1 RPM-2010-06-15:3165:1 RPM-2010-06-15:3167:1 RPM-2010-06-15:3169:1 RPM-2010-06-15:3173:1 RPM-2010-06-15:3173:2 RPM-2010-06-15:3174:1 RPM-2010-06-15:3175:1 RPM-2010-06-15:3179:1 RPM-2010-06-15:3180:1 RPM-2010-06-15:3181:1 RPM-2010-06-15:3182:1 RPM-2010-06-15:3183:1 RPM-2010-06-15:3184:1 RPM-2010-06-15:3185:1 RPM-2010-06-15:3186:1 RPM-2010-06-15:3186:2 RPM-2010-06-15:3187:1 RPM-2010-06-15:3187:2 RPM-2010-06-15:3189:2
791,D,58,12475,3,2010-06-15,2010-08-12,RPM-2010-06-15:3193:1 RPM-2010-06-15:3193:2 RPM-2010-06-15:3195:1 RPM-2010-06-15:3196:2 RPM-2010-06-15:3198:1 RPM-2010-06-15:3206:1 RPM-2010-07-15:3210:1 RPM-2010-07-15:3212:1 RPM-2010-07-15:3217:1 RPM-2010-07-15:3217:2 RPM-2010-07-15:3217:3 RPM-2010-07-15:3218:1 RPM-2010-07-15:3219:1 RPM-2010-07-15:3220:1 RPM-2010-07-15:3221:1 RPM-2010-07-15:3222:1 RPM-2010-07-15:3224:1 RPM-2010-07-15:3225:1 RPM-2010-07-15:3227:1 RPM-2010-07-15:3229:1 RPM-2010-07-15:3230:1 RPM-2010-07-15:3230:2 RPM-2010-07-15:3231:1 RPM-2010-07-15:3233:1 RPM-2010-07-15:3233:2 RPM-2010-07-15:3234:1 RPM-2010-07-15:3235:1 RPM-2010-07-15:3236:1 RPM-2010-07-15:3236:2 RPM-2010-07-15:3238:2 RPM-2010-07-15:3239:1 RPM-2010-07-15:3242:1 RPM-2010-07-15:3242:2 RPM-2010-07-15:3243:1 RPM-2010-07-15:3247:1 RPM-2010-07-15:3249:1 RPM-2010-07-15:3250:1 RPM-2010-07-15:3252:1 RPM-2010-07-15:3254:1 RPM-2010-07-15:3255:1 RPM-2010-07-15:3256:1 RPM-2010-07-15:3260:1 RPM-2010-07-15:3261:2 RPM-2010-07-15:3262:1 RPM-2010-07-15:3263:1 RPM-2010-07-15:3266:1 RPM-2010-07-15:3266:2 RPM-2010-07-15:3267:1 RPM-2010-07-15:3268:1 RPM-2010-07-15:3268:2 RPM-2010-07-15:3269:1 RPM-2010-07-15:3269:2 RPM-2010-07-15:3270:1 RPM-2010-07-15:3271:1 RPM-2010-07-15:3271:3 RPM-2010-08-12:3283:1 RPM-2010-08-12:3284:1 RPM-2010-08-12:3285:1
792,D,58,12380,2,2010-08-12,2010-09-16,RPM-2010-08-12:3286:2 RPM-2010-08-12:3288:1 RPM-2010-08-12:3288:2 RPM-2010-08-12:3294:1 RPM-2010-08-12:3295:1 RPM-2010-08-12:3296:1 RPM-2010-08-12:3296:2 RPM-2010-08-12:3299:1 RPM-2010-08-12:3301:1 RPM-2010-08-12:3302:1 RPM-2010-08-12:3303:2 RPM-2010-08-12:3303:3 RPM-2010-08-12:3305:1 RPM-2010-08-12:3305:2 RPM-2010-08-12:3306:1 RPM-2010-08-12:3306:2 RPM-2010-08-12:3308:1 RPM-2010-08-12:3308:2 RPM-2010-08-12:3308:3 RPM-2010-08-12:3309:1 RPM-2010-08-12:3310:1 RPM-2010-08-12:3310:3 RPM-2010-08-12:3310:6 RPM-2010-08-12:3311:1 RPM-2010-08-12:3311:2 RPM-2010-08-12:3312:1 RPM-2010-08-12:3313:1 RPM-2010-08-12:3315:1 RPM-2010-08-12:3318:1 RPM-2010-08-12:3319:1 RPM-2010-08-12:3319:2 RPM-2010-08-12:3325:1 RPM-2010-08-12:3325:2 RPM-2010-08-12:3328:1 RPM-2010-08-12:3328:2 RPM-2010-08-12:3333:1 RPM-2010-09-16:3348:1 RPM-2010-09-16:3348:2 RPM-2010-09-16:3348:3 RPM-2010-09-16:3349:1 RPM-2010-09-16:3350:1 RPM-2010-09-16:3350:2 RPM-2010-09-16:3351:1 RPM-2010-09-16:3351:2 RPM-2010-09-16:3351:3 RPM-2010-09-16:3353:1 RPM-2010-09-16:3353:2 RPM-2010-09-16:3353:3 RPM-2010-09-16:3354:2 RPM-2010-09-16:3354:3 RPM-2010-09-16:3355:1 RPM-2010-09-16:3356:1 RPM-2010-09-16:3357:1 RPM-2010-09-16:3358:1 RPM-2010-09-16:3359:1 RPM-2010-09-16:3361:2 RPM-2010-09-16:3362:1 RPM-2010-09-16:3362:2
793,D,59,12619,2,2010-09-16,2010-10-14,RPM-2010-09-16:3368:2 RPM-2010-09-16:3369:1 RPM-2010-09-16:3369:2 RPM-2010-09-16:3370:1 RPM-2010-09-16:3373:1 RPM-2010-09-16:3374:1 RPM-2010-09-16:3375:1 RPM-2010-09-16:3376:1 RPM-2010-09-16:3377:1 RPM-2010-09-16:3379:1 RPM-2010-09-16:3380:1 RPM-2010-09-16:3382:1 RPM-2010-09-16:3384:1 RPM-2010-09-16:3388:1 RPM-2010-09-16:3388:2 RPM-2010-09-16:3388:4 RPM-2010-09-16:3389:1 RPM-2010-09-16:3390:1 RPM-2010-09-16:3390:2 RPM-2010-09-16:3391:1 RPM-2010-09-16:3392:1 RPM-2010-09-16:3393:1 RPM-2010-09-16:3393:3 RPM-2010-09-16:3395:1 RPM-2010-09-16:3395:2 RPM-2010-09-16:3395:3 RPM-2010-09-16:3395:4 RPM-2010-09-16:3398:1 RPM-2010-09-16:3399:1 RPM-2010-09-16:3400:1 RPM-2010-09-16:3402:1 RPM-2010-09-16:3403:1 RPM-2010-09-16:3403:2 RPM-2010-09-16:3405:1 RPM-2010-09-16:3407:1 RPM-2010-09-16:3408:1 RPM-2010-09-16:3409:1 RPM-2010-09-16:3409:2 RPM-2010-09-16:3410:1 RPM-2010-09-16:3413:1 RPM-2010-09-16:3415:1 RPM-2010-09-16:3416:1 RPM-2010-09-16:3418:1 RPM-2010-09-16:3419:1 RPM-2010-09-16:3420:1 RPM-2010-09-16:3421:1 RPM-2010-09-16:3421:2 RPM-2010-09-16:3421:4 RPM-2010-09-16:3421:5 RPM-2010-09-16:3422:1 RPM-2010-09-16:3422:2 RPM-2010-09-16:3428:2 RPM-2010-09-16:3429:2 RPM-2010-09-16:3432:1 RPM-2010-10-14:3434:3 RPM-2010-10-14:3438:1 RPM-2010-10-14:3439:1 RPM-2010-10-14:3439:2 RPM-2010-10-14:3440:1
794,D,61,12458,2,2010-10-14,2010-11-16,RPM-2010-10-14:3441:1 RPM-2010-10-14:3441:2 RPM-2010-10-14:3442:1 RPM-2010-10-14:3442:3 RPM-2010-10-14:3442:4 RPM-2010-10-14:3443:1 RPM-2010-10-14:3443:2 RPM-2010-10-14:3444:1 RPM-2010-10-14:3446:1 RPM-2010-10-14:3448:1 RPM-2010-10-14:3449:2 RPM-2010-10-14:3449:3 RPM-2010-10-14:3450:1 RPM-2010-10-14:3453:1 RPM-2010-10-14:3458:1 RPM-2010-10-14:3460:2 RPM-2010-10-14:3461:1 RPM-2010-10-14:3462:1 RPM-2010-10-14:3463:1 RPM-2010-10-14:3470:1 RPM-2010-10-14:3476:4 RPM-2010-10-14:3476:5 RPM-2010-10-14:3476:6 RPM-2010-10-14:3479:1 RPM-2010-10-14:3485:1 RPM-2010-10-14:3486:1 RPM-2010-10-14:3488:2 RPM-2010-10-14:3493:1 RPM-2010-11-16:3499:1 RPM-2010-11-16:3499:2 RPM-2010-11-16:3501:1 RPM-2010-11-16:3502:1 RPM-2010-11-16:3503:1 RPM-2010-11-16:3506:1 RPM-2010-11-16:3507:1 RPM-2010-11-16:3509:2 RPM-2010-11-16:3513:1 RPM-2010-11-16:3514:1 RPM-2010-11-16:3515:1 RPM-2010-11-16:3516:1 RPM-2010-11-16:3517:1 RPM-2010-11-16:3520:1 RPM-2010-11-16:3521:1 RPM-2010-11-16:3522:1 RPM-2010-11-16:3523:1 RPM-2010-11-16:3523:2 RPM-2010-11-16:3524:1 RPM-2010-11-16:3525:1 RPM-2010-11-16:3527:1 RPM-2010-11-16:3528:1 RPM-2010-11-16:3531:1 RPM-2010-11-16:3533:1 RPM-2010-11-16:3534:1 RPM-2010-11-16:3539:1 RPM-2010-11-16:3543:1 RPM-2010-11-16:3543:2 RPM-2010-11-16:3544:1 RPM-2010-11-16:3544:2 RPM-2010-11-16:3545:1 RPM-2010-11-16:3546:1 RPM-2010-11-16:3547:1
795,D,61,12457,3,2010-11-16,2011-01-13,RPM-2010-11-16:3548:1 RPM-2010-11-16:3549:1 RPM-2010-11-16:3550:1 RPM-2010-11-16:3551:1 RPM-2010-11-16:3551:3 RPM-2010-11-16:3555:1 RPM-2010-11-16:3557:1 RPM-2010-11-16:3559:1 RPM-2010-11-16:3561:1 RPM-2010-11-16:3565:1 RPM-2010-11-16:3567:1 RPM-2010-11-16:3567:2 RPM-2010-11-16:3568:1 RPM-2010-11-16:3568:2 RPM-2010-11-16:3571:2 RPM-2010-11-16:3572:1 RPM-2010-11-16:3572:2 RPM-2010-11-16:3575:1 RPM-2010-11-16:3575:2 RPM-2010-11-16:3575:4 RPM-2010-11-16:3582:1 RPM-2010-12-16:3587:1 RPM-2010-12-16:3589:1 RPM-2010-12-16:3592:1 RPM-2010-12-16:3593:1 RPM-2010-12-16:3598:1 RPM-2010-12-16:3604:1 RPM-2010-12-16:3605:1 RPM-2010-12-16:3606:1 RPM-2010-12-16:3608:1 RPM-2010-12-16:3609:1 RPM-2010-12-16:3610:1 RPM-2010-12-16:3611:1 RPM-2010-12-16:3612:1 RPM-2010-12-16:3614:1 RPM-2010-12-16:3615:1 RPM-2010-12-16:3616:1 RPM-2010-12-16:3618:1 RPM-2010-12-16:3620:2 RPM-2010-12-16:3620:3 RPM-2010-12-16:3620:4 RPM-2010-12-16:3624:1 RPM-2010-12-16:3624:2 RPM-2010-12-16:3626:1 RPM-2010-12-16:3628:1 RPM-2010-12-16:3631:1 RPM-2010-12-16:3631:2 RPM-2010-12-16:3642:1 RPM-2011-01-13:3646:1 RPM-2011-01-13:3646:2 RPM-2011-01-13:3646:4 RPM-2011-01-13:3647:1 RPM-2011-01-13:3647:2 RPM-2011-01-13:3649:1 RPM-2011-01-13:3650:1 RPM-2011-01-13:3650:2 RPM-2011-01-13:3651:1 RPM-2011-01-13:3655:1 RPM-2011-01-13:3655:2 RPM-2011-01-13:3656:2 RPM-2011-01-13:3657:1
796,D,61,12513,2,2011-01-13,2011-02-17,RPM-2011-01-13:3658:1 RPM-2011-01-13:3659:1 RPM-2011-01-13:3660:1 RPM-2011-01-13:3661:1 RPM-2011-01-13:3662:1 RPM-2011-01-13:3663:1 RPM-2011-01-13:3664:1 RPM-2011-01-13:3667:1 RPM-2011-01-13:3670:1 RPM-2011-01-13:3670:2 RPM-2011-01-13:3671:1 RPM-2011-01-13:3672:1 RPM-2011-01-13:3675:1 RPM-2011-01-13:3677:1 RPM-2011-01-13:3680:1 RPM-2011-01-13:3681:1 RPM-2011-01-13:3683:1 RPM-2011-01-13:3684:1 RPM-2011-01-13:3686:1 RPM-2011-01-13:3687:1 RPM-2011-01-13:3689:1 RPM-2011-01-13:3693:1 RPM-2011-01-13:3695:1 RPM-2011-01-13:3696:1 RPM-2011-01-13:3697:1 RPM-2011-01-13:3698:1 RPM-2011-01-13:3700:1 RPM-2011-01-13:3702:1 RPM-2011-01-13:3702:2 RPM-2011-01-13:3704:1 RPM-2011-01-13:3717:1 RPM-2011-02-17:3721:1 RPM-2011-02-17:3723:1 RPM-2011-02-17:3725:1 RPM-2011-02-17:3726:1 RPM-2011-02-17:3727:1 RPM-2011-02-17:3729:1 RPM-2011-02-17:3730:1 RPM-2011-02-17:3734:1 RPM-2011-02-17:3735:1 RPM-2011-02-17:3735:2 RPM-2011-02-17:3738:1 RPM-2011-02-17:3739:1 RPM-2011-02-17:3740:1 RPM-2011-02-17:3741:1 RPM-2011-02-17:3742:1 RPM-2011-02-17:3743:1 RPM-2011-02-17:3744:1 RPM-2011-02-17:3746:1 RPM-2011-02-17:3747:1 RPM-2011-02-17:3748:1 RPM-2011-02-17:3748:2 RPM-2011-02-17:3749:1 RPM-2011-02-17:3751:1 RPM-2011-02-17:3753:1 RPM-2011-02-17:3758:1 RPM-2011-02-17:3762:1 RPM-2011-02-17:3763:2 RPM-2011-02-17:3769:1 RPM-2011-02-17:3771:1 RPM-2011-02-17:3772:1
797,D,62,12249,2,2011-02-17,2011-03-17,RPM-2011-02-17:3773:1 RPM-2011-02-17:3774:1 RPM-2011-02-17:3777:1 RPM-2011-02-17:3777:2 RPM-2011-02-17:3781:1 RPM-2011-02-17:3784:2 RPM-2011-02-17:3785:1 RPM-2011-02-17:3787:1 RPM-2011-02-17:3790:1 RPM-2011-02-17:3791:1 RPM-2011-02-17:3793:1 RPM-2011-02-17:3794:1 RPM-2011-02-17:3795:1 RPM-2011-02-17:3798:1 RPM-2011-02-17:3800:1 RPM-2011-02-17:3801:1 RPM-2011-02-17:3801:2 RPM-2011-02-17:3803:1 RPM-2011-02-17:3809:1 RPM-2011-02-17:3810:2 RPM-2011-02-17:3814:1 RPM-2011-03-17:3818:1 RPM-2011-03-17:3820:1 RPM-2011-03-17:3821:1 RPM-2011-03-17:3824:1 RPM-2011-03-17:3826:1 RPM-2011-03-17:3828:1 RPM-2011-03-17:3829:1 RPM-2011-03-17:3830:1 RPM-2011-03-17:3836:1 RPM-2011-03-17:3837:1 RPM-2011-03-17:3837:2 RPM-2011-03-17:3838:1 RPM-2011-03-17:3840:1 RPM-2011-03-17:3842:1 RPM-2011-03-17:3843:1 RPM-2011-03-17:3843:2 RPM-2011-03-17:3843:3 RPM-2011-03-17:3844:1 RPM-2011-03-17:3846:1 RPM-2011-03-17:3847:1 RPM-2011-03-17:3848:1 RPM-2011-03-17:3853:1 RPM-2011-03-17:3854:1 RPM-2011-03-17:3857:2 RPM-2011-03-17:3858:1 RPM-2011-03-17:3859:1 RPM-2011-03-17:3860:1 RPM-2011-03-17:3861:1 RPM-2011-03-17:3862:1 RPM-2011-03-17:3863:1 RPM-2011-03-17:3865:1 RPM-2011-03-17:3867:1 RPM-2011-03-17:3868:1 RPM-2011-03-17:3869:2 RPM-2011-03-17:3870:1 RPM-2011-03-17:3871:1 RPM-2011-03-17:3871:2 RPM-2011-03-17:3876:1 RPM-2011-03-17:3878:1 RPM-2011-03-17:3879:1 RPM-2011-03-17:3881:1
798,D,63,11985,3,2011-03-17,2011-05-12,RPM-2011-03-17:3881:2 RPM-2011-03-17:3881:3 RPM-2011-03-17:3881:4 RPM-2011-03-17:3892:1 RPM-2011-04-12:3896:1 RPM-2011-04-12:3898:1 RPM-2011-04-12:3899:1 RPM-2011-04-12:3901:1 RPM-2011-04-12:3903:1 RPM-2011-04-12:3906:1 RPM-2011-04-12:3906:2 RPM-2011-04-12:3910:1 RPM-2011-04-12:3911:1 RPM-2011-04-12:3915:1 RPM-2011-04-12:3916:1 RPM-2011-04-12:3921:1 RPM-2011-04-12:3922:1 RPM-2011-04-12:3923:1 RPM-2011-04-12:3924:1 RPM-2011-04-12:3925:1 RPM-2011-04-12:3927:1 RPM-2011-04-12:3929:1 RPM-2011-04-12:3932:1 RPM-2011-04-12:3933:1 RPM-2011-04-12:3934:1 RPM-2011-04-12:3936:1 RPM-2011-04-12:3940:1 RPM-2011-04-12:3941:1 RPM-2011-04-12:3942:1 RPM-2011-04-12:3944:1 RPM-2011-04-12:3945:1 RPM-2011-04-12:3947:1 RPM-2011-04-12:3949:1 RPM-2011-04-12:3950:1 RPM-2011-04-12:3951:1 RPM-2011-04-12:3952:1 RPM-2011-04-12:3953:1 RPM-2011-04-12:3954:1 RPM-2011-04-12:3955:1 RPM-2011-04-12:3957:1 RPM-2011-04-12:3959:1 RPM-2011-04-12:3959:2 RPM-2011-04-12:3959:3 RPM-2011-04-12:3970:1 RPM-2011-05-12:3974:1 RPM-2011-05-12:3975:1 RPM-2011-05-12:3976:1 RPM-2011-05-12:3977:1 RPM-2011-05-12:3977:2 RPM-2011-05-12:3978:1 RPM-2011-05-12:3978:2 RPM-2011-05-12:3979:1 RPM-2011-05-12:3980:1 RPM-2011-05-12:3981:1 RPM-2011-05-12:3982:1 RPM-2011-05-12:3982:2 RPM-2011-05-12:3984:1 RPM-2011-05-12:3985:1 RPM-2011-05-12:3986:1 RPM-2011-05-12:3989:1 RPM-2011-05-12:3990:1 RPM-2011-05-12:3991:1 RPM-2011-05-12:3992:1
799,D,66,12041,2,2011-05-12,2011-06-14,RPM-2011-05-12:3993:1 RPM-2011-05-12:3994:1 RPM-2011-05-12:3999:1 RPM-2011-05-12:4001:1 RPM-2011-05-12:4005:1 RPM-2011-05-12:4007:1 RPM-2011-05-12:4011:1 RPM-2011-05-12:4013:1 RPM-2011-05-12:4015:1 RPM-2011-05-12:4016:1 RPM-2011-05-12:4017:1 RPM-2011-05-12:4019:1 RPM-2011-05-12:4021:1 RPM-2011-05-12:4022:1 RPM-2011-05-12:4025:1 RPM-2011-05-12:4027:1 RPM-2011-05-12:4029:1 RPM-2011-05-12:4031:1 RPM-2011-05-12:4033:1 RPM-2011-05-12:4033:2 RPM-2011-05-12:4034:1 RPM-2011-05-12:4036:1 RPM-2011-05-12:4038:1 RPM-2011-05-12:4040:1 RPM-2011-05-12:4042:2 RPM-2011-05-12:4042:3 RPM-2011-05-12:4044:1 RPM-2011-05-12:4049:2 RPM-2011-05-12:4051:1 RPM-2011-05-12:4052:1 RPM-2011-05-12:4053:2 RPM-2011-05-12:4054:1 RPM-2011-05-12:4055:2 RPM-2011-06-14:4061:1 RPM-2011-06-14:4063:1 RPM-2011-06-14:4064:2 RPM-2011-06-14:4065:1 RPM-2011-06-14:4067:1 RPM-2011-06-14:4069:1 RPM-2011-06-14:4072:1 RPM-2011-06-14:4084:1 RPM-2011-06-14:4086:1 RPM-2011-06-14:4088:1 RPM-2011-06-14:4090:1 RPM-2011-06-14:4091:1 RPM-2011-06-14:4093:1 RPM-2011-06-14:4094:1 RPM-2011-06-14:4095:1 RPM-2011-06-14:4096:2 RPM-2011-06-14:4096:3 RPM-2011-06-14:4096:4 RPM-2011-06-14:4096:6 RPM-2011-06-14:4097:1 RPM-2011-06-14:4098:1 RPM-2011-06-14:4098:2 RPM-2011-06-14:4099:1 RPM-2011-06-14:4101:1 RPM-2011-06-14:4105:1 RPM-2011-06-14:4105:2 RPM-2011-06-14:4105:3 RPM-2011-06-14:4107:1 RPM-2011-06-14:4109:1 RPM-2011-06-14:4109:4 RPM-2011-06-14:4111:1 RPM-2011-06-14:4113:1 RPM-2011-06-14:4115:1
800,D,62,12404,2,2011-07-14,2011-08-18,RPM-2011-07-14:4122:1 RPM-2011-07-14:4124:1 RPM-2011-07-14:4125:1 RPM-2011-07-14:4127:1 RPM-2011-07-14:4128:1 RPM-2011-07-14:4129:1 RPM-2011-07-14:4129:2 RPM-2011-07-14:4130:1 RPM-2011-07-14:4131:1 RPM-2011-07-14:4132:1 RPM-2011-07-14:4134:1 RPM-2011-07-14:4138:1 RPM-2011-07-14:4141:1 RPM-2011-07-14:4142:1 RPM-2011-07-14:4143:2 RPM-2011-07-14:4145:1 RPM-2011-07-14:4147:1 RPM-2011-07-14:4148:1 RPM-2011-07-14:4148:2 RPM-2011-07-14:4149:1 RPM-2011-07-14:4150:1 RPM-2011-07-14:4151:1 RPM-2011-07-14:4159:1 RPM-2011-07-14:4161:1 RPM-2011-07-14:4162:1 RPM-2011-07-14:4163:1 RPM-2011-07-14:4165:1 RPM-2011-07-14:4166:1 RPM-2011-07-14:4168:1 RPM-2011-07-14:4170:1 RPM-2011-07-14:4171:1 RPM-2011-07-14:4172:1 RPM-2011-07-14:4173:1 RPM-2011-07-14:4175:1 RPM-2011-07-14:4177:1 RPM-2011-07-14:4178:1 RPM-2011-07-14:4179:1 RPM-2011-07-14:4180:1 RPM-2011-07-14:4181:1 RPM-2011-07-14:4182:1 RPM-2011-07-14:4182:2 RPM-2011-07-14:4183:1 RPM-2011-07-14:4185:1 RPM-2011-07-14:4187:1 RPM-2011-07-14:4189:1 RPM-2011-07-14:4190:1 RPM-2011-07-14:4195:1 RPM-2011-07-14:4196:1 RPM-2011-07-14:4198:1 RPM-2011-07-14:4198:2 RPM-2011-07-14:4198:3 RPM-2011-07-14:4200:1 RPM-2011-07-14:4206:1 RPM-2011-07-14:4208:1 RPM-2011-07-14:4210:1 RPM-2011-07-14:4214:1 RPM-2011-08-18:4218:1 RPM-2011-08-18:4219:1 RPM-2011-08-18:4220:1 RPM-2011-08-18:4220:2 RPM-2011-08-18:4220:3 RPM-2011-08-18:4221:1
801,D,64,12205,2,2011-08-18,2011-09-15,RPM-2011-08-18:4222:1 RPM-2011-08-18:4223:2 RPM-2011-08-18:4223:3 RPM-2011-08-18:4226:1 RPM-2011-08-18:4227:1 RPM-2011-08-18:4229:1 RPM-2011-08-18:4230:1 RPM-2011-08-18:4231:1 RPM-2011-08-18:4232:1 RPM-2011-08-18:4233:1 RPM-2011-08-18:4234:1 RPM-2011-08-18:4234:2 RPM-2011-08-18:4235:1 RPM-2011-08-18:4235:2 RPM-2011-08-18:4237:1 RPM-2011-08-18:4240:1 RPM-2011-08-18:4240:2 RPM-2011-08-18:4246:1 RPM-2011-08-18:4249:1 RPM-2011-08-18:4252:1 RPM-2011-08-18:4252:2 RPM-2011-08-18:4256:1 RPM-2011-08-18:4258:1 RPM-2011-08-18:4259:1 RPM-2011-08-18:4261:1 RPM-2011-08-18:4263:1 RPM-2011-08-18:4265:1 RPM-2011-08-18:4267:1 RPM-2011-08-18:4267:2 RPM-2011-08-18:4267:3 RPM-2011-08-18:4269:1 RPM-2011-08-18:4275:1 RPM-2011-08-18:4277:1 RPM-2011-08-18:4281:1 RPM-2011-09-15:4285:1 RPM-2011-09-15:4286:1 RPM-2011-09-15:4290:1 RPM-2011-09-15:4292:1 RPM-2011-09-15:4299:1 RPM-2011-09-15:4300:1 RPM-2011-09-15:4301:1 RPM-2011-09-15:4303:1 RPM-2011-09-15:4304:1 RPM-2011-09-15:4305:1 RPM-2011-09-15:4306:1 RPM-2011-09-15:4308:1 RPM-2011-09-15:4309:1 RPM-2011-09-15:4310:1 RPM-2011-09-15:4311:2 RPM-2011-09-15:4311:4 RPM-2011-09-15:4311:5 RPM-2011-09-15:4311:6 RPM-2011-09-15:4312:1 RPM-2011-09-15:4313:1 RPM-2011-09-15:4314:1 RPM-2011-09-15:4314:2 RPM-2011-09-15:4315:1 RPM-2011-09-15:4316:1 RPM-2011-09-15:4316:2 RPM-2011-09-15:4316:3 RPM-2011-09-15:4316:4 RPM-2011-09-15:4316:6 RPM-2011-09-15:4320:1 RPM-2011-09-15:4320:2
802,D,63,12094,3,2011-09-15,2011-11-15,RPM-2011-09-15:4326:1 RPM-2011-09-15:4328:1 RPM-2011-09-15:4330:1 RPM-2011-09-15:4333:1 RPM-2011-10-13:4337:1 RPM-2011-10-13:4339:1 RPM-2011-10-13:4340:1 RPM-2011-10-13:4341:1 RPM-2011-10-13:4341:2 RPM-2011-10-13:4341:3 RPM-2011-10-13:4341:4 RPM-2011-10-13:4342:1 RPM-2011-10-13:4342:3 RPM-2011-10-13:4343:1 RPM-2011-10-13:4345:1 RPM-2011-10-13:4346:1 RPM-2011-10-13:4347:1 RPM-2011-10-13:4347:2 RPM-2011-10-13:4349:1 RPM-2011-10-13:4349:2 RPM-2011-10-13:4350:1 RPM-2011-10-13:4352:1 RPM-2011-10-13:4354:1 RPM-2011-10-13:4360:1 RPM-2011-10-13:4362:1 RPM-2011-10-13:4364:1 RPM-2011-10-13:4364:2 RPM-2011-10-13:4364:3 RPM-2011-10-13:4365:1 RPM-2011-10-13:4366:2 RPM-2011-10-13:4367:1 RPM-2011-10-13:4368:1 RPM-2011-10-13:4369:1 RPM-2011-10-13:4370:1 RPM-2011-10-13:4371:1 RPM-2011-10-13:4373:1 RPM-2011-10-13:4375:1 RPM-2011-10-13:4377:1 RPM-2011-10-13:4379:1 RPM-2011-10-13:4381:1 RPM-2011-10-13:4384:2 RPM-2011-10-13:4384:3 RPM-2011-10-13:4385:1 RPM-2011-10-13:4391:1 RPM-2011-10-13:4393:1 RPM-2011-10-13:4395:1 RPM-2011-10-13:4399:1 RPM-2011-11-15:4403:1 RPM-2011-11-15:4404:2 RPM-2011-11-15:4407:1 RPM-2011-11-15:4408:1 RPM-2011-11-15:4410:1 RPM-2011-11-15:4411:1 RPM-2011-11-15:4413:1 RPM-2011-11-15:4413:2 RPM-2011-11-15:4416:1 RPM-2011-11-15:4416:3 RPM-2011-11-15:4419:1 RPM-2011-11-15:4420:2 RPM-2011-11-15:4422:1 RPM-2011-11-15:4430:1 RPM-2011-11-15:4432:1 RPM-2011-11-15:4434:1
803,D,61,12229,3,2011-11-15,2012-01-12,RPM-2011-11-15:4437:2 RPM-2011-11-15:4437:3 RPM-2011-11-15:4438:1 RPM-2011-11-15:4440:1 RPM-2011-11-15:4440:2 RPM-2011-11-15:4440:3 RPM-2011-11-15:4441:1 RPM-2011-11-15:4442:1 RPM-2011-11-15:4443:1 RPM-2011-11-15:4444:1 RPM-2011-11-15:4444:2 RPM-2011-11-15:4444:3 RPM-2011-11-15:4444:4 RPM-2011-11-15:4446:1 RPM-2011-11-15:4446:2 RPM-2011-11-15:4448:1 RPM-2011-11-15:4453:4 RPM-2011-11-15:4454:2 RPM-2011-11-15:4455:2 RPM-2011-11-15:4456:2 RPM-2011-12-13:4463:1 RPM-2011-12-13:4465:1 RPM-2011-12-13:4467:1 RPM-2011-12-13:4468:1 RPM-2011-12-13:4469:1 RPM-2011-12-13:4470:1 RPM-2011-12-13:4470:2 RPM-2011-12-13:4476:1 RPM-2011-12-13:4476:3 RPM-2011-12-13:4479:2 RPM-2011-12-13:4480:1 RPM-2011-12-13:4484:1 RPM-2011-12-13:4485:1 RPM-2011-12-13:4487:1 RPM-2011-12-13:4489:1 RPM-2011-12-13:4490:1 RPM-2011-12-13:4492:1 RPM-2011-12-13:4494:1 RPM-2011-12-13:4495:1 RPM-2011-12-13:4496:1 RPM-2011-12-13:4497:1 RPM-2011-12-13:4500:1 RPM-2011-12-13:4501:1 RPM-2011-12-13:4502:2 RPM-2011-12-13:4502:3 RPM-2011-12-13:4503:1 RPM-2011-12-13:4505:1 RPM-2011-12-13:4507:4 RPM-2011-12-13:4509:1 RPM-2011-12-13:4511:1 RPM-2012-01-12:4520:1 RPM-2012-01-12:4521:1 RPM-2012-01-12:4523:1 RPM-2012-01-12:4525:1 RPM-2012-01-12:4526:1 RPM-2012-01-12:4528:1 RPM-2012-01-12:4529:1 RPM-2012-01-12:4530:1 RPM-2012-01-12:4531:2 RPM-2012-01-12:4532:1 RPM-2012-01-12:4536:2
804,D,58,12542,3,2012-01-12,2012-03-15,RPM-2012-01-12:4536:3 RPM-2012-01-12:4537:1 RPM-2012-01-12:4540:1 RPM-2012-01-12:4542:1 RPM-2012-01-12:4543:1 RPM-2012-01-12:4545:1 RPM-2012-01-12:4547:1 RPM-2012-01-12:4549:1 RPM-2012-01-12:4551:1 RPM-2012-01-12:4555:1 RPM-2012-01-12:4555:3 RPM-2012-01-12:4557:1 RPM-2012-01-12:4562:2 RPM-2012-01-12:4562:3 RPM-2012-01-12:4563:1 RPM-2012-01-12:4567:1 RPM-2012-01-12:4569:1 RPM-2012-02-14:4576:1 RPM-2012-02-14:4578:1 RPM-2012-02-14:4580:1 RPM-2012-02-14:4581:1 RPM-2012-02-14:4583:1 RPM-2012-02-14:4587:1 RPM-2012-02-14:4593:1 RPM-2012-02-14:4596:1 RPM-2012-02-14:4598:1 RPM-2012-02-14:4600:1 RPM-2012-02-14:4602:1 RPM-2012-02-14:4603:1 RPM-2012-02-14:4610:1 RPM-2012-02-14:4612:1 RPM-2012-02-14:4613:1 RPM-2012-02-14:4615:1 RPM-2012-02-14:4617:1 RPM-2012-02-14:4619:1 RPM-2012-02-14:4621:1 RPM-2012-02-14:4623:1 RPM-2012-02-14:4625:1 RPM-2012-02-14:4626:1 RPM-2012-02-14:4627:1 RPM-2012-02-14:4629:1 RPM-2012-02-14:4631:1 RPM-2012-02-14:4633:1 RPM-2012-02-14:4634:2 RPM-2012-02-14:4635:1 RPM-2012-02-14:4636:1 RPM-2012-02-14:4638:1 RPM-2012-02-14:4638:2 RPM-2012-02-14:4638:3 RPM-2012-02-14:4640:1 RPM-2012-02-14:4641:1 RPM-2012-02-14:4643:1 RPM-2012-02-14:4647:1 RPM-2012-02-14:4649:1 RPM-2012-02-14:4651:1 RPM-2012-03-15:4658:1 RPM-2012-03-15:4659:1 RPM-2012-03-15:4660:1
805,D,62,12406,2,2012-03-15,2012-04-17,RPM-2012-03-15:4661:1 RPM-2012-03-15:4662:1 RPM-2012-03-15:4663:1 RPM-2012-03-15:4664:1 RPM-2012-03-15:4667:1 RPM-2012-03-15:4669:1 RPM-2012-03-15:4673:1 RPM-2012-03-15:4675:1 RPM-2012-03-15:4677:1 RPM-2012-03-15:4680:1 RPM-2012-03-15:4684:1 RPM-2012-03-15:4686:1 RPM-2012-03-15:4687:1 RPM-2012-03-15:4688:1 RPM-2012-03-15:4689:1 RPM-2012-03-15:4692:1 RPM-2012-03-15:4693:1 RPM-2012-03-15:4694:1 RPM-2012-03-15:4696:1 RPM-2012-03-15:4698:1 RPM-2012-03-15:4698:2 RPM-2012-03-15:4699:1 RPM-2012-03-15:4700:1 RPM-2012-03-15:4702:1 RPM-2012-03-15:4703:1 RPM-2012-03-15:4704:3 RPM-2012-03-15:4705:1 RPM-2012-03-15:4706:1 RPM-2012-03-15:4707:1 RPM-2012-03-15:4708:1 RPM-2012-03-15:4709:1 RPM-2012-03-15:4709:2 RPM-2012-03-15:4712:1 RPM-2012-03-15:4713:1 RPM-2012-03-15:4714:1 RPM-2012-03-15:4716:1 RPM-2012-03-15:4717:1 RPM-2012-03-15:4718:1 RPM-2012-03-15:4719:1 RPM-2012-03-15:4719:2 RPM-2012-03-15:4719:5 RPM-2012-03-15:4720:1 RPM-2012-03-15:4720:2 RPM-2012-03-15:4720:3 RPM-2012-03-15:4722:1 RPM-2012-03-15:4722:4 RPM-2012-03-15:4724:1 RPM-2012-03-15:4726:1 RPM-2012-03-15:4728:1 RPM-2012-03-15:4732:1 RPM-2012-04-17:4736:1 RPM-2012-04-17:4736:3 RPM-2012-04-17:4739:1 RPM-2012-04-17:4740:1 RPM-2012-04-17:4742:1 RPM-2012-04-17:4743:1 RPM-2012-04-17:4743:2 RPM-2012-04-17:4744:1 RPM-2012-04-17:4747:1 RPM-2012-04-17:4748:1 RPM-2012-04-17:4749:1 RPM-2012-04-17:4749:2
806,D,59,12615,2,2012-04-17,2012-05-17,RPM-2012-04-17:4750:1 RPM-2012-04-17:4751:1 RPM-2012-04-17:4753:2 RPM-2012-04-17:4754:1 RPM-2012-04-17:4755:1 RPM-2012-04-17:4757:1 RPM-2012-04-17:4759:1 RPM-2012-04-17:4761:1 RPM-2012-04-17:4763:1 RPM-2012-04-17:4763:2 RPM-2012-04-17:4764:1 RPM-2012-04-17:4768:1 RPM-2012-04-17:4769:1 RPM-2012-04-17:4770:1 RPM-2012-04-17:4771:1 RPM-2012-04-17:4771:3 RPM-2012-04-17:4772:1 RPM-2012-04-17:4773:1 RPM-2012-04-17:4775:1 RPM-2012-04-17:4776:1 RPM-2012-04-17:4777:1 RPM-2012-04-17:4778:1 RPM-2012-04-17:4778:2 RPM-2012-04-17:4778:3 RPM-2012-04-17:4779:1 RPM-2012-04-17:4781:1 RPM-2012-04-17:4782:2 RPM-2012-04-17:4784:1 RPM-2012-04-17:4786:1 RPM-2012-04-17:4788:2 RPM-2012-04-17:4788:3 RPM-2012-04-17:4788:4 RPM-2012-04-17:4788:5 RPM-2012-04-17:4791:1 RPM-2012-05-17:4795:1 RPM-2012-05-17:4801:2 RPM-2012-05-17:4801:3 RPM-2012-05-17:4803:1 RPM-2012-05-17:4806:1 RPM-2012-05-17:4807:1 RPM-2012-05-17:4809:1 RPM-2012-05-17:4810:1 RPM-2012-05-17:4812:1 RPM-2012-05-17:4812:2 RPM-2012-05-17:4818:1 RPM-2012-05-17:4819:1 RPM-2012-05-17:4820:3 RPM-2012-05-17:4820:4 RPM-2012-05-17:4822:1 RPM-2012-05-17:4824:1 RPM-2012-05-17:4826:1 RPM-2012-05-17:4828:1 RPM-2012-05-17:4833:1 RPM-2012-05-17:4833:2 RPM-2012-05-17:4833:3 RPM-2012-05-17:4834:1 RPM-2012-05-17:4836:1 RPM-2012-05-17:4842:1 RPM-2012-05-17:4844:1
807,D,60,12550,3,2012-05-17,2012-07-12,RPM-2012-05-17:4846:1 RPM-2012-05-17:4849:1 RPM-2012-05-17:4849:2 RPM-2012-05-17:4850:1 RPM-2012-06-14:4854:1 RPM-2012-06-14:4857:1 RPM-2012-06-14:4858:1 RPM-2012-06-14:4859:1 RPM-2012-06-14:4860:1 RPM-2012-06-14:4871:1 RPM-2012-06-14:4873:1 RPM-2012-06-14:4875:1 RPM-2012-06-14:4877:1 RPM-2012-06-14:4883:1 RPM-2012-06-14:4885:2 RPM-2012-06-14:4885:3 RPM-2012-06-14:4886:1 RPM-2012-06-14:4892:1 RPM-2012-06-14:4894:1 RPM-2012-06-14:4896:1 RPM-2012-06-14:4899:1 RPM-2012-06-14:4899:2 RPM-2012-07-12:4903:1 RPM-2012-07-12:4916:1 RPM-2012-07-12:4916:2 RPM-2012-07-12:4916:3 RPM-2012-07-12:4918:1 RPM-2012-07-12:4921:1 RPM-2012-07-12:4922:1 RPM-2012-07-12:4922:2 RPM-2012-07-12:4923:2 RPM-2012-07-12:4923:3 RPM-2012-07-12:4924:1 RPM-2012-07-12:4925:1 RPM-2012-07-12:4926:2 RPM-2012-07-12:4926:3 RPM-2012-07-12:4927:1 RPM-2012-07-12:4928:1 RPM-2012-07-12:4930:1 RPM-2012-07-12:4932:1 RPM-2012-07-12:4934:1 RPM-2012-07-12:4937:1 RPM-2012-07-12:4938:1 RPM-2012-07-12:4939:1 RPM-2012-07-12:4940:1 RPM-2012-07-12:4941:1 RPM-2012-07-12:4942:1 RPM-2012-07-12:4943:1 RPM-2012-07-12:4945:1 RPM-2012-07-12:4946:1 RPM-2012-07-12:4947:1 RPM-2012-07-12:4948:1 RPM-2012-07-12:4953:1 RPM-2012-07-12:4954:1 RPM-2012-07-12:4954:2 RPM-2012-07-12:4954:3 RPM-2012-07-12:4955:1 RPM-2012-07-12:4955:2 RPM-2012-07-12:4955:3 RPM-2012-07-12:4956:1
808,D,61,12497,4,2012-07-12,2012-10-18,RPM-2012-07-12:4965:1 RPM-2012-07-12:4968:1 RPM-2012-07-12:4970:1 RPM-2012-07-12:4973:2 RPM-2012-08-16:4978:1 RPM-2012-08-16:4987:1 RPM-2012-08-16:4990:2 RPM-2012-08-16:4992:1 RPM-2012-08-16:4994:1 RPM-2012-08-16:4995:1 RPM-2012-08-16:4996:1 RPM-2012-08-16:5001:1 RPM-2012-08-16:5003:1 RPM-2012-08-16:5003:2 RPM-2012-08-16:5005:1 RPM-2012-08-16:5012:1 RPM-2012-08-16:5016:1 RPM-2012-08-16:5018:1 RPM-2012-08-16:5021:1 RPM-2012-08-16:5022:2 RPM-2012-08-16:5022:3 RPM-2012-08-16:5023:1 RPM-2012-08-16:5027:1 RPM-2012-08-16:5032:1 RPM-2012-08-16:5034:1 RPM-2012-08-16:5036:1 RPM-2012-08-16:5039:2 RPM-2012-08-16:5040:1 RPM-2012-09-13:5044:1 RPM-2012-09-13:5044:2 RPM-2012-09-13:5045:1 RPM-2012-09-13:5050:1 RPM-2012-09-13:5057:1 RPM-2012-09-13:5061:1 RPM-2012-09-13:5061:2 RPM-2012-09-13:5065:2 RPM-2012-09-13:5067:1 RPM-2012-09-13:5068:1 RPM-2012-09-13:5071:1 RPM-2012-09-13:5076:2 RPM-2012-09-13:5076:3 RPM-2012-09-13:5077:1 RPM-2012-09-13:5079:1 RPM-2012-09-13:5080:1 RPM-2012-09-13:5086:1 RPM-2012-09-13:5088:1 RPM-2012-09-13:5090:1 RPM-2012-09-13:5093:1 RPM-2012-10-18:5097:1 RPM-2012-10-18:5104:1 RPM-2012-10-18:5105:1 RPM-2012-10-18:5106:1 RPM-2012-10-18:5107:1 RPM-2012-10-18:5107:2 RPM-2012-10-18:5108:1 RPM-2012-10-18:5110:1 RPM-2012-10-18:5110:2 RPM-2012-10-18:5111:1 RPM-2012-10-18:5113:2 RPM-2012-10-18:5121:1 RPM-2012-10-18:5122:2
809,D,55,12764,3,2012-10-18,2012-12-13,RPM-2012-10-18:5126:1 RPM-2012-10-18:5127:1 RPM-2012-10-18:5129:1 RPM-2012-10-18:5132:1 RPM-2012-10-18:5133:1 RPM-2012-10-18:5133:2 RPM-2012-10-18:5134:1 RPM-2012-10-18:5136:1 RPM-2012-10-18:5140:1 RPM-2012-10-18:5141:2 RPM-2012-10-18:5141:3 RPM-2012-10-18:5142:1 RPM-2012-10-18:5146:1 RPM-2012-10-18:5152:1 RPM-2012-10-18:5154:1 RPM-2012-10-18:5156:1 RPM-2012-10-18:5159:2 RPM-2012-10-18:5160:1 RPM-2012-11-13:5168:1 RPM-2012-11-13:5168:2 RPM-2012-11-13:5170:1 RPM-2012-11-13:5171:1 RPM-2012-11-13:5178:2 RPM-2012-11-13:5180:1 RPM-2012-11-13:5181:1 RPM-2012-11-13:5182:1 RPM-2012-11-13:5183:2 RPM-2012-11-13:5183:4 RPM-2012-11-13:5185:1 RPM-2012-11-13:5187:1 RPM-2012-11-13:5188:1 RPM-2012-11-13:5189:1 RPM-2012-11-13:5191:1 RPM-2012-11-13:5193:1 RPM-2012-11-13:5197:1 RPM-2012-11-13:5198:1 RPM-2012-11-13:5199:1 RPM-2012-11-13:5200:1 RPM-2012-11-13:5200:2 RPM-2012-11-13:5201:1 RPM-2012-11-13:5207:2 RPM-2012-11-13:5207:3 RPM-2012-11-13:5208:1 RPM-2012-11-13:5212:1 RPM-2012-11-13:5212:4 RPM-2012-11-13:5214:1 RPM-2012-11-13:5216:1 RPM-2012-11-13:5218:1 RPM-2012-11-13:5221:2 RPM-2012-11-13:5222:1 RPM-2012-12-13:5226:1 RPM-2012-12-13:5228:1 RPM-2012-12-13:5230:1 RPM-2012-12-13:5232:1 RPM-2012-12-13:5242:1
810,D,54,13032,3,2012-12-13,2013-02-14,RPM-2012-12-13:5243:2 RPM-2012-12-13:5245:1 RPM-2012-12-13:5246:2 RPM-2012-12-13:5247:1 RPM-2012-12-13:5248:1 RPM-2012-12-13:5252:2 RPM-2012-12-13:5252:3 RPM-2012-12-13:5252:4 RPM-2012-12-13:5256:1 RPM-2012-12-13:5257:1 RPM-2012-12-13:5260:1 RPM-2012-12-13:5262:1 RPM-2012-12-13:5264:1 RPM-2012-12-13:5267:2 RPM-2013-01-17:5271:1 RPM-2013-01-17:5275:2 RPM-2013-01-17:5279:1 RPM-2013-01-17:5286:2 RPM-2013-01-17:5288:1 RPM-2013-01-17:5290:1 RPM-2013-01-17:5291:1 RPM-2013-01-17:5293:2 RPM-2013-01-17:5293:3 RPM-2013-01-17:5295:1 RPM-2013-01-17:5297:1 RPM-2013-01-17:5299:1 RPM-2013-01-17:5304:1 RPM-2013-01-17:5305:1 RPM-2013-01-17:5311:1 RPM-2013-01-17:5312:1 RPM-2013-01-17:5313:2 RPM-2013-01-17:5313:3 RPM-2013-01-17:5314:1 RPM-2013-01-17:5318:1 RPM-2013-01-17:5323:1 RPM-2013-01-17:5325:1 RPM-2013-01-17:5327:1 RPM-2013-01-17:5330:2 RPM-2013-01-17:5331:1 RPM-2013-02-14:5335:1 RPM-2013-02-14:5336:1 RPM-2013-02-14:5338:1 RPM-2013-02-14:5340:1 RPM-2013-02-14:5341:1 RPM-2013-02-14:5343:1 RPM-2013-02-14:5344:1 RPM-2013-02-14:5345:1 RPM-2013-02-14:5347:1 RPM-2013-02-14:5347:2 RPM-2013-02-14:5347:3 RPM-2013-02-14:5348:1 RPM-2013-02-14:5349:2 RPM-2013-02-14:5350:1 RPM-2013-02-14:5360:2
811,D,55,12887,3,2013-02-14,2013-04-11,RPM-2013-02-14:5362:1 RPM-2013-02-14:5363:1 RPM-2013-02-14:5367:3 RPM-2013-02-14:5367:4 RPM-2013-02-14:5368:1 RPM-2013-02-14:5369:1 RPM-2013-02-14:5371:1 RPM-2013-02-14:5373:1 RPM-2013-02-14:5377:1 RPM-2013-02-14:5379:1 RPM-2013-02-14:5381:1 RPM-2013-02-14:5381:2 RPM-2013-02-14:5381:3 RPM-2013-02-14:5385:1 RPM-2013-02-14:5390:1 RPM-2013-02-14:5392:1 RPM-2013-02-14:5394:1 RPM-2013-02-14:5398:2 RPM-2013-02-14:5399:1 RPM-2013-03-14:5417:1 RPM-2013-03-14:5417:2 RPM-2013-03-14:5418:2 RPM-2013-03-14:5419:1 RPM-2013-03-14:5421:1 RPM-2013-03-14:5427:1 RPM-2013-03-14:5428:1 RPM-2013-03-14:5429:1 RPM-2013-03-14:5435:2 RPM-2013-03-14:5435:3 RPM-2013-03-14:5436:1 RPM-2013-03-14:5440:1 RPM-2013-03-14:5446:1 RPM-2013-03-14:5448:1 RPM-2013-03-14:5450:1 RPM-2013-03-14:5453:2 RPM-2013-03-14:5454:1 RPM-2013-04-11:5458:1 RPM-2013-04-11:5460:1 RPM-2013-04-11:5470:1 RPM-2013-04-11:5470:2 RPM-2013-04-11:5474:1 RPM-2013-04-11:5479:1 RPM-2013-04-11:5481:1 RPM-2013-04-11:5482:1 RPM-2013-04-11:5483:1 RPM-2013-04-11:5484:1 RPM-2013-04-11:5488:1 RPM-2013-04-11:5490:1 RPM-2013-04-11:5494:1 RPM-2013-04-11:5498:1 RPM-2013-04-11:5498:2 RPM-2013-04-11:5498:3 RPM-2013-04-11:5500:2 RPM-2013-04-11:5504:1 RPM-2013-04-11:5507:1
812,D,57,12517,4,2013-04-11,2013-07-11,RPM-2013-04-11:5509:1 RPM-2013-04-11:5511:1 RPM-2013-04-11:5514:2 RPM-2013-04-11:5515:1 RPM-2013-05-16:5519:1 RPM-2013-05-16:5519:2 RPM-2013-05-16:5522:1 RPM-2013-05-16:5525:1 RPM-2013-05-16:5532:1 RPM-2013-05-16:5534:1 RPM-2013-05-16:5534:2 RPM-2013-05-16:5536:1 RPM-2013-05-16:5538:1 RPM-2013-05-16:5540:1 RPM-2013-05-16:5546:1 RPM-2013-05-16:5547:1 RPM-2013-05-16:5548:2 RPM-2013-05-16:5548:3 RPM-2013-05-16:5550:1 RPM-2013-05-16:5553:1 RPM-2013-05-16:5559:1 RPM-2013-05-16:5561:1 RPM-2013-05-16:5563:1 RPM-2013-05-16:5566:2 RPM-2013-05-16:5567:1 RPM-2013-06-13:5571:1 RPM-2013-06-13:5572:1 RPM-2013-06-13:5575:1 RPM-2013-06-13:5578:1 RPM-2013-06-13:5578:2 RPM-2013-06-13:5580:1 RPM-2013-06-13:5589:2 RPM-2013-06-13:5593:1 RPM-2013-06-13:5595:1 RPM-2013-06-13:5602:1 RPM-2013-06-13:5605:1 RPM-2013-06-13:5607:1 RPM-2013-06-13:5615:2 RPM-2013-06-13:5615:3 RPM-2013-06-13:5615:4 RPM-2013-06-13:5616:1 RPM-2013-06-13:5620:1 RPM-2013-06-13:5627:1 RPM-2013-06-13:5629:1 RPM-2013-06-13:5631:1 RPM-2013-06-13:5634:2 RPM-2013-06-13:5635:1 RPM-2013-07-11:5639:1 RPM-2013-07-11:5640:1 RPM-2013-07-11:5643:1 RPM-2013-07-11:5643:2 RPM-2013-07-11:5643:3 RPM-2013-07-11:5644:1 RPM-2013-07-11:5647:1 RPM-2013-07-11:5648:1 RPM-2013-07-11:5650:1 RPM-2013-07-11:5655:2
813,D,55,12813,3,2013-07-11,2013-09-12,RPM-2013-07-11:5657:1 RPM-2013-07-11:5660:1 RPM-2013-07-11:5662:2 RPM-2013-07-11:5665:1 RPM-2013-07-11:5666:1 RPM-2013-07-11:5670:1 RPM-2013-07-11:5672:1 RPM-2013-07-11:5679:2 RPM-2013-07-11:5679:3 RPM-2013-07-11:5680:1 RPM-2013-07-11:5683:1 RPM-2013-07-11:5684:1 RPM-2013-07-11:5692:1 RPM-2013-07-11:5693:2 RPM-2013-07-11:5695:1 RPM-2013-07-11:5696:1 RPM-2013-07-11:5699:2 RPM-2013-07-11:5700:1 RPM-2013-08-13:5704:1 RPM-2013-08-13:5706:1 RPM-2013-08-13:5717:2 RPM-2013-08-13:5718:1 RPM-2013-08-13:5719:2 RPM-2013-08-13:5719:3 RPM-2013-08-13:5720:1 RPM-2013-08-13:5720:2 RPM-2013-08-13:5722:1 RPM-2013-08-13:5725:1 RPM-2013-08-13:5726:1 RPM-2013-08-13:5727:2 RPM-2013-08-13:5728:1 RPM-2013-08-13:5730:1 RPM-2013-08-13:5738:2 RPM-2013-08-13:5738:3 RPM-2013-08-13:5739:1 RPM-2013-08-13:5742:2 RPM-2013-08-13:5742:4 RPM-2013-08-13:5744:1 RPM-2013-08-13:5746:1 RPM-2013-08-13:5748:1 RPM-2013-08-13:5749:1 RPM-2013-08-13:5752:2 RPM-2013-08-13:5753:1 RPM-2013-09-12:5757:1 RPM-2013-09-12:5758:1 RPM-2013-09-12:5763:1 RPM-2013-09-12:5764:1 RPM-2013-09-12:5764:2 RPM-2013-09-12:5767:1 RPM-2013-09-12:5770:1 RPM-2013-09-12:5777:2 RPM-2013-09-12:5779:1 RPM-2013-09-12:5780:1 RPM-2013-09-12:5782:1 RPM-2013-09-12:5784:1
814,D,59,12245,4,2013-09-12,2013-12-12,RPM-2013-09-12:5786:1 RPM-2013-09-12:5788:1 RPM-2013-09-12:5792:1 RPM-2013-09-12:5793:2 RPM-2013-09-12:5794:1 RPM-2013-09-12:5795:1 RPM-2013-09-12:5797:1 RPM-2013-09-12:5798:2 RPM-2013-09-12:5798:3 RPM-2013-09-12:5799:1 RPM-2013-09-12:5802:2 RPM-2013-09-12:5802:4 RPM-2013-09-12:5804:1 RPM-2013-09-12:5806:1 RPM-2013-09-12:5808:1 RPM-2013-09-12:5809:1 RPM-2013-09-12:5812:1 RPM-2013-09-12:5812:2 RPM-2013-09-12:5813:1 RPM-2013-10-17:5817:1 RPM-2013-10-17:5819:1 RPM-2013-10-17:5820:1 RPM-2013-10-17:5827:2 RPM-2013-10-17:5829:1 RPM-2013-10-17:5831:1 RPM-2013-10-17:5832:1 RPM-2013-10-17:5834:1 RPM-2013-10-17:5837:1 RPM-2013-10-17:5842:2 RPM-2013-10-17:5842:3 RPM-2013-10-17:5843:1 RPM-2013-10-17:5846:1 RPM-2013-10-17:5848:1 RPM-2013-10-17:5850:1 RPM-2013-10-17:5852:1 RPM-2013-10-17:5854:1 RPM-2013-10-17:5857:2 RPM-2013-10-17:5858:1 RPM-2013-11-19:5870:2 RPM-2013-11-19:5872:1 RPM-2013-11-19:5872:2 RPM-2013-11-19:5874:1 RPM-2013-11-19:5875:1 RPM-2013-11-19:5876:1 RPM-2013-11-19:5878:1 RPM-2013-11-19:5884:2 RPM-2013-11-19:5884:3 RPM-2013-11-19:5885:1 RPM-2013-11-19:5888:1 RPM-2013-11-19:5892:1 RPM-2013-11-19:5892:2 RPM-2013-11-19:5892:4 RPM-2013-11-19:5894:1 RPM-2013-11-19:5896:1 RPM-2013-11-19:5898:1 RPM-2013-11-19:5899:1 RPM-2013-11-19:5903:2 RPM-2013-11-19:5904:1 RPM-2013-12-12:5908:1
815,D,55,12969,3,2013-12-12,2014-02-18,RPM-2013-12-12:5910:1 RPM-2013-12-12:5912:1 RPM-2013-12-12:5920:1 RPM-2013-12-12:5922:1 RPM-2013-12-12:5927:1 RPM-2013-12-12:5928:1 RPM-2013-12-12:5929:1 RPM-2013-12-12:5930:1 RPM-2013-12-12:5932:1 RPM-2013-12-12:5934:1 RPM-2013-12-12:5941:1 RPM-2013-12-12:5942:2 RPM-2013-12-12:5942:3 RPM-2013-12-12:5943:1 RPM-2013-12-12:5946:1 RPM-2013-12-12:5950:1 RPM-2013-12-12:5952:1 RPM-2013-12-12:5954:1 RPM-2013-12-12:5956:1 RPM-2013-12-12:5958:1 RPM-2013-12-12:5959:1 RPM-2013-12-12:5963:1 RPM-2014-01-16:5969:1 RPM-2014-01-16:5976:2 RPM-2014-01-16:5980:1 RPM-2014-01-16:5981:1 RPM-2014-01-16:5983:1 RPM-2014-01-16:5991:2 RPM-2014-01-16:5991:3 RPM-2014-01-16:5992:1 RPM-2014-01-16:5997:1 RPM-2014-01-16:5999:2 RPM-2014-01-16:5999:4 RPM-2014-01-16:6001:1 RPM-2014-01-16:6003:1 RPM-2014-01-16:6007:1 RPM-2014-02-18:6011:1 RPM-2014-02-18:6012:1 RPM-2014-02-18:6013:1 RPM-2014-02-18:6014:2 RPM-2014-02-18:6015:1 RPM-2014-02-18:6015:3 RPM-2014-02-18:6019:1 RPM-2014-02-18:6026:2 RPM-2014-02-18:6028:1 RPM-2014-02-18:6030:1 RPM-2014-02-18:6031:1 RPM-2014-02-18:6039:2 RPM-2014-02-18:6039:5 RPM-2014-02-18:6042:1 RPM-2014-02-18:6046:1 RPM-2014-02-18:6048:1 RPM-2014-02-18:6050:1 RPM-2014-02-18:6050:3 RPM-2014-02-18:6052:1
816,D,53,12977,3,2014-02-18,2014-04-17,RPM-2014-02-18:6056:1 RPM-2014-03-13:6060:1 RPM-2014-03-13:6061:1 RPM-2014-03-13:6063:1 RPM-2014-03-13:6066:1 RPM-2014-03-13:6068:1 RPM-2014-03-13:6069:2 RPM-2014-03-13:6073:1 RPM-2014-03-13:6074:1 RPM-2014-03-13:6080:1 RPM-2014-03-13:6080:2 RPM-2014-03-13:6082:1 RPM-2014-03-13:6083:1 RPM-2014-03-13:6086:1 RPM-2014-03-13:6088:1 RPM-2014-03-13:6093:2 RPM-2014-03-13:6093:3 RPM-2014-03-13:6097:1 RPM-2014-03-13:6098:1 RPM-2014-03-13:6106:1 RPM-2014-03-13:6108:1 RPM-2014-03-13:6110:1 RPM-2014-03-13:6113:2 RPM-2014-03-13:6114:1 RPM-2014-04-17:6120:1 RPM-2014-04-17:6121:1 RPM-2014-04-17:6122:1 RPM-2014-04-17:6127:1 RPM-2014-04-17:6132:1 RPM-2014-04-17:6132:3 RPM-2014-04-17:6134:1 RPM-2014-04-17:6135:1 RPM-2014-04-17:6135:2 RPM-2014-04-17:6135:3 RPM-2014-04-17:6136:1 RPM-2014-04-17:6137:1 RPM-2014-04-17:6137:2 RPM-2014-04-17:6138:1 RPM-2014-04-17:6143:1 RPM-2014-04-17:6145:1 RPM-2014-04-17:6148:1 RPM-2014-04-17:6149:1 RPM-2014-04-17:6152:1 RPM-2014-04-17:6153:1 RPM-2014-04-17:6156:1 RPM-2014-04-17:6156:2 RPM-2014-04-17:6157:1 RPM-2014-04-17:6159:1 RPM-2014-04-17:6162:1 RPM-2014-04-17:6163:1 RPM-2014-04-17:6163:3 RPM-2014-04-17:6163:4 RPM-2014-04-17:6164:1
817,D,58,12650,3,2014-04-17,2014-06-12,RPM-2014-04-17:6167:1 RPM-2014-04-17:6168:1 RPM-2014-04-17:6170:2 RPM-2014-04-17:6174:1 RPM-2014-04-17:6176:1 RPM-2014-04-17:6177:2 RPM-2014-04-17:6179:2 RPM-2014-04-17:6180:1 RPM-2014-05-15:6184:1 RPM-2014-05-15:6191:1 RPM-2014-05-15:6192:2 RPM-2014-05-15:6194:1 RPM-2014-05-15:6195:1 RPM-2014-05-15:6195:2 RPM-2014-05-15:6196:1 RPM-2014-05-15:6197:1 RPM-2014-05-15:6200:2 RPM-2014-05-15:6201:1 RPM-2014-05-15:6202:1 RPM-2014-05-15:6203:1 RPM-2014-05-15:6204:1 RPM-2014-05-15:6205:1 RPM-2014-05-15:6206:1 RPM-2014-05-15:6207:1 RPM-2014-05-15:6209:1 RPM-2014-05-15:6211:1 RPM-2014-05-15:6217:1 RPM-2014-05-15:6220:1 RPM-2014-05-15:6220:2 RPM-2014-05-15:6220:3 RPM-2014-05-15:6221:1 RPM-2014-05-15:6225:1 RPM-2014-05-15:6225:3 RPM-2014-05-15:6227:1 RPM-2014-05-15:6229:1 RPM-2014-05-15:6231:1 RPM-2014-05-15:6234:2 RPM-2014-05-15:6235:1 RPM-2014-06-12:6239:2 RPM-2014-06-12:6241:1 RPM-2014-06-12:6241:2 RPM-2014-06-12:6243:1 RPM-2014-06-12:6244:1 RPM-2014-06-12:6245:1 RPM-2014-06-12:6245:2 RPM-2014-06-12:6261:1 RPM-2014-06-12:6263:1 RPM-2014-06-12:6265:1 RPM-2014-06-12:6266:1 RPM-2014-06-12:6268:1 RPM-2014-06-12:6269:1 RPM-2014-06-12:6269:2 RPM-2014-06-12:6272:1 RPM-2014-06-12:6274:2 RPM-2014-06-12:6275:1 RPM-2014-06-12:6276:2 RPM-2014-06-12:6276:3 RPM-2014-06-12:6277:2
818,D,58,12693,4,2014-06-12,2014-09-11,RPM-2014-06-12:6277:3 RPM-2014-06-12:6280:1 RPM-2014-06-12:6281:1 RPM-2014-06-12:6283:2 RPM-2014-06-12:6287:1 RPM-2014-06-12:6289:1 RPM-2014-06-12:6291:1 RPM-2014-06-12:6293:2 RPM-2014-06-12:6293:3 RPM-2014-06-12:6295:1 RPM-2014-07-15:6301:1 RPM-2014-07-15:6302:1 RPM-2014-07-15:6310:1 RPM-2014-07-15:6312:1 RPM-2014-07-15:6314:1 RPM-2014-07-15:6316:1 RPM-2014-07-15:6319:2 RPM-2014-07-15:6320:1 RPM-2014-07-15:6326:2 RPM-2014-07-15:6326:3 RPM-2014-07-15:6327:1 RPM-2014-07-15:6330:1 RPM-2014-07-15:6331:1 RPM-2014-07-15:6331:3 RPM-2014-07-15:6333:1 RPM-2014-07-15:6335:1 RPM-2014-07-15:6337:1 RPM-2014-07-15:6341:1 RPM-2014-08-14:6345:1 RPM-2014-08-14:6346:1 RPM-2014-08-14:6348:1 RPM-2014-08-14:6351:1 RPM-2014-08-14:6355:2 RPM-2014-08-14:6357:1 RPM-2014-08-14:6358:1 RPM-2014-08-14:6360:1 RPM-2014-08-14:6361:1 RPM-2014-08-14:6363:1 RPM-2014-08-14:6365:1 RPM-2014-08-14:6366:1 RPM-2014-08-14:6367:1 RPM-2014-08-14:6368:2 RPM-2014-08-14:6368:3 RPM-2014-08-14:6369:1 RPM-2014-08-14:6371:1 RPM-2014-08-14:6373:1 RPM-2014-08-14:6373:2 RPM-2014-08-14:6373:3 RPM-2014-08-14:6376:1 RPM-2014-08-14:6377:1 RPM-2014-08-14:6381:3 RPM-2014-08-14:6383:1 RPM-2014-08-14:6385:1 RPM-2014-08-14:6387:1 RPM-2014-08-14:6389:2 RPM-2014-08-14:6389:3 RPM-2014-08-14:6390:1 RPM-2014-09-11:6396:1
819,D,59,12468,3,2014-09-11,2014-11-18,RPM-2014-09-11:6404:2 RPM-2014-09-11:6406:1 RPM-2014-09-11:6407:1 RPM-2014-09-11:6407:2 RPM-2014-09-11:6409:1 RPM-2014-09-11:6411:1 RPM-2014-09-11:6413:1 RPM-2014-09-11:6415:1 RPM-2014-09-11:6415:2 RPM-2014-09-11:6415:3 RPM-2014-09-11:6415:4 RPM-2014-09-11:6418:1 RPM-2014-09-11:6419:1 RPM-2014-09-11:6422:2 RPM-2014-09-11:6422:3 RPM-2014-09-11:6423:1 RPM-2014-09-11:6426:1 RPM-2014-09-11:6427:2 RPM-2014-09-11:6431:1 RPM-2014-09-11:6433:1 RPM-2014-09-11:6435:1 RPM-2014-09-11:6438:2 RPM-2014-09-11:6439:1 RPM-2014-10-16:6442:1 RPM-2014-10-16:6443:2 RPM-2014-10-16:6450:1 RPM-2014-10-16:6450:2 RPM-2014-10-16:6451:2 RPM-2014-10-16:6451:3 RPM-2014-10-16:6451:4 RPM-2014-10-16:6453:1 RPM-2014-10-16:6455:1 RPM-2014-10-16:6455:2 RPM-2014-10-16:6456:2 RPM-2014-10-16:6458:1 RPM-2014-10-16:6460:1 RPM-2014-10-16:6462:1 RPM-2014-10-16:6463:1 RPM-2014-10-16:6466:2 RPM-2014-10-16:6466:3 RPM-2014-10-16:6467:1 RPM-2014-10-16:6471:1 RPM-2014-10-16:6473:2 RPM-2014-10-16:6477:1 RPM-2014-10-16:6479:1 RPM-2014-10-16:6481:1 RPM-2014-10-16:6484:2 RPM-2014-10-16:6485:1 RPM-2014-11-18:6487:3 RPM-2014-11-18:6491:2 RPM-2014-11-18:6493:1 RPM-2014-11-18:6495:1 RPM-2014-11-18:6497:1 RPM-2014-11-18:6499:1 RPM-2014-11-18:6505:2 RPM-2014-11-18:6505:3 RPM-2014-11-18:6506:1 RPM-2014-11-18:6508:1 RPM-2014-11-18:6508:3
820,D,56,12900,5,2014-11-18,2015-03-19,RPM-2014-11-18:6510:1 RPM-2014-11-18:6512:1 RPM-2014-11-18:6514:1 RPM-2014-11-18:6517:2 RPM-2014-12-11:6521:1 RPM-2014-12-11:6526:1 RPM-2014-12-11:6533:1 RPM-2014-12-11:6533:2 RPM-2014-12-11:6534:2 RPM-2014-12-11:6534:3 RPM-2014-12-11:6540:1 RPM-2014-12-11:6542:1 RPM-2014-12-11:6544:1 RPM-2014-12-11:6547:2 RPM-2014-12-11:6548:1 RPM-2015-01-15:6557:1 RPM-2015-01-15:6559:1 RPM-2015-01-15:6567:1 RPM-2015-01-15:6568:1 RPM-2015-01-15:6575:1 RPM-2015-01-15:6576:1 RPM-2015-01-15:6579:1 RPM-2015-01-15:6580:1 RPM-2015-01-15:6582:1 RPM-2015-01-15:6583:2 RPM-2015-01-15:6583:3 RPM-2015-01-15:6583:4 RPM-2015-01-15:6584:1 RPM-2015-01-15:6588:1 RPM-2015-01-15:6590:1 RPM-2015-01-15:6592:1 RPM-2015-01-15:6595:1 RPM-2015-02-12:6599:1 RPM-2015-02-12:6601:2 RPM-2015-02-12:6603:1 RPM-2015-02-12:6605:1 RPM-2015-02-12:6606:1 RPM-2015-02-12:6607:2 RPM-2015-02-12:6615:1 RPM-2015-02-12:6616:1 RPM-2015-02-12:6618:2 RPM-2015-02-12:6621:1 RPM-2015-02-12:6625:2 RPM-2015-02-12:6625:3 RPM-2015-02-12:6626:1 RPM-2015-02-12:6628:1 RPM-2015-02-12:6628:3 RPM-2015-02-12:6630:1 RPM-2015-02-12:6632:1 RPM-2015-02-12:6634:1 RPM-2015-02-12:6637:1 RPM-2015-03-19:6645:1 RPM-2015-03-19:6647:1 RPM-2015-03-19:6648:1 RPM-2015-03-19:6655:2 RPM-2015-03-19:6660:1
821,D,55,13016,3,2015-03-19,2015-05-14,RPM-2015-03-19:6663:1 RPM-2015-03-19:6665:1 RPM-2015-03-19:6666:1 RPM-2015-03-19:6668:1 RPM-2015-03-19:6671:1 RPM-2015-03-19:6674:1 RPM-2015-03-19:6675:1 RPM-2015-03-19:6678:1 RPM-2015-03-19:6678:2 RPM-2015-03-19:6678:3 RPM-2015-03-19:6684:1 RPM-2015-03-19:6686:1 RPM-2015-03-19:6688:1 RPM-2015-04-16:6695:1 RPM-2015-04-16:6697:1 RPM-2015-04-16:6699:1 RPM-2015-04-16:6701:1 RPM-2015-04-16:6703:1 RPM-2015-04-16:6706:1 RPM-2015-04-16:6715:2 RPM-2015-04-16:6717:1 RPM-2015-04-16:6720:1 RPM-2015-04-16:6722:1 RPM-2015-04-16:6723:1 RPM-2015-04-16:6724:1 RPM-2015-04-16:6726:1 RPM-2015-04-16:6727:2 RPM-2015-04-16:6729:1 RPM-2015-04-16:6730:1 RPM-2015-04-16:6730:2 RPM-2015-04-16:6730:3 RPM-2015-04-16:6732:1 RPM-2015-04-16:6734:1 RPM-2015-04-16:6736:1 RPM-2015-04-16:6738:1 RPM-2015-04-16:6740:1 RPM-2015-04-16:6741:2 RPM-2015-04-16:6741:3 RPM-2015-04-16:6742:1 RPM-2015-04-16:6748:1 RPM-2015-04-16:6750:1 RPM-2015-04-16:6754:2 RPM-2015-05-14:6758:1 RPM-2015-05-14:6760:1 RPM-2015-05-14:6763:1 RPM-2015-05-14:6768:2 RPM-2015-05-14:6769:2 RPM-2015-05-14:6770:1 RPM-2015-05-14:6770:2 RPM-2015-05-14:6771:1 RPM-2015-05-14:6773:1 RPM-2015-05-14:6774:1 RPM-2015-05-14:6775:1 RPM-2015-05-14:6776:1 RPM-2015-05-14:6777:1
822,D,60,12563,2,2015-05-14,2015-06-11,RPM-2015-05-14:6779:1 RPM-2015-05-14:6781:1 RPM-2015-05-14:6783:1 RPM-2015-05-14:6785:1 RPM-2015-05-14:6788:1 RPM-2015-05-14:6789:1 RPM-2015-05-14:6790:2 RPM-2015-05-14:6791:2 RPM-2015-05-14:6793:2 RPM-2015-05-14:6793:3 RPM-2015-05-14:6796:1 RPM-2015-05-14:6798:1 RPM-2015-05-14:6800:1 RPM-2015-05-14:6800:3 RPM-2015-05-14:6801:1 RPM-2015-05-14:6803:1 RPM-2015-05-14:6806:2 RPM-2015-05-14:6806:3 RPM-2015-05-14:6807:1 RPM-2015-05-14:6808:2 RPM-2015-05-14:6809:1 RPM-2015-06-11:6813:1 RPM-2015-06-11:6813:2 RPM-2015-06-11:6813:4 RPM-2015-06-11:6816:1 RPM-2015-06-11:6817:1 RPM-2015-06-11:6822:1 RPM-2015-06-11:6827:1 RPM-2015-06-11:6829:1 RPM-2015-06-11:6829:2 RPM-2015-06-11:6831:1 RPM-2015-06-11:6832:1 RPM-2015-06-11:6833:1 RPM-2015-06-11:6835:1 RPM-2015-06-11:6837:1 RPM-2015-06-11:6838:1 RPM-2015-06-11:6839:1 RPM-2015-06-11:6839:2 RPM-2015-06-11:6840:1 RPM-2015-06-11:6841:1 RPM-2015-06-11:6842:1 RPM-2015-06-11:6844:1 RPM-2015-06-11:6846:1 RPM-2015-06-11:6848:1 RPM-2015-06-11:6848:2 RPM-2015-06-11:6849:2 RPM-2015-06-11:6850:1 RPM-2015-06-11:6851:1 RPM-2015-06-11:6852:2 RPM-2015-06-11:6852:3 RPM-2015-06-11:6853:1 RPM-2015-06-11:6855:1 RPM-2015-06-11:6857:1 RPM-2015-06-11:6858:1 RPM-2015-06-11:6860:1 RPM-2015-06-11:6861:2 RPM-2015-06-11:6862:1 RPM-2015-06-11:6862:2 RPM-2015-06-11:6862:3 RPM-2015-06-11:6863:2
823,D,55,12752,4,2015-06-11,2015-09-15,RPM-2015-06-11:6864:1 RPM-2015-07-14:6869:1 RPM-2015-07-14:6869:2 RPM-2015-07-14:6873:1 RPM-2015-07-14:6875:1 RPM-2015-07-14:6877:1 RPM-2015-07-14:6884:2 RPM-2015-07-14:6890:1 RPM-2015-07-14:6891:1 RPM-2015-07-14:6892:1 RPM-2015-07-14:6898:1 RPM-2015-07-14:6899:1 RPM-2015-07-14:6900:1 RPM-2015-07-14:6904:2 RPM-2015-07-14:6904:3 RPM-2015-07-14:6905:1 RPM-2015-07-14:6907:1 RPM-2015-07-14:6909:1 RPM-2015-07-14:6911:1 RPM-2015-07-14:6913:1 RPM-2015-07-14:6915:1 RPM-2015-07-14:6917:1 RPM-2015-08-13:6922:1 RPM-2015-08-13:6926:2 RPM-2015-08-13:6928:1 RPM-2015-08-13:6929:1 RPM-2015-08-13:6930:1 RPM-2015-08-13:6931:1 RPM-2015-08-13:6933:1 RPM-2015-08-13:6934:1 RPM-2015-08-13:6938:1 RPM-2015-08-13:6940:1 RPM-2015-08-13:6942:2 RPM-2015-08-13:6946:1 RPM-2015-08-13:6948:1 RPM-2015-08-13:6951:1 RPM-2015-08-13:6952:2 RPM-2015-08-13:6961:2 RPM-2015-08-13:6961:3 RPM-2015-08-13:6962:1 RPM-2015-08-13:6964:1 RPM-2015-08-13:6968:1 RPM-2015-08-13:6970:1 RPM-2015-08-13:6973:1 RPM-2015-08-13:6975:1 RPM-2015-08-13:6979:1 RPM-2015-09-15:6984:1 RPM-2015-09-15:6985:1 RPM-2015-09-15:6985:3 RPM-2015-09-15:6986:1 RPM-2015-09-15:6989:1 RPM-2015-09-15:6990:1 RPM-2015-09-15:6991:1 RPM-2015-09-15:6993:1 RPM-2015-09-15:6994:1
824,D,55,13064,2,2015-09-15,2015-10-15,RPM-2015-09-15:6995:1 RPM-2015-09-15:6995:2 RPM-2015-09-15:6995:3 RPM-2015-09-15:6997:1 RPM-2015-09-15:6998:1 RPM-2015-09-15:7001:1 RPM-2015-09-15:7002:1 RPM-2015-09-15:7003:1 RPM-2015-09-15:7003:2 RPM-2015-09-15:7005:1 RPM-2015-09-15:7006:1 RPM-2015-09-15:7008:1 RPM-2015-09-15:7010:1 RPM-2015-09-15:7012:1 RPM-2015-09-15:7014:1 RPM-2015-09-15:7017:1 RPM-2015-09-15:7019:1 RPM-2015-09-15:7020:1 RPM-2015-09-15:7023:1 RPM-2015-09-15:7024:1 RPM-2015-09-15:7026:1 RPM-2015-09-15:7029:1 RPM-2015-09-15:7035:2 RPM-2015-09-15:7035:3 RPM-2015-09-15:7036:1 RPM-2015-09-15:7038:1 RPM-2015-09-15:7038:3 RPM-2015-09-15:7040:1 RPM-2015-09-15:7042:1 RPM-2015-09-15:7044:2 RPM-2015-09-15:7044:3 RPM-2015-09-15:7046:1 RPM-2015-10-15:7050:1 RPM-2015-10-15:7051:1 RPM-2015-10-15:7055:1 RPM-2015-10-15:7056:1 RPM-2015-10-15:7058:1 RPM-2015-10-15:7058:3 RPM-2015-10-15:7058:4 RPM-2015-10-15:7063:2 RPM-2015-10-15:7064:1 RPM-2015-10-15:7066:1 RPM-2015-10-15:7066:2 RPM-2015-10-15:7071:2 RPM-2015-10-15:7076:1 RPM-2015-10-15:7078:1 RPM-2015-10-15:7079:2 RPM-2015-10-15:7082:1 RPM-2015-10-15:7083:1 RPM-2015-10-15:7084:1 RPM-2015-10-15:7085:1 RPM-2015-10-15:7087:1 RPM-2015-10-15:7088:1 RPM-2015-10-15:7089:1 RPM-2015-10-15:7091:1
825,D,57,12669,3,2015-10-15,2015-12-17,RPM-2015-10-15:7093:1 RPM-2015-10-15:7095:1 RPM-2015-10-15:7097:2 RPM-2015-10-15:7097:3 RPM-2015-10-15:7099:1 RPM-2015-10-15:7101:1 RPM-2015-10-15:7103:1 RPM-2015-10-15:7105:1 RPM-2015-10-15:7107:1 RPM-2015-10-15:7111:1 RPM-2015-11-12:7115:1 RPM-2015-11-12:7116:1 RPM-2015-11-12:7117:1 RPM-2015-11-12:7118:1 RPM-2015-11-12:7124:3 RPM-2015-11-12:7125:2 RPM-2015-11-12:7127:1 RPM-2015-11-12:7128:1 RPM-2015-11-12:7129:1 RPM-2015-11-12:7130:1 RPM-2015-11-12:7131:1 RPM-2015-11-12:7134:1 RPM-2015-11-12:7138:1 RPM-2015-11-12:7141:1 RPM-2015-11-12:7145:2 RPM-2015-11-12:7145:3 RPM-2015-11-12:7146:1 RPM-2015-11-12:7148:1 RPM-2015-11-12:7148:3 RPM-2015-11-12:7148:5 RPM-2015-11-12:7150:1 RPM-2015-11-12:7152:1 RPM-2015-11-12:7156:1 RPM-2015-12-17:7160:1 RPM-2015-12-17:7162:1 RPM-2015-12-17:7164:1 RPM-2015-12-17:7166:1 RPM-2015-12-17:7167:1 RPM-2015-12-17:7169:1 RPM-2015-12-17:7170:1 RPM-2015-12-17:7171:1 RPM-2015-12-17:7173:1 RPM-2015-12-17:7174:2 RPM-2015-12-17:7175:2 RPM-2015-12-17:7176:1 RPM-2015-12-17:7176:2 RPM-2015-12-17:7179:2 RPM-2015-12-17:7179:3 RPM-2015-12-17:7182:2 RPM-2015-12-17:7183:1 RPM-2015-12-17:7185:1 RPM-2015-12-17:7186:1 RPM-2015-12-17:7187:1 RPM-2015-12-17:7188:2 RPM-2015-12-17:7189:1 RPM-2015-12-17:7190:1 RPM-2015-12-17:7190:2
826,D,17,3688,1,2015-12-17,2015-12-17,RPM-2015-12-17:7191:1 RPM-2015-12-17:7192:1 RPM-2015-12-17:7193:1 RPM-2015-12-17:7194:1 RPM-2015-12-17:7197:1 RPM-2015-12-17:7199:1 RPM-2015-12-17:7200:1 RPM-2015-12-17:7205:1 RPM-2015-12-17:7206:1 RPM-2015-12-17:7209:2 RPM-2015-12-17:7209:3 RPM-2015-12-17:7211:1 RPM-2015-12-17:7211:3 RPM-2015-12-17:7211:5 RPM-2015-12-17:7213:1 RPM-2015-12-17:7215:1 RPM-2015-12-17:7219:1
