ID_Turno,Fecha,Actor_Final,Rol_Final,Grupo_Actor,HD_Score_Oro,HD_Clase_Oro,Evidencia_Oro,Lex_Score,Score_Fuera_De_Pliegue,Pred_Fuera_De_Pliegue,Acierta
RPM-2005-01-11:T29,2005-01-11,Vittorio Corbo Lioi,Presidente del Banco Central,CONSEJO,0.5,HAWKISH,esta reducción del estímulo monetario va a ser en forma pausada,0.4286,0.5804,HAWKISH,SI
RPM-2005-04-07:T55,2005-04-07,María Elena Ovalle Molina,Consejera,CONSEJO,0.5,HAWKISH,una medida preventiva como esta evita ajustes más pronunciados en el futuro,0.3333,0.674,HAWKISH,SI
RPM-2005-07-12:T38,2005-07-12,Rodrigo Valdés Pulido,Gerente de División Estudios,STAFF,0.25,NEUTRAL,no se estaría disminuyendo el ritmo de normalización,0.2727,0.7955,HAWKISH,NO
RPM-2005-10-11:T46,2005-10-11,María Elena Ovalle Molina,Consejera,CONSEJO,0.5,HAWKISH,un alza de 25 puntos base en la tasa de Política Monetaria es consistente con el rango meta,0.6,0.9291,HAWKISH,SI
RPM-2006-01-12:T46,2006-01-12,Vittorio Corbo Lioi,Presidente del Banco Central,CONSEJO,0.25,NEUTRAL,"vota por mantener la tasa de política monetaria, en su nivel actual",0.0244,0.2121,NEUTRAL,SI
RPM-2006-04-13:T72,2006-04-13,Enrique Marshall Rivera,Consejero,CONSEJO,0.5,HAWKISH,vota por subir la tasa de política monetaria en 25 puntos base,0.6364,0.7915,HAWKISH,SI
RPM-2006-07-13:T3,2006-07-13,Sergio Lehmann Beresi,Gerente de Análisis Internacional,STAFF,0.0,NEUTRAL,la volatilidad en los mercados financieros se ha reducido de manera significativa,-0.8,-0.08,NEUTRAL,SI
RPM-2006-09-07:T47,2006-09-07,Enrique Marshall Rivera,Consejero,CONSEJO,-0.25,NEUTRAL,se comienzan a observar signos que permiten visualizar una trayectoria más moderada hacia delante,-0.6667,0.2167,HAWKISH,NO
RPM-2006-11-16:T5,2006-11-16,Manuel Marfán Lewis,Consejero,CONSEJO,0.0,NEUTRAL,"no hay visiones neutras, ya que sólo existen visiones optimistas o pesimistas",0.0,0.0009,NEUTRAL,SI
RPM-2007-02-08:T25,2007-02-08,Igal Magendzo Weinberger,Gerente de Análisis Macroeconómico,STAFF,0.5,HAWKISH,varios indicadores dan cuenta de mayores riesgos al alza para la inflación,-0.3846,0.0407,NEUTRAL,NO
RPM-2007-03-15:T65,2007-03-15,José De Gregorio Rebeco,Vicepresidente del Banco Central,CONSEJO,-0.75,DOVISH,se debería sesgar la política monetaria hacia un relajo,-0.3333,-0.6787,DOVISH,SI
RPM-2007-06-14:T53,2007-06-14,Enrique Marshall Rivera,Consejero,CONSEJO,0.25,NEUTRAL,"su voto es por mantener la Tasa de Política Monetaria en 5,0%",0.6364,0.5265,HAWKISH,NO
RPM-2007-09-13:T20,2007-09-13,Rodrigo Valdés Pulido,Gerente de División Estudios,STAFF,0.0,NEUTRAL,el CDS constituye actualmente un mejor estándar en el mercado que el EMBI,0.0,0.2803,NEUTRAL,SI
RPM-2007-10-11:T3,2007-10-11,Sergio Lehmann Beresi,Gerente de Análisis Internacional,STAFF,0.0,NEUTRAL,la mayor tranquilidad de los mercados ha contribuido al aumento en torno a 20 puntos base,-0.8571,-0.6646,DOVISH,NO
RPM-2007-12-13:T75,2007-12-13,Enrique Marshall Rivera,Consejero,CONSEJO,0.5,HAWKISH,su voto es por subir la Tasa de Política Monetaria a 6%,0.1579,0.5845,HAWKISH,SI
RPM-2008-03-13:T3,2008-03-13,Sergio Lehmann Beresi,Gerente de Análisis Internacional,STAFF,-0.5,DOVISH,se incorpora una alta probabilidad de que Estados Unidos de América se encuentre en recesión,-0.913,-0.0857,NEUTRAL,NO
RPM-2008-04-10:T41,2008-04-10,Jorge Desormeaux Jiménez,Vicepresidente del Banco Central,CONSEJO,-0.25,NEUTRAL,no necesariamente apunta a un ajuste al alza en el futuro,-0.4286,0.0124,NEUTRAL,SI
RPM-2008-06-10:T57,2008-06-10,Pablo García Silva,Gerente de División Estudios,STAFF,-0.25,NEUTRAL,hacia el segundo semestre estaría afectando la desaceleración global,-0.6,-0.0918,NEUTRAL,SI
RPM-2008-08-14:T88,2008-08-14,Andrés Velasco Brañes,Ministro de Hacienda,HACIENDA,0.75,HAWKISH,el énfasis de la Minuta de Opciones en un endurecimiento de stance monetario le parece el correcto,0.4286,-0.7557,DOVISH,NO
RPM-2008-11-13:T12,2008-11-13,Claudio Soto Gamboa,Gerente de Análisis Macroeconómico,STAFF,-0.25,NEUTRAL,el impacto en Chile del súbito cambio del escenario global,-0.6364,-0.1119,NEUTRAL,SI
RPM-2009-01-08:T3,2009-01-08,Sergio Lehmann Beresi,Gerente de Análisis Internacional,STAFF,-0.25,NEUTRAL,un acoplamiento al ciclo recesivo de las economías desarrolladas que parece más pronunciado de lo previsto,-0.5,-0.6794,DOVISH,NO
RPM-2009-02-12:T32,2009-02-12,Pablo García Silva,Gerente de División Estudios,STAFF,0.0,NEUTRAL,el sistema bancario opera bajo el control de las autoridades reguladoras,0.0,-0.2686,NEUTRAL,SI
RPM-2009-04-09:T100,2009-04-09,Jorge Desormeaux Jiménez,Vicepresidente del Banco Central,CONSEJO,-0.25,NEUTRAL,"hubo un deterioro de confianza abrupto, importante",0.0,-0.0496,NEUTRAL,SI
RPM-2009-06-16:T89,2009-06-16,Manuel Marfán Lewis,Consejero,CONSEJO,-1.0,DOVISH,"vota por reducir la tasa en 50 puntos base, dejándola en 0,75% anual",-0.6667,-0.7828,DOVISH,SI
RPM-2009-09-08:T58,2009-09-08,Pablo García Silva,Gerente de División Estudios,STAFF,0.0,NEUTRAL,no parece obvio plantear un sesgo en una u otra dirección,0.1429,-0.4758,DOVISH,NO
RPM-2009-11-12:T66,2009-11-12,Andrés Velasco Brañes,Ministro de Hacienda,HACIENDA,-0.75,DOVISH,hoy hay mayores riesgos de un crecimiento más bajo que el contemplado en el IPoM,0.0,-0.2749,DOVISH,SI
RPM-2010-01-14:T54,2010-01-14,Sebastián Claro Edwards,Consejero,CONSEJO,0.25,NEUTRAL,"la implicancia fundamental es la de no innovar, por lo que vota por mantener la TPM",0.5556,0.0304,NEUTRAL,SI
RPM-2010-04-15:T17,2010-04-15,Sergio Lehmann Beresi,Gerente de Análisis Internacional,STAFF,0.0,NEUTRAL,mantendría las tasas bajas durante un período prolongado,0.0,0.0103,NEUTRAL,SI
RPM-2010-05-13:T8,2010-05-13,Sergio Lehmann Beresi,Gerente de Análisis Internacional,STAFF,0.0,NEUTRAL,hay un comportamiento claramente más moderado en esta coyuntura particular,0.0,-0.0066,NEUTRAL,SI
RPM-2010-08-12:T18,2010-08-12,José De Gregorio Rebeco,Presidente del Banco Central,CONSEJO,0.5,HAWKISH,no se puede descansar en las señales de que hoy no se está registrando mucha inflación,-0.5556,-0.0217,NEUTRAL,NO
RPM-2010-09-16:T75,2010-09-16,Claudio Soto Gamboa,Gerente de Análisis Macroeconómico,STAFF,0.0,NEUTRAL,"se obtienen rangos de valores para el cierre del año anual por sobre el 5,4%",0.0,-0.0088,NEUTRAL,SI
RPM-2010-11-16:T99,2010-11-16,Manuel Marfán Lewis,Vicepresidente del Banco Central,CONSEJO,0.5,HAWKISH,su voto es por elevar la TPM en 25 puntos base,0.2727,-0.4084,DOVISH,NO
RPM-2011-02-17:T46,2011-02-17,Sergio Lehmann Beresi,Gerente de Análisis Internacional,STAFF,0.0,NEUTRAL,ambos precios tenderían a converger más adelante,0.0,-0.0825,NEUTRAL,SI
RPM-2011-03-17:T86,2011-03-17,Enrique Marshall Rivera,Consejero,CONSEJO,0.75,HAWKISH,"vota por subir la TPM en 50pb, hasta 4,0%",0.5,0.8977,HAWKISH,SI
RPM-2011-06-14:T12,2011-06-14,Sergio Lehmann Beresi,Gerente de Análisis Internacional,STAFF,-0.25,NEUTRAL,"todavía se advierte un grado de traspaso a las inflaciones core, pero a una velocidad bastante más moderada",-0.25,-0.019,NEUTRAL,SI
RPM-2011-07-14:T99,2011-07-14,Manuel Marfán Lewis,Vicepresidente del Banco Central,CONSEJO,-0.5,DOVISH,"existe una situación de vulnerabilidad más allá de lo que, al menos, los analistas en Chile han advertido",0.0,-0.5992,DOVISH,SI
RPM-2011-10-13:T41,2011-10-13,Claudio Soto Gamboa,Gerente de Análisis Macroeconómico,STAFF,0.0,NEUTRAL,las colocaciones a personas continúan bastante dinámicas,-0.4286,-0.0325,NEUTRAL,SI
RPM-2011-12-13:T63,2011-12-13,Sebastián Claro Edwards,Consejero,CONSEJO,-0.75,DOVISH,ya parece confirmarse que Europa estará en recesión en los próximos trimestres,-0.6667,-0.6998,DOVISH,SI
RPM-2012-02-14:T5,2012-02-14,Miguel Ricaurte Bermúdez,Gerente de Análisis Internacional (S),STAFF,-0.25,NEUTRAL,persistirían las bajas de las tasas rectoras,-0.75,-0.5406,DOVISH,NO
RPM-2012-04-17:T7,2012-04-17,Sergio Lehmann Beresi,Gerente de Análisis Internacional,STAFF,-0.25,NEUTRAL,economías que resultan ser un refugio frente a la mayor incertidumbre reinante,-0.5,-0.1306,NEUTRAL,SI
RPM-2012-07-12:T11,2012-07-12,Joaquín Vial Ruiz-Tagle,Consejero,CONSEJO,0.0,NEUTRAL,Codelco acaba de colocar un bono en condiciones muy favorables,0.2,0.0096,NEUTRAL,SI
RPM-2012-08-16:T27,2012-08-16,Claudio Soto Gamboa,Gerente de Análisis Macroeconómico,STAFF,0.25,NEUTRAL,la industria sorprendió al alza,-0.5,-0.0298,NEUTRAL,SI
RPM-2012-09-13:T56,2012-09-13,Sebastián Claro Edwards,Consejero,CONSEJO,0.0,NEUTRAL,es conveniente mantener la Tasa de Política Monetaria en el rango de neutralidad,-0.5,0.0022,NEUTRAL,SI
RPM-2012-11-13:T66,2012-11-13,Rodrigo Vergara Montes,Presidente del Banco Central,CONSEJO,-0.25,NEUTRAL,las posibilidades de un mayor deterioro son importantes,-0.3333,-0.3585,NEUTRAL,SI
RPM-2013-03-14:T36,2013-03-14,Manuel Marfán Lewis,Vicepresidente del Banco Central,CONSEJO,0.5,HAWKISH,es necesario pensar en medidas calificadas como second best para lograr una desaceleración de la demanda interna,-0.5,-0.1616,NEUTRAL,NO
RPM-2013-05-16:T14,2013-05-16,Manuel Marfán Lewis,Vicepresidente del Banco Central,CONSEJO,0.0,NEUTRAL,se mantengan las políticas monetarias hiperexpansivas en las principales economías desarrolladas,0.0,-0.0533,NEUTRAL,SI
RPM-2013-06-13:T18,2013-06-13,Manuel Marfán Lewis,Vicepresidente del Banco Central,CONSEJO,0.0,NEUTRAL,una salida de nuestra economía con un peso más depreciado contribuye a que esta sea más equilibrada,0.4286,-0.0258,NEUTRAL,SI
RPM-2013-08-13:T13,2013-08-13,Sebastián Claro Edwards,Consejero,CONSEJO,0.25,NEUTRAL,los datos domésticos no darían cuenta aún de la desaceleración de la actividad interna,-0.2308,-0.3016,NEUTRAL,SI
RPM-2013-10-17:T17,2013-10-17,Claudio Soto Gamboa,Gerente de Análisis Macroeconómico,STAFF,-0.25,NEUTRAL,el consumo de servicios se ha desacelerado durante el año,-0.5,-0.5477,DOVISH,NO
RPM-2013-11-19:T47,2013-11-19,Manuel Marfán Lewis,Vicepresidente del Banco Central,CONSEJO,-0.75,DOVISH,"en 25 puntos base en esta oportunidad a 4,5% anual y mantener el sesgo de neutral",-0.5833,-0.9387,DOVISH,SI
RPM-2014-01-16:T29,2014-01-16,Luis Óscar Herrera Barriga,Gerente de División Estudios,STAFF,-0.25,NEUTRAL,hay aspectos asociados a otros sectores que también se desaceleran,-0.6,0.0066,NEUTRAL,SI
RPM-2014-03-13:T32,2014-03-13,Miguel Fuentes Díaz,Gerente de Análisis Macroeconómico Interino,STAFF,-0.5,DOVISH,el último IMACEC dio cuenta de una contracción de la actividad mayor que la esperada,-0.6364,-0.5357,DOVISH,SI
RPM-2014-05-15:T39,2014-05-15,Luis Óscar Herrera Barriga,Gerente de División Estudios,STAFF,0.5,HAWKISH,"puede ser el factor que, en el margen, empuja un alza de la inflación",0.3333,0.1131,NEUTRAL,NO
RPM-2014-07-15:T14,2014-07-15,Pablo García Silva,Consejero,CONSEJO,0.0,NEUTRAL,las condiciones financieras sigan siendo laxas,0.0,0.0037,NEUTRAL,SI
RPM-2014-07-15:T43,2014-07-15,Pablo García Silva,Consejero,CONSEJO,-0.75,DOVISH,"su voto es por reducir la TPM en 25 puntos base, a 3,75% anual",0.2,-0.9577,DOVISH,SI
RPM-2014-10-16:T33,2014-10-16,Miguel Fuentes Díaz,Gerente de Análisis Macroeconómico,STAFF,0.0,NEUTRAL,"la formación bruta de capital se ha revisado hasta -5,4%",-0.1429,-0.0832,NEUTRAL,SI
RPM-2014-11-18:T3,2014-11-18,Alfredo Pistelli,Economista Senior,STAFF,0.0,NEUTRAL,se ha acentuado la divergencia económica entre Estados Unidos de América y resto del mundo,-0.2632,-0.1639,NEUTRAL,SI
RPM-2015-02-12:T17,2015-02-12,Miguel Fuentes Díaz,Gerente de Análisis Macroeconómico,STAFF,-0.25,NEUTRAL,las últimas proyecciones de precio se han ajustado a la baja,-0.6667,-0.2568,NEUTRAL,SI
RPM-2015-04-16:T22,2015-04-16,Rodrigo Vergara Montes,Presidente del Banco Central,CONSEJO,-0.25,NEUTRAL,menciona que el Fondo Monetario Internacional anunció que no renegociará su deuda,-0.3333,-0.335,NEUTRAL,SI
RPM-2015-06-11:T40,2015-06-11,Miguel Fuentes Díaz,Gerente de Análisis Macroeconómico,STAFF,-0.5,DOVISH,los salarios nominales se contrajeron en el mes de abril,-0.3333,-0.0328,NEUTRAL,NO
RPM-2015-08-13:T40,2015-08-13,Pablo García Silva,Consejero,CONSEJO,0.75,HAWKISH,adhiere a la preocupación que genera la evolución de la inflación por sobre el rango meta,0.0,0.6692,HAWKISH,SI
RPM-2015-09-15:T64,2015-09-15,Sebastián Claro Edwards,Vicepresidente del Banco Central,CONSEJO,0.5,HAWKISH,la desaceleración de la actividad no está generando holguras que sean muy desinflacionarias,-0.4667,-0.7193,DOVISH,NO
RPM-2015-12-17:T30,2015-12-17,Miguel Fuentes Díaz,Gerente de Análisis Macroeconómico,STAFF,0.0,NEUTRAL,"un ajuste a la baja en el crecimiento de la actividad, desde 2,8 a 2,4%",-0.4286,-0.0685,NEUTRAL,SI
RPM-2005-01-11:T41,2005-01-11,Nicolás Eyzaguirre Guzmán,Ministro de Hacienda,HACIENDA,0.25,NEUTRAL,todo lleva a concluir del análisis que la media está en 25 y puede ser o 50 o O lo que es claramente superior a la dosis que se ha conversado,0.0,-0.4104,DOVISH,NO
RPM-2005-04-07:T18,2005-04-07,Pablo García Silva,Gerente de Análisis Macroeconómico,STAFF,0.0,NEUTRAL,las tasas de interés de los documentos nominales de mediano plazo del Banco Central de Chile aumentaron significativamente,0.2941,-0.123,NEUTRAL,SI
RPM-2005-07-12:T41,2005-07-12,Esteban Jadresic Marinovic,Gerente de División Internacional,STAFF,0.25,NEUTRAL,comparte el análisis y la recomendación central que ha hecho la Gerencia de División Estudios,0.3333,0.1492,NEUTRAL,SI
RPM-2005-10-11:T27,2005-10-11,Manuel Marfán Lewis,Consejero,CONSEJO,0.25,NEUTRAL,sorprendió la tasa de crecimiento de junio que es algo que no estaba en el escenario,0.0,-0.3749,NEUTRAL,SI
RPM-2006-01-12:T30,2006-01-12,Rodrigo Valdés Pulido,Gerente de División Estudios,STAFF,0.0,NEUTRAL,"están inusualmente divididas, aunque se inclinan algo más a un alza que a una mantención",0.4783,0.0434,NEUTRAL,SI
RPM-2006-03-16:T31,2006-03-16,Enrique Marshall Rivera,Consejero,CONSEJO,0.0,NEUTRAL,la evolución económica no ha deparado grandes sorpresas y se ha presentado bastante en línea con lo previsto,0.4545,0.8821,HAWKISH,NO
RPM-2006-06-15:T69,2006-06-15,Vittorio Corbo Lioi,Presidente del Banco Central,CONSEJO,-0.5,DOVISH,"es mantener la tasa a la espera de mayor información, antes de continuar el proceso de normalización",0.1429,0.2197,NEUTRAL,NO
RPM-2006-08-10:T45,2006-08-10,Vittorio Corbo Lioi,Presidente del Banco Central,CONSEJO,0.25,NEUTRAL,"su voto también es por mantener la tasa de política monetaria en 5,25%",0.3043,0.148,NEUTRAL,SI
RPM-2006-12-14:T30,2006-12-14,Manuel Marfán Lewis,Consejero,CONSEJO,0.0,NEUTRAL,"el problema no es el tipo de cambio, sino que más bien es que se tiene un cambio estructural en los mercados internacionales",0.0,0.0131,NEUTRAL,SI
RPM-2007-02-08:T44,2007-02-08,Rodrigo Valdés Pulido,Gerente de División Estudios,STAFF,-0.25,NEUTRAL,había más holguras por el menor crecimiento del año pasado,-0.2222,-0.1093,NEUTRAL,SI
RPM-2007-05-10:T43,2007-05-10,Andrés Velasco Brañes,Ministro de Hacienda,HACIENDA,0.5,HAWKISH,si existen fenómenos de oferta que nos llevan a un escenario también de mayor inflación,0.5,-0.0691,NEUTRAL,NO
RPM-2007-07-12:T9,2007-07-12,Manuel Marfán Lewis,Consejero,CONSEJO,0.0,NEUTRAL,"el precio internacional no resulta un buen referente, ya que el precio del trigo está muy afectado por la temporalidad",0.0,-0.0357,NEUTRAL,SI
RPM-2007-09-13:T80,2007-09-13,Manuel Marfán Lewis,Consejero,CONSEJO,0.5,HAWKISH,vota por elevar la tasa de política en 25 puntos base,-0.3333,0.2831,HAWKISH,SI
RPM-2007-11-13:T63,2007-11-13,Esteban Jadresic Marinovic,Gerente de División Operaciones Financieras,STAFF,0.0,NEUTRAL,se estaría con alta probabilidad discutiendo un aumento de tasas,0.1667,0.0441,NEUTRAL,SI
RPM-2008-01-10:T43,2008-01-10,Manuel Marfán Lewis,Consejero,CONSEJO,0.5,HAWKISH,se inclina por un aumento de 25 puntos base en la Tasa de Política Monetaria,0.4286,0.8218,HAWKISH,SI
RPM-2008-04-10:T5,2008-04-10,Claudio Soto Gamboa,Gerente de Análisis Macroeconómico Interino,STAFF,0.25,NEUTRAL,"en el mes de marzo el IPC aumentó 0,8%, acumulando un incremento de 8,5% anual",0.1429,0.2885,NEUTRAL,SI
RPM-2008-06-10:T48,2008-06-10,Claudio Soto Gamboa,Gerente de Análisis Macroeconómico,STAFF,0.5,HAWKISH,"en el mes de mayo el IPC aumentó 1,2% mensual, acumulando un incremento de 8,9% anual y superando lo esperado",-0.4,0.3737,NEUTRAL,NO
RPM-2008-08-14:T50,2008-08-14,Claudio Soto Gamboa,Gerente de Análisis Macroeconómico,STAFF,-0.25,NEUTRAL,lo que resulta coherente con una desaceleración por el lado de la demanda,-0.3333,-0.0359,NEUTRAL,SI
RPM-2008-10-09:T42,2008-10-09,Jorge Desormeaux Jiménez,Vicepresidente del Banco Central,CONSEJO,0.0,NEUTRAL,el Banco Central de Chile no está dormido y que tiene claro que existe una tarea pendiente en el plano inflacionario,-0.4167,0.2458,NEUTRAL,SI
RPM-2008-12-11:T103,2008-12-11,José De Gregorio Rebeco,Presidente del Banco Central,CONSEJO,-0.75,DOVISH,mantener la Tasa de Política Monetaria y ser muy claro en un sesgo a la baja en el Comunicado,-0.0667,-0.9788,DOVISH,SI
RPM-2009-01-08:T61,2009-01-08,Jorge Desormeaux Jiménez,Vicepresidente del Banco Central,CONSEJO,-1.0,DOVISH,vota en consecuencia por una reducción de 100 puntos base de la Tasa de Política Monetaria,-0.75,0.066,NEUTRAL,NO
RPM-2009-03-12:T7,2009-03-12,Sergio Lehmann Beresi,Gerente de Análisis Internacional,STAFF,-0.25,NEUTRAL,esas economías se mantienen flat hacia el año 2010,0.0,-0.2099,NEUTRAL,SI
RPM-2009-05-07:T83,2009-05-07,Manuel Marfán Lewis,Consejero,CONSEJO,-1.0,DOVISH,su voto es por rebajar la Tasa de Política Monetaria en 50 puntos base,-0.7778,-0.7706,DOVISH,SI
RPM-2009-06-16:T91,2009-06-16,José De Gregorio Rebeco,Presidente del Banco Central,CONSEJO,-0.75,DOVISH,explicitar en el Comunicado que la política monetaria expansiva puede permanecer por un tiempo prolongado,-0.4118,-0.9346,DOVISH,SI
RPM-2009-09-08:T60,2009-09-08,Sebastián Claro Edwards,Consejero,CONSEJO,-0.5,DOVISH,sigue siendo necesario mantener el estimulo monetario actual,-0.7778,-0.0674,NEUTRAL,NO
RPM-2009-12-15:T55,2009-12-15,Manuel Marfán Lewis,Vicepresidente del Banco Central,CONSEJO,0.5,HAWKISH,Dicho índice llegó a algo más de 9% y ahora está en 12%,0.3333,0.0292,NEUTRAL,NO
RPM-2010-02-11:T122,2010-02-11,Sebastián Claro Edwards,Consejero,CONSEJO,0.25,NEUTRAL,la evolución de los salarios nominales confirma en parte esta inquietud,0.5,-0.2159,NEUTRAL,SI
RPM-2010-04-15:T21,2010-04-15,Claudio Soto Gamboa,Gerente de Análisis Macroeconómico,STAFF,0.0,NEUTRAL,el escenario de proyección contempla una fuerte caída de la actividad en marzo y una recuperación hacia junio,0.0,-0.0265,NEUTRAL,SI
RPM-2010-05-13:T52,2010-05-13,Felipe Larraín Bascuñán,Ministro de Hacienda,HACIENDA,0.75,HAWKISH,será necesario comenzar un proceso gradual de normalización de la política monetaria,0.4286,0.4822,HAWKISH,SI
RPM-2010-07-15:T66,2010-07-15,Claudio Soto Gamboa,Gerente de Análisis Macroeconómico,STAFF,0.0,NEUTRAL,el alza por este concepto es totalmente transitoria y está incorporada en la proyección,0.0,-0.0367,NEUTRAL,SI
RPM-2010-10-14:T39,2010-10-14,Claudio Soto Gamboa,Gerente de Análisis Macroeconómico,STAFF,0.0,NEUTRAL,la industria no solo recuperó los niveles exhibidos antes del terremoto,-0.5,-0.0809,NEUTRAL,SI
RPM-2010-12-16:T63,2010-12-16,Enrique Marshall Rivera,Consejero,CONSEJO,0.5,HAWKISH,manifiesta inclinarse por un alza de 25 puntos base,0.1667,0.7146,HAWKISH,SI
RPM-2011-02-17:T3,2011-02-17,Sergio Lehmann Beresi,Gerente de Análisis Internacional,STAFF,0.0,NEUTRAL,se observaron ligeros aumentos en la inflación de las economías desarrolladas,0.0,-0.1085,NEUTRAL,SI
RPM-2011-05-12:T34,2011-05-12,Sergio Lehmann Beresi,Gerente de Análisis Internacional,STAFF,0.0,NEUTRAL,"las bolsas han retrocedido durante la última semana, en especial las de economías emergentes",0.0,-0.0206,NEUTRAL,SI
RPM-2011-07-14:T23,2011-07-14,Sergio Lehmann Beresi,Gerente de Análisis Internacional,STAFF,0.0,NEUTRAL,el Banco Central Europeo elevó,0.4286,0.0458,NEUTRAL,SI
RPM-2011-09-15:T51,2011-09-15,Luis Óscar Herrera Barriga,Gerente de División Estudios,STAFF,0.5,HAWKISH,más preocupantes son los desarrollos en el merca,0.4286,0.3553,HAWKISH,SI
RPM-2011-11-15:T80,2011-11-15,Sebastián Claro Edwards,Consejero,CONSEJO,-0.5,DOVISH,"sin descartar, por cierto, bajas en las próximas Reuniones",-0.4286,-0.1533,NEUTRAL,NO
RPM-2012-01-12:T35,2012-01-12,Claudio Soto Gamboa,Gerente de Análisis Macroeconómico,STAFF,-0.25,NEUTRAL,factores que se espera tengan un impacto por una sola vez en los niveles de precios,0.0,0.0083,NEUTRAL,SI
RPM-2012-02-14:T62,2012-02-14,Claudio Soto Gamboa,Gerente de Análisis Macroeconómico,STAFF,0.25,NEUTRAL,otras fuentes de presión inflacionaria contribuyen en el margen a que la proyección se corrija levemente al alza,0.5556,0.0199,NEUTRAL,SI
RPM-2012-04-17:T74,2012-04-17,Felipe Larraín Bascuñán,Ministro de Hacienda,HACIENDA,-0.25,NEUTRAL,parece recomendable esperar y continuar monitoreando la evolución económica interna y externa,-0.5238,-0.1918,NEUTRAL,SI
RPM-2012-07-12:T7,2012-07-12,Sergio Lehmann Beresi,Gerente de Análisis Internacional,STAFF,-0.25,NEUTRAL,"alude a la depreciación del real brasileño, que da cuenta precisamente de una debilidad importante de esta economía",-0.8333,-0.2106,NEUTRAL,SI
RPM-2012-09-13:T10,2012-09-13,Sergio Lehmann Beresi,Gerente de Análisis Internacional,STAFF,0.0,NEUTRAL,"los CDS soberanos han bajado, especialmente aquellos de los países de la periferia de Europa",-0.7333,-0.0707,NEUTRAL,SI
RPM-2012-11-13:T16,2012-11-13,Luis Óscar Herrera Barriga,Gerente de División Estudios,STAFF,0.0,NEUTRAL,los que tienen implícito un ajuste fiscal del orden del 1% del PIB de ese país,0.5,-0.001,NEUTRAL,SI
RPM-2013-01-17:T18,2013-01-17,Joaquín Vial Ruiz-Tagle,Consejero,CONSEJO,0.25,NEUTRAL,Ello reduce más bien la probabilidad de un escenario de,0.0,-0.0043,NEUTRAL,SI
RPM-2013-03-14:T42,2013-03-14,Luis Óscar Herrera Barriga,Gerente de División Estudios,STAFF,0.0,NEUTRAL,esa Gerencia propone al Consejo mantener la Tasa de Política Monetaria en su nivel actual,-0.25,-0.5473,DOVISH,NO
RPM-2013-05-16:T21,2013-05-16,Claudio Soto Gamboa,Gerente de Análisis Macroeconómico,STAFF,-0.5,DOVISH,la actividad y la demanda del primer trimestre del 2013 se desaceleraron algo más de lo contemplado,-0.7778,-0.2371,NEUTRAL,NO
RPM-2013-06-13:T22,2013-06-13,Kevin Cowan Logan,Gerente de División Política Financiera,STAFF,0.0,NEUTRAL,la caída de los activos financieros de largo plazo desde la última RPM,0.0,-0.0339,NEUTRAL,SI
RPM-2013-07-11:T56,2013-07-11,Claudio Raddatz Kiefer,Gerente de Investigación Económica,STAFF,-0.75,DOVISH,"su recomendación al Consejo es la opción de disminuir la TPM a 4,75% anual",-0.7647,-0.6458,DOVISH,SI
RPM-2013-10-17:T37,2013-10-17,Felipe Larraín Bascuñán,Ministro de Hacienda,HACIENDA,-0.75,DOVISH,la inflación se mantiene en la parte baja del rango de tolerancia y con este movimiento se contribuiría además a mantener un tipo de cambio competitivo,-0.3953,-0.0902,NEUTRAL,NO
RPM-2013-12-12:T20,2013-12-12,Claudio Soto Gamboa,Gerente de Análisis Macroeconómico,STAFF,-0.5,DOVISH,la demanda interna continúa desacelerándose con motivo de la contracción importante de la inversión en capital fijo,-0.6,-0.666,DOVISH,SI
RPM-2014-02-18:T10,2014-02-18,Miguel Ricaurte Bermúdez,Gerente de Análisis Internacional (S),STAFF,0.0,NEUTRAL,las condiciones bancarias se han mantenido en torno al pivote de expansión,0.0,-0.0675,NEUTRAL,SI
RPM-2014-03-13:T44,2014-03-13,Luis Óscar Herrera Barriga,Gerente de División Estudios,STAFF,0.0,NEUTRAL,efectuará un análisis referido al pass through,-0.1429,-0.0385,NEUTRAL,SI
RPM-2014-05-15:T40,2014-05-15,Miguel Fuentes Díaz,Gerente de Análisis Macroeconómico,STAFF,0.25,NEUTRAL,la inflación SAE también se ha revisado al alza en el horizonte de proyección,0.0,-0.5429,DOVISH,NO
RPM-2014-07-15:T15,2014-07-15,Rodrigo Vergara Montes,Presidente del Banco Central,CONSEJO,0.0,NEUTRAL,resulta complejo hacer un balance del escenario internacional actual,-0.6364,-0.0036,NEUTRAL,SI
RPM-2014-08-14:T40,2014-08-14,Claudio Raddatz Kiefer,Gerente de División Política Financiera,STAFF,-0.25,NEUTRAL,no se ven asociadas a esta acción razones inmediatas para preocuparse por una incubación de riesgos financieros,-0.7895,-0.8405,DOVISH,NO
RPM-2014-09-11:T52,2014-09-11,Enrique Marshall Rivera,Vicepresidente del Banco Central,CONSEJO,-0.75,DOVISH,"su voto es por recortar la TPM en 25 puntos base, para dejarla en 3,25%",-0.6364,-0.6007,DOVISH,SI
RPM-2014-11-18:T39,2014-11-18,Rodrigo Vergara Montes,Presidente del Banco Central,CONSEJO,-0.5,DOVISH,fue apropiado imprimirle el impulso que se le dio a la economía,-0.2,-0.9553,DOVISH,SI
RPM-2015-01-15:T42,2015-01-15,Alberto Arenas de Mesa,Ministro de Hacienda,HACIENDA,-0.75,DOVISH,confirman las expectativas de menores presiones inflacionarias y una trayectoria de baja de la inflación,0.1429,-0.0573,NEUTRAL,NO
RPM-2015-05-14:T12,2015-05-14,Joaquín Vial Ruiz-Tagle,Consejero,CONSEJO,0.25,NEUTRAL,"la llegada del fenómeno de “El Niño” durante este año, que ya estaría teniendo algún grado de incidencia en los precios de alimentos",0.0,-0.0032,NEUTRAL,SI
RPM-2015-07-14:T21,2015-07-14,Alberto Naudon Dell'Oro,Gerente de División Estudios,STAFF,-0.25,NEUTRAL,estos serían más acotados de lo previsto en la RPM previa,0.0,0.0128,NEUTRAL,SI
RPM-2015-08-13:T57,2015-08-13,Rodrigo Valdés Pulido,Ministro de Hacienda,HACIENDA,0.25,NEUTRAL,sus comentarios apuntarán al desanclaje de expectativas,0.4286,0.4162,NEUTRAL,SI
RPM-2015-10-15:T72,2015-10-15,Pablo García Silva,Consejero,CONSEJO,0.0,NEUTRAL,debemos seguir monitoreando por sobre todo el escenario externo,0.1429,-0.216,DOVISH,NO
RPM-2015-12-17:T63,2015-12-17,Alberto Naudon Dell'Oro,Gerente de División Estudios,STAFF,-0.25,NEUTRAL,debido a que la depreciación del peso y holguras de capacidad,-0.5,-0.1256,NEUTRAL,SI
RPM-2005-01-11:T40,2005-01-11,Klaus Schmidt-Hebbel Dunker,Gerente de Investigación Económica,STAFF,0.75,HAWKISH,se inclina por recomendar un alza de 25 puntos base en esta ocasión,0.0,0.8775,HAWKISH,SI
RPM-2005-05-12:T46,2005-05-12,Klaus Schmidt-Hebbel Dunker,Gerente de Investigación Económica,STAFF,0.75,HAWKISH,la opción de alza de 25 puntos base domina inambiguamente a la mantención de la tasa de política monetaria,0.0,0.8105,HAWKISH,SI
RPM-2005-06-09:T29,2005-06-09,Esteban Jadresic Marinovic,Gerente de División Internacional,STAFF,-0.25,NEUTRAL,una mantención de tasas de interés resulta más coherente con los antecedentes disponibles,0.3333,0.1498,NEUTRAL,SI
RPM-2005-11-10:T50,2005-11-10,Manuel Marfán Lewis,Consejero,CONSEJO,0.75,HAWKISH,elevar la Tasa de Política Monetaria en 25 puntos base y vota en consecuencia en tal sentido,0.7333,0.9691,HAWKISH,SI
RPM-2006-02-09:T45,2006-02-09,Vittorio Corbo Lioi,Presidente del Banco Central,CONSEJO,0.75,HAWKISH,vota también por un aumento de 25 puntos base en la tasa de política monetaria,0.5,0.5447,HAWKISH,SI
RPM-2006-04-13:T39,2006-04-13,Igal Magendzo Weinberger,Gerente de Análisis Macroeconómico,STAFF,0.25,NEUTRAL,igualmente las cifras de casi 4% resultan elevadas,0.1111,0.2968,NEUTRAL,SI
RPM-2006-06-15:T68,2006-06-15,José De Gregorio Rebeco,Vicepresidente del Banco Central,CONSEJO,-0.5,DOVISH,este es un buen momento para realizar una pausa y mantener la tasa de política monetaria en 5%,0.1111,-0.6936,DOVISH,SI
RPM-2006-09-07:T51,2006-09-07,Vittorio Corbo Lioi,Presidente del Banco Central,CONSEJO,-0.25,NEUTRAL,la tasa actual de política podría mantenerse en los niveles actuales por un período prolongado de tiempo,0.0,0.096,NEUTRAL,SI
RPM-2006-11-16:T41,2006-11-16,Manuel Marfán Lewis,Consejero,CONSEJO,-0.25,NEUTRAL,"ha tendido a amplificarse hacia abajo, con una mayor densidad de perspectivas pesimistas",-0.4286,-0.2791,NEUTRAL,SI
RPM-2007-01-11:T43,2007-01-11,Enrique Marshall Rivera,Consejero,CONSEJO,-0.75,DOVISH,"vota por bajar la tasa de política monetaria en 25 puntos base para quedar en 5,0%",-0.7895,0.014,HAWKISH,NO
RPM-2007-03-15:T56,2007-03-15,Klaus Schmidt-Hebbel Dunker,Gerente de Investigación Económica,STAFF,0.25,NEUTRAL,"lo que justificaría, en su opinión, la mantención de la tasa en su nivel actual",0.5429,0.093,NEUTRAL,SI
RPM-2007-06-14:T56,2007-06-14,José De Gregorio Rebeco,Vicepresidente del Banco Central,CONSEJO,0.25,NEUTRAL,ha estado cambiando y se ha desviado de manera significativa de lo que se esperaba a principios de año,0.7895,0.0395,NEUTRAL,SI
RPM-2007-09-13:T40,2007-09-13,Esteban Jadresic Marinovic,Gerente de División Operaciones Financieras,STAFF,0.0,NEUTRAL,la apreciación del tipo de cambio es más reciente,0.0,0.0081,NEUTRAL,SI
RPM-2007-11-13:T33,2007-11-13,Igal Magendzo Weinberger,Gerente de División Estudios (S),STAFF,0.25,NEUTRAL,"la compensación inflacionaria de 1 en 1 alcanza a 2,85%, 3,07% en octubre",-0.375,0.2544,NEUTRAL,SI
RPM-2007-12-13:T78,2007-12-13,José De Gregorio Rebeco,Presidente del Banco Central,CONSEJO,0.5,HAWKISH,el Consejo acuerda subir la Tasa de Política Monetaria en 25 puntos base a 6% anual,0.1333,0.909,HAWKISH,SI
RPM-2008-03-13:T87,2008-03-13,Andrés Velasco Brañes,Ministro de Hacienda,HACIENDA,-0.5,DOVISH,requiere de una reacción medida de la Política Monetaria,0.0,-0.6499,DOVISH,SI
RPM-2008-06-10:T55,2008-06-10,Claudio Soto Gamboa,Gerente de Análisis Macroeconómico,STAFF,0.0,NEUTRAL,el shock inflacionario que se está observando produce que el gasto real crezca menos de lo que se estaba proyectando,0.0,-0.0238,NEUTRAL,SI
RPM-2008-07-10:T85,2008-07-10,Andrés Velasco Brañes,Ministro de Hacienda,HACIENDA,1.0,HAWKISH,no cabe ninguna duda que corresponde una contracción de la misma por las distintas razones de segunda vuelta,0.6,0.645,HAWKISH,SI
RPM-2008-08-14:T91,2008-08-14,Enrique Marshall Rivera,Consejero,CONSEJO,1.0,HAWKISH,la principal novedad del último mes es el deterioro del panorama inflacionario,-0.1,0.9449,HAWKISH,SI
RPM-2008-09-04:T55,2008-09-04,Pablo García Silva,Gerente de División Estudios,STAFF,0.25,NEUTRAL,"las expectativas de inflación, estas últimas aumentaron bastante después de la última Reunión de Política Monetaria",0.0,-0.2919,NEUTRAL,SI
RPM-2008-12-11:T35,2008-12-11,José De Gregorio Rebeco,Presidente del Banco Central,CONSEJO,-0.25,NEUTRAL,hoy tienen que pagar la cuenta,-0.6,-0.604,DOVISH,NO
RPM-2009-02-12:T53,2009-02-12,Manuel Marfán Lewis,Consejero,CONSEJO,-0.5,DOVISH,se tiene que volver a considerar escenarios fuertemente pesimistas,-0.3333,0.1478,NEUTRAL,NO
RPM-2009-05-07:T57,2009-05-07,Claudio Soto Gamboa,Gerente de Análisis Macroeconómico,STAFF,-0.25,NEUTRAL,se espera que la recuperación sea un poco más lenta el segundo trimestre,-0.1429,-0.3467,NEUTRAL,SI
RPM-2009-07-09:T107,2009-07-09,Jorge Desormeaux Jiménez,Vicepresidente del Banco Central,CONSEJO,-0.5,DOVISH,han reducido las presiones inflacionarias que enfrenta la economía chilena,-0.2857,-0.8626,DOVISH,SI
RPM-2009-09-08:T61,2009-09-08,Enrique Marshall Rivera,Consejero,CONSEJO,-0.25,NEUTRAL,corresponde perseverar con las políticas en curso,-0.4,0.123,NEUTRAL,SI
RPM-2009-12-15:T30,2009-12-15,Claudio Soto Gamboa,Gerente de Análisis Macroeconómico,STAFF,0.0,NEUTRAL,"tuvo una variación mes a mes a de 0,4% y una variación interanual de -0,9% en octubre",0.0,-0.3402,NEUTRAL,SI
RPM-2010-02-11:T120,2010-02-11,Rodrigo Vergara Montes,Consejero,CONSEJO,0.0,NEUTRAL,las perspectivas de crecimiento se han mantenido bastante estables,-0.4286,-0.0858,NEUTRAL,SI
RPM-2010-04-15:T65,2010-04-15,Kevin Cowan Logan,Gerente de División Política Financiera,STAFF,-0.25,NEUTRAL,se ven condiciones más holgadas en adelante,0.0,-0.1026,NEUTRAL,SI
RPM-2010-06-15:T85,2010-06-15,Sebastián Claro Edwards,Consejero,CONSEJO,0.25,NEUTRAL,la demanda interna crece a tasas bastante altas,0.2,-0.4067,DOVISH,NO
RPM-2010-07-15:T93,2010-07-15,José De Gregorio Rebeco,Presidente del Banco Central,CONSEJO,0.75,HAWKISH,"aumentar la tasa de interés de política monetaria en 50 puntos base, hasta 1,50% anual",0.3333,0.9873,HAWKISH,SI
RPM-2010-09-16:T35,2010-09-16,Manuel Marfán Lewis,Vicepresidente del Banco Central,CONSEJO,0.0,NEUTRAL,echa de menos una curva forward de tasas de política monetaria,0.0,-0.1288,NEUTRAL,SI
RPM-2010-11-16:T67,2010-11-16,Ricardo Vicuña Poblete,Gerente de División Estadísticas,STAFF,0.0,NEUTRAL,las reparaciones de los daños en una obra existente no son catastradas,0.0,0.0213,NEUTRAL,SI
RPM-2011-01-13:T83,2011-01-13,Manuel Marfán Lewis,Vicepresidente del Banco Central,CONSEJO,-0.5,DOVISH,es importante que el comunicado dé a entender que no habrá nuevas alzas,0.0,0.1511,NEUTRAL,NO
RPM-2011-04-12:T75,2011-04-12,Rodrigo Vergara Montes,Consejero,CONSEJO,0.75,HAWKISH,"su voto en esta oportunidad es por subir la TPM en 50 puntos base, para llevarla a 4,5%",0.6,0.7548,HAWKISH,SI
RPM-2011-05-12:T85,2011-05-12,Felipe Larraín Bascuñán,Ministro de Hacienda,HACIENDA,0.5,HAWKISH,la actividad económica interna continúa exhibiendo un renovado dinamismo,0.4545,-0.0844,DOVISH,NO
RPM-2011-09-15:T60,2011-09-15,Rodrigo Vergara Montes,Consejero,CONSEJO,-0.25,NEUTRAL,"su voto es por mantener la TPM en 5,25% y mantener el último párrafo",-0.6667,0.0122,NEUTRAL,SI
RPM-2011-10-13:T58,2011-10-13,Claudio Soto Gamboa,Gerente de Análisis Macroeconómico,STAFF,-0.25,NEUTRAL,menores presiones inflacionarias derivadas fundamentalmente de la parte X1 de alimentos,0.3333,-0.2768,NEUTRAL,SI
RPM-2011-12-13:T16,2011-12-13,Manuel Marfán Lewis,Vicepresidente del Banco Central,CONSEJO,-0.25,NEUTRAL,"el programa es incompleto y, por lo tanto, fallará en cuanto a su credibilidad",0.0,-0.0405,NEUTRAL,SI
RPM-2012-03-15:T13,2012-03-15,Sergio Lehmann Beresi,Gerente de Análisis Internacional,STAFF,0.0,NEUTRAL,"continúa la recuperación de las bolsas y, en particular, los aumentos significativos en Estados Unidos de América",-0.6923,-0.2524,NEUTRAL,SI
RPM-2012-05-17:T36,2012-05-17,Claudio Soto Gamboa,Gerente de Análisis Macroeconómico,STAFF,0.0,NEUTRAL,la demanda estuvo en línea con las proyecciones contenidas en el IPoM de marzo,-0.6,-0.9122,DOVISH,NO
RPM-2012-07-12:T50,2012-07-12,Claudio Soto Gamboa,Gerente de Análisis Macroeconómico,STAFF,-0.75,DOVISH,"la proyección de inflación en doce meses se ha corregido hasta un 2,1%, desde el 2,7%",0.2,-0.0076,NEUTRAL,NO
RPM-2012-08-16:T8,2012-08-16,Manuel Marfán Lewis,Vicepresidente del Banco Central,CONSEJO,-0.25,NEUTRAL,ello ha ido agravando los riesgos derivados de una deuda que crece sistemáticamente,0.0,-0.2581,NEUTRAL,SI
RPM-2012-10-18:T37,2012-10-18,Claudio Soto Gamboa,Gerente de Análisis Macroeconómico,STAFF,0.0,NEUTRAL,"el producto ha moderado su tasa de crecimiento, mientras que la demanda final se mantiene dinámica",-0.6364,-0.2186,NEUTRAL,SI
RPM-2012-11-13:T49,2012-11-13,Manuel Marfán Lewis,Vicepresidente del Banco Central,CONSEJO,0.25,NEUTRAL,la brecha de PIB continuará expandiéndose hacia el lado inflacionario,0.4286,0.1493,NEUTRAL,SI
RPM-2013-03-14:T18,2013-03-14,Luis Óscar Herrera Barriga,Gerente de División Estudios,STAFF,0.0,NEUTRAL,una tendencia a la baja de su precio en relación a su oferta,0.0,0.0078,NEUTRAL,SI
RPM-2013-04-11:T3,2013-04-11,Sergio Lehmann Beresi,Gerente de Análisis Internacional,STAFF,-0.25,NEUTRAL,una recuperación débil y heterogénea en lo más reciente,-0.3333,-0.1943,NEUTRAL,SI
RPM-2013-06-13:T68,2013-06-13,Rodrigo Vergara Montes,Presidente del Banco Central,CONSEJO,-0.5,DOVISH,la consolidación de una actividad y demanda por debajo de los niveles esperados tiene efectos sobre la política monetaria,-0.5833,-0.5625,DOVISH,SI
RPM-2013-08-13:T15,2013-08-13,Enrique Marshall Rivera,Consejero,CONSEJO,0.25,NEUTRAL,la economía mundial evoluciona positivamente,0.0,0.0224,NEUTRAL,SI
RPM-2013-09-12:T51,2013-09-12,Luis Óscar Herrera Barriga,Gerente de División Estudios,STAFF,0.0,NEUTRAL,esta recomendación coincide con la expectativa de consenso o mayoritaria en el mercado,-0.8333,-0.4329,NEUTRAL,SI
RPM-2013-10-17:T43,2013-10-17,Enrique Marshall Rivera,Consejero,CONSEJO,-0.5,DOVISH,"vota por ajustar la Tasa de Política Monetaria en 25 puntos base para dejarla en un nivel de 4,75%",-0.4286,-0.2616,NEUTRAL,NO
RPM-2013-12-12:T7,2013-12-12,Sergio Lehmann Beresi,Gerente de Análisis Internacional,STAFF,0.0,NEUTRAL,"alcanzó a 3,6% trimestre a trimestre anualizado",-0.3333,-0.0148,NEUTRAL,SI
RPM-2014-02-18:T2,2014-02-18,Rodrigo Vergara Montes,Presidente del Banco Central,CONSEJO,0.0,NEUTRAL,da inicio a la Reunión de Política Monetaria N° 207,0.0,-0.0535,NEUTRAL,SI
RPM-2014-04-17:T15,2014-04-17,Rodrigo Vergara Montes,Presidente del Banco Central,CONSEJO,0.0,NEUTRAL,predominaba un clima más positivo sobre la economía mundial,-0.6,0.011,NEUTRAL,SI
RPM-2014-06-12:T59,2014-06-12,Beltrán de Ramón Acevedo,Gerente de División Operaciones Financieras,STAFF,-0.5,DOVISH,"validar la expectativa en orden a que la TPM llegará muy prontamente a 3,5% anual",0.0,-0.6171,DOVISH,SI
RPM-2014-08-14:T46,2014-08-14,Pablo García Silva,Consejero,CONSEJO,-0.5,DOVISH,han continuado sorprendiendo de manera significativa en la misma direc,-0.5,-0.9242,DOVISH,SI
RPM-2014-09-11:T42,2014-09-11,Alberto Naudon Dell'Oro,Gerente de División Estudios,STAFF,-0.75,DOVISH,"la recomendación de la Gerencia de División Estudios es por reducir la TPM en 25 puntos base, a 3,25% anual",-0.6667,-0.8376,DOVISH,SI
RPM-2014-11-18:T21,2014-11-18,Pablo García Silva,Consejero,CONSEJO,-0.25,NEUTRAL,"el empleo asalariado privado, que crecía 4% en el año 2013, hoy lo hace a una tasa de 0%",0.0,-0.1504,NEUTRAL,SI
RPM-2015-02-12:T21,2015-02-12,Beltrán de Ramón Acevedo,Gerente de División Operaciones Financieras,STAFF,0.0,NEUTRAL,los premios por plazo en Estados Unidos de América se encuentran en sus niveles mínimos,0.3333,0.0829,NEUTRAL,SI
RPM-2015-04-16:T60,2015-04-16,Alberto Naudon Dell'Oro,Gerente de División Estudios,STAFF,0.0,NEUTRAL,propone como única opción relevante mantener la TPM en 3% y el sesgo neutral,0.3333,-0.1057,NEUTRAL,SI
RPM-2015-05-14:T9,2015-05-14,Diego Gianelli Gómez,Jefe del Departamento Análisis Internacional,STAFF,0.0,NEUTRAL,el mercado consolida la visión de que la Reserva Federal retrasará su proceso de normalización de tasas,0.0,-0.0116,NEUTRAL,SI
RPM-2015-07-14:T46,2015-07-14,Alberto Naudon Dell'Oro,Gerente de División Estudios,STAFF,-0.25,NEUTRAL,el deterioro de este mercado era esperado y que ahora ha comenzado a materializarse,0.3846,0.1389,NEUTRAL,SI
RPM-2015-09-15:T41,2015-09-15,Miguel Fuentes Díaz,Gerente de Análisis Macroeconómico,STAFF,-0.5,DOVISH,una clara reducción del ritmo de crecimiento de empleo asalariado,-0.0909,0.2647,NEUTRAL,NO
RPM-2015-11-12:T8,2015-11-12,Diego Gianelli Gómez,Jefe del Departamento Análisis Internacional,STAFF,-0.25,NEUTRAL,las encuestas no esperan que el ciclo de alza de tasas sea muy profundo,0.0,-0.1361,NEUTRAL,SI
RPM-2005-01-11:T33,2005-01-11,Rodrigo Valdés Pulido,Gerente de División Estudios,STAFF,0.25,NEUTRAL,dicho escenario contempla un cierre de brecha a un ritmo algo mayor,0.0,0.1227,NEUTRAL,SI
RPM-2005-03-10:T7,2005-03-10,Esteban Jadresic Marinovic,Gerente de División Internacional,STAFF,0.0,NEUTRAL,aproximadamente el 80% de las fluctuaciones en los últimos años del spread soberano chileno se debería a factores idiosincráticos,0.0,-0.0094,NEUTRAL,SI
RPM-2005-06-09:T26,2005-06-09,Rodrigo Valdés Pulido,Gerente de División Estudios,STAFF,0.5,HAWKISH,la tendencia inflacionaria seguía aumentando,0.6364,0.4761,NEUTRAL,NO
RPM-2005-10-11:T47,2005-10-11,José De Gregorio Rebeco,Vicepresidente del Banco Central,CONSEJO,0.75,HAWKISH,la mejor opción es aumentar la tasa de Política Monetaria en 25 puntos base y en tal sentido vota por ello,0.6667,0.8244,HAWKISH,SI
RPM-2006-03-16:T11,2006-03-16,Vittorio Corbo Lioi,Presidente del Banco Central,CONSEJO,0.25,NEUTRAL,la actividad económica mundial ha estado mucho mejor de lo que pensábamos,0.0,0.0234,NEUTRAL,SI
RPM-2006-04-13:T74,2006-04-13,Jorge Desormeaux Jiménez,Consejero,CONSEJO,0.75,HAWKISH,"un alza de 25 puntos base, decisión que espera la mayoría del mercado, sería más coherente con nuestro escenario central",-0.6667,0.3674,NEUTRAL,NO
RPM-2006-06-15:T63,2006-06-15,Andrés Velasco Brañes,Ministro de Hacienda,HACIENDA,-0.75,DOVISH,no le parece que existan argumentos para apretar en este momento la política monetaria,0.25,-0.1681,NEUTRAL,NO
RPM-2006-09-07:T33,2006-09-07,Manuel Marfán Lewis,Consejero,CONSEJO,0.0,NEUTRAL,debiera ser más bien insesgado por esa sola causa,0.3333,0.0421,NEUTRAL,SI
RPM-2006-12-14:T3,2006-12-14,Sergio Lehmann Beresi,Gerente de Análisis Internacional,STAFF,-0.25,NEUTRAL,han seguido configurando un escenario de mayor debilidad,0.1111,-0.6499,DOVISH,NO
RPM-2007-02-08:T34,2007-02-08,Pablo García Silva,Gerente de División Política Financiera,STAFF,-0.25,NEUTRAL,"tratar de hacer vínculos con la aceleración de la inflación subyacente, le parece, que es aún prematuro",0.3333,-0.003,NEUTRAL,SI
RPM-2007-05-10:T42,2007-05-10,Pablo García Silva,Gerente de División Política Financiera,STAFF,-0.25,NEUTRAL,en esta ocasión es difícil argumentar por una opción distinta a la mantención de la Tasa de Política Monetaria,-0.3333,0.0281,NEUTRAL,SI
RPM-2007-07-12:T20,2007-07-12,Igal Magendzo Weinberger,Gerente de Análisis Macroeconómico,STAFF,0.75,HAWKISH,nuevamente dio cuenta de un escenario de inflación de corto plazo superior al previsto en el último IPoM,0.4783,0.7405,HAWKISH,SI
RPM-2007-09-13:T74,2007-09-13,Klaus Schmidt-Hebbel Dunker,Gerente de Investigación Económica,STAFF,0.0,NEUTRAL,"eventos sorpresivos, con implicancias opuestas para la política monetaria",-0.2857,0.7682,HAWKISH,NO
RPM-2007-11-13:T68,2007-11-13,Manuel Marfán Lewis,Consejero,CONSEJO,-0.25,NEUTRAL,esto se compensa con la evidencia que apunta hacia una mayor brecha de productos,0.3333,0.0459,NEUTRAL,SI
RPM-2008-02-07:T3,2008-02-07,Sergio Lehmann Beresi,Gerente de Análisis Internacional,STAFF,-0.5,DOVISH,"se destaca un deterioro en el escenario externo, producto de la extensión de la crisis subprime hacia otros sectores",-0.3333,-0.1123,NEUTRAL,NO
RPM-2008-03-13:T88,2008-03-13,Andrés Velasco Brañes,Ministro de Hacienda,HACIENDA,-0.25,NEUTRAL,va a tener consecuencias desinflacionarias,0.4286,-0.0543,NEUTRAL,SI
RPM-2008-05-08:T43,2008-05-08,María Olivia Recart Herrera,Ministro de Hacienda (S),HACIENDA,-0.25,NEUTRAL,produce un período de rezago de transferencia de precios un poco más largo de lo que se podría desear,0.0,-0.0539,NEUTRAL,SI
RPM-2008-07-10:T84,2008-07-10,Beltrán de Ramón Acevedo,Gerente de División Operaciones Financieras,STAFF,0.75,HAWKISH,la inflación anual medida desde julio de 2007 a junio de 2008 ha llegado a una cifra que bordea el 10%,0.6,0.9476,HAWKISH,SI
RPM-2008-11-13:T49,2008-11-13,Sebastián Claro Edwards,Consejero,CONSEJO,0.25,NEUTRAL,confirma que la inflación sigue siendo el principal problema que actualmente enfrenta la economía chilena,0.2667,0.132,NEUTRAL,SI
RPM-2008-12-11:T34,2008-12-11,Sebastián Claro Edwards,Consejero,CONSEJO,-0.25,NEUTRAL,en el caso de Japón también se observa una caída muy importante,-0.6,-0.0564,NEUTRAL,SI
RPM-2009-02-12:T5,2009-02-12,Sergio Lehmann Beresi,Gerente de Análisis Internacional,STAFF,-0.5,DOVISH,"en el cuarto trimestre se registró una caída de dicho indicador en un 3,8%",0.0,-0.0057,NEUTRAL,NO
RPM-2009-04-09:T115,2009-04-09,Claudio Soto Gamboa,Gerente de Análisis Macroeconómico,STAFF,-0.5,DOVISH,"está en -0,5% y la proyección para el 2010 se mantiene en 3%",0.5556,-0.0675,NEUTRAL,NO
RPM-2009-06-16:T72,2009-06-16,Kevin Cowan Logan,Gerente de División Política Financiera,STAFF,-0.25,NEUTRAL,"con lo cual se desharía, en parte, la reducción de tasas",0.0,0.1435,NEUTRAL,SI
RPM-2009-08-13:T50,2009-08-13,Claudio Soto Gamboa,Gerente de Análisis Macroeconómico,STAFF,0.0,NEUTRAL,"el peso se ha depreciado, a pesar del importante aumento observado en el precio del cobre",0.0,-0.0963,NEUTRAL,SI
RPM-2009-10-13:T71,2009-10-13,José De Gregorio Rebeco,Presidente del Banco Central,CONSEJO,0.0,NEUTRAL,se ajustan al escenario base presentado en el último IPoM,-0.4286,-0.2545,NEUTRAL,SI
RPM-2009-12-15:T64,2009-12-15,Luis Felipe Céspedes Cifuentes,Gerente de Investigación Económica,STAFF,-0.5,DOVISH,se ha observado una importante reducción en los registros de inflación y en las proyecciones de corto plazo,-0.5,-0.4259,NEUTRAL,NO
RPM-2010-02-11:T125,2010-02-11,José De Gregorio Rebeco,Presidente del Banco Central,CONSEJO,0.0,NEUTRAL,"por unanimidad, se mantiene la tasa de política monetaria en 0,5%",0.5,-0.0458,NEUTRAL,SI
RPM-2010-05-13:T59,2010-05-13,José De Gregorio Rebeco,Presidente del Banco Central,CONSEJO,0.5,HAWKISH,se está con un nivel de tasas que ciertamente es muy bajo dadas las perspectivas actuales y que se tiene un espacio de ajuste,0.4545,0.4756,HAWKISH,SI
RPM-2010-07-15:T71,2010-07-15,Claudio Soto Gamboa,Gerente de Análisis Macroeconómico,STAFF,0.5,HAWKISH,acordará un aumento de la tasa de política monetaria de 50 puntos base,0.5556,-0.1864,NEUTRAL,NO
RPM-2010-08-12:T4,2010-08-12,Sebastián Claro Edwards,Consejero,CONSEJO,0.0,NEUTRAL,no permite tener una idea precisa acerca de la estabilidad actual de esos precios,0.0,0.0105,NEUTRAL,SI
RPM-2010-09-16:T26,2010-09-16,Sergio Lehmann Beresi,Gerente de Análisis Internacional,STAFF,0.0,NEUTRAL,"efectivamente, la apreciación ha sido muy poco significativa",0.0,-0.0755,NEUTRAL,SI
RPM-2011-01-13:T3,2011-01-13,Sergio Lehmann Beresi,Gerente de Análisis Internacional,STAFF,0.25,NEUTRAL,las cifras de actividad de las economías desarrolladas resultaron mejores que lo anticipado,0.3333,-0.0909,NEUTRAL,SI
RPM-2011-02-17:T97,2011-02-17,Felipe Larraín Bascuñán,Ministro de Hacienda,HACIENDA,0.75,HAWKISH,le parece adecuado validar las expectativas del mercado y aumentar la TPM en 25 puntos base,0.7778,0.6176,HAWKISH,SI
RPM-2011-05-12:T38,2011-05-12,Manuel Marfán Lewis,Vicepresidente del Banco Central,CONSEJO,-0.25,NEUTRAL,"el riesgo de cola, si bien no tendría una alta probabilidad de ocurrencia, podría tener efectos significativos",0.0,-0.0332,NEUTRAL,SI
RPM-2011-06-14:T23,2011-06-14,Rodrigo Vergara Montes,Consejero,CONSEJO,-0.5,DOVISH,no se advierte un panorama externo auspicioso,-0.5,-0.003,NEUTRAL,NO
RPM-2011-09-15:T66,2011-09-15,Manuel Marfán Lewis,Vicepresidente del Banco Central,CONSEJO,-0.25,NEUTRAL,han aumentado los riesgos en torno al escenario internacional,0.4286,-0.5198,DOVISH,NO
RPM-2011-11-15:T82,2011-11-15,Enrique Marshall Rivera,Consejero,CONSEJO,-0.25,NEUTRAL,las perspectivas de crecimiento para esta región del mundo se han seguido debilitando,-0.6923,-0.2185,NEUTRAL,SI
RPM-2012-01-12:T5,2012-01-12,Luis Óscar Herrera Barriga,Gerente de División Estudios,STAFF,0.0,NEUTRAL,"si estas dos tasas están desarbitradas, se van a producir flujos en el sentido señalado",0.0,0.3998,NEUTRAL,SI
RPM-2012-04-17:T34,2012-04-17,Claudio Soto Gamboa,Gerente de Análisis Macroeconómico,STAFF,0.0,NEUTRAL,"persiste el dinamismo del crédito hipotecario, para pymes y para grandes empresas",0.0,-0.0042,NEUTRAL,SI
RPM-2012-07-12:T73,2012-07-12,Joaquín Vial Ruiz-Tagle,Consejero,CONSEJO,-0.25,NEUTRAL,se amplían y difunden las señales de desaceleración en el resto del mundo,-0.6,-0.1693,NEUTRAL,SI
RPM-2012-09-13:T29,2012-09-13,Claudio Soto Gamboa,Gerente de Análisis Macroeconómico,STAFF,0.25,NEUTRAL,"el IMACEC del mes de julio creció 5,3%, en línea con lo proyectado",-0.6,-0.4191,NEUTRAL,SI
RPM-2012-10-18:T6,2012-10-18,Sergio Lehmann Beresi,Gerente de Análisis Internacional,STAFF,0.25,NEUTRAL,han mejorado los indicadores de producción industrial y ventas minoristas,-0.6,-0.0458,NEUTRAL,SI
RPM-2012-12-13:T23,2012-12-13,Claudio Soto Gamboa,Gerente de Análisis Macroeconómico,STAFF,0.0,NEUTRAL,en el mes de octubre pasado la actividad presentó en una alta tasa de crecimiento,-0.6364,-0.1082,NEUTRAL,SI
RPM-2013-01-17:T60,2013-01-17,Sebastián Claro Edwards,Consejero,CONSEJO,-0.25,NEUTRAL,"los magros datos de crecimiento, especialmente en Europa y algunos otros países en desarrollo",0.2,-0.3125,NEUTRAL,SI
RPM-2013-04-11:T64,2013-04-11,Rodrigo Vergara Montes,Presidente del Banco Central,CONSEJO,-0.5,DOVISH,se mantienen por debajo del piso del rango de tolerancia del Banco Central de Chile,-0.5,-0.5725,DOVISH,SI
RPM-2013-06-13:T14,2013-06-13,Sergio Lehmann Beresi,Gerente de Análisis Internacional,STAFF,-0.25,NEUTRAL,"ella se ha moderado en México, Brasil y China, debido a la disminución de los precios de alimentos",-0.7143,-0.0286,NEUTRAL,SI
RPM-2013-07-11:T40,2013-07-11,Claudio Soto Gamboa,Gerente de Análisis Macroeconómico,STAFF,-0.25,NEUTRAL,"la corrección marginal de la proyección para el año desde el 4,4% considerado en dicho Informe, hasta un 4,3%",-0.7143,-0.1506,NEUTRAL,SI
RPM-2013-11-19:T25,2013-11-19,Sebastián Claro Edwards,Consejero,CONSEJO,-0.25,NEUTRAL,la actividad y demanda exhiben una desaceleración gradual,-0.6,-0.0747,NEUTRAL,SI
RPM-2013-12-12:T35,2013-12-12,Rodrigo Vergara Montes,Presidente del Banco Central,CONSEJO,0.25,NEUTRAL,"en la actualidad, en cambio, podría comenzar a predominar la visión opuesta",0.0,-0.3217,NEUTRAL,SI
RPM-2013-12-12:T56,2013-12-12,Manuel Marfán Lewis,Vicepresidente del Banco Central,CONSEJO,0.0,NEUTRAL,así como también un sesgo neutral en el Comunicado,-0.0909,-0.4652,NEUTRAL,SI
RPM-2014-01-16:T45,2014-01-16,Enrique Marshall Rivera,Consejero,CONSEJO,0.0,NEUTRAL,"las noticias del último mes son, en general, coherentes con el escenario base",-0.5,0.0718,NEUTRAL,SI
RPM-2014-04-17:T73,2014-04-17,Joaquín Vial Ruiz-Tagle,Consejero,CONSEJO,-0.25,NEUTRAL,"ya se ha dado un estímulo monetario importante, al punto que hoy el equivalente real de la TPM es cercano a 0",0.1429,-0.0048,NEUTRAL,SI
RPM-2014-05-15:T8,2014-05-15,Pablo García Silva,Consejero,CONSEJO,0.5,HAWKISH,los riesgos en Estados Unidos de América están claramente sesgados hacia una mayor inflación y mayores tasas de interés,0.5556,0.0085,NEUTRAL,NO
RPM-2014-07-15:T30,2014-07-15,Sebastián Claro Edwards,Consejero,CONSEJO,-0.25,NEUTRAL,explicada por el débil desempeño de la inversión y del consumo,-0.5556,-0.0741,NEUTRAL,SI
RPM-2014-09-11:T10,2014-09-11,Sebastián Claro Edwards,Consejero,CONSEJO,0.0,NEUTRAL,la depreciación del peso chileno ha sido mayor que la registrada por las monedas de los demás países de la región,0.0,-0.096,NEUTRAL,SI
RPM-2014-10-16:T15,2014-10-16,Pablo García Silva,Consejero,CONSEJO,-0.5,DOVISH,lo que configura un escenario de mucha debilidad de crecimiento en las economías avanzadas y emergentes,0.4286,-0.1843,NEUTRAL,NO
RPM-2014-11-18:T15,2014-11-18,Miguel Fuentes Díaz,Gerente de Análisis Macroeconómico,STAFF,-0.5,DOVISH,"se anticipa una caída de 0,8% para el presente año",-0.4286,-0.3221,NEUTRAL,NO
RPM-2015-02-12:T34,2015-02-12,Pablo García Silva,Consejero,CONSEJO,0.0,NEUTRAL,"el principal foco de preocupación debe ser la inflación, especialmente por la proximidad del IPoM",0.4286,-0.047,NEUTRAL,SI
RPM-2015-04-16:T39,2015-04-16,Miguel Fuentes Díaz,Gerente de Análisis Macroeconómico,STAFF,-0.25,NEUTRAL,cifra inferior al 2% estimado,0.0,-0.0551,NEUTRAL,SI
RPM-2015-05-14:T61,2015-05-14,Sebastián Claro Edwards,Consejero,CONSEJO,0.0,NEUTRAL,solo cabe favorecer la mantención de la TPM en 3% y el tono del último Comunicado,-0.5,-0.2208,NEUTRAL,SI
RPM-2015-08-13:T53,2015-08-13,Alberto Naudon Dell'Oro,Gerente de División Estudios,STAFF,0.5,HAWKISH,dan cuenta de una dinámica inflacionaria significativamente mayor que la prevista hace solo un par de meses,0.7333,0.4072,HAWKISH,SI
RPM-2015-10-15:T50,2015-10-15,Miguel Fuentes Díaz,Gerente de Análisis Macroeconómico,STAFF,-0.25,NEUTRAL,"la inflación esperada a un año ha descendido, pero se mantiene sobre 3,5%",0.0,-0.2594,NEUTRAL,SI
RPM-2015-12-17:T12,2015-12-17,Diego Gianelli Gómez,Jefe del Departamento Análisis Internacional,STAFF,-0.25,NEUTRAL,el precio de los commodities registró una caída generalizada en el último mes,0.0,-0.3265,NEUTRAL,SI
RPM-2005-02-10:T24,2005-02-10,Manuel Marfán Lewis,Consejero,CONSEJO,0.0,NEUTRAL,sería conveniente dejarlos para hacer un análisis de la coyuntura más consistente,0.0,-0.0421,NEUTRAL,SI
RPM-2005-05-12:T12,2005-05-12,Nicolás Eyzaguirre Guzmán,Ministro de Hacienda,HACIENDA,0.0,NEUTRAL,es adecuada y que se le denomina así para diferenciarla de lo que podrían ser expectativas inflacionarias,0.4286,0.0803,HAWKISH,NO
RPM-2005-07-12:T46,2005-07-12,Jorge Desormeaux Jiménez,Consejero,CONSEJO,0.75,HAWKISH,"vota por subir la tasa de política monetaria en 25 puntos base, hasta 3,5% anual",0.6923,0.9356,HAWKISH,SI
RPM-2005-11-10:T2,2005-11-10,Vittorio Corbo Lioi,Presidente del Banco Central,CONSEJO,0.0,NEUTRAL,"El señor Presidente fija la sesión de política monetaria del mes de mayo de 2006, para el día 11 de ese mes",0.0,-0.1664,NEUTRAL,SI
RPM-2006-02-09:T42,2006-02-09,Manuel Marfán Lewis,Consejero,CONSEJO,0.75,HAWKISH,vota por elevar la tasa de política monetaria en 25 puntos base,-0.5,0.2244,HAWKISH,SI
RPM-2006-07-13:T64,2006-07-13,Enrique Marshall Rivera,Consejero,CONSEJO,0.5,HAWKISH,"vota por subir la tasa de política monetaria a 5,25%",0.4783,0.6456,HAWKISH,SI
RPM-2006-08-10:T41,2006-08-10,Enrique Marshall Rivera,Consejero,CONSEJO,0.0,NEUTRAL,"su voto es por mantener la tasa de política monetaria en su actual nivel de 5,25%",-0.0909,-0.2083,DOVISH,NO
RPM-2006-11-16:T36,2006-11-16,Klaus Schmidt-Hebbel Dunker,Gerente de Investigación Económica,STAFF,-0.25,NEUTRAL,escenarios alternativos al de mantención de la tasa de política monetaria,0.5,-0.2536,NEUTRAL,SI
RPM-2006-12-14:T63,2006-12-14,Vittorio Corbo Lioi,Presidente del Banco Central,CONSEJO,0.0,NEUTRAL,"también vota por mantener la tasa de política en 5,25%",-0.6,-0.3744,NEUTRAL,SI
RPM-2007-02-08:T53,2007-02-08,Manuel Marfán Lewis,Consejero,CONSEJO,0.0,NEUTRAL,su voto es por mantener la tasa de política monetaria en el nivel actual,-0.4545,-0.1196,NEUTRAL,SI
RPM-2007-06-14:T45,2007-06-14,Igal Magendzo Weinberger,Gerente de Análisis Macroeconómico,STAFF,0.25,NEUTRAL,un sesgo explícito limita los grados de libertad para acciones posteriores,0.6216,0.8168,HAWKISH,NO
RPM-2007-09-13:T21,2007-09-13,Andrés Velasco Brañes,Ministro de Hacienda,HACIENDA,0.0,NEUTRAL,las estadísticas no son buenas ni malas,0.0,0.3902,HAWKISH,NO
RPM-2007-10-11:T66,2007-10-11,José De Gregorio Rebeco,Vicepresidente del Banco Central,CONSEJO,0.0,NEUTRAL,su voto es por mantener la Tasa de Política Monetaria en su actual nivel,0.1429,0.0145,NEUTRAL,SI
RPM-2007-12-13:T28,2007-12-13,José De Gregorio Rebeco,Presidente del Banco Central,CONSEJO,0.0,NEUTRAL,su gran duda junto al escenario internacional es respecto a lo que está sucediendo con las paridades,0.0,-0.041,NEUTRAL,SI
RPM-2007-12-13:T74,2007-12-13,Sebastián Claro Edwards,Consejero,CONSEJO,0.75,HAWKISH,la inflación se mantiene muy por sobre la meta y se espera que esto continúe por un tiempo,0.6667,0.5409,HAWKISH,SI
RPM-2008-02-07:T7,2008-02-07,Sergio Lehmann Beresi,Gerente de Análisis Internacional,STAFF,-0.25,NEUTRAL,éstas han caído fuertemente,0.0,-0.3582,NEUTRAL,SI
RPM-2008-05-08:T51,2008-05-08,Enrique Marshall Rivera,Consejero,CONSEJO,0.25,NEUTRAL,en dicho mercado no se advierte una desaceleración en la tasa de crecimiento del empleo,-0.4286,-0.2107,NEUTRAL,SI
RPM-2008-06-10:T103,2008-06-10,Jorge Desormeaux Jiménez,Vicepresidente del Banco Central,CONSEJO,0.75,HAWKISH,"vota por subir la Tasa de Política Monetaria a 6,75%",0.1579,0.4612,HAWKISH,SI
RPM-2008-07-10:T87,2008-07-10,Sebastián Claro Edwards,Consejero,CONSEJO,0.75,HAWKISH,La primera es el alto registro de la inflación de junio,0.5556,0.9304,HAWKISH,SI
RPM-2008-09-04:T42,2008-09-04,Pablo García Silva,Gerente de División Estudios,STAFF,0.25,NEUTRAL,existe un efecto más de presiones de costo hacia mediano plazo,0.6667,0.164,NEUTRAL,SI
RPM-2009-02-12:T55,2009-02-12,José De Gregorio Rebeco,Presidente del Banco Central,CONSEJO,-0.5,DOVISH,"el crecimiento de la economía mundial es del orden de 0,7% ó 0,6% menor",0.0,-0.1321,NEUTRAL,NO
RPM-2009-05-07:T68,2009-05-07,Claudio Soto Gamboa,Gerente de Análisis Macroeconómico,STAFF,-0.25,NEUTRAL,las tasas de colocaciones han seguido disminuyendo,-0.2,0.0044,NEUTRAL,SI
RPM-2009-07-09:T56,2009-07-09,Claudio Soto Gamboa,Gerente de Análisis Macroeconómico,STAFF,-0.5,DOVISH,"la tasa de desempleo llegó a 10,2% en mayo",-0.5,-0.1866,NEUTRAL,NO
RPM-2009-08-13:T42,2009-08-13,Claudio Soto Gamboa,Gerente de Análisis Macroeconómico,STAFF,-0.25,NEUTRAL,los salarios reales han experimentado un significativo aume,0.0,-0.0172,NEUTRAL,SI
RPM-2009-10-13:T70,2009-10-13,Jorge Desormeaux Jiménez,Vicepresidente del Banco Central,CONSEJO,0.0,NEUTRAL,depende de la validez que siga teniendo el escenario central de dicho Informe,0.4286,0.2389,NEUTRAL,SI
RPM-2010-01-14:T8,2010-01-14,Manuel Marfán Lewis,Vicepresidente del Banco Central,CONSEJO,-0.25,NEUTRAL,quizás está sostenida por un “respirador artificial”,0.0,-0.022,NEUTRAL,SI
RPM-2010-03-18:T51,2010-03-18,Matías Bernier Bórquez,Gerente de Mercados Financieros Nacionales,STAFF,0.0,NEUTRAL,no pueden considerarse como sustitutos de una FLAP a 180 días a tasa fija,0.0,-0.0353,NEUTRAL,SI
RPM-2010-04-15:T83,2010-04-15,José De Gregorio Rebeco,Presidente del Banco Central,CONSEJO,-0.25,NEUTRAL,el escenario macroeconómico sigue siendo altamente incierto,-0.1667,0.4467,HAWKISH,NO
RPM-2010-07-15:T11,2010-07-15,Sergio Lehmann Beresi,Gerente de Análisis Internacional,STAFF,0.25,NEUTRAL,"no solo han continuado ajustándose, sino que se esperan nuevas alzas",-0.5,-0.1091,NEUTRAL,SI
RPM-2010-09-16:T49,2010-09-16,Manuel Marfán Lewis,Vicepresidente del Banco Central,CONSEJO,0.0,NEUTRAL,"culmina, finalmente, en algún problema de vulnerabilidad externa",0.4286,0.2266,NEUTRAL,SI
RPM-2010-11-16:T3,2010-11-16,Sergio Lehmann Beresi,Gerente de Análisis Internacional,STAFF,-0.25,NEUTRAL,con el propósito de reestimular el crecimiento y reducir los riesgos deflacionarios,-0.3333,-0.0195,NEUTRAL,SI
RPM-2011-01-13:T82,2011-01-13,Enrique Marshall Rivera,Consejero,CONSEJO,0.5,HAWKISH,por entregar un comunicado que contenga un sesgo al alza,0.5,0.789,HAWKISH,SI
RPM-2011-05-12:T15,2011-05-12,Sergio Lehmann Beresi,Gerente de Análisis Internacional,STAFF,0.0,NEUTRAL,han tendido a enfriarse en la punta,-0.3333,-0.0069,NEUTRAL,SI
RPM-2011-06-14:T40,2011-06-14,Claudio Soto Gamboa,Gerente de Análisis Macroeconómico,STAFF,0.25,NEUTRAL,la proyección interna de actividad se ha corregido al alza por industria y sectores ligados al consumo,0.0,-0.0352,NEUTRAL,SI
RPM-2011-08-18:T70,2011-08-18,Beltrán de Ramón Acevedo,Gerente de División Operaciones Financieras,STAFF,-0.25,NEUTRAL,"la opción, en esta ocasión, es de mantener la TPM y retirar el sesgo",-0.6,-0.2684,NEUTRAL,SI
RPM-2011-10-13:T77,2011-10-13,Sebastián Claro Edwards,Consejero,CONSEJO,-0.25,NEUTRAL,no se puede descartar que un mayor deterioro externo o interno pueda llevar a una modificación de la política monetaria,-0.6,-0.7266,DOVISH,NO
RPM-2011-12-13:T40,2011-12-13,Claudio Soto Gamboa,Gerente de Análisis Macroeconómico,STAFF,-0.25,NEUTRAL,los encuestados de la EEE piensan mayoritariamente que la tasa bajará a 5%,-0.4286,-0.0367,NEUTRAL,SI
RPM-2012-02-14:T84,2012-02-14,Sebastián Claro Edwards,Consejero,CONSEJO,-0.25,NEUTRAL,no se pueden descartar bajas futuras de la tasa rectora,-0.6923,-0.1564,NEUTRAL,SI
RPM-2012-06-14:T18,2012-06-14,Joaquín Vial Ruiz-Tagle,Consejero,CONSEJO,-0.25,NEUTRAL,su petición de rescate es inminente,0.0,-0.0601,NEUTRAL,SI
RPM-2012-08-16:T31,2012-08-16,Claudio Soto Gamboa,Gerente de Análisis Macroeconómico,STAFF,0.25,NEUTRAL,que se traducirán en alzas en los precios nacionales,-0.4286,0.0616,NEUTRAL,SI
RPM-2012-10-18:T3,2012-10-18,Sergio Lehmann Beresi,Gerente de Análisis Internacional,STAFF,0.0,NEUTRAL,los mercados han vuelto a mostrar algunos progresos,-0.6,-0.2052,NEUTRAL,SI
RPM-2012-11-13:T59,2012-11-13,Joaquín Vial Ruiz-Tagle,Consejero,CONSEJO,0.0,NEUTRAL,se mantienen en líneas gruesas las tendencias observadas en las Reuniones anteriores,-0.5,-0.0891,NEUTRAL,SI
RPM-2012-12-13:T44,2012-12-13,Sebastián Claro Edwards,Consejero,CONSEJO,-0.25,NEUTRAL,la economía internacional continúa por una senda de lenta recuperación,-0.1667,-0.318,NEUTRAL,SI
RPM-2013-02-14:T32,2013-02-14,Rodrigo Vergara Montes,Presidente del Banco Central,CONSEJO,0.25,NEUTRAL,"si el mundo desarrollado comienza a crecer, el precio de los commodities se elevará",0.5556,0.2122,NEUTRAL,SI
RPM-2013-05-16:T31,2013-05-16,Manuel Marfán Lewis,Vicepresidente del Banco Central,CONSEJO,-0.25,NEUTRAL,una política monetaria algo más expansiva y otra fiscal ligeramente más contractiva,-0.4286,-0.054,NEUTRAL,SI
RPM-2013-08-13:T12,2013-08-13,Manuel Marfán Lewis,Vicepresidente del Banco Central,CONSEJO,0.0,NEUTRAL,enfrenta problemas de carácter fitosanitario,-0.3333,-0.0486,NEUTRAL,SI
RPM-2013-09-12:T55,2013-09-12,Joaquín Vial Ruiz-Tagle,Consejero,CONSEJO,0.0,NEUTRAL,mantener la Tasa de Política Monetaria en 5% anual,-0.6667,-0.1163,NEUTRAL,SI
RPM-2013-10-17:T5,2013-10-17,Sergio Lehmann Beresi,Gerente de Análisis Internacional,STAFF,0.0,NEUTRAL,una mera postergación de los problemas presupuestarios y del techo de la deuda,0.4286,-0.0011,NEUTRAL,SI
RPM-2013-11-19:T9,2013-11-19,Kevin Cowan Logan,Gerente de División Política Financiera,STAFF,-0.25,NEUTRAL,la contracción de su crecimiento podría ser mayor que lo proyectado hasta esta fecha,0.2,-0.5524,DOVISH,NO
RPM-2013-12-12:T50,2013-12-12,Joaquín Vial Ruiz-Tagle,Consejero,CONSEJO,0.0,NEUTRAL,"su voto es por mantener la TPM en 4,5% anual",-0.3333,-0.0135,NEUTRAL,SI
RPM-2014-02-18:T24,2014-02-18,Miguel Ricaurte Bermúdez,Gerente de Análisis Internacional (S),STAFF,0.25,NEUTRAL,el precio del petróleo se incrementó tras las revisiones al alza del crecimiento de los países desarrollados,0.0,-0.0585,NEUTRAL,SI
RPM-2014-04-17:T65,2014-04-17,Luis Óscar Herrera Barriga,Gerente de División Estudios,STAFF,-0.5,DOVISH,"recomienda mantener la TPM en 4,0% anual y mantener el sesgo a la baja en el Comunicado",-0.3846,-0.1648,NEUTRAL,NO
RPM-2014-05-15:T7,2014-05-15,Joaquín Vial Ruiz-Tagle,Consejero,CONSEJO,0.25,NEUTRAL,la sorpresa de la inflación al alza que denota un poco más de tensión inflacionaria,0.0,-0.0711,NEUTRAL,SI
RPM-2014-06-12:T63,2014-06-12,Pablo García Silva,Consejero,CONSEJO,-0.75,DOVISH,"su voto es por reducir la TPM en 25 puntos base, a 3,75% anual",-0.2727,-0.4653,DOVISH,SI
RPM-2014-08-14:T38,2014-08-14,Miguel Fuentes Díaz,Gerente de Análisis Macroeconómico,STAFF,-0.75,DOVISH,"recomienda reducir la TPM en 25 puntos base, a 3,5% anual",0.0588,-0.8642,DOVISH,SI
RPM-2014-09-11:T6,2014-09-11,Sergio Lehmann Beresi,Gerente de Análisis Internacional,STAFF,-0.25,NEUTRAL,la visión sobre China es de una desaceleración controlada,-0.7895,-0.0299,NEUTRAL,SI
RPM-2014-10-16:T55,2014-10-16,Sebastián Claro Edwards,Consejero,CONSEJO,-0.75,DOVISH,su voto es por bajar la TPM a 3%,0.6,-0.622,DOVISH,SI
RPM-2015-02-12:T15,2015-02-12,Miguel Fuentes Díaz,Gerente de Análisis Macroeconómico,STAFF,0.0,NEUTRAL,los EMBI en los demás países europeos han tendido a reducirse,0.0,-0.0282,NEUTRAL,SI
RPM-2015-04-16:T69,2015-04-16,Rodrigo Vergara Montes,Presidente del Banco Central,CONSEJO,0.25,NEUTRAL,la trayectoria inflacionaria requiere todavía de un atento seguimiento,-0.3846,-0.481,DOVISH,NO
RPM-2015-08-13:T44,2015-08-13,Rodrigo Vergara Montes,Presidente del Banco Central,CONSEJO,0.75,HAWKISH,la inflación ha permanecido sobre 4% durante un año y medio,0.0,0.8617,HAWKISH,SI
RPM-2015-10-15:T28,2015-10-15,Sebastián Claro Edwards,Vicepresidente del Banco Central,CONSEJO,-0.25,NEUTRAL,se ha sobreestimado la relevancia de la eventual alza de la tasa de instancia norteamericana,0.5,0.0003,NEUTRAL,SI
RPM-2015-12-17:T25,2015-12-17,Diego Gianelli Gómez,Jefe del Departamento Análisis Internacional,STAFF,0.0,NEUTRAL,existe poco espacio fiscal y monetario para suavizar el ciclo adverso,0.3333,-0.0046,NEUTRAL,SI
RPM-2005-01-11:T51,2005-01-11,Jorge Desormeaux Jiménez,Consejero,CONSEJO,0.75,HAWKISH,su voto es por subir la tasa de política monetaria en el monto señalado,0.4,0.2388,NEUTRAL,NO
RPM-2005-03-10:T38,2005-03-10,Rodrigo Valdés Pulido,Gerente de División Estudios,STAFF,0.0,NEUTRAL,no puede ser que en el largo plazo la tasa de interés esté por debajo del crecimiento de la economía,0.3333,0.237,NEUTRAL,SI
RPM-2005-06-09:T35,2005-06-09,José De Gregorio Rebeco,Vicepresidente del Banco Central,CONSEJO,-0.25,NEUTRAL,le parece adecuado en el día de hoy pausar la estrategia de alza de tasas,0.6,0.1247,NEUTRAL,SI
RPM-2005-10-11:T44,2005-10-11,Manuel Marfán Lewis,Consejero,CONSEJO,0.5,HAWKISH,en 25 puntos base por cuarto mes consecutivo y vota en consecuencia,0.6364,0.6824,HAWKISH,SI
RPM-2006-02-09:T5,2006-02-09,Pablo García Silva,Gerente de Análisis Macroeconómico,STAFF,0.25,NEUTRAL,Las expectativas de inflación siguen bien ancladas en torno al centro del rango meta,0.0,0.0109,NEUTRAL,SI
RPM-2006-07-13:T67,2006-07-13,José De Gregorio Rebeco,Vicepresidente del Banco Central,CONSEJO,0.25,NEUTRAL,Las condiciones financieras no siguieron reduciendo su grado de expansividad,0.6923,0.8549,HAWKISH,NO
RPM-2006-10-12:T37,2006-10-12,Manuel Marfán Lewis,Consejero,CONSEJO,0.25,NEUTRAL,no le parece que pueda descartarse un escenario en que se produzca un desanclaje de las expectativas,0.5556,0.1948,NEUTRAL,SI
RPM-2006-12-14:T19,2006-12-14,Igal Magendzo Weinberger,Gerente de Análisis Macroeconómico,STAFF,0.25,NEUTRAL,un Imacec de octubre que creció por sobre 5% anual,-0.6,-0.0614,NEUTRAL,SI
RPM-2007-01-11:T27,2007-01-11,Manuel Marfán Lewis,Consejero,CONSEJO,0.0,NEUTRAL,el rol de éste es más bien ir adelante del mercado para tratar de monitorear esas expectativas,0.0,0.0098,NEUTRAL,SI
RPM-2007-03-15:T4,2007-03-15,Igal Magendzo Weinberger,Gerente de Análisis Macroeconómico,STAFF,-0.25,NEUTRAL,las fuertes turbulencias que se observaron en los mercados financieros internacionales,0.0,-0.5675,DOVISH,NO
RPM-2007-04-12:T59,2007-04-12,Esteban Jadresic Marinovic,Gerente de División Operaciones Financieras,STAFF,-0.25,NEUTRAL,se sigue justificando una reducción en los términos que se contemplaba,0.04,0.0803,NEUTRAL,SI
RPM-2007-09-13:T18,2007-09-13,Esteban Jadresic Marinovic,Gerente de División Operaciones Financieras,STAFF,0.0,NEUTRAL,el indicador más correcto es el credit default swap,0.0,-0.0144,NEUTRAL,SI
RPM-2007-09-13:T81,2007-09-13,Jorge Desormeaux Jiménez,Consejero,CONSEJO,0.75,HAWKISH,vota por un alza de 25 puntos base en la Tasa de Política Monetaria,0.6923,0.9004,HAWKISH,SI
RPM-2007-11-13:T2,2007-11-13,Vittorio Corbo Lioi,Presidente del Banco Central,CONSEJO,0.0,NEUTRAL,el Ministro de Hacienda señor Andrés Velasco no asistirá a la Sesión del día de hoy,0.0,-0.2536,NEUTRAL,SI
RPM-2007-12-13:T29,2007-12-13,Igal Magendzo Weinberger,Gerente de División Estudios (S),STAFF,0.25,NEUTRAL,anticipándose un aumento de 25 puntos base en el primer trimestre del 2008,-0.617,0.2106,NEUTRAL,SI
RPM-2008-04-10:T32,2008-04-10,Pablo García Silva,Gerente de División Estudios,STAFF,0.25,NEUTRAL,no se podía descartar un ajuste adicional de la Tasa de Política Monetaria,0.3333,0.4208,NEUTRAL,SI
RPM-2008-06-10:T16,2008-06-10,Sergio Lehmann Beresi,Gerente de Análisis Internacional,STAFF,0.25,NEUTRAL,ha llevado a expectativas de aumento que se hacen más evidentes en el caso de Europa,0.0,-0.109,NEUTRAL,SI
RPM-2008-08-14:T33,2008-08-14,Sergio Lehmann Beresi,Gerente de Análisis Internacional,STAFF,-0.25,NEUTRAL,las trayectorias que hoy día se están esperando son algo más bajas que lo que estaban en ese entonces,0.0,-0.6099,DOVISH,NO
RPM-2008-09-04:T15,2008-09-04,Sergio Lehmann Beresi,Gerente de Análisis Internacional,STAFF,-0.5,DOVISH,se corrige a la baja la proyección para el año 2008,-0.5,-0.1356,NEUTRAL,NO
RPM-2008-11-13:T8,2008-11-13,José De Gregorio Rebeco,Presidente del Banco Central,CONSEJO,-0.5,DOVISH,su impresión global es que la situación se viene mucho peor de lo que se preveía,0.0,-0.0771,NEUTRAL,NO
RPM-2009-02-12:T11,2009-02-12,Sergio Lehmann Beresi,Gerente de Análisis Internacional,STAFF,-0.25,NEUTRAL,"en el caso de Corea y Japón, que son los países que muestran deterioros más relevantes",0.0,-0.2895,NEUTRAL,SI
RPM-2009-02-12:T91,2009-02-12,José De Gregorio Rebeco,Presidente del Banco Central,CONSEJO,-1.0,DOVISH,"tres votos por bajar la tasa en 250 puntos base y otros dos, por disminuirla en 200 puntos base",-0.8095,-0.9616,DOVISH,SI
RPM-2009-06-16:T85,2009-06-16,Kevin Cowan Logan,Gerente de División Política Financiera,STAFF,-0.75,DOVISH,un claro mensaje de persistencia de tasas bajas en el comunicado,-0.6,-0.1379,NEUTRAL,NO
RPM-2009-07-09:T74,2009-07-09,Manuel Marfán Lewis,Consejero,CONSEJO,-0.25,NEUTRAL,"cuando sube el nivel de riesgo, los bancos limitan el otorgamiento de créditos",0.0,0.0136,NEUTRAL,SI
RPM-2009-10-13:T23,2009-10-13,Sergio Lehmann Beresi,Gerente de Análisis Internacional,STAFF,0.0,NEUTRAL,los spreads Libor OIS a un mes están bastante estables,0.0,-0.1044,NEUTRAL,SI
RPM-2009-11-12:T60,2009-11-12,Claudio Soto Gamboa,Gerente de Análisis Macroeconómico,STAFF,0.25,NEUTRAL,las perspectivas de un mejor entorno de crecimiento han seguido asentándose,0.0,-0.0955,NEUTRAL,SI
RPM-2010-01-14:T53,2010-01-14,Rodrigo Vergara Montes,Consejero,CONSEJO,0.0,NEUTRAL,el Consejero señor Rodrigo Vergara vota por mantener la TPM en su nivel actual,0.2,0.0179,NEUTRAL,SI
RPM-2010-02-11:T27,2010-02-11,Pablo Pincheira Brown,Gerente de Investigación Económica (S),STAFF,0.0,NEUTRAL,en Chile había claramente una mayor persistencia de la inflación subyacente,0.3333,-0.0181,NEUTRAL,SI
RPM-2010-04-15:T79,2010-04-15,Rodrigo Vergara Montes,Consejero,CONSEJO,0.25,NEUTRAL,el comienzo del proceso de normalización de la política monetaria se vislumbra cercano,0.5,0.2035,NEUTRAL,SI
RPM-2010-06-15:T78,2010-06-15,Pablo García Silva,Gerente de División Estudios,STAFF,0.25,NEUTRAL,se acercaba el momento de iniciar el proceso de normalización de la política monetaria,0.6667,0.4023,HAWKISH,NO
RPM-2010-07-15:T56,2010-07-15,Claudio Soto Gamboa,Gerente de Análisis Macroeconómico,STAFF,0.25,NEUTRAL,"hasta 5,9%, debido, fundamentalmente, a una sorpresa en industria en el mes de mayo",0.0,-0.5604,DOVISH,NO
RPM-2010-12-16:T57,2010-12-16,Luis Óscar Herrera Barriga,Gerente de División Estudios,STAFF,0.5,HAWKISH,continuar retirando estímulo monetario de la economía,0.7333,0.4927,HAWKISH,SI
RPM-2011-02-17:T102,2011-02-17,Enrique Marshall Rivera,Consejero,CONSEJO,0.75,HAWKISH,vota por aumentar la TPM en 25 puntos base,-0.2727,0.8711,HAWKISH,SI
RPM-2011-04-12:T44,2011-04-12,Claudio Soto Gamboa,Gerente de Análisis Macroeconómico,STAFF,0.0,NEUTRAL,"esta reaceleración será más bien transitoria, ya que la demanda volvería a moderarse en el segundo trimestre",0.0,-0.0024,NEUTRAL,SI
RPM-2011-06-14:T74,2011-06-14,Sebastián Claro Edwards,Consejero,CONSEJO,0.5,HAWKISH,"vota por subir la TPM a 5,25%",0.6364,0.3668,NEUTRAL,NO
RPM-2011-08-18:T76,2011-08-18,Sebastián Claro Edwards,Consejero,CONSEJO,-0.25,NEUTRAL,las últimas semanas han estado marcadas por un importante deterioro de las condiciones externas,0.0,-0.8337,DOVISH,NO
RPM-2011-11-15:T84,2011-11-15,Manuel Marfán Lewis,Vicepresidente del Banco Central,CONSEJO,-0.5,DOVISH,los riesgos son significativamente mayores que en las Reuniones anteriores,-0.6667,-0.9373,DOVISH,SI
RPM-2012-01-12:T43,2012-01-12,Claudio Soto Gamboa,Gerente de Análisis Macroeconómico,STAFF,-0.25,NEUTRAL,las tasas reales tendieron a caer desde la última Reunión,0.0,-0.0403,NEUTRAL,SI
RPM-2012-02-14:T76,2012-02-14,Luis Óscar Herrera Barriga,Gerente de División Estudios,STAFF,-0.25,NEUTRAL,continúa el deterioro en las perspectivas de crecimiento de la región,-0.1667,-0.5702,DOVISH,NO
RPM-2012-05-17:T3,2012-05-17,Sergio Lehmann Beresi,Gerente de Análisis Internacional,STAFF,-0.5,DOVISH,se advierten mayores posibilidades de que Grecia abandone el euro,-0.5,-0.1833,NEUTRAL,NO
RPM-2012-07-12:T44,2012-07-12,Claudio Soto Gamboa,Gerente de Análisis Macroeconómico,STAFF,-0.25,NEUTRAL,podría estar más abierta que lo considerado anteriormente,0.0,-0.224,NEUTRAL,SI
RPM-2012-08-16:T55,2012-08-16,Felipe Larraín Bascuñán,Ministro de Hacienda,HACIENDA,-0.25,NEUTRAL,"estima que parece adecuado mantener la pausa, para seguir evaluando el escenario externo",-0.8571,-0.446,DOVISH,NO
RPM-2012-10-18:T35,2012-10-18,Luis Óscar Herrera Barriga,Gerente de División Estudios,STAFF,0.0,NEUTRAL,tanto Australia como Nueva Zelanda vivieron un período de burbuja inmobiliaria,0.2727,-0.0632,NEUTRAL,SI
RPM-2012-11-13:T28,2012-11-13,Claudio Soto Gamboa,Gerente de Análisis Macroeconómico,STAFF,0.0,NEUTRAL,las expectativas de las empresas no solo se mantienen en un terreno bastante positivo,0.0,-0.3112,NEUTRAL,SI
RPM-2013-03-14:T29,2013-03-14,Claudio Soto Gamboa,Gerente de Análisis Macroeconómico,STAFF,0.25,NEUTRAL,"la EEE refleja por primera vez un alza adicional de la TPM hasta 5,5%",0.5556,-0.0292,NEUTRAL,SI
RPM-2013-05-16:T18,2013-05-16,Rodrigo Vergara Montes,Presidente del Banco Central,CONSEJO,-0.25,NEUTRAL,su sector real aún no muestra signo alguno de recuperación,-0.5556,-0.0029,NEUTRAL,SI
RPM-2013-06-13:T46,2013-06-13,Enrique Marshall Rivera,Consejero,CONSEJO,-0.25,NEUTRAL,los datos muestran una trayectoria de desaceleración moderada,-0.5,-0.0704,NEUTRAL,SI
RPM-2013-08-13:T14,2013-08-13,Joaquín Vial Ruiz-Tagle,Consejero,CONSEJO,0.0,NEUTRAL,estima que debería incluirse una proyección en materia de riesgos,0.0,-0.0013,NEUTRAL,SI
RPM-2013-09-12:T57,2013-09-12,Sebastián Claro Edwards,Consejero,CONSEJO,0.0,NEUTRAL,"vota por mantener la Tasa de Política Monetaria en 5% anual, como también el sesgo del Comunicado",-0.1429,-0.1731,NEUTRAL,SI
RPM-2013-11-19:T17,2013-11-19,Claudio Soto Gamboa,Gerente de Análisis Macroeconómico,STAFF,-0.25,NEUTRAL,lo cual anticipa bajas tasas de crecimiento en los próximos meses,-0.6,-0.5456,DOVISH,NO
RPM-2014-01-16:T3,2014-01-16,Sergio Lehmann Beresi,Gerente de Análisis Internacional,STAFF,0.0,NEUTRAL,el Senado aprobó el acuerdo referente al presupuesto para los próximos dos años,0.0,-0.1838,NEUTRAL,SI
RPM-2014-03-13:T22,2014-03-13,Sebastián Claro Edwards,Consejero,CONSEJO,0.0,NEUTRAL,la cesación de pago de la empresa china,0.0,0.1026,NEUTRAL,SI
RPM-2014-06-12:T6,2014-06-12,Pablo García Silva,Consejero,CONSEJO,0.0,NEUTRAL,la controversia judicial gira en torno a fondos tenedores de dichos bonos soberanos,0.0,-0.0383,NEUTRAL,SI
RPM-2014-08-14:T50,2014-08-14,Sebastián Claro Edwards,Consejero,CONSEJO,-0.75,DOVISH,"su voto es por bajar la TPM en 25 puntos base, a 3,5% anual",-0.75,-0.6361,DOVISH,SI
RPM-2014-10-16:T10,2014-10-16,Miguel Ricaurte Bermúdez,Economista Senior,STAFF,-0.25,NEUTRAL,precios más bajos de combustibles en adelante,-0.5385,-0.053,NEUTRAL,SI
RPM-2014-11-18:T23,2014-11-18,Rodrigo Vergara Montes,Presidente del Banco Central,CONSEJO,0.0,NEUTRAL,"es un discurso bastante razonable, que debe mantenerse",-0.6364,-0.1022,NEUTRAL,SI
RPM-2015-02-12:T45,2015-02-12,Pablo García Silva,Consejero,CONSEJO,0.0,NEUTRAL,su voto es por mantener la TPM en 3% anual,-0.0909,-0.0713,NEUTRAL,SI
RPM-2015-04-16:T29,2015-04-16,Miguel Fuentes Díaz,Gerente de Análisis Macroeconómico,STAFF,0.0,NEUTRAL,su impacto estará concentrado en el sector minería de la Tercera Región,0.0,-0.0512,NEUTRAL,SI
RPM-2015-04-16:T44,2015-04-16,Miguel Fuentes Díaz,Gerente de Análisis Macroeconómico,STAFF,0.0,NEUTRAL,el tipo de cambio real se ubicó en 93,0.0,-0.0034,NEUTRAL,SI
RPM-2015-07-14:T40,2015-07-14,Pablo García Silva,Consejero,CONSEJO,0.0,NEUTRAL,es preciso reestudiar el traspaso cambiarlo a inflación,0.0,0.2277,NEUTRAL,SI
RPM-2015-10-15:T54,2015-10-15,Miguel Fuentes Díaz,Gerente de Análisis Macroeconómico,STAFF,-0.25,NEUTRAL,la información disponible da cuenta de un dinamismo acotado del empleo asalariado,0.0,-0.2419,NEUTRAL,SI
RPM-2015-11-12:T53,2015-11-12,Joaquín Vial Ruiz-Tagle,Consejero,CONSEJO,0.25,NEUTRAL,un sesgo al alza en el Comunicado,-0.6364,0.0024,NEUTRAL,SI
RPM-2005-05-12:T38,2005-05-12,Nicolás Eyzaguirre Guzmán,Ministro de Hacienda,HACIENDA,-0.5,DOVISH,No es muy comprensible el por qué el Consejo toma una estrategia tan marcadamente front low,0.3333,0.3405,NEUTRAL,NO
RPM-2005-05-12:T55,2005-05-12,Vittorio Corbo Lioi,Presidente del Banco Central,CONSEJO,0.5,HAWKISH,ir la tasa más agresivamente si la inflación se empieza a escapar,0.5,0.8831,HAWKISH,SI
RPM-2005-08-11:T33,2005-08-11,Vittorio Corbo Lioi,Presidente del Banco Central,CONSEJO,0.0,NEUTRAL,hasta ahora no se tiene mucha evidencia de que el tipo de cambio esté muy desanclado,0.0,0.0989,NEUTRAL,SI
RPM-2005-10-11:T40,2005-10-11,Esteban Jadresic Marinovic,Gerente de División Internacional,STAFF,0.5,HAWKISH,comparte el análisis de la Gerencia de División Estudios y la recomendación de un aumento de 25 puntos base,0.5556,0.2102,NEUTRAL,NO
RPM-2005-11-10:T5,2005-11-10,Pablo García Silva,Gerente de Análisis Macroeconómico,STAFF,0.0,NEUTRAL,la tasa de interés internacional ha aumentado,0.2632,0.3144,NEUTRAL,SI
RPM-2006-02-09:T41,2006-02-09,Enrique Marshall Rivera,Consejero,CONSEJO,0.75,HAWKISH,vota por subir la tasa de política monetaria en 25 puntos base,0.7647,0.9478,HAWKISH,SI
RPM-2006-10-12:T62,2006-10-12,Jorge Desormeaux Jiménez,Consejero,CONSEJO,-0.25,NEUTRAL,hemos asistido a una reducción de al menos US$ 10 en el precio del barril de petróleo,0.0,-0.1451,NEUTRAL,SI
RPM-2006-11-16:T10,2006-11-16,Sergio Lehmann Beresi,Gerente de Análisis Internacional,STAFF,0.0,NEUTRAL,la visión de este escenario base es relativamente positiva,0.0,-0.5526,DOVISH,NO
RPM-2006-11-16:T44,2006-11-16,Vittorio Corbo Lioi,Presidente del Banco Central,CONSEJO,-0.25,NEUTRAL,sería recomendable cambiar en el comunicado la dirección de quitar el sesgo al alza de los comunicados previos,-0.3333,0.0437,NEUTRAL,SI
RPM-2007-02-08:T52,2007-02-08,Enrique Marshall Rivera,Consejero,CONSEJO,0.0,NEUTRAL,la orientación de la política monetaria debería continuar con el sello neutral que traía,0.0909,-0.7507,DOVISH,NO
RPM-2007-03-15:T63,2007-03-15,Manuel Marfán Lewis,Consejero,CONSEJO,-0.75,DOVISH,vota por una reducción de 25 puntos base en la tasa de política monetaria,-0.5556,0.6894,HAWKISH,NO
RPM-2007-07-12:T59,2007-07-12,José De Gregorio Rebeco,Vicepresidente del Banco Central,CONSEJO,0.75,HAWKISH,sea necesario volver a aumentar la Tasa de Política Monetaria en los meses siguientes,0.7808,0.9693,HAWKISH,SI
RPM-2007-09-13:T76,2007-09-13,Pablo García Silva,Gerente de División Política Financiera,STAFF,-0.5,DOVISH,significativo riesgo a la baja del crecimiento y las posibilidades de turbulencias financieras más graves,0.4286,-0.3819,NEUTRAL,NO
RPM-2007-10-11:T64,2007-10-11,Manuel Marfán Lewis,Consejero,CONSEJO,0.25,NEUTRAL,estará atento a monitorear la credibilidad de su meta de inflación,0.2,0.0459,NEUTRAL,SI
RPM-2007-11-13:T61,2007-11-13,Klaus Schmidt-Hebbel Dunker,Gerente de Investigación Económica,STAFF,0.25,NEUTRAL,la brecha de la Tasa de Política Monetaria respecto de su nivel neutral es aún negativa,0.0,-0.0613,NEUTRAL,SI
RPM-2008-01-10:T3,2008-01-10,Sergio Lehmann Beresi,Gerente de Análisis Internacional,STAFF,-0.5,DOVISH,se fortalecen las alternativas de nuevos recortes en las tasas Fed Fund,-0.6667,-0.3195,NEUTRAL,NO
RPM-2008-03-13:T104,2008-03-13,José De Gregorio Rebeco,Presidente del Banco Central,CONSEJO,0.0,NEUTRAL,"De acuerdo con la Ley de Transparencia, el Acta con el nombre de cada uno de los que expongan",0.0,0.0748,NEUTRAL,SI
RPM-2008-06-10:T30,2008-06-10,Sergio Lehmann Beresi,Gerente de Análisis Internacional,STAFF,0.25,NEUTRAL,la capacidad de aumento de producción de la OPEP está prácticamente agotada,-0.5,-0.3262,NEUTRAL,SI
RPM-2008-09-04:T69,2008-09-04,José De Gregorio Rebeco,Presidente del Banco Central,CONSEJO,1.0,HAWKISH,"vota por subir la Tasa de Política Monetaria en 50 puntos base hasta 8,25% y mantener el sesgo al alza",0.6364,0.6345,HAWKISH,SI
RPM-2008-12-11:T100,2008-12-11,Enrique Marshall Rivera,Consejero,CONSEJO,-0.75,DOVISH,vota por bajar la Tasa de Política Monetaria en 25 puntos base para dejarla en un nivel de 8% anual,-0.5,-0.9062,DOVISH,SI
RPM-2008-12-11:T58,2008-12-11,Pablo García Silva,Gerente de División Estudios,STAFF,-0.25,NEUTRAL,"el de la demanda interna de menos 2,9%, que es bien intenso",0.0,-0.0609,NEUTRAL,SI
RPM-2009-02-12:T33,2009-02-12,Manuel Marfán Lewis,Consejero,CONSEJO,-0.25,NEUTRAL,el escenario del IPoM del mes de enero de 2009 quedó atrasado,0.0,-0.0108,NEUTRAL,SI
RPM-2009-02-12:T65,2009-02-12,Manuel Marfán Lewis,Consejero,CONSEJO,0.0,NEUTRAL,no es una moneda que se encuentre en un nivel confiable para poder medir nuestros fundamentales de largo plazo,-0.2,-0.0322,NEUTRAL,SI
RPM-2009-04-09:T56,2009-04-09,Pablo García Silva,Gerente de División Estudios,STAFF,0.0,NEUTRAL,el dato del precio del cobre refleja factores concretos de la economía china,0.0,-0.0048,NEUTRAL,SI
RPM-2009-06-16:T28,2009-06-16,Pablo García Silva,Gerente de División Estudios,STAFF,0.0,NEUTRAL,hay tres temas que influyen conceptualmente en la tasa larga,0.5556,0.3851,NEUTRAL,SI
RPM-2009-09-08:T12,2009-09-08,Claudio Soto Gamboa,Gerente de Análisis Macroeconómico,STAFF,0.25,NEUTRAL,se ven rebotes importantes en el caso de la producción industrial destinada a inversión y en comercio mayorista,-0.3333,-0.0081,NEUTRAL,SI
RPM-2009-10-13:T38,2009-10-13,Claudio Soto Gamboa,Gerente de Análisis Macroeconómico,STAFF,-0.5,DOVISH," diciembre con un -0,8%",0.0,-0.2088,NEUTRAL,NO
RPM-2010-02-11:T43,2010-02-11,Claudio Soto Gamboa,Gerente de Análisis Macroeconómico,STAFF,0.25,NEUTRAL,"la proyección para el primer trimestre se está corrigiendo al alza, desde 4,1% hasta 4,5%",0.0,-0.1277,NEUTRAL,SI
RPM-2010-03-18:T36,2010-03-18,Claudio Soto Gamboa,Gerente de Análisis Macroeconómico,STAFF,0.25,NEUTRAL,"ha habido dos correcciones importantes al alza, que no se deben al terremoto",0.0,-0.0293,NEUTRAL,SI
RPM-2010-05-13:T27,2010-05-13,Claudio Soto Gamboa,Gerente de Análisis Macroeconómico,STAFF,0.25,NEUTRAL,parte del mercado espera que el Consejo acuerde un alza en la TPM de 25 puntos base en esta Reunión,0.3333,-0.0404,NEUTRAL,SI
RPM-2010-07-15:T36,2010-07-15,Sergio Lehmann Beresi,Gerente de Análisis Internacional,STAFF,-0.25,NEUTRAL,se tiene una brecha todavía bastante abierta en el año 2011,-0.3333,-0.013,NEUTRAL,SI
RPM-2010-08-12:T84,2010-08-12,José De Gregorio Rebeco,Presidente del Banco Central,CONSEJO,0.5,HAWKISH,"su voto es por subir la TPM en 50 puntos base, para llevarla a 2%",-0.2,0.8037,HAWKISH,SI
RPM-2010-11-16:T91,2010-11-16,Luis Óscar Herrera Barriga,Gerente de División Estudios,STAFF,0.25,NEUTRAL,continúan las señales de crecimiento moderado en las economías desarrolladas,0.6,0.6588,HAWKISH,NO
RPM-2010-12-16:T61,2010-12-16,Rodrigo Vergara Montes,Consejero,CONSEJO,0.75,HAWKISH,"su voto es por subir la TPM en 25 puntos base hasta 3,25%",0.5,0.5903,HAWKISH,SI
RPM-2011-03-17:T22,2011-03-17,Sergio Lehmann Beresi,Gerente de Análisis Internacional,STAFF,0.25,NEUTRAL,varios países han continuado con su proceso de normalización,0.4286,-0.0716,NEUTRAL,SI
RPM-2011-08-18:T64,2011-08-18,Claudio Soto Gamboa,Gerente de Análisis Macroeconómico,STAFF,0.25,NEUTRAL,"los salarios continúan creciendo, en términos reales, en torno a 3% anual",-0.5556,-0.1047,NEUTRAL,SI
RPM-2011-11-15:T53,2011-11-15,Claudio Soto Gamboa,Gerente de Análisis Macroeconómico,STAFF,0.25,NEUTRAL,"dada la estrechez del mercado laboral, la dinámica de ajustes de salarios persistirá",0.0,-0.0159,NEUTRAL,SI
RPM-2011-12-13:T29,2011-12-13,Claudio Soto Gamboa,Gerente de Análisis Macroeconómico,STAFF,-0.5,DOVISH,la actividad de octubre sorprendió a la baja,-0.3333,-0.0803,NEUTRAL,NO
RPM-2012-01-12:T47,2012-01-12,Claudio Soto Gamboa,Gerente de Análisis Macroeconómico,STAFF,-0.25,NEUTRAL,los costos laborales unitarios tiendan a caer en términos anuales,0.2,-0.001,NEUTRAL,SI
RPM-2012-03-15:T75,2012-03-15,Claudio Soto Gamboa,Gerente de Análisis Macroeconómico,STAFF,0.25,NEUTRAL,en la parte subyacente hubo alzas mayores que las estimadas anteriormente,0.0,-0.016,NEUTRAL,SI
RPM-2012-05-17:T13,2012-05-17,Kevin Cowan Logan,Gerente de División Política Financiera,STAFF,0.0,NEUTRAL,el financiamiento externo representa el 10% de los pasivos totales,0.0,-0.0348,NEUTRAL,SI
RPM-2012-06-14:T10,2012-06-14,Sergio Lehmann Beresi,Gerente de Análisis Internacional,STAFF,-0.25,NEUTRAL,confirman una moderación de ella en Estados Unidos de América y un retroceso en Europa,-0.6,-0.0161,NEUTRAL,SI
RPM-2012-07-12:T9,2012-07-12,Sebastián Claro Edwards,Consejero,CONSEJO,0.0,NEUTRAL,"estima que, en la práctica, son difíciles de llevar a cabo",0.0,0.0292,NEUTRAL,SI
RPM-2012-10-18:T8,2012-10-18,Sergio Lehmann Beresi,Gerente de Análisis Internacional,STAFF,0.0,NEUTRAL,México ha ganado competitividad respecto a China,0.5,-0.0048,NEUTRAL,SI
RPM-2013-02-14:T68,2013-02-14,Joaquín Vial Ruiz-Tagle,Consejero,CONSEJO,0.0,NEUTRAL,no hay cambios sustantivos en la situación económica ni en el balance de riesgos sobre la inflación,-0.3333,-0.1533,NEUTRAL,SI
RPM-2013-04-11:T33,2013-04-11,Claudio Soto Gamboa,Gerente de Análisis Macroeconómico,STAFF,-0.25,NEUTRAL,se trataría de una acumulación indeseada de inventarios,0.0,-0.0811,NEUTRAL,SI
RPM-2013-05-16:T46,2013-05-16,Joaquín Vial Ruiz-Tagle,Consejero,CONSEJO,0.0,NEUTRAL,Europa continúa en recesión y Estados Unidos de América da señales de recuperación,-0.8,-0.4461,NEUTRAL,SI
RPM-2013-06-13:T44,2013-06-13,Sebastián Claro Edwards,Consejero,CONSEJO,-0.25,NEUTRAL,"su desaceleración no se ha detenido, como tampoco se ha revertido en el margen",-0.6667,-0.3954,DOVISH,NO
RPM-2013-10-17:T13,2013-10-17,Enrique Marshall Rivera,Consejero,CONSEJO,-0.25,NEUTRAL,un escenario con tasas de interés de corto plazo muy bajas,0.0,0.0145,NEUTRAL,SI
RPM-2013-12-12:T44,2013-12-12,Beltrán de Ramón Acevedo,Gerente de División Operaciones Financieras,STAFF,-0.75,DOVISH,considera como supuesto de trabajo una rebaja adicional de la TPM en los próximos meses,-0.3333,-0.4295,DOVISH,SI
RPM-2014-02-18:T36,2014-02-18,Claudio Soto Gamboa,Gerente de Análisis Macroeconómico,STAFF,-0.5,DOVISH,los datos recientes de actividad siguen mostrando un bajo dinamismo,-0.7647,-0.0255,NEUTRAL,NO
RPM-2014-06-12:T29,2014-06-12,Miguel Fuentes Díaz,Gerente de Análisis Macroeconómico,STAFF,0.0,NEUTRAL,el sector asociado a la edificación de obras de ingeniería se encuentra más deprimido,0.0,-0.1052,NEUTRAL,SI
RPM-2014-07-15:T33,2014-07-15,Pablo García Silva,Consejero,CONSEJO,-0.25,NEUTRAL,están en niveles similares a los observados en el año 2011,-0.25,-0.4075,NEUTRAL,SI
RPM-2014-08-14:T22,2014-08-14,Miguel Fuentes Díaz,Gerente de Análisis Macroeconómico,STAFF,-0.75,DOVISH,"una caída esperada de la inversión de 4,1% para el presente año",-0.3333,-0.5519,DOVISH,SI
RPM-2014-09-11:T44,2014-09-11,Alberto Arenas de Mesa,Ministro de Hacienda,HACIENDA,-0.75,DOVISH,el mercado espera en forma prácticamente unánime una reducción de la TPM,-0.6,-0.8468,DOVISH,SI
RPM-2014-11-18:T34,2014-11-18,Joaquín Vial Ruiz-Tagle,Consejero,CONSEJO,0.25,NEUTRAL,pondría en riesgo la credibilidad de nuestro compromiso con la meta de inflación,0.4286,-0.0077,NEUTRAL,SI
RPM-2015-01-15:T14,2015-01-15,Miguel Fuentes Díaz,Gerente de Análisis Macroeconómico,STAFF,-0.25,NEUTRAL,"han empeorado desde la Reunión anterior, empujados por la incertidumbre política y económica en Grecia y Rusia",0.0,-0.0545,NEUTRAL,SI
RPM-2015-03-19:T52,2015-03-19,Sebastián Claro Edwards,Consejero,CONSEJO,0.0,NEUTRAL,la única opción válida en esta oportunidad es la de mantener la TPM en su nivel actual,0.25,-0.3312,NEUTRAL,SI
RPM-2015-04-16:T50,2015-04-16,Enrique Marshall Rivera,Vicepresidente del Banco Central,CONSEJO,0.0,NEUTRAL,refuerzan la idea de cierta debilidad en la demanda de crédito,0.0,-0.4896,DOVISH,NO
RPM-2015-09-15:T76,2015-09-15,Joaquín Vial Ruiz-Tagle,Consejero,CONSEJO,0.5,HAWKISH,"su voto es por subir la TPM 25 puntos base a 3,25%, incorporando un sesgo al alza",-0.1667,0.8678,HAWKISH,SI
RPM-2015-10-15:T31,2015-10-15,Alberto Naudon Dell'Oro,Gerente de División Estudios,STAFF,-0.25,NEUTRAL,aunque ha aumentado la probabilidad de ocurrencia de algunos riesgos consignados allí,0.0,0.0212,NEUTRAL,SI
RPM-2015-11-12:T29,2015-11-12,Miguel Fuentes Díaz,Gerente de Análisis Macroeconómico,STAFF,0.0,NEUTRAL,las holguras de capacidad se han reducido en lo reciente,-0.6667,-0.1198,NEUTRAL,SI
RPM-2005-02-10:T61,2005-02-10,José De Gregorio Rebeco,Vicepresidente del Banco Central,CONSEJO,0.75,HAWKISH,su voto es por subir la tasa de política monetaria en 25 puntos base,0.7073,0.9545,HAWKISH,SI
RPM-2005-04-07:T53,2005-04-07,Manuel Marfán Lewis,Consejero,CONSEJO,0.25,NEUTRAL,las holguras se siguen reduciendo,0.0,0.9914,HAWKISH,NO
RPM-2005-12-13:T5,2005-12-13,Pablo García Silva,Gerente de Análisis Macroeconómico,STAFF,-0.25,NEUTRAL,el buen escenario externo se ha vuelto incluso más favorable y sus riesgos se han moderado,-0.1429,-0.0491,NEUTRAL,SI
RPM-2005-12-13:T56,2005-12-13,Klaus Schmidt-Hebbel Dunker,Gerente de Investigación Económica,STAFF,0.75,HAWKISH,la continuidad en la normalización de la política monetaria se justifica por dos razones,0.3333,0.6773,HAWKISH,SI
RPM-2006-05-11:T38,2006-05-11,Jorge Desormeaux Jiménez,Consejero,CONSEJO,0.0,NEUTRAL,"vota, en consecuencia, por mantener la tasa de política monetaria en 5%",-0.4118,0.4123,HAWKISH,NO
RPM-2006-08-10:T15,2006-08-10,Beltrán de Ramón Acevedo,Gerente de Mercados Financieros Nacionales,STAFF,0.0,NEUTRAL,"durante este mes se movió primero 7% después 13%, luego 7% y terminó en un 100% por la mantención de la tasa",0.0,0.0102,NEUTRAL,SI
RPM-2006-09-07:T50,2006-09-07,José De Gregorio Rebeco,Vicepresidente del Banco Central,CONSEJO,-0.5,DOVISH,la actividad económica se ha estado expandiendo a tasas menores de lo que se esperaba,0.7895,0.2145,NEUTRAL,NO
RPM-2006-11-16:T37,2006-11-16,Pablo García Silva,Gerente de División Política Financiera,STAFF,0.0,NEUTRAL,se dé una señal hacia una mayor neutralidad en el sesgo implícito de los movimientos futuros de la tasa de política monetaria,0.3333,-0.0058,NEUTRAL,SI
RPM-2006-12-14:T38,2006-12-14,Manuel Marfán Lewis,Consejero,CONSEJO,0.0,NEUTRAL,hay poca costumbre de realizar una medición con la tasa de ocupación,0.0,-0.0116,NEUTRAL,SI
RPM-2007-02-08:T49,2007-02-08,Esteban Jadresic Marinovic,Gerente de División Operaciones Financieras,STAFF,0.25,NEUTRAL,sugiere tener cautela y esperar a ver que ocurre con ella en los próximos meses,0.1429,-0.2012,NEUTRAL,SI
RPM-2007-03-15:T54,2007-03-15,Rodrigo Valdés Pulido,Gerente de División Estudios,STAFF,0.25,NEUTRAL,la actividad interna había recobrado cierto dinamismo durante el cuarto trimestre del año pasado,0.2857,0.0257,NEUTRAL,SI
RPM-2007-04-12:T66,2007-04-12,José De Gregorio Rebeco,Vicepresidente del Banco Central,CONSEJO,0.25,NEUTRAL,considera que 25 puntos base no hará una gran diferencia,0.3143,0.218,HAWKISH,NO
RPM-2007-05-10:T33,2007-05-10,Manuel Marfán Lewis,Consejero,CONSEJO,0.0,NEUTRAL,"es conveniente resolver si se trata de un fenómeno idiosincrásico chileno, o de algo que responde más bien a fuerzas internacionales",0.5,0.0407,NEUTRAL,SI
RPM-2007-08-09:T3,2007-08-09,Sergio Lehmann Beresi,Gerente de Análisis Internacional,STAFF,-0.5,DOVISH,se ha observado una propagación de los problemas del sector hipotecario subprime de Estados Unidos de América,-0.4286,-0.6354,DOVISH,SI
RPM-2007-11-13:T55,2007-11-13,Sergio Lehmann Beresi,Gerente de Análisis Internacional,STAFF,0.25,NEUTRAL,"en el caso de China, se observa claramente un aumento de la inflación",0.0,0.0065,NEUTRAL,SI
RPM-2007-11-13:T62,2007-11-13,Beltrán de Ramón Acevedo,Gerente de Mercados Financieros Nacionales,STAFF,0.25,NEUTRAL,le parece adecuado recomendar la mantención de la Tasa de Política Monetaria en el día de hoy,0.5556,0.1697,NEUTRAL,SI
RPM-2008-01-10:T41,2008-01-10,Sebastián Claro Edwards,Consejero,CONSEJO,0.5,HAWKISH,"estaría dispuesto a sumarse al voto de la mayoría, en caso que se apruebe la opción de subir la Tasa de Política Monetaria en 25 puntos base",0.3333,0.9347,HAWKISH,SI
RPM-2008-02-07:T30,2008-02-07,Manuel Marfán Lewis,Consejero,CONSEJO,0.0,NEUTRAL,"si el tipo de cambio real, en la línea azul de dicho gráfico, termina siendo más bajo que en las líneas roja o mostaza",0.0,0.0572,NEUTRAL,SI
RPM-2008-06-10:T88,2008-06-10,Claudio Soto Gamboa,Gerente de Análisis Macroeconómico,STAFF,0.25,NEUTRAL,el otro elemento de riesgo que se considera es que esas proyecciones no incluyen efectos de segunda vuelta,0.5294,0.0788,NEUTRAL,SI
RPM-2008-07-10:T19,2008-07-10,Sergio Lehmann Beresi,Gerente de Análisis Internacional,STAFF,0.25,NEUTRAL,"en el caso de Europa hubo bastante más ruido, incluso en algún momento hubo una expectativa de un ECS más hawkish",0.0,-0.2771,NEUTRAL,SI
RPM-2008-09-04:T3,2008-09-04,Sergio Lehmann Beresi,Gerente de Análisis Internacional,STAFF,-0.75,DOVISH,la destacada desaceleración de la actividad en la economía desarrollada se ve más marcada que lo previsto,-0.7143,-0.3172,NEUTRAL,NO
RPM-2009-01-08:T58,2009-01-08,Sebastián Claro Edwards,Consejero,CONSEJO,-0.75,DOVISH,constituye la principal justificación para iniciar una rebaja de tasas de interés,-0.6667,-0.4879,DOVISH,SI
RPM-2009-06-16:T65,2009-06-16,Claudio Soto Gamboa,Gerente de Análisis Macroeconómico,STAFF,0.0,NEUTRAL,"industria, comercio, construcción, agricultura y una parte de servicios se están corrigiendo a la baja",0.0,-0.0823,NEUTRAL,SI
RPM-2009-08-13:T63,2009-08-13,Pablo García Silva,Gerente de División Estudios,STAFF,-0.5,DOVISH,es posible incorporar en el comunicado la posibilidad de medidas estimulativas adicionales,-0.625,-0.717,DOVISH,SI
RPM-2009-11-12:T12,2009-11-12,Sergio Lehmann Beresi,Gerente de Análisis Internacional,STAFF,-0.25,NEUTRAL,ponen una nota de cautela en la dinámica de crecimiento a mediano plazo,0.0,-0.0023,NEUTRAL,SI
RPM-2010-05-13:T56,2010-05-13,Enrique Marshall Rivera,Consejero,CONSEJO,0.0,NEUTRAL,"votando, por tanto, por mantener la TPM en su actual nivel de 0,50%",0.7143,0.3998,HAWKISH,NO
RPM-2010-06-15:T75,2010-06-15,Claudio Soto Gamboa,Gerente de Análisis Macroeconómico,STAFF,0.5,HAWKISH,los modelos sugieren una trayectoria más front loaded para la tasa que lo que tiene el mercado,0.5556,0.2416,NEUTRAL,NO
RPM-2010-10-14:T8,2010-10-14,Luis Óscar Herrera Barriga,Gerente de División Estudios,STAFF,0.25,NEUTRAL,las economías emergentes continúan con crecimientos rápidos a medida que Estados Unidos crece en forma más lenta,0.0,-0.0215,NEUTRAL,SI
RPM-2010-11-16:T10,2010-11-16,Sergio Lehmann Beresi,Gerente de Análisis Internacional,STAFF,0.25,NEUTRAL,la dinámica de crecimiento durante los últimos trimestres ha sido mayor en las economías emergentes que en las avanzadas,-0.3333,-0.0736,NEUTRAL,SI
RPM-2010-11-16:T15,2010-11-16,Sergio Lehmann Beresi,Gerente de Análisis Internacional,STAFF,0.25,NEUTRAL,continúan acotadas y con cierta heterogeneidad en los movimientos en el margen,0.3333,0.0048,NEUTRAL,SI
RPM-2010-11-16:T68,2010-11-16,Claudio Soto Gamboa,Gerente de Análisis Macroeconómico,STAFF,0.25,NEUTRAL,el consumo privado se corrige al alza de manera importante,0.0,-0.0542,NEUTRAL,SI
RPM-2010-11-16:T96,2010-11-16,Rodrigo Vergara Montes,Consejero,CONSEJO,0.75,HAWKISH,"su voto es por subir la TPM en 25 puntos base, para llevarla a 3%",0.2857,0.8873,HAWKISH,SI
RPM-2011-01-13:T9,2011-01-13,Sergio Lehmann Beresi,Gerente de Análisis Internacional,STAFF,-0.25,NEUTRAL,la depreciación de su moneda obedece al estrés a que se encuentra sometida,0.0,-0.1967,NEUTRAL,SI
RPM-2011-05-12:T81,2011-05-12,Luis Óscar Herrera Barriga,Gerente de División Estudios,STAFF,0.5,HAWKISH,"de adoptarse la decisión de subir la TPM en 50 puntos base, se recomienda modificar la última frase del Comunicado",0.5,0.8982,HAWKISH,SI
RPM-2011-06-14:T76,2011-06-14,Enrique Marshall Rivera,Consejero,CONSEJO,0.75,HAWKISH,"vota por subir la TPM en 25 puntos base, para dejarla en 5,25%",0.5,0.9287,HAWKISH,SI
RPM-2011-08-18:T3,2011-08-18,Sergio Lehmann Beresi,Gerente de Análisis Internacional,STAFF,-0.75,DOVISH,"los débiles datos de actividad en las economías desarrolladas, particularmente en Estados Unidos",0.0,-0.7272,DOVISH,SI
RPM-2011-10-13:T71,2011-10-13,Luis Óscar Herrera Barriga,Gerente de División Estudios,STAFF,-0.75,DOVISH,se mantienen las tensiones financieras de la Zona Euro,-0.3,-0.7299,DOVISH,SI
RPM-2011-12-13:T56,2011-12-13,Luis Óscar Herrera Barriga,Gerente de División Estudios,STAFF,-0.75,DOVISH,"hasta ahora, no han logrado revertir las agudas tensiones financieras de bancos y gobiernos",-0.6471,-0.4892,DOVISH,SI
RPM-2012-01-12:T55,2012-01-12,Luis Óscar Herrera Barriga,Gerente de División Estudios,STAFF,0.25,NEUTRAL,el entusiasmo de los mercados financieros genera una situación de demanda más expansiva,-0.3333,0.0037,NEUTRAL,SI
RPM-2012-02-14:T58,2012-02-14,Claudio Soto Gamboa,Gerente de Análisis Macroeconómico,STAFF,-0.25,NEUTRAL,los niveles de precios podrían caer levemente en el mes de febrero,0.0,-0.0546,NEUTRAL,SI
RPM-2012-02-14:T86,2012-02-14,Enrique Marshall Rivera,Consejero,CONSEJO,0.0,NEUTRAL,los argumentos en favor de la opción de mantener dicha Tasa son bastante decidores,-0.6,-0.3048,NEUTRAL,SI
RPM-2012-05-17:T43,2012-05-17,Claudio Soto Gamboa,Gerente de Análisis Macroeconómico,STAFF,-0.25,NEUTRAL,el mercado espera en forma casi unánime una mantención de la citada tasa en 5% anual,-0.3846,-0.3556,NEUTRAL,SI
RPM-2012-07-12:T77,2012-07-12,Enrique Marshall Rivera,Consejero,CONSEJO,0.0,NEUTRAL,ellas no configuran un cambio relevante para efectos de la orientación de la política monetaria,-0.5,-0.0578,NEUTRAL,SI
RPM-2012-10-18:T44,2012-10-18,Claudio Soto Gamboa,Gerente de Análisis Macroeconómico,STAFF,-0.5,DOVISH,la proyección interna supone una desaceleración de la actividad,-0.5556,-0.0458,NEUTRAL,NO
RPM-2013-04-11:T46,2013-04-11,Matías Bernier Bórquez,Gerente de Mercados Nacionales,STAFF,0.0,NEUTRAL,han vuelto a invertir en depósitos en dólares estadounidenses en la banca local,0.0,-0.0333,NEUTRAL,SI
RPM-2013-05-16:T42,2013-05-16,Beltrán de Ramón Acevedo,Gerente de División Operaciones Financieras,STAFF,0.0,NEUTRAL,los problemas relacionados con la metodología de cálculo del IPC no modifican la trayectoria de política,-0.4286,-0.0038,NEUTRAL,SI
RPM-2013-05-16:T50,2013-05-16,Enrique Marshall Rivera,Consejero,CONSEJO,-0.5,DOVISH,sí brindan apoyo a la visión de que el crecimiento interno se está desacelerando,-0.6364,-0.2813,NEUTRAL,NO
RPM-2013-10-17:T35,2013-10-17,Luis Óscar Herrera Barriga,Gerente de División Estudios,STAFF,-0.5,DOVISH,esta recomendación difiere de las expectativas de consenso de mercado,-0.28,-0.2843,NEUTRAL,NO
RPM-2013-10-17:T41,2013-10-17,Sebastián Claro Edwards,Consejero,CONSEJO,-0.75,DOVISH,"su voto es por bajar la Tasa de Política Monetaria a 4,75% anual",-0.4286,-0.8491,DOVISH,SI
RPM-2013-11-19:T15,2013-11-19,Claudio Soto Gamboa,Gerente de Análisis Macroeconómico,STAFF,-0.75,DOVISH,"un crecimiento del gasto interno, que fue de solo 1,3%, frente al 4,4% considerado en el IPoM",-0.6364,-0.0792,NEUTRAL,NO
RPM-2013-12-12:T11,2013-12-12,Sebastián Claro Edwards,Consejero,CONSEJO,0.0,NEUTRAL,"mientras que en Chile, ellas han mostrado estabilidad e incluso han exhibido una caída en el margen",0.0,0.0022,NEUTRAL,SI
RPM-2013-12-12:T54,2013-12-12,Enrique Marshall Rivera,Consejero,CONSEJO,0.0,NEUTRAL,"las noticias del último mes reafirman nuestro escenario base, con ajustes o cambios muy marginales",-0.3333,-0.0859,NEUTRAL,SI
RPM-2014-03-13:T19,2014-03-13,Sergio Lehmann Beresi,Gerente de Análisis Internacional,STAFF,0.0,NEUTRAL,"el precio del petróleo, que registró un leve retroceso luego de exhibir alzas durante el mes",0.0,-0.0045,NEUTRAL,SI
RPM-2014-05-15:T38,2014-05-15,Pablo García Silva,Consejero,CONSEJO,-0.25,NEUTRAL,"el consumo, el cual se reduce prácticamente en un punto",0.0,0.3871,HAWKISH,NO
RPM-2014-07-15:T16,2014-07-15,Miguel Fuentes Díaz,Gerente de Análisis Macroeconómico,STAFF,-0.75,DOVISH,la actividad económica registró un crecimiento menor que el previsto internamente y por el mercado,-0.6875,-0.7664,DOVISH,SI
RPM-2014-09-11:T4,2014-09-11,Sergio Lehmann Beresi,Gerente de Análisis Internacional,STAFF,-0.25,NEUTRAL,"dio señales de mayor expansividad monetaria, que se materializaron días después",-0.5,-0.385,NEUTRAL,SI
RPM-2014-10-16:T45,2014-10-16,Alberto Naudon Dell'Oro,Gerente de División Estudios,STAFF,-0.75,DOVISH,"la Gerencia de División Estudios recomienda reducir la TPM a 3,00% anual",-0.2308,-0.972,DOVISH,SI
RPM-2014-10-16:T53,2014-10-16,Joaquín Vial Ruiz-Tagle,Consejero,CONSEJO,-0.75,DOVISH,vota por bajar la TPM a 3% y por dar una clara señal de que con ello se cierra un ciclo,-0.6364,-0.7265,DOVISH,SI
RPM-2015-03-19:T44,2015-03-19,Alberto Naudon Dell'Oro,Gerente de División Estudios,STAFF,0.0,NEUTRAL,"la Gerencia de División Estudios propone como única opción relevante mantener la TPM en 3,00%",-0.5,-0.7897,DOVISH,NO
RPM-2015-04-16:T31,2015-04-16,Miguel Fuentes Díaz,Gerente de Análisis Macroeconómico,STAFF,0.0,NEUTRAL,las consecuencias de los temporales sobre la inflación no tendrían un efecto relevante en el corto plazo,0.0,-0.0325,NEUTRAL,SI
RPM-2015-08-13:T43,2015-08-13,Beltrán de Ramón Acevedo,Gerente de División Operaciones Financieras,STAFF,0.25,NEUTRAL,este se manifiesta cuando el mercado no le cree al Banco Central,0.3333,0.4593,NEUTRAL,SI
RPM-2015-12-17:T58,2015-12-17,Pablo García Silva,Consejero,CONSEJO,0.0,NEUTRAL,se transitó desde una visión relativamente clara sobre la formación del proceso inflacionario a un enfoque que introduce incertidumbre,0.0,-0.0341,NEUTRAL,SI
