"ID_Intervencion","ID_Padre","Fecha","Actor","SHA256_Texto_Exportado","Categoria","Relacion_Siguiente","Solo_Este_Motivo","Motivos_Adicionales","Estado","Indicio_Cola_Anterior","Final","Inicio_Siguiente"
"RPM-2005-04-07:203:2","203","2005-04-07","Pablo García Silva","885404d4a82be70a7dfe0d57cf5807fd8e12287309844d4dfaa91cc43b231906","COLA_BREVE_TRAS_PUNTUACION","MISMO_PADRE_OTRO_ACTOR","True","","CANDIDATO_NO_ADJUDICADO","","en tarifas, incluso si se aprecia la inflación del IPC, del IPCX y del IPCX1, está siendo muy similar a la que se advertía hace tres meses atrás. No obstante, indica que indudablemente el precio del petróleo es un elemento a considerar. '1^","El Vicepresidente, señor De Gregorio, consulta la razón por la cual el Banco Mundial está hablando de un crecimiento mundial de 3,3%."
"RPM-2005-04-07:205:2","205","2005-04-07","Manuel Marfán Lewis","0440b1bddafe38c32a17fcd2f7690541ddd40af0aa3620138f7a743f375b9cf7","COLA_BREVE_TRAS_PUNTUACION","MISMO_PADRE_OTRO_ACTOR","False","TEXTO_DANADO_POR_COTEJAR","CANDIDATO_NO_ADJUDICADO",""," algo bajó, es respecto de algún período en particular que debe ser especificado. Por ejemplo, agrega, cuando se dice que prácticamente todas las monedas se depreciaron respecto del dólar, se debe señalar de cúal período se esta hablando. i","El Gerente de Análisis Macroeconómico le indica al Consejero, señor Marfán, que la referencia es respecto a la última reunión."
"RPM-2005-04-07:207:9","207","2005-04-07","Rodrigo Valdés Pulido","7082d7cf688000e50a7f0c3a410618c5f31b199f31dcdc9eea01afcd3dcdf139","COLA_BREVE_TRAS_PUNTUACION","MISMO_PADRE_OTRO_ACTOR","True","","CANDIDATO_NO_ADJUDICADO","","upados, el incremento de la proporción de personas en el tramo 0-45 horas, respecto del trimestre móvil finalizado en febrero de 2004, fue de 25%, cifra que se incrementa a 35% si se considera solo a los trabajadores ocupados asalariados. \","El señor Presidente, consulta sobre comentarios respecto de actividad y empleo."
"RPM-2005-04-07:210:2","210","2005-04-07","Manuel Marfán Lewis","94ff60fd21210122d3d4f6ca240b35c8c145f300e6f39ca90fcc4854e6068ed2","COLA_BREVE_TRAS_PUNTUACION","MISMO_PADRE_OTRO_ACTOR","True","","CANDIDATO_NO_ADJUDICADO","","de cierre de la brecha que estaríamos percibiendo en esta reunión de política monetaria, señala no tener ninguna opinión a priori para pensar que sea mayor que la velocidad a la cual percibíamos que se estaba reduciendo hace un mes atrás. Y","El Gerente de División Estudios señor Valdés, menciona que no era el propósito indicar algo distinto de lo que se había señalado antes sino que en vez de usar la expresión que las holguras de capacidad se siguen cerrando se habla que éstas "
"RPM-2005-04-07:213:2","213","2005-04-07","Jorge Desormeaux Jiménez","9c4a79728eaf1d89c8de5685550902b9d16489a789026f6f613c0c5adf662a56","OTRO_FINAL_SIN_PUNTUACION","MISMO_PADRE_OTRO_ACTOR","True","","CANDIDATO_NO_ADJUDICADO","","n respecto al manejo que efectuará el Banco Central hace presente que confía plenamente que la Gerencia de División Estudios, especialmente con el IPCX1, va a efectuar la mejor evaluación posible. Perspectivas de inflación en el corto plazo","El Gerente de Análisis Macroeconómico, señala que, respecto de la reunión de marzo, y en línea con los acontecimientos recientes, se modifica al alza el supuesto del precio del petróleo Brent, con precios para el segundo trimestre que pasan"
"RPM-2005-06-09:281:1","281","2005-06-09","Pablo García Silva","2592f3a471e55a167964870134d96d1dd7dd8be5c708554bb19d1ddc2b6bd200","COLA_BREVE_TRAS_PUNTUACION","MISMO_PADRE_OTRO_ACTOR","True","","CANDIDATO_NO_ADJUDICADO","","ecuencia indica, no tendríamos acá elementos de sorpresa muy significativos en la trayectoria a la baja desde este momento acá y tampoco los habrí a habido en el incremento previo que se vio hasta el Informe de Política Monetaria de mayo. H","El Gerente de División Estudios, señor Rodrigo Valdés, comenta que la capacidad que tiene el mercado para arbitrar está un poco restringida por la normativa. La venta corta, por ejemplo, que podrían hacer las Administradoras de Fondos de Pe"
"RPM-2005-07-12:299:1","299","2005-07-12","Pablo García Silva","d8818c3a1f4fb78fd36f3623ac06124341b06c81c4b0a480facf714f4cdd6492","OTRO_FINAL_SIN_PUNTUACION","MISMO_PADRE_OTRO_ACTOR","True","","CANDIDATO_NO_ADJUDICADO","","minados por la demanda de reserva técnica. Por ejemplo, señala que se utilizan las tasas de captación prime de ios bancos. Agrega que en esta oportunidad ocurrió que esas tasas estuvieron particularmente contaminadas en este último par r\ f","El señor Ministro de Hacienda consulta también, qué sucedió con las tasas de los créditos hipotecarios."
"RPM-2005-07-12:301:1","301","2005-07-12","Nicolás Eyzaguirre Guzmán","4fe624b4bfeeda2ce5c9fc993aa8d3fcfe00e23460290cdea47d8842389be69a","COMA_ANTES_DE_OTRO_ACTOR_EN_PADRE","MISMO_PADRE_OTRO_ACTOR","True","","CANDIDATO_NO_ADJUDICADO","","andiendo 3%, se presenta un shock y, durante algún tiempo el precio del petróleo se expande a 6% y, la tasa de política monetaria permanece constante, cabría preguntarse si, en este caso, cambiaron las funciones monetarias para la economía,","Al respecto, el Consejero señor Marfán, señala que la pregunta es distinta porque allí se tiene un shock de oferta y, por lo tanto, frente a un shock de este tipo la reacción de política monetaria puede ser diferente para efectos de la tasa"
"RPM-2005-07-12:305:3","305","2005-07-12","Vittorio Corbo Lioi","ae83deb1f690877122d3de4308bf39c74c96c16b1db289988262dfe54136e1e5","COLA_BREVE_TRAS_PUNTUACION","MISMO_PADRE_OTRO_ACTOR","True","","CANDIDATO_NO_ADJUDICADO","","ena Keymer, le han comunicado que no podrán asistir a la reunión de la tarde. A continuación, el Presidente don Vittorio Corbo solicita al Gerente de División Estudios, don Rodrigo Valdés, que presente las Opciones de Política Monetaria. if","El señor Gerente de División mencionado informa lo siguiente: 1 . En la reunión de política monetaria de junio, el Consejo decidió mantener la tasa de interés de política en 3,25%. En esta decisión se consideró que la inflación y la activid"
"RPM-2005-07-12:305:6","305","2005-07-12","Luis Óscar Herrera Barriga","2f807f194fc031ee35c1dfea81bb5567b9cacb54fd057f7215734f9e6730f466","OTRO_FINAL_SIN_PUNTUACION","MISMO_PADRE_OTRO_ACTOR","True","","CANDIDATO_NO_ADJUDICADO","","sos. En el caso de la curva corta, se han despejado ciertos factores de liquidez que distorsionan un poco la interpretación. Sin embargo, cree que la apreciación general tanto en Chile como en el exterior, es que ante estas situaciones de ¥","El Gerente de División Internacional, señor Esteban Jadresic, indica que también comparte el análisis y la recomendación central que ha hecho la Gerencia de División Estudios. Le parece que es coherente con varios factores, especialmente, c"
"RPM-2005-12-13:506:2","506","2005-12-13","Sergio Lehmann Beresi","1be2e6a665c92ba209df35a14d395c454179a8c9d0038c5d2145b5ecbeaf09a7","OTRO_FINAL_SIN_PUNTUACION","MISMO_PADRE_OTRO_ACTOR","False","TEXTO_DANADO_POR_COTEJAR","CANDIDATO_NO_ADJUDICADO","","tima reunión. Agrega, que en la curva de rendimiento, respecto al IPoM se aprecia un aumento significativo, pero marginalmente hacia la baja en el último mes, ante las menores preocupaciones respecto de la inflación, tanto en Estados Unidos","A continuación, el Presidente señor Vittorio Corbo ofrece la palabra al Gerente de Análisis Macroeconómico."
"RPM-2005-12-13:510:2","510","2005-12-13","Pablo García Silva","e93df9cb8fd0a01c927ecefb3164336cfaf9d9e1ea21450a04e1fef170d229d2","TERMINO_FUNCIONAL_ABIERTO","MISMO_PADRE_OTRO_ACTOR","False","TEXTO_DANADO_POR_COTEJAR","CANDIDATO_NO_ADJUDICADO","","s reajustables y nominales, ha mostrado una disminución muy importante. Señala que, como es habitual, la magnitud de estos movimientos puede estar reflejando una sobrerreacción respecto de las noticias puntuales de inflación y no cambios de","El Consejero señor Marfán, señala que tiene la impresión que la tasa ancla es la nominal y que, por lo tanto, existe mayor premio por riesgo mientras menor es la tasa en UF. En este sentido, piensa que si nuestro instrumento es una tasa de "
"RPM-2005-12-13:514:1","514","2005-12-13","Vittorio Corbo Lioi","8e501f3681df0a113fc9459a22a1b982e7650f1addc348b691941a33ccca85d3","OTRO_FINAL_SIN_PUNTUACION","MISMO_PADRE_OTRO_ACTOR","True","","CANDIDATO_NO_ADJUDICADO","","El Presidente señor Corbo, sobre este tema señala, en la misma dirección del Consejero señor Marfán, que hace diez días atrás una agencia clasificadora de riesgos","Con respecto al tipo de cambio, el Gerente de Mercados Financieros, señor Beltrán De Ramón indica, que lo que ha pasado en el último mes y tal vez en una perspectiva de tasa de Chile con Brasil y de Chile con México, éstas se han reducido d"
"RPM-2005-12-13:518:5","518","2005-12-13","Vittorio Corbo Lioi","36accb9c406693af67a63555e44e8c4d3610f369be77f2ac852caf855695f86a","COLA_BREVE_TRAS_PUNTUACION","MISMO_PADRE_OTRO_ACTOR","True","","CANDIDATO_NO_ADJUDICADO","","ñor Presidente, que no se encuentra presente en la Sala el señor Ministro de Hacienda, quien excusó su asistencia a la hora señalada, por haber sido llamado al Palacio de La Moneda. Indica que se incorporará en el transcurso de la Sesión. H","El señor Gerente de División mencionado informa lo siguiente; 1. En la Reunión de Política Monetaria de noviembre, el Consejo decidió, por quinto mes consecutivo, aumentar la tasa de interés de política en 25 puntos base, hasta un nivel de "
"RPM-2005-12-13:520:1","520","2005-12-13","Esteban Jadresic Marinovic","dcfa04f2e22641001df3e40ec44e1604b92209c538573bdde4dfb73172065c2f","OTRO_FINAL_SIN_PUNTUACION","MISMO_PADRE_OTRO_ACTOR","False","TEXTO_DANADO_POR_COTEJAR","CANDIDATO_NO_ADJUDICADO","","estas están bien alineadas y las compensaciones inflacionarias han caído por debajo de 3%, con lo cual indica que este riesgo de desanclaje en las expectativas no se está viendo. Entonces, en este contexto, si se hace la síntesis, no se han","El Gerente de División Política Financiera, señor Luis Óscar Herrera, señala que se comentó recientemente que las principales novedades de la coyuntura desde la última RPM son una aparente desaceleración en la tasa marginal de expansión del"
"RPM-2006-03-16:601:1","601","2006-03-16","Consejo del Banco Central de Chile","3c00b6a4343f7ee5f126c62eba0d880ff238fbd713dc4df2e766ba5dd6806188","COMA_ANTES_DE_OTRO_ACTOR_EN_PADRE","MISMO_PADRE_OTRO_ACTOR","True","","CANDIDATO_NO_ADJUDICADO","","mitir el ingreso de un
grupo de reporteros que tomará imágenes de los miembros del Consejo con el nuevo Ministro
de Hacienda señor Andrés Velasco. Una vez realizado este cometido, se reinicia la sesión con
la exposición de don Pablo García,","quien señala que durante el último mes, las condiciones
monetarias no muestran cambios significativos. Las tasas de interés reajustables de largo plazo
están en niveles similares a los vigentes al momento de la reunión pasada, y las tasas d"
"RPM-2006-04-13:628:1","628","2006-04-13","Vittorio Corbo Lioi","fb543f4be5ad3dd3380809dfb77d06af47fe86054b2c30e197cc53e7224e7436","ENCABEZADO_LITERAL","MISMO_PADRE_OTRO_ACTOR","True","","CANDIDATO_NO_ADJUDICADO",""," se dará inicio a la presentación del informe económico y financiero de la Gerencia de División Estudios, que en esta oportunidad estará a cargo del Gerente de Análisis Internacional, señor Sergio Lehmann Beresi. Exposición Síntesis del mes","El Gerente de Análisis Internacional señor Sergio Lehmman, señala que las noticias del último mes indican que la marcha de la economía continúa aproximadamente dentro del escenario de corto plazo delineado en el IPoM de enero. El entorno ex"
"RPM-2006-04-13:631:2","631","2006-04-13","Andrés Velasco Brañes","330f6c2581acbb899017f63a8fb8c2c029262ea6cfad8745ee8d5c8c169769dc","COMA_ANTES_DE_OTRO_ACTOR_EN_PADRE","MISMO_PADRE_OTRO_ACTOR","True","","CANDIDATO_NO_ADJUDICADO","","Consulta también el señor Ministro si las ventas han caído,","a lo cual el señor Lehmann responde afirmativamente, y agrega, que respecto a las condiciones financieras internacionales, existe preocupación por las mayores presiones de inflación."
"RPM-2006-04-13:644:6","644","2006-04-13","Klaus Schmidt-Hebbel Dunker","75dda979e0e95f0e97ac5ead8cbd52ec6165136aa31a86271dad1a6e7f2b095b","OTRO_FINAL_SIN_PUNTUACION","MISMO_PADRE_OTRO_ACTOR","True","","CANDIDATO_NO_ADJUDICADO","","te de Investigación Económica, que el segundo riesgo al cual se enfrenta la economía chilena es de una significativa apreciación nominal y real adicional, empujando el valor del dólar bastante por debajo de los actuales $513 por dólar. Ello","Consulta el Consejero señor Marfán, por qué una combinación de aumento de precio del cobre y del precio del petróleo, significa un mejor ingreso disponible privado."
"RPM-2006-04-13:653:1","653","2006-04-13","Jorge Desormeaux Jiménez","98cf83f3d405df21120bc29a977b4702824e793ad5e7100b9db47c344ca77d0c","TERMINO_FUNCIONAL_ABIERTO","MISMO_PADRE_OTRO_ACTOR","True","","CANDIDATO_NO_ADJUDICADO","","n alza de 25 puntos base, decisión que espera la mayoría del mercado, sería más coherente con nuestro escenario central y contribuye a mantener las expectativas ancladas en torno al centro del rango meta. Al respecto, indica que dado que el","El Vicepresidente señor José De Gregorio indica, que el panorama económico reciente es coherente con el escenario central de nuestro último IPOM y, por lo tanto, no hay razones para cambiar nuestra estrategia de retiro gradual del impulso m"
"RPM-2006-05-11:658:1","658","2006-05-11","Vittorio Corbo Lioi","80361a8e26043ad5b993286cc90011de3dde678fcb54872c74ebb51b6030d075","COMA_ANTES_DE_OTRO_ACTOR_EN_PADRE","MISMO_PADRE_OTRO_ACTOR","True","","CANDIDATO_NO_ADJUDICADO","","El señor Presidente ofrece la palabra para comentarios respecto a la exposición de la parte internacional,","El Consejero señor Marshall, consulta cuál es la evaluación de la trayectoria del spread de Chile, que aparece subiendo algo y distanciándose de otros puntos de referencia, como son China, Hungría, Polonia, y otros."
"RPM-2006-05-11:664:2","664","2006-05-11","Andrés Velasco Brañes","11e180e143d071c9f7bc62dd29b01fa57ff776365b0e2a4feaac21399d4888d0","TERMINO_FUNCIONAL_ABIERTO","MISMO_PADRE_OTRO_ACTOR","True","","CANDIDATO_NO_ADJUDICADO",""," señor Ministro de Hacienda, señor Andrés Velasco, en relación a lo informado por el señor Gerente de Análisis Macroeconómico en cuanto a la baja de trayectoria de crecimiento, contenido en el resumen del iPoM, le parece que no solamente la","El Presidente, señor Vittorio Corbo, suspende la Sesión a las 13:20 horas e informa que la misma se reanudará a las 16:00 horas."
"RPM-2006-07-13:748:1","748","2006-07-13","Jorge Desormeaux Jiménez","0d1b782f18509ad6f77b6044f84d79f2b4552330890a4f07edd6655c7cf05fbc","TERMINO_FUNCIONAL_ABIERTO","MISMO_PADRE_OTRO_ACTOR","True","","CANDIDATO_NO_ADJUDICADO",""," cambio se está en el lado de los que se ajustaron más. Consulta también el señor Consejero, si con el tiempo que ha pasado, se observa alguna mejor perspectiva de la razón de por qué se tiene un tipo de cambio que reacciona más, cuando los","El Gerente de División Operaciones Financieras señor Jadresic, manifiesta que lo anterior se puede explicar más por el lado de la demanda de inversionistas internacionales que por el lado de los fundamentales propios de la economía chilena "
"RPM-2006-07-13:754:2","754","2006-07-13","Manuel Marfán Lewis","924ca359a941a4c6c91a0d6e49f1d97b01e56c6b5e021bdb0c532c169c1a9046","OTRO_FINAL_SIN_PUNTUACION","MISMO_PADRE_OTRO_ACTOR","True","","CANDIDATO_NO_ADJUDICADO","","En cuanto a los agregados monetarios, el Consejero señor Manuel Marfán señala que si los fondos mutuos son todos filiales de bancos, y se definiera el dinero como todo","Responde el señor Gerente de Análisis Macroeconómico, que los fondos mutuos no están dentro del M1, pero sí son parte del M2 y del M3. Por ello, señala que la información del M2 y M3 se podría modificar."
"RPM-2006-07-13:771:1","771","2006-07-13","Vittorio Corbo Lioi","4da7588f481070081e9512320a12f84c09b73ff6b7ea2d736b02a998a1a67cf7","TERMINO_FUNCIONAL_ABIERTO","MISMO_PADRE_OTRO_ACTOR","True","","CANDIDATO_NO_ADJUDICADO","comentarios","El Presidente señor Vittorio Corbo, ofrece la palabra a los asistentes para","El Gerente de Investigación Económica, señor Klaus Schmidt-Hebbel señala que respecto a la tasa de política monetaria de junio, las novedades de este mes aparecen prima facie como mezcladas para la toma de la decisión de política monetaria "
"RPM-2006-12-14:1000:1","1000","2006-12-14","Manuel Marfán Lewis","6d65fcc53693d6747c1be73119a3bbe9fead9092ca80519c285b64dac32d6d35","OTRO_FINAL_SIN_PUNTUACION","MISMO_PADRE_OTRO_ACTOR","True","","CANDIDATO_NO_ADJUDICADO",""," IPC Core demora más tiempo en caer. Agrega, que tiene la impresión de que los efectos de política económica para una misma regla de Taylor, donde se está monitoreando el IPC efectivo a futuro versus el IPC Core contemporáneo son totalmente","El Gerente de División Operaciones Financieras señor Esteban Jadresic cree que con los últimos datos positivos de Estados Unidos de América, no se puede descartar que estén anticipando un cambio del punto de inflexión, un cambio de escenari"
"RPM-2006-12-14:1003:4","1003","2006-12-14","José De Gregorio Rebeco","d0b156feeccaf7909020e805aacfc2c8c7c12bacdaca68157a8130d6a7120ba2","COLA_BREVE_TRAS_PUNTUACION","MISMO_PADRE_OTRO_ACTOR","True","","CANDIDATO_NO_ADJUDICADO","","s las tendencias inflacionarias que se tenían el mes pasado venían apuntando hacia abajo y por el otro lado, que la situación se hubiese puesto mixta, unas para abajo y otras para arriba, pero modificamos a la baja el panorama subyacente. i","El Gerente de División Estudios señor Rodrigo Valdés señala que quiere precisar, que en su opinión, no sorprende lo que pasó en este mes, amparados por la RPM anterior, pero sigue siendo cierto que la menor inflación que se ha presentado en"
"RPM-2006-12-14:1010:4","1010","2006-12-14","Manuel Marfán Lewis","44896b75d2b3bdab7977538857aaec8a6bf19bdcc8ec2641947386e19bd0f527","TERMINO_FUNCIONAL_ABIERTO","MISMO_PADRE_OTRO_ACTOR","True","","CANDIDATO_NO_ADJUDICADO",""," un rol anticíclico más fuerte. En consecuencia, a su juicio, si existe una desaceleración, el discurso consistente y coherente de ellos es que la política monetaria no jugó el rol anticíclico que debió haber tenido. Le parece que ese es el","El Vicepresidente señor José De Gregorio, con respecto a esta discusión, señala que el Banco tuvo una sorpresa la que tendrá implicancia en los aspectos de política monetaria, en el sentido si el menor nivel de actividad, independiente de q"
"RPM-2006-12-14:1013:1","1013","2006-12-14","Esteban Jadresic Marinovic","2118b4bdc3dc77e8b34f266c12b9e76cddb6606cd997c5e4a4478d76647873d0","OTRO_FINAL_SIN_PUNTUACION","MISMO_PADRE_OTRO_ACTOR","True","","CANDIDATO_NO_ADJUDICADO",""," que esos datos apuntan a una tendencia inflacionaria que continúa a la baja en la mayoría de los casos y también por debajo del 3%. Manifiesta el señor Jadresic, que se señala una postergación en el cierre de holguras de capacidad y ese Lp","El Gerente de División Política Financiera señor Pablo García, señala que como se ha discutido en otras ocasiones, hay diversos motivos para justificar una decisión de política monetaria en particular. Puede ser para reflejar noticias en la"
"RPM-2006-12-14:1014:1","1014","2006-12-14","Andrés Velasco Brañes","a9560b775c306b2f86cfd721d1379485ea7262777c9cad8d78386fe8ed52f69e","OTRO_FINAL_SIN_PUNTUACION","MISMO_PADRE_OTRO_ACTOR","True","","CANDIDATO_NO_ADJUDICADO","","rente o no con lo que el mercado está esperando, no le parece que sea un criterio válido. Al respecto, agrega que el comunicado debe dar las señales correctas, de modo que el patrón de comportamiento que el mercado tiene respecto al Banco u","El Gerente de División Estudios comenta que este tema es debatible y por lo mismo, no es el punto central para tomar una decisión económica. Agrega que si la consulta la cambia de posición, ésta se debe tomar en cuenta o ignorarla. El Geren"
"RPM-2007-01-11:1038:1","1038","2007-01-11","Esteban Jadresic Marinovic","28f18a2525c3b025d91548700e04a8362124da6542aefbb89e65578213fa1f77","COLA_BREVE_TRAS_PUNTUACION","MISMO_PADRE_OTRO_ACTOR","True","","CANDIDATO_NO_ADJUDICADO","","sempleo de la Universidad de Chile. Comenta que si bien la tasa de desempleo ha venido cayendo, se mantiene en un nivel que está por encima de los mínimos históricos, a diferencia de lo que muestra la encuesta de la referida Universidad. /D","El Vicepresidente señor José De Gregorio, comenta que hace un par de años atrás, cuando se trato de explicar por qué el cierre de brechas de la economía chilena había sido tan lento y la recesión tan prolongada, uno de los argumentos que se"
"RPM-2007-01-11:1046:2","1046","2007-01-11","Rodrigo Valdés Pulido","71b66325bed99e4ddd05802c5074330cc126029915ddbd509fe3c3b54d4f2632","COLA_BREVE_TRAS_PUNTUACION","MISMO_PADRE_OTRO_ACTOR","True","","CANDIDATO_NO_ADJUDICADO","","opia proyección de inflación o la de mercado en esta discusión, cree que tiene toda la razón ya que el objetivo operacional del Banco no puede ser la proyección privada de inflación, sino que la propia proyección de inflación del Banco. /xD","El Ministro de Hacienda señor Andrés Velasco, señala que está de acuerdo con lo señalado por el señor Vicepresidente del Banco y con el Gerente de División Estudios y le parece que se encuentran en la dirección correcta, sin embargo, le aña"
"RPM-2007-01-11:1050:1","1050","2007-01-11","Pablo García Silva","206394e68a53b00c047ca63856636928bfca9a34af119ad6c7bfc9ec2b3bb4c8","COLA_BREVE_TRAS_PUNTUACION","MISMO_PADRE_OTRO_ACTOR","True","","CANDIDATO_NO_ADJUDICADO","","arcía que, para efectos de la incidencia en inflación y crecimiento, dichos cambios fueron de mayor magnitud que una reducción modesta de la tasa de política monetaria en la actualidad, como lo sugerido en las opciones, de 25 puntos base. i","El señor Ministro de Hacienda don Andrés Velasco, señala que en las diversas Reuniones de Política Monetaria en que le ha tocado participar, es decir desde marzo de 2006 a la fecha, considera que a este Consejo le ha tocado enfrentar situac"
"RPM-2007-02-08:1077:1","1077","2007-02-08","Vittorio Corbo Lioi","d4265df289805cab111687210ab553b18029a0d6c16bda91fe06dfc519d092df","OTRO_FINAL_SIN_PUNTUACION","MISMO_PADRE_OTRO_ACTOR","True","","CANDIDATO_NO_ADJUDICADO","interno","El señor Presidente ofrece la palabra para comentarios sobre el escenario","EL Gerente de División Estudios señor Rodrigo Valdés señala que desea hacer algunos comentarios. Le parece que las mayores noticias que se han presentado están por el lado de la inflación, configurando un mayor riesgo del que se tenía el me"
"RPM-2007-07-12:1335:4","1335","2007-07-12","Igal Magendzo Weinberger","b87dd5d52c92ba9e37911b69a601ff1cbf04a76cdc4dc5a3488963f1473f50f4","COLA_BREVE_TRAS_PUNTUACION","MISMO_PADRE_OTRO_ACTOR","True","","CANDIDATO_NO_ADJUDICADO","","ez exportado este producto, el proceso finaliza, en cambio para poner la leche líquida en la casa de una persona que es lo que se está midiendo en el IPC conlleva costos de comercialización, de procesamiento y otros que resultan mayores. fi","El Gerente de Estudios señor Rodrigo Valdés señala que a continuación se presenta un anexo sobre implicancias y shocks recientes en proyecciones de mediano plazo. Agrega el señor Valdés que este ejercicio supone que se sube la tasa en 50 pu"
"RPM-2007-07-12:1347:1","1347","2007-07-12","Vittorio Corbo Lioi","73498e7c688a38a76bd67878a2ce67dbee4c5f8bbcc22278ce603118cc74c8ba","COLA_BREVE_TRAS_PUNTUACION","MISMO_PADRE_OTRO_ACTOR","True","","CANDIDATO_NO_ADJUDICADO","","El Presidente señor Vittorio Corbo ofrece la palabra a los señores Consejeros para proceder a la votación. Lf \","El Consejero señor Enrique Marshall agradece al staff el material preparado para esta reunión. Comenta el señor Consejero que en el frente externo las condiciones no han vanado en forma significativa respecto de la última reunión. El crecim"
"RPM-2007-08-09:1386:1","1386","2007-08-09","Vittorio Corbo Lioi","d443a519c80b4f3a6bb6d0f1d3399b4a9453894de72af37be7e49be6ccb54012","COMA_ANTES_DE_OTRO_ACTOR_EN_PADRE","MISMO_PADRE_OTRO_ACTOR","True","","CANDIDATO_NO_ADJUDICADO","","El Presidente señor Vittorio Corbo consulta cómo cerró el cobre en la Bolsa de Londres en el día de hoy,","señalando el señor Lehmann que la cifra fue de 3,48 dólares la libra."
"RPM-2007-09-13:1410:1","1410","2007-09-13","Sergio Lehmann Beresi","f2e5780f163046eafbf5447f7fa8d714f61c8bceef7625385188e4b398f0be0e","COMA_ANTES_DE_OTRO_ACTOR_EN_PADRE","MISMO_PADRE_OTRO_ACTOR","True","","CANDIDATO_NO_ADJUDICADO","","El Gerente de Análisis Internacional señor Lehmann señala que el spread de México que reporta JPMorgan, EMBI México, es el que aparece en el gráfico, esto es, 135 puntos base. Dentro del EMBI el 40% de los bonos son PEMEX,","El Gerente de Mercados Financieros Nacionales señor Beltrán De Ramón indica que revisó los comentarios sobre este tema y complementando lo expresado por el señor Ministro de Hacienda en el Diario Financiero, puede concluir que el tema actua"
"RPM-2007-09-13:1457:1","1457","2007-09-13","Andrés Velasco Brañes","e45d9a72f7b2ca5b0859af11bd37c2356049e17bc56401132391f1ed22b7118e","OTRO_FINAL_SIN_PUNTUACION","MISMO_PADRE_OTRO_ACTOR","True","","CANDIDATO_NO_ADJUDICADO","","El señor Ministro de Hacienda consulta la razón por la que debería importar ese horizonte","y el señor Gerente de División Política Financiera responde que ese diferencial se aplica sobre todo a las trayectorias de tipo de cambio de aquí a diez años. Dicho de otra forma, a tres meses un diferencial de cien puntos base en la tasa s"
"RPM-2007-11-13:1544:1","1544","2007-11-13","Vittorio Corbo Lioi","d4265df289805cab111687210ab553b18029a0d6c16bda91fe06dfc519d092df","OTRO_FINAL_SIN_PUNTUACION","MISMO_PADRE_OTRO_ACTOR","True","","CANDIDATO_NO_ADJUDICADO","interno","El señor Presidente ofrece la palabra para comentarios sobre el escenario","El Gerente de División Estudios Subrogante señor Igal Magendzo señala que presentará un ejercicio que fue solicitado por el Vicepresidente señor José De Gregorio, consistente en una simulación conforme al Modelo Económico de Proyecciones, M"
"RPM-2007-12-13:1594:1","1594","2007-12-13","Manuel Marfán Lewis","6493b96899a42a3e1d17b9f3b73bf0bb7e12c02ea04574330e1f7394ad60d6a6","COLA_BREVE_TRAS_PUNTUACION","MISMO_PADRE_OTRO_ACTOR","True","","CANDIDATO_NO_ADJUDICADO","","istencias, pero en todo caso desde un punto de vista práctico, es la información con la que se cuenta y entiende que es una gran noticia que ahora se puede corregir trimestralmente porque anteriormente se detectaba al final del trimestre. V","El Gerente señor Magendzo respecto a los datos sobre exportaciones, señala que no se consideró celulosa, que ya se había eliminado a principios de año, para no sobreestimar lo que estaba sucediendo con “resto”. Menciona que en esta oportuni"
"RPM-2007-12-13:1595:3","1595","2007-12-13","Igal Magendzo Weinberger","0d0d583bf663654c3773414b73a95e70ecc744f07cd92d79b5ef219be2feaa77","COLA_BREVE_TRAS_PUNTUACION","MISMO_PADRE_OTRO_ACTOR","True","","CANDIDATO_NO_ADJUDICADO","","petencia de supermercados, farmacias y la entrada al mercado de las grandes tiendas, el proceso que se presenta en esta oportunidad llama la atención y no se conoce suficientemente a qué obedece, pero en todo caso se seguirá monitoreando. y","El Consejero señor Manuel Marfán, con respecto a los datos de energía y el comentario del Gerente señor Magendzo en el sentido que éstos siguen contribuyendo negativamente al PIB, consulta si es posible desglosar de los datos cuál es el cos"
"RPM-2008-01-10:1623:1","1623","2008-01-10","Jorge Desormeaux Jiménez","67f1dc374d8806c2282c4c68dde0f296209d6f8e8f3eac576f84f19996d285dd","COLA_BREVE_TRAS_PUNTUACION","MISMO_PADRE_OTRO_ACTOR","True","","CANDIDATO_NO_ADJUDICADO","","undo desarrollado, las tasas de interés están más bien bajando. Agrega que este hecho constituye una diferencia bastante grande con respecto a lo que sucede en el mundo emergente donde los movimientos de tasas sí van en dirección al alza. 7","Menciona el señor Magendzo que como forma de prevenir el riesgo que la mayor inflación afecte la formación de expectativas de mediano y largo plazo y se propague hacia otros precios y costos más allá de lo habitual, la política monetaria se"
"RPM-2008-02-07:1652:1","1652","2008-02-07","José De Gregorio Rebeco","d4265df289805cab111687210ab553b18029a0d6c16bda91fe06dfc519d092df","OTRO_FINAL_SIN_PUNTUACION","MISMO_PADRE_OTRO_ACTOR","True","","CANDIDATO_NO_ADJUDICADO","interno","El señor Presidente ofrece la palabra para comentarios sobre el escenario","En cuanto a mercados financieros, el Consejero señor Manuel Marfán señala que tiene algunas dudas respecto de cuál es la tasa de interés externa relevante que se debe considerar en condiciones atípicas, como las que se han presentado en est"
"RPM-2008-03-13:1713:3","1713","2008-03-13","Andrés Velasco Brañes","e2475306e4e13cf1bde26a4eb422ca30f25c30ca132bb2ddd3fbbf3ad47a4e1c","COMA_ANTES_DE_OTRO_ACTOR_EN_PADRE","MISMO_PADRE_OTRO_ACTOR","True","","CANDIDATO_NO_ADJUDICADO","","En relación a los índices del sector manufacturero y agrícola, el señor Ministro solicita al Presidente la posibilidad de que el staff del Banco confeccione índices de precios al integro del sector manufacturero como del sector agrícola,","a lo que el señor Presidente responde que se verá la factibilidad de integrar dicha petición a la agenda de trabajo del equipo."
"RPM-2008-03-13:1714:1","1714","2008-03-13","Sebastián Claro Edwards","b7b16b62c85545cc837e4f1a2f48dfd0a4b2fca3d40c9761b67cbaa1c70ae452","COMA_ANTES_DE_OTRO_ACTOR_EN_PADRE","MISMO_PADRE_OTRO_ACTOR","True","","CANDIDATO_NO_ADJUDICADO","","El Consejero señor Sebastián Claro menciona que el Servicio Nacional de Aduanas posee todos los datos de valor unitario,","a lo que el señor Magendzo responde que efectivamente es así, pero que son datos que requieren ser organizados y ponderados en forma muy minuciosa, con muchos detalles y aplicando filtros para obtener la información requerida. Comenta asimi"
"RPM-2008-03-13:1718:1","1718","2008-03-13","Jorge Desormeaux Jiménez","1563aca3a79a50e9d20104a78d3f5ba4ec7c7a1c857e772122129e732a1b2b8a","COMA_ANTES_DE_OTRO_ACTOR_EN_PADRE","MISMO_PADRE_OTRO_ACTOR","True","","CANDIDATO_NO_ADJUDICADO","","podría explicar que un tipo de cambio que se apreció muy poco el año pasado, súbitamente se deprecia en el país que se usa para la protección y por ello, consulta cómo se lee esa depreciación, cuáles son las áreas que suman la depreciación,","a lo que el Gerente señor Magendzo responde que todas las áreas, positivas más negativas."
"RPM-2008-03-13:1718:10","1718","2008-03-13","Enrique Marshall Rivera","68afe78ceea10c131159b70a0c0a575cfc0cf4a777084cd62c178e1a54ee242d","OTRO_FINAL_SIN_PUNTUACION","MISMO_PADRE_OTRO_ACTOR","True","","CANDIDATO_NO_ADJUDICADO","","El Consejero señor Marshall señala que puede ser efecto de la fiscalización que está aplicando la Dirección del Trabajo","a lo que el Consejero Marfán agrega que efectivamente antes subcontrataban y ahora están obligados a incorporarlos en sus planillas."
"RPM-2008-03-13:1728:1","1728","2008-03-13","José De Gregorio Rebeco","3abb139b97827e850bdfda1f560e9414df99e997e41570adb63431c3f17e8a23","OTRO_FINAL_SIN_PUNTUACION","MISMO_PADRE_OTRO_ACTOR","True","","CANDIDATO_NO_ADJUDICADO","","El señor Presidente ofrece la palabra al Ministro de Hacienda, señor Andrés","El Ministro de Hacienda señor a Andrés Velasco indica que sus comentarios los va a dividir entre los que tienen que ver con la estrategia de más largo plazo y los que se refieren a tácticas y comunicaciones de más corto plazo. En cuanto a l"
"RPM-2008-03-13:1731:1","1731","2008-03-13","Enrique Marshall Rivera","26ee7c4ca27efcc5486a8a8133ecc929fe9df750420246eaf82957c0828e0b84","OTRO_FINAL_SIN_PUNTUACION","MISMO_PADRE_OTRO_ACTOR","True","","CANDIDATO_NO_ADJUDICADO","","a mantener un sesgo relativamente similar al entregado en la última Reunión, con una referencia más explícita al eventual efecto que tendría la persistencia en la apreciación del peso observada en el último tiempo para la política monetaria","El Consejero señor Manuel Marfán agradece el análisis del staff que en esta ocasión de mayor dificultad para interpretar la coyuntura, ha estado particularmente esclarecedor. Destaca especialmente la Minuta de Opciones que de manera breve h"
"RPM-2008-03-13:1737:1","1737","2008-03-13","Jorge Desormeaux Jiménez","f8fb6b5afbc8cd931f9347d8856226be662e18613e22b81dbd6056ec67f08e3e","COMA_ANTES_DE_OTRO_ACTOR_EN_PADRE","MISMO_PADRE_OTRO_ACTOR","True","","CANDIDATO_NO_ADJUDICADO","","El Vicepresidente señor Jorge Desormeaux señala que se suma a la mayoría antes mencionada,","y el Consejero señor Sebastián Claro manifiesta que mantiene su votación consistente en subir la Tasa de Política Monetaria a 6,50%."
"RPM-2008-05-08:1809:1","1809","2008-05-08","José De Gregorio Rebeco","d24de0a3474101a42f2fe6687a9bc8fbbd1bcc8f984719e856ff660c46630d29","COMA_ANTES_DE_OTRO_ACTOR_EN_PADRE","MISMO_PADRE_OTRO_ACTOR","True","","CANDIDATO_NO_ADJUDICADO",""," en Chile. Comenta que es probable que en dichas zonas este tipo de situaciones ocurra con un poco más de rezago, en tanto, en el grueso de los países en desarrollo se están realizando infinidad de cosas para evitar los aumentos de precios,","El Gerente de División Estudios, señor Pablo García comenta que el Banco va a ener información más detallada de esta materia porque se está a punto de obtener una base de datos bien precisa, respecto a las canastas de consumo en un conjunto"
"RPM-2008-05-08:1815:1","1815","2008-05-08","Jorge Desormeaux Jiménez","e37df62996312ad0bee2dad5e209ecba7b0f8eaf62b0ed6d438cbe312f3a474c","COLA_BREVE_TRAS_PUNTUACION","MISMO_PADRE_OTRO_ACTOR","True","","CANDIDATO_NO_ADJUDICADO","","que proveerse de estos insumos, como es el caso de China. En consecuencia, esta situación no constituye una demanda transitoria necesariamente, sino una demanda a término, y por lo tanto, hay en ella menos volatilidad de la que se piensa. r","El Gerente señor Sergio Lehman informa finalmente que el precio del cobre se ha mantenido relativamente estable, los inventarios sigue n a nivel históricamente bajos, el precio del petróleo y gasolina ha tendido a aumentar, no obstante la a"
"RPM-2008-06-10:1857:1","1857","2008-06-10","Manuel Marfán Lewis","62949cda593fe2f5a979a141374043063280668961ffa5fbe2c360afa7d2f5ba","COMA_ANTES_DE_OTRO_ACTOR_EN_PADRE","MISMO_PADRE_OTRO_ACTOR","True","","CANDIDATO_NO_ADJUDICADO","","El Consejero señor Manuel Marfán consulta si el ¡PC Care en la Zona Euro excluye energía y alimentos al igual que en Estados Unidos de América,","a lo que el señor Lehmann responde afirmativamente."
"RPM-2008-06-10:1858:1","1858","2008-06-10","José De Gregorio Rebeco","d9aa89ac5d9f9393822fbdd7dda13c322f8590b6f31d0852dde756728a0aa7f5","OTRO_FINAL_SIN_PUNTUACION","MISMO_PADRE_OTRO_ACTOR","True","","CANDIDATO_NO_ADJUDICADO","","ra con otros lados, es bajísimo, entonces, plantea el señor Presidente que habría que revisar detenidamente ese tema, además de la implicancia que tiene la forma cómo se reporta la información, ya que es la misma forma en todos lados. .LI I","Continuando con la presentación del escenario internacional, el señor Sergio Lehmann indica que en Japón la tendencia es a mayores niveles de inflación en el margen, a pesar de observarse una ligera caída por razones coyunturales, pero clar"
"RPM-2008-06-10:1860:2","1860","2008-06-10","Sergio Lehmann Beresi","e40b3f6b94371bc96ae3c5ed2bc34e9c4f43d412f5cbf9dd9e7fc54d973a09d5","COLA_BREVE_TRAS_PUNTUACION","MISMO_PADRE_OTRO_ACTOR","True","","CANDIDATO_NO_ADJUDICADO","","xperimentar tras su decisión de mantención de tasa de la semana pasada. En el caso de Japón, indica el señor Lehmann que no se aprecian cambios significativos, pero que de todas maneras se anticipan movimientos al alza durante este año. 'V/","El Vicepresidente señor Jorge Oesormeaux plantea que un punto bien importante es que hay un impacto respecto de lo que suceda en Europa sobre Estados Unidos de América. Comenta que Estados Unidos de América tiene hoy día una preocupación po"
"RPM-2008-06-10:1868:2","1868","2008-06-10","Sergio Lehmann Beresi","a98e880f3000b3d907080ea513408e7cbda1126e30fcae25b0e94607165ab5b8","COLA_BREVE_TRAS_PUNTUACION","MISMO_PADRE_OTRO_ACTOR","True","","CANDIDATO_NO_ADJUDICADO","","elativamente fuerte, particularmente en los países emergentes. Entonces, hay una situación de estrechez en el mercado que a lo mejor no se aprecia en los gráficos para los últimos meses, pero que en términos de tendencia, sí es aplicable. V","El Vicepresidente señor Jorge Desormeaux señala que se podría decir que la situación de subsidio a los combustibles en muchos de estos países emergentes está comenzando a modificarse, en el sentido que se están reduciendo por su enorme impa"
"RPM-2008-06-10:1871:1","1871","2008-06-10","José De Gregorio Rebeco","da897adc79237ed0d33d98beb96e2588ed05c3da5752c142f1fdd44cbceae510","COMA_ANTES_DE_OTRO_ACTOR_EN_PADRE","MISMO_PADRE_OTRO_ACTOR","True","","CANDIDATO_NO_ADJUDICADO","","El señor Presidente comenta que los precios de estos tres productos agrícolas casi se triplican comparados con el año 2002,","lo que comparte el señor Lehmann, quien agrega que lo más decidor es que se prevé que se mantendrán en esos niveles hasta el año 2017, por lo menos."
"RPM-2008-06-10:1901:2","1901","2008-06-10","Consejo del Banco Central de Chile","490ca9e4c9697fe20462c244bde53f6cb7e3b422160410dbf53d25786832bdf2","COMA_ANTES_DE_OTRO_ACTOR_EN_PADRE","MISMO_PADRE_OTRO_ACTOR","True","","CANDIDATO_NO_ADJUDICADO","","Siendo las 16:00 horas, se reanuda la Sesión de Política Monetaria N °124,","El Presidente señor José De Gregorio ofrece la palabra al Gerente de División Estudios señor Pablo García a fin que presente las Opciones de Política Monetaria para esta Reunión."
"RPM-2008-06-10:1904:1","1904","2008-06-10","Beltrán de Ramón Acevedo","cee6fdc21a2c25c64781fa0c0e57286a0fafb46d98b6332de517cfce784518f7","COLA_BREVE_TRAS_PUNTUACION","MISMO_PADRE_OTRO_ACTOR","True","","CANDIDATO_NO_ADJUDICADO","","untos base para el año 2008, como está considerado en el escenario de proyecciones de esta Reunión de Política Monetaria, es altamente probable si se cumple la proyección de la Gerencia de División Estudios y de los seguros de inflación. ■J","El Gerente de División Política l\/lonetaria señor Kevin Cowan señala que cree que las principales noticias desde la última Reunión de Política Monetaria son tres. En primer lugar, shocks a niveles de precios con potenciales impactos de seg"
"RPM-2008-07-10:1923:1","1923","2008-07-10","José De Gregorio Rebeco","d7d8c3ebe97bed7e5532b43d9b515016ec677bc9c2385e11eaaaabd956aebc2d","OTRO_FINAL_SIN_PUNTUACION","MISMO_PADRE_OTRO_ACTOR","True","","CANDIDATO_NO_ADJUDICADO","","El Presidente don José De Gregorio comenta que en Brasil cayó el precio de la energía","y el señor Ministro de Hacienda agrega que en México y Perú los precios de ios combustibles están fijos en moneda local, pero que, sin embargo, la electricidad en Chile ha subido dos, tres o cuatro veces el incremento que ha experimentado e"
"RPM-2008-08-14:1994:2","1994","2008-08-14","Sergio Lehmann Beresi","8e13165b6afc0949ba167cd5a16ed5266dfb7eebbdbb0fd56eb829e15b691591","COLA_BREVE_TRAS_PUNTUACION","MISMO_PADRE_OTRO_ACTOR","True","","CANDIDATO_NO_ADJUDICADO","","ya que es mucho más marcada la transferencia de precio internacional a doméstico, y ello ha llevado a reducciones en compensaciones inflacionarias. Menciona que de hecho la tasa real aumenta más allá de lo que lo ha hecho la tasa nominal. u","El Consejero señor Sebastián Claro comenta que no le convence cómo mirar la situación en Estados Unidos de América. Por un lado, no tiene claro si la perspectiva a dos años es un poco mejor o un poco peor. Señala que lo que se deduce de esa"
"RPM-2008-08-14:2003:1","2003","2008-08-14","Pablo García Silva","caa0da3b44f96d343a31596c03c242fa67fab5cd36a7baa78492d6bb646af3cd","OTRO_FINAL_SIN_PUNTUACION","MISMO_PADRE_OTRO_ACTOR","True","","CANDIDATO_NO_ADJUDICADO","","ía estima que no se está ratando de argumentar un efecto causal, pero lo que sí cierto es que estos dos fenó menos pueden estar ocurriendo de manera simultánea , en cambio, la expectativa hace cambiar posiciones y hace cambiar precios. ./ -","El Gerente señor Sergio Lehmann continúa su exposición indicando que respecto a cuáles son las perspectivas para los precios del petróleo y la gasolina, es habitual que se obtenga a partir de los futuros, y como se ve en la gráfica, están c"
"RPM-2008-08-14:2027:1","2027","2008-08-14","Jorge Desormeaux Jiménez","e2f4ef8bd2a0af9925bf8609e75b7535ad9a893ab05e656a7759470be2e09240","COMA_ANTES_DE_OTRO_ACTOR_EN_PADRE","MISMO_PADRE_OTRO_ACTOR","True","","CANDIDATO_NO_ADJUDICADO","","El Vicepresidente señor Desormeaux agrega que le da la impresión de que las cifras de la Universidad de Chile registran una baja en la tasa de desempleo,","lo que confirma el Gerente de Análisis Macroeconómico señor Soto."
"RPM-2008-09-04:2064:1","2064","2008-09-04","Claudio Soto Gamboa","a47261b873b32c0661f7eff4f34da1b868f573e1a00b7cf911d85863fbd1aa75","COLA_BREVE_TRAS_PUNTUACION","MISMO_PADRE_OTRO_ACTOR","True","","CANDIDATO_NO_ADJUDICADO","","tal motivo la tasa de inversión para el próximo año se mantiene en los niveles actuales. Es decir, la proyección como fracción del PIB se ajusta marginalmente respecto a este año y la tasa de crecimiento cae por un efecto base importante. 4","El Gerente de División Estudios señor Pablo García, en relación a la descomposición sectorial, coment a que es interesante observar las fuentes de este fenómeno puesto que si se observa el catastro, los proyectos hacia futuro son básicament"
"RPM-2008-10-09:2112:3","2112","2008-10-09","Consejo del Banco Central de Chile","cfa9e6ef8f726d560dbbe12187897e62a872d36c8e03cd28e729b862030b7b82","COMA_ANTES_DE_OTRO_ACTOR_EN_PADRE","MISMO_PADRE_OTRO_ACTOR","True","","CANDIDATO_NO_ADJUDICADO","","Siendo las 16;00 horas, se reanuda la Sesión de Política Monetaria N° 129,","El Presidente señor José De Gregorio fija la Reunión de Política Monetaria del mes de abril de 2009, para el día jueves 9. Posteriormente, ofrece la palabra al Gerente de División Estudios señor Pablo García para que presente las Opciones d"
"RPM-2008-10-09:2121:1","2121","2008-10-09","José De Gregorio Rebeco","9bd7b7b874782e73a6d14a1792ff69d99a3f57082cd51a6e295271dae4c6fa09","TERMINO_FUNCIONAL_ABIERTO","MISMO_PADRE_OTRO_ACTOR","True","","CANDIDATO_NO_ADJUDICADO","votación","El Presidente ofrece la palabra a los señores Consejeros para proceder a la","El Consejero señor Sebastián Claro manifiesta que la decisión de hoy es altamente compleja. Señala que está demás enumerar las dificultades por las cuales atraviesa la economía mundial y la alta volatilidad de los mercados, pero evidentemen"
"RPM-2008-11-13:2166:1","2166","2008-11-13","José De Gregorio Rebeco","9bd7b7b874782e73a6d14a1792ff69d99a3f57082cd51a6e295271dae4c6fa09","TERMINO_FUNCIONAL_ABIERTO","MISMO_PADRE_OTRO_ACTOR","True","","CANDIDATO_NO_ADJUDICADO","votación","El Presidente ofrece la palabra a los señores Consejeros para proceder a la","El Consejero señor Sebastián Claro manifiesta que la información recabada el último mes da cuenta de varios fenómenos que afectan la decisión de esta Reunión, En primer lugar, señala que el dato negativo de inflación del mes de octubre conf"
"RPM-2008-12-11:2198:1","2198","2008-12-11","Sergio Lehmann Beresi","c84d367b52fd4dc787df41d89f8557ff443b60c5d35a5602f4759fe038c3ad9c","COMA_ANTES_DE_OTRO_ACTOR_EN_PADRE","MISMO_PADRE_OTRO_ACTOR","True","","CANDIDATO_NO_ADJUDICADO",""," en particular alguna resistencia al descenso de la inflación y agrega que de hecho esa situación fue uno de los elementos que hoy día, el Banco Central de Brasil tomó en consideración para efectos de mantener su Tasa de Política Monetaria,","El Presidente señor José De Gregorio agradece la exposición del señor Sergio Lehmann respecto al escenario internacional y ofrece la palabra para consultas o comentarios."
"RPM-2009-01-08:2293:1","2293","2009-01-08","José De Gregorio Rebeco","9bd7b7b874782e73a6d14a1792ff69d99a3f57082cd51a6e295271dae4c6fa09","TERMINO_FUNCIONAL_ABIERTO","MISMO_PADRE_OTRO_ACTOR","True","","CANDIDATO_NO_ADJUDICADO","votación","El Presidente ofrece la palabra a los señores Consejeros para proceder a la","El Consejero señor Sebastián Claro señala que la evidencia acumulada sobre la economía internacional, los datos de actividad domestica y las perspectivas de inflación a corto y mediano plazo, confirman un escenario en el que se requiere un "
"RPM-2009-02-12:2312:1","2312","2009-02-12","Manuel Marfán Lewis","68398f872e603af1cd154fed1bf70c7a4be5169b7a8c8483a45671e0c9055d63","COLA_BREVE_TRAS_PUNTUACION","MISMO_PADRE_OTRO_ACTOR","True","","CANDIDATO_NO_ADJUDICADO","","ávit y en cambio, Estados Unidos de América exhibe un tremendo déficit comercial con Corea y Japón. En su opinión, sería posible que la recesión de Estados Unidos de América y de Europa esté afectando a través de China al resto de Asia. Y ■","El Gerente de División Estudios señor Pablo García expone que, en su opinión, no se trata de un problema de que cada país tenga un menor crecimiento, sino que existe una contracción adicional en el comercio internacional que se debería bási"
"RPM-2009-02-12:2324:1","2324","2009-02-12","Jorge Desormeaux Jiménez","8f482fbac7e757c9dab5678eb49ee5ed06e84e7ab0a3a50fdac8efe422f70df4","OTRO_FINAL_SIN_PUNTUACION","MISMO_PADRE_OTRO_ACTOR","True","","CANDIDATO_NO_ADJUDICADO","","s de reactivación, tales como, urbanizaciones que requieren tendidos eléctricos que utilicen cobre, lo que incide en su demanda interna de manera que ello dependerá de las políticas que adopte el citado país para estimular la citada demanda","El Presidente señor José De Gregorio indica que la caída del PIB de los socios comerciales es similar considerando la magnitud de las mismas."
"RPM-2009-03-12:2392:1","2392","2009-03-12","Jorge Desormeaux Jiménez","1d03dbec9034a66dc8a013a65d4a65069307bbf78e96044c9fe73a032e673f8d","COMA_ANTES_DE_OTRO_ACTOR_EN_PADRE","MISMO_PADRE_OTRO_ACTOR","True","","CANDIDATO_NO_ADJUDICADO","","El señor Vicepresidente consulta si no se cuenta con datos más recientes que los que se han filtrado,","y el señor Sergio Lehmann informa que menos 0,5 de crecimiento es la cifra que se dio a conocer formalmente."
"RPM-2009-03-12:2434:1","2434","2009-03-12","José De Gregorio Rebeco","9bd7b7b874782e73a6d14a1792ff69d99a3f57082cd51a6e295271dae4c6fa09","TERMINO_FUNCIONAL_ABIERTO","MISMO_PADRE_OTRO_ACTOR","True","","CANDIDATO_NO_ADJUDICADO","votación","El Presidente ofrece la palabra a los señores Consejeros para proceder a la","El Consejero señor Sebastián Claro comenta que las noticias internas están en linea con la tendencia destacada y discutida en la última Reunión de Política Monetaria. Indica que la actividad continúa baja sin mayores signos de recuperación,"
"RPM-2009-04-09:2443:3","2443","2009-04-09","José De Gregorio Rebeco","acaa66f19931b7a2c6a1b90f22c1b3235c7fa451338ece1680710c7d9662e311","OTRO_FINAL_SIN_PUNTUACION","MISMO_PADRE_OTRO_ACTOR","True","","CANDIDATO_NO_ADJUDICADO","","Respecto a la misma materia, el señor Presidente señala que le llama la atención que en el cuadro que se presenta, Consensus todavía presenta signo positivo para América Latina","Por su parte, el Ministro de Hacienda señor Andrés Velasco consulta cómo pondera Consensus al interior de América Latina."
"RPM-2009-04-09:2443:5","2443","2009-04-09","José De Gregorio Rebeco","03b120987309518e565d2d452236b79950f6d8ab62c185ecaf4e338570f138c4","OTRO_FINAL_SIN_PUNTUACION","MISMO_PADRE_OTRO_ACTOR","True","","CANDIDATO_NO_ADJUDICADO","","Al respecto, el señor Presidente indica que Consensus considera precio de mercado","y el señor Lehmann complementa que en la gráfica que se presenta en esta Reunión es a PPP."
"RPM-2009-04-09:2443:12","2443","2009-04-09","Sergio Lehmann Beresi","777e1ec5e5e2ed5dd0733e43714dadc33f8a4718949e53136f54798630390dbf","OTRO_FINAL_SIN_PUNTUACION","MISMO_PADRE_OTRO_ACTOR","True","","CANDIDATO_NO_ADJUDICADO","","s. Indica que este escenario deflacionario se ha reafirmado con ajustes a la baja en la inflación en América Latina, siendo también muy fuerte en Asia, mientras que bastante más moderada y relativamente estable en el caso de Europa del Este","Al respecto, el Presidente señor José De Gregorio también expresa sus dudas. Señala que el grueso de los países está con metas en torno a 4,5%, salvo Chile que ha caído fuerte Hace presente que le llama la atención la tan poca variabilidad "
"RPM-2009-04-09:2489:4","2489","2009-04-09","Consejo del Banco Central de Chile","c405e245091f65ba09e51552114f8efb321fee6476a417fd0204b5bf8aa5aed5","OTRO_FINAL_SIN_PUNTUACION","MISMO_PADRE_OTRO_ACTOR","True","","CANDIDATO_NO_ADJUDICADO","","N° 137, Siendo las 16:00 horas, se reanuda la Sesión de Política Monetaria","El Presidente señor José De Gregorio fija la Reunión de Política Monetaria del mes de octubre de 2009, para el día 13 de dicho mes."
"RPM-2009-05-07:2517:1","2517","2009-05-07","José De Gregorio Rebeco","d92a05dd1d56c152ddffaac3b341dbeb323f8e5cf7e53c3138de65f08fec9c62","COLA_BREVE_TRAS_PUNTUACION","MISMO_PADRE_OTRO_ACTOR","True","","CANDIDATO_NO_ADJUDICADO",""," Gregario comenta que existen dos posiciones de discusión sobre la medición del CDS, pero otro aspecto a considerar es que también depende un poco de que se mide por puntos base, de manera que se debería comparar con el nivel inicial. / . /","El Consejero señor Manuel Marfán comenta que, aunque no tiene claro si esto se repli ca o no hacia los COS, lo cierto es que el riesgo medido por las tasas de los bonos mostró un castigo a Chile al momento en que se desató la crisis, cuando"
"RPM-2009-05-07:2526:1","2526","2009-05-07","Sebastián Claro Edwards","a1373207cbb8ad6b28a02d9b212264b9fd99af9f3f04b76c86cf5ca54583bfb3","COLA_BREVE_TRAS_PUNTUACION","MISMO_PADRE_OTRO_ACTOR","True","","CANDIDATO_NO_ADJUDICADO",""," sino que opta por una más barata. Ello, es especialmente relevante en ese segmento, y por lo tanto, esa recuperación puede ser una sustitución desde casas que originalmente iban a ser de 3 mil UF a un aumento en el stock de construcción. A","Al respecto, el Gerente de Análisis Macroeconómico precisa que de todas maneras los permisos, en la parte correspondiente al G1 -que son las casas más grandes- no se ve una caída, sino que está más o menos estable. Indica que no hay ningún "
"RPM-2009-05-07:2529:1","2529","2009-05-07","José De Gregorio Rebeco","da00d34dbcbb33f1f30b1eadd4c49a9d00156a73081e6f15dc47a6213c18efab","OTRO_FINAL_SIN_PUNTUACION","MISMO_PADRE_OTRO_ACTOR","True","","CANDIDATO_NO_ADJUDICADO","","El Presidente señor José De Gregorio consulta a qué se refiere la vinculación","El Consejero señor Manuel Marfán señala que él no sacaría demasiadas conclusiones. Primero, porque la serie no es continua, o sea, se ajusta en mayo de cada año, dependiendo de la Operación Renta y, por lo tanto, no son comparables las cifr"
"RPM-2009-05-07:2532:3","2532","2009-05-07","Manuel Marfán Lewis","3cf2808f5c2fa4dea495ccf426975bc875a6c590d768967c9faaf831340ea8bc","COMA_ANTES_DE_OTRO_ACTOR_EN_PADRE","MISMO_PADRE_OTRO_ACTOR","True","","CANDIDATO_NO_ADJUDICADO","","elante. Si es todavía una reducción deseada de inventarios, entonces se está hablando de otra cosa, pero advierte que no se cuenta con buenas cifras de inventarios, sin que esto último sea una crítica a la Gerencia de División Estadísticas,","El Gerente de Análisis Macroeconómico señor Claudio Soto señala que la única evidencia disponible es la encuesta que para el mes de abril todavía muestra que los inventarios están por sobre lo deseado."
"RPM-2009-05-07:2535:1","2535","2009-05-07","Claudio Soto Gamboa","64ff09ac8060c16a86be7786307a5f85305b5594c05bcd8d2f25393cc3d888a0","COMA_ANTES_DE_OTRO_ACTOR_EN_PADRE","MISMO_PADRE_OTRO_ACTOR","True","","CANDIDATO_NO_ADJUDICADO","","te a la presente Reunión, por lo que no dispuso de demasiado tiempo para analizarla. En su opinión personal, esta proyección estaría algo sesgada al alza en términos de inflación, y podría ser que se tenga menos inflación hacia delante. / ,","El Presidente señor José De Gregorio señala que mañana se va a contar con una proyección más definitiva. Indica que entre noviembre y diciembre, la inflación acumulada fue aproximadamente -1,3%, lo que quiere decir que noviembre y diciembre"
"RPM-2009-06-16:2555:1","2555","2009-06-16","Enrique Marshall Rivera","9e9ffd0ea89f711dd847faaa87c4e1722edb4b50705da3bc08dcdf187916628d","COMA_ANTES_DE_OTRO_ACTOR_EN_PADRE","MISMO_PADRE_OTRO_ACTOR","True","","CANDIDATO_NO_ADJUDICADO","","El Consejero señor Enrique Marshall consulta si en el caso de Chile las importaciones de bienes de capital también están aumentando,","a lo cual el Consejero Manuel Marfán comenta que ellas están rebotando más que subiendo"
"RPM-2009-06-16:2555:2","2555","2009-06-16","Manuel Marfán Lewis","6f3251125e8913b0a3abcb1f09285ffb54d9a27ddebc1e7bde9fcde6297a4c3f","OTRO_FINAL_SIN_PUNTUACION","MISMO_PADRE_OTRO_ACTOR","True","","CANDIDATO_NO_ADJUDICADO","","a lo cual el Consejero Manuel Marfán comenta que ellas están rebotando más que subiendo","y el Vicepresidente, señor Jorge Desormeaux, agrega que, medidas en doce meses, dichas importaciones continúan cayendo."
"RPM-2009-06-16:2556:2","2556","2009-06-16","Sebastián Claro Edwards","35123687432b1e20bd385b943cf2e285360674e767ccce38441d4a9c0d5977f0","COMA_ANTES_DE_OTRO_ACTOR_EN_PADRE","MISMO_PADRE_OTRO_ACTOR","True","","CANDIDATO_NO_ADJUDICADO","","El Consejero Sebastián Claro consulta acerca de las razones por las que se califica como una sorpresa,","a lo cual el señor Lehmann responde que ello obedece a que las cifras resultantes fueron peores que las esperadas. El Gerente de Análisis Internacional continúa informando que, por primera vez después de casi un año, se han estado revisando"
"RPM-2009-06-16:2560:3","2560","2009-06-16","Manuel Marfán Lewis","34a07939a2d833274e53f80c87345bdc980011a23b54abc7bc7d91af008ef6bf","COMA_ANTES_DE_OTRO_ACTOR_EN_PADRE","MISMO_PADRE_OTRO_ACTOR","True","","CANDIDATO_NO_ADJUDICADO","","stas se concluye que las correspondientes a los meses anteriores eran malas, mientras que las del mes de mayo resultaron las peores en su conjunto y que, a su juicio, la gran noticia de esta reunión es que simplemente estas dejaron de caer,","a lo cual el Gerente de División Estudios, señor Pablo García, agrega que, desde el punto de vista de la economía mundial no hay antecedentes que hagan revisar el escenario del último Informe de Política Monetaria (IPoM)."
"RPM-2009-06-16:2565:1","2565","2009-06-16","Jorge Desormeaux Jiménez","16a5ffd4bfe0d4f0369aa23682e43e17e600c1647c75fdfe6cd0e1973ec762f8","COMA_ANTES_DE_OTRO_ACTOR_EN_PADRE","MISMO_PADRE_OTRO_ACTOR","True","","CANDIDATO_NO_ADJUDICADO","","El Vicepresidente señor Jorge Desormeaux resalta que la TIP está en el mismo nivel que en septiembre de 2008,","a lo cual el señor De Ramón precisa que actualmente se encuentra en 1,82% versus 1,83% de septiembre y que la tasa nominal en 3,68 % y 3,73%, respectivamente."
"RPM-2009-06-16:2566:3","2566","2009-06-16","Sergio Lehmann Beresi","0a3e5620a559e46036d24043f33e222800a6a7d7fc4b8c2637b58c1853376306","COMA_ANTES_DE_OTRO_ACTOR_EN_PADRE","MISMO_PADRE_OTRO_ACTOR","True","","CANDIDATO_NO_ADJUDICADO","","a un período de 5 años plazo, por lo que sería similar o comparable con el bono análogo. Añade, que, de hecho, se ha pensado que la compensación inflacionaria se estaría normalizando después de un período en el que estuvo inusualmente baja,","planteamiento al cual el Vicepresidente señor Jorge Desormeaux complementa, señalando que cuando el mercado financiero se empieza a tranquilizar, los inversionistas tienden a abandonar los activos seguros en busca de activos más riesgosos y"
"RPM-2009-06-16:2567:4","2567","2009-06-16","Jorge Desormeaux Jiménez","3b3192840e31ddced42e1e28021fa0db42ab8dd7178b4e98b88364b26bf24704","COMA_ANTES_DE_OTRO_ACTOR_EN_PADRE","MISMO_PADRE_OTRO_ACTOR","True","","CANDIDATO_NO_ADJUDICADO","","Consulta el Vicepresidente señor Jorge Desormeaux si acaso se proyecta un precio promedio del petróleo de 60 o de alrededor de 70 dólares el barril para este año,","a lo cual el señor Lehmann responde que para el año 2009, el precio promedio se mantendría en 60 dólares el barril, pero que desde esta fecha y hasta fines del 2010 debería mantenerse en torno a 70 dólares el barril. A continuación,."
"RPM-2009-06-16:2576:1","2576","2009-06-16","Manuel Marfán Lewis","f25d09e3660e4315296d116f4a4db7fdf5133357bef651e34b0bbd638d15caa5","COMA_ANTES_DE_OTRO_ACTOR_EN_PADRE","MISMO_PADRE_OTRO_ACTOR","True","","CANDIDATO_NO_ADJUDICADO","","El Consejero señor Manuel Marfán consulta si lo expuesto podría interpretarse en términos que la política monetaria pudiera ser también menos expansiva de lo que refleja la tasa de interés,","en tanto el Presidente señor José De Gregorio pregunta acerca de si el MI crece menos que lo que estimaría la demanda."
"RPM-2009-06-16:2578:1","2578","2009-06-16","Enrique Marshall Rivera","1046220b67fe8415b6ade4df3dcb1b24be6453c204a6d5b098c344aff9a3d6c6","COLA_BREVE_TRAS_PUNTUACION","MISMO_PADRE_OTRO_ACTOR","True","","CANDIDATO_NO_ADJUDICADO",""," por las decisiones que adoptan los bancos, sino que por lo que ocurre en el mercado. Por tal razón, sugiere que se revise la magnitud del mercado de capitales, que si bien puede no revestir gran tamaño, cuenta con un flujo interesante. r -","El señor Claudio Soto prosigue con su exposición, refiriéndose a los datos sobre actividad, específicamente a los del mes de abril, que sorprend ieron por las caídas registradas en los sectores de recursos naturales, principalmente pesca, c"
"RPM-2009-06-16:2580:1","2580","2009-06-16","José De Gregorio Rebeco","0622b58bc55ece6217781a89f4ce1aef2b593be107a84dafac2e342c33c0c69c","COMA_ANTES_DE_OTRO_ACTOR_EN_PADRE","MISMO_PADRE_OTRO_ACTOR","True","","CANDIDATO_NO_ADJUDICADO","","El Presidente señor José De Gregorio consulta acerca de las razones que avalarían que las existencias todavía se encuentren elevadas ,","a lo cual el señor Claudio Soto responde que el 60% de los encuestados responde que las existencias están por sobre lo deseado. Añade, que dícha información es distinta de aquélla que dice relación con la venta e importaciones de automóvile"
"RPM-2009-06-16:2583:1","2583","2009-06-16","José De Gregorio Rebeco","cff6e47f5b99b04a5cdfe5e67a9fe8f29acffc3c9dcc7003311e2fbda11532ea","COMA_ANTES_DE_OTRO_ACTOR_EN_PADRE","MISMO_PADRE_OTRO_ACTOR","True","","CANDIDATO_NO_ADJUDICADO","","El Presidente señor José De Gregorio consulta por la magnitud de la corrección trimestre a trimestre,","a lo cual el señor Soto responde que es de -4 puntos"
"RPM-2009-06-16:2583:2","2583","2009-06-16","Claudio Soto Gamboa","879f682e2335477e3b73db7f0243bbd27e6618afbc7fd1fa55417e46fe282e47","OTRO_FINAL_SIN_PUNTUACION","MISMO_PADRE_OTRO_ACTOR","True","","CANDIDATO_NO_ADJUDICADO","","a lo cual el señor Soto responde que es de -4 puntos","y el Gerente de División Estudios, señor Pablo García, complementa lo expresado indicando que el efecto en el nivel es de 1% y que anualizado es de -4,4%."
"RPM-2009-06-16:2583:4","2583","2009-06-16","José De Gregorio Rebeco","ae9c8273f878d76ff2c64bdfa164d10b0bb9c592659c48b88b715d0c1c5e3639","COMA_ANTES_DE_OTRO_ACTOR_EN_PADRE","MISMO_PADRE_OTRO_ACTOR","True","","CANDIDATO_NO_ADJUDICADO","","El Presidente señor José De Gregorio reitera su consultar en cuanto solicita la cifra absoluta,","a lo cual el señor Kevin Cowan responde que es de 0,2%, según el IPoM."
"RPM-2009-06-16:2588:1","2588","2009-06-16","Sebastián Claro Edwards","7e7c440a4cd09ed5532bce73dcac37a6ae8b4489fe2ce3858457e4df82cbd88c","COMA_ANTES_DE_OTRO_ACTOR_EN_PADRE","MISMO_PADRE_OTRO_ACTOR","True","","CANDIDATO_NO_ADJUDICADO","","El Consejero señor Sebastián Claro consulta acerca del porcentaje del alza de los combustibles que se explicará por el impuesto específico que se está postergando,","a lo que el Gerente de Análisis Macroeconómico responde que debería subir 2,5%, esto es, una UTM o experimentar aumentos del orden de 50 pesos, luego de lo cual existirían otros del orden de 50 ó 70 pesos, aproximadamente, que se traducen e"
"RPM-2009-06-16:2591:4","2591","2009-06-16","Manuel Marfán Lewis","405308aea66c30d25519e0ce554311a9924b261cf521cdf9f18cc00ef1f86c37","COMA_ANTES_DE_OTRO_ACTOR_EN_PADRE","MISMO_PADRE_OTRO_ACTOR","True","","CANDIDATO_NO_ADJUDICADO","","El Consejero Manuel Marfán consulta si se ha realizado una discusión parecida en cuanto a la tasa mínima de política en otros países,","a lo cual el señor Kevin Cowan responde que ello se ha efectuado en Canadá, país que tuvo exactamente los mismos problemas que Chile respecto de los intermediarios del mercado, los que dependían esencialmente del resultado de la estructura "
"RPM-2009-07-09:2608:4","2608","2009-07-09","Andrés Velasco Brañes","080e5ab0e379ee1d75b5f3115278558614a55c3b8a611aea0c344147887ed2be","COMA_ANTES_DE_OTRO_ACTOR_EN_PADRE","MISMO_PADRE_OTRO_ACTOR","True","","CANDIDATO_NO_ADJUDICADO","","El señor Velasco acota que para que eso sea posible, el crecimiento debe ser de dos dígitos, por lo menos,","a lo cual el señor Vicepresidente añade que, de acuerdo a algunos bancos de inversión, China ya estarla creciendo a más de 10% a tasa secuencial en el segundo trimestre,"
"RPM-2009-07-09:2608:5","2608","2009-07-09","Jorge Desormeaux Jiménez","cacd5886d5e345dc5c304a02dbddca95e39bdf5e1e64fa03db3cc1153c5a36ae","COMA_ANTES_DE_OTRO_ACTOR_EN_PADRE","MISMO_PADRE_OTRO_ACTOR","True","","CANDIDATO_NO_ADJUDICADO","","a lo cual el señor Vicepresidente añade que, de acuerdo a algunos bancos de inversión, China ya estarla creciendo a más de 10% a tasa secuencial en el segundo trimestre,","y el señor Lehmann agrega que China es la economía que está liderando las proyecciones hacia el alza e impulsando particularmente el crecimiento en Asia, y que ello es coherente con lo que están proyectando también el Fondo Monetario Intern"
"RPM-2009-07-09:2609:1","2609","2009-07-09","José De Gregorio Rebeco","4ebb49e9f451dea811d1e2892339d48eb15fd79d1c6300d7b20c6093fd4645c8","COMA_ANTES_DE_OTRO_ACTOR_EN_PADRE","MISMO_PADRE_OTRO_ACTOR","True","","CANDIDATO_NO_ADJUDICADO","","El Presidente consulta si la tasa efectiva es mayor que la estimada,","a lo cual el señor Lehmann responde que dicha tasa ha estado algo por debajo de la tasa que entregaron los modelos. Añade, que si se incorporara, particularmente, lo que es el balance del FED, esto es. SI se midiera en algún grado lo que es"
"RPM-2009-07-09:2613:2","2613","2009-07-09","Pablo García Silva","ced3ce88ffb9e704be597386f89a74b149e0cc7dff6e46beafa472afd1555cef","COMA_ANTES_DE_OTRO_ACTOR_EN_PADRE","MISMO_PADRE_OTRO_ACTOR","True","","CANDIDATO_NO_ADJUDICADO","","s, y que sólo luego de un par de trimestres se podría constatar si ello es sostenible o no por el lado de la demanda más perdurable. En su opinión, si se aprecia que el aumento no ha retomado mucho dinamismo, se puede dar un segundo rebote,","a lo cual el Consejero señor Marfán sostiene que el efecto de inventarios sería, en tal caso, un greenshoot."
"RPM-2009-07-09:2615:1","2615","2009-07-09","Claudio Soto Gamboa","ab8c01924fca29fa93f5eaccb0afeaae3108a66fe5aa5b4583bbaf7770eaf0b6","COMA_ANTES_DE_OTRO_ACTOR_EN_PADRE","MISMO_PADRE_OTRO_ACTOR","True","","CANDIDATO_NO_ADJUDICADO","","pregunta del Consejero señor Sebastián Claro acerca de si el nivel final es el mismo, el señor Soto contesta que es más bajo, influenciado básicamente por lo acontecido en el mes de abril más que por lo que ocurrió en el mes de mayo pasado,","a lo cual el señor Ministro de Hacienda agrega que lo positivo, entre comillas, no es que haya mejorado mayo, sino que bajó la tasa."
"RPM-2009-07-09:2619:3","2619","2009-07-09","Igal Magendzo Weinberger","1857903624ccef486bc9f04c53570973ea71e807a8c9609c4b293b21e20474d0","COMA_ANTES_DE_OTRO_ACTOR_EN_PADRE","MISMO_PADRE_OTRO_ACTOR","True","","CANDIDATO_NO_ADJUDICADO","","l asesor del Ministro de Hacienda, señor Igal Magendzo, indica que para crecer -0.75% en el año habría que hacerlo al 6% en doce meses en el cuarto trimestre, y consulta si se tiene alguna indicación acerca de la velocidad que ello implica,","a lo cual el Gerente de División Estudios responde que se necesita un crecimiento anualizado de entre 10 y 15% secuencial en el tercer y cuarto trimestres. Precisa, que con los datos de los IMACEC implícitos en el segundo trimestre, se calc"
"RPM-2009-07-09:2620:3","2620","2009-07-09","Manuel Marfán Lewis","e611ef3356548583595b03df69171560fcb709993d93950cf89975ce51d4a8bd","COMA_ANTES_DE_OTRO_ACTOR_EN_PADRE","MISMO_PADRE_OTRO_ACTOR","True","","CANDIDATO_NO_ADJUDICADO","","evó considerablemente y que, incluso, este muchas veces ha quedado obsoleto antes de un mes. En su opinión, ahora se debería abandonar el escenario de crecimiento del IPoM, y consulta si el staff Wer\e alguna percepción en el mismo sentido,","a lo cual el señor Pablo García señala que, a su juicio, es lo que correspondería hacer y precisa que la pregunta relevante es si ello se quiere transmitir o no."
"RPM-2009-07-09:2621:1","2621","2009-07-09","José De Gregorio Rebeco","8ae121f3ce2f6963488d5e78cc926d9c3bdf1d4bf2de6509723d6ce8ef5d5901","COMA_ANTES_DE_OTRO_ACTOR_EN_PADRE","MISMO_PADRE_OTRO_ACTOR","True","","CANDIDATO_NO_ADJUDICADO","","El Presidente consulta asimismo, acerca de la cifra de la Encuesta de Expectativas para el presente trimestre,","a lo cual el señor Pablo García responde que asciende a -3,5%,"
"RPM-2009-07-09:2621:2","2621","2009-07-09","Pablo García Silva","04072e146768da35944b3df64f2e7ef6d26f6882db2bf14af92a66238674f6ee","COMA_ANTES_DE_OTRO_ACTOR_EN_PADRE","MISMO_PADRE_OTRO_ACTOR","True","","CANDIDATO_NO_ADJUDICADO","","a lo cual el señor Pablo García responde que asciende a -3,5%,","y el señor Claudio Soto agrega que esta se corrigió de -1 a -5% para el año."
"RPM-2009-07-09:2622:3","2622","2009-07-09","Claudio Soto Gamboa","a3d1da0c0ab040726d51ee90ba4ea303ff465ad9ef5c1b107bbb55f3ec3201c8","COMA_ANTES_DE_OTRO_ACTOR_EN_PADRE","MISMO_PADRE_OTRO_ACTOR","True","","CANDIDATO_NO_ADJUDICADO","","El señor Claud io Soto precisa que se trata de 7,3%,","a lo cual el Presidente señala que es más fuerte aún y que le llama la atención que ese -4,8% sea menor que el -2,1% contemplado en el Informe del primer trimestre ."
"RPM-2009-07-09:2622:5","2622","2009-07-09","Pablo García Silva","f6b31c726c66ec63335467c2b38537bd369623755af36ccf7378e484fdde925a","OTRO_FINAL_SIN_PUNTUACION","MISMO_PADRE_OTRO_ACTOR","True","","CANDIDATO_NO_ADJUDICADO","","El Gerente de División Estudios aclara que se trata de las velocidades","y el Gerente de Anális is Macroeconómico agrega que las variaciones trimestre a trimestre hay que multiplicarlas por cuatro para sacar las velocidades."
"RPM-2009-07-09:2623:3","2623","2009-07-09","Manuel Marfán Lewis","54dcb4fae3524121bc2f2243ca5a396b4d9f0e1ff199eb29b75bfe6ecb83730d","COLA_BREVE_TRAS_PUNTUACION","MISMO_PADRE_OTRO_ACTOR","True","","CANDIDATO_NO_ADJUDICADO","","eresante conocer su duración, ya que las variaciones de inventarios no pueden ser permanentes. Agrega, que si se tiene una desacumulación de inventarios no deseada, entonces se debería esperar un crecimiento de la industria, no una caída. r","El señor Pablo García responde que algunos antecedentes sugieren que en el segundo trimestre podría darse un cierto crecimiento. A modo de ejemplo, señala que las exportaciones industriales, sin considerar la situación de los salmones, deja"
"RPM-2009-07-09:2624:2","2624","2009-07-09","Claudio Soto Gamboa","f8ed56095512dd302b027cc2a5b767bd91058b8e03f917bcb20055835ac227f7","COMA_ANTES_DE_OTRO_ACTOR_EN_PADRE","MISMO_PADRE_OTRO_ACTOR","True","","CANDIDATO_NO_ADJUDICADO","","es subyacentes, como el IPCX1, tuvieron variaciones negativas en el mes, de -0,2%. A una consulta formulada por el Ministro de Hacienda, el señor Claudio Soto responde que el IPC en doce meses alcanzó a estar solo un mes dentro de la banda,","a lo cual el Presidente señor José De Gregorio agregó que el Banco considera que el promedio sea de 3%, por lo que habría que compensar un 9,9%."
"RPM-2009-07-09:2626:1","2626","2009-07-09","José De Gregorio Rebeco","2087a4af8ef6ff0782b74f39a6fcbeb14a4cfc058428c80e9865354e91e7076d","COMA_ANTES_DE_OTRO_ACTOR_EN_PADRE","MISMO_PADRE_OTRO_ACTOR","True","","CANDIDATO_NO_ADJUDICADO","","s tasas de interés de los créditos de consumo, que se redujeron a todos los plazos, especialmente, las de a más de tres años que disminuyeron entre 90 y 120pb. Añade, que las tasas de interés de las colocaciones comerciales cayeron bajo 6%,","a lo cual el Gerente de División Política Financiera especifica que esa reducción se refiere a esos antecedentes respecto de la última Reunión."
"RPM-2009-07-09:2627:2","2627","2009-07-09","José De Gregorio Rebeco","8822c6c8bb1652070c321631306b5928d0a51cecebc902e577018da6c082ae09","COMA_ANTES_DE_OTRO_ACTOR_EN_PADRE","MISMO_PADRE_OTRO_ACTOR","True","","CANDIDATO_NO_ADJUDICADO","","as del BCP-5, y sería deseable sujetarlas a la trayectoria de esa tasa lo que estima de relevancia obtener. Asimismo, consulta acerca de la fecha en que se difundirá la Encuesta de Crédito, por proporcionar información muy útil al respecto,","a lo cual el señor Kevin Cowan indica que la encuesta se efectuó la última semana de junio, por lo que se dispondrá de ella dentro de dos semanas."
"RPM-2009-07-09:2628:3","2628","2009-07-09","Andrés Velasco Brañes","4bc4745fb01a6bc8973998ad652ac859a938a9833913e5ac366723810d63d47b","COMA_ANTES_DE_OTRO_ACTOR_EN_PADRE","MISMO_PADRE_OTRO_ACTOR","True","","CANDIDATO_NO_ADJUDICADO","","El Ministro de Hacienda consulta acerca de cómo se define una anomalía,","a lo cual el Gerente de División Estudios responde que se trata de un residuo positivo que se infiere de la trayectoria implícita para la Tasa de Política Monetaria en adelante en la curva forward y por las medidas de riesgo que vienen dada"
"RPM-2009-07-09:2635:1","2635","2009-07-09","José De Gregorio Rebeco","6e2be6094e9d17fdc537ed92c3cc69ad75df6cc9a07d87660faf26306f2448c9","COMA_ANTES_DE_OTRO_ACTOR_EN_PADRE","MISMO_PADRE_OTRO_ACTOR","True","","CANDIDATO_NO_ADJUDICADO","","El Presidente señor José De Gregorio afirma que los porcentajes mencionados corresponden al promedio, por lo que estima que la mediana es más baja,","a lo cual el señor Claudio Soto confirma lo expuesto en cuanto a que se trata de los promedios. En general, acota, que las expectativas de inflación de esta fecha a un año son bajas y que en la Encuesta de Expectativas a dos años se sitúa e"
"RPM-2009-07-09:2635:3","2635","2009-07-09","José De Gregorio Rebeco","eb2d2b16908b31098b2574fb9c29fe34f94e8a8b5ee2313663016c17dd26977b","COMA_ANTES_DE_OTRO_ACTOR_EN_PADRE","MISMO_PADRE_OTRO_ACTOR","True","","CANDIDATO_NO_ADJUDICADO","","El Presidente señor José De Gregorio plantea que con los nuevos benchmarks la curva ha sido mucho más elevada que la forward que se deriva como modelo,","a lo cual el Gerente de División Estudios indica que ello es efectivo, pero que la dirección del diagnóstico es la misma, esto es, que si se hubiera aplanado la curva forward, se habría generado un problema."
"RPM-2009-07-09:2637:4","2637","2009-07-09","Jorge Desormeaux Jiménez","e6d350d7e5f8a9e3d44344c0bed30347673e0bed8dcb200bcf5a7c39f6a907a2","COMA_ANTES_DE_OTRO_ACTOR_EN_PADRE","MISMO_PADRE_OTRO_ACTOR","True","","CANDIDATO_NO_ADJUDICADO","","En primer término, el Vicepresidente, señor Jorge Desormeaux, consulta acerca de las razones por las cuales la Encuesta de Expectativas arroja una diferencia de 100 pb con respecto de la forward al final de la proyección,","a lo cual el Gerente de División Estudios, señor Pablo García, responde que se trata de una razón relacionada con la curva forward, ya que en razón del bajo nivel de la Tasa de Política Monetaria, se genera la incertidumbre respecto de que "
"RPM-2009-07-09:2644:1","2644","2009-07-09","José De Gregorio Rebeco","4198404d7b294282498723d804832636c71443eee617338837a714d4ccf1c683","COMA_ANTES_DE_OTRO_ACTOR_EN_PADRE","MISMO_PADRE_OTRO_ACTOR","True","","CANDIDATO_NO_ADJUDICADO","","El Presidente concede la palabra al Gerente de Investigación Económica, señor Luis Felipe Céspedes,","quien comienza su exposición señalando que así como fue discutido en la sesión de la mañana y tal como lo indica la Minuta de Opciones, es necesario imprimir un impulso monetario adicional al ya contemplado en el escenario central del IPoM "
"RPM-2009-08-13:2661:1","2661","2009-08-13","Andrés Velasco Brañes","3a042fc9dd0c55ad30e84b25c04b217b64a40fdaf7279560e4ad198ce4acf886","COMA_ANTES_DE_OTRO_ACTOR_EN_PADRE","MISMO_PADRE_OTRO_ACTOR","True","","CANDIDATO_NO_ADJUDICADO","","El Ministro de Hacienda pregunta si la ponderación entre países latinoamericanos también es a PPP,","a lo cual el señor Lehmann responde que para efectos de las agrupaciones también lo es a PPP. En el caso del año 2010, añade que las revisiones son bien marginales y bastante homogéneas en el grupo de países presentados"
"RPM-2009-08-13:2661:2","2661","2009-08-13","Sergio Lehmann Beresi","66f01abc625a3b2f50ccd769a31ee5748559880590b24caf54fdef25c6708926","OTRO_FINAL_SIN_PUNTUACION","MISMO_PADRE_OTRO_ACTOR","True","","CANDIDATO_NO_ADJUDICADO","","a lo cual el señor Lehmann responde que para efectos de las agrupaciones también lo es a PPP. En el caso del año 2010, añade que las revisiones son bien marginales y bastante homogéneas en el grupo de países presentados","El Vicepresidente, señor Jorge Desormeaux, solicita al Gerente de Análisis Internacional que explique cómo se estimaron las cifras del año 2010 que está presentando, porque los bancos de inversión no solo hablan de cifras superiores a 3% pa"
"RPM-2009-08-13:2661:5","2661","2009-08-13","Jorge Desormeaux Jiménez","6046b0391fac21457e9e5ef82e829046d472063e2b6edc1f79679c0bd26e48fb","COMA_ANTES_DE_OTRO_ACTOR_EN_PADRE","MISMO_PADRE_OTRO_ACTOR","True","","CANDIDATO_NO_ADJUDICADO","","El señor Desormeaux acota que hay que tomar debida nota de que en las últimas dos o tres semanas ha habido un cambio de sentimiento significativo, que no está considerado en el Informe del FMI,","acotación que es confirmada por el señor Lehmann."
"RPM-2009-08-13:2661:8","2661","2009-08-13","Andrés Velasco Brañes","bbb51b0c325056af3a4b2d5496fd846e74d18b15127896a0fd4dedc3118a7638","COMA_ANTES_DE_OTRO_ACTOR_EN_PADRE","MISMO_PADRE_OTRO_ACTOR","True","","CANDIDATO_NO_ADJUDICADO","","El Ministro señor Velasco pregunta qué relación tienen los flujos del mercado laboral con la productividad,","a lo cual el Presidente señor De Gregorio responde que, dado que la PTF es un residuo, el flujo de inmigración tiene que ver con la composición de la fuerza de trabajo, con el capital humano. Explica que si los inmigrantes tienen habilidade"
"RPM-2009-08-13:2661:10","2661","2009-08-13","Andrés Velasco Brañes","9cb42f03c4119b8824e5be837f46fb80fd8df927b10dc03358ef027db3072c8a","COMA_ANTES_DE_OTRO_ACTOR_EN_PADRE","MISMO_PADRE_OTRO_ACTOR","True","","CANDIDATO_NO_ADJUDICADO","","El efecto debiera ser menor y al revés, acota el Ministro,","y el señor Lehmann complementa que será necesario afinar el análisis."
"RPM-2009-08-13:2664:2","2664","2009-08-13","Pablo García Silva","d3a747e7ed7c257811e571924b3e595c7155da5eddb2286676eaf0db2e2eff61","COMA_ANTES_DE_OTRO_ACTOR_EN_PADRE","MISMO_PADRE_OTRO_ACTOR","True","","CANDIDATO_NO_ADJUDICADO","","El Gerente de División de Estudios responde que ello obedece a que hay un cambio de la frecuencia del eje del gráfico, que primero va mes a mes y luego año a año,","a lo cual el señor Lehmann acota que es un tema visual."
"RPM-2009-08-13:2666:2","2666","2009-08-13","Andrés Velasco Brañes","cd0eb90d9da7435bd40f782e83ee5d5b3b6a37cf22cb9d2e6d27a2c5c384ba5c","COMA_ANTES_DE_OTRO_ACTOR_EN_PADRE","MISMO_PADRE_OTRO_ACTOR","True","","CANDIDATO_NO_ADJUDICADO","","El Ministro consulta si esos rendimientos son de bonos del gobierno o si hay algún riesgo de premio privado,","a lo cual el señor Lehmann responde que existen tasas de nesgo a distintos periodos En todo caso, el Gerente señor Lehmann hace presente que lo que se está observando es que las pendientes de las curvas han estado subiendo y que el aumento "
"RPM-2009-08-13:2667:1","2667","2009-08-13","Andrés Velasco Brañes","2c6daf19f501f0bcab0ab285c2bcf66b2a44967e27cad72ce3635f9ea2f43136","COMA_ANTES_DE_OTRO_ACTOR_EN_PADRE","MISMO_PADRE_OTRO_ACTOR","True","","CANDIDATO_NO_ADJUDICADO","","El señor Ministro de Hacienda consulta si estas empresas son las usuarias de cobre en Chile o fuera de Chile,","a lo cual el Gerente de Análisis Internacional responde que cada uno de los países se pondera por el consumo de cobre correspondiente, y el Gerente de"
"RPM-2009-08-13:2667:2","2667","2009-08-13","Sergio Lehmann Beresi","3abe4c2e2c72c536f272b1f287b769ee7e986943153ac73a6695700bbbe2c040","TERMINO_FUNCIONAL_ABIERTO","MISMO_PADRE_OTRO_ACTOR","False","TEXTO_DANADO_POR_COTEJAR","CANDIDATO_NO_ADJUDICADO","","a lo cual el Gerente de Análisis Internacional responde que cada uno de los países se pondera por el consumo de cobre correspondiente, y el Gerente de","Al continuar con la exposición sobre consumo, el Gerente de Análisis Macroeconómico indica que, respecto de julio, el dato que más sobresale es el de importaciones, haciendo el alcance que ello obedece a una circunstancia bastante puntual, "
"RPM-2009-08-13:2670:1","2670","2009-08-13","José De Gregorio Rebeco","ca5c614a26a676224e94c62ccc14dc25f6bd8491611e471ef762695e7938407b","COMA_ANTES_DE_OTRO_ACTOR_EN_PADRE","MISMO_PADRE_OTRO_ACTOR","True","","CANDIDATO_NO_ADJUDICADO","","El Presidente De Gregorio pregunta en cuánto cerrará el cuarto trimestre,","a lo cual el Gerente de División de Estudios responde que si se hace un ejercicio muy simple, que es mantener la velocidad registrada en junio para todos los meses del segundo semestre, que fue de 0,7%, la variación anual sería cercana a -1"
"RPM-2009-08-13:2671:2","2671","2009-08-13","Pablo García Silva","99380ba2c90a2b1ab730719724fb67f8dea49b6c8cbee6387b0be03b5344c7e1","COMA_ANTES_DE_OTRO_ACTOR_EN_PADRE","MISMO_PADRE_OTRO_ACTOR","True","","CANDIDATO_NO_ADJUDICADO","","nda sobre mayores antecedentes de este último, el Gerente de División de Estudios indica que la dinámica del año 1999 fue similar, cuando se produjo un aumento en el empleo por cuenta propia al mismo tiempo que el asalariado estaba cayendo,","a lo cual el señor Claudio Soto agrega que en 1998 se registró un alto nivel de servicios comunales, el que se repite ahora, conforme lo indica el último dato disponible."
"RPM-2009-08-13:2673:1","2673","2009-08-13","Enrique Marshall Rivera","88b2f32eb33ba673cee146e993967f4745a76ce860d4ea01531096150eaa3957","COMA_ANTES_DE_OTRO_ACTOR_EN_PADRE","MISMO_PADRE_OTRO_ACTOR","True","","CANDIDATO_NO_ADJUDICADO","","El Consejero señor Enrique Marshall pregunta si los trabajadores por cuenta propia son vendedores ambulantes o si pertenecen a otros sectores,","a lo cual el señor Claudio Soto responde que los datos indican que un porcentaje importante corresponde al sector comercio, que lógicamente puede incluir a los vendedores ambulantes, pero que también pertenecen al sector agrícola e, incluso"
"RPM-2009-08-13:2680:2","2680","2009-08-13","Consejo del Banco Central de Chile","49974e35f85207f14b1910d20e7b1c4e1dc7c9f10802ffb62038ee5a2b974d11","COMA_ANTES_DE_OTRO_ACTOR_EN_PADRE","MISMO_PADRE_OTRO_ACTOR","False","TEXTO_DANADO_POR_COTEJAR","CANDIDATO_NO_ADJUDICADO","","Siendo las 16; 15 horas, se reanuda la Sesión de Política Monetaria N° 141,","y el señor Presidente ofrece la palabra al Gerente de División Estudios, señor Pablo García, para que presente las Opciones de Política Monetaria para esta Reunión."
"RPM-2009-09-08:2692:1","2692","2009-09-08","José De Gregorio Rebeco","3f75cc46807ac13a8bf08fb88e6afb8c877e6aab252ee16f75c64f6fb073a7eb","COMA_ANTES_DE_OTRO_ACTOR_EN_PADRE","MISMO_PADRE_OTRO_ACTOR","True","","CANDIDATO_NO_ADJUDICADO","","El Presidente De Gregorio consulta por el nivel normal de los inventarios en el mercado del cobre,","respondiendo el señor Lehmann que estos han bordeado las 200 mil toneladas métricas, lo que es históricamente bajo en relación con lo observado en la primera mitad de esta década y en los 90, cuando eran cercanos a 600 mil toneladas métrica"
"RPM-2009-09-08:2695:1","2695","2009-09-08","José De Gregorio Rebeco","f68239dcff4595bf2c2a2966da700fa81bf6af296d61e72887ed85bfcb19501e","COLA_BREVE_TRAS_PUNTUACION","MISMO_PADRE_OTRO_ACTOR","False","TEXTO_DANADO_POR_COTEJAR","CANDIDATO_NO_ADJUDICADO","","El Presidente, señor José De Gregorio, agradece los comentarios y solicita al Gerente Análisis Macroeconómico, señor Claudio Soto, que exponga la información relativa al escenario interno. X -","El señor Claudio Soto da inicio a su exposición, mencionando que el dato del Imacec, de -2,7%, estuvo más o menos en línea con lo proyectado, recalcando que por tercer mes consecutivo se tuvo una variación positiva mes a mes en la serie des"
"RPM-2009-09-08:2696:2","2696","2009-09-08","Jorge Desormeaux Jiménez","47b3650b99d6d4f35a2f494064ebb85ce721ff1f0b468b2db169b98a27a9fed3","COMA_ANTES_DE_OTRO_ACTOR_EN_PADRE","MISMO_PADRE_OTRO_ACTOR","True","","CANDIDATO_NO_ADJUDICADO","","Al respecto, el señor Vicepresidente hace presente que la huelga de Aduanas pudo haber afectado esos datos,","a lo cual el señor Soto aclara que, en materia de importaciones, siempre hay bastante volatilidad, debiendo subrayarse que los últimos datos son claramente mejores que los observados a comienzos de año. En materia de percepción de los empre"
"RPM-2009-09-08:2696:4","2696","2009-09-08","José De Gregorio Rebeco","c353b790168cfc34acbcb3c6142aa8f4877c75fd31b581a1d246f9d6a460f45d","COMA_ANTES_DE_OTRO_ACTOR_EN_PADRE","MISMO_PADRE_OTRO_ACTOR","True","","CANDIDATO_NO_ADJUDICADO","","Respecto de la velocidad, el señor Presidente señala entender que se han tenido variaciones trimestrales negativas durante cuatro trimestres seguidos, es decir, a partir del segundo del 2008,","a lo cual el señor Claudio Soto menciona que el -1,6% corresponde a una variación positiva del orden de 6%. Por el lado de la demanda, el señor Gerente de Análisis Macroeconómico informa que hay una acumulación de existencias que se va corr"
"RPM-2009-09-08:2696:5","2696","2009-09-08","Claudio Soto Gamboa","fe769356065103e523aa73a5166fb32aa27fbad1f84c68c8221a779e93e912ca","COMA_ANTES_DE_OTRO_ACTOR_EN_PADRE","MISMO_PADRE_OTRO_ACTOR","True","","CANDIDATO_NO_ADJUDICADO","","existencias que se va corrigiendo de aquí hacia fines del horizonte. Recalca que en el presente trimestre se produce una desacumulación de existencias respecto del PIB más intensa, estimándose que esta sería menos aguda de aquí en adelante,","El Consejero señor Manuel Marfán consulta qué ocurre con la demanda interna sin la variación de existencias."
"RPM-2009-09-08:2697:1","2697","2009-09-08","Claudio Soto Gamboa","6649cbba35dadaaad2a829330cebc3a72454fabbab247577661194d65a8d9259","COMA_ANTES_DE_OTRO_ACTOR_EN_PADRE","MISMO_PADRE_OTRO_ACTOR","True","","CANDIDATO_NO_ADJUDICADO","","ue son los sectores resto. De esta manera, las variaciones anuales de los salarios reales siguen creciendo y, medidos de acuerdo con los patrones de producción pasada, están en niveles comparables con los observados entre el 2004 y el 2007,","Al respecto, el Consejero señor Sebastián Claro comenta que la evolución de los salarios reales se relaciona claramente con la caída muy fuerte de la inflación y con los procesos de indexación de los salarios nominales, los que han seguido "
"RPM-2009-09-08:2699:2","2699","2009-09-08","Manuel Marfán Lewis","01a2fcae9f98652f23b263258d62d145a27eb1aefd06ff6f05b52430deef7b11","COMA_ANTES_DE_OTRO_ACTOR_EN_PADRE","MISMO_PADRE_OTRO_ACTOR","True","","CANDIDATO_NO_ADJUDICADO","","El Consejero señor Marfán señala que, de todas maneras, los salarios tienden a converger a la evolución de la productividad en el largo plazo,","a lo que el señor Ministro agrega que el problema es si el largo plazo son doce meses o doce años, ya que el salario real quedó sorprendentemente alto y la tasa de desempleo quedó sorprendentemente alta también por un periodo muy largo, por"
"RPM-2009-09-08:2704:2","2704","2009-09-08","José De Gregorio Rebeco","972f2d47a86aee77dd92305c28f980435160e05e68f193be5956794a9f29cd9e","COMA_ANTES_DE_OTRO_ACTOR_EN_PADRE","MISMO_PADRE_OTRO_ACTOR","True","","CANDIDATO_NO_ADJUDICADO","","Es decir, no es problema de demanda, consulta el señor Presidente,","a lo cual el señor de Ramón manifiesta que no se puede concluir, necesariamente, que spreads más bajos y colocaciones estancadas sea un problema de demanda. Podría ser que subsistan los problemas de oferta de los bancos, que solamente han a"
"RPM-2009-09-08:2704:4","2704","2009-09-08","Enrique Marshall Rivera","57b1c89e3e6054cb7cda574be55d11f8cc6459f6b34d1681b914649a9a780266","COMA_ANTES_DE_OTRO_ACTOR_EN_PADRE","MISMO_PADRE_OTRO_ACTOR","True","","CANDIDATO_NO_ADJUDICADO","","El Consejero señor Marshall aclara que la Superintendencia de Bancos entregó una cifra hace un par de semanas que mostraba un cierta estabilización en el margen,","lo cual es confirmado por el señor Claudio Soto."
"RPM-2009-09-08:2705:3","2705","2009-09-08","Claudio Soto Gamboa","50fb997dffcec62c9d0c0023689af095af75701c090f27951a5513b3781301f6","COMA_ANTES_DE_OTRO_ACTOR_EN_PADRE","MISMO_PADRE_OTRO_ACTOR","True","","CANDIDATO_NO_ADJUDICADO","","gregados más líquidos. Respecto de las expectativas de mercado, la encuesta será dada a conocer al día siguiente. Respecto de las expectativas de inflación, el señor Soto indica que se observa un significativo aumento en las compensaciones,","lo cual, a juicio del señor Presidente, es muy curioso de analizar, ya que se venía de un periodo anterior al año 2007, en el que todas las compensaciones se movían en torno a 3%, y hoy día la volatilidad ha persistido por dos años, lo que "
"RPM-2009-10-13:2723:1","2723","2009-10-13","Jorge Desormeaux Jiménez","5fe28c2c80132c24b42bbec6e41c391c533ec5f548ce0dee5ff3d5251bd68df5","COMA_ANTES_DE_OTRO_ACTOR_EN_PADRE","MISMO_PADRE_OTRO_ACTOR","True","","CANDIDATO_NO_ADJUDICADO","","omenta que el trasfondo de ello es que la salida de la crisis no será tan coordinada, por lo que van a producirse cierres de holguras más rápidos en el mundo emergente, a diferencia de las economías desarrolladas en que se centró la crisis,","lo cual es confirmado por el señor Lehmann."
"RPM-2009-10-13:2725:2","2725","2009-10-13","Sebastián Claro Edwards","6e9879f583fc36a785186547bd98e7cbd013b6ac2a2856247cad9d9ab2b7bd17","OTRO_FINAL_SIN_PUNTUACION","MISMO_PADRE_OTRO_ACTOR","True","","CANDIDATO_NO_ADJUDICADO","","as reservas e incentiva a los bancos a mantenerlas, el tamaño de su balance no va a disminuir. Por lo tanto, no necesariamente debiera reducirse el tamaño del balance en forma acelerada a medida que la política monetaria sea más contractiva","El señor Lehmann confirma que asi es, agregando que visitó la FED hace unas semanas y que su percepción en materia de tamaño de balance es que probablemente no van a producirse mayores cambios en el corto ni en el mediano plazo. De hecho, l"
"RPM-2009-10-13:2726:1","2726","2009-10-13","Manuel Marfán Lewis","1f93e0ae3a25cac7240e0b3167a34f5a648b914092f0de4d3fe9343361b946eb","COMA_ANTES_DE_OTRO_ACTOR_EN_PADRE","MISMO_PADRE_OTRO_ACTOR","True","","CANDIDATO_NO_ADJUDICADO","","El Consejero señor Manuel Marfán consulta si los spreads que reflejaban interés por liquidez siguen desalineados,","a lo cual el señor Lehmann responde que los spreads Libor OIS a un mes están bastante estables, muy similares a los niveles previos a la crisis. En cambio, los spreads a seis meses exhiben discrepancias. El spread histórico entre la tasa de"
"RPM-2009-10-13:2738:1","2738","2009-10-13","Claudio Soto Gamboa","4c03ea6e504f2ccff43015665d3fc491ef56fe8da48ebca98c432954e2f670c7","COMA_ANTES_DE_OTRO_ACTOR_EN_PADRE","MISMO_PADRE_OTRO_ACTOR","True","","CANDIDATO_NO_ADJUDICADO",""," su precio debería registrar un aumento importante. Por otra parte, respecto de los bienes perecibles, el señor Claudio Soto informa que tendría lugar la estacionalidad acostumbrada en materia de reducciones de precios de aquí a fin de año,","comentando el Presidente, señor José De Gregorio, que en septiembre se presentó un shock usual, de 11,3%."
"RPM-2009-10-13:2740:3","2740","2009-10-13","Claudio Soto Gamboa","5ed7b351bebbb253ac9b21f88d42a09ebb1d00a853f48d929d9cfc58e69e8904","COMA_ANTES_DE_OTRO_ACTOR_EN_PADRE","MISMO_PADRE_OTRO_ACTOR","True","","CANDIDATO_NO_ADJUDICADO","","El señor Soto responde que hay antecedentes de salidas al exterior de las AFP para invertir, las que se están produciendo desde hace algunas semanas y que podrían coadyuvar a explicar lo que está sucediendo,","acotando el señor Velasco que, entonces, correspondería estimar que luego que las AFP liquidaran sus inversiones en el exterior, se ha producido un progresivo retorno a esta clase de inversiones, pero muy por debajo de los límites máximos d"
"RPM-2009-10-13:2743:1","2743","2009-10-13","Jorge Desormeaux Jiménez","33b5119e43771496178bf0c6a347d353b423a93f5224b114bc10d27206bdc2f4","COMA_ANTES_DE_OTRO_ACTOR_EN_PADRE","MISMO_PADRE_OTRO_ACTOR","True","","CANDIDATO_NO_ADJUDICADO","","El señor Jorge Desormeaux comenta que el señor Pablo García mencionaba la semana anterior que, al final, la responsable de este fenómeno es la propia política monetaria,","a lo cual el señor Ministro acota que, al final, el arbitraje cuenta."
"RPM-2009-11-12:2765:4","2765","2009-11-12","José De Gregorio Rebeco","eb30ab85a97c012a2cc5bb2c6f5a8b01a44cfae490d200e5485264aabb9e06aa","COMA_ANTES_DE_OTRO_ACTOR_EN_PADRE","MISMO_PADRE_OTRO_ACTOR","True","","CANDIDATO_NO_ADJUDICADO","","Respecto del comentario del señor Claro, el señor Presidente afirma que el aumento de la tasa de ahorro es un síntoma de desapalancamiento,","y el señor Vicepresidente complementa que la caída de riqueza que permanece es la de la vivienda, porque el mercado accionario ha recuperado alguna parte de lo perdido."
"RPM-2009-11-12:2768:1","2768","2009-11-12","José De Gregorio Rebeco","c7e40216768bdfe9aba1ceab7df4cfd3a0c94329fb6885f1d1fd202441556fb5","OTRO_FINAL_SIN_PUNTUACION","MISMO_PADRE_OTRO_ACTOR","True","","CANDIDATO_NO_ADJUDICADO","","El señor Presidente comparte la inquietud del señor Claro","y el señor Sergio Lehmann agrega que seria útil contar con el precio de los commodities en otras monedas para la próxima Reunión. El señor Gerente de Análisis Internacional destaca que algo que ha sorprendido respecto a lo que se tenia en e"
"RPM-2009-11-12:2771:1","2771","2009-11-12","José De Gregorio Rebeco","acb0fa47648c2daa1f081bfd3f74efb18642e7c2a51f1fa82ec74904b7fc944c","COMA_ANTES_DE_OTRO_ACTOR_EN_PADRE","MISMO_PADRE_OTRO_ACTOR","True","","CANDIDATO_NO_ADJUDICADO","","El señor Presidente comenta que el sector industria está peor o igual y que construcción está peor,","a lo cual el señor Vicepresidente añade que construcción está basada en el catastro de septiembre, y este, a su vez, en la encuesta y en la información de agosto, por lo que no sería raro que tal vez la próxima lectura del catastro haga una"
"RPM-2009-11-12:2776:3","2776","2009-11-12","José De Gregorio Rebeco","46dfbd7f2a3d36255e1e7380453482e127252707dc8009cd2f51f309b81a6004","OTRO_FINAL_SIN_PUNTUACION","MISMO_PADRE_OTRO_ACTOR","True","","CANDIDATO_NO_ADJUDICADO","","o complementa lo anterior, señalando que en países de Asia y de Europa, que están relativamente en buen pie, se contempla que la recuperación va a ser lenta el próximo año, lo que es, de cierta manera, incoherente con este cierre de brechas","El Consejero señor Manuel Marfán menciona que muchas veces ocurre que ante fenómenos que están muy encima, no se sabe si ellos son un problema puramente temporal o si son un fenómeno macroeconómico. Señala que en el caso del mes de septiemb"
"RPM-2009-11-12:2779:2","2779","2009-11-12","Claudio Soto Gamboa","55c9f087737a28fe3a3908e8bb6e82e1d67956ad23cecec015c8d8c041aedcb5","COMA_ANTES_DE_OTRO_ACTOR_EN_PADRE","MISMO_PADRE_OTRO_ACTOR","False","FRAGMENTO_BREVE","CANDIDATO_NO_ADJUDICADO","","El señor Soto asiente,","mientras que el Consejero señor Enrique Marshall responde que ello contradice totalmente lo que se mostró en materia de construcción. En su opinión, en este sector se puede demostrar el empleo asalariado, ya que por empleo por cuenta propia"
"RPM-2009-11-12:2785:1","2785","2009-11-12","Sebastián Claro Edwards","d59cbcd931c75d94e999fe2ecd5ffc78f8ab5c168021c0ed57a4403ae76ede3d","COMA_ANTES_DE_OTRO_ACTOR_EN_PADRE","MISMO_PADRE_OTRO_ACTOR","True","","CANDIDATO_NO_ADJUDICADO",""," de depreciación deberán ir acompañadas de tasas en UF mayores Luego, se pasa de una situación con expectativas reales de depreciación cercanas a cero, por poner algún benchmark, a una con expectativas de depreciación reales algo positivas,","a lo cual, el señor Claudio Soto responde que no es claro que existan expectativas de depreciación real. El Gerente de Análisis Macroeconómico retoma su presentación, refiriéndose a las colocaciones. Al respecto, indica que la curva de las "
"RPM-2009-11-12:2788:4","2788","2009-11-12","José De Gregorio Rebeco","42f2e265b8e5ce334d1972ad329ab2724b5ae0d0f9884b9b0b4651d7e260a256","OTRO_FINAL_SIN_PUNTUACION","MISMO_PADRE_OTRO_ACTOR","True","","CANDIDATO_NO_ADJUDICADO","","El Presidente, señor José De Gregorio, ofrece la palabra al Gerente de División Estudios Subrogante, señor Claudio Soto, para que presente las Opciones de Política Monetaria para esta Reunión","El señor Gerente de División Estudios Subrogante recuerda que, en su Reunión mensual de política monetaria de octubre, el Consejo del Banco Central de Chile acordó mantener la TPM en 0,50% anual, como también continuar aplicando las medidas"
"RPM-2009-12-15:2803:1","2803","2009-12-15","Consejo del Banco Central de Chile","cec3b1d28f83cc7779fb354fc270211f692e9c375b8dc9e5a18ff69d13b5913c","COMA_ANTES_DE_OTRO_ACTOR_EN_PADRE","MISMO_PADRE_OTRO_ACTOR","True","","CANDIDATO_NO_ADJUDICADO","","trategia y Comunicación de Política Monetaria, don Enrique Orellana Cifuentes; Asesor del Ministerio de Hacienda, don Igal Magendzo Weinberger; Economista Señor, doña Erika Arraño González; y la Secretario General, doña Marlys Pabst Cortés,","El Presidente, señor José De Gregorio, junto con dar inicio a la Reunión de Política Monetaria N° 147, señala que, de conformidad con el Reglamento que rige estas Sesiones, fija la Reunión de Política Monetaria correspondiente al mes de jun"
"RPM-2009-12-15:2805:1","2805","2009-12-15","Sergio Lehmann Beresi","8deaefa70ee718d629008d3ad8a5e5ff83c5d41cade2095f5f310fc4f0448cb6","OTRO_FINAL_SIN_PUNTUACION","MISMO_PADRE_OTRO_ACTOR","True","","CANDIDATO_NO_ADJUDICADO",""," en Estados Unidos, tanto de aquellas a 10 años y de forma algo más marginal en las a 2 años, asociado al indicador de actividad algo más optimista que el esperado, mientras que en la zona Euro las tasas largas muestran bastante estabilidad","El Consejero señor Manuel Marfán consulta cuál es la diferencia entre la tasa de política monetaria (TPM) objetivo y la tasa efectiva,"
"RPM-2009-12-15:2805:2","2805","2009-12-15","Manuel Marfán Lewis","8e411af76116d1c22ea2661e57754a8db3125879a217511555affef0c96d4880","COMA_ANTES_DE_OTRO_ACTOR_EN_PADRE","MISMO_PADRE_OTRO_ACTOR","True","","CANDIDATO_NO_ADJUDICADO","","El Consejero señor Manuel Marfán consulta cuál es la diferencia entre la tasa de política monetaria (TPM) objetivo y la tasa efectiva,","a lo cual el señor Sergio Lehmann explica que esta última corresponde a la tasa overnight interbancaria. Agrega que ella ha estado en un nivel intermedio del rango definido para la tasa objetivo de la Reserva Federal (FED), aclarando que es"
"RPM-2009-12-15:2805:4","2805","2009-12-15","Manuel Marfán Lewis","7c0320192bdcb7203c5d73d27370210e39d85e549e9b9969136fcf1aad8a34c1","COMA_ANTES_DE_OTRO_ACTOR_EN_PADRE","MISMO_PADRE_OTRO_ACTOR","True","","CANDIDATO_NO_ADJUDICADO","","El señor Marfán manifiesta que no tiene sentido que el Banco Central Europeo (BCE) establezca que su tasa de interés es de 1% y que la baje cuando resulta redundante,","a lo cual el Gerente de División Estudios, señor Pablo García, menciona que el BCE ha mantenido esta disociación entre tener una tasa objetivo de 1% y validar tasas de mercado bastante más bajas que eso."
"RPM-2009-12-15:2807:1","2807","2009-12-15","Enrique Marshall Rivera","6f7b84989d16c5a1592c530a21321634ad38e2c3dff94522d987db3f0b74e3a4","COMA_ANTES_DE_OTRO_ACTOR_EN_PADRE","MISMO_PADRE_OTRO_ACTOR","True","","CANDIDATO_NO_ADJUDICADO","","El Consejero señor Enrique Marshall comenta que lo mismo le ocurre al Banco Central de Chile, ya que la tasa está en 0,5%, pero en 0,35% efectivamente,","a lo cual el señor de Ramón añade que ello se debe a que el Banco también ha sido expansivo."
"RPM-2009-12-15:2808:1","2808","2009-12-15","Manuel Marfán Lewis","f8d4848c95ea3e51d44b1211e3cfb9dc867d5e9d6e684037c771719998b5e104","COMA_ANTES_DE_OTRO_ACTOR_EN_PADRE","MISMO_PADRE_OTRO_ACTOR","True","","CANDIDATO_NO_ADJUDICADO","","El Consejero señor Manuel Marfán solicita que le confirmen si Grecia y Portugal tenían spread CDS igual a cero hasta fines del año 2008,","a lo cual el señor Beltrán de Ramón responde que era cercano a 10 puntos base sobre el bono alemán, que es el benchmark."
"RPM-2009-12-15:2810:1","2810","2009-12-15","Enrique Marshall Rivera","34ba55d28031ff1c4faa81765ec5103be830e14e8985cde87e4bb93bf87c9fcf","COMA_ANTES_DE_OTRO_ACTOR_EN_PADRE","MISMO_PADRE_OTRO_ACTOR","True","","CANDIDATO_NO_ADJUDICADO","","El Consejero señor Enrique Marshall comenta que no le parece tan claro que el alza de los alimentos se haya incorporado al índice GSCI granos y cereales,","a lo cual el señor Lehmann muestra que, en términos de tendencias, sí se aprecia un aumento en los precios de los alimentos, y que en el último mes la calda en el precio del maíz tendió a compensarse con el aumento en el precio del arroz, y"
"RPM-2009-12-15:2826:2","2826","2009-12-15","Enrique Marshall Rivera","6b36645a42abefb76667e257b75f10d2d8cfcaed1fc5e4aab5aaec0f04fb2a50","OTRO_FINAL_SIN_PUNTUACION","MISMO_PADRE_OTRO_ACTOR","True","","CANDIDATO_NO_ADJUDICADO","","El señor Marshall manifiesta compartir lo expuesto por el señor Marfán","y el señor José De Gregorio acota que Chile también presenta una inflación subyacente muy superior a la de otros países"
"RPM-2009-12-15:2826:3","2826","2009-12-15","José De Gregorio Rebeco","7658e6ce0e2d33e5a80b1ec25f194fb224fe01be8a1de1cbcd7ccf030f646340","OTRO_FINAL_SIN_PUNTUACION","MISMO_PADRE_OTRO_ACTOR","True","","CANDIDATO_NO_ADJUDICADO","","y el señor José De Gregorio acota que Chile también presenta una inflación subyacente muy superior a la de otros países","Al respecto, el señor Pablo García señala que estima que hay dos temas que considerar: el primero, que si la meta que se quiere alcanzar es sobre alguna medida de inflación subyacente que excluya estas volatilidades. Plantea que para efecto"
"RPM-2009-12-15:2838:1","2838","2009-12-15","Manuel Marfán Lewis","17f2014fc7e6691462aa27d9db2f04852cc63cc14dbbba6257dd3f4b8e2e675f","OTRO_FINAL_SIN_PUNTUACION","MISMO_PADRE_OTRO_ACTOR","True","","CANDIDATO_NO_ADJUDICADO","","mantener la tasa en su nivel actual de 50 puntos base es obvia, y que lo más relevante es el contenido del Comunicado que, a su juicio, debiera ser equivalente al de la Reunión anterior, respecto de las perspectivas de la política monetaria","Para finalizar con la votación, el Presidente, señor José De Gregorio, indica que al igual que el mes pasado, el escenario actual no dista significativamente del último IPoM, el cual, a su vez, es similar al que se presentará el miércoles 1"
"RPM-2010-01-14:2850:1","2850","2010-01-14","Manuel Marfán Lewis","5493a275f6fb5dd2581e9e1cf3661e950c27e9c35b6bde453962fef5a87556bd","COLA_BREVE_TRAS_PUNTUACION","MISMO_PADRE_OTRO_ACTOR","True","","CANDIDATO_NO_ADJUDICADO","","isis muchas variables se deterioraron y que luego se han recuperado, pero que no necesariamente es la confianza empresarial la que arrastra el precio del cobre necesariamente, sino que todos los fundamentos y subyacentes que están detrás. r","El Consejero señor Enrique Marshall hace presente que los antecedentes expuestos dan cuenta de la normalización que ha tenido lugar en los mercados financieros, especialmente cuando se consideran los promedios, por lo que se está en una sit"
"RPM-2010-01-14:2852:1","2852","2010-01-14","Rodrigo Vergara Montes","a8e7155206b6f459575bad1c16fbf05945a403fe8988dcc90a7e582817df0485","COMA_ANTES_DE_OTRO_ACTOR_EN_PADRE","MISMO_PADRE_OTRO_ACTOR","True","","CANDIDATO_NO_ADJUDICADO","","El Consejero señor Rodrigo Vergara consulta por qué los commodities agrícolas se han quedado atrás en este recuento,","a lo cual el señor Sergio Lehmann responde que el componente financiero de los bienes agrícolas es mucho menos importante desde el punto de vista de las transacciones en el mercado financiero, añadiendo que, en todo caso, todavía está por v"
"RPM-2010-01-14:2863:1","2863","2010-01-14","Manuel Marfán Lewis","c5dd15dc262c78d1702d1e80e590a088c317a3096868ee9bab9ace6e5e7805f8","COMA_ANTES_DE_OTRO_ACTOR_EN_PADRE","MISMO_PADRE_OTRO_ACTOR","True","","CANDIDATO_NO_ADJUDICADO","","El señor Vicepresidente consulta si esa reconstrucción permitió ver si se le habían quitado puntos al IPC,","respondiendo el señor Soto que no, porque fue un suavizamiento."
"RPM-2010-01-14:2874:3","2874","2010-01-14","Enrique Marshall Rivera","95e48a29bf44d39765842df776458b51ecdce8c13376a16633784d92557e63fa","COLA_BREVE_TRAS_PUNTUACION","MISMO_PADRE_OTRO_ACTOR","True","","CANDIDATO_NO_ADJUDICADO","","n la normativa de calce. En este caso, para calzarse en su momento, los bancos van a tener que ir a la Bolsa a vender esos bonos, lo que tiene efecto sobre las tasas, por lo que le cuesta aceptar el argumento de que ello no tenga efecto. ^f","El Gerente de División Estudios, señor Pablo García, señala que, respecto de la actividad, el diagnóstico de velocidad que, a su juicio, es al final el que interesa para ver la evolución de la brecha, no está siendo muy distinto del que se "
"RPM-2010-01-14:2885:1","2885","2010-01-14","José De Gregorio Rebeco","3fa33b36fe5522cd835d2c5558ec2095ee6d52d0ca43f12d0ec6fb0b1e08d0f0","COMA_ANTES_DE_OTRO_ACTOR_EN_PADRE","MISMO_PADRE_OTRO_ACTOR","True","","CANDIDATO_NO_ADJUDICADO","","El señor Presidente concede la palabra al Vicepresidente, señor Manuel Marfán,","quien agradece el análisis del staff y declara hacer suyo el listado de antecedentes del punto 2 de la Minuta de Opciones, a la que añade los siguientes comentarios."
"RPM-2010-02-11:2896:1","2896","2010-02-11","Rodrigo Vergara Montes","5905b1ea620375a0bc88b70dfec19a923fe80553e2b9287fe3ffc5bd95b4d6d0","COMA_ANTES_DE_OTRO_ACTOR_EN_PADRE","MISMO_PADRE_OTRO_ACTOR","True","","CANDIDATO_NO_ADJUDICADO","","El Consejero señor Rodrigo Vergara consulta si el ser más pesimista en esta materia es un patrón seguido por el Banco,","a lo cual el señor Lehmann responde que no lo es,"
"RPM-2010-02-11:2896:2","2896","2010-02-11","Sergio Lehmann Beresi","39739502a70be81a56199c8d2d846a0fbacbb0e8dfb17872b7ea1e9bfe2447fc","COMA_ANTES_DE_OTRO_ACTOR_EN_PADRE","MISMO_PADRE_OTRO_ACTOR","True","","CANDIDATO_NO_ADJUDICADO","","a lo cual el señor Lehmann responde que no lo es,","en tanto que el señor Pablo García señala que la estimación se vincula con el diagnóstico de precios a largo plazo que se ha mantenido después de haberse incrementado en torno a US$2 la libra en términos reales. Añade que la percepción es q"
"RPM-2010-02-11:2897:1","2897","2010-02-11","Sebastián Claro Edwards","5fec7db9a99a5d2cf07a77dce351571f2e3ba8456cc8bc19a70c0126638e724c","COMA_ANTES_DE_OTRO_ACTOR_EN_PADRE","MISMO_PADRE_OTRO_ACTOR","True","","CANDIDATO_NO_ADJUDICADO","","El Consejero señor Sebastián Claro consulta si son semejantes las importaciones de las diversas economías, como también si es efectivo que estas se concentran en Asia,","a lo cual el señor Lehmann responde que en las economías asiáticas se han visto aumentos relevantes de importaciones, no así en algunas economías de Europa y Estados Unidos. Refiriéndose a los mercados hipotecarios, el Gerente de Análisis I"
"RPM-2010-02-11:2910:1","2910","2010-02-11","José De Gregorio Rebeco","1a19f761404ae730ea0842db38a39df51a1e6be7bc9ccc7692f12ba33605face","COMA_ANTES_DE_OTRO_ACTOR_EN_PADRE","MISMO_PADRE_OTRO_ACTOR","True","","CANDIDATO_NO_ADJUDICADO","","El Presidente, señor José De Gregorio, consulta si la regla del balance estructural era de 0,5%,","a lo cual el señor Claudio Soto responde que era de 0%,"
"RPM-2010-02-11:2910:2","2910","2010-02-11","Claudio Soto Gamboa","287a49cb449c6e0e982702443eb2cbb5d5cf6918680ff2615ee3a66544a1e2b9","COMA_ANTES_DE_OTRO_ACTOR_EN_PADRE","MISMO_PADRE_OTRO_ACTOR","True","","CANDIDATO_NO_ADJUDICADO","","a lo cual el señor Claudio Soto responde que era de 0%,","en tanto que el señor Pablo García agrega que a comienzos del año 2009 el anuncio fue que el objetivo para ese ejercicio fuera cero y que después, en el mes de octubre, al discutirse la Ley de Presupuesto, la proyección que se tenía era de "
"RPM-2010-02-11:2911:1","2911","2010-02-11","Rodrigo Vergara Montes","de545e1835fe1d34ee723eaf1565270e7f045ccca6a214899def57f056db4cde","COMA_ANTES_DE_OTRO_ACTOR_EN_PADRE","MISMO_PADRE_OTRO_ACTOR","True","","CANDIDATO_NO_ADJUDICADO","","El Consejero señor Rodrigo Vergara pregunta si este es el primer año en que se presenta una diferencia tan significativa,","respondiendo el señor Soto que es efectivo."
"RPM-2010-02-11:2915:1","2915","2010-02-11","Pablo García Silva","378dacf769f5d75cd8060dbeab9ebf6ebeca0b1f585f191518a426e15e040426","COMA_ANTES_DE_OTRO_ACTOR_EN_PADRE","MISMO_PADRE_OTRO_ACTOR","True","","CANDIDATO_NO_ADJUDICADO","","ión doce meses, de todas formas, dada la dinámica habitual de la estacionalidad, podría haber sido incluso más baja y no lo fue, ya que se registró un aumento en la cifra mensual de variación de los salarios en términos desestacionalizados,","El Consejero señor Sebastián Claro recuerda que ese era el dato que en la RPM pasada se estaba esperando para diciembre del año 2009, con el objeto de apreciar si la tasa de desempleo original, no desestacionalizada, caía significativamente"
"RPM-2010-02-11:2915:3","2915","2010-02-11","Pablo García Silva","dbfe676d2086c03e642a0608b3c66a92af8b0c149dc6b59779c798f797763f00","COLA_BREVE_TRAS_PUNTUACION","MISMO_PADRE_OTRO_ACTOR","True","","CANDIDATO_NO_ADJUDICADO","","especto, el señor García indica que la tasa de desempleo efectivamente cayó, pero que podría haber disminuido más, si no se controlara por la estacionalidad habitual de que en el mes de diciembre se produce el reajuste del sector público. i","En cuanto a las tasas de variación de los salarios reales, el señor Claudio Soto indica que el último dato da cuenta de una calda, no obstante que el registro de diciembre de precios fue negativo y el dato de salarios fue positivo, explican"
"RPM-2010-02-11:2916:1","2916","2010-02-11","José De Gregorio Rebeco","85ea3bff340f78cc630e86357b7d10c7f28417e46adfeb784c30f55f4b0e1848","COMA_ANTES_DE_OTRO_ACTOR_EN_PADRE","MISMO_PADRE_OTRO_ACTOR","True","","CANDIDATO_NO_ADJUDICADO","","El señor Presidente consulta si ello significa que los precios, en promedio, eran muy parecidos en diciembre del año 2008 con el promedio de todo el año 2009,","a lo cual el señor Pablo García responde que corresponde al IPC en su conjunto."
"RPM-2010-02-11:2918:1","2918","2010-02-11","José De Gregorio Rebeco","f810aa3b2f7dcc2ba91037787cb1bd75ad7ad3aee4ed678a63815950f8d5f11b","COMA_ANTES_DE_OTRO_ACTOR_EN_PADRE","MISMO_PADRE_OTRO_ACTOR","True","","CANDIDATO_NO_ADJUDICADO","","El señor Presidente recuerda que la proyección era de 0,22,","confirmando el señor Soto que ello sí era conocido y que la estimación de la incidencia no se hizo con tanta precisión, por efectos del cambio de base a nivel de clase de productos en lugar de hacerlo por productos."
"RPM-2010-02-11:2922:1","2922","2010-02-11","José De Gregorio Rebeco","595871a1af39219c589128f829966be96ee44584899fe289f5eae5d1ff1059cb","COMA_ANTES_DE_OTRO_ACTOR_EN_PADRE","MISMO_PADRE_OTRO_ACTOR","True","","CANDIDATO_NO_ADJUDICADO","","El señor José De Gregorio pregunta si el efecto base tampoco está contemplado en esta proyección,","respondiendo el señor Claudio Soto que este sí se consideró en el momento en que se elaboró la minuta que circuló previamente, por cuanto al volver a estimarse este efecto, pasó de 0,22 a 0,4."
"RPM-2010-02-11:2925:1","2925","2010-02-11","José De Gregorio Rebeco","e5caf32bd2ce4bc2292d336806cecaa6145146670a9130e18d1efcddbc77e42a","COMA_ANTES_DE_OTRO_ACTOR_EN_PADRE","MISMO_PADRE_OTRO_ACTOR","True","","CANDIDATO_NO_ADJUDICADO","","El señor Presidente pregunta si el cambio de base aplica solo para este mes,","a lo cual el señor Pablo García señala que, finalmente, en ese producto en particular es donde se produjo la principal diferencia, porque en el resto de los productos el pasar de base diciembre 2008 a promedio 2009, la variación no es relev"
"RPM-2010-02-11:2931:2","2931","2010-02-11","Enrique Marshall Rivera","185a0f348a58d85424a40ece6bee8980d5d9dbf5b5701d3998b283b3f3ec547b","COMA_ANTES_DE_OTRO_ACTOR_EN_PADRE","MISMO_PADRE_OTRO_ACTOR","True","","CANDIDATO_NO_ADJUDICADO","","El Consejero señor Marshall consulta si estos cambios metodológicos informados el año pasado ya están resueltos, de manera que no van a producirse sorpresas en esa materia,","afirmando el señor Pablo García que ello es efectivo, considerando adicionalmente que el documento metodológico que el INE publicó para el IPC nacional es prácticamente idéntico al que difundió hace un año atrás para el IPC del Gran Santiag"
"RPM-2010-02-11:2938:1","2938","2010-02-11","Enrique Marshall Rivera","b996a6ec9084f1992ee10ac0a63969ec06ee04ad08920ab3f8f8f1fae48194e2","COMA_ANTES_DE_OTRO_ACTOR_EN_PADRE","MISMO_PADRE_OTRO_ACTOR","True","","CANDIDATO_NO_ADJUDICADO","","El Consejero señor Enrique Marshall consulta si ello genera consecuencias en el precio que está indexado,","señalando el señor García que tendrá efectos en los"
"RPM-2010-02-11:2938:2","2938","2010-02-11","Pablo García Silva","d1c3ce8564ce80cb79edd72b768022508718eed2ddb2f5d09e7d89673df91a6b","TERMINO_FUNCIONAL_ABIERTO","MISMO_PADRE_OTRO_ACTOR","False","TEXTO_DANADO_POR_COTEJAR","CANDIDATO_NO_ADJUDICADO","","señalando el señor García que tendrá efectos en los","El Vicepresidente, señor Manuel Marfán, manifiesta que ha sido beneficioso que el cambio metodológico ocurra en un momento en que la inflación se encuentra baja, en dos puntos y medio bajo el límite inferior del rango meta, ya que ello cont"
"RPM-2010-02-11:2947:2","2947","2010-02-11","Claudio Soto Gamboa","bab40d26401908968448053b1703c4a2d9f5c3f77a70165d57217bbe288f5eec","OTRO_FINAL_SIN_PUNTUACION","MISMO_PADRE_OTRO_ACTOR","True","","CANDIDATO_NO_ADJUDICADO","","sma dirección, por ejemplo la caída del precio del cobre, y que los movimientos del dólar a nivel mundial también apuntan, en general, en dirección a la depreciación del peso. No obstante, señala que, de acuerdo con las estimaciones de este","El Presidente, señor José De Gregorio, solicita se aclare si la posición neta de las AFP está siendo compensada, en parte, por la de otros agentes, señalando que esperaría que se tratara de los corporativos."
"RPM-2010-02-11:2956:1","2956","2010-02-11","José De Gregorio Rebeco","869aeb7bf1590c29158f449ea7a6487906b5eb0fe59447215aac7ab0a6b8f283","COMA_ANTES_DE_OTRO_ACTOR_EN_PADRE","MISMO_PADRE_OTRO_ACTOR","True","","CANDIDATO_NO_ADJUDICADO","","El Presidente, señor José De Gregorio, pregunta si el cambio de la posición de las AFP tendría efectos permanentes,","a lo cual el señor Cowan señala que son transitorios, pero de naturaleza prolongada, agregando que lo que había ocurrido hasta antes del mes de octubre de 2007 es que estos cambios se producían por períodos breves, de uno o dos días, y que "
"RPM-2010-02-11:2957:2","2957","2010-02-11","Pablo García Silva","084c3b2443dbcfcb062c1be57e53d9d8ba38f29be0653803ff4b3f152ee16124","COMA_ANTES_DE_OTRO_ACTOR_EN_PADRE","MISMO_PADRE_OTRO_ACTOR","False","NOMBRE_EN_DISCURSO_POR_VERIFICAR","CANDIDATO_NO_ADJUDICADO","","El señor Rabio García consulta si este análisis se incluirá en la Minuta,","señalando el señor Presidente que no correspondería hacerlo, pero sí que quede incorporado en el Acta de esta Sesión."
"RPM-2010-03-18:2981:1","2981","2010-03-18","Enrique Marshall Rivera","12d8fafeadeead94c2e85c2909e41fab9e5cb096921692695b61bb552c8ee114","COMA_ANTES_DE_OTRO_ACTOR_EN_PADRE","MISMO_PADRE_OTRO_ACTOR","True","","CANDIDATO_NO_ADJUDICADO","","El señor Enrique Marshall consulta si la ecuación que se presenta comprende la variación referencial,","a lo cual el señor Claudio Soto responde que el INE entregó una serie de niveles de salarios para todo el 2009, a diferencia de la Gerencia de Análisis Macroeconómico, que ha hecho un empalme muy sencillo por regla de tres a partir de enero"
"RPM-2010-03-18:2981:5","2981","2010-03-18","Enrique Marshall Rivera","6e20a0bcc9c147488c84b4c77c63eebbd7d099a2ef08cad16f170ac908ebc2f8","COMA_ANTES_DE_OTRO_ACTOR_EN_PADRE","MISMO_PADRE_OTRO_ACTOR","True","","CANDIDATO_NO_ADJUDICADO","","El Consejero señor Enrique Marshall consulta a qué corresponden el -1,1% y el - 0,7%,","señalando el señor Presidente que es el cambio en la tasa de crecimiento respecto a un escenario pre terremoto. Agrega que como consecuencia del terremoto, el nivel del PIB podría disminuir 2% en el primer trimestre y 1,4% en el segundo."
"RPM-2010-03-18:2983:1","2983","2010-03-18","Claudio Soto Gamboa","b775eaf366913fd77103ec892b462a58df0ca25c64970dfb92ac75e627e990d3","COMA_ANTES_DE_OTRO_ACTOR_EN_PADRE","MISMO_PADRE_OTRO_ACTOR","True","","CANDIDATO_NO_ADJUDICADO","","El señor Claudio Soto confirma que esos son los dos componentes,","en tanto que el señor Pablo García explica que no es que dichos números se obtengan a partir del diagnóstico de cuánto cayó la oferta versus la demanda, sino que se llega a ellos basados en información de prensa y de la SOFOFA respecto de q"
"RPM-2010-03-18:2997:1","2997","2010-03-18","José De Gregorio Rebeco","caa2be26fee64f619a27af9151bb81a26fd572313c9626b1bfa34f818788ddcd","COMA_ANTES_DE_OTRO_ACTOR_EN_PADRE","MISMO_PADRE_OTRO_ACTOR","True","","CANDIDATO_NO_ADJUDICADO","","El señor Presidente pregunta el plazo de los REPO,","a lo cual el señor Bernier responde que son a 28 días. Añade que el comunicado del Consejo del 30 de octubre del año pasado anunció el último acceso a REPO de 28 días para el día 30 de junio, haciendo ver que como estos accesos se hacen sem"
"RPM-2010-03-18:3001:1","3001","2010-03-18","Sebastián Claro Edwards","4b2f4201f94cdc7bf5cf3101e03511b5aa8bde9d66b46e0122ffce875cf30c08","COMA_ANTES_DE_OTRO_ACTOR_EN_PADRE","MISMO_PADRE_OTRO_ACTOR","True","","CANDIDATO_NO_ADJUDICADO","","El Consejero señor Sebastián Claro consulta si antes habían operaciones REPO,","a lo cual el señor Matías Bernier responde que efectivamente existían operaciones vigentes. Recuerda que dichas operaciones fueron creadas para permitir la esterilización monetaria de las operaciones de compra swap de divisas, creadas en oc"
"RPM-2010-03-18:3006:1","3006","2010-03-18","Manuel Marfán Lewis","8eec2996673a230369e07e2462c5b61efb04ac4f84e5f655ff845d0339b81e91","COMA_ANTES_DE_OTRO_ACTOR_EN_PADRE","MISMO_PADRE_OTRO_ACTOR","True","","CANDIDATO_NO_ADJUDICADO","","El señor Vicepresidente pregunta cuáles son los supuestos que se hacen respecto de la política fiscal para este año,","a lo cual el señor Claudio Soto responde que el escenario con que se ha trabajado, que es a seis meses, no incorpora supuestos al respecto, porque se está suponiendo que cualquier paquete fiscal tendría efectos en el segundo semestre. Añade"
"RPM-2010-03-18:3012:1","3012","2010-03-18","José De Gregorio Rebeco","8b883dfd1cd5a380a190628f0f10c836aaef9699b71863e2ea694653ad15505d","COMA_ANTES_DE_OTRO_ACTOR_EN_PADRE","MISMO_PADRE_OTRO_ACTOR","True","","CANDIDATO_NO_ADJUDICADO","","el señor Presidente ofrece la palabra al Gerente de División Operaciones Financieras, señor Beltrán de Ramón,","quien hace presente que si se revisan las noticias desde la última RPM, lo más importante, además del terremoto, es un escenario internacional relativamente parecido al anterior. Por otro lado, agrega que se tiene como noticia la corrección"
"RPM-2010-04-15:3028:1","3028","2010-04-15","José De Gregorio Rebeco","4d4f7277d5dd4511509de8942a27ab9eb828310955a310dff0f865ce7e835670","COMA_ANTES_DE_OTRO_ACTOR_EN_PADRE","MISMO_PADRE_OTRO_ACTOR","True","","CANDIDATO_NO_ADJUDICADO","","El señor Presidente pregunta cuánto va a crecer Estados Unidos este año,","a lo cual el señor Lehmann responde que se espera una cifra que oscila entre 2,5 y 3%."
"RPM-2010-04-15:3028:3","3028","2010-04-15","José De Gregorio Rebeco","be84bf74bdc2cdf7e9d6f4f135dcf8ea49e1a0f6e11e839d85ac25f47eb8ed3e","COMA_ANTES_DE_OTRO_ACTOR_EN_PADRE","MISMO_PADRE_OTRO_ACTOR","True","","CANDIDATO_NO_ADJUDICADO","","El señor Presidente comenta que, entonces, en menos de un año se habría recuperado lo que se perdió el año pasado,","acotando el señor Lehmann que ello sería efectivo, pero que la componente de consumo probablemente ha tenido una evolución más débil en comparación con otras recuperaciones."
"RPM-2010-04-15:3041:1","3041","2010-04-15","Enrique Marshall Rivera","d9ba328044d9e165dfe1bbe52720d9237dc2dfda7087e07b8922f088593233d7","COMA_ANTES_DE_OTRO_ACTOR_EN_PADRE","MISMO_PADRE_OTRO_ACTOR","True","","CANDIDATO_NO_ADJUDICADO","","El señor Enrique Marshall comenta que el diario El Mercurio dio cuenta esta mañana de algo distinto, mencionando los PPM del año pasado,","a lo cual el Gerente de División Estudios, señor Pablo García, indica que eso tiene que ver con la cifra de déficit efectivo y superávit efectivo."
"RPM-2010-04-15:3044:1","3044","2010-04-15","Manuel Marfán Lewis","23fdb4256c7cdcde9f7638ee948861c66951e2dc17e63cc0ab3c80c47fe92eed","COMA_ANTES_DE_OTRO_ACTOR_EN_PADRE","MISMO_PADRE_OTRO_ACTOR","True","","CANDIDATO_NO_ADJUDICADO","","El Vicepresidente, señor Manuel Marfán, comenta que eso ocurre todos los años, ya que es parte del sistema de recaudación de impuestos,","replicando el señor Vergara que el año pasado hubo una política específica de postergación de pagos, esto es, la baja de los PPM transitoria."
"RPM-2010-04-15:3047:1","3047","2010-04-15","Rodrigo Vergara Montes","bab2e672e89e9002334b3e6aec53fc3e52a40d409c78f591eb5a186ebc557aee","OTRO_FINAL_SIN_PUNTUACION","MISMO_PADRE_OTRO_ACTOR","True","","CANDIDATO_NO_ADJUDICADO","","El señor Rodrigo Vergara solicita se le detalle qué es exactamente el carry overo","El señor Soto responde que los tres ítems más importantes son los mayores reajustes en el sector público, que se acordaron después de aprobada la Ley de Presupuestos y que se están considerando como mayor gasto para este año; una serie de p"
"RPM-2010-04-15:3051:1","3051","2010-04-15","Manuel Marfán Lewis","b0b3e0ed1f34e6c383715042de7666518dedc5f3254eadf59ea771f993aee483","COMA_ANTES_DE_OTRO_ACTOR_EN_PADRE","MISMO_PADRE_OTRO_ACTOR","True","","CANDIDATO_NO_ADJUDICADO","","El Vicepresidente, señor Manuel Marfán, pregunta si el aumento de precios de los alimentos reportados es el resultado de cotizaciones efectuadas por la Gerencia de Análisis Macroeconómico,","lo cual es confirmado por el señor Soto."
"RPM-2010-04-15:3053:1","3053","2010-04-15","Rodrigo Vergara Montes","cf7cbdb8a4fd511e3a73986507f489fad7d8e050fdd45c71ea094ff1a33e164f","COMA_ANTES_DE_OTRO_ACTOR_EN_PADRE","MISMO_PADRE_OTRO_ACTOR","True","","CANDIDATO_NO_ADJUDICADO","","El Consejero señor Rodrigo Vergara pregunta en cuánto afecta el alza del Transantiago,","a lo cual el señor Soto responde que a los $30 ya considerados hay que agregar un extra de $10 en este horizonte. Añade que después, cuando se hizo la proyección para el año. se había considerado algo más para el segundo semestre."
"RPM-2010-04-15:3054:1","3054","2010-04-15","Enrique Marshall Rivera","dbac111897ba6e23c0d4c95316727d695c3286ec67a64adb11326f31016f1c37","COMA_ANTES_DE_OTRO_ACTOR_EN_PADRE","MISMO_PADRE_OTRO_ACTOR","True","","CANDIDATO_NO_ADJUDICADO","","El Consejero señor Enrique Marshall consulta si el impacto en el IPC sería de 0.6% en caso que no se devuelva el impuesto de timbres y estampillas,","respondiendo el señor Soto que eso es efectivo y que la variación mensual de 0,9% que se espera en julio obedece precisamente a ello."
"RPM-2010-04-15:3071:1","3071","2010-04-15","José De Gregorio Rebeco","60b8ab163cb85dc7d02f634120e6fb918573a0f3dd296bfa81cc5879dc399754","OTRO_FINAL_SIN_PUNTUACION","MISMO_PADRE_MISMO_ACTOR","True","","CANDIDATO_NO_ADJUDICADO","","El Presidente agradece los comentarios del Gerente de División Estudios","y, a continuación, debido a la imposibilidad del Ministro de Hacienda, señor Felipe Larraín, de asistir a la sesión de la tarde, da lectura a los comentarios que hizo llegar a través de su asesor, señor Rodrigo Cerda:"
"RPM-2010-05-13:3101:1","3101","2010-05-13","Rodrigo Vergara Montes","193c771c701b8eb76e69cbcda06c3948a1712b1b0f82ce4858226b142f4aadaa","COMA_ANTES_DE_OTRO_ACTOR_EN_PADRE","MISMO_PADRE_OTRO_ACTOR","True","","CANDIDATO_NO_ADJUDICADO","","El Consejero señor Rodrigo Vergara pregunta si el IPC de agosto y septiembre considera el Transantiago y el impuesto al tabaco,","a lo cual el señor Claudio Soto responde que hay elementos estacionales que considerar, por ejemplo, el aumento de los pasajes de buses y una serie de alimentos que suben en esa fecha. Añade que en la parte del X se tienen los impuestos más"
"RPM-2010-05-13:3123:2","3123","2010-05-13","José De Gregorio Rebeco","a69f0a31b7bedbe42a2660f2d0f4a475f465577a69a069ebb0ae7d6f675e292e","COMA_ANTES_DE_OTRO_ACTOR_EN_PADRE","MISMO_PADRE_OTRO_ACTOR","True","","CANDIDATO_NO_ADJUDICADO","","Al continuar con la votación, el señor Presidente concede la palabra al Vicepresidente, señor Manuel Marfán,","quien agradece, en primer término, el análisis del staff."
"RPM-2010-06-15:3158:1","3158","2010-06-15","Pablo García Silva","7ad58323a5f9108829cea2e75a1c708f4c29ec519e82b24103da4525b43d45c7","OTRO_FINAL_SIN_PUNTUACION","MISMO_PADRE_OTRO_ACTOR","True","","CANDIDATO_NO_ADJUDICADO","","El señor Pablo García señala que el empleo total asciende 6,5 millones de personas","y el señor Claudio Soto agrega que, en abril, este registró una variación de 6,4% en doce meses, lo que implica alrededor de 400.000 personas. El señor Soto prosigue, indicando que el empleo por cuenta propia experimentó un fuerte crecimien"
"RPM-2010-06-15:3160:1","3160","2010-06-15","Rodrigo Vergara Montes","d7987cb809d238f2f51d2373d42dbfa8b2cf3b66a777a5fa7dc67e6fd21cde73","COMA_ANTES_DE_OTRO_ACTOR_EN_PADRE","MISMO_PADRE_OTRO_ACTOR","True","","CANDIDATO_NO_ADJUDICADO","","El Consejero señor Rodrigo Vergara comenta que la nueva serie de empleo le parece extraña,","explicando el señor Pablo García que no se cuenta con el nuevo perfil estacional."
"RPM-2010-06-15:3186:1","3186","2010-06-15","Sebastián Claro Edwards","b61380f2236f215da615159af01856cc43a85fbf9ed82bf2735fdac63b49f2bc","COMA_ANTES_DE_OTRO_ACTOR_EN_PADRE","MISMO_PADRE_OTRO_ACTOR","True","","CANDIDATO_NO_ADJUDICADO","","El Consejero señor Sebastián Claro, en tanto, pregunta si esto corresponde a un exceso de demanda de dinero,","lo que es confirmado por el señor Claudio Soto."
"RPM-2010-06-15:3189:1","3189","2010-06-15","Enrique Marshall Rivera","e3ac993c5121ad7371c8206f23f5bd599ae2754bf6b1519a2983072ba7f67e68","COMA_ANTES_DE_OTRO_ACTOR_EN_PADRE","MISMO_PADRE_OTRO_ACTOR","True","","CANDIDATO_NO_ADJUDICADO","","mercado monetario, como, por ejemplo, que llegase a ser prácticamente indiferente entre invertir en un fondo mutuo o dejar los recursos depositados en la cuenta corriente. Sobre el particular, consulta qué ocurre si se incorpora el M2 o M3,","a lo cual el señor Pablo García responde que su crecimiento ha sido aún más lento."
"RPM-2010-06-15:3196:1","3196","2010-06-15","Kevin Cowan Logan","a74b8794a313934ec043d9d5955c85895cceeaf453b68f4438b4969a11d267a3","OTRO_FINAL_SIN_PUNTUACION","MISMO_PADRE_OTRO_ACTOR","True","","CANDIDATO_NO_ADJUDICADO","","te, y en relación con la magnitud del alza de la TPM, manifiesta que el nivel actual de las tasas, históricamente bajo, así como la dinámica de demanda interna y una serie de shocks de precios puntuales ameritan un aumento de 50 puntos base","El Presidente agradece los comentarios del Gerente de División Política Financiera y, a continuación, ofrece la palabra al Ministro de Hacienda, señor Felipe Larraín."
"RPM-2010-07-15:3268:1","3268","2010-07-15","Manuel Marfán Lewis","53d6df66324950e0e8828d9afc8821ef935d25912c5b876c23715c03e7d659ec","COMA_ANTES_DE_OTRO_ACTOR_EN_PADRE","MISMO_PADRE_OTRO_ACTOR","True","","CANDIDATO_NO_ADJUDICADO","","nes Financieras, hay algunas diferencias. En primer término, señala que, de acuerdo con un cálculo simple, la expectativa para la TPM a diciembre que se obtiene de la curva forward debiera ser 3,44 ó 3,5% y no 3,25% como acaba de señalarse,","lo que es confirmado por el señor Claudio Soto."
"RPM-2010-08-12:3288:1","3288","2010-08-12","Rodrigo Vergara Montes","979dc51074b98f2100eb40e532d9e6274b372991e886187a4c2bc28608f26477","COMA_ANTES_DE_OTRO_ACTOR_EN_PADRE","MISMO_PADRE_OTRO_ACTOR","True","","CANDIDATO_NO_ADJUDICADO","","El Consejero señor Rodrigo Vergara señala que, en su opinión, la minuta de la FED explica ese movimiento de manera significativa,","lo cual es compartido por el Gerente de División Operaciones Financieras señor Beltrán de Ramón."
"RPM-2010-08-12:3303:2","3303","2010-08-12","Claudio Soto Gamboa","7e8de1a7272032d70538720e8ebc88cc2f13f83346bad94aac4aceaeab899e14","COMA_ANTES_DE_OTRO_ACTOR_EN_PADRE","MISMO_PADRE_OTRO_ACTOR","True","","CANDIDATO_NO_ADJUDICADO","","En cuanto al registro de los albañiles, el Gerente de Análisis Macroeconómico señor Claudio Soto informa que se incluyen en el sector construcción,","en tanto que el señor Vicuña complementa, especificando que se incorporan como relaciones menores en dicho sector."
"RPM-2010-08-12:3313:1","3313","2010-08-12","José De Gregorio Rebeco","467b0ab0cdcc724c3d7ed3fe0ce5f3f1e8792bc656696116527fc907dda2fa86","COMA_ANTES_DE_OTRO_ACTOR_EN_PADRE","MISMO_PADRE_OTRO_ACTOR","True","","CANDIDATO_NO_ADJUDICADO","","El Presidente señor José De Gregario señala haber tenido la noción de que la fuerza de trabajo había aumentado entre 100.000 Y 150.000 mil personas,","a lo cual el señor García responde que no solo ha aumentado la fuerza de trabajo, porque hay gente que en la antigua encuesta se declaraba inactiva o buscando trabajo, sino que, al mismo tiempo , ha aumentado el empleo. En consecuencia, ind"
"RPM-2010-08-12:3325:1","3325","2010-08-12","Rodrigo Vergara Montes","1ee76f642af93eaab605239868a1627d97368360280aa45e9819e017e3ccdd82","COMA_ANTES_DE_OTRO_ACTOR_EN_PADRE","MISMO_PADRE_OTRO_ACTOR","True","","CANDIDATO_NO_ADJUDICADO","","El Consejero señor Rodrigo Vergara repara en que la corrección del crecimiento en doce meses fue muy significativa, desde 1 a 10, aproximadamente, y consulta si acaso este supuesto se va a hacer todas las veces y siempre seis meses después,","a lo cual el señor Vicuña comenta que hay un problema respecto de la ocasión en que se hace la revisión, manifestando que lo ideal sería que se hiciera más oportunamente."
"RPM-2010-09-16:3348:1","3348","2010-09-16","José De Gregorio Rebeco","c04c3c9463e2ed6547fe66eea825620f287913568dcffb98eb47d6bed058029d","COMA_ANTES_DE_OTRO_ACTOR_EN_PADRE","MISMO_PADRE_OTRO_ACTOR","True","","CANDIDATO_NO_ADJUDICADO","","El Presidente señor José De Gregorio pregunta por la magnitud de la intervención,","a lo cual el Gerente de División Operaciones Financieras señor Beltrán de Ramón responde que las compras alcanzaron a US$ 10 billones el día anterior, en circunstancias que el mercado esperaba el triple."
"RPM-2010-09-16:3351:2","3351","2010-09-16","Sergio Lehmann Beresi","a110084bf0ac343463e3b94c92dabd8e7f0085a54d25524fa8108f9586e444fb","COMA_ANTES_DE_OTRO_ACTOR_EN_PADRE","MISMO_PADRE_OTRO_ACTOR","True","","CANDIDATO_NO_ADJUDICADO","","El señor Lehmann acota que, quizás, lo que los japoneses están tratando de alcanzar, en la práctica, no es más que un objetivo inflacionario, sin pretender afectar el tipo de cambio real,","a lo cual el señor Presidente enfatiza que, en ese caso, sería llevado a cabo por el Banco de Japón."
"RPM-2010-09-16:3353:1","3353","2010-09-16","Manuel Marfán Lewis","102f6e243482d4079c5a0d0aa18be1d8835e7ed2c06ea0e45db3a76fa4653c48","COMA_ANTES_DE_OTRO_ACTOR_EN_PADRE","MISMO_PADRE_OTRO_ACTOR","True","","CANDIDATO_NO_ADJUDICADO","","El Vicepresidente señor Manuel Marfán señala que no tiene certeza si el yen se mantuvo más o menos estable en términos reales en los últimos veinte años,","a lo cual el señor Pablo García expresa que no fue así en los últimos diez."
"RPM-2010-09-16:3369:1","3369","2010-09-16","Manuel Marfán Lewis","f14402f15144d1e9ca73290a6db5bb22615c905a061823bd62e7fe565a74b691","COMA_ANTES_DE_OTRO_ACTOR_EN_PADRE","MISMO_PADRE_OTRO_ACTOR","True","","CANDIDATO_NO_ADJUDICADO","","El Vicepresidente señor Manuel Marfán repara en que esa prima es arbitraria,","a lo cual el Consejero señor Rodrigo Vergara manifiesta que debería ser parecida a la tasa neutral."
"RPM-2010-09-16:3388:1","3388","2010-09-16","Sebastián Claro Edwards","05010caf2f143f842597b76414c945c79b04e737487a65453a74b51548f3d41e","COMA_ANTES_DE_OTRO_ACTOR_EN_PADRE","MISMO_PADRE_OTRO_ACTOR","True","","CANDIDATO_NO_ADJUDICADO","","El Consejero señor Sebastián Claro pregunta por el porcentaje del sector construcción que corresponde a vivienda,","a lo cual el señor Soto responde que una mitad corresponde a vivienda y la otra a obras de ingeniería."
"RPM-2010-09-16:3395:1","3395","2010-09-16","José De Gregorio Rebeco","319f3fbe4165d9ded3f74020a800457f6dceaf22cbb348c4fecd92abf1f88de2","COMA_ANTES_DE_OTRO_ACTOR_EN_PADRE","MISMO_PADRE_OTRO_ACTOR","True","","CANDIDATO_NO_ADJUDICADO","","El Presidente señor José De Gregorio pregunta por la sigla IVCM,","a lo cual el señor Claudio Soto responde que se trata de un índice de ventas de bienes de consumo, nacionales e importados, que construye el INE."
"RPM-2010-09-16:3421:1","3421","2010-09-16","Enrique Marshall Rivera","8457993712de0d4a559d736beb3512279bdcda6833bda76eced24d9f0078e660","COMA_ANTES_DE_OTRO_ACTOR_EN_PADRE","MISMO_PADRE_OTRO_ACTOR","True","","CANDIDATO_NO_ADJUDICADO","","El Consejero señor Enrique Marshall consulta por la contribución de las AFP a ese aumento,","a lo cual el Gerente de Estabilidad Financiera señor Luis Opazo responde que su aporte no es significativo, del orden de 80 millones de dólares mensuales, debido a que las inversiones de los fondos de pensiones están topadas en renta variab"
"RPM-2010-09-16:3422:1","3422","2010-09-16","Felipe Larraín Bascuñán","1d653909471a8553150ef28711dd13a22047522a0f588bf700500f4b4e6d9f0c","OTRO_FINAL_SIN_PUNTUACION","MISMO_PADRE_OTRO_ACTOR","True","","CANDIDATO_NO_ADJUDICADO","","El Ministro de Hacienda señor Felipe Larraín se suma a lo expresado por el señor","A continuación, el Presidente señor José De Gregorio concede la palabra al Gerente de División Estudios señor Pablo García para que presente las Opciones de Política Monetaria para la presente Reunión."
"RPM-2010-10-14:3439:1","3439","2010-10-14","Beltrán de Ramón Acevedo","5619965ae72363af5e4b1c04a7fbdb32968898d6d92b1c19623bc54071433616","COMA_ANTES_DE_OTRO_ACTOR_EN_PADRE","MISMO_PADRE_OTRO_ACTOR","True","","CANDIDATO_NO_ADJUDICADO","","El Gerente de División Operaciones Financieras señor Beltrán de Ramón informa que dicho promedio se encuentra en el rango que va de 10 a 20 puntos base,","lo cual es confirmado por el señor Felipe Jaque, quien explica, además, que dicho promedio es particularmente bajo para el Spread Libor - OIS a tres meses y que hoy está algo por sobre el rango estándar de 25 puntos base, aproximadamente. A"
"RPM-2010-10-14:3449:2","3449","2010-10-14","José De Gregorio Rebeco","81059d13d3c1f143c40f0d692c50c0f41c112206235d061e9705fd998cae5abc","OTRO_FINAL_SIN_PUNTUACION","MISMO_PADRE_OTRO_ACTOR","True","","CANDIDATO_NO_ADJUDICADO","","Al respecto, el Presidente señor José De Gregorio comenta que el índice Dow Jones está al mismo nivel que en abril","y el Gerente de División Estudios señor Luis Óscar Herrera añade que ello parte con la expectativa generalizada sobre la proximidad de un relajamiento cuantitativo y un programa importante."
"RPM-2010-10-14:3460:1","3460","2010-10-14","Claudio Soto Gamboa","005d209f8290608b718e1ad1c5fe5d5b5e3c5d6e602237e54026198c2a10fbe0","COMA_ANTES_DE_OTRO_ACTOR_EN_PADRE","MISMO_PADRE_OTRO_ACTOR","True","","CANDIDATO_NO_ADJUDICADO","","ivo de la publicación del IPoM porque el mercado recogió las perspectivas de una normalización del impulso monetario más intensa que la esperada, se revirtieron significativamente después de la publicación de la Minuta de la última Reunión,","El Presidente señor José De Gregorio consulta si el alza de las tasas en UF obedece solo a las perspectivas inflacionarias."
"RPM-2010-10-14:3476:5","3476","2010-10-14","Consejo del Banco Central de Chile","0ace68f294a6e2a592b6b3bf3c98b886204840b5205930b3b27135ca060fe3bb","OTRO_FINAL_SIN_PUNTUACION","MISMO_PADRE_OTRO_ACTOR","True","","CANDIDATO_NO_ADJUDICADO","","Siendo las 16:00 horas, se reanuda la Sesión de Política Monetaria","El Presidente señor José De Gregario da la bienvenida al Ministro de Hacienda señor Felipe Larraín y concede la palabra al Gerente de División Estudios señor Luis Óscar Herrera para que presente las Opciones de Política Monetaria para la pr"
"RPM-2010-11-16:3543:1","3543","2010-11-16","Rodrigo Vergara Montes","30c5f858a4ab2bd536a04aed5b6366c9f3714403cb15d822bc293cbff4f5db5e","COMA_ANTES_DE_OTRO_ACTOR_EN_PADRE","MISMO_PADRE_OTRO_ACTOR","True","","CANDIDATO_NO_ADJUDICADO","","El Consejero señor Rodrigo Vergara pregunta por la velocidad anualizada,","respondiendo el señor Claudio Soto que es cercana a 80%."
"RPM-2010-11-16:3568:1","3568","2010-11-16","Manuel Marfán Lewis","267ab688b196b4ef85479bafd16bb0aa51bb24d8ce21b856fecd3f5348c66e0c","COLA_BREVE_TRAS_PUNTUACION","MISMO_PADRE_OTRO_ACTOR","True","","CANDIDATO_NO_ADJUDICADO","","e importante de la cuenta corriente se corrige muchas veces con la regla fiscal. Enfatiza que lo que interesa en este tipo de escenario es la evolución del sector privado, que entra en trayectorias que suelen corregirse muy bruscamente. /i-","El Presidente señor José De Gregorio pregunta por los efectos de la tasa y por lo que las decisiones que hay que adoptar en ese caso."
"RPM-2010-11-16:3575:1","3575","2010-11-16","José De Gregorio Rebeco","a45ed10af271bb3254bb6bfa686c302e9f671c7166d5a75e5b771bcd6c751f80","COMA_OTRO_CONTEXTO","MISMO_PADRE_MISMO_ACTOR","True","","CANDIDATO_NO_ADJUDICADO","","El Presidente señor José De Gregorio agradece la presentación del Gerente de División Estudios señor Luis Óscar Herrera,","e informa que el Ministro de Hacienda señor Felipe Larraín, por intermedio de su Asesor señor Rodrigo Cerda, le ha hecho llegar su planteamiento, al que dará lectura a continuación."
"RPM-2010-12-16:3600:2","3600","2010-12-16","Beltrán de Ramón Acevedo","c7781176fd0d6ee006f96ace012a122273fb9a7e404fe046a99b75509737a752","COLA_BREVE_TRAS_PUNTUACION","MISMO_PADRE_OTRO_ACTOR","True","","CANDIDATO_NO_ADJUDICADO","","obstante, manifiesta que para que esta ecuación calce, se debería observar una apreciación del dólar, lo que no ha ocurrido, pudiendo dar paso a cierto grado de preocupación con respecto a los déficits y a los desequilibrios de este país. (","El Gerente de División Estudios señor Luis Óscar Herrera destaca que la FED, en su reunión realizada días atrás, modificó algunos adjetivos, dando una sensación más positiva. A título ejemplar, menciona que en vez de decir “crecimiento lent"
"RPM-2010-12-16:3620:2","3620","2010-12-16","Claudio Soto Gamboa","1309af2ae2413f895e92307995091e032b51ad308f9e38704703f372f940cf9f","COMA_ANTES_DE_OTRO_ACTOR_EN_PADRE","MISMO_PADRE_OTRO_ACTOR","True","","CANDIDATO_NO_ADJUDICADO","","ción al alza se basó exclusivamente en el alza del impuesto que se decretó hace unos 10 años, aproximadamente. Con todo, señala que todo indica que las empresas tienen una política de ajuste anual de precios, alrededor del mes de mayo. ~ .,","El Consejero señor Rodrigo Vergara pregunta por la incidencia de las tarifas eléctricas en la caída de la inflación de diciembre,"
"RPM-2010-12-16:3620:3","3620","2010-12-16","Rodrigo Vergara Montes","4535d8b529cc52b3eafbc461a39d088994c4e5acd0941f1b6439a11d56b27a31","COMA_ANTES_DE_OTRO_ACTOR_EN_PADRE","MISMO_PADRE_OTRO_ACTOR","True","","CANDIDATO_NO_ADJUDICADO","","El Consejero señor Rodrigo Vergara pregunta por la incidencia de las tarifas eléctricas en la caída de la inflación de diciembre,","a lo cual el señor Claudio Soto responde que alcanza a 1 décima, aproximadamente."
"RPM-2011-01-13:3646:1","3646","2011-01-13","Sebastián Claro Edwards","1e68a859a42f3b70f3f9062f1931d44fb3ce964f09ed1ca0bceffa1681860069","COMA_ANTES_DE_OTRO_ACTOR_EN_PADRE","MISMO_PADRE_OTRO_ACTOR","True","","CANDIDATO_NO_ADJUDICADO","","El Consejero señor Sebastián Claro plantea que los vaivenes que exhiben las tasas largas en Alemania estarían determinados por el estrés financiero en Europa, ya que los datos de esa economía han sido bastante positivos en el margen,","lo cual es confirmado por el Gerente de Análisis Internacional señor Sergio Lehmann."
"RPM-2011-01-13:3650:1","3650","2011-01-13","Sergio Lehmann Beresi","09d60b9bc313565cac7806a7bdbb1008eb4fc4002c528771ec399cfba31f8828","OTRO_FINAL_SIN_PUNTUACION","MISMO_PADRE_OTRO_ACTOR","True","","CANDIDATO_NO_ADJUDICADO","","El Gerente de Análisis Internacional señor Sergio Lehmann confirma lo expresado por el señor Presidente","y el Gerente de División Estudios señor Luis Óscar Herrera, por su parte, explica que quienes argumentan que la apreciación de la moneda china es mayor, usan los datos de salarios, que han experimentado un alza de entre 15 y 20%, más allá d"
"RPM-2011-01-13:3670:1","3670","2011-01-13","Luis Óscar Herrera Barriga","19cddd9adbfcb20b38e9558f6eab0a8e89c3de1636d0ea4369ae6318b4820688","OTRO_FINAL_SIN_PUNTUACION","MISMO_PADRE_OTRO_ACTOR","True","","CANDIDATO_NO_ADJUDICADO",""," de División Estudios señor Luis Óscar Herrera aclara que este dato es la contraparte de las importaciones de bienes de consumo durables, que tienen trayectorias caracterizadas por caídas violentas del orden de 20%, y recuperaciones también","El Gerente de Análisis Macroeconómico señor Claudio Soto declara compartir también el planteamiento antedicho, no obstante lo cual señala que es preciso recordar que esa tasa está influida por el terremoto, que generó mayores importaciones "
"RPM-2011-02-17:3735:1","3735","2011-02-17","Beltrán de Ramón Acevedo","baa5c90488e58780e6257c6cd7341a721f491f2a70a8c33ae48f769928c2c6fa","OTRO_FINAL_SIN_PUNTUACION","MISMO_PADRE_OTRO_ACTOR","True","","CANDIDATO_NO_ADJUDICADO","","El señor Beltrán de Ramón sostiene que ello no ocurriría, porque la apuesta inicial era que subiría la tasa en 4 ó 5 oportunidades este año, y ahora se estima que solo lo hará 3 veces, la primera de ellas en la próxima reunión de marzo","El Vicepresidente señor Manuel Marfán expresa que en el caso de Estados Unidos, entiende que el punto central está en si acaso las tasas largas aumentaron como consecuencia de las proyecciones positivas o de las noticias negativas desde el "
"RPM-2011-02-17:3784:1","3784","2011-02-17","Claudio Soto Gamboa","2460b91e34fd47f31a97f873f1eccea436d14b8283a7a67531b51d9f485995de","TERMINO_FUNCIONAL_ABIERTO","MISMO_PADRE_OTRO_ACTOR","True","","CANDIDATO_NO_ADJUDICADO","","de este año, que demoró un mes en entrar en vigencia. En consecuencia, indica que el supuesto de trabajo considera que estos decretos se van a netear y habrá un traspaso a público en el mes de marzo, que generará una caída importante en las","El Consejero señor Enrique Marshall solicita que se explique si la sequía afectará las tarifas eléctricas y, eventualmente, las cuentas del agua potable en el sector residencial."
"RPM-2011-03-17:3843:1","3843","2011-03-17","Enrique Marshall Rivera","757be4b47d2adb859c3e8d8dba59a92863c4e4d319e786dc01c8014bcf82a107","COMA_ANTES_DE_OTRO_ACTOR_EN_PADRE","MISMO_PADRE_OTRO_ACTOR","True","","CANDIDATO_NO_ADJUDICADO","","ebe tener presente que esa información está atrasada y que el hecho de considerar la inflación promedio diluye el problema en cierta medida. En su opinión, las expectativas a fin de año reflejarían de mejor forma la situación inflacionaria,","lo cual es rebatido por el señor Luis Óscar Herrera, quien sostiene que, en general, las expectativas no son muy sensibles a ello."
"RPM-2011-03-17:3875:1","3875","2011-03-17","José De Gregorio Rebeco","90993ec0cf4797a425f5d4266106da97a744816a5378b47251b86c0ae3b67225","OTRO_FINAL_SIN_PUNTUACION","MISMO_PADRE_OTRO_ACTOR","True","","CANDIDATO_NO_ADJUDICADO","","que es inconveniente—, de tal forma que ello sea comunicado en la Minuta de esta Reunión, que se dará a conocer una semana antes de conocerse el dato de inflación, y no constituya una sorpresa si el dato efectivo llega a ser de esa magnitud","El señor Claudio Soto señala que algunos de los antecedentes que sustentan la proyección son los combustibles, respecto de los cuales no se espera una rebaja. Precisa que estos tendrían una incidencia de entre 0,5 y 0,6 en el IPC. Indica qu"
"RPM-2011-03-17:3887:1","3887","2011-03-17","Sebastián Claro Edwards","5666d2203a9a3b0334bfabc648e07131be9e1fe2b5ce7ff6634492f77fef5daa","OTRO_FINAL_SIN_PUNTUACION","MISMO_PADRE_OTRO_ACTOR","True","","CANDIDATO_NO_ADJUDICADO","","ga que en las condiciones actuales, es posible que los próximos ajustes vuelvan a la gradualidad anterior, en la medida que las condiciones así lo sugieran. a 4%. En consecuencia, el Consejero señor Sebastián Claro vota por aumentar la tasa","Al continuar con la votación, el Consejero señor Enrique Marshall comienza su intervención agradeciendo al staff e\ apoyo brindado en esta oportunidad. Plantea, en primer término, que las noticias del último mes están marcadas por el fuerte"
"RPM-2011-04-12:3906:1","3906","2011-04-12","José De Gregorio Rebeco","fe8d8497ff46f4afb9d72da4ef13a26c972e7bab34770fdc087a4af950fe2b82","COMA_ANTES_DE_OTRO_ACTOR_EN_PADRE","MISMO_PADRE_OTRO_ACTOR","True","","CANDIDATO_NO_ADJUDICADO","","El Presidente señor José De Gregorio piensa que la caída de tasas puede obedecer a expectativas de mayor inflación y mayor crecimiento,","en tanto que el Consejero señor Sebastián Claro estima que responde a expectativas de mayor inflación y menor crecimiento."
"RPM-2011-06-14:4096:2","4096","2011-06-14","Kevin Cowan Logan","0357374b4be2c705b42140b5146fe9fc0554dc229ea3433527529851b4f30b0c","COMA_ANTES_DE_OTRO_ACTOR_EN_PADRE","MISMO_PADRE_OTRO_ACTOR","True","","CANDIDATO_NO_ADJUDICADO","","El Gerente de División Política Financiera pregunta por los sectores que explican la corrección a la baja del crecimiento de las exportaciones reales,","a lo cual el señor Claudio Soto responde que obedece al sector minería."
"RPM-2011-06-14:4109:1","4109","2011-06-14","José De Gregorio Rebeco","7a8b5e32fbb7cd84aed0739b9d6bf4a4753065cc401137e2ea8de9f32d53d95a","COMA_OTRO_CONTEXTO","MISMO_PADRE_MISMO_ACTOR","True","","CANDIDATO_NO_ADJUDICADO","","El Presidente señor José De Gregorio agradece los comentarios del Gerente de División Política Financiera señor Kevin Cowan,","e informa que el Ministro de Hacienda señor Felipe Larraín, por intermedio de su Asesor señor Rodrigo Cerda, le ha hecho llegar su planteamiento, al que dará lectura a continuación."
"RPM-2011-07-14:4153:1","4153","2011-07-14","Manuel Marfán Lewis","60761a4d8c21a40656f78b05bd27632796fefe06d2557fbd2a3adccbc7793d0d","COMA_ANTES_DE_OTRO_ACTOR_EN_PADRE","MISMO_PADRE_OTRO_ACTOR","True","","CANDIDATO_NO_ADJUDICADO","","e precios respecto de lo que se esperaba. Agrega que, de acuerdo con los antecedentes disponibles, estos precios habrían registrado una caída mayor que lo anticipado, por una serie de eventos favorables en las cosechas y en los inventarios,","El señor Sergio Lehmann confirma que la caída de estos precios ha sido más favorable de lo esperado. Asimismo, y respondiendo a una consulta del Consejero señor Rodrigo Vergara, informa que el alza del precio del azúcar obedece a la menor p"
"RPM-2011-07-14:4182:1","4182","2011-07-14","José De Gregorio Rebeco","fd215b4074ce7f5be1ff22a21585def88967351aed531edd63858d9e0f6b794b","COMA_ANTES_DE_OTRO_ACTOR_EN_PADRE","MISMO_PADRE_OTRO_ACTOR","True","","CANDIDATO_NO_ADJUDICADO","","El Presidente señor José De Gregorio indica que las condiciones de demanda de créditos de consumo están mejorando,","lo cual es confirmado por el señor Claudio Soto, quien acota que las condiciones de oferta están cercanas a cero, lo que significa que no hay cambios respecto del trimestre anterior."
"RPM-2011-08-18:4220:2","4220","2011-08-18","Sergio Lehmann Beresi","8afa7624a5c724c2c8bd3cbdccb9f69f05b3ccf654ec1a151756ee3597037a9c","COMA_ANTES_DE_OTRO_ACTOR_EN_PADRE","MISMO_PADRE_OTRO_ACTOR","True","","CANDIDATO_NO_ADJUDICADO","","El señor Lehmann se compromete a revisar el gráfico,","en tanto que el Gerente de División Estudios señor Luis Óscar Herrera hace presente que considerar el spread Euribor- Eonia arroja los mismos resultados que el spread Libor-OIS."
"RPM-2011-08-18:4233:1","4233","2011-08-18","Luis Óscar Herrera Barriga","1d00389ccdc01aaa534ade5126c3e923721d09b4718918f52a9468ec8333451f","OTRO_FINAL_SIN_PUNTUACION","MISMO_PADRE_OTRO_ACTOR","True","","CANDIDATO_NO_ADJUDICADO","","El Gerente de División Estudios indica que ello obedece a una omisión","y el Gerente de Análisis Internacional agrega que, utilizando la misma metodología, Chile aparecería en rojo. En materia de proyecciones de crecimiento, el señor Lehmann presenta un resumen de las últimas revisiones efectuadas por JP Morgan"
"RPM-2011-08-18:4234:1","4234","2011-08-18","Sebastián Claro Edwards","df0a1b1fea6862e2b158b9b43bc3e12e594177005bb36785b1bdd309e47c188c","COMA_ANTES_DE_OTRO_ACTOR_EN_PADRE","MISMO_PADRE_OTRO_ACTOR","True","","CANDIDATO_NO_ADJUDICADO","","El Consejero señor Sebastián Claro consulta por las proyecciones discutidas en la reunión del Informe de Política Monetaria (IPoM) del día viernes 12,","a lo cual el señor Lehmann responde que para el año 2012 se espera un crecimiento de 1,5% para Estados Unidos, de 1% para Europa y de 8% para China."
"RPM-2011-10-13:4341:2","4341","2011-10-13","Sergio Lehmann Beresi","419d2d56704567d0b53ac589c22f65e94c4322b5c70fab73023fa45b2ada51f5","COMA_ANTES_DE_OTRO_ACTOR_EN_PADRE","MISMO_PADRE_OTRO_ACTOR","True","","CANDIDATO_NO_ADJUDICADO","","El señor Lehmann responde que ese es precisamente el objeto de la votación,","en tanto que el Vicepresidente señor Manuel Marfán agrega que votan porque otorgan su garantía."
"RPM-2011-10-13:4347:1","4347","2011-10-13","Rodrigo Vergara Montes","7534923a39c65ce9fb8502c19c186d2523179773a754945ccdc8500eb0ff8722","COMA_ANTES_DE_OTRO_ACTOR_EN_PADRE","MISMO_PADRE_OTRO_ACTOR","True","","CANDIDATO_NO_ADJUDICADO","","El Consejero señor Rodrigo Vergara formula la misma pregunta respecto de China,","a lo cual el señor Herrera señala que las proyecciones se han corregido a la baja. Destaca que el último dato puntual fue algo mejor, pero después de un trimestre en que las cifras habían estado mostrando expectativas de crecimiento más déb"
"RPM-2011-10-13:4350:2","4350","2011-10-13","Sergio Lehmann Beresi","ea10a88f75802d97302f9c58c2fd6e245276da7c15e550cab03343f55d10c6ae","OTRO_FINAL_SIN_PUNTUACION","MISMO_PADRE_OTRO_ACTOR","True","","CANDIDATO_NO_ADJUDICADO",""," Lehmann responde que se otorgan fundamentalmente a empresas pequeñas y a tasas que no son comparables con las oficiales, quedando en una situación mucho más vulnerable. Hace notar que ello da cuenta de una fragilidad del sistema productivo","El Consejero señor Sebastián Claro es de opinión que el tema más de fondo es la fuerte reducción del financiamiento a los bancos, porque tienen tasas de captación fijas. En consecuencia, la fragilidad de la banca se canaliza a través de fon"
"RPM-2011-10-13:4366:2","4366","2011-10-13","Rodrigo Cerda Norambuena","21a0a833fe8a0f77326fdd6221aedb64bd5096de27a0718512489b90e9b92e52","COMA_ANTES_DE_OTRO_ACTOR_EN_PADRE","MISMO_PADRE_OTRO_ACTOR","True","","CANDIDATO_NO_ADJUDICADO","","El Asesor del Ministro de Hacienda señor Rodrigo Cerda consulta por la velocidad de ventas del sector,","a lo cual el señor Claudio Soto responde que han estado creciendo, pero que no alcanzan aún los niveles observados antes de la crisis. En cuanto al empleo, el señor Claudio Soto destaca el alto dinamismo que se observa, especialmente en la "
"RPM-2011-12-13:4461:1","4461","2011-12-13","Rodrigo Vergara Montes","b996379bd4ff7c7f1a455a840c06a617aa503c41f4b097bf2ea34ee3de35cb60","COLA_BREVE_TRAS_PUNTUACION","MISMO_PADRE_OTRO_ACTOR","True","","CANDIDATO_NO_ADJUDICADO","","ergara informa que el señor Ministro de Hacienda señor Felipe Larraín no asistirá a la presente Sesión y, a continuación, da paso a la presentación del escenario externo, a cargo del Gerente de Análisis Internacional señor Sergio Lehmann. i","El señor Sergio Lehmann inicia su intervención refiriéndose a los principales desarrollos desde la última Reunión de Política Monetaria (RPM). En primer término, señala que se alcanzó un acuerdo fiscal para Europa, pero que no ha logrado re"
"RPM-2011-12-13:4470:1","4470","2011-12-13","Rodrigo Vergara Montes","5263ae83e4421a694042056a8f1f293811e8c3bda04b941359469121610ab81a","COMA_ANTES_DE_OTRO_ACTOR_EN_PADRE","MISMO_PADRE_OTRO_ACTOR","True","","CANDIDATO_NO_ADJUDICADO","","El Presidente señor Rodrigo Vergara plantea que los antecedentes expuestos permiten señalar que la situación es algo menos negativa,","lo cual es confirmado por el señor Lehmann."
"RPM-2012-03-15:4698:1","4698","2012-03-15","Enrique Marshall Rivera","641fff08eca1ba90a9b20a82d35c820024f0dfef55f49f503a3f19c1c3acb544","COMA_ANTES_DE_OTRO_ACTOR_EN_PADRE","MISMO_PADRE_OTRO_ACTOR","True","","CANDIDATO_NO_ADJUDICADO","","El Consejero señor Enrique Marshall consulta por el ritmo de crecimiento de las colocaciones de consumo,","a lo cual el señor Claudio Soto responde que su velocidad de expansión es inferior al 1%."
"RPM-2012-04-17:4753:1","4753","2012-04-17","Rodrigo Vergara Montes","574ec4d33762e4e99c62c67c119c8d5c08c103babfa5075186c981aef37a76e2","PIE_EDITORIAL_LITERAL","MISMO_PADRE_OTRO_ACTOR","True","","CANDIDATO_NO_ADJUDICADO","","El Presidente señor Rodrigo Vergara agradece la presentación del Gerente de Análisis Internacional señor Sergio Lehmann y, a continuación, ofrece la palabra para consultas o comentarios. Sesión N° 184 Página 8 de 26","El Consejero señor Joaquín Vial sugiere comenzar a analizar el mercado del gas natural, cuyo precio actual es muy bajo debido a que Estados Unidos no tiene capacidad para almacenar sus excedentes de este hidrocarburo, razón por la cual está"
"RPM-2012-04-17:4763:1","4763","2012-04-17","Joaquín Vial Ruiz-Tagle","65d9330c9211caead82684b0ee2ecf60f9aa121919ad6e48380a4d03f82369bd","COMA_ANTES_DE_OTRO_ACTOR_EN_PADRE","MISMO_PADRE_OTRO_ACTOR","True","","CANDIDATO_NO_ADJUDICADO","","El Consejero señor Joaquín Vial consulta por los programas de empleo de emergencia del Gobierno,","a lo cual el señor Soto responde que se dejó de efectuar un seguimiento de ellos, pero que los datos disponibles reflejan una incidencia bastante pequeña desde hace un par de años."
"RPM-2012-04-17:4766:1","4766","2012-04-17","Sebastián Claro Edwards","382de236052da125a27e01979a00ff391b0a9176cf32107f19f631a1c08c01d7","PIE_EDITORIAL_LITERAL","MISMO_PADRE_OTRO_ACTOR","True","","CANDIDATO_NO_ADJUDICADO",""," indexación”. Sobre el particular, plantea que ello siempre ha sido así y que, por lo tanto, lo que interesa saber es si los salarios, descontadas las cláusulas de indexación, crecen por sobre la productividad. Sesión N° 184 Página 12 de 26","El señor Claudio Soto indica que en el gráfico que se contiene en la referida lámina N° 48 se debiera incluir una línea que dé cuenta del crecimiento de la productividad, de tal forma que si a pesar de la corrección por productividad, se ob"
"RPM-2012-04-17:4770:1","4770","2012-04-17","Sebastián Claro Edwards","75e6ea3263527b79a9155ac2b84f66fac84d5475c8f89ae04270c6afc0b8b8d5","PIE_EDITORIAL_LITERAL","MISMO_PADRE_OTRO_ACTOR","True","","CANDIDATO_NO_ADJUDICADO","","El Consejero señor Sebastián Claro sostiene que ello mezcla el supuesto que el precio de frutas y verduras no se revierte durante el invierno, con otro respecto de los precios internacionales y de los márgenes. Sesión N° 184 Página 13 de 26","El señor Claudio Soto indica que el planteamiento del Consejero señor Sebastián Claro es correcto. En este sentido, señala que en cuanto al precio de los alimentos no perecibles, que están más asociados a los precios internacionales, se ha "
"RPM-2012-04-17:4771:2","4771","2012-04-17","Claudio Soto Gamboa","cd345dd6716eba3a14b622e3eb7ed60bcf70ca0cf94e578e265798abb5d056f8","PIE_EDITORIAL_LITERAL","MISMO_PADRE_OTRO_ACTOR","True","","CANDIDATO_NO_ADJUDICADO","","ulo ejemplar, comenta que el dólar se ha apreciado en el mundo y que el precio del cobre ha caído, empujando el tipo de cambio a una leve alza, hasta niveles no muy distintos de los vigentes al cierre del IPoM. Sesión N° 184 Página 14 de 26","El Presidente señor Rodrigo Vergara hace notar que el precio del cobre registra una caída importante, mientras que el aumento del tipo de cambio ha subido levemente, perdiéndose, en cierto grado, la alta correlación existente entre ambas va"
"RPM-2012-04-17:4782:1","4782","2012-04-17","Joaquín Vial Ruiz-Tagle","e747aeebd5ac610932006d846d20c90f91013f3441ee07bf7c1fc783ef3b8526","PIE_EDITORIAL_LITERAL","MISMO_PADRE_OTRO_ACTOR","True","","CANDIDATO_NO_ADJUDICADO",""," lo expuesto precedentemente y el hecho de que persisten riesgos importantes en el escenario internacional, concuerda con la recomendación formulada por la Gerencia en el sentido de mantener la TPM en 5% anual. Sesión N° 184 Página 18 de 26","El Presidente señor Rodrigo Vergara agradece la intervención del Consejero señor Joaquín Vial y, a continuación, concede la palabra al Consejero señor Sebastián Claro."
"RPM-2012-04-17:4784:1","4784","2012-04-17","Rodrigo Vergara Montes","9d0dffa82e03f243a304ca426ef46f9d9ffee7cbeb8caae30f8ddffafcdfd708","PIE_EDITORIAL_LITERAL","MISMO_PADRE_OTRO_ACTOR","True","","CANDIDATO_NO_ADJUDICADO","","El Presidente señor Rodrigo Vergara agradece al Consejero señor Sebastián Claro y, prosiguiendo con la votación, concede la palabra al Consejero señor Enrique Marshall. Sesión N° 184 Página 19 de 26","El Consejero señor Enrique Marshall inicia su intervención agradeciendo al staff por el apoyo proporcionado para esta Reunión. Indica que esta Sesión se efectúa dos semanas después de la divulgación del último IPoM, y que si bien las notici"
"RPM-2012-04-17:4787:1","4787","2012-04-17","Manuel Marfán Lewis","c6198e28756f87d78382e0a4c4007ed3b5499effb389a89565aecc9592c38b04","PIE_EDITORIAL_LITERAL","MISMO_PADRE_OTRO_ACTOR","True","","CANDIDATO_NO_ADJUDICADO","","artarse del escenario de política que está delineado en el IPoM, y que es por ello que su voto es por mantener la tasa de política monetaria en su nivel actual y por mantener inalterado el sesgo del Comunicado. Sesión N° 184 Página 22 de 26","El Presidente señor Rodrigo Vergara agradece la intervención del Vicepresidente señor Manuel Marfán, e inicia su intervención expresando su reconocimiento al staff por el excelente análisis expuesto precedentemente. Indica que desde la últi"
"RPM-2012-04-17:4788:1","4788","2012-04-17","Rodrigo Vergara Montes","519d76f642b1c94f6fddf6edbfba4d10c8c24a4c1bfb430b1dfde7c9fe611715","PIE_EDITORIAL_LITERAL","MISMO_PADRE_OTRO_ACTOR","True","","CANDIDATO_NO_ADJUDICADO","","expuestos, su voto es por mantener la TPM en 5% anual. En consecuencia, el Presidente señor Rodrigo Vergara deja constancia que se acuerda por unanimidad de los señores Consejeros mantener la TPM en 5,0% anual. Sesión N° 184 Página 23 de 26","A continuación, y siendo las 16:25 horas, se incorpora a la Sesión el Ministro de Hacienda señor Felipe Larraín."
"RPM-2012-05-17:4826:1","4826","2012-05-17","Rodrigo Vergara Montes","3caf16b078ec31903a12d71ff57d5ab2230ec7725cb5a937dbc5f7c5309017bb","COMA_ANTES_DE_OTRO_ACTOR_EN_PADRE","MISMO_PADRE_OTRO_ACTOR","True","","CANDIDATO_NO_ADJUDICADO","","El Presidente señor Rodrigo Vergara solicita que se precise lo referente a los gastos extrapresupuestarios,","a lo cual el Gerente de División Estadísticas señor Ricardo Vicuña aclara que estos se refieren a aquellos bienes y servicios que contempla la Ley de Gastos Reservados de las Fuerzas Armadas. Agrega que los bienes y servicios de consumo del"
"RPM-2012-06-14:4857:1","4857","2012-06-14","Rodrigo Vergara Montes","06bfdace5db4a74fc714be776b2f4ae52635f973547f3ef34e16b51942d5fbb9","OTRO_FINAL_SIN_PUNTUACION","MISMO_PADRE_OTRO_ACTOR","True","","CANDIDATO_NO_ADJUDICADO","","El Presidente señor Rodrigo Vergara consulta por la situación de Rusia","y sobre este aspecto, el Consejero señor Joaquín Vial manifiesta que el plan de expansión impulsado por el Presidente Putin ha generado dudas sobre la sostenibilidad fiscal de esa economía, especialmente en el contexto actual en que ha dism"
"RPM-2012-08-16:5003:1","5003","2012-08-16","Rodrigo Vergara Montes","d1cb28f5aa6efdc9c48400aa68b2722593d9d337bd6502df4802a53f2c6b5015","COMA_ANTES_DE_OTRO_ACTOR_EN_PADRE","MISMO_PADRE_OTRO_ACTOR","True","","CANDIDATO_NO_ADJUDICADO","","El Presidente señor Rodrigo Vergara, en relación con lo expuesto, hace presente que el gas registró una fuerte baja recientemente,","consignando el señor Claudio Soto que el perfil estacional de la gasolina debería subir y que en cuanto al gas, Metrogas anunció una baja de precios, la que no tiene mayor incidencia, porque beneficiará solo a una parte de la población que "
"RPM-2012-09-13:5061:1","5061","2012-09-13","Rodrigo Vergara Montes","373ee5455fa79fecad9ac11ba43f50d195ba7a4989780a30de72fef21b52f1af","COMA_ANTES_DE_OTRO_ACTOR_EN_PADRE","MISMO_PADRE_OTRO_ACTOR","True","","CANDIDATO_NO_ADJUDICADO","","El Presidente señor Rodrigo Vergara comenta la emisión de bonos efectuada por el Banco Santander,","precisando el señor Kevin Cowan que la emisión fue realizada el día de ayer y que su monto alcanzó a US$750 millones."
"RPM-2012-09-13:5072:1","5072","2012-09-13","Manuel Marfán Lewis","b83e3260592a77fe5f7baa24b03046b84bf05f3cc47c145c2009fd5c2eaa7c9c","COLA_BREVE_TRAS_PUNTUACION","MISMO_PADRE_OTRO_ACTOR","True","","CANDIDATO_NO_ADJUDICADO","","etas de inflación, las presiones de demanda generan respuestas de política monetaria que permiten que no se produzcan este tipo de presiones sobre la inflación. En razón de este planteamiento, solicita la opinión del staff sobre el tema. ■V","El Consejero señor Enrique Marshall señala que diferentes indicadores evidencian de manera creciente que la economía local se está desacelerando. En segundo término, indica que de acuerdo con las encuestas de expectativas, la economía se en"
"RPM-2012-09-13:5078:1","5078","2012-09-13","Luis Óscar Herrera Barriga","008917d4acd8b8fae47b8f87245d3590500ae63108f814abe14315d6dd773660","COLA_BREVE_TRAS_PUNTUACION","MISMO_PADRE_OTRO_ACTOR","False","TEXTO_DANADO_POR_COTEJAR","CANDIDATO_NO_ADJUDICADO","","e proceder a exponer las opciones que se han contemplado para la presente Reunión, el Gerente de Análisis Internacional señor Sergio Lehmann se referirá a las decisiones adoptadas por la Reserva Federal al mediodía de la presente jornada. V","El Gerente de Análisis Internacional señor Sergio Lehmann informa que la Reserva Federal anunció finalmente un nuevo programa denominado QE3, que contempla la compra de US$40 billones mensuales de MBS. Subraya que el monto total de esta ope"
"RPM-2012-10-18:5133:1","5133","2012-10-18","Rodrigo Vergara Montes","e38c178a3f27a3cf59fb91b348080f63786d24bdf4f347fceed9e5ed6a125261","COMA_ANTES_DE_OTRO_ACTOR_EN_PADRE","MISMO_PADRE_OTRO_ACTOR","True","","CANDIDATO_NO_ADJUDICADO","","El Presidente señor Rodrigo Vergara consulta por la consistencia entre estas estimaciones, las del Instituto Nacional de Estadísticas y las de la Asociación Chilena de Seguridad,","a lo que el señor Claudio Soto responde que todas ellas reflejan un panorama similar, aun cuando precisa que las estimaciones del INE no incluyen los datos de salarios agrícolas."
"RPM-2012-12-13:5252:2","5252","2012-12-13","Consejo del Banco Central de Chile","6407a0d7447b9c4b13a78bc3ce1350eb8183348320b437e4b2b820f0451ac145","COMA_ANTES_DE_OTRO_ACTOR_EN_PADRE","MISMO_PADRE_OTRO_ACTOR","True","","CANDIDATO_NO_ADJUDICADO","","Siendo las 16:30 horas, se reanuda la Reunión de Política Monetaria N° 193 y pasa a presidir la Sesión transitoriamente el Vicepresidente señor Manuel Marfán,","haciendo presente que el Presidente señor Rodrigo Vergara se incorporará posteriormente por cuanto se encuentra en una actividad propia del ejercicio de su cargo."
"RPM-2013-01-17:5286:1","5286","2013-01-17","Sergio Lehmann Beresi","b23a12832cff6a7f474b8e716c6ab59a9e9d3ee6f4120ee38873310bdf4efac5","COLA_BREVE_TRAS_PUNTUACION","MISMO_PADRE_OTRO_ACTOR","True","","CANDIDATO_NO_ADJUDICADO","","onitor cambiario, que no solo da cuenta de los movimientos de las paridades en términos diarios y acumulados, sino que también destaca las medidas /y adoptadas por otras economías, como posibles intervenciones cambiarías o de otra índole. i","No habiendo más consultas ni comentarios en lo concerniente al escenario internacional, el Presidente señor Rodrigo Vergara da paso a la exposición del escenario interno, a cargo del Gerente de Análisis Macroeconómico señor Claudio Soto."
"RPM-2013-01-17:5293:1","5293","2013-01-17","Luis Opazo Roco","35dc929a6b516259a9b060dc75292c5c8a886e678c43fe307d4ee1f6394f013e","COLA_BREVE_TRAS_PUNTUACION","MISMO_PADRE_OTRO_ACTOR","True","","CANDIDATO_NO_ADJUDICADO","","to no se expandirá en el margen. Agrega que de acuerdo con los últimos datos dados a conocer por la Superintendencia de Bancos e Instituciones Financieras el día anterior, las tasas hipotecarias se han mantenido o han aumentado levemente. f","El Consejero señor Enrique Marshall plantea la conveniencia de determinar el porcentaje de las viviendas que son adquiridas mediante créditos hipotecarios, atendido que, en ciertos segmentos socioeconómicos, muchas personas compran al conta"
"RPM-2013-02-14:5349:1","5349","2013-02-14","Sergio Lehmann Beresi","72e3fd99dbde33290a9b09f27cad357fc348656a3a4380f1dbd360a1bd3b28ee","PIE_EDITORIAL_LITERAL","MISMO_PADRE_OTRO_ACTOR","True","","CANDIDATO_NO_ADJUDICADO","","de especial preocupación de sus autoridades, quienes han aplicado algunas medidas para contenerla, tales como la rebaja de impuestos a los alimentos y una mayor tolerancia a la apreciación de su moneda. B A N C O C E N T R A L D E C H I L E","El Consejero señor Joaquín Vial deja constancia que no correspondería asociar las alzas de precios de alimentos con choques de oferta u otras situaciones anómalas. En su opinión, el comportamiento de dichos precios en Brasil en lo más recie"
"RPM-2013-02-14:5352:1","5352","2013-02-14","Rodrigo Vergara Montes","295b3df65de6743807da2c009ef8d0796b5a4d27ff37b87bfc900cc4347944fe","PIE_EDITORIAL_LITERAL","MISMO_PADRE_OTRO_ACTOR","True","","CANDIDATO_NO_ADJUDICADO","","El Presidente señor Rodrigo Vergara agradece la presentación del Gerente de Análisis Internacional señor Sergio Lehmann y, a continuación, ofrece la palabra para consultas y comentarios. B A N C O C E N T R A L D E C H I L E","El Vicepresidente señor Manuel Marfán observa que en cada Reunión de Política Monetaria se presenta un análisis en relación con lo tratado en la Sesión anterior. Sin perjuicio de ello, plantea la conveniencia de que se efectúe un recuento d"
"RPM-2013-02-14:5360:1","5360","2013-02-14","Luis Óscar Herrera Barriga","232a1069fb61b243f2415b9fc204fd70a327b5bba56f014524459cc57faa7cf5","PIE_EDITORIAL_LITERAL","MISMO_PADRE_OTRO_ACTOR","True","","CANDIDATO_NO_ADJUDICADO",""," esté financiado por flujos de capital, la economía chilena se verá expuesta a una situación más vulnerable, no así en la medida que dicho déficit se encuentre financiado con capital y recursos propios. B A N C O C E N T R A L D E C H I L E","No habiendo más consultas ni comentarios en lo concerniente al escenario internacional, el Presidente señor Rodrigo Vergara da paso a la exposición del escenario interno, a cargo del Gerente de Análisis Macroeconómico Subrogante señor Migue"
"RPM-2013-02-14:5366:1","5366","2013-02-14","Manuel Marfán Lewis","cf244f73ca97ac845ae263f11bad132cbeed01f6f14e1d7683e0d61c49f5e45f","PIE_EDITORIAL_LITERAL","MISMO_PADRE_OTRO_ACTOR","False","TEXTO_DANADO_POR_COTEJAR","CANDIDATO_NO_ADJUDICADO","","ia. Por último, destaca que el sector resto se ha acelerado, lo que tiene relevancia por cuanto es el considerado para efectos de medir las eventuales presiones inflacionarias en la economía nacional. i B A N C O C E N T R A L D E C H I L E","El Consejero señor Enrique Marshall, basado en los datos expuestos, concluye que sí bien se advierte una leve desaceleración de la economía, ella sigue creciendo algo por sobre su tendencia. En su opinión, para determinar si se está ante un"
"RPM-2013-02-14:5367:1","5367","2013-02-14","Miguel Fuentes Díaz","a408a0e07a035b9c142c60de38d13a853e57f1742cd621b316e1f54ad0f8bd5d","OTRO_FINAL_SIN_PUNTUACION","MISMO_PADRE_OTRO_ACTOR","False","PASAJES_CONJUNTOS_POR_DELIMITAR","CANDIDATO_NO_ADJUDICADO","","dvierte un impulso financiero significativo para el gasto y la actividad. Se solicita por parte de los señores Consejeros que se explique lo que representan los valores del eje derecho de ambos gráficos. B A N C O C E N T R A L D E C H IL E","En cuanto al gráfico referido a las colocaciones de consumo, el Gerente de División Estudios señor Luis Óscar Herrera señala, a título ejemplar, que si los consumidores reciben un flujo de $1.000 millones a título de crédito, eso les permit"
"RPM-2013-03-14:5418:1","5418","2013-03-14","Claudio Soto Gamboa","ff99bf4528f3ee9882861cf7d503eb7896bb1b0f3f71b4b7134f243a2f7d9d5e","OTRO_FINAL_SIN_PUNTUACION","MISMO_PADRE_OTRO_ACTOR","True","","CANDIDATO_NO_ADJUDICADO","","ector Resto, cuyo comportamiento ha llevado a corregir la proyección del PIB Resto levemente a la baja para la primera parte del presente año. Indica que el crecimiento de IMACEC antedicho no es coherente con el cierre de Cuentas Nacionales","y en este sentido, el Gerente de División Estadísticas señor Ricardo Vicuña precisa que la revisión marginal de este dato es de dos décimas, desde 6,7% a 6,5%."
"RPM-2013-04-11:5486:1","5486","2013-04-11","Rodrigo Vergara Montes","04945a6bee47038466ec6ee85ae5b48f24d9bb0ccd010ba3a1edcffd91720e03","COLA_BREVE_TRAS_PUNTUACION","MISMO_PADRE_OTRO_ACTOR","True","","CANDIDATO_NO_ADJUDICADO","","s envíos frutícolas en dicho mes, publicado recientemente, es similar al registrado en marzo del año pasado. En consecuencia, consulta si ello responde a un incremento de los precios de estos productos respecto de igual mes del año 2012 . /","El señor Ricardo Vicuña manifiesta que los precios para fines de exportación se estiman, ya que los envíos de fruta se efectúan a título de consignación. Explica que para tal efecto se realiza un ajuste histórico entre la estimación de prec"
"RPM-2013-04-11:5497:1","5497","2013-04-11","Matías Bernier Bórquez","67e259332f93d34c679a7d6de570368b81e8fb5985008a39eef0c3cb71ead106","COLA_BREVE_TRAS_PUNTUACION","MISMO_PADRE_OTRO_ACTOR","True","","CANDIDATO_NO_ADJUDICADO","","con otros eventos en el mercado externo, tales como las medidas adoptadas en Japón ya comentadas, que se han traducido en una apreciación masiva de varias monedas entre las cuales el peso chileno no ha sido la que más se ha apreciado. v\ /y","El Gerente de Análisis Macroeconómico retoma su presentación y señala que la trayectoria de la curva forward da cuenta de un cierto aplanamiento que a esta fecha se encuentra alineada con las expectativas que sugieren un alza de la tasa a c"
"RPM-2013-04-11:5500:1","5500","2013-04-11","Luis Óscar Herrera Barriga","f28c4664ab3d1c4c45974aa9a2bc6be72545faa91d5eea548a7459465af81ba7","COLA_BREVE_TRAS_PUNTUACION","MISMO_PADRE_OTRO_ACTOR","True","","CANDIDATO_NO_ADJUDICADO",""," de tasas de interés. El Gerente de División Estudios señor Luis Óscar Herrera concluye su presentación manifestando que conforme a lo antedicho, esa Gerencia propone al Consejo mantener la Tasa de Política Monetaria en su nivel actual. i \","El Presidente señor Rodrigo Vergara agradece la exposición del Gerente de División Estudios señor Luis Óscar Herrera y, a continuación, ofrece la palabra."
"RPM-2013-05-16:5519:1","5519","2013-05-16","Sebastián Claro Edwards","a516880a087185e22b9e909e26c80abe4edc769ada70a8408b1d1d0e7860e8a5","COMA_ANTES_DE_OTRO_ACTOR_EN_PADRE","MISMO_PADRE_OTRO_ACTOR","True","","CANDIDATO_NO_ADJUDICADO","","El Consejero señor Sebastián Claro consulta acerca de los factores que han incidido en la fuerte depreciación del dólar australiano y neozelandés,","precisando el señor Sergio Lehmann que los conforman las señales de preocupación por el tipo de cambio y un componente asociado a los términos de intercambio."
"RPM-2013-07-11:5639:1","5639","2013-07-11","Rodrigo Vergara Montes","28e8f5063df67f5dbd7b1aff877481c26faa4a03bac9e3c7ddffc663bde1c60c","COMA_ANTES_DE_OTRO_ACTOR_EN_PADRE","MISMO_PADRE_OTRO_ACTOR","True","","CANDIDATO_NO_ADJUDICADO","","El Presidente señor Rodrigo Vergara comenta que el gobierno portugués no ha descartado el otorgamiento de un nuevo conjunto de medidas de apoyo por parte de las instituciones internacionales, reflejando la complejidad de su situación,","lo que es corroborado por el señor Sergio Lehmann, quien precisa, además, que si bien esa noticia generó una reacción positiva en los mercados, los EMBI y los spreads se han mantenido elevados y más altos que hace un mes atrás, dando cuenta"
"RPM-2013-07-11:5643:1","5643","2013-07-11","Claudio Soto Gamboa","788acc04418662296db0e8badb474ed1bd585bd7bcc1171c35c28259db47ec75","COLA_BREVE_TRAS_PUNTUACION","MISMO_PADRE_OTRO_ACTOR","False","TEXTO_DANADO_POR_COTEJAR","CANDIDATO_NO_ADJUDICADO","","El Gerente de Análisis Macroeconómico señor Claudio Soto indica que se proporcionará esta información al término de la presentación del escenario internacional. y","El Consejero señor Joaquín Vial destaca que todas las regiones exhiban flujos de capitales negativos, lo que en su opinión daría cuenta de que los inversionistas están retirando sus posiciones de los mercados internacionales y regresando a "
"RPM-2013-07-11:5643:2","5643","2013-07-11","Joaquín Vial Ruiz-Tagle","932ad7cf9014223bf3db9e73b0e7bc3783e049066c01b70bd942326856b7876a","COMA_ANTES_DE_OTRO_ACTOR_EN_PADRE","MISMO_PADRE_OTRO_ACTOR","True","","CANDIDATO_NO_ADJUDICADO","","aquín Vial destaca que todas las regiones exhiban flujos de capitales negativos, lo que en su opinión daría cuenta de que los inversionistas están retirando sus posiciones de los mercados internacionales y regresando a sus países de origen,","lo cual es confirmado por el señor Sergio Lehmann."
"RPM-2013-07-11:5647:1","5647","2013-07-11","Rodrigo Vergara Montes","9d53758836e1e61e6422b764d808081dc69b1316f5594298a08dcf7f39445a72","COMA_ANTES_DE_OTRO_ACTOR_EN_PADRE","MISMO_PADRE_OTRO_ACTOR","True","","CANDIDATO_NO_ADJUDICADO","","El Presidente señor Rodrigo Vergara observa que las variaciones que acumulan las paridades desde el mes de diciembre de 2012 a la fecha difieren de las informadas por la Gerencia de Análisis Internacional en forma diaria,","por lo que el señor Sergio Lehmann se compromete a revisar dicha información. En lo atinente a las intervenciones cambiarías, hace presente que Perú ha vendido dólares estadounidenses con el propósito de moderar la depreciación de su moneda"
"RPM-2013-08-13:5719:1","5719","2013-08-13","Claudio Soto Gamboa","47c7f75ab026da59ca377d6f7d46ae18c377e6898a0025727572708e58166812","COLA_BREVE_TRAS_PUNTUACION","MISMO_PADRE_OTRO_ACTOR","True","","CANDIDATO_NO_ADJUDICADO","","aso de la minería. Añade que a nivel sectorial, las empresas perciben que sus inventarios se encuentran en niveles adecuados o equivalentes a los niveles históricos, en tanto que el comercio los percibe por sobre los niveles deseados. — f ■","El Presidente señor Rodrigo Vergara plantea que resulta de interés observar que el comercio perciba que sus inventarios son relativamente altos frente al importante dinamismo que han exhibido las ventas de este sector."
"RPM-2013-09-12:5764:1","5764","2013-09-12","Sebastián Claro Edwards","e0a3878652c55e07caeff0f5df47a0b9c004ac1ca9d28a5921138efcb553f2a6","COMA_ANTES_DE_OTRO_ACTOR_EN_PADRE","MISMO_PADRE_OTRO_ACTOR","True","","CANDIDATO_NO_ADJUDICADO","","El Consejero señor Sebastián Claro plantea que el empleo estructural en Estados Unidos de América ha cambiado lo que se habría potenciado con la última crisis,","a lo cual el señor Sergio Lehmann agrega que las personas en edad de pensionarse están trabajando más años y, por tanto, dejando con posterioridad la fuerza de trabajo."
"RPM-2013-09-12:5770:1","5770","2013-09-12","Rodrigo Vergara Montes","075ea43f1134abe3e83c2efd66f86cd8098e03a3b3322dc4d4ac17610371ea3f","COLA_BREVE_TRAS_PUNTUACION","MISMO_PADRE_OTRO_ACTOR","True","","CANDIDATO_NO_ADJUDICADO","","El Presidente señor Rodrigo Vergara solicita que se revise en detalle las medidas que se han adoptado en Turquía. /","El señor Sergio Lehmann se refiere a continuación a los precios de commodities, destacando los fuertes vaivenes registrados durante el mes. Hace presente que el precio del petróleo exhibió alzas significativas debido a los elevados riesgos "
"RPM-2013-09-12:5802:2","5802","2013-09-12","Rodrigo Vergara Montes","58687b1dacbb8437e4d1fd872e33ed0fca7fddde7dce34b1289f8802fdc36b52","OTRO_FINAL_SIN_PUNTUACION","MISMO_PADRE_OTRO_ACTOR","True","","CANDIDATO_NO_ADJUDICADO","","odrigo Cerda, le ha entregado su planteamiento por escrito, atendido que no podrá asistir a esta Sesión por razones propias de su cargo, de manera que procederá a darle lectura, con el objeto que quede inserto en el Acta de esta Sesión: ( ■","“El escenario económico internacional sigue mostrando un panorama incierto, con fluctuaciones relevantes en los mercados financieros y los precios de commodities, generando volatilidad en las economías exportadoras de estos productos. La Zo"
"RPM-2013-10-17:5821:1","5821","2013-10-17","Sergio Lehmann Beresi","d3311f6958d9db0e5d0bd1d6523dc418f07c26c9a525725bb92c3c3a74fc4635","COLA_BREVE_TRAS_PUNTUACION","MISMO_PADRE_OTRO_ACTOR","True","","CANDIDATO_NO_ADJUDICADO","","yectorias futuras del precio del gas y del petróleo WTI y Brent no exhiben mayores cambios, mientras que la referida al precio de la gasolina figura algo más baja que lo ^ proyectado el mes pasado y posteriormente se ajusta con ella. B A 'i","El Presidente señor Rodrigo Vergara agradece la presentación del Gerente de Análisis Internacional señor Sergio Lehmann y, a continuación, concede la palabra para consultas y comentarios."
"RPM-2013-11-19:5872:1","5872","2013-11-19","Manuel Marfán Lewis","49a1c7603b65c6ca6791f50ea103a2bff8246fef0d0b11fb8773d1b40a757bf4","COMA_ANTES_DE_OTRO_ACTOR_EN_PADRE","MISMO_PADRE_OTRO_ACTOR","True","","CANDIDATO_NO_ADJUDICADO","","El Vicepresidente señor Manuel Marfán consulta si la reducción de existencias corresponde a bienes exportables o de otra clase,","respondiendo el señor Claudio Soto que su gran componente es minería, pero también proviene del sector industrial."
"RPM-2014-02-18:6050:2","6050","2014-02-18","Joaquín Vial Ruiz-Tagle","59144d89e644e59ed72b778e24da580645641fcadca2aa4258bbdb2f88ac247c","OTRO_FINAL_SIN_PUNTUACION","MISMO_PADRE_OTRO_ACTOR","True","","CANDIDATO_NO_ADJUDICADO","","aíses relevantes se han reducido significativamente. Por otra parte, si bien el déficit en cuenta corriente ha disminuido, sigue siendo elevado dada la menor tolerancia que muestran los mercados financieros internacionales con las economías","El Presidente señor Rodrigo Vergara agradece la presentación del Consejero señor Joaquín Vial y, a continuación, concede la palabra al Consejero señor Sebastián Claro."
"RPM-2014-03-13:6058:1","6058","2014-03-13","Rodrigo Vergara Montes","36ed22ab75e7a3f0e2b61f4534b6af5ecf4870fbc9ddc0302b34fd2d77deec36","OTRO_FINAL_SIN_PUNTUACION","MISMO_PADRE_OTRO_ACTOR","True","","CANDIDATO_NO_ADJUDICADO","","o y dedicación demostrados durante su trayectoria en el Banco. A continuación, el Presidente señor Rodrigo Vergara ofrece la palabra al Gerente de Análisis Internacional señor Sergio Lehmann para efectos de que presente el escenario externo","El señor Sergio Lehmann inicia su intervención refiriéndose a las principales noticias de índole político que han tenido efectos en el plano económico desde la Reunión de Política Monetaria, RPM, precedente. En primer término, indica que el"
"RPM-2014-03-13:6065:1","6065","2014-03-13","Luis Óscar Herrera Barriga","dbe1980facedc5ca566a4b5657c42bafc2ae00cbaae5af4dd3019b2e9a7ad066","OTRO_FINAL_SIN_PUNTUACION","MISMO_PADRE_OTRO_ACTOR","True","","CANDIDATO_NO_ADJUDICADO","","tadoras de commodities, debido a que partió de tasas más altas y porque, a diferencia de otros países que por problemas cambiarios y de otra naturaleza no habían efectuado este tipo de ajuste, sí contaba con un espacio mayor para realizarlo","El Consejero señor Pablo García destaca el planteamiento del señor Luis Óscar Herrera, porque reflejaría que, a diferencia de Chile, varias economías no normalizaron su política monetaria en el período previo, sino que mantuvieron tasas exc"
"RPM-2014-03-13:6104:1","6104","2014-03-13","Alberto Arenas de Mesa","9ee97dbe2a02242c8ed9a10756b764c66fb4dbfdfd1013c503f60c127a0f8d1c","OTRO_FINAL_SIN_PUNTUACION","MISMO_PADRE_OTRO_ACTOR","True","","CANDIDATO_NO_ADJUDICADO","","con que actúa la política monetaria sobre la actividad, la mantención de la TPM en esta Reunión podría significar que el estímulo monetario requerido para hacer frente a esta desaceleración no se materialice dentro del horizonte de política","El Presidente señor Rodrigo Vergara agradece la opinión del Ministro de Hacienda señor Alberto Arenas y conforme al orden de esta Sesión, da paso al proceso de votación de las opciones planteadas por la Gerencia de División Estudios, ofreci"
"RPM-2014-04-17:6135:3","6135","2014-04-17","Miguel Fuentes Díaz","52b9b025fae80a1c487a712976760c6a416c751da95fd49335f104b394e25387","COMA_ANTES_DE_OTRO_ACTOR_EN_PADRE","MISMO_PADRE_OTRO_ACTOR","True","","CANDIDATO_NO_ADJUDICADO","","El señor Miguel Fuentes señala que dicha empresa ha informado un plan de inversión algo menor que el del año anterior,","en tanto el Gerente de División Estadísticas señor Ricardo Vicuña precisa que por el momento no ha reportado hasta esta fecha compras de aeronaves y agrega que hasta el año pasado, las importaciones de aeronaves para los vuelos entre las ci"
"RPM-2014-04-17:6149:1","6149","2014-04-17","Luis Óscar Herrera Barriga","3b2a70470c2286a806976d546c6614499a8fb2d68600653df837007f5bcfae60","OTRO_FINAL_SIN_PUNTUACION","MISMO_PADRE_OTRO_ACTOR","True","","CANDIDATO_NO_ADJUDICADO","","scar Herrera plantea que los movimientos que han registrado los salarios representan volatilidades menores comparadas con las habituales, no obstante lo cual constituyen ciertamente un tema de preocupación. En todo caso, atendidos los datos","El Consejero señor Joaquín Vial plantea la conveniencia de analizar este tema sobre la base de algunos elementos de carácter más cuantitativo, para fines de evitar errores reiterados en nuestras estimaciones. A modo de ejemplo, señala que e"
"RPM-2014-06-12:6257:5","6257","2014-06-12","Miguel Fuentes Díaz","61918dfd5618499158d709d7e23399e42850da3a2ccce7df17144330510efab0","COLA_BREVE_TRAS_PUNTUACION","MISMO_PADRE_OTRO_ACTOR","True","","CANDIDATO_NO_ADJUDICADO","","primer trimestre. En síntesis, expresa que el sector asociado a la edificación de obras de ingeniería se encuentra más deprimido, mientras que el asociado a edificación habitacional está contribuyendo a mantener el crecimiento del sector. 4","El Consejero señor Joaquín Vial plantea que al retroceso que exhibe el sector ligado a obras de ingeniería, se suman los serios problemas de márgenes que aquejan al sector inmobiliario desde hace algún tiempo y aquellos aspectos de la refor"
"RPM-2014-06-12:6274:1","6274","2014-06-12","Miguel Fuentes Díaz","f16c9344489328b28d3c028db026b8bd80e02d24caac23b37e9fe0c62e6097ec","OTRO_FINAL_SIN_PUNTUACION","MISMO_PADRE_OTRO_ACTOR","True","","CANDIDATO_NO_ADJUDICADO","","n para el mes de jumo se ha revisado al alza desde 0,1 a 0,2% y que el registro de septiembre, de 0,5%, sería el más elevado de aquí a fin de año. En términos anuales, en tanto, la inflación cerraría el año en 4% y el IPCSAE en 3,7%. k ^l.y","El Consejero señor Joaquín Vial observa que la proyección de inflación actual, así como las de los meses de abril y mayo, dan cuenta de una inflación anual al alza. En su opinión, atendido que el tipo de cambio se ha estabilizado frente a l"
"RPM-2014-06-12:6293:1","6293","2014-06-12","Rodrigo Vergara Montes","b219d7e0668295586f46f6c01c19a84f33283f64ad40bbbeca946ff8765ec066","OTRO_FINAL_SIN_PUNTUACION","MISMO_PADRE_OTRO_ACTOR","True","","CANDIDATO_NO_ADJUDICADO","","ca Monetaria en 4,0% anual. Como es tradicional para el caso de producirse votos disidentes, el Presidente señor Rodrigo Vergara consulta al Consejero señor Pablo García si desea sumarse a la votación de la mayoría de los señores Consejeros","y en este sentido, el Consejero señor Pablo García reitera su decisión de mantener su voto en orden a rebajar la TPM en 25 puntos base, a 3,75% anual."
"RPM-2014-09-11:6407:1","6407","2014-09-11","Sebastián Claro Edwards","6167670039eea89f49fa01b5d3840ea38ebcf43344108b9f56781b9151a3b3ca","COMA_ANTES_DE_OTRO_ACTOR_EN_PADRE","MISMO_PADRE_OTRO_ACTOR","True","","CANDIDATO_NO_ADJUDICADO","","El Consejero señor Sebastián Claro recuerda que en ese período se desarrollaron las marchas estudiantiles,","y el Gerente de División Operaciones Financieras señor Beltrán de Ramón agrega que los fondos de pensiones anotaron una fuerte caída en el mes de mayo de ese año."
"RPM-2014-09-11:6415:1","6415","2014-09-11","Rodrigo Vergara Montes","0f293fe3e140324a39952a9793fbf2e2871ebb9198e1e3b007cba596617373e6","COMA_ANTES_DE_OTRO_ACTOR_EN_PADRE","MISMO_PADRE_OTRO_ACTOR","True","","CANDIDATO_NO_ADJUDICADO","","El Presidente señor Rodrigo Vergara consulta por la fecha en que se espera la primera subida de tasa,","a lo cual el Gerente de Mercados Nacionales informa que el mercado estima que ella se materializará en el mes de julio del próximo año."
"RPM-2014-10-16:6450:1","6450","2014-10-16","Joaquín Vial Ruiz-Tagle","23a3c4fdf7cdc49d076682d4e1d0f68886c8dc4a01728e5cf03b0913e6b1a4b4","OTRO_FINAL_SIN_PUNTUACION","MISMO_PADRE_OTRO_ACTOR","True","","CANDIDATO_NO_ADJUDICADO","","El Consejero señor Joaquín Vial plantea que parte del problema radica en una subestimación del impacto de la desaceleración en China sobre el resto del mundo","El Consejero señor Pablo García plantea la conveniencia de revisar la evolución de las expectativas de crecimiento de la inversión y del desempeño efectivo a nivel mundial, de manera de afirmar el argumento planteado por el señor Alberto Na"
"RPM-2015-04-16:6730:2","6730","2015-04-16","Claudio Soto Gamboa","3584d1beb6256decf66f7c90cac8c5b52e94b8460583a67301c9f6abb3339208","PIE_EDITORIAL_LITERAL","MISMO_PADRE_OTRO_ACTOR","True","","CANDIDATO_NO_ADJUDICADO","","or Claudio Soto expresa que el dato spot es el mejor predictor del tipo de cambio futuro, y que se debe ser cautelosos con la información que entregan las encuestas, porque responde a timings distintos. B A N C O C E N T R A L D E C H I L E","El señor Alberto Naudon hace presente que los puntos forward reflejan básicamente el diferencial de tasas hoy día más que una expectativa del valor del tipo de cambio en el futuro. Añade que existe consenso en el mercado en cuanto a que la "
"RPM-2015-04-16:6733:1","6733","2015-04-16","Miguel Fuentes Díaz","5e90b95fb6c1a0bbe1f58495b6b287676855257b8e3c2d402da6fbd00e6912dd","PIE_EDITORIAL_LITERAL","MISMO_PADRE_OTRO_ACTOR","True","","CANDIDATO_NO_ADJUDICADO","","o contemplado. En consecuencia, esta propuesta no tiene relación con los costos del Transantiago, sino que busca reducir su déficit estructural. Acota que es una noticia que será seguida con atención. i B A N C O C E N T R A L D E C H I L E","El Ministro de Hacienda señor Alberto Arenas consigna que a lo planteado por el señor Miguel Fuentes se suma una propuesta del Gobierno — que implicará una discusión oarlamentaria— que tiene por objetivo constituir fuentes de financiamiento"
"RPM-2015-06-11:6813:1","6813","2015-06-11","Rodrigo Vergara Montes","2d6314b27c058135a384f481e67a30a14ed7368658e58a428fd938ac0cd270b4","COMA_ANTES_DE_OTRO_ACTOR_EN_PADRE","MISMO_PADRE_OTRO_ACTOR","True","","CANDIDATO_NO_ADJUDICADO","","El Presidente señor Rodrigo Vergara hace presente que la clasificación de riesgo de Grecia fue rebajada nuevamente,","precisando el señor Diego Gianelli que la agencia Standard & Poor’s bajó recientemente desde CCC+ a CCC la calificación de su deuda soberana."
"RPM-2015-06-11:6862:1","6862","2015-06-11","Rodrigo Vergara Montes","500edbd33c5708bcd68a82f939c0b281ba96413be1821d847a3191708ffc219e","COMA_ANTES_DE_OTRO_ACTOR_EN_PADRE","MISMO_PADRE_OTRO_ACTOR","True","","CANDIDATO_NO_ADJUDICADO","","El Presidente señor Rodrigo Vergara solicita al Fiscal señor Juan Pablo Araya que precise si existe algún impedimento para que el señor Subsecretario intervenga emitiendo su opinión durante el proceso de votación,","indicando el señor Fiscal que no hay ningún inconveniente reglamentario para dar lugar a ello y que inmediatamente a continuación se reanude el proceso de votación."
"RPM-2015-06-11:6862:4","6862","2015-06-11","Alejandro Micco","507ea69c38c90b17ee6c69ec57640c211d9d1af5826e65791f7b2888f46f6699","COLA_BREVE_TRAS_PUNTUACION","MISMO_PADRE_MISMO_ACTOR","False","TEXTO_DANADO_POR_COTEJAR","CANDIDATO_NO_ADJUDICADO","","idad cíclica de la economía, apuntaría a menores presiones inflacionarias en el mediano plazo. En esta línea, menciona que las expectativas inflacionarias en el horizonte de política se encuentran plenamente alineadas con el 3% del Banco. r","El señor Alejandro Micco resalta la importancia que las políticas fiscal y monetaria estén coordinadas para enfrentar el actual ciclo de nuestra economía. A este respecto, manifiesta que el Gobierno ha implementado una política fiscal con u"
"RPM-2015-07-14:6915:1","6915","2015-07-14","Rodrigo Vergara Montes","052d57806a55dace5e3495af73a48b4da6b84610ae07fb8e5d3d58661986f7b4","OTRO_FINAL_SIN_PUNTUACION","MISMO_PADRE_OTRO_ACTOR","True","","CANDIDATO_NO_ADJUDICADO","","El Presidente señor Rodrigo Vergara agradece la presentación del Consejero señor Sebastián Claro y, a continuación, concede la palabra al Vicepresidente señor Enrique Marshall","El Vicepresidente señor Enrique Marshall inicia su intervención agradeciendo al staff por el apoyo proporcionado para esta Reunión de Política Monetaria. Manifiesta que las noticias acumuladas en el último mes no han sido auspiciosas para n"
"RPM-2015-09-15:7008:1","7008","2015-09-15","Rodrigo Vergara Montes","0cf04912974ec608f15480d00d0193c23f95a5f57b976476fef4a668a86d6c1d","OTRO_FINAL_SIN_PUNTUACION","MISMO_PADRE_OTRO_ACTOR","True","","CANDIDATO_NO_ADJUDICADO","","visión a la baja del crecimiento del sector minería respecto de lo consignado en el último IPoM, desde 1 a -0,3% en el tercer trimestre y de 0,5 a -0,5% en el cuarto, y consulta por las razones que explican la caída adicional desde entonces","El señor Miguel Fuentes comenta que el dato de producción de Escondida del mes de julio fue particularmente malo, al registrar una caída superior a 40%, y se debe en parte a la tendencia de menor demanda esperada para el año fiscal 2015 - 2"
"RPM-2015-09-15:7044:1","7044","2015-09-15","Rodrigo Vergara Montes","e4610a647f28137a8136fa447ee83c7c9f4f4b072b34e1d3bde7675e808ee051","OTRO_FINAL_SIN_PUNTUACION","MISMO_PADRE_OTRO_ACTOR","True","","CANDIDATO_NO_ADJUDICADO","","tica Monetaria en 3% anual. Como es tradicional para el caso de producirse votos disidentes, el Presidente señor Rodrigo Vergara consulta al Consejero señor Joaquín Vial si desea sumarse a la votación de la mayoría de los señores Consejeros","y, en ese sentido, el Consejero señor Joaquín Vial reitera su decisión de mantener su voto en orden a aumentar la TPM en 25 puntos base, a 3,25% anual."
"RPM-2015-10-15:7058:1","7058","2015-10-15","Joaquín Vial Ruiz-Tagle","cc9e6f954625c48f30e763f47b7ead3f6847c58b47f4baa1a038d79459b63f36","OTRO_FINAL_SIN_PUNTUACION","MISMO_PADRE_OTRO_ACTOR","True","","CANDIDATO_NO_ADJUDICADO","","El Consejero señor Joaquín Vial señala que ello ayuda a explicar la depreciación que ha experimentado el peso colombiano","El Gerente de División Estudios señor Alberto Naudon precisa que la depreciación de dicha moneda supera en alrededor de 15 puntos porcentuales la del peso chileno. Además, hace notar que los riesgos de Brasil y Colombia están muy interrelac"
"RPM-2015-12-17:7176:1","7176","2015-12-17","Alberto Naudon Dell'Oro","c70f788a84f257c77475a28e67955e3fbce34b5b9a003d4295958438e2f0da6e","COMA_ANTES_DE_OTRO_ACTOR_EN_PADRE","MISMO_PADRE_OTRO_ACTOR","True","","CANDIDATO_NO_ADJUDICADO","","El señor Alberto Naudon reitera que no es habitual tener recesiones de esta intensidad y duración que no estén acompañadas de una crisis financiera,","agregando el Consejero señor Joaquín Vial que una alternativa posible es que el sector público esté en quiebra."
