ID_Intervencion	Fecha	Actor	N_Op	Tipo	Antes	Despues	Justificacion
RPM-2006-10-12:879:1	2006-10-12	Consejo del Banco Central de Chile	1	SIMBOLO_SUELTO	bajo la presidencia de! titular	bajo la presidencia del titular	El signo de admiracion ocupa el lugar de la ele de la contraccion 'del'. La formula de apertura de acta es fija en todo el corpus: 'bajo la presidencia del titular don'.
RPM-2006-10-12:881:1	2006-10-12	Sergio Lehmann Beresi	1	ACENTO_FALTANTE	el precio del cobre desciende en linea con lo esperado	el precio del cobre desciende en línea con lo esperado	Falta la tilde en 'linea'. La misma fila escribe 'en línea con el comportamiento' mas adelante, con tilde.
RPM-2006-10-12:881:1	2006-10-12	Sergio Lehmann Beresi	2	SIMBOLO_SUELTO	menores registros inflacionarios e;	menores registros inflacionarios e	Punto y coma intruso detras de la conjuncion 'e'. La oracion continua en la linea siguiente sin cierre sintactico.
RPM-2006-10-12:881:1	2006-10-12	Sergio Lehmann Beresi	3	LETRA_CONFUNDIDA	En lo que dice relación ai precio del petróleo	En lo que dice relación al precio del petróleo	'ai' no es palabra; la formula es 'en lo que dice relación al'. La i ocupa el lugar de la ele.
RPM-2006-10-12:881:1	2006-10-12	Sergio Lehmann Beresi	4	SIMBOLO_SUELTO	la trayectoria proyectada para el precio de!	la trayectoria proyectada para el precio del	El signo de admiracion ocupa el lugar de la ele de 'del'. Mismo artefacto que en 879:1.
RPM-2006-10-12:884:1	2006-10-12	Sergio Lehmann Beresi	1	LETRA_CONFUNDIDA	el precio promedio sería de LJS$ 2 por debajo	el precio promedio sería de US$ 2 por debajo	'LJS$' es una lectura optica de 'US$': la ele y la jota ocupan el lugar de la u y la ese. La misma fila escribe 'US$ 65 - US$ 70', 'US$ 61 el barril' y 'US$ 58 el barril' correctamente.
RPM-2006-10-12:896:1	2006-10-12	Igal Magendzo Weinberger	1	SIMBOLO_SUELTO	las expectativas de inflación de! sector privado	las expectativas de inflación del sector privado	El signo de admiracion ocupa el lugar de la ele de la contraccion 'del'. Mismo artefacto que en 879:1 y 881:1 de esta sesion.
RPM-2006-10-12:896:1	2006-10-12	Igal Magendzo Weinberger	2	ACENTO_INDEBIDO	nuevamente afectada a la baja por factores estaciónales	nuevamente afectada a la baja por factores estacionales	'estacional' es palabra grave terminada en l: no lleva tilde. La tilde intrusa cae sobre la o.
RPM-2006-10-12:896:1	2006-10-12	Igal Magendzo Weinberger	3	LETRA_CONFUNDIDA	la del MI que se ubicó en 16,1%	la del M1 que se ubicó en 16,1%	El contexto es explicito: 'agregados monetarios'. M1 es el agregado; la i mayuscula es una lectura optica del digito 1. La fila cita ademas BCP-2, BCU-5 y BCU-10 con digitos correctos, lo que confirma que solo esta ocurrencia se leyo mal.
RPM-2006-10-12:896:1	2006-10-12	Igal Magendzo Weinberger	4	PALABRA_OMITIDA	las cifras continúan siendo negativas por la alta base⏎comparación, lo que	las cifras continúan siendo negativas por la alta base de comparación, lo que	Falta la preposicion. La misma fila escribe la formula completa mas adelante: 'dada la alta base de comparación de septiembre de 2005'. No se inventa nada: se repite la forma que el propio texto trae.
RPM-2006-10-12:904:1	2006-10-12	Manuel Marfán Lewis	1	SALTOS_DE_LINEA	El⏎Consejero⏎señor⏎Marfán,⏎sobre⏎el⏎mismo⏎tema,⏎señala⏎que⏎la⏎Superintendencia	El Consejero señor Marfán, sobre el mismo tema, señala que la Superintendencia	Artefacto de justificacion del PDF: una palabra por linea durante doce palabras. El resto de la fila y de la sesion corta en el ancho normal. Se reune el texto sin alterar una sola letra.
RPM-2006-10-12:910:1	2006-10-12	Igal Magendzo Weinberger	1	ACENTO_FALTANTE	los⏎supuestos de los cuales no contamos con mayor información de qué porcentaje de lo producido⏎con valor agregado se exporto	los⏎supuestos de los cuales no contamos con mayor información de qué porcentaje de lo producido⏎con valor agregado se exportó	Pretérito indefinido: 'se exportó'. Sin tilde, 'exporto' es primera persona del presente y no tiene sujeto posible en la oracion. La oracion es indirecta y ya lleva tilde diacritica en 'qué', lo que confirma que el acento se perdió por lectura óptica y no por criterio del transcriptor.
RPM-2006-10-12:911:1	2006-10-12	Manuel Marfán Lewis	1	LETRA_CONFUNDIDA	que le gustarla tener una percepción	que le gustaría tener una percepción	La ele ocupa el lugar de la i en el condicional 'gustaría'. La misma fila usa el condicional correctamente más adelante: 'sería lo adecuado'.
RPM-2006-10-12:934:1	2006-10-12	Pablo García Silva	1	SALTOS_DE_LINEA	prolongado⏎del⏎esperado.⏎Asimismo,⏎menciona⏎el⏎señor García,⏎que⏎todo⏎esto,⏎desgraciadamente,	prolongado del esperado. Asimismo, menciona el señor García, que todo esto, desgraciadamente,	Artefacto de justificación del PDF: una palabra por línea. Segundo caso en esta sesión, después de 904:1. Se reúne el texto sin alterar una letra.
RPM-2006-10-12:935:1	2006-10-12	Esteban Jadresic Marinovic	1	LETRA_CONFUNDIDA	con todo y dado⏎ios datos de coyuntura	con todo y dado⏎los datos de coyuntura	La i ocupa el lugar de la ele en el artículo 'los'. Es un artefacto sistemático del escaneo de esta época: aparece 9 veces en el corpus.
RPM-2006-10-12:936:1	2006-10-12	Andrés Velasco Brañes	1	PALABRA_ERRONEA	¿cuál es la diferencia entre pausa y⏎estado estacional?.	¿cuál es la diferencia entre pausa y⏎estado estacionario?.	La misma fila escribe 'estado estacionario' dos veces, una antes y una después de esta ocurrencia. 'estacional' es una lectura óptica truncada de 'estacionario'. No se inventa: se repite la forma que la propia fila trae.
RPM-2006-10-12:936:1	2006-10-12	Andrés Velasco Brañes	2	PUNTUACION	"“en el escenario central se contemplan⏎más alzas"""	“en el escenario central se contemplan⏎más alzas”	"La cita abre con comilla tipográfica angular y cierra con comilla recta. Se cierra con el mismo carácter con que abrió. Mismo artefacto que en 'Aaa"" (2012-09-13) y 'tequila"" (2012-09-13)."
RPM-2006-10-12:940:1	2006-10-12	Jorge Desormeaux Jiménez	1	PALABRA_OMITIDA	proceso que podría observase ya a partir del⏎cuarto trimestre	proceso que podría observarse ya a partir del⏎cuarto trimestre	Después del condicional 'podría' sólo cabe infinitivo: 'observarse'. Falta la erre del pronombre átono. Es un carácter omitido, no una reconstrucción.
RPM-2006-10-12:940:1	2006-10-12	Jorge Desormeaux Jiménez	2	PUNTUACION	cuarto trimestre de este año. de acuerdo al Informe	cuarto trimestre de este año, de acuerdo al Informe	El punto corta la oración y lo que sigue abre en minúscula ('de acuerdo'), lo que prueba que el punto sobra. La minúscula es la evidencia dentro de la propia fila; se cambia por coma sin tocar una letra.
RPM-2006-10-12:941:1	2006-10-12	José De Gregorio Rebeco	1	LETRA_CONFUNDIDA	que estos factores habrá que⏎ponderados en nuestras decisiones futuras	que estos factores habrá que⏎ponderarlos en nuestras decisiones futuras	'ponderados' por 'ponderarlos': la de ocupa el lugar de la erre en una sustitución de un solo carácter. Después de 'habrá que' sólo cabe infinitivo con pronombre.
RPM-2006-10-12:942:1	2006-10-12	Vittorio Corbo Lioi	1	SALTOS_DE_LINEA	El⏎Presidente señor Vittorio⏎Corbo,⏎manifiesta que concuerda⏎con⏎los⏎antecedentes de la minuta	El Presidente señor Vittorio Corbo, manifiesta que concuerda con los antecedentes de la minuta	Tercer caso del artefacto de justificación del PDF en esta sesión, después de 904:1 y 934:1. Se reúne el texto sin alterar una letra.
RPM-2006-10-12:943:1	2006-10-12	Consejo del Banco Central de Chile	1	RESIDUO_PAGINACION	sus implicancias sobre la inflación proyectada.”⏎17.30 horas.⏎El Consejo aprueba el texto del Comunicado.	sus implicancias sobre la inflación proyectada.⏎El Consejo aprueba el texto del Comunicado.	Dos defectos contiguos, resueltos en una sola operación para que el 'Antes' exista en el texto virgen. (1) Comilla de cierre huérfana: el bloque del Comunicado abre con la palabra 'Comunicado' y nunca trae comilla de apertura (verificado: 0 ocurrencias en la fila); se elimina la huérfana porque agregar la que falta sería inventar un carácter. (2) Marca horaria suelta '17.30 horas.', sin sujeto ni verbo, colgada entre el Comunicado y su aprobación; el cierre ya consigna su hora ('Se levanta la Sesión a las 18:00 horas'), así que no se pierde información.
RPM-2006-01-12:531:1	2006-01-12	Sergio Lehmann Beresi	1	LETRA_CONFUNDIDA	El iSM, índice gerentes de compra	El ISM, índice gerentes de compra	Sigla en mayúsculas: la i minúscula ocupa el lugar de la I mayúscula. Mismo artefacto que 'MI' por 'M1' en 896:1 y 'ios' por 'los' en 935:1. La glosa que sigue ('índice gerentes de compra') confirma de qué indicador se habla.
RPM-2006-01-12:531:1	2006-01-12	Sergio Lehmann Beresi	2	ACENTO_FALTANTE	En relación al Indice de Gerentes de Compra	En relación al Índice de Gerentes de Compra	Falta la tilde en la I mayúscula. La misma fila trae la forma correcta más abajo: 'El índice de Gerentes de Compra también ha mostrado una trayectoria positiva'. El español exige la tilde también en mayúscula.
RPM-2006-01-12:531:1	2006-01-12	Sergio Lehmann Beresi	3	PALABRA_OMITIDA	Menciona los inventarios de petróleo se han mantenido en niveles adecuados	Menciona que los inventarios de petróleo se han mantenido en niveles adecuados	Falta la conjunción 'que' del régimen 'mencionar que'. La misma fila trae la fórmula completa: 'Menciona además, que las presiones de precio en economías desarrolladas se mantienen contenidas'. No se inventa: se repite la forma que la propia fila usa.
RPM-2006-01-12:533:1	2006-01-12	Pablo García Silva	1	LETRA_CONFUNDIDA	£1 peso se ha apreciado de manera significativa	El peso se ha apreciado de manera significativa	El signo de libra y el dígito 1 ocupan el lugar de la E y la ele de 'El'. La oración no admite otra lectura: '£1 peso' no es una cifra posible delante de 'se ha apreciado'.
RPM-2006-01-12:533:1	2006-01-12	Pablo García Silva	2	SIMBOLO_SUELTO	un crecimiento de entre 5%% y 6%%	un crecimiento de entre 5% y 6%	Símbolo de porcentaje duplicado en las dos cifras. La misma fila escribe '6,3% anual' y '4% del PIB' con un solo signo.
RPM-2006-01-12:533:1	2006-01-12	Pablo García Silva	3	SIMBOLO_SUELTO	La productividad de! trabajo se mantuvo estable	La productividad del trabajo se mantuvo estable	El signo de admiración ocupa el lugar de la ele de la contracción 'del'. Mismo artefacto que en 879:1, 881:1 y 896:1 de la sesión 2006-10-12.
RPM-2006-01-12:533:1	2006-01-12	Pablo García Silva	4	PALABRA_ERRONEA	tras un aumento significativo en parte del tercer y cuatro trimestre	tras un aumento significativo en parte del tercer y cuarto trimestre	Falta la erre en 'cuarto'. La misma fila trae la forma correcta: 'en el cuarto trimestre del año pasado'. La serie 'tercer y cuatro' tampoco cierra: los ordinales van tercero y cuarto.
RPM-2006-01-12:533:1	2006-01-12	Pablo García Silva	5	LETRA_CONFUNDIDA	la inflación anual del IRC debiese ubicarse por debajo de 3%	la inflación anual del IPC debiese ubicarse por debajo de 3%	La erre ocupa el lugar de la pe. Medido en las 9.723 filas: 'IRC' aparece 61 veces y 'IRCX1' 10, siempre en contexto de índice de precios; 'IPC' y sus variantes aparecen 1.867 veces. Es una confusión sistemática P por R del escaneo, no una sigla distinta. En esta fila el párrafo siguiente dice que 'la inflación converge a 3%'. Las otras ~70 ocurrencias se corregirán al leer sus filas, no por regla global.
RPM-2006-01-12:536:1	2006-01-12	Pablo García Silva	1	LETRA_CONFUNDIDA	señor Pablo García indica ai señor Ministro	señor Pablo García indica al señor Ministro	La i ocupa el lugar de la ele en la contracción 'al'. Mismo artefacto que en RPM-2006-10-12:881:1 ('en lo que dice relación ai precio del petróleo'). El régimen es 'indicar algo a alguien': no admite otra lectura.
RPM-2006-01-12:550:1	2006-01-12	Manuel Marfán Lewis	1	ACENTO_FALTANTE	no tiene por que ser la misma tasa de interés real	no tiene por qué ser la misma tasa de interés real	La locución 'tener por qué' lleva tilde diacrítica en 'qué': introduce una subordinada sustantiva, no una causal. Sin tilde, 'por que' sólo cabe en 'optar por que' y construcciones equivalentes, que no es el caso.
RPM-2006-01-12:557:1	2006-01-12	Rodrigo Valdés Pulido	1	SIMBOLO_SUELTO	el peso ha mostrado una leve depreciación respecto de! dólar	el peso ha mostrado una leve depreciación respecto del dólar	El signo de admiración ocupa el lugar de la ele de la contracción 'del'. Mismo artefacto que en 879:1, 881:1, 896:1 y 933:1.
RPM-2006-01-12:557:1	2006-01-12	Rodrigo Valdés Pulido	2	LETRA_CONFUNDIDA	(¡i) que la economía ya no requiere de un impulso importante y (iii)	(ii) que la economía ya no requiere de un impulso importante y (iii)	Es una enumeración (i), (ii), (iii): el punto de apertura (i) está bien, el segundo miembro salió con signo de admiración invertido en lugar de la segunda i, y el tercero está correcto. La serie misma es la evidencia; no se inventa nada.
RPM-2006-01-12:559:1	2006-01-12	Klaus Schmidt-Hebbel Dunker	1	ESPACIO_INDEBIDO	Concluye el Señor Schmidt- Hebbel manifestando	Concluye el Señor Schmidt-Hebbel manifestando	Espacio intruso después del guion del apellido. La misma fila lo escribe sin espacio en la apertura: 'El Gerente de Investigación Económica, señor Klaus Schmidt-Hebbel'. El campo Actor_Final de esta misma fila también trae la forma correcta.
RPM-2006-01-12:562:1	2006-01-12	Beltrán de Ramón Acevedo	1	PUNTUACION	Ello debe compararse con 5 alzas en las últimas 6 Reuniones de Política Monetaria..	Ello debe compararse con 5 alzas en las últimas 6 Reuniones de Política Monetaria.	Punto duplicado al cierre de la oración. La oración siguiente abre en mayúscula, así que basta un punto.
RPM-2006-01-12:563:1	2006-01-12	Nicolás Eyzaguirre Guzmán	1	ACENTO_INDEBIDO	en materia de intervención cambiaría como en términos de baja de tasas	en materia de intervención cambiaria como en términos de baja de tasas	Tilde mal puesta. 'Intervención cambiaria' es un término fijo y después de un sustantivo no cabe el condicional 'cambiaría'. Es el defecto sistemático más frecuente del corpus: 'cambiaría' por 'cambiaria' aparece 204 veces.
RPM-2006-01-12:563:1	2006-01-12	Nicolás Eyzaguirre Guzmán	2	PALABRA_OMITIDA	se desanclaran la expectativas	se desanclaran las expectativas	Falta la ese del artículo. La misma fila trae la forma correcta dos oraciones después: 'El caso es que las expectativas no se desanclaron'.
RPM-2006-01-12:570:1	2006-01-12	Manuel Marfán Lewis	1	SIMBOLO_SUELTO	agradece el análisis del staff-, y señala	agradece el análisis del staff, y señala	Guion suelto pegado a la coma. No cumple función de separación ni de rango.
RPM-2006-01-12:570:1	2006-01-12	Manuel Marfán Lewis	2	ACENTO_FALTANTE	las opiniones estas divididas	las opiniones están divididas	Falta la tilde del verbo 'estar'. La misma fila lo escribe bien varias veces: 'están dentro de la trayectoria', 'las expectativas son que'.
RPM-2006-01-12:570:1	2006-01-12	Manuel Marfán Lewis	3	PALABRA_PARTIDA	cuando lo correcto hubiera sido subirl a; vis a vis	cuando lo correcto hubiera sido subirla; vis a vis	Espacio intruso que parte el pronombre átono. Dos ocurrencias del mismo artefacto en la misma oración ('subirl a' y 'mantenerl a'); se corrigen por separado.
RPM-2006-01-12:570:1	2006-01-12	Manuel Marfán Lewis	4	PALABRA_PARTIDA	cuando lo correcto hubiera sido mantenerl a. En el primer caso	cuando lo correcto hubiera sido mantenerla. En el primer caso	Segunda ocurrencia del mismo artefacto, con el contexto necesario para que el 'Antes' sea único dentro de la fila.
RPM-2006-01-12:572:1	2006-01-12	José De Gregorio Rebeco	1	ESPACIO_INDEBIDO	nuestra proyección de inflación en un horizonte de 1 2 - 2 4 meses	nuestra proyección de inflación en un horizonte de 12 - 24 meses	Espacios intrusos dentro de los dos números. La forma correcta está en la sesión: 569:1 dice 'los valores esperados por el mercado para los próximos 12 a 24 meses apuntan al 3%' y 574:1 'en el horizonte habitual de política de 12 a 24 meses'.
RPM-2006-01-12:573:1	2006-01-12	Vittorio Corbo Lioi	1	LETRA_CONFUNDIDA	éste ha vuelto ha incrementarse después de haber experimentado	éste ha vuelto a incrementarse después de haber experimentado	Dos 'ha' seguidos son imposibles: el segundo es la preposición 'a'. 'Ha vuelto a incrementarse' es la única lectura gramatical.
RPM-2006-01-12:573:1	2006-01-12	Vittorio Corbo Lioi	2	LETRA_CONFUNDIDA	Por otra parte, ios agregados financieros vuelven a retomar un alto dinamismo	Por otra parte, los agregados financieros vuelven a retomar un alto dinamismo	La i ocupa el lugar de la ele en el artículo. Es el artefacto sistemático más frecuente del corpus después de 'cambiaría': 91 ocurrencias en 89 filas.
RPM-2006-01-12:574:1	2006-01-12	Consejo del Banco Central de Chile	1	PALABRA_PARTIDA	87-01-060112-T asa de Política Monetaria	87-01-060112-Tasa de Política Monetaria	Espacio intruso que parte la palabra 'Tasa' justo después del guion del código de acuerdo. Mismo artefacto documentado en '115-01-071113-T a s a' de la sesión 2007-11-13.
RPM-2011-10-13:4336:1	2011-10-13	Sergio Lehmann Beresi	1	PALABRA_SOBRANTE	salidas de bonos y de instrumentos de renta de variable	salidas de bonos y de instrumentos de renta variable	Preposición intrusa. La misma fila trae la forma correcta párrafos antes: 'también se han registrado salidas de instrumentos de renta variable, en línea con los movimientos de las bolsas'.
RPM-2011-10-13:4342:2	2011-10-13	Sergio Lehmann Beresi	1	LETRA_CONFUNDIDA	se utilicen fondos de los banpos, los gobiernos y del FEEF	se utilicen fondos de los bancos, los gobiernos y del FEEF	La pe ocupa el lugar de la ce. 'Banpos' no es palabra; la serie 'bancos, gobiernos y FEEF' cierra con los tres actores que el párrafo viene discutiendo.
RPM-2011-10-13:4342:2	2011-10-13	Sergio Lehmann Beresi	2	SIMBOLO_SUELTO	aún no hay una posición oficial 'f respecto del requerimiento de capital	aún no hay una posición oficial respecto del requerimiento de capital	Residuo de glifo: apóstrofo y efe sueltos entre 'oficial' y 'respecto'. La oración se lee completa sin ellos; no aportan nada y no son parte de ninguna palabra.
RPM-2011-10-13:4342:2	2011-10-13	Sergio Lehmann Beresi	3	ACENTO_INDEBIDO	aclara que este aún esta en discusión, esperándose una definición	aclara que este aún está en discusión, esperándose una definición	Tilde faltante. 'Este' es el sujeto y la oración no admite otra lectura: no hay otro verbo posible. Se aplica la sección 1 del criterio (un carácter equivocado donde debería ir otro), no la sección 2 (palabra omitida, que sí exige corroboración). Este caso se había marcado antes por error aplicando la regla de corroboración; se retira esa marca y se corrige.
RPM-2011-10-13:4344:1	2011-10-13	Sergio Lehmann Beresi	1	ACENTO_FALTANTE	ajustes a la baja en América Latina, Asia, Oceania y Europa emergente	ajustes a la baja en América Latina, Asia, Oceanía y Europa emergente	Falta la tilde en 'Oceanía'. No es una reconstrucción ambigua: el topónimo tiene una sola grafía en español y la serie es una enumeración de regiones, así que no hay otra lectura posible. Distinto de los casos que marco, donde faltaba una letra y cabían dos palabras.
RPM-2011-10-13:4353:1	2011-10-13	Sergio Lehmann Beresi	1	LETRA_CONFUNDIDA	que agentes no comerciales se deshagan se sus posiciones por razones	que agentes no comerciales se deshagan de sus posiciones por razones	La ese ocupa el lugar de la de. 'Deshacerse de' es una construcción pronominal fija y 'se deshagan se sus' no admite otra lectura: es un glifo mal leído, no una reconstrucción.
RPM-2011-10-13:4360:2	2011-10-13	Claudio Soto Gamboa	1	LETRA_CONFUNDIDA	una magnitud bastante más acotada que ei registrado en el año 2008	una magnitud bastante más acotada que el registrado en el año 2008	I latina en lugar de ele: 'ei' no es palabra. El artículo es obligado porque el mismo enunciado trae 'en el año 2008' inmediatamente después.
RPM-2011-10-13:4360:1	2011-10-13	Rodrigo Vergara Montes	1	PALABRA_OMITIDA	ya que los CDS han subido alrededor 70 puntos base	ya que los CDS han subido alrededor de 70 puntos base	Preposición omitida: 'alrededor' exige 'de' antes de la cantidad. La forma completa aparece 2 veces en esta misma sesión (filas 4344, 4366), así que hay corroboración en el acta y no se está inventando nada.
RPM-2011-10-13:4363:1	2011-10-13	Claudio Soto Gamboa	1	PALABRA_OMITIDA	los indicadores de consumo muestran una atenuación en su ritmo expansión	los indicadores de consumo muestran una atenuación en su ritmo de expansión	Preposición omitida. La forma completa está en la misma fila, dos oraciones después: 'ahora exhiben una cierta atenuación en su ritmo de expansión'. Se repone la que el acta ya trae.
RPM-2011-10-13:4384:1	2011-10-13	Manuel Marfán Lewis	1	ACENTO_INDEBIDO	la desaceleración de la demanda agregada prevista hacía fines de año	la desaceleración de la demanda agregada prevista hacia fines de año	Tilde indebida. 'Hacía' es el imperfecto de hacer y necesitaría un verbo finito al que sujetarse; aquí 'prevista' es participio, así que la única lectura posible es la preposición. Sección 1 del criterio: la oración no admite otra lectura.
RPM-2011-10-13:4384:1	2011-10-13	Manuel Marfán Lewis	2	PALABRA_ERRONEA	era natural prever de los agentes económicos moderarían su gasto	era natural prever que los agentes económicos moderarían su gasto	Conjunción sustituida. 'Prever de' no rige una subordinada con verbo conjugado. Corroborado con el corpus: 'prever que' aparece 33 veces y 'prever de' sólo 2 en todo el consolidado, una de ellas esta misma errata; dentro de la sesión 'prever que' está en 4366:1.
RPM-2011-10-13:4390:1	2011-10-13	Rodrigo Vergara Montes	1	SIMBOLO_SUELTO	producto de acuerdos preliminares en la Zona Euro,. Al respecto	producto de acuerdos preliminares en la Zona Euro. Al respecto	Coma suelta antes del punto de cierre. Medí el patrón ',.' en todo el corpus: aparece 98 veces y 95 de ellas son la fórmula de cierre de fila colgada ('A continuación,.', 'No habiendo más comentarios,.', 'Continuando con la votación,.'), que es un artefacto estructural del acta y no se toca. Este caso es distinto: la coma y el punto quedan a mitad de fila después de un sintagma común, así que es un símbolo suelto aislado, de la misma clase que el 'staff-,' y el apóstrofo-efe que ya se corrigieron.
RPM-2011-10-13:4388:1	2011-10-13	Felipe Larraín Bascuñán	1	PUNTUACION	el señor Felipe Larraín destaca, que el 30 de septiembre pasado	el señor Felipe Larraín destaca que el 30 de septiembre pasado	Coma intrusa entre el verbo y la subordinada. Medido en todo el consolidado: 'destaca que' aparece 772 veces y 'destaca, que' una sola. La oración no admite otra lectura y la forma correcta es abrumadoramente mayoritaria.
RPM-2011-10-13:4394:1	2011-10-13	Enrique Marshall Rivera	1	LETRA_CONFUNDIDA	agradeciendo al staff eI apoyo brindado	agradeciendo al staff el apoyo brindado	I mayúscula en lugar de ele minúscula. 'eI' no es palabra. Es la misma confusión de glifo ya corregida en '£1 peso'->'El peso'; medido, 'eI ' aparece 6 veces en el corpus.
RPM-2011-10-13:4394:1	2011-10-13	Enrique Marshall Rivera	2	SIMBOLO_SUELTO	reaccionar más adelante. i Asimismo, el Consejero	reaccionar más adelante. Asimismo, el Consejero	I latina suelta al comienzo de la oración, entre el punto y 'Asimismo'. La oración se lee completa sin ella. Mismo caso que el apóstrofo-efe de 4342:2 y el guión de 'staff-,'.
RPM-2011-10-13:4396:1	2011-10-13	Manuel Marfán Lewis	1	ACENTO_INDEBIDO	una elevada volatilidad cambiaría	una elevada volatilidad cambiaria	El adjetivo 'cambiaria' no lleva tilde; con tilde es el condicional del verbo cambiar y aquí modifica a 'volatilidad'. Es la confusión sistemática más frecuente del corpus: 'cambiaría' por 'cambiaria' aparece 204 veces y siempre se ha corregido cuando la fila lo permite. Esta fila no trae la forma correcta, pero el adjetivo es el único que cabe.
RPM-2011-10-13:4397:1	2011-10-13	José De Gregorio Rebeco	1	LETRA_CONFUNDIDA	ya que sigue en tomo a su meta	ya que sigue en torno a su meta	Eme en lugar de ene. Medido en el consolidado: 'en tomo a' aparece 24 veces y 'en torno a' 1.678. Es una confusión sistemática de glifo, de la misma clase que 'ios' por 'los' (91 veces), que el criterio manda corregir.
RPM-2011-10-13:4397:1	2011-10-13	José De Gregorio Rebeco	2	PALABRA_ERRONEA	sería muy raro también justificar porqué no se baja la tasa hoy	sería muy raro también justificar por qué no se baja la tasa hoy	'Porqué' sustantivo exigiría artículo ('el porqué'); sin él la única lectura es el interrogativo 'por qué'. Medido: 'por qué' 90 veces y 'porqué' 13 en el corpus, así que no es un patrón sistemático del transcriptor sino un caso aislado, y la oración no admite otra lectura.
RPM-2011-10-13:4398:1	2011-10-13	Consejo del Banco Central de Chile	1	LETRA_CONFUNDIDA	La profundizaclón de las tendencias observadas	La profundización de las tendencias observadas	Ele en lugar de i: 'cl' por 'ci'. Medido: 'profundizaclón' aparece 1 vez en todo el corpus y 'profundización' 42. La palabra mal escrita no existe.
RPM-2013-09-12:5754:1	2013-09-12	Consejo del Banco Central de Chile	1	PUNTUACION	doña Tatiana Vargas Manzo: Economista Senior, doña Ivonne Vera Reichert	doña Tatiana Vargas Manzo; Economista Senior, doña Ivonne Vera Reichert	Dos puntos en lugar de punto y coma. La lista de asistentes de esta misma fila separa cada cargo con punto y coma 15 veces; éste es el único dos puntos dentro de la enumeración (los otros dos están en 'Asisten también:' y abren la lista). La forma correcta está en la misma fila.
RPM-2013-09-12:5760:1	2013-09-12	Sergio Lehmann Beresi	1	PALABRA_OMITIDA	un porcentaje muy bajo del mercado esperaba en el mes enero pasado	un porcentaje muy bajo del mercado esperaba en el mes de enero pasado	Preposición omitida. La forma completa está dos veces en la misma fila: 'en el mes de agosto se estimaba' y 'a contar del mes de enero de 2014'.
RPM-2013-09-12:5762:1	2013-09-12	Sergio Lehmann Beresi	1	LETRA_CONFUNDIDA	mediante swaps cambíanos por la suma	mediante swaps cambiarios por la suma	Ene por ere. 'Cambíanos' no es palabra; el término es 'swaps cambiarios'. Medido: 'cambíanos' aparece 19 veces y 'cambiarios' 39, así que es una confusión sistemática de glifo, de la clase que el criterio manda corregir.
RPM-2013-09-12:5762:1	2013-09-12	Sergio Lehmann Beresi	2	LETRA_CONFUNDIDA	en Estados Unidos de América, ia Zona Euro, Alemania	en Estados Unidos de América, la Zona Euro, Alemania	I latina por ele. Medido: 'ia Zona Euro' aparece 2 veces y 'la Zona Euro' 720. Es la misma confusión ya corregida en 'indica ai señor Ministro'->'al señor'.
RPM-2013-09-12:5762:1	2013-09-12	Sergio Lehmann Beresi	3	ACENTO_INDEBIDO	Por otra parte, índica que uno de los elementos	Por otra parte, indica que uno de los elementos	Tilde en la sílaba equivocada: 'índica' no es palabra. Medido: aparece 45 veces en el corpus contra 2.366 de 'indica que'. Confusión sistemática y sin ambigüedad.
RPM-2013-09-12:5762:1	2013-09-12	Sergio Lehmann Beresi	4	SIMBOLO_SUELTO	a 2,5%; 3,8% y 1,2%, s - f ' respectivamente	a 2,5%; 3,8% y 1,2%, respectivamente	Basura de glifo entre la última cifra y 'respectivamente': una ese, un guión, una efe y un apóstrofo sueltos. No forman palabra ni símbolo y la oración se lee completa sin ellos. Es un residuo de la fuente, que la política de corrección manda eliminar.
RPM-2013-09-12:5765:1	2013-09-12	Sergio Lehmann Beresi	1	SIMBOLO_SUELTO	de sus importaciones. 9 En cuanto a Latinoamérica	de sus importaciones. En cuanto a Latinoamérica	Dígito 9 suelto entre dos oraciones: numeración de página o de nota del PDF original. Aparece una sola vez en el corpus y no pertenece a ninguna cifra del contexto (las cifras de la fila son porcentajes y años). Residuo de paginación.
RPM-2013-09-12:5770:1	2013-09-12	Rodrigo Vergara Montes	1	SIMBOLO_SUELTO	las medidas que se han adoptado en Turquía. /	las medidas que se han adoptado en Turquía.	Barra suelta al final de la fila, después del punto de cierre. Medido: aparece una sola vez en todo el corpus. No es puntuación ni abreviatura; es un residuo del original.
RPM-2013-09-12:5773:1	2013-09-12	Joaquín Vial Ruiz-Tagle	1	ACENTO_INDEBIDO	el contraste entre las políticas monetarias y cambiarías de los países emergentes	el contraste entre las políticas monetarias y cambiarias de los países emergentes	El adjetivo 'cambiarias' no lleva tilde; con tilde sería la segunda persona del condicional de cambiar, que aquí no tiene sujeto posible. Medido en el corpus: 'cambiarías' aparece 53 veces y 'cambiarias' 19, o sea la forma mal acentuada es mayoritaria, pero el contexto de esta fila no admite la lectura verbal. Es la misma errata sistemática ya corregida 204 veces en singular.
RPM-2013-09-12:5778:1	2013-09-12	Claudio Soto Gamboa	1	SIMBOLO_SUELTO	superando incluso su promedio histórico. ^ / ■ -i El señor Claudio Soto procede	superando incluso su promedio histórico. El señor Claudio Soto procede	Cuatro glifos sueltos entre el punto de cierre y la oración siguiente: acento circunflejo, barra, cuadrado negro y guión-i. No forman palabra, símbolo ni cifra. Es basura del escaneo entre dos oraciones que se leen completas sin ella.
RPM-2013-09-12:5787:1	2013-09-12	Claudio Soto Gamboa	1	SIMBOLO_SUELTO	sobre la situación para comprar artículos del hogar, f ' ' En lo relativo	sobre la situación para comprar artículos del hogar. En lo relativo	Tres glifos sueltos -una efe y dos apóstrofos- entre la coma y la oración siguiente. No forman palabra ni símbolo. Se eliminan y la coma pasa a punto porque 'En lo relativo' abre oración nueva en mayúscula; es la única puntuación que deja el texto legible sin agregar ni quitar palabras.
RPM-2013-09-12:5787:1	2013-09-12	Claudio Soto Gamboa	2	PUNTUACION	la demanda final ha sido revisada levemente desde un 5,6% a un 5.5%	la demanda final ha sido revisada levemente desde un 5,6% a un 5,5%	Punto decimal en lugar de coma. Medido dentro de la misma fila: hay 8 decimales escritos con coma (4,4% 4,0% 5,6% 5,8% 5,7% 4,2% 4,1%) y éste es el único con punto. La propia oración trae '5,6%' justo antes.
RPM-2013-09-12:5787:1	2013-09-12	Claudio Soto Gamboa	3	PALABRA_ERRONEA	las expectativas de las empresas han tenido a estabilizarse	las expectativas de las empresas han tendido a estabilizarse	Falta la de de 'tendido'. 'Tener a' no es construcción del español y 'tender a' es la única lectura. Corroborado dos veces: 'tendido' aparece 2 veces en esta misma fila, y en el corpus 'han tendido a' aparece 311 veces contra 16 de 'han tenido a'.
RPM-2013-09-12:5793:1	2013-09-12	Rodrigo Vergara Montes	1	PALABRA_OMITIDA	un grado de desintegración de la economía chilena respecto del resto mundo	un grado de desintegración de la economía chilena respecto del resto del mundo	Artículo-contracto omitido. Corroborado en la sesión: 'resto del mundo' aparece 3 veces en 2013-09-12 (filas 5771, 5807 y 5811) y 129 veces en el corpus, contra 1 sola de 'resto mundo', que es ésta.
RPM-2013-09-12:5798:2	2013-09-12	Rodrigo Vergara Montes	1	SIMBOLO_SUELTO	las opciones de política monetaria. H ^ .	las opciones de política monetaria.	Tres glifos sueltos después del punto de cierre: una hache, un acento circunflejo y un segundo punto. La oración ya está cerrada por su propio punto, así que el resto no aporta nada. Aparece una sola vez en el corpus.
RPM-2013-09-12:5802:3	2013-09-12	Felipe Larraín Bascuñán	1	PALABRA_OMITIDA	En el resultado del mes agosto destacó el aumento en el precio de la gasolina	En el resultado del mes de agosto destacó el aumento en el precio de la gasolina	Preposición omitida. Corroborado tres veces: 'mes de agosto' aparece 1 vez en esta misma fila y 17 veces en la sesión; en el corpus 'del mes de agosto' aparece 62 veces y 'del mes agosto' una sola, que es ésta.
RPM-2013-09-12:5802:3	2013-09-12	Felipe Larraín Bascuñán	2	SIMBOLO_SUELTO	en el componente de transables. / ' La inflación subyacente también se mantiene acotada	en el componente de transables. La inflación subyacente también se mantiene acotada	Barra y apóstrofo sueltos entre el punto de cierre y la oración siguiente, que arranca en mayúscula. No forman palabra ni símbolo. Aparecen una sola vez en el corpus.
RPM-2013-09-12:5803:1	2013-09-12	Joaquín Vial Ruiz-Tagle	1	ACENTO_INDEBIDO	la balanza se inclina por medidas de política monetaria y cambiaría orientadas a frenar la depreciación	la balanza se inclina por medidas de política monetaria y cambiaria orientadas a frenar la depreciación	El adjetivo 'cambiaria' no lleva tilde; con tilde es la primera persona del condicional de cambiar, que aquí no tiene sujeto. Es la errata sistemática más frecuente del corpus (204 apariciones en singular) y el contexto no admite la lectura verbal.
RPM-2012-05-17:4794:1	2012-05-17	Sergio Lehmann Beresi	1	ACENTO_INDEBIDO	la aplicación de planes de ajuste fiscal, tensíonando los mercados	la aplicación de planes de ajuste fiscal, tensionando los mercados	Tilde en la sílaba equivocada: 'tensíonando' no es palabra. El gerundio de 'tensionar' es llano y no lleva tilde. La oración no admite otra lectura (sección 1 del criterio) y la forma correcta aparece 2 veces en el corpus.
RPM-2012-05-17:4798:1	2012-05-17	Sergio Lehmann Beresi	1	PUNTUACION	se encuentran en los máximos históricos: y que los de Italia	se encuentran en los máximos históricos; y que los de Italia	Dos puntos en lugar de punto y coma dentro de una enumeración. La propia fila separa los cuatro miembros de la serie con punto y coma ('...y Alemania; que Australia... incrementos; que los de España...'); éste es el único dos puntos y corta la serie justo antes del último miembro. Mismo caso que el de 'Tatiana Vargas Manzo:' en 5754:1.
RPM-2012-05-17:4811:1	2012-05-17	Sergio Lehmann Beresi	1	ACENTO_INDEBIDO	que las colocaciones hipotecarías, después de haber mostrado sistemáticamente datos negativos	que las colocaciones hipotecarias, después de haber mostrado sistemáticamente datos negativos	El adjetivo 'hipotecarias' no lleva tilde; con tilde sería la segunda persona del condicional de hipotecar, que aquí no tiene sujeto. Medido: 'hipotecarías' aparece 1 vez y 'hipotecarias' 68. Misma clase que 'cambiaría' por 'cambiaria'.
RPM-2012-05-17:4811:1	2012-05-17	Sergio Lehmann Beresi	2	LETRA_CONFUNDIDA	que los precios de las viviendas han continuando descendiendo	que los precios de las viviendas han continuado descendiendo	Ene en lugar de de en el participio: después de 'han' sólo cabe participio, no gerundio. Medido: 'han continuando' aparece 2 veces en el corpus y 'han continuado' 180.
RPM-2012-05-17:4811:1	2012-05-17	Sergio Lehmann Beresi	3	ACENTO_FALTANTE	se advierte en Asia y Oceania, esta última afectada en algún grado	se advierte en Asia y Oceanía, esta última afectada en algún grado	Falta la tilde del topónimo. Medido: 'Oceania' aparece 18 veces y 'Oceanía' 6, o sea las dos formas conviven: eso es la firma de una transcripción inconsistente, no de una convención de la fuente (una convención sería uniforme, como 'la Secretario General' con 77 contra 0). El topónimo tiene una sola grafía en español. Es el mismo caso ya corregido en 4344:1.
RPM-2012-05-17:4816:1	2012-05-17	Sebastián Claro Edwards	1	LETRA_CONFUNDIDA	ya que aparte de algunas tensiones puntuarles en algunos mercados	ya que aparte de algunas tensiones puntuales en algunos mercados	Letras transpuestas: 'puntuarles' por 'puntuales'. Medido: 'puntuarles' aparece 1 vez en todo el corpus y 'puntuales' 264. La palabra mal escrita no existe.
RPM-2012-05-17:4827:1	2012-05-17	Claudio Soto Gamboa	1	ACENTO_INDEBIDO	El Gerente de Análisis Macroeconómíco señor Claudio Soto prosigue	El Gerente de Análisis Macroeconómico señor Claudio Soto prosigue	Tilde de más en la segunda i: 'Macroeconómíco' no es palabra. Medido: aparece 6 veces en el corpus contra 996 de 'Macroeconómico'. Sin ambigüedad.
RPM-2012-05-17:4827:1	2012-05-17	Claudio Soto Gamboa	2	LETRA_CONFUNDIDA	la masa salarial ha ¡do atenuando su ritmo de expansión	la masa salarial ha ido atenuando su ritmo de expansión	Signo de exclamación de apertura en lugar de la i. Es la misma confusión de glifo ya corregida en 'bajo la presidencia de! titular'->'del titular'. Después del auxiliar 'ha' sólo cabe el participio 'ido'. Medido: 'ha ¡do' aparece 6 veces y 'ha ido' 170.
RPM-2012-05-17:4827:1	2012-05-17	Claudio Soto Gamboa	3	LETRA_CONFUNDIDA	se registraron caídas en los perecióles y la carne	se registraron caídas en los perecibles y la carne	O acentuada en lugar de be en la misma posición: 'perecióles' no es palabra. Medido: aparece 10 veces en el corpus contra 166 de 'perecibles'.
RPM-2012-05-17:4835:1	2012-05-17	Luis Óscar Herrera Barriga	1	LETRA_CONFUNDIDA	las condiciones en el mercado labora! se mantienen estrechas	las condiciones en el mercado laboral se mantienen estrechas	Signo de exclamación de cierre en lugar de la ele final. Es la misma confusión de glifo ya corregida en 'bajo la presidencia de! titular'->'del titular' y en 'ha ¡do'->'ha ido'. Medido: 'mercado labora!' aparece una sola vez en el corpus y 'mercado laboral' cientos de veces; la palabra truncada no existe.
RPM-2012-05-17:4839:1	2012-05-17	Felipe Larraín Bascuñán	1	ACENTO_INDEBIDO	De hecho, índica que en la Reunión del mes de abril	De hecho, indica que en la Reunión del mes de abril	Tilde en la sílaba equivocada: 'índica' no es palabra. Medido: aparece 45 veces en el corpus contra 2.366 de 'indica que'. Es la misma errata ya corregida en 5762:1.
RPM-2012-05-17:4839:1	2012-05-17	Felipe Larraín Bascuñán	2	ESPACIO_FALTANTE	tras un 11,9% en marzo y un13% en febrero	tras un 11,9% en marzo y un 13% en febrero	Falta el espacio entre el artículo y la cifra. La propia oración trae 'un 11,9%' con espacio inmediatamente antes, así que la forma correcta está en la misma fila. Medido: 'un13%' aparece una sola vez en el corpus.
RPM-2012-05-17:4843:1	2012-05-17	Sebastián Claro Edwards	1	ACENTO_INDEBIDO	financíamiento	financiamiento	Tilde de más: 'financiamiento' es llana terminada en vocal y no lleva tilde. Aparece 3 veces en esta misma fila y las tres son el mismo defecto, por eso se declara Ocurrencias: 3. Medido en el corpus: 'financíamiento' contra 'financiamiento' sin tilde, que es abrumadoramente mayoritario.
RPM-2012-05-17:4845:1	2012-05-17	Enrique Marshall Rivera	1	PALABRA_ERRONEA	los precios de las materia primas han caído	los precios de las materias primas han caído	Falta la ese del plural. Corroborado en la misma fila, que más adelante escribe 'la evolución observada por los precios de las materias primas'. Medido en el corpus: 'las materia primas' aparece 1 vez y 'las materias primas' 203.
RPM-2012-05-17:4849:3	2012-05-17	Consejo del Banco Central de Chile	1	RESIDUO_PAGINACION	En los últimos meses, los Página 31 de 31 indicadores económicos de Estados Unidos	En los últimos meses, los indicadores económicos de Estados Unidos	Pie de página del PDF original incrustado a mitad de oración, entre 'los' e 'indicadores'. No pertenece al texto: la oración se lee completa sin él. La política de corrección autoriza explícitamente eliminar la numeración de páginas. Medido: el patrón 'Página N de N' aparece 26 veces en 22 filas del corpus, 20 de ellas en la sesión 2012-04-17 que aún está pendiente, 1 aquí y 1 en 5221:3.
RPM-2012-11-13:5221:3	2012-11-13	Consejo del Banco Central de Chile	1	RESIDUO_PAGINACION	permanecen alineadas con la meta. Página 30 de 30 El Consejo reafirma	permanecen alineadas con la meta. El Consejo reafirma	Pie de página del PDF original incrustado entre dos oraciones completas. Se me pasó al leer la sesión 2012-11-13 (rondas 107-113) porque en ese momento todavía no había medido el patrón; lo encontré ahora al contar las ocurrencias de 'Página N de N' en todo el corpus. Es un residuo de paginación, que la política de corrección autoriza eliminar.
RPM-2007-09-13:1408:1	2007-09-13	Sergio Lehmann Beresi	1	LETRA_CONFUNDIDA	desde junio ai 11 de septiembre de este año	desde junio al 11 de septiembre de este año	I latina en lugar de ele en la contracción. Es la misma confusión ya corregida en 'indica ai señor Ministro'->'al señor Ministro'. Aparece una sola vez en el corpus.
RPM-2007-09-13:1408:1	2007-09-13	Sergio Lehmann Beresi	2	PALABRA_ERRONEA	no representan un cambio significativo respecto a Consensúa Economic Forecast	no representan un cambio significativo respecto a Consensus Economic Forecast	La fuente está mal escrita. La forma correcta está en la misma fila, unos párrafos antes: 'la proyección basada en Consensus Economic Forecast y los bancos de inversión'. En el corpus 'Consensus Economic Forecast' aparece 3 veces y 'Consensúa' una sola.
RPM-2007-09-13:1408:1	2007-09-13	Sergio Lehmann Beresi	3	LETRA_CONFUNDIDA	se observa la evolución que ha tenido el precio del petróleo BTI	se observa la evolución que ha tenido el precio del petróleo WTI	Be en lugar de uve doble. Medido: 'BTI' aparece 4 veces en el corpus y las cuatro son exactamente 'el (precio del) petróleo BTI' en contexto de precio, contra 153 de 'WTI'. Cuando la fuente quiere decir Brent lo escribe completo: 'Brent' aparece 137 veces. Es una confusión de glifo sistemática, de la clase que el criterio manda corregir.
RPM-2007-09-13:1408:1	2007-09-13	Sergio Lehmann Beresi	4	PALABRA_OMITIDA	el aumento ha sido más menos de 30% en los últimos treinta días	el aumento ha sido más o menos de 30% en los últimos treinta días	Falta la conjunción de la locución fija 'más o menos'. Corroborado: 'más o menos' aparece 1 vez en esta misma sesión y 99 veces en el corpus; 'más menos' aparece sólo 2 veces en todo el consolidado y ambas en esta fila.
RPM-2007-09-13:1408:1	2007-09-13	Sergio Lehmann Beresi	5	PALABRA_OMITIDA	la proyección que se tenía hace más menos un mes atrás	la proyección que se tenía hace más o menos un mes atrás	Misma locución que la operación anterior, segunda ocurrencia en esta fila. Se corrige por separado porque los dos 'Antes' son cadenas distintas y no se pisan.
RPM-2007-09-13:1410:2	2007-09-13	Beltrán de Ramón Acevedo	1	PALABRA_PARTIDA	que tener liquidez en el m ercado internacional representa un valor	que tener liquidez en el mercado internacional representa un valor	Espacio intrapalabra, artefacto del escaneo. Medido: 'm ercado' aparece 6 veces en el corpus y 'mercado' 6.126.
RPM-2007-09-13:1410:2	2007-09-13	Beltrán de Ramón Acevedo	2	PALABRA_PARTIDA	Indica que a pesar de estos cambios m etodológicos dichos bonos	Indica que a pesar de estos cambios metodológicos dichos bonos	Mismo artefacto. Medido: 'm etodológicos' aparece 1 vez en el corpus y 'metodológicos' 20. Nótese que la misma oración trae 'más o menos' escrito correctamente, lo que confirma que la locución de la fila anterior sí lleva la conjunción.
RPM-2007-09-13:1411:1	2007-09-13	Manuel Marfán Lewis	1	PALABRA_PARTIDA	desconoce si efectivam ente los CDS excluyen o no a las empresas públicas	desconoce si efectivamente los CDS excluyen o no a las empresas públicas	Espacio intrapalabra. Medido: 'efectivam ente' aparece 2 veces en el corpus y 'efectivamente' 309.
RPM-2007-09-13:1413:3	2007-09-13	José De Gregorio Rebeco	1	ACENTO_FALTANTE	éstos estarían algo más bajos y seria un buen momento para adquirirlos	éstos estarían algo más bajos y sería un buen momento para adquirirlos	Tilde faltante. 'Seria' es el adjetivo femenino y aquí hace falta el condicional: la oración no admite otra lectura (sección 1). 'Sería' aparece 1.255 veces en el corpus.
RPM-2007-09-13:1420:1	2007-09-13	Esteban Jadresic Marinovic	1	PALABRA_PARTIDA	lo que le preocupa tiene que ver con un tem a de liquidez	lo que le preocupa tiene que ver con un tema de liquidez	Espacio intrapalabra, artefacto del escaneo: la palabra está partida en dos. No es una reconstrucción, se reúne sin alterar una letra. Medido: 'tem a' aparece 1 vez en el corpus y 'tema' 1.258.
RPM-2007-09-13:1420:1	2007-09-13	Esteban Jadresic Marinovic	2	PALABRA_PARTIDA	No es lo que habitualm ente se utiliza	No es lo que habitualmente se utiliza	Espacio intrapalabra, artefacto del escaneo: la palabra está partida en dos. No es una reconstrucción, se reúne sin alterar una letra. Medido: 'habitualm ente' aparece 1 vez y 'habitualmente' 84.
RPM-2007-09-13:1422:1	2007-09-13	Rodrigo Valdés Pulido	1	PALABRA_PARTIDA	si nuestro CDS tiene o no liquidez suficiente porque tam bién podría ser	si nuestro CDS tiene o no liquidez suficiente porque también podría ser	Espacio intrapalabra, artefacto del escaneo: la palabra está partida en dos. No es una reconstrucción, se reúne sin alterar una letra. Medido: 'tam bién' aparece 9 veces en el corpus y 'también' 4.809.
RPM-2007-09-13:1422:1	2007-09-13	Rodrigo Valdés Pulido	2	PALABRA_PARTIDA	que esto sea una punta que no se mueve, sim plem ente porque no se transa	que esto sea una punta que no se mueve, simplemente porque no se transa	Espacio intrapalabra, artefacto del escaneo: la palabra está partida en dos. No es una reconstrucción, se reúne sin alterar una letra. Medido: 'sim plem ente' aparece 2 veces y 'simplemente' 95.
RPM-2007-09-13:1422:1	2007-09-13	Rodrigo Valdés Pulido	3	PALABRA_PARTIDA	el señor Valdés se pregunta si acaso el riesgo soberano es el m ejor indicador	el señor Valdés se pregunta si acaso el riesgo soberano es el mejor indicador	Espacio intrapalabra, artefacto del escaneo: la palabra está partida en dos. No es una reconstrucción, se reúne sin alterar una letra. Medido: 'm ejor' aparece 2 veces y 'mejor' 1.244.
RPM-2007-09-13:1422:1	2007-09-13	Rodrigo Valdés Pulido	4	LETRA_CONFUNDIDA	cambiarlo	cambiario	"cambiarlo por cambiario. Misma familia: el OCR puso una l donde va una i. Medido: 60 apariciones, de las cuales 16 son ""cambiarlos"" (la forma larga contiene a la corta, y esta regla las corrige tambien). 6 son el infinitivo legitimo y sus filas quedan excluidas: ""habria que cambiarlos por papeles"" (2006-08-10:812:1), ""hay que cambiarlo"" (2006-11-16:980:1), ""haya que cambiarlo"" (2007-03-15:1146:1), ""no puede cambiarlo"" (2008-08-14:2022:1), ""no hay antecedentes para cambiarlo"" (2010-08-12:3317:1), ""razones para cambiarlo"" (2012-05-17:4843:1). Las 54 restantes son adjetivas: ""el lado cambiarlo"", ""en lo cambiarlo"", ""los mercados financieros y cambiarlos"". Los 11 contextos con palabra funcion delante se revisaron uno por uno."
RPM-2007-09-13:1423:1	2007-09-13	José De Gregorio Rebeco	1	ACENTO_FALTANTE	este gráfico que ha ocupado parte importante de la Reunión de Politica Monetaria	este gráfico que ha ocupado parte importante de la Reunión de Política Monetaria	Tilde faltante. Medido: 'Politica Monetaria' sin tilde aparece 8 veces en el corpus y 'Política Monetaria' 3.205. La palabra no admite otra lectura.
RPM-2007-09-13:1423:1	2007-09-13	José De Gregorio Rebeco	2	PALABRA_PARTIDA	debiera estar claram ente contenido en la Minuta de esta Sesión	debiera estar claramente contenido en la Minuta de esta Sesión	Espacio intrapalabra, artefacto del escaneo: la palabra está partida en dos. No es una reconstrucción, se reúne sin alterar una letra. Medido: 'claram ente' aparece 1 vez y 'claramente' 469.
RPM-2007-09-13:1425:1	2007-09-13	Manuel Marfán Lewis	1	PALABRA_ERRONEA	consulta porqué la tasa de interés Libor está subiendo	consulta por qué la tasa de interés Libor está subiendo	'Porqué' sustantivo exigiría artículo; sin él la única lectura es el interrogativo. Medido: 'consulta porqué' aparece 1 vez y 'consulta por qué' 10. Es el mismo caso ya corregido en 4397:1.
RPM-2007-09-13:1425:1	2007-09-13	Manuel Marfán Lewis	2	PALABRA_ERRONEA	esta situación no es producto del fiy to safety sino más bien	esta situación no es producto del flight to safety sino más bien	'Fiy' no es palabra en ningún idioma: es 'flight' mal leído. La locución 'flight to safety' aparece 3 veces en el corpus escrita correctamente y es el término financiero fijo para la huida hacia activos refugio, que es justo el concepto que la oración discute.
RPM-2007-09-13:1429:1	2007-09-13	Jorge Desormeaux Jiménez	1	PALABRA_PARTIDA	de manera que sim plem ente quiere llamar la atención	de manera que simplemente quiere llamar la atención	Espacio intrapalabra, artefacto del escaneo: la palabra está partida en dos. No es una reconstrucción, se reúne sin alterar una letra. Segunda ocurrencia de este artefacto en la sesión.
RPM-2007-09-13:1431:1	2007-09-13	Enrique Marshall Rivera	1	PALABRA_PARTIDA	un elemento que refuerza este escenario algo m ás optimista	un elemento que refuerza este escenario algo más optimista	Espacio intrapalabra, artefacto del escaneo: la palabra está partida en dos. No es una reconstrucción, se reúne sin alterar una letra. Medido: 'm ás optimista' aparece 1 vez y 'más optimista' 62.
RPM-2007-09-13:1431:1	2007-09-13	Enrique Marshall Rivera	2	PALABRA_PARTIDA	que aún en un escenario ultra pesim ista en que hubiese	que aún en un escenario ultra pesimista en que hubiese	Espacio intrapalabra, artefacto del escaneo: la palabra está partida en dos. No es una reconstrucción, se reúne sin alterar una letra. Medido: 'pesim ista' aparece 1 vez y 'pesimista' 191.
RPM-2007-09-13:1431:1	2007-09-13	Enrique Marshall Rivera	3	PALABRA_PARTIDA	lo que perm ite dimensionar la situación actual	lo que permite dimensionar la situación actual	Espacio intrapalabra, artefacto del escaneo: la palabra está partida en dos. No es una reconstrucción, se reúne sin alterar una letra. Medido: 'perm ite' aparece 1 vez y 'permite' 280.
RPM-2007-09-13:1434:1	2007-09-13	Igal Magendzo Weinberger	1	PALABRA_PARTIDA	los indicadores de dem anda del mes de julio	los indicadores de demanda del mes de julio	Espacio intrapalabra, artefacto del escaneo: la palabra está partida en dos. No es una reconstrucción, se reúne sin alterar una letra. Medido: 'dem anda' aparece 4 veces y 'demanda' 2.901.
RPM-2007-09-13:1434:1	2007-09-13	Igal Magendzo Weinberger	2	PALABRA_PARTIDA	la volatilidad de esta información es alta, especialm ente considerando	la volatilidad de esta información es alta, especialmente considerando	Espacio intrapalabra, artefacto del escaneo: la palabra está partida en dos. No es una reconstrucción, se reúne sin alterar una letra. Medido: 'especialm ente' aparece 2 veces y 'especialmente' 942.
RPM-2007-09-13:1434:1	2007-09-13	Igal Magendzo Weinberger	3	PALABRA_PARTIDA	mostraron tasas de crecim iento anual menores	mostraron tasas de crecimiento anual menores	Espacio intrapalabra, artefacto del escaneo: la palabra está partida en dos. No es una reconstrucción, se reúne sin alterar una letra. Medido: 'crecim iento' aparece 9 veces y 'crecimiento' 5.755.
RPM-2007-09-13:1434:1	2007-09-13	Igal Magendzo Weinberger	4	PALABRA_PARTIDA	crecimiento anual similar al exhibido en los últim os meses	crecimiento anual similar al exhibido en los últimos meses	Espacio intrapalabra, artefacto del escaneo: la palabra está partida en dos. No es una reconstrucción, se reúne sin alterar una letra. Medido: 'últim os meses' aparece 1 vez y 'últimos meses' 601.
RPM-2007-09-13:1438:2	2007-09-13	Esteban Jadresic Marinovic	1	ACENTO_FALTANTE	la estrechez de las lineas de crédito en el exterior	la estrechez de las líneas de crédito en el exterior	Tilde ausente: 'líneas' lleva tilde siempre. Medido en el corpus: 'lineas de crédito' 2 veces (ambas en esta sesión, 1438:2 y 1444:1) frente a 'líneas' 118. Es un caso de la sección 1, que no exige corroboración: la oración no admite otra lectura.
RPM-2007-09-13:1444:1	2007-09-13	Vittorio Corbo Lioi	1	ACENTO_FALTANTE	cuando se trató de obtener las lineas de créditos correspondientes	cuando se trató de obtener las líneas de créditos correspondientes	Tilde ausente. 'línea' es palabra llana terminada en vocal con hiato: siempre lleva tilde; 'lineas' no existe en español. Sección 1, no exige corroboración. Medido: 'lineas' sin tilde aparece 6 veces (1438:2, 1444:1, 2725:1, 2770:2, 2814:3, 3107:2) frente a 'líneas' 118.
RPM-2007-09-13:1445:2	2007-09-13	Enrique Marshall Rivera	1	ACENTO_INDEBIDO	que resulta clave desde el punto de vísta de la evolución	que resulta clave desde el punto de vista de la evolución	Tilde indebida: 'vista' es llana terminada en vocal, no lleva tilde nunca. Medido: 'vísta' 5 veces (1394:1, 1445:2, 2001:1 como 'prevísta', 6382:1, 6797:1) frente a 'vista' 499, y 'punto de vista' correctamente escrito 221. Como las dos formas coexisten, es transcripción inconsistente y no criterio uniforme de la fuente: se corrige.
RPM-2007-09-13:1449:3	2007-09-13	Rodrigo Valdés Pulido	1	ACENTO_FALTANTE	Rodrigo Valdés señala que ello no ocurre asi, ya que llegan más permisos	Rodrigo Valdés señala que ello no ocurre así, ya que llegan más permisos	Tilde ausente: 'asi' sin tilde no es una palabra del español. Sección 1, no exige corroboración. Medido: 'no ocurre asi' 1 vez frente a 'así' 1.200 en el corpus.
RPM-2007-09-13:1450:2	2007-09-13	José De Gregorio Rebeco	1	PALABRA_PARTIDA	se consideró el d ía 17 como laboral para el efecto calendario	se consideró el día 17 como laboral para el efecto calendario	Espacio intrapalabra, artefacto del escaneo: la palabra está partida en dos. No es una reconstrucción, se reúne sin alterar una letra. Medido: 'd ía' aparece 1 vez y 'el día 17' 8, una de ellas en esta misma sesión.
RPM-2007-09-13:1453:1	2007-09-13	Igal Magendzo Weinberger	1	ACENTO_FALTANTE	una ecuación de salarios. Sin embargo, explico que no fue posible obtenerla	una ecuación de salarios. Sin embargo, explicó que no fue posible obtenerla	Tilde ausente. El sujeto de la fila es 'El Gerente de Análisis Macroeconómico' y todo el párrafo está en estilo indirecto en tercera persona ('señala que realizó'), de modo que la forma verbal es 'explicó', pretérito, y no 'explico', primera persona del presente: la oración no admite otra lectura. Medido: 'explico' sin tilde aparece 1 sola vez en todo el corpus (esta) frente a 'explicó' 25, y 'explicó que' 3.
RPM-2007-09-13:1459:2	2007-09-13	Rodrigo Valdés Pulido	1	ACENTO_FALTANTE	sobre el nivel de la Tasa de Politica Monetaria, cabe evaluar	sobre el nivel de la Tasa de Política Monetaria, cabe evaluar	Tilde ausente. Medido: 'de Politica Monetaria' sin tilde aparece 8 veces en todo el corpus frente a 'de Política Monetaria' 3.163, y dentro de esta sesión 1 contra 39. La sección 1 no exige corroboración, y además las dos formas coexisten, así que es transcripción inconsistente y no criterio uniforme de la fuente.
RPM-2007-09-13:1459:2	2007-09-13	Rodrigo Valdés Pulido	2	PALABRA_ERRONEA	un movimiento cambiarlo que atenúe los efectos deflacionarios	un movimiento cambiario que atenúe los efectos deflacionarios	'cambiarlo' por 'cambiario': la ele por la i es una confusión ya documentada. En este caso la sección 2 sí permite reponer, porque la forma correcta está corroborada en la sesión: 'cambiario' aparece 2 veces en 2007-09-13 (1436:2 'el mercado cambiario' y 1457:2 'un impacto cambiario'), ambas como adjetivo de tipo de cambio, y 157 veces en el corpus. Sintácticamente no hay otra lectura: 'un movimiento cambiarlo' no es gramatical. Es el mismo defecto que 'asuntos cambiarlos' en 1422:1, que quedó marcado porque allí 'cambiarios' aparece 0 veces en la fila y 0 en la sesión: misma regla, desenlace distinto por la medición.
RPM-2007-09-13:1459:2	2007-09-13	Rodrigo Valdés Pulido	3	PUNTUACION	poco coherente con la propia presentación del IPoM. que consignó que el Banco Central	poco coherente con la propia presentación del IPoM, que consignó que el Banco Central	Punto donde corresponde una coma: lo sigue 'que' en minúscula, de modo que la oración continúa y no hay otra lectura posible. Medido: 'IPoM. que consignó' aparece 1 sola vez. Mismo criterio ya aplicado y aceptado en RPM-2006-10-12:940:1 ('cuarto trimestre de este año. de acuerdo al Informe' por coma). No se agrega ni se suprime una palabra.
RPM-2007-09-13:1460:1	2007-09-13	Klaus Schmidt-Hebbel Dunker	1	PALABRA_PARTIDA	las proyecciones de crecim iento de Chile en 2008-2009	las proyecciones de crecimiento de Chile en 2008-2009	Espacio intrapalabra, artefacto del escaneo: la palabra está partida en dos. No es una reconstrucción, se reúne sin alterar una letra. Medido: 'crecim iento' aparece 2 veces en el corpus y 1 en esta fila, frente a 'crecimiento' 5.755, con 5 ocurrencias en esta misma fila y 56 en la sesión.
RPM-2007-09-13:1460:1	2007-09-13	Klaus Schmidt-Hebbel Dunker	2	PALABRA_PARTIDA	que justificaría acumular más información antes de cam biar la tasa de política	que justificaría acumular más información antes de cambiar la tasa de política	Espacio intrapalabra, artefacto del escaneo: la palabra está partida en dos. No es una reconstrucción, se reúne sin alterar una letra. Medido: 'cam biar' aparece 2 veces en el corpus y 1 en esta fila, frente a 'cambiar' 711, con 6 ocurrencias en esta misma sesión.
RPM-2007-09-13:1461:1	2007-09-13	Esteban Jadresic Marinovic	1	PALABRA_ERRONEA	en países como México, Brasil, Argentina, no se ha visto hasta hora al menos	en países como México, Brasil, Argentina, no se ha visto hasta ahora al menos	Falta la 'a' inicial: 'hora' por 'ahora'. La oración no admite otra lectura ('hasta hora' no es una locución). Medido: 'hasta hora' aparece 1 sola vez en todo el corpus frente a 'hasta ahora' 302, y la forma correcta está corroborada en la propia fila (1 vez) y en la sesión (6).
RPM-2007-09-13:1461:1	2007-09-13	Esteban Jadresic Marinovic	2	PALABRA_ERRONEA	el resto del mundo. Por Otra parte, agrega el Gerente señor Jadresic	el resto del mundo. Por otra parte, agrega el Gerente señor Jadresic	Mayúscula indebida en 'Otra': 'Por' abre oración y por eso va en mayúscula, pero 'otra' no. La reparación es única. Medido: 'Por Otra parte' aparece 1 sola vez en el corpus frente a 'Por otra parte' 762, con 8 ocurrencias en esta misma sesión.
RPM-2007-09-13:1461:2	2007-09-13	Pablo García Silva	1	ACENTO_INDEBIDO	hace presente el suavizamiento del crecimiento local y la apreciación cambiaría que estima	hace presente el suavizamiento del crecimiento local y la apreciación cambiaria que estima	Tilde mal puesta. 'cambiaria' es adjetivo y no lleva tilde; con tilde es el condicional del verbo cambiar, que aquí no tiene sujeto posible porque la palabra modifica a 'apreciación'. Es la confusión sistemática más frecuente del corpus: 'cambiaría' aparece 241 veces y 'cambiaria' 72, y 'apreciación cambiaría' 50 frente a 'apreciación cambiaria' 13. Sección 1: las letras son idénticas y sólo sobra la tilde, así que no exige corroboración. Mismo criterio ya aplicado en 563:1 y 4396:1.
RPM-2007-09-13:1462:1	2007-09-13	Andrés Velasco Brañes	1	PALABRA_ERRONEA	tiene estrecha relación con lo que se adoptó con el IPom, y sería inusual	tiene estrecha relación con lo que se adoptó con el IPoM, y sería inusual	Sigla mal escrita. La forma del corpus es 'IPoM': aparece 2.477 veces, frente a 'IPom' 1 (esta), 'IpoM' 5 y 'IPOM' 59. Como conviven cuatro variantes, es transcripción inconsistente y no un criterio uniforme de la fuente; la reparación es única. 'IPOM' en versalitas no se toca: es una grafía aceptable.
RPM-2007-09-13:1462:1	2007-09-13	Andrés Velasco Brañes	2	PALABRA_ERRONEA	que no estaban presentes en el IpoM, en especial los combustibles	que no estaban presentes en el IPoM, en especial los combustibles	Segunda variante de la misma sigla en esta misma fila: 'IpoM' por 'IPoM' (2.477 contra 5 en el corpus). Reparación única.
RPM-2007-09-13:1462:1	2007-09-13	Andrés Velasco Brañes	3	PALABRA_PARTIDA	Schmidt- Hebbel	Schmidt-Hebbel	"Apellido partido por un espacio despues del guion. La seccion 5 prohibe RESOLVER o INVENTAR un nombre propio, y aqui no se hace ninguna de las dos cosas: se reune un nombre que el propio corpus escribe correctamente 122 veces contra 5 partidas, y que la lista de asistencia de las actas trae completo (""don Klaus Schmidt-Hebbel Dunker""). Prueba aplicada, que es la que autoriza la excepcion: la forma correcta existe en el corpus referida a la misma persona. Un caso como ""Claudios Soto"" no la pasaria, porque ""Claudio Soto"" no aparece en ninguna parte."
RPM-2007-09-13:1465:1	2007-09-13	Manuel Marfán Lewis	1	PALABRA_ERRONEA	menciona que los efectos del fiy to safety están incidiendo en el riesgo soberano chileno	menciona que los efectos del flight to safety están incidiendo en el riesgo soberano chileno	'fiy' no es una palabra en español ni en inglés, así que la oración no admite otra lectura; el término es 'flight to safety', que aparece 3 veces en el corpus. Medido: 'fiy to safety' aparece 2 veces, esta y RPM-2007-09-13:1425:1, ya corregida en la ronda 163 con el mismo criterio.
RPM-2007-09-13:1466:1	2007-09-13	Jorge Desormeaux Jiménez	1	PALABRA_PARTIDA	una economía sin holguras de capacidad y que crecerá a un ritmo sim ilar a su tendencia	una economía sin holguras de capacidad y que crecerá a un ritmo similar a su tendencia	Espacio intrapalabra, artefacto del escaneo: la palabra está partida en dos. No es una reconstrucción, se reúne sin alterar una letra. Medido: 'sim ilar' aparece 3 veces en el corpus y 1 en esta fila, frente a 'similar' 1.007, con 2 ocurrencias en esta misma fila y 9 en la sesión.
RPM-2007-09-13:1466:1	2007-09-13	Jorge Desormeaux Jiménez	2	PUNTUACION	el panorama futuro sigue encuadrado dentro del escenario base o central del IPoM. con tasas de inflación solo ligeramente	el panorama futuro sigue encuadrado dentro del escenario base o central del IPoM, con tasas de inflación solo ligeramente	Punto donde corresponde una coma: lo sigue 'con' en minúscula y la oración continúa, así que la reparación es única y no se agrega ni se suprime una palabra. Medido: 'IPoM. con tasas' aparece 1 sola vez. Mismo criterio ya aplicado en RPM-2006-10-12:940:1 y en RPM-2007-09-13:1459:2.
RPM-2007-09-13:1467:1	2007-09-13	José De Gregorio Rebeco	1	PALABRA_ERRONEA	mayores turbulencias financieras podrían resultar en un s/70c/( financiero negativo	mayores turbulencias financieras podrían resultar en un shock financiero negativo	La cadena 's/70c/(' es basura de OCR que ocupa el lugar de la palabra 'shock': s por s, / por h, 70 por ho, /( por k. La lectura no es una suposición mía: la misma cadena aparece 3 veces en el corpus y en RPM-2007-11-13:1536:1 convive con la forma bien escrita en la misma frase y en posición paralela ('sensible a shocks de términos de intercambio que a s/70c/(s financieros'), lo que la prueba. Además 'shock' aparece 647 veces en el corpus, 12 en esta sesión y 1 en esta misma fila ('absorber adecuadamente dichos shocks'), así que la forma correcta está corroborada donde exige el criterio.
RPM-2007-11-13:1536:1	2007-11-13	Manuel Marfán Lewis	1	PALABRA_ERRONEA	ha sido más bien sensible a shocks de términos de intercambio que a s/70c/(s financieros	ha sido más bien sensible a shocks de términos de intercambio que a shocks financieros	La cadena 's/70c/(' es basura de OCR que ocupa el lugar de la palabra 'shock': s por s, / por h, 70 por ho, /( por k. La lectura no es una suposición mía: la misma cadena aparece 3 veces en el corpus y en RPM-2007-11-13:1536:1 convive con la forma bien escrita en la misma frase y en posición paralela ('sensible a shocks de términos de intercambio que a s/70c/(s financieros'), lo que la prueba. Además 'shock' aparece 647 veces en el corpus, 12 en esta sesión y 1 en esta misma fila ('absorber adecuadamente dichos shocks'), así que la forma correcta está corroborada donde exige el criterio. Corrección tardía: esta fila pertenece a la sesión 2007-11-13, cerrada en las rondas 62-68. Se corrige ahora porque la medición del residuo 's/70c/(' en la ronda 168 mostró que es sistemático y que en esta misma fila la forma correcta está escrita literalmente a cuatro palabras de distancia. Queda una tercera ocurrencia en RPM-2008-08-14:2042:1, en una sesión aún no leída, que se corregirá en su ronda.
RPM-2007-09-13:1469:1	2007-09-13	Consejo del Banco Central de Chile	1	LETRA_CONFUNDIDA	perecióles	perecibles	B por ó. 'Perecióles' no es palabra: el adjetivo es 'perecibles'. Aparece 2 veces en esta misma fila y las dos son el mismo defecto, por eso se declara Ocurrencias: 2. Medido: 'perecióles' aparece 10 veces en 9 filas del corpus frente a 'perecibles' 166, con 1 ocurrencia de la forma buena en esta misma fila ('excluye combustibles, perecibles y algunos servicios regulados') y 8 en la sesión. Es el mismo defecto ya corregido en RPM-2012-05-17:4827:1 en la ronda 158. Quedan 7 filas más con 'perecióles' en otras sesiones, que se corregirán en sus rondas.
RPM-2007-09-13:1469:1	2007-09-13	Consejo del Banco Central de Chile	2	LETRA_CONFUNDIDA	la inflación subyacente IPCXI (que excluye combustibles	la inflación subyacente IPCX1 (que excluye combustibles	Letra I por el dígito 1: el indicador se llama 'IPCX1' y no existe un 'IPCXI' en numeración romana dentro de la nomenclatura del Banco. Medido: 'IPCXI' aparece 6 veces en 6 filas frente a 'IPCX1' 458, y la construcción exacta 'la inflación subyacente IPCX1' aparece 24 veces en el corpus; dentro de la sesión, 'IPCX1' aparece 3 veces. La reparación es única. Las otras 5 ocurrencias de 'IPCXI' están en 1352:1, 1402:1, 1520:1, 1569:1 y 1641:1, de sesiones distintas, y se corregirán en sus rondas.
RPM-2008-08-14:1978:1	2008-08-14	Consejo del Banco Central de Chile	1	PALABRA_PARTIDA	celebrada e l 4 de agosto de 2008	celebrada el 4 de agosto de 2008	Espacio intrapalabra, artefacto del escaneo: 'el' está partido en dos. Se reúne sin alterar una letra. Medido: 'celebrada e l' aparece 2 veces en el corpus frente a 'celebrada el' 126.
RPM-2008-08-14:1982:1	2008-08-14	Manuel Marfán Lewis	1	PALABRA_OMITIDA	Señala que se está hablando de un déficit de más menos 3% ó 4%	Señala que se está hablando de un déficit de más o menos 3% ó 4%	Falta la conjunción de la locución fija: es 'más o menos', no 'más menos'. La locución es cerrada y no admite esa variante, y la forma correcta está corroborada en la sesión (2 veces) y aparece 99 veces en el corpus contra 44 de 'más menos'. Como las dos formas conviven, es transcripción inconsistente y no un criterio uniforme de la fuente. Segundo caso: el primero fue RPM-2007-09-13:1408:1 en la ronda 162. No se toca la tilde de 'ó', que era obligatoria entre cifras hasta 2010.
RPM-2008-08-14:1987:1	2008-08-14	Pablo García Silva	1	LETRA_CONFUNDIDA	el monto de pérdidas que han tenido los bancos en Europa, es bastante similar ai que han tenido	el monto de pérdidas que han tenido los bancos en Europa, es bastante similar al que han tenido	Ele por i: 'ai' no es una palabra del español y la oración no admite otra lectura. Sección 1, que no exige corroboración. Medido: 'similar ai que han tenido' aparece 1 vez en todo el corpus. Es el mismo glifo ya corregido en RPM-2007-09-13:1408:1 en la ronda 162.
RPM-2008-08-14:1994:2	2008-08-14	Sergio Lehmann Beresi	1	LETRA_CONFUNDIDA	IRC	IPC	Erre por pe. En esta fila las 6 apariciones son el índice de precios al consumidor de Estados Unidos ('el IRC Core', 'el IRC headline', 'el IRC más alto desde el año 1991', 'el IRC está por sobre 4% en la Zona Euro'), y no existe un índice llamado IRC: la forma buena es 'IPC', que aparece 1.867 veces en el corpus y 16 en esta misma sesión. Se declara Ocurrencias: 6 porque las seis son el mismo defecto. DEFECTO SISTEMATICO: 'IRC' aparece 71 veces en 46 filas de 32 sesiones, todas entre 2005-04-07 y 2010-02-11, y las 71 son contexto de inflación incluso cuando la palabra no está cerca ('un par de IRC más bajos', 'el IRC de octubre fue menor', 'la publicación del IRC'); 10 de ellas son 'IRCX' por 'IPCX'. Quedan 65 ocurrencias en 45 filas por corregir.
RPM-2008-08-14:1994:2	2008-08-14	Sergio Lehmann Beresi	2	LETRA_CONFUNDIDA	también están mostrando un pequeño salto en el PCE y ios datos truncados	también están mostrando un pequeño salto en el PCE y los datos truncados	I por ele. 'ios' no es palabra. Medido: 'ios' aparece 92 veces en el corpus y 'los' 30.883. Es el defecto sistemático ya documentado, segundo glifo más frecuente del corpus después de 'cambiaría'. La forma correcta no aparece en la fila ni en la sesión, pero la sección 1 no exige corroboración: el glifo está mal leído y la oración no admite otra lectura.
RPM-2008-08-14:1994:2	2008-08-14	Sergio Lehmann Beresi	3	SIMBOLO_SUELTO	más allá de lo que lo ha hecho la tasa nominal. u	más allá de lo que lo ha hecho la tasa nominal.	Residuo de una sola letra suelta después del punto final. No forma nada y no es una palabra omitida: es la única fila de todo el corpus que termina en '. u'. Se elimina sin tocar el resto. Con esto la fila queda correctamente cerrada y la alerta FINAL_SIN_PUNTUACION deja de tener objeto.
RPM-2008-08-14:2000:1	2008-08-14	Pablo García Silva	1	PALABRA_PARTIDA	una minuta que les proporcionó la señora Subsecreta ria señalaba	una minuta que les proporcionó la señora Subsecretaria señalaba	Espacio intrapalabra: 'Subsecreta ria' es 'Subsecretaria' partida en dos. Se reúne sin alterar una letra. Medido con honestidad: la forma femenina exacta aparece 0 veces en el corpus, pero 'subsecretario' en masculino aparece 52 y el artículo 'la señora' impone el femenino; además no se cambia ninguna letra, sólo se quita el espacio del escaneo, que es el núcleo de la sección 1 bis.
RPM-2008-08-14:2001:1	2008-08-14	Sergio Lehmann Beresi	1	LETRA_CONFUNDIDA	efectivamente lo que se estaba observando en mayo en eIIPOM, eran precios mucho más altos	efectivamente lo que se estaba observando en mayo en el IPoM, eran precios mucho más altos	La ele se leyó como i mayúscula y el espacio se perdió: 'eIIPOM' es 'el IPoM' soldado. El token 'eIIPOM' no es palabra y aparece 1 sola vez en todo el corpus; la reparación es única y la forma buena aparece 1.539 veces ('el IPoM'), 3 de ellas en esta sesión.
RPM-2008-08-14:2001:1	2008-08-14	Sergio Lehmann Beresi	2	ACENTO_INDEBIDO	se tiene que el precio del WTI ha caído de manera ímportante	se tiene que el precio del WTI ha caído de manera importante	Tilde indebida: 'importante' es llana terminada en vocal y no lleva tilde. Medido: 'manera ímportante' aparece 1 vez y 'manera importante' 203, con 2 en esta misma sesión. Sección 1.
RPM-2008-08-14:2001:1	2008-08-14	Sergio Lehmann Beresi	3	ESPACIO_FALTANTE	mirando cada uno de los precios individualmente,se tiene que el precio del WTI	mirando cada uno de los precios individualmente, se tiene que el precio del WTI	Falta el espacio después de la coma. La reparación es única y no se altera ninguna letra. Medido: en todo el corpus hay 35 casos de coma pegada a la palabra siguiente, así que es un defecto sistemático de pérdida de espacio, del mismo tipo que 'yeso' por 'y eso'.
RPM-2008-08-14:2001:1	2008-08-14	Sergio Lehmann Beresi	4	ESPACIO_FALTANTE	las posiciones de inversionistas o fondos han tendido a caer yeso probablemente ha ayudado	las posiciones de inversionistas o fondos han tendido a caer y eso probablemente ha ayudado	Dos palabras soldadas por pérdida del espacio: 'y eso'. Medido: 'yeso' aparece 13 veces en 12 filas del corpus, todas el mismo defecto ('alto yeso tiene que tener algún efecto', 'preocupación mayor yeso es lo que predomina'), frente a 'y eso' 178. DEFECTO SISTEMATICO: quedan 12 ocurrencias en 11 filas por corregir.
RPM-2008-08-14:2001:1	2008-08-14	Sergio Lehmann Beresi	5	ACENTO_INDEBIDO	asociados a demanda prevísta en unidades desarrolladas más débiles	asociados a demanda prevista en unidades desarrolladas más débiles	Tilde indebida: 'prevista' es llana terminada en vocal. Medido: 'prevísta' aparece 1 vez en el corpus frente a 'prevista' 213. Mismo criterio que 'vísta' por 'vista' corregido en RPM-2007-09-13:1445:2.
RPM-2008-08-14:2002:1	2008-08-14	Sebastián Claro Edwards	1	PALABRA_PARTIDA	porque no sabe exactam ente cuál es la unidad, pero respecto del tamaño	porque no sabe exactamente cuál es la unidad, pero respecto del tamaño	Espacio intrapalabra: 'exactam ente' está partida en dos. Se reúne sin alterar una letra. Medido: 'exactam ente' aparece 1 vez en el corpus y 'exactamente' 64.
RPM-2008-08-14:2003:1	2008-08-14	Pablo García Silva	1	PALABRA_ERRONEA	no se está ratando de argumentar un efecto causal	no se está tratando de argumentar un efecto causal	Falta la te inicial: 'ratando' no es una palabra del español, así que el único candidato es 'tratando' y la oración no admite otra lectura. Esto es sección 1 y no sección 2: la corroboración en la fila o en la sesión se exige cuando la forma defectuosa es una palabra real y por tanto existe una lectura alternativa, como en 'cambiarlo', 'rotación' o 'fusión'. Medido: 'ratando' suelto aparece 1 vez (las otras 27 coincidencias son el interior de 'tratando'), y 'tratando de' aparece 23 veces en el corpus. Mismo criterio que 'fiy to safety' por 'flight to safety' en la ronda 163.
RPM-2008-08-14:2003:1	2008-08-14	Pablo García Silva	2	PALABRA_PARTIDA	pero lo que sí cierto es que estos dos fenó menos pueden estar ocurriendo	pero lo que sí cierto es que estos dos fenómenos pueden estar ocurriendo	Espacio intrapalabra: 'fenó menos' es 'fenómenos' partida en dos. Se reúne sin alterar una letra. Medido: 'fenó menos' aparece 1 vez en el corpus y 'fenómenos' 124.
RPM-2008-08-14:2003:1	2008-08-14	Pablo García Silva	3	ESPACIO_INDEBIDO	pueden estar ocurriendo de manera simultánea , en cambio, la expectativa	pueden estar ocurriendo de manera simultánea, en cambio, la expectativa	Espacio antes de la coma. La reparación es única y no altera ninguna letra. Medido: 'simultánea , en cambio' aparece 1 vez en el corpus.
RPM-2008-08-14:2003:1	2008-08-14	Pablo García Silva	4	SIMBOLO_SUELTO	la expectativa hace cambiar posiciones y hace cambiar precios. ./ -	la expectativa hace cambiar posiciones y hace cambiar precios.	Residuo de glifos al final de la fila: './ -' no forma nada. Es la única fila de todo el corpus que termina así. Se elimina sin tocar el resto; la oración ya cierra con su punto, así que la alerta FINAL_SIN_PUNTUACION deja de tener objeto. Mismo tratamiento que la 'u' suelta de 1994:2 en la ronda 171.
RPM-2008-08-14:2007:1	2008-08-14	Claudio Soto Gamboa	1	PUNTUACION	"la inflación en los próximos doce meses subirá “mucho"", aunque con un leve retroceso"	la inflación en los próximos doce meses subirá “mucho”, aunque con un leve retroceso	"Comilla de cierre recta (U+0022) donde corresponde la curva (U+201D): la apertura es '“' y el cierre '""', así que la pareja está desencajada. Medido en el corpus: '“' aparece 323 veces y '”' 267, y hay 65 filas con más aperturas que cierres (la comilla recta aparece 123 veces en 91 filas), de modo que la comilla recta sustituyendo al cierre es un defecto sistemático del escaneo. Mismo criterio ya aplicado en RPM-2006-10-12:936:1."
RPM-2008-08-14:2007:1	2008-08-14	Claudio Soto Gamboa	2	LETRA_CONFUNDIDA	La del MI alcanzó a 8%, cifra no observada desde fines del 2006	La del M1 alcanzó a 8%, cifra no observada desde fines del 2006	I mayúscula por el dígito 1. La serie de agregados monetarios es M1, M2 y M3, y esta misma fila trae 'la del M2 bajó de dos dígitos' y 'la del M3 se mantiene en torno a 15% anual', así que la forma correcta está corroborada dentro de la fila. Medido: 'M1' 22 veces, 'M2' 31 y 'M3' 12. Caso ya previsto en la sección 1 del criterio ('la del MI que se ubicó en 16,1%').
RPM-2008-08-14:2007:1	2008-08-14	Claudio Soto Gamboa	3	SIMBOLO_SUELTO	Menciona el señor Soto, que en U términos generales, no obstante, se espera	Menciona el señor Soto, que en términos generales, no obstante, se espera	Letra suelta que no forma nada. Se elimina en vez de expandirla a 'unos' porque eliminar un glifo que no forma nada es la política y porque la expansión no está respaldada: 'en unos términos' aparece 0 veces en todo el corpus, mientras que 'en términos generales' es una locución fija que aparece 51 veces.
RPM-2008-08-14:2007:1	2008-08-14	Claudio Soto Gamboa	4	ESPACIO_INDEBIDO	aumentando levemente las del CMO, hasta 7,3% (7,2 % el mes anterior)	aumentando levemente las del CMO, hasta 7,3% (7,2% el mes anterior)	Espacio antes del signo de porcentaje. La reparación es única y no altera ninguna letra. La misma fila es inconsistente: unas líneas más adelante escribe '(8,9% el mes anterior)' sin espacio. Medido: '7,2 %' aparece 1 vez en el corpus.
RPM-2008-08-14:2024:1	2008-08-14	Andrés Velasco Brañes	1	SIMBOLO_SUELTO	pudiera ser que efectivamente puedan aumentar su producción. U)	pudiera ser que efectivamente puedan aumentar su producción.	Residuo de glifos al final de la fila: 'U)' suelto no forma nada. MEDIDO CON CUIDADO porque la cadena engaña: 'U)' aparece 14 veces en el corpus pero 8 de ellas son el cierre legítimo de una sigla ('BCU' 2 veces, 'CLU' 5 y 'NAIRU' 1), que no se tocan. Los otros 6 son residuos sueltos: 310:1, 1379:1, 1484:1, 1817:1, 1847:1 (que trae 'U U)') y esta. Una regla ciega de borrar 'U)' habría roto ocho siglas.
RPM-2008-08-14:2028:1	2008-08-14	Claudio Soto Gamboa	1	ACENTO_FALTANTE	un cambio en la descomposición del empleo en temas etareos, con más empleo juvenil	un cambio en la descomposición del empleo en temas etáreos, con más empleo juvenil	Tilde ausente. 'etareos' sin tilde no es palabra: lo que existe es 'etáreo' (del éter), que aquí no tiene sentido, y el adjetivo de edad es 'etáreo'/'etáreos' con tilde. La oración no admite otra lectura, así que es sección 1 y no pide corroboración. Medido: 'etareos' aparece 1 vez en el corpus.
RPM-2008-08-14:2029:1	2008-08-14	Andrés Velasco Brañes	1	PALABRA_ERRONEA	pero no explicaría porqué se produce un pequeño efecto de reversión	pero no explicaría por qué se produce un pequeño efecto de reversión	'porqué' es un sustantivo y exige artículo; aquí no lo lleva y la construcción es interrogativa indirecta, así que corresponde 'por qué' en dos palabras. Medido: 'porqué' aparece 13 veces y 'por qué' 90, y como las dos formas conviven es transcripción inconsistente y no criterio uniforme. Mismo criterio aplicado a 'consulta porqué' en RPM-2007-09-13:1420:1, ronda 163. No se toca el 'el porqué' de la oración anterior de esta misma fila: ahí sí lleva artículo y es el sustantivo, aunque le falte el 'de que', que es un solecismo y no un defecto óptico.
RPM-2008-08-14:2031:3	2008-08-14	Andrés Velasco Brañes	1	ACENTO_INDEBIDO	y la otra es qué ocurre cuándo se está dentro de la banda	y la otra es qué ocurre cuando se está dentro de la banda	Tilde indebida: el 'cuando' que introduce la subordinada no es interrogativo y no lleva tilde; el 'qué' anterior sí la conserva. Medido: 'cuándo' aparece 31 veces en el corpus frente a 'cuando' 928. Sólo se corrige esta ocurrencia, que es la que está en posición subordinada.
RPM-2008-08-14:2034:1	2008-08-14	Jorge Desormeaux Jiménez	1	PALABRA_ERRONEA	y, en particular, que el Euro se ha depreciado desde abril, alrededor de un 7%	y, en particular, que el euro se ha depreciado desde abril, alrededor de un 7%	Los nombres de moneda son sustantivos comunes y van en minúscula. Medido: 'el euro' aparece 107 veces en el corpus y 'el Euro' 35, así que conviven las dos formas y la minúscula es claramente mayoritaria: transcripción inconsistente, no criterio uniforme. No se confunde con 'Zona Euro' (401 veces), que es el nombre propio del área y no se toca. A diferencia de 'la demanda China', marcada en la ronda 172, aquí no se altera la grafía de un nombre propio.
RPM-2008-08-14:2034:2	2008-08-14	Claudio Soto Gamboa	1	PALABRA_ERRONEA	y eso no se ha reflejado en una apreciación del peso contra el Euro y otras monedas	y eso no se ha reflejado en una apreciación del peso contra el euro y otras monedas	Nombre de moneda, sustantivo común, va en minúscula. Medido: 'el euro' 107 veces en el corpus contra 35 de 'el Euro'. Segundo caso, el primero fue RPM-2008-08-14:2034:1 en la ronda 174. No se confunde con 'Zona Euro' (761 veces), nombre propio del área, que no se toca.
RPM-2008-08-14:2038:1	2008-08-14	Andrés Velasco Brañes	1	PALABRA_PARTIDA	estima que eso contribuye a ponerle techo a lo que pueda ocurrir con los salari os nominales	estima que eso contribuye a ponerle techo a lo que pueda ocurrir con los salarios nominales	Espacio intrapalabra: 'salari os' es 'salarios' partida en dos. Se reúne sin alterar una letra. Medido: 'salari os' aparece 2 veces en el corpus y 'salarios' 1.183, con 1 ocurrencia de la forma buena en esta misma sesión.
RPM-2008-08-14:2038:1	2008-08-14	Andrés Velasco Brañes	2	SIMBOLO_SUELTO	otros posibles eventos que apuntan a la dirección opuesta. M) Menciona el señor Ministro, que primero	otros posibles eventos que apuntan a la dirección opuesta. Menciona el señor Ministro, que primero	Residuo de glifos entre dos oraciones: 'M)' suelto no forma nada y la oración siguiente ya abre con su mayúscula. MEDIDO CON CUIDADO, y es el caso más extremo hasta ahora de la sección 8 ter: la cadena 'M)' aparece unas 78 veces en el corpus y todas menos esta son el cierre legítimo de una sigla real ('IPoM', 'TPM', 'RPM', 'IREM', 'TCM', 'ICOM'). Es decir 1 residuo contra 77 usos legítimos. Una regla ciega de borrar 'M)' habría destruido setenta y siete siglas.
RPM-2008-08-14:2041:1	2008-08-14	Enrique Marshall Rivera	1	LETRA_CONFUNDIDA	la caída en el ingreso real disponible de ios hogares	la caída en el ingreso real disponible de los hogares	I por ele. 'ios' no es palabra. Medido: 'ios hogares' aparece 2 veces en el corpus frente a 'los hogares' 110, y 'ios' en total 92 contra 30.883 de 'los'. Es el segundo defecto sistemático más frecuente del corpus y la sección 1 no exige corroboración.
RPM-2008-08-14:2041:1	2008-08-14	Enrique Marshall Rivera	2	SIMBOLO_SUELTO	y dosificar los ajustes requeridos en los próximos meses. V Señala el Consejero señor Enrique Marshall	y dosificar los ajustes requeridos en los próximos meses. Señala el Consejero señor Enrique Marshall	Letra suelta entre dos oraciones: 'V' no forma nada y la oración siguiente ya abre con su mayúscula. MEDIDO CON CUIDADO, sección 8 ter: ' V ' con espacios aparece 13 veces en el corpus y el reparto es el inverso del caso 'M)': 11 son residuos sueltos (206:3, 1004:1, 1013:3, esta, 3597:1, 3914:1, 3939:1, 4121:1, 5066:1, 5326:1, 6009:4) y sólo 2 son usos legítimos de la letra como figura ('descarta que sea una V porque no hay un rebote', 'un camino intermedio entre la V y la W'). Aquí la medición manda en cada caso: con 'M)' era 1 residuo contra 77 siglas y con ' V ' son 11 residuos contra 2 figuras.
RPM-2008-08-14:2042:1	2008-08-14	Manuel Marfán Lewis	1	PALABRA_ERRONEA	acotada y prudente; no se trata tampoco de políticas de s/70c/( fuerte, pero a la vez también persistente	acotada y prudente; no se trata tampoco de políticas de shock fuerte, pero a la vez también persistente	La cadena 's/70c/(' es basura de OCR que ocupa el lugar de la palabra 'shock': s por s, / por h, 70 por ho, /( por k. La lectura no es una suposición: la misma cadena aparece 3 veces en el corpus y en RPM-2007-11-13:1536:1 convive con la forma bien escrita en la misma frase y en posición paralela ('sensible a shocks de términos de intercambio que a s/70c/(s financieros'). Además 'shock' aparece 3 veces en esta misma fila y 12 en la sesión, así que la forma correcta está corroborada donde el criterio exige. Esta es la tercera y última ocurrencia: con ella queda liquidado el residuo (1467:1 y 1536:1 se corrigieron en la ronda 168).
RPM-2008-08-14:2042:1	2008-08-14	Manuel Marfán Lewis	2	PUNTUACION	de sorpresas inflacionarias de oferta de las más variadas naturalezas, que en el caso actual ya lleva casi una década,. Agrega que	de sorpresas inflacionarias de oferta de las más variadas naturalezas, que en el caso actual ya lleva casi una década. Agrega que	Coma suelta después del punto, a mitad de fila. No es el artefacto estructural de las fórmulas de cierre: medido en todo el corpus, coma+punto aparece 98 veces y 95 de ellas siguen a una fórmula de transición ('A continuación,.', 'No habiendo más comentarios,.', 'Continuando con la votación,.', 'Para concluir con la votación,.'), que no se tocan. Fuera de esa forma sólo hay tres casos: RPM-2011-10-13:4390:1 ('la Zona Euro,. Al respecto'), ya corregido y documentado como precedente; este; y RPM-2008-03-13:1731:2 ('señor Manuel Marfán,.'), que queda para su ronda. La reparación es única: se quita la coma y no se altera ninguna letra.
RPM-2008-08-14:2043:1	2008-08-14	Jorge Desormeaux Jiménez	1	LETRA_CONFUNDIDA	señala el señor Vicepresidente que este nesgo ha sido reemplazado por otro	señala el señor Vicepresidente que este riesgo ha sido reemplazado por otro	'nesgo' no es palabra: falta el arranque 'rie' y quedó una ene. La oración no admite otra lectura y el contexto lo confirma sin margen: la frase anterior habla de 'los riesgos de una implosión del sistema financiero' que 'han ido desapareciendo', y esta dice que ese riesgo 'ha sido reemplazado por otro'. Sección 1, que no exige corroboración. Medido: 'nesgo' aparece 29 veces en 29 filas del corpus y las 29 son hueco de 'riesgo' ('dicho nesgo es importante', 'inclinación por nesgo', 'escenario de nesgo', 'premios por nesgo', 'poner en nesgo la recuperación'), nunca de 'sesgo'; 'riesgo' aparece 3.721 veces. DEFECTO SISTEMATICO: quedan 28 ocurrencias en 28 filas por corregir, y ya está previsto como ejemplo en la tabla de la sección 1 del criterio.
RPM-2008-08-14:2044:1	2008-08-14	José De Gregorio Rebeco	1	PALABRA_SOBRANTE	pues en el escenario más probable ello es lo que debiera seguir ocurriendo. Por lo todo lo anterior, el señor Presidente vota	pues en el escenario más probable ello es lo que debiera seguir ocurriendo. Por todo lo anterior, el señor Presidente vota	Sobra el primer 'lo'. La reparación es única: quitar el segundo daría 'Por lo todo anterior', que no es gramatical, y 'Por todo lo anterior' es la fórmula de cierre fija del acta, que aparece 37 veces en el corpus. Como la cadena defectuosa no es gramatical y el candidato es uno solo, no hay lectura alternativa que proteger y no se pide corroboración en la fila o en la sesión.
RPM-2008-08-14:2044:1	2008-08-14	José De Gregorio Rebeco	2	LETRA_CONFUNDIDA	las turbulencias externas con implicancias cambiarlas de distinto ciclo	las turbulencias externas con implicancias cambiarias de distinto ciclo	SE CORRIGE AHORA Y SE RETIRA LA MARCA DE LA RONDA 175, donde se marcó este caso por falta de corroboración en la fila y en la sesión. Estaba mal marcado: es la misma familia que 'cambiaría' por 'cambiaria' que la sección 3 ter manda corregir sin corroboración, y la medición lo zanja. Las 8 ocurrencias de 'cambiarlas' del corpus están todas en posición de adjetivo ('paridades cambiarlas' 4 veces, 'implicancias cambiarlas', 'expectativas cambiarlas', 'coberturas cambiarlas', 'tensiones financieras y cambiarlas') y 'cambiarias' aparece 19 veces en exactamente esos marcos ('paridades cambiarias', 'tensiones cambiarias', 'expectativas cambiarias', 'primas cambiarias', 'licitaciones cambiarias'). La diferencia con 'cambiaría' es un solo glifo (ele por i) y el lugar admite una sola categoría. Quedan 7 ocurrencias pendientes.
RPM-2015-08-13:6920:1	2015-08-13	Diego Gianelli Gómez	1	PALABRA_PARTIDA	de actividad de Estados Unidos de América conocidos desde la última reunión del Federal Open M arket Committee, FOMC	de actividad de Estados Unidos de América conocidos desde la última reunión del Federal Open Market Committee, FOMC	Espacio intrapalabra: 'M arket' es 'Market' partido en dos. Se reúne sin alterar una letra, sección 1 bis. Medido: 'Market Committee' aparece 8 veces en el corpus y 'M arket' 1.
RPM-2015-08-13:6920:1	2015-08-13	Diego Gianelli Gómez	2	PALABRA_PARTIDA	su presentación informando que en m ateria de commodities se observan movimientos a la baja	su presentación informando que en materia de commodities se observan movimientos a la baja	Espacio intrapalabra: 'm ateria' por 'materia'. Medido: 'en materia de commodities' aparece 26 veces en el corpus y la forma partida 1. Sección 1 bis: se reúne sin cambiar una letra.
RPM-2015-08-13:6920:1	2015-08-13	Diego Gianelli Gómez	3	PALABRA_PARTIDA	que estuvo rezagada debido a la m ayor demanda de gasolina en Estados Unidos de América	que estuvo rezagada debido a la mayor demanda de gasolina en Estados Unidos de América	Espacio intrapalabra: 'm ayor' por 'mayor'. La frase exacta no aparece en el corpus, pero la sección 1 bis no pide corroboración porque lo único que se hace es quitar un espacio: no se toca ninguna letra y no hay otra lectura posible.
RPM-2015-08-13:6920:1	2015-08-13	Diego Gianelli Gómez	4	PALABRA_ERRONEA	se explica principalmente por el efecto del traspaso de la depreciación cambiaría a precios	se explica principalmente por el efecto del traspaso de la depreciación cambiaria a precios	Tilde por i. 'cambiaría' es condicional del verbo cambiar y en posición de adjetivo es ortográficamente imposible: la sección 3 ter dice que esas formas se corrigen por muchas veces que se repitan. Es el defecto más numeroso del corpus (241 contra 72). 'cambiaria' aparece 0 veces en esta fila y 0 en la sesión, pero la sección 3 ter no pide corroboración cuando la forma defectuosa no puede existir en ese lugar; 'cambiario' sí aparece 2 veces en la sesión.
RPM-2015-08-13:6920:1	2015-08-13	Diego Gianelli Gómez	5	PALABRA_ERRONEA	Brasil y Colombia, en tanto, no han modificado sus políticas de intervención cambiaría.	Brasil y Colombia, en tanto, no han modificado sus políticas de intervención cambiaria.	Segunda ocurrencia del mismo defecto en esta fila y por la misma razón: 'cambiaria' es adjetivo y 'cambiaría' condicional, imposible en este lugar. Se corrige por separado porque el fragmento anterior es distinto.
RPM-2015-08-13:6920:1	2015-08-13	Diego Gianelli Gómez	6	PALABRA_OMITIDA	las proyecciones de actividad para el mundo se han reducido en dos décimas para año 2015 y en una décima para 2016	las proyecciones de actividad para el mundo se han reducido en dos décimas para el año 2015 y en una décima para 2016	Falta el artículo: 'para año 2015' no es gramatical. La reparación es única porque el OCR omite, no agrega palabras, así que lo que falta es 'el' y no sobra 'año'. Corroborada: 'para el año 2015' aparece 1 vez en esta misma sesión y 30 en el corpus, que es lo que la sección 2 exige.
RPM-2015-08-13:6920:1	2015-08-13	Diego Gianelli Gómez	7	PALABRA_OMITIDA	desde la Reunión previa se observó una depreciación generalizada de la mayoría las monedas frente al dólar	desde la Reunión previa se observó una depreciación generalizada de la mayoría de las monedas frente al dólar	Falta la preposición 'de'. 'la mayoría las monedas' no es gramatical y la reparación es única; la construcción correcta 'la mayoría de las' aparece 89 veces en el corpus. MEDIDO CON CUIDADO: la frase defectuosa completa aparece 3 veces, y las 3 son la misma oración de plantilla que el área repite mes a mes (6867:1 y 6876:1 en 2015-07-14, y esta). No es un patrón legítimo de la fuente sino el mismo defecto copiado, y se corrige aquí por ser la fila leída; las otras dos quedan pendientes para la sesión 2015-07-14.
RPM-2015-08-13:6923:1	2015-08-13	Sebastián Claro Edwards	1	PALABRA_OMITIDA	en términos de los precios de commodities y de las condiciones financiera.	en términos de los precios de commodities y de las condiciones financieras.	Falta la ese del plural: 'las condiciones financiera' no concuerda y no hay otra lectura. Corroborada donde el criterio exige: 'condiciones financieras' aparece 3 veces en esta misma sesión y 571 en el corpus.
RPM-2015-08-13:6924:1	2015-08-13	Pablo García Silva	1	PALABRA_OMITIDA	a lo que suma la incertidumbre respecto de futuros movimientos de tasa por parte de la Reserva Federal	a lo que se suma la incertidumbre respecto de futuros movimientos de tasa por parte de la Reserva Federal	Falta el pronombre 'se': sin él la oración queda sin objeto y no se sostiene. Corroborada: 'a lo que se suma' aparece 4 veces en esta misma sesión y 45 en el corpus.
RPM-2015-08-13:6925:1	2015-08-13	Rodrigo Vergara Montes	1	PALABRA_OMITIDA	A su juicio, los riesgos más importante para Chile provienen de China	A su juicio, los riesgos más importantes para Chile provienen de China	Falta la ese del plural: 'los riesgos más importante' no concuerda y no tiene otra lectura. Es un defecto de letra, no una sustitución de palabra, así que no hay lectura alternativa que proteger y no se pide corroboración; aun así 'riesgos más importantes' aparece 1 vez en el corpus.
RPM-2015-08-13:6926:1	2015-08-13	Alberto Naudon Dell'Oro	1	PALABRA_ERRONEA	forma parte del análisis preliminar realizado para al IPoM y enfatiza	forma parte del análisis preliminar realizado para el IPoM y enfatiza	'al' por 'el': 'realizado para al IPoM' no es gramatical y la reparación es única. Corroborada donde el criterio exige: 'para el IPoM' aparece 3 veces en esta misma sesión y 33 en el corpus.
RPM-2015-08-13:6926:2	2015-08-13	Rodrigo Vergara Montes	1	PALABRA_DUPLICADA	No habiendo más consultas ni comentarios en lo concerniente al escenario internacional, el Presidente señor Rodrigo Vergara da paso a la exposición del escenario interno. No habiendo más consultas ni comentarios en lo concerniente al escenario internacional, el Presidente señor Rodrigo Vergara da paso a la exposición del escenario interno.	No habiendo más consultas ni comentarios en lo concerniente al escenario internacional, el Presidente señor Rodrigo Vergara da paso a la exposición del escenario interno.	LA FILA ENTERA ES LA MISMA ORACIÓN DOS VECES. Verificado carácter por carácter: el texto mide 341 y es exactamente frase + espacio + frase, con la frase de 170 caracteres repetida 2 veces. MEDIDO EN TODO EL CORPUS: es la única fila de las 9.723 con una oración de más de 40 caracteres repetida dos veces seguidas, y la misma oración aparece correctamente, una sola vez, en otras 8 filas de 2015 (6613:1, 6715:2, 6766:1, 6829:2, 6884:2, 7003:2, 7071:2 y 7179:3). Así que la forma correcta está documentada ocho veces y no hay lectura en que la duplicación sea intencional: es una fórmula de transición del acta, no un énfasis. Se elimina la segunda copia sin tocar una letra de la primera.
RPM-2015-08-13:6937:1	2015-08-13	Alberto Naudon Dell'Oro	1	PUNTUACION	lo que lleva a una corrección importante de la velocidad de expansión del cuarto trimestre, desde 0.9 a 0,4.	lo que lleva a una corrección importante de la velocidad de expansión del cuarto trimestre, desde 0,9 a 0,4.	Punto usado como separador decimal donde corresponde coma. La corroboración está dentro de la misma frase: el segundo término ya dice '0,4' con coma. Medido con cuidado porque el patrón digito.digito aparece 388 veces en el corpus y la inmensa mayoría son separadores de miles ('US$ 2.969', '15.200 unidades') o horas ('17.10 hrs.'), así que una regla ciega habría destrozado cifras. El discriminador es el cero inicial: no existe el separador de miles '0.9'. '0.9' aparece 3 veces en el corpus, esta y dos en RPM-2008-09-04:2088:1, y '0,9' aparece 63.
RPM-2015-08-13:6937:1	2015-08-13	Alberto Naudon Dell'Oro	2	PALABRA_OMITIDA	a ello se agrega una revisión a la baja de la proyección el PIB de Recursos Naturales	a ello se agrega una revisión a la baja de la proyección del PIB de Recursos Naturales	Falta la de de 'del': 'la proyección el PIB' no es gramatical y la reparación es única, porque el OCR omite letras y no las agrega. 'proyección del PIB' aparece 24 veces en el corpus.
RPM-2015-08-13:6941:1	2015-08-13	Miguel Fuentes Díaz	1	LETRA_CONFUNDIDA	señala que el consumo privado se corrige a la baja en tomo a cuatro décimas respecto del último IPoM	señala que el consumo privado se corrige a la baja en torno a cuatro décimas respecto del último IPoM	Falta la erre: 'en tomo a' por 'en torno a'. 'tomo' es palabra real, así que la sección 2 bis pide corroboración en la fila o en la sesión, y la hay de sobra: 'en torno a' aparece 10 veces en esta misma sesión y 1.678 en el corpus. DEFECTO SISTEMATICO: 'en tomo a' aparece 24 veces en el corpus, así que quedan 23 ocurrencias pendientes.
RPM-2015-08-13:6943:1	2015-08-13	Miguel Fuentes Díaz	1	LETRA_CONFUNDIDA	que también han sufrido una depreciación cambiaría importante	que también han sufrido una depreciación cambiaria importante	Tilde o ele por i en posición de adjetivo. La sección 3 ter manda corregir estas formas por muchas veces que se repitan, porque 'cambiaría'/'cambiarlas' son formas verbales y en este lugar sólo cabe el adjetivo. No se pide corroboración en la fila ni en la sesión para esta familia.
RPM-2015-08-13:6943:1	2015-08-13	Miguel Fuentes Díaz	2	LETRA_CONFUNDIDA	que han aminorado el efecto favorable de la depreciación cambiaría para el sector exportador chileno	que han aminorado el efecto favorable de la depreciación cambiaria para el sector exportador chileno	Tilde o ele por i en posición de adjetivo. La sección 3 ter manda corregir estas formas por muchas veces que se repitan, porque 'cambiaría'/'cambiarlas' son formas verbales y en este lugar sólo cabe el adjetivo. No se pide corroboración en la fila ni en la sesión para esta familia. Segunda ocurrencia en esta misma fila.
RPM-2015-08-13:6944:1	2015-08-13	Pablo García Silva	1	ACENTO_INDEBIDO	El Consejero señor Pablo García consulta sí hay alguna razón objetiva para no divulgar	El Consejero señor Pablo García consulta si hay alguna razón objetiva para no divulgar	Tilde indebida: aquí 'si' es conjunción que introduce una interrogativa indirecta, no el adverbio de afirmación, y la oración no admite otra lectura. Corroborado además: 'consulta si hay' aparece 15 veces en el corpus y 'consulta sí hay' 2.
RPM-2015-08-13:6947:1	2015-08-13	Miguel Fuentes Díaz	1	PALABRA_OMITIDA	destaca que la caída del 25% de la producción minera anunciada para año fiscal tiene un impacto notorio	destaca que la caída del 25% de la producción minera anunciada para el año fiscal tiene un impacto notorio	Falta el artículo: 'anunciada para año fiscal' no es gramatical y la reparación es única, porque el OCR omite y no agrega palabras. Corroborada donde el criterio exige: 'para el año fiscal' aparece 1 vez en esta misma sesión y 3 en el corpus. Mismo criterio que 'para año 2015' en 6920:1, ronda 178.
RPM-2015-08-13:6952:1	2015-08-13	Miguel Fuentes Díaz	1	SIMBOLO_SUELTO	con la positiva en servicios. , . . , Anaí ? ! £ , Ias medldas de inflación subyacente permanecen elevadas	con la positiva en servicios. Las medidas de inflación subyacente permanecen elevadas	RESIDUO Y DOS PALABRAS DAÑADAS EN EL MISMO TRAMO, corregidos juntos porque se pisarían si se separaran. Entre dos oraciones hay una cadena de glifos que no forma nada (coma, punto, punto, coma, 'Anaí', interrogación, exclamación, signo de libra, coma; verificados por codepoint: 0x2c 0x2e 0x2e 0x2c 0x41 0x6e 0x61 0xed 0x3f 0x21 0xa3 0x2c) y a continuación 'Ias medldas' por 'Las medidas', con i mayúscula por ele y ele por i. MEDIDO: 'Anaí' aparece 1 sola vez en todo el corpus, 'medldas' 1 e 'Ias ' 1, así que no hay otro uso que proteja la cadena; y 'Las medidas' aparece 54 veces. La oración siguiente ya empieza con mayúscula implícita y no se repone ningún signo.
RPM-2015-08-13:6952:1	2015-08-13	Miguel Fuentes Díaz	2	PALABRA_PARTIDA	Resalta que su com portam iento ha mostrado bastante estabilidad en doce meses	Resalta que su comportamiento ha mostrado bastante estabilidad en doce meses	Una sola palabra partida por DOS espacios: 'com portam iento' por 'comportamiento'. Se reúne sin alterar una letra, sección 1 ter.
RPM-2015-08-13:6952:1	2015-08-13	Miguel Fuentes Díaz	3	PALABRA_PARTIDA	informa que se ha corregido en form a importante al alza, situándose en 4,5% a diciembre	informa que se ha corregido en forma importante al alza, situándose en 4,5% a diciembre	Palabra partida: 'form a' por 'forma'. Sección 1 ter, se reúne sin alterar una letra.
RPM-2015-08-13:6952:1	2015-08-13	Miguel Fuentes Díaz	4	PALABRA_PARTIDA	en enero de 2016, registraría una variación m ensual de 0,5%	en enero de 2016, registraría una variación mensual de 0,5%	Palabra partida: 'm ensual' por 'mensual'. Sección 1 ter.
RPM-2015-08-13:6952:1	2015-08-13	Miguel Fuentes Díaz	5	PALABRA_PARTIDA	por la entrada en vigencia de las modificaciones a la Ley sobre Im puesto de Timbres y Estampillas	por la entrada en vigencia de las modificaciones a la Ley sobre Impuesto de Timbres y Estampillas	Palabra partida: 'Im puesto' por 'Impuesto'. Sección 1 ter. Es el nombre de una ley, pero la reparación no toca la identidad del nombre: sólo reúne las letras que ya están.
RPM-2015-08-13:6952:1	2015-08-13	Miguel Fuentes Díaz	6	PALABRA_PARTIDA	si bien las brechas de actividad han sido menores, la evolución del tipo de cam bio plantea un riesgo	si bien las brechas de actividad han sido menores, la evolución del tipo de cambio plantea un riesgo	Palabra partida: 'cam bio' por 'cambio'. Sección 1 ter.
RPM-2015-08-13:6952:1	2015-08-13	Miguel Fuentes Díaz	7	LETRA_CONFUNDIDA	llevaría al IPC en doce meses a 4,9% y ai IPCSAE a 4,4%	llevaría al IPC en doce meses a 4,9% y al IPCSAE a 4,4%	'ai' no es palabra: es 'al' con la ele leída como i. La oración no admite otra lectura y el paralelo inmediato lo confirma, porque la misma frase acaba de decir 'llevaría al IPC'. Medido: 'al IPCSAE' aparece 2 veces en el corpus y 'ai IPCSAE' 1. Sección 2 bis: la forma defectuosa no es palabra, así que no hay lectura alternativa que proteger.
RPM-2015-08-13:6952:1	2015-08-13	Miguel Fuentes Díaz	8	ACENTO_FALTANTE	las expectativas de inflación a uno y dos anos medidas por la Encuesta de Expectativas Económicas	las expectativas de inflación a uno y dos años medidas por la Encuesta de Expectativas Económicas	Falta la tilde de la eñe: 'anos' por 'años'. Sección 1, la oración no admite otra lectura. Medido: 'años' aparece 1.543 veces en el corpus y ' anos ' con espacios 1 sola.
RPM-2015-08-13:6952:1	2015-08-13	Miguel Fuentes Díaz	9	LETRA_CONFUNDIDA	señala que la depreciación cambiaría ha sido mayor que la sugerida por los fundamentos	señala que la depreciación cambiaria ha sido mayor que la sugerida por los fundamentos	Tilde o ele por i en posición de adjetivo. La sección 3 ter manda corregir estas formas por muchas veces que se repitan, porque 'cambiaría'/'cambiarlas' son formas verbales y en este lugar sólo cabe el adjetivo. No se pide corroboración en la fila ni en la sesión para esta familia.
RPM-2015-08-13:6952:1	2015-08-13	Miguel Fuentes Díaz	10	LETRA_CONFUNDIDA	que han coincidido con eventos de intervención cambiaría en particular el anuncio de intervención en el año 2011	que han coincidido con eventos de intervención cambiaria en particular el anuncio de intervención en el año 2011	Tilde o ele por i en posición de adjetivo. La sección 3 ter manda corregir estas formas por muchas veces que se repitan, porque 'cambiaría'/'cambiarlas' son formas verbales y en este lugar sólo cabe el adjetivo. No se pide corroboración en la fila ni en la sesión para esta familia. Falta además una coma antes de 'en particular', pero la sección 7 prohíbe reponer un signo y queda documentada en la marca de esta misma fila.
RPM-2015-08-13:6953:2	2015-08-13	Sebastián Claro Edwards	1	LETRA_CONFUNDIDA	la significativa magnitud de la depreciación ocurrida tras el episodio de intervención cambiaría podría estar dando cuenta	la significativa magnitud de la depreciación ocurrida tras el episodio de intervención cambiaria podría estar dando cuenta	Tilde por i en posición de adjetivo: 'intervención cambiaria'. La sección 3 ter manda corregir la familia 'cambiar*' sin corroboración porque la forma verbal es imposible en este lugar y sólo cabe el adjetivo. Quinta ocurrencia corregida de esta familia desde la ronda 178.
RPM-2015-08-13:6954:1	2015-08-13	Joaquín Vial Ruiz-Tagle	1	PALABRA_PARTIDA	materias que pudieron haber jugado un rol importante tam bién en el año 2008	materias que pudieron haber jugado un rol importante también en el año 2008	Palabra partida por un espacio intrapalabra. Sección 1 ter: se reúne sin alterar una letra, así que no hay lectura alternativa que proteger y no se pide corroboración. Medido: 'también' aparece 4.809 veces en el corpus y 'tam bién' 9.
RPM-2015-08-13:6955:1	2015-08-13	Beltrán de Ramón Acevedo	1	PALABRA_PARTIDA	El Gerente de División Operaciones Financieras señor Beltrán de Ramón tam bién expresa su preocupación	El Gerente de División Operaciones Financieras señor Beltrán de Ramón también expresa su preocupación	Palabra partida por un espacio intrapalabra. Sección 1 ter: se reúne sin alterar una letra, así que no hay lectura alternativa que proteger y no se pide corroboración. Segunda ocurrencia de 'tam bién' en esta sesión.
RPM-2015-08-13:6955:1	2015-08-13	Beltrán de Ramón Acevedo	2	PALABRA_PARTIDA	el dato de la EEE, en el año 2008 se elevó a 3,3%, retornó a 3% y term inó en 3,9%	el dato de la EEE, en el año 2008 se elevó a 3,3%, retornó a 3% y terminó en 3,9%	Palabra partida por un espacio intrapalabra. Sección 1 ter: se reúne sin alterar una letra, así que no hay lectura alternativa que proteger y no se pide corroboración.
RPM-2015-08-13:6955:1	2015-08-13	Beltrán de Ramón Acevedo	3	PALABRA_PARTIDA	y en el año 2011, se elevó levemente, pero previamente comenzó a aum entar su desviación respecto de la EOF	y en el año 2011, se elevó levemente, pero previamente comenzó a aumentar su desviación respecto de la EOF	Palabra partida por un espacio intrapalabra. Sección 1 ter: se reúne sin alterar una letra, así que no hay lectura alternativa que proteger y no se pide corroboración.
RPM-2015-08-13:6955:1	2015-08-13	Beltrán de Ramón Acevedo	4	PALABRA_PARTIDA	Hoy, en cambio, la EEE a dos años exhibe una desviación mínima, la menor en térm inos históricos	Hoy, en cambio, la EEE a dos años exhibe una desviación mínima, la menor en términos históricos	Palabra partida por un espacio intrapalabra. Sección 1 ter: se reúne sin alterar una letra, así que no hay lectura alternativa que proteger y no se pide corroboración. Cuarta palabra partida en esta misma fila: el escaneo de esta página va partiendo palabras de a una.
RPM-2015-08-13:6956:1	2015-08-13	Rodrigo Vergara Montes	1	PALABRA_PARTIDA	Plantea que desde el punto de las expectativas no pareciera haber riesgos m ayores, ya que de haberlos	Plantea que desde el punto de las expectativas no pareciera haber riesgos mayores, ya que de haberlos	Palabra partida por un espacio intrapalabra. Sección 1 ter: se reúne sin alterar una letra, así que no hay lectura alternativa que proteger y no se pide corroboración.
RPM-2015-08-13:6956:1	2015-08-13	Rodrigo Vergara Montes	2	PALABRA_PARTIDA	de la misma m anera, si la economía estuviera creciendo a tasas más elevadas	de la misma manera, si la economía estuviera creciendo a tasas más elevadas	Palabra partida por un espacio intrapalabra. Sección 1 ter: se reúne sin alterar una letra, así que no hay lectura alternativa que proteger y no se pide corroboración.
RPM-2015-08-13:6956:1	2015-08-13	Rodrigo Vergara Montes	3	PALABRA_PARTIDA	la política monetaria sería m enos extraordinariamente expansiva a como lo está siendo ahora	la política monetaria sería menos extraordinariamente expansiva a como lo está siendo ahora	Palabra partida por un espacio intrapalabra. Sección 1 ter: se reúne sin alterar una letra, así que no hay lectura alternativa que proteger y no se pide corroboración. Tres palabras partidas en esta fila, las tres con el mismo glifo: una eme separada de la vocal que sigue.
RPM-2015-08-13:6957:1	2015-08-13	Alberto Naudon Dell'Oro	1	PALABRA_PARTIDA	El Gerente de División Estudios señor Alberto Naudon aclara que el ejercicio en com ento no tuvo la intención	El Gerente de División Estudios señor Alberto Naudon aclara que el ejercicio en comento no tuvo la intención	Palabra partida por un espacio intrapalabra. Sección 1 ter: se reúne sin alterar una letra, así que no hay lectura alternativa que proteger y no se pide corroboración.
RPM-2015-08-13:6957:1	2015-08-13	Alberto Naudon Dell'Oro	2	PALABRA_PARTIDA	si bien la Minuta de Opciones no sugiere en caso alguno tom ar una acción inminente	si bien la Minuta de Opciones no sugiere en caso alguno tomar una acción inminente	Palabra partida por un espacio intrapalabra. Sección 1 ter: se reúne sin alterar una letra, así que no hay lectura alternativa que proteger y no se pide corroboración.
RPM-2015-08-13:6957:1	2015-08-13	Alberto Naudon Dell'Oro	3	PALABRA_DUPLICADA	que se situaría dentro del rango recién pasada la mitad del próximo año, con registros sobre sobre 5% en el intertanto	que se situaría dentro del rango recién pasada la mitad del próximo año, con registros sobre 5% en el intertanto	Palabra duplicada: 'sobre sobre'. La reparación es única, porque quitar el segundo daría el mismo texto y 'sobre sobre' no es ninguna construcción. Medido: aparece 1 sola vez en todo el corpus, así que no es un uso de la fuente sino una duplicación de esta fila. Segundo caso de duplicación en el corpus tras la fila entera repetida de 6926:2 (ronda 179).
RPM-2015-08-13:6958:1	2015-08-13	Pablo García Silva	1	LETRA_CONFUNDIDA	Por último, manifiesta que si hubiera un desanctaje de expectativas, un alza de tasas sería la señal correcta	Por último, manifiesta que si hubiera un desanclaje de expectativas, un alza de tasas sería la señal correcta	'desanctaje' no es palabra: la ele se leyó como te. La oración no admite otra lectura y la corroboración sobra: 'desanclaje' aparece 3 veces en esta misma fila, 40 en la sesión y 144 en el corpus. Sección 2 bis: la forma defectuosa no es palabra, así que no hay lectura alternativa que proteger.
RPM-2015-08-13:6959:1	2015-08-13	Sebastián Claro Edwards	1	PALABRA_OMITIDA	Expresa que frente la decisión de hacer explícita o no la preocupación sobre el riesgo de desanclaje	Expresa que frente a la decisión de hacer explícita o no la preocupación sobre el riesgo de desanclaje	Falta la preposición: 'frente la decisión' no es gramatical y la reparación es única, porque el OCR omite y no agrega palabras. 'frente a la' aparece 110 veces en el corpus. Mismo criterio que 'la mayoría las monedas' (ronda 178) y 'la proyección el PIB' (ronda 179): preposición faltante, cadena agramatical, reparación única.
RPM-2015-08-13:6965:1	2015-08-13	Beltrán de Ramón Acevedo	1	LETRA_CONFUNDIDA	el único factor importante de riesgo que queda, y que presiona los precios, es la depreciación cambiaría, pero que finalmente	el único factor importante de riesgo que queda, y que presiona los precios, es la depreciación cambiaria, pero que finalmente	Tilde por i en posición de adjetivo. Sección 3 ter: la familia 'cambiar*' se corrige sin corroboración porque la forma verbal es imposible en este lugar.
RPM-2015-08-13:6965:1	2015-08-13	Beltrán de Ramón Acevedo	2	PUNTUACION	"que están “incómodos"" con la inflación headline"	que están “incómodos” con la inflación headline	"Comilla recta usada como cierre de una apertura curva. Es un PAR MIXTO y por eso es defecto sin ambigüedad: la fila tiene 1 apertura curva, 0 cierres curvos y 1 recta, así que esa recta sólo puede ser el cierre que falta. MEDIDO EN TODO EL CORPUS: de las 123 comillas rectas, 52 cierran una apertura curva (par mixto, defecto seguro) y 71 son otra cosa, entre ellas pares enteramente rectos como '""dilema del prisionero""' de esta misma sesión o '""commodities""' en 1257:1, que no se tocan porque ahí no hay desequilibrio que pruebe el defecto. Aperturas curvas 323, cierres curvos 267, rectas 123 en 91 filas, y 65 filas tienen más aperturas que cierres."
RPM-2015-08-13:6967:1	2015-08-13	Rodrigo Valdés Pulido	1	PALABRA_PARTIDA	si se desancla la economía, será preciso reaccionar y determ inar las causas que llevaron a ello	si se desancla la economía, será preciso reaccionar y determinar las causas que llevaron a ello	Palabra partida: 'determ inar' por 'determinar'. Sección 1 ter, se reúne sin alterar una letra.
RPM-2015-08-13:6967:1	2015-08-13	Rodrigo Valdés Pulido	2	LETRA_CONFUNDIDA	una función de reacción que lleve a subir la tasa de interés después de una depreciación cambiaría, por la configuración de parámetros	una función de reacción que lleve a subir la tasa de interés después de una depreciación cambiaria, por la configuración de parámetros	Tilde por i en posición de adjetivo, sección 3 ter.
RPM-2015-08-13:6967:1	2015-08-13	Rodrigo Valdés Pulido	3	LETRA_CONFUNDIDA	dado que la combinación inflación y desempleo o inflación con breca no es aceptada como conveniente	dado que la combinación inflación y desempleo o inflación con brecha no es aceptada como conveniente	Falta la hache: 'breca' por 'brecha'. La palabra 'breca' existe (un pez) pero aquí no tiene sentido y la oración no admite otra lectura. Corroborada de sobra: 'brecha' aparece 5 veces en esta misma sesión y 851 en el corpus. OJO CON LA MEDICION: 'breca' parece aparecer 28 veces, pero 27 de esas están DENTRO de 'sobrecalentamiento'/'sobrecalentada' (so-breca-lentamiento). La ocurrencia real es 1 sola. Es la misma trampa que 'ratando' dentro de 'tratando' y por eso la regla exige delimitar la palabra antes de contar.
RPM-2015-08-13:6967:1	2015-08-13	Rodrigo Valdés Pulido	4	PALABRA_OMITIDA	considerando además en este contexto el marco de aplicación de políticas contracíclicas y el hecho que el cambio de precios relativos puede llegar ser fuerte en dicho período	considerando además en este contexto el marco de aplicación de políticas contracíclicas y el hecho que el cambio de precios relativos puede llegar a ser fuerte en dicho período	Falta la preposición: 'puede llegar ser fuerte' no es gramatical y la reparación es única, porque el OCR omite y no agrega palabras. 'llegar a ser' aparece 5 veces en el corpus. Mismo criterio que 'frente la decisión' (ronda 181), 'la proyección el PIB' (ronda 179) y 'la mayoría las monedas' (ronda 178).
RPM-2015-08-13:6967:1	2015-08-13	Rodrigo Valdés Pulido	5	PUNTUACION	" """	 ”	Comilla recta que cierra una comilla curva: el par esta desbalanceado en el propio texto, de modo que el defecto queda demostrado sin recurrir al PDF. Medido en todo el corpus: 123 comillas rectas, de las cuales 57 forman par mixto con una curva (51 cierran una apertura “ y 6 abren donde el cierre es ”) y se corrigen; 57 forman pares enteramente rectos y no se tocan porque no hay desequilibrio que pruebe el defecto; 9 quedan huerfanas y se tratan aparte.
RPM-2015-08-13:6969:1	2015-08-13	Pablo García Silva	1	LETRA_CONFUNDIDA	constituye en su opinión una circunstancia excepcional que amerita considerar la intervención cambiaría esterilizada	constituye en su opinión una circunstancia excepcional que amerita considerar la intervención cambiaria esterilizada	Tilde por i en posición de adjetivo, sección 3 ter. Tercera ocurrencia de la familia en esta misma sesión (6953:2, 6965:1 y esta), más dos en 6967:1.
RPM-2015-08-13:6974:1	2015-08-13	Sebastián Claro Edwards	1	LETRA_CONFUNDIDA	que se han visto refrendadas con las modificaciones a la política cambiaría en ese país	que se han visto refrendadas con las modificaciones a la política cambiaria en ese país	Tilde por i en posición de adjetivo, sección 3 ter.
RPM-2015-08-13:6974:1	2015-08-13	Sebastián Claro Edwards	2	LETRA_CONFUNDIDA	las perspectivas externas sugieren que la recuperación debiera der más lenta que lo anticipado	las perspectivas externas sugieren que la recuperación debiera ser más lenta que lo anticipado	Ese por ese: 'debiera der' no es palabra y la oración no admite otra lectura. Corroborada dentro de la misma fila, que es lo mejor que puede pasar: 'debiera ser' aparece 1 vez en 6974:1, 1 en la sesión y 90 en el corpus. Medido: 'debiera der' aparece 1 sola vez en todo el corpus.
RPM-2015-08-13:6976:1	2015-08-13	Enrique Marshall Rivera	1	LETRA_CONFUNDIDA	Destaca que la minuta de la Gerencia de División Estudios, después de varios meses, vuelve a plantear dos opciones. A su juicio, es fundamentalmente un retomo a prácticas habituales	Destaca que la minuta de la Gerencia de División Estudios, después de varios meses, vuelve a plantear dos opciones. A su juicio, es fundamentalmente un retorno a prácticas habituales	Ene perdida: 'retomo' por 'retorno'. 'retomo' es una forma verbal real, pero después del artículo 'un' sólo cabe un sustantivo, así que en este lugar la forma defectuosa es gramaticalmente imposible y la reparación es única. Es el mismo razonamiento de la sección 3 ter para 'cambiaría'. Medido: 'retomo' aparece 1 sola vez en el corpus y 'un retorno a' 9.
RPM-2015-08-13:6976:1	2015-08-13	Enrique Marshall Rivera	2	LETRA_CONFUNDIDA	el panorama para las economías exportadoras de materias primas, incluido Chile, se ha tomado más sombrío	el panorama para las economías exportadoras de materias primas, incluido Chile, se ha tornado más sombrío	Te por erre: 'tomado' por 'tornado'. 'tomado' es palabra real y 'se ha tomado' aparece 5 veces en el corpus, pero en el marco 'se ha ___ más sombrío' el verbo tomarse no funciona: el panorama no se toma sombrío, se torna sombrío. Con la forma defectuosa la oración no es gramatical y el candidato es uno solo, así que se corrige aunque 'se ha tornado' no aparezca en la fila ni en la sesión (32 veces en el corpus). Se distingue de 'control de endeudamiento', que sí se marcó porque 'un alza en el control de endeudamiento' SÍ se puede leer y por tanto existe una lectura alternativa que proteger.
RPM-2015-08-13:6977:1	2015-08-13	Rodrigo Vergara Montes	1	LETRA_CONFUNDIDA	Manifiesta que si bien las explicaciones son claras, esto es cambiarías, esta elevada persistencia genera un riesgo	Manifiesta que si bien las explicaciones son claras, esto es cambiarias, esta elevada persistencia genera un riesgo	Tilde por i en el adjetivo plural, sección 3 ter. MEDICION CORREGIDA: 'cambiarías' con ese aparece 53 veces en el corpus, y esas 53 están DENTRO de las 241 que se venían citando para 'cambiaría', porque la cadena corta es substring de la larga. O sea la familia se reparte en 188 singulares y 53 plurales, no 241 singulares. Es la misma trampa de contar sin delimitar que 'breca' dentro de 'sobrecalentamiento' y 'ratando' dentro de 'tratando'.
RPM-2007-05-10:1224:2	2007-05-10	Sergio Lehmann Beresi	1	LETRA_CONFUNDIDA	mientras que el IRC, al menos,	mientras que el IPC, al menos,	"IRC por IPC. La P se lee como R: la misma fila escribe ""el IPC subyacente en 1,9%"" justo antes y luego contrasta con el indice general. La sigla IRC no existe en el corpus como tal."
RPM-2007-05-10:1224:2	2007-05-10	Sergio Lehmann Beresi	2	PALABRA_OMITIDA	lo que observamos hace mes, incluso	lo que observamos hace un mes, incluso	"Falta el articulo: ""hace mes"" no es construccion posible en espanol. Corroboracion abrumadora: ""hace un mes"" aparece 254 veces en el corpus; ""hace mes"" suelto, solo aqui (las otras 5 apariciones medidas son ""hace meses"", que la contiene como subcadena)."
RPM-2005-04-07:211:1	2005-04-07	Pablo García Silva	1	LETRA_CONFUNDIDA	IRC	IPC	IRC por IPC. Medido en todo el corpus: 71 apariciones, ninguna en un contexto donde IRC sea una sigla legitima; 61 sueltas y 10 dentro de IRCX1, que tambien debe leerse IPCX1 porque la misma fila escribe IPCX e IPCX2. Regla de bloque revisada caso por caso.
RPM-2005-04-07:211:1	2005-04-07	Pablo García Silva	2	LETRA_CONFUNDIDA	en contraposición a ios que bajan. Al m	en contraposición a los que bajan. Al m	"""ios"" por ""los"": la l se leyo como i, la misma regla que produce ""ai"" por ""al"" (§12). Medido: 90 apariciones en 88 filas contra 32.215 de ""los"". ""ios"" no es palabra del español. Se comprobo la palabra que precede a las 90 y en todas corresponde un articulo: de 25, en 14, que 12, a 9, para 5, todos 3, con 2, y 2, por 2, y el resto tras cuando, durante, analizan, septiembre, o una comilla de apertura."
RPM-2005-05-12:226:1	2005-05-12	Pablo García Silva	1	LETRA_CONFUNDIDA	IRC	IPC	IRC por IPC. Medido en todo el corpus: 71 apariciones, ninguna en un contexto donde IRC sea una sigla legitima; 61 sueltas y 10 dentro de IRCX1, que tambien debe leerse IPCX1 porque la misma fila escribe IPCX e IPCX2. Regla de bloque revisada caso por caso.
RPM-2005-05-12:226:1	2005-05-12	Pablo García Silva	2	LETRA_CONFUNDIDA	cambiarlo	cambiario	"cambiarlo por cambiario. Misma familia: el OCR puso una l donde va una i. Medido: 60 apariciones, de las cuales 16 son ""cambiarlos"" (la forma larga contiene a la corta, y esta regla las corrige tambien). 6 son el infinitivo legitimo y sus filas quedan excluidas: ""habria que cambiarlos por papeles"" (2006-08-10:812:1), ""hay que cambiarlo"" (2006-11-16:980:1), ""haya que cambiarlo"" (2007-03-15:1146:1), ""no puede cambiarlo"" (2008-08-14:2022:1), ""no hay antecedentes para cambiarlo"" (2010-08-12:3317:1), ""razones para cambiarlo"" (2012-05-17:4843:1). Las 54 restantes son adjetivas: ""el lado cambiarlo"", ""en lo cambiarlo"", ""los mercados financieros y cambiarlos"". Los 11 contextos con palabra funcion delante se revisaron uno por uno."
RPM-2005-07-12:297:2	2005-07-12	Pablo García Silva	1	LETRA_CONFUNDIDA	IRC	IPC	IRC por IPC. Medido en todo el corpus: 71 apariciones, ninguna en un contexto donde IRC sea una sigla legitima; 61 sueltas y 10 dentro de IRCX1, que tambien debe leerse IPCX1 porque la misma fila escribe IPCX e IPCX2. Regla de bloque revisada caso por caso.
RPM-2005-07-12:297:2	2005-07-12	Pablo García Silva	2	LETRA_CONFUNDIDA	en tomo a	en torno a	"en tomo a por ""en torno a"". Medido: 24 apariciones (20 ""en tomo a"" y 4 ""en tomo al""), la r leida como m. ""tomo"" es palabra real (volumen) pero ningun contexto lo admite. ""en torno a"" aparece 1.678 veces."
RPM-2005-07-12:297:2	2005-07-12	Pablo García Silva	3	SIMBOLO_SUELTO	sigue siendo incierta. L Escenario	sigue siendo incierta. Escenario	"Letra mayúscula suelta entre dos oraciones. Es ruido de escaneo: la oración anterior termina en punto y la siguiente empieza con mayúscula y sentido completo, así que la letra no pertenece a ninguna de las dos. Medido: 17 casos en 17 filas, con las letras V, H, L, U, A, M, Y, B. Se revisaron uno por uno; el único que NO es residuo es RPM-2007-01-11:1055:1 (""prolongado. A SU juicio""), donde la A abre la oración legítimamente y el defecto es ""SU"" en mayúscula, que se trata aparte."
RPM-2005-07-12:297:2	2005-07-12	Pablo García Silva	4	LETRA_CONFUNDIDA	 En lo más coyuntura!, este cierre de	 En lo más coyuntural, este cierre de	"Signo de exclamación en lugar de la ele final. Medido: 42 apariciones, y todas dan palabra válida al reponer la l: de! 31 (del), coyuntura! 2, a! 2 (al), e! 2 (el), diferencia!, rea!, genera!, anua!, metano!. Se revisaron las nueve formas una por una y los cuatro casos límite (a!, e!) en su contexto: ""sorprendieron en algo a! alza"", ""precisa que e! planteamiento"", ""acceso a! financiamiento"", ""acuerdo sobre e! Mecanismo"". Ninguna es una exclamación real."
RPM-2005-07-12:297:2	2005-07-12	Pablo García Silva	5	LETRA_CONFUNDIDA	ntos porcentuales de! crecimiento. Re	ntos porcentuales del crecimiento. Re	"Signo de exclamación en lugar de la ele final. Medido: 42 apariciones, y todas dan palabra válida al reponer la l: de! 31 (del), coyuntura! 2, a! 2 (al), e! 2 (el), diferencia!, rea!, genera!, anua!, metano!. Se revisaron las nueve formas una por una y los cuatro casos límite (a!, e!) en su contexto: ""sorprendieron en algo a! alza"", ""precisa que e! planteamiento"", ""acceso a! financiamiento"", ""acuerdo sobre e! Mecanismo"". Ninguna es una exclamación real."
RPM-2005-07-12:302:1	2005-07-12	Rodrigo Valdés Pulido	1	LETRA_CONFUNDIDA	IRC	IPC	IRC por IPC. Medido en todo el corpus: 71 apariciones, ninguna en un contexto donde IRC sea una sigla legitima; 61 sueltas y 10 dentro de IRCX1, que tambien debe leerse IPCX1 porque la misma fila escribe IPCX e IPCX2. Regla de bloque revisada caso por caso.
RPM-2005-07-12:302:2	2005-07-12	Manuel Marfán Lewis	1	LETRA_CONFUNDIDA	IRC	IPC	IRC por IPC. Medido en todo el corpus: 71 apariciones, ninguna en un contexto donde IRC sea una sigla legitima; 61 sueltas y 10 dentro de IRCX1, que tambien debe leerse IPCX1 porque la misma fila escribe IPCX e IPCX2. Regla de bloque revisada caso por caso.
RPM-2005-07-12:303:1	2005-07-12	Esteban Jadresic Marinovic	1	LETRA_CONFUNDIDA	IRC	IPC	IRC por IPC. Medido en todo el corpus: 71 apariciones, ninguna en un contexto donde IRC sea una sigla legitima; 61 sueltas y 10 dentro de IRCX1, que tambien debe leerse IPCX1 porque la misma fila escribe IPCX e IPCX2. Regla de bloque revisada caso por caso.
RPM-2005-08-11:314:1	2005-08-11	Pablo García Silva	1	LETRA_CONFUNDIDA	IRC	IPC	IRC por IPC. Medido en todo el corpus: 71 apariciones, ninguna en un contexto donde IRC sea una sigla legitima; 61 sueltas y 10 dentro de IRCX1, que tambien debe leerse IPCX1 porque la misma fila escribe IPCX e IPCX2. Regla de bloque revisada caso por caso.
RPM-2005-11-10:454:1	2005-11-10	Pablo García Silva	1	LETRA_CONFUNDIDA	IRC	IPC	IRC por IPC. Medido en todo el corpus: 71 apariciones, ninguna en un contexto donde IRC sea una sigla legitima; 61 sueltas y 10 dentro de IRCX1, que tambien debe leerse IPCX1 porque la misma fila escribe IPCX e IPCX2. Regla de bloque revisada caso por caso.
RPM-2005-12-13:525:1	2005-12-13	José De Gregorio Rebeco	1	LETRA_CONFUNDIDA	IRC	IPC	IRC por IPC. Medido en todo el corpus: 71 apariciones, ninguna en un contexto donde IRC sea una sigla legitima; 61 sueltas y 10 dentro de IRCX1, que tambien debe leerse IPCX1 porque la misma fila escribe IPCX e IPCX2. Regla de bloque revisada caso por caso.
RPM-2006-02-09:576:4	2006-02-09	Pablo García Silva	1	LETRA_CONFUNDIDA	IRC	IPC	IRC por IPC. Medido en todo el corpus: 71 apariciones, ninguna en un contexto donde IRC sea una sigla legitima; 61 sueltas y 10 dentro de IRCX1, que tambien debe leerse IPCX1 porque la misma fila escribe IPCX e IPCX2. Regla de bloque revisada caso por caso.
RPM-2006-05-11:660:2	2006-05-11	Igal Magendzo Weinberger	1	LETRA_CONFUNDIDA	IRC	IPC	IRC por IPC. Medido en todo el corpus: 71 apariciones, ninguna en un contexto donde IRC sea una sigla legitima; 61 sueltas y 10 dentro de IRCX1, que tambien debe leerse IPCX1 porque la misma fila escribe IPCX e IPCX2. Regla de bloque revisada caso por caso.
RPM-2006-05-11:660:2	2006-05-11	Igal Magendzo Weinberger	2	LETRA_CONFUNDIDA	res de referencia de! precio del cobr	res de referencia del precio del cobr	"Signo de exclamación en lugar de la ele final. Medido: 42 apariciones, y todas dan palabra válida al reponer la l: de! 31 (del), coyuntura! 2, a! 2 (al), e! 2 (el), diferencia!, rea!, genera!, anua!, metano!. Se revisaron las nueve formas una por una y los cuatro casos límite (a!, e!) en su contexto: ""sorprendieron en algo a! alza"", ""precisa que e! planteamiento"", ""acceso a! financiamiento"", ""acuerdo sobre e! Mecanismo"". Ninguna es una exclamación real."
RPM-2006-05-11:660:2	2006-05-11	Igal Magendzo Weinberger	3	LETRA_CONFUNDIDA	 ios 	 los 	"""ios"" por ""los"": la l se leyo como i, la misma regla que produce ""ai"" por ""al"" (§12). Medido: 90 apariciones en 88 filas contra 32.215 de ""los"". ""ios"" no es palabra del español. Se comprobo la palabra que precede a las 90 y en todas corresponde un articulo: de 25, en 14, que 12, a 9, para 5, todos 3, con 2, y 2, por 2, y el resto tras cuando, durante, analizan, septiembre, o una comilla de apertura."
RPM-2006-06-15:728:1	2006-06-15	Rodrigo Valdés Pulido	1	LETRA_CONFUNDIDA	IRC	IPC	IRC por IPC. Medido en todo el corpus: 71 apariciones, ninguna en un contexto donde IRC sea una sigla legitima; 61 sueltas y 10 dentro de IRCX1, que tambien debe leerse IPCX1 porque la misma fila escribe IPCX e IPCX2. Regla de bloque revisada caso por caso.
RPM-2006-06-15:728:1	2006-06-15	Rodrigo Valdés Pulido	2	ACENTO_INDEBIDO	cambiaría	cambiaria	"cambiaría por cambiaria. La tilde convierte el adjetivo en verbo condicional. Medido en todo el corpus: 241 apariciones con tilde (188 singulares y 53 dentro de ""cambiarías"", que esta regla tambien corrige porque la forma larga contiene a la corta). SOLO 3 son el condicional legitimo y sus filas quedan excluidas: ""cuanto cambiaria la estimacion"" (2005-12-13:515:1), ""no cambiaria el sesgo"" (2012-03-15:4723:1), ""no cambiaria el comportamiento"" (2014-09-11:6425:1). Las 238 restantes van siempre tras un sustantivo que exige adjetivo (apreciacion 65, depreciacion 55, intervencion 28, ...); los 46 con sustantivo ambiguo fueron muestreados y todos exigen adjetivo. Se verifico ademas que ninguna fila mezcla la forma verbal con la adjetiva."
RPM-2006-06-15:728:1	2006-06-15	Rodrigo Valdés Pulido	3	LETRA_CONFUNDIDA	 inflacionaria y de ios salarios.⏎Señal	 inflacionaria y de los salarios.⏎Señal	"""ios"" por ""los"": la l se leyo como i, la misma regla que produce ""ai"" por ""al"" (§12). Medido: 90 apariciones en 88 filas contra 32.215 de ""los"". ""ios"" no es palabra del español. Se comprobo la palabra que precede a las 90 y en todas corresponde un articulo: de 25, en 14, que 12, a 9, para 5, todos 3, con 2, y 2, por 2, y el resto tras cuando, durante, analizan, septiembre, o una comilla de apertura."
RPM-2006-09-07:847:1	2006-09-07	Igal Magendzo Weinberger	1	LETRA_CONFUNDIDA	IRC	IPC	IRC por IPC. Medido en todo el corpus: 71 apariciones, ninguna en un contexto donde IRC sea una sigla legitima; 61 sueltas y 10 dentro de IRCX1, que tambien debe leerse IPCX1 porque la misma fila escribe IPCX e IPCX2. Regla de bloque revisada caso por caso.
RPM-2006-09-07:867:1	2006-09-07	Rodrigo Valdés Pulido	1	LETRA_CONFUNDIDA	IRC	IPC	IRC por IPC. Medido en todo el corpus: 71 apariciones, ninguna en un contexto donde IRC sea una sigla legitima; 61 sueltas y 10 dentro de IRCX1, que tambien debe leerse IPCX1 porque la misma fila escribe IPCX e IPCX2. Regla de bloque revisada caso por caso.
RPM-2006-11-16:946:1	2006-11-16	Sergio Lehmann Beresi	1	LETRA_CONFUNDIDA	IRC	IPC	IRC por IPC. Medido en todo el corpus: 71 apariciones, ninguna en un contexto donde IRC sea una sigla legitima; 61 sueltas y 10 dentro de IRCX1, que tambien debe leerse IPCX1 porque la misma fila escribe IPCX e IPCX2. Regla de bloque revisada caso por caso.
RPM-2006-11-16:946:1	2006-11-16	Sergio Lehmann Beresi	2	LETRA_CONFUNDIDA	cambiarlo	cambiario	"cambiarlo por cambiario. Misma familia: el OCR puso una l donde va una i. Medido: 60 apariciones, de las cuales 16 son ""cambiarlos"" (la forma larga contiene a la corta, y esta regla las corrige tambien). 6 son el infinitivo legitimo y sus filas quedan excluidas: ""habria que cambiarlos por papeles"" (2006-08-10:812:1), ""hay que cambiarlo"" (2006-11-16:980:1), ""haya que cambiarlo"" (2007-03-15:1146:1), ""no puede cambiarlo"" (2008-08-14:2022:1), ""no hay antecedentes para cambiarlo"" (2010-08-12:3317:1), ""razones para cambiarlo"" (2012-05-17:4843:1). Las 54 restantes son adjetivas: ""el lado cambiarlo"", ""en lo cambiarlo"", ""los mercados financieros y cambiarlos"". Los 11 contextos con palabra funcion delante se revisaron uno por uno."
RPM-2006-12-14:1002:2	2006-12-14	Igal Magendzo Weinberger	1	LETRA_CONFUNDIDA	IRC	IPC	IRC por IPC. Medido en todo el corpus: 71 apariciones, ninguna en un contexto donde IRC sea una sigla legitima; 61 sueltas y 10 dentro de IRCX1, que tambien debe leerse IPCX1 porque la misma fila escribe IPCX e IPCX2. Regla de bloque revisada caso por caso.
RPM-2006-12-14:991:1	2006-12-14	Sergio Lehmann Beresi	1	LETRA_CONFUNDIDA	IRC	IPC	IRC por IPC. Medido en todo el corpus: 71 apariciones, ninguna en un contexto donde IRC sea una sigla legitima; 61 sueltas y 10 dentro de IRCX1, que tambien debe leerse IPCX1 porque la misma fila escribe IPCX e IPCX2. Regla de bloque revisada caso por caso.
RPM-2007-02-08:1090:4	2007-02-08	Rodrigo Valdés Pulido	1	LETRA_CONFUNDIDA	IRC	IPC	IRC por IPC. Medido en todo el corpus: 71 apariciones, ninguna en un contexto donde IRC sea una sigla legitima; 61 sueltas y 10 dentro de IRCX1, que tambien debe leerse IPCX1 porque la misma fila escribe IPCX e IPCX2. Regla de bloque revisada caso por caso.
RPM-2007-03-15:1159:1	2007-03-15	Esteban Jadresic Marinovic	1	LETRA_CONFUNDIDA	IRC	IPC	IRC por IPC. Medido en todo el corpus: 71 apariciones, ninguna en un contexto donde IRC sea una sigla legitima; 61 sueltas y 10 dentro de IRCX1, que tambien debe leerse IPCX1 porque la misma fila escribe IPCX e IPCX2. Regla de bloque revisada caso por caso.
RPM-2007-04-12:1184:2	2007-04-12	Igal Magendzo Weinberger	1	LETRA_CONFUNDIDA	IRC	IPC	IRC por IPC. Medido en todo el corpus: 71 apariciones, ninguna en un contexto donde IRC sea una sigla legitima; 61 sueltas y 10 dentro de IRCX1, que tambien debe leerse IPCX1 porque la misma fila escribe IPCX e IPCX2. Regla de bloque revisada caso por caso.
RPM-2007-04-12:1209:4	2007-04-12	Rodrigo Valdés Pulido	1	LETRA_CONFUNDIDA	IRC	IPC	IRC por IPC. Medido en todo el corpus: 71 apariciones, ninguna en un contexto donde IRC sea una sigla legitima; 61 sueltas y 10 dentro de IRCX1, que tambien debe leerse IPCX1 porque la misma fila escribe IPCX e IPCX2. Regla de bloque revisada caso por caso.
RPM-2007-04-12:1209:4	2007-04-12	Rodrigo Valdés Pulido	2	LETRA_CONFUNDIDA	bles implicancias de! mayor crecimien	bles implicancias del mayor crecimien	"Signo de exclamación en lugar de la ele final. Medido: 42 apariciones, y todas dan palabra válida al reponer la l: de! 31 (del), coyuntura! 2, a! 2 (al), e! 2 (el), diferencia!, rea!, genera!, anua!, metano!. Se revisaron las nueve formas una por una y los cuatro casos límite (a!, e!) en su contexto: ""sorprendieron en algo a! alza"", ""precisa que e! planteamiento"", ""acceso a! financiamiento"", ""acuerdo sobre e! Mecanismo"". Ninguna es una exclamación real."
RPM-2007-04-12:1211:1	2007-04-12	Esteban Jadresic Marinovic	1	LETRA_CONFUNDIDA	nesgo	riesgo	"nesgo por riesgo. Medido: 29 apariciones en 29 filas, todas con la i leida como n. ""nesgo"" no es palabra del espanol, no existe lectura alternativa. ""riesgo"" aparece cientos de veces en el corpus."
RPM-2007-04-12:1216:1	2007-04-12	Enrique Marshall Rivera	1	LETRA_CONFUNDIDA	en tomo a	en torno a	"en tomo a por ""en torno a"". Medido: 24 apariciones (20 ""en tomo a"" y 4 ""en tomo al""), la r leida como m. ""tomo"" es palabra real (volumen) pero ningun contexto lo admite. ""en torno a"" aparece 1.678 veces."
RPM-2007-06-14:1266:1	2007-06-14	Sergio Lehmann Beresi	1	LETRA_CONFUNDIDA	nesgo	riesgo	"nesgo por riesgo. Medido: 29 apariciones en 29 filas, todas con la i leida como n. ""nesgo"" no es palabra del espanol, no existe lectura alternativa. ""riesgo"" aparece cientos de veces en el corpus."
RPM-2007-06-14:1266:1	2007-06-14	Sergio Lehmann Beresi	2	LETRA_CONFUNDIDA	ior de acuerdo al Consesus Forecast. Indica 	ior de acuerdo al Consensus Forecast. Indica 	"Consesus por Consensus: falta una n. Medido: ""Consensus"" aparece 127 veces en 99 filas y ""Consesus"" 8 veces en 6, siempre en el nombre propio ""Consensus Forecast"". No hay lectura alternativa."
RPM-2007-06-14:1297:4	2007-06-14	Igal Magendzo Weinberger	1	LETRA_CONFUNDIDA	IRC	IPC	IRC por IPC. Medido en todo el corpus: 71 apariciones, ninguna en un contexto donde IRC sea una sigla legitima; 61 sueltas y 10 dentro de IRCX1, que tambien debe leerse IPCX1 porque la misma fila escribe IPCX e IPCX2. Regla de bloque revisada caso por caso.
RPM-2007-06-14:1297:4	2007-06-14	Igal Magendzo Weinberger	2	PUNTUACION	""""	”	Comilla recta que cierra una comilla curva: el par esta desbalanceado en el propio texto, de modo que el defecto queda demostrado sin recurrir al PDF. Medido en todo el corpus: 123 comillas rectas, de las cuales 57 forman par mixto con una curva (51 cierran una apertura “ y 6 abren donde el cierre es ”) y se corrigen; 57 forman pares enteramente rectos y no se tocan porque no hay desequilibrio que pruebe el defecto; 9 quedan huerfanas y se tratan aparte.
RPM-2007-06-14:1302:1	2007-06-14	Andrés Velasco Brañes	1	LETRA_CONFUNDIDA	nesgo	riesgo	"nesgo por riesgo. Medido: 29 apariciones en 29 filas, todas con la i leida como n. ""nesgo"" no es palabra del espanol, no existe lectura alternativa. ""riesgo"" aparece cientos de veces en el corpus."
RPM-2007-07-12:1352:1	2007-07-12	Consejo del Banco Central de Chile	1	LETRA_CONFUNDIDA	en tomo a	en torno a	"en tomo a por ""en torno a"". Medido: 24 apariciones (20 ""en tomo a"" y 4 ""en tomo al""), la r leida como m. ""tomo"" es palabra real (volumen) pero ningun contexto lo admite. ""en torno a"" aparece 1.678 veces."
RPM-2007-07-12:1352:1	2007-07-12	Consejo del Banco Central de Chile	2	SIMBOLO_SUELTO	base a 5,25% anual. Comunicado ■'En su reunión mensual de polí	base a 5,25% anual. Comunicado “En su reunión mensual de polí	Símbolo ■ con basura adyacente, residuo del escaneo. El tipo SIMBOLO_SUELTO fue creado justamente para estos casos («■V», «ry _<< ■» -> se elimina). Medido: 21 apariciones en 20 filas. Se trata cada una con su basura propia porque el ruido que la acompaña varía (■o J, ■,\y, ■', ■J, ■V, / ■ ' /, 4 / ■, i - /■, — f ■, ry _<< ■). En todos los casos las dos oraciones que rodean el residuo quedan completas sin él. Excepción: en 5802:2 se elimina solo el ■ y se deja el paréntesis abierto, porque esa fila ya está marcada RECONSTRUCCION_AMBIGUA_POR_COTEJAR con motivo FINAL_SIN_PUNTUACION.
RPM-2007-07-12:1352:1	2007-07-12	Consejo del Banco Central de Chile	3	LETRA_CONFUNDIDA	nflación subyacente IPCXI (que excluye co	nflación subyacente IPCX1 (que excluye co	"Sigla dañada por el glifo I/l. Medido en toda la salida: 26 apariciones de esta familia, y cada forma tiene su equivalente correcto ampliamente atestiguado en el corpus (el IPC 1.430, el IPoM 1.543, IPCX 649, IPCX1 469, el IPP 10). Se excluyeron de la pasada ""ellPEC"", ""dellPEC"" y ""ellMCE"" (fila 1719:4): aparecen junto a siglas que no se pueden corroborar en el corpus y no hay reconstruccion unica."
RPM-2007-10-11:1520:1	2007-10-11	Consejo del Banco Central de Chile	1	LETRA_CONFUNDIDA	en tomo a	en torno a	"en tomo a por ""en torno a"". Medido: 24 apariciones (20 ""en tomo a"" y 4 ""en tomo al""), la r leida como m. ""tomo"" es palabra real (volumen) pero ningun contexto lo admite. ""en torno a"" aparece 1.678 veces."
RPM-2007-10-11:1520:1	2007-10-11	Consejo del Banco Central de Chile	2	LETRA_CONFUNDIDA	nflación subyacente IPCXI (que excluye co	nflación subyacente IPCX1 (que excluye co	"Sigla dañada por el glifo I/l. Medido en toda la salida: 26 apariciones de esta familia, y cada forma tiene su equivalente correcto ampliamente atestiguado en el corpus (el IPC 1.430, el IPoM 1.543, IPCX 649, IPCX1 469, el IPP 10). Se excluyeron de la pasada ""ellPEC"", ""dellPEC"" y ""ellMCE"" (fila 1719:4): aparecen junto a siglas que no se pueden corroborar en el corpus y no hay reconstruccion unica."
RPM-2007-11-13:1562:1	2007-11-13	Beltrán de Ramón Acevedo	1	LETRA_CONFUNDIDA	IRC	IPC	IRC por IPC. Medido en todo el corpus: 71 apariciones, ninguna en un contexto donde IRC sea una sigla legitima; 61 sueltas y 10 dentro de IRCX1, que tambien debe leerse IPCX1 porque la misma fila escribe IPCX e IPCX2. Regla de bloque revisada caso por caso.
RPM-2007-11-13:1563:1	2007-11-13	Esteban Jadresic Marinovic	1	LETRA_CONFUNDIDA	IRC	IPC	IRC por IPC. Medido en todo el corpus: 71 apariciones, ninguna en un contexto donde IRC sea una sigla legitima; 61 sueltas y 10 dentro de IRCX1, que tambien debe leerse IPCX1 porque la misma fila escribe IPCX e IPCX2. Regla de bloque revisada caso por caso.
RPM-2007-11-13:1565:2	2007-11-13	Enrique Marshall Rivera	1	LETRA_CONFUNDIDA	en tomo a	en torno a	"en tomo a por ""en torno a"". Medido: 24 apariciones (20 ""en tomo a"" y 4 ""en tomo al""), la r leida como m. ""tomo"" es palabra real (volumen) pero ningun contexto lo admite. ""en torno a"" aparece 1.678 veces."
RPM-2007-12-13:1587:2	2007-12-13	Igal Magendzo Weinberger	1	LETRA_CONFUNDIDA	IRC	IPC	IRC por IPC. Medido en todo el corpus: 71 apariciones, ninguna en un contexto donde IRC sea una sigla legitima; 61 sueltas y 10 dentro de IRCX1, que tambien debe leerse IPCX1 porque la misma fila escribe IPCX e IPCX2. Regla de bloque revisada caso por caso.
RPM-2007-12-13:1602:1	2007-12-13	Igal Magendzo Weinberger	1	LETRA_CONFUNDIDA	IRC	IPC	IRC por IPC. Medido en todo el corpus: 71 apariciones, ninguna en un contexto donde IRC sea una sigla legitima; 61 sueltas y 10 dentro de IRCX1, que tambien debe leerse IPCX1 porque la misma fila escribe IPCX e IPCX2. Regla de bloque revisada caso por caso.
RPM-2008-01-10:1623:2	2008-01-10	Igal Magendzo Weinberger	1	LETRA_CONFUNDIDA	en tomo a	en torno a	"en tomo a por ""en torno a"". Medido: 24 apariciones (20 ""en tomo a"" y 4 ""en tomo al""), la r leida como m. ""tomo"" es palabra real (volumen) pero ningun contexto lo admite. ""en torno a"" aparece 1.678 veces."
RPM-2008-01-10:1623:2	2008-01-10	Igal Magendzo Weinberger	2	LETRA_CONFUNDIDA	IRC	IPC	IRC por IPC. Medido en todo el corpus: 71 apariciones, ninguna en un contexto donde IRC sea una sigla legitima; 61 sueltas y 10 dentro de IRCX1, que tambien debe leerse IPCX1 porque la misma fila escribe IPCX e IPCX2. Regla de bloque revisada caso por caso.
RPM-2008-01-10:1623:2	2008-01-10	Igal Magendzo Weinberger	3	LETRA_CONFUNDIDA	 la inflación anual dellPC se acercó a 8%.	 la inflación anual del IPC se acercó a 8%.	"Sigla dañada por el glifo I/l. Medido en toda la salida: 26 apariciones de esta familia, y cada forma tiene su equivalente correcto ampliamente atestiguado en el corpus (el IPC 1.430, el IPoM 1.543, IPCX 649, IPCX1 469, el IPP 10). Se excluyeron de la pasada ""ellPEC"", ""dellPEC"" y ""ellMCE"" (fila 1719:4): aparecen junto a siglas que no se pueden corroborar en el corpus y no hay reconstruccion unica."
RPM-2008-02-07:1672:1	2008-02-07	Klaus Schmidt-Hebbel Dunker	1	LETRA_CONFUNDIDA	en tomo a	en torno a	"en tomo a por ""en torno a"". Medido: 24 apariciones (20 ""en tomo a"" y 4 ""en tomo al""), la r leida como m. ""tomo"" es palabra real (volumen) pero ningun contexto lo admite. ""en torno a"" aparece 1.678 veces."
RPM-2008-02-07:1685:1	2008-02-07	Consejo del Banco Central de Chile	1	LETRA_CONFUNDIDA	IRC	IPC	IRC por IPC. Medido en todo el corpus: 71 apariciones, ninguna en un contexto donde IRC sea una sigla legitima; 61 sueltas y 10 dentro de IRCX1, que tambien debe leerse IPCX1 porque la misma fila escribe IPCX e IPCX2. Regla de bloque revisada caso por caso.
RPM-2008-02-07:1685:1	2008-02-07	Consejo del Banco Central de Chile	2	ACENTO_INDEBIDO	cambiaría	cambiaria	"cambiaría por cambiaria. La tilde convierte el adjetivo en verbo condicional. Medido en todo el corpus: 241 apariciones con tilde (188 singulares y 53 dentro de ""cambiarías"", que esta regla tambien corrige porque la forma larga contiene a la corta). SOLO 3 son el condicional legitimo y sus filas quedan excluidas: ""cuanto cambiaria la estimacion"" (2005-12-13:515:1), ""no cambiaria el sesgo"" (2012-03-15:4723:1), ""no cambiaria el comportamiento"" (2014-09-11:6425:1). Las 238 restantes van siempre tras un sustantivo que exige adjetivo (apreciacion 65, depreciacion 55, intervencion 28, ...); los 46 con sustantivo ambiguo fueron muestreados y todos exigen adjetivo. Se verifico ademas que ninguna fila mezcla la forma verbal con la adjetiva."
RPM-2008-02-07:1685:1	2008-02-07	Consejo del Banco Central de Chile	3	PUNTUACION	""""	”	Comilla recta que cierra una comilla curva: el par esta desbalanceado en el propio texto, de modo que el defecto queda demostrado sin recurrir al PDF. Medido en todo el corpus: 123 comillas rectas, de las cuales 57 forman par mixto con una curva (51 cierran una apertura “ y 6 abren donde el cierre es ”) y se corrigen; 57 forman pares enteramente rectos y no se tocan porque no hay desequilibrio que pruebe el defecto; 9 quedan huerfanas y se tratan aparte.
RPM-2008-03-13:1718:12	2008-03-13	Andrés Velasco Brañes	1	ESPACIO_FALTANTE	yeso	y eso	"yeso por ""y eso"". Medido: 13 apariciones, en todas falta el espacio entre la conjuncion y el demostrativo (""alto yeso tiene que tener"" = ""alto, y eso tiene que tener""). Verificado que ninguna esta embebida en otra palabra. La coma no se inserta: la oracion queda gramatical sin ella y anadirla seria editar puntuacion."
RPM-2008-04-10:1747:1	2008-04-10	Sergio Lehmann Beresi	1	ESPACIO_FALTANTE	yeso	y eso	"yeso por ""y eso"". Medido: 13 apariciones, en todas falta el espacio entre la conjuncion y el demostrativo (""alto yeso tiene que tener"" = ""alto, y eso tiene que tener""). Verificado que ninguna esta embebida en otra palabra. La coma no se inserta: la oracion queda gramatical sin ella y anadirla seria editar puntuacion."
RPM-2008-04-10:1747:1	2008-04-10	Sergio Lehmann Beresi	2	PUNTUACION	"""Dificultad para encontrar empleo"""	“Dificultad para encontrar empleo”	Comilla recta en un par completo. En esta fila las comillas rectas son pares y su direccion es deducible sin ambiguedad: la primera de cada par abre y la segunda cierra. El corpus usa comillas tipograficas de forma abrumadora (“ aparece 323 veces), de modo que la recta es un residuo del escaneo y no una eleccion del texto. Medido: de las 58 comillas rectas que quedaban, 52 estan en 23 filas con cantidad par (20 filas con 2 y 3 filas con 4) y son estas; las otras 6 estan en filas de cantidad impar y se dejan marcadas para cotejo.
RPM-2008-04-10:1776:1	2008-04-10	Klaus Schmidt-Hebbel Dunker	1	LETRA_CONFUNDIDA	IRC	IPC	IRC por IPC. Medido en todo el corpus: 71 apariciones, ninguna en un contexto donde IRC sea una sigla legitima; 61 sueltas y 10 dentro de IRCX1, que tambien debe leerse IPCX1 porque la misma fila escribe IPCX e IPCX2. Regla de bloque revisada caso por caso.
RPM-2008-04-10:1776:1	2008-04-10	Klaus Schmidt-Hebbel Dunker	2	PUNTUACION	""""	”	Comilla recta que cierra una comilla curva: el par esta desbalanceado en el propio texto, de modo que el defecto queda demostrado sin recurrir al PDF. Medido en todo el corpus: 123 comillas rectas, de las cuales 57 forman par mixto con una curva (51 cierran una apertura “ y 6 abren donde el cierre es ”) y se corrigen; 57 forman pares enteramente rectos y no se tocan porque no hay desequilibrio que pruebe el defecto; 9 quedan huerfanas y se tratan aparte.
RPM-2008-04-10:1776:1	2008-04-10	Klaus Schmidt-Hebbel Dunker	3	PALABRA_PARTIDA	Schmidt-⏎Hebbel	Schmidt-Hebbel	"Mismo apellido, partido por un salto de linea despues del guion. Misma prueba: ""Schmidt-Hebbel"" aparece 122 veces en el corpus y la lista de asistencia lo trae completo. No se resuelve ni se inventa nada."
RPM-2008-05-08:1809:2	2008-05-08	Pablo García Silva	1	ESPACIO_FALTANTE	yeso	y eso	"yeso por ""y eso"". Medido: 13 apariciones, en todas falta el espacio entre la conjuncion y el demostrativo (""alto yeso tiene que tener"" = ""alto, y eso tiene que tener""). Verificado que ninguna esta embebida en otra palabra. La coma no se inserta: la oracion queda gramatical sin ella y anadirla seria editar puntuacion."
RPM-2008-05-08:1817:1	2008-05-08	Claudio Soto Gamboa	1	LETRA_CONFUNDIDA	IRC	IPC	IRC por IPC. Medido en todo el corpus: 71 apariciones, ninguna en un contexto donde IRC sea una sigla legitima; 61 sueltas y 10 dentro de IRCX1, que tambien debe leerse IPCX1 porque la misma fila escribe IPCX e IPCX2. Regla de bloque revisada caso por caso.
RPM-2008-05-08:1820:1	2008-05-08	Manuel Marfán Lewis	1	LETRA_CONFUNDIDA	IRC	IPC	IRC por IPC. Medido en todo el corpus: 71 apariciones, ninguna en un contexto donde IRC sea una sigla legitima; 61 sueltas y 10 dentro de IRCX1, que tambien debe leerse IPCX1 porque la misma fila escribe IPCX e IPCX2. Regla de bloque revisada caso por caso.
RPM-2008-09-04:2050:2	2008-09-04	Sergio Lehmann Beresi	1	ESPACIO_FALTANTE	yeso	y eso	"yeso por ""y eso"". Medido: 13 apariciones, en todas falta el espacio entre la conjuncion y el demostrativo (""alto yeso tiene que tener"" = ""alto, y eso tiene que tener""). Verificado que ninguna esta embebida en otra palabra. La coma no se inserta: la oracion queda gramatical sin ella y anadirla seria editar puntuacion."
RPM-2008-09-04:2054:1	2008-09-04	Sergio Lehmann Beresi	1	ESPACIO_FALTANTE	yeso	y eso	"yeso por ""y eso"". Medido: 13 apariciones, en todas falta el espacio entre la conjuncion y el demostrativo (""alto yeso tiene que tener"" = ""alto, y eso tiene que tener""). Verificado que ninguna esta embebida en otra palabra. La coma no se inserta: la oracion queda gramatical sin ella y anadirla seria editar puntuacion."
RPM-2008-11-13:2138:1	2008-11-13	Claudio Soto Gamboa	1	LETRA_CONFUNDIDA	IRC	IPC	IRC por IPC. Medido en todo el corpus: 71 apariciones, ninguna en un contexto donde IRC sea una sigla legitima; 61 sueltas y 10 dentro de IRCX1, que tambien debe leerse IPCX1 porque la misma fila escribe IPCX e IPCX2. Regla de bloque revisada caso por caso.
RPM-2008-11-13:2138:1	2008-11-13	Claudio Soto Gamboa	2	ACENTO_INDEBIDO	cambiaría	cambiaria	"cambiaría por cambiaria. La tilde convierte el adjetivo en verbo condicional. Medido en todo el corpus: 241 apariciones con tilde (188 singulares y 53 dentro de ""cambiarías"", que esta regla tambien corrige porque la forma larga contiene a la corta). SOLO 3 son el condicional legitimo y sus filas quedan excluidas: ""cuanto cambiaria la estimacion"" (2005-12-13:515:1), ""no cambiaria el sesgo"" (2012-03-15:4723:1), ""no cambiaria el comportamiento"" (2014-09-11:6425:1). Las 238 restantes van siempre tras un sustantivo que exige adjetivo (apreciacion 65, depreciacion 55, intervencion 28, ...); los 46 con sustantivo ambiguo fueron muestreados y todos exigen adjetivo. Se verifico ademas que ninguna fila mezcla la forma verbal con la adjetiva."
RPM-2008-12-11:2206:1	2008-12-11	Claudio Soto Gamboa	1	LETRA_CONFUNDIDA	IRC	IPC	IRC por IPC. Medido en todo el corpus: 71 apariciones, ninguna en un contexto donde IRC sea una sigla legitima; 61 sueltas y 10 dentro de IRCX1, que tambien debe leerse IPCX1 porque la misma fila escribe IPCX e IPCX2. Regla de bloque revisada caso por caso.
RPM-2009-01-08:2263:2	2009-01-08	Claudio Soto Gamboa	1	ESPACIO_FALTANTE	yeso	y eso	"yeso por ""y eso"". Medido: 13 apariciones, en todas falta el espacio entre la conjuncion y el demostrativo (""alto yeso tiene que tener"" = ""alto, y eso tiene que tener""). Verificado que ninguna esta embebida en otra palabra. La coma no se inserta: la oracion queda gramatical sin ella y anadirla seria editar puntuacion."
RPM-2009-01-08:2293:2	2009-01-08	Sebastián Claro Edwards	1	LETRA_CONFUNDIDA	nesgo	riesgo	"nesgo por riesgo. Medido: 29 apariciones en 29 filas, todas con la i leida como n. ""nesgo"" no es palabra del espanol, no existe lectura alternativa. ""riesgo"" aparece cientos de veces en el corpus."
RPM-2009-02-12:2344:2	2009-02-12	Claudio Soto Gamboa	1	ESPACIO_FALTANTE	yeso	y eso	"yeso por ""y eso"". Medido: 13 apariciones, en todas falta el espacio entre la conjuncion y el demostrativo (""alto yeso tiene que tener"" = ""alto, y eso tiene que tener""). Verificado que ninguna esta embebida en otra palabra. La coma no se inserta: la oracion queda gramatical sin ella y anadirla seria editar puntuacion."
RPM-2009-02-12:2349:2	2009-02-12	Claudio Soto Gamboa	1	ESPACIO_FALTANTE	yeso	y eso	"yeso por ""y eso"". Medido: 13 apariciones, en todas falta el espacio entre la conjuncion y el demostrativo (""alto yeso tiene que tener"" = ""alto, y eso tiene que tener""). Verificado que ninguna esta embebida en otra palabra. La coma no se inserta: la oracion queda gramatical sin ella y anadirla seria editar puntuacion."
RPM-2009-02-12:2349:2	2009-02-12	Claudio Soto Gamboa	2	LETRA_CONFUNDIDA	r algo la inflación dellPC por sobre la de	r algo la inflación del IPC por sobre la de	"Sigla dañada por el glifo I/l. Medido en toda la salida: 26 apariciones de esta familia, y cada forma tiene su equivalente correcto ampliamente atestiguado en el corpus (el IPC 1.430, el IPoM 1.543, IPCX 649, IPCX1 469, el IPP 10). Se excluyeron de la pasada ""ellPEC"", ""dellPEC"" y ""ellMCE"" (fila 1719:4): aparecen junto a siglas que no se pueden corroborar en el corpus y no hay reconstruccion unica."
RPM-2009-02-12:2349:2	2009-02-12	Claudio Soto Gamboa	3	LETRA_CONFUNDIDA	 deIIPCX.	 del IPCX.	Sigla dañada por el glifo I/l, segunda vuelta: en estas tres filas el defecto cae a pocos caracteres de otro ya corregido en la misma fila y las ventanas se pisaban, asi que se compone un fragmento estrecho o se extiende la operacion existente. Medido en el corpus: el IPoM 1.543, IPCX1 469, del IPCX ampliamente atestiguado.
RPM-2009-03-12:2387:2	2009-03-12	Sergio Lehmann Beresi	1	ESPACIO_FALTANTE	yeso	y eso	"yeso por ""y eso"". Medido: 13 apariciones, en todas falta el espacio entre la conjuncion y el demostrativo (""alto yeso tiene que tener"" = ""alto, y eso tiene que tener""). Verificado que ninguna esta embebida en otra palabra. La coma no se inserta: la oracion queda gramatical sin ella y anadirla seria editar puntuacion."
RPM-2009-03-12:2396:2	2009-03-12	Sergio Lehmann Beresi	1	ESPACIO_FALTANTE	yeso	y eso	"yeso por ""y eso"". Medido: 13 apariciones, en todas falta el espacio entre la conjuncion y el demostrativo (""alto yeso tiene que tener"" = ""alto, y eso tiene que tener""). Verificado que ninguna esta embebida en otra palabra. La coma no se inserta: la oracion queda gramatical sin ella y anadirla seria editar puntuacion."
RPM-2009-04-09:2463:1	2009-04-09	Luis Felipe Céspedes Cifuentes	1	LETRA_CONFUNDIDA	en tomo a	en torno a	"en tomo a por ""en torno a"". Medido: 24 apariciones (20 ""en tomo a"" y 4 ""en tomo al""), la r leida como m. ""tomo"" es palabra real (volumen) pero ningun contexto lo admite. ""en torno a"" aparece 1.678 veces."
RPM-2009-04-09:2481:1	2009-04-09	Claudio Soto Gamboa	1	LETRA_CONFUNDIDA	IRC	IPC	IRC por IPC. Medido en todo el corpus: 71 apariciones, ninguna en un contexto donde IRC sea una sigla legitima; 61 sueltas y 10 dentro de IRCX1, que tambien debe leerse IPCX1 porque la misma fila escribe IPCX e IPCX2. Regla de bloque revisada caso por caso.
RPM-2009-04-09:2497:1	2009-04-09	Enrique Marshall Rivera	1	LETRA_CONFUNDIDA	IRC	IPC	IRC por IPC. Medido en todo el corpus: 71 apariciones, ninguna en un contexto donde IRC sea una sigla legitima; 61 sueltas y 10 dentro de IRCX1, que tambien debe leerse IPCX1 porque la misma fila escribe IPCX e IPCX2. Regla de bloque revisada caso por caso.
RPM-2009-04-09:2498:1	2009-04-09	Manuel Marfán Lewis	1	LETRA_CONFUNDIDA	en tomo a	en torno a	"en tomo a por ""en torno a"". Medido: 24 apariciones (20 ""en tomo a"" y 4 ""en tomo al""), la r leida como m. ""tomo"" es palabra real (volumen) pero ningun contexto lo admite. ""en torno a"" aparece 1.678 veces."
RPM-2009-04-09:2499:1	2009-04-09	Jorge Desormeaux Jiménez	1	LETRA_CONFUNDIDA	en tomo a	en torno a	"en tomo a por ""en torno a"". Medido: 24 apariciones (20 ""en tomo a"" y 4 ""en tomo al""), la r leida como m. ""tomo"" es palabra real (volumen) pero ningun contexto lo admite. ""en torno a"" aparece 1.678 veces."
RPM-2009-05-07:2519:2	2009-05-07	Sergio Lehmann Beresi	1	ESPACIO_FALTANTE	yeso	y eso	"yeso por ""y eso"". Medido: 13 apariciones, en todas falta el espacio entre la conjuncion y el demostrativo (""alto yeso tiene que tener"" = ""alto, y eso tiene que tener""). Verificado que ninguna esta embebida en otra palabra. La coma no se inserta: la oracion queda gramatical sin ella y anadirla seria editar puntuacion."
RPM-2009-05-07:2539:1	2009-05-07	José De Gregorio Rebeco	1	LETRA_CONFUNDIDA	IRC	IPC	IRC por IPC. Medido en todo el corpus: 71 apariciones, ninguna en un contexto donde IRC sea una sigla legitima; 61 sueltas y 10 dentro de IRCX1, que tambien debe leerse IPCX1 porque la misma fila escribe IPCX e IPCX2. Regla de bloque revisada caso por caso.
RPM-2009-05-07:2539:1	2009-05-07	José De Gregorio Rebeco	2	PUNTUACION	""""	”	Comilla recta que cierra una comilla curva: el par esta desbalanceado en el propio texto, de modo que el defecto queda demostrado sin recurrir al PDF. Medido en todo el corpus: 123 comillas rectas, de las cuales 57 forman par mixto con una curva (51 cierran una apertura “ y 6 abren donde el cierre es ”) y se corrigen; 57 forman pares enteramente rectos y no se tocan porque no hay desequilibrio que pruebe el defecto; 9 quedan huerfanas y se tratan aparte.
RPM-2009-05-07:2545:1	2009-05-07	Enrique Marshall Rivera	1	LETRA_CONFUNDIDA	nesgo	riesgo	"nesgo por riesgo. Medido: 29 apariciones en 29 filas, todas con la i leida como n. ""nesgo"" no es palabra del espanol, no existe lectura alternativa. ""riesgo"" aparece cientos de veces en el corpus."
RPM-2009-06-16:2586:1	2009-06-16	Claudio Soto Gamboa	1	LETRA_CONFUNDIDA	IRC	IPC	IRC por IPC. Medido en todo el corpus: 71 apariciones, ninguna en un contexto donde IRC sea una sigla legitima; 61 sueltas y 10 dentro de IRCX1, que tambien debe leerse IPCX1 porque la misma fila escribe IPCX e IPCX2. Regla de bloque revisada caso por caso.
RPM-2009-06-16:2587:1	2009-06-16	Claudio Soto Gamboa	1	LETRA_CONFUNDIDA	IRC	IPC	IRC por IPC. Medido en todo el corpus: 71 apariciones, ninguna en un contexto donde IRC sea una sigla legitima; 61 sueltas y 10 dentro de IRCX1, que tambien debe leerse IPCX1 porque la misma fila escribe IPCX e IPCX2. Regla de bloque revisada caso por caso.
RPM-2009-06-16:2588:2	2009-06-16	Claudio Soto Gamboa	1	LETRA_CONFUNDIDA	IRC	IPC	IRC por IPC. Medido en todo el corpus: 71 apariciones, ninguna en un contexto donde IRC sea una sigla legitima; 61 sueltas y 10 dentro de IRCX1, que tambien debe leerse IPCX1 porque la misma fila escribe IPCX e IPCX2. Regla de bloque revisada caso por caso.
RPM-2009-07-09:2644:2	2009-07-09	Luis Felipe Céspedes Cifuentes	1	LETRA_CONFUNDIDA	nesgo	riesgo	"nesgo por riesgo. Medido: 29 apariciones en 29 filas, todas con la i leida como n. ""nesgo"" no es palabra del espanol, no existe lectura alternativa. ""riesgo"" aparece cientos de veces en el corpus."
RPM-2009-07-09:2651:1	2009-07-09	Manuel Marfán Lewis	1	LETRA_CONFUNDIDA	nesgo	riesgo	"nesgo por riesgo. Medido: 29 apariciones en 29 filas, todas con la i leida como n. ""nesgo"" no es palabra del espanol, no existe lectura alternativa. ""riesgo"" aparece cientos de veces en el corpus."
RPM-2009-08-13:2666:3	2009-08-13	Sergio Lehmann Beresi	1	LETRA_CONFUNDIDA	nesgo	riesgo	"nesgo por riesgo. Medido: 29 apariciones en 29 filas, todas con la i leida como n. ""nesgo"" no es palabra del espanol, no existe lectura alternativa. ""riesgo"" aparece cientos de veces en el corpus."
RPM-2009-08-13:2676:2	2009-08-13	Claudio Soto Gamboa	1	LETRA_CONFUNDIDA	nesgo	riesgo	"nesgo por riesgo. Medido: 29 apariciones en 29 filas, todas con la i leida como n. ""nesgo"" no es palabra del espanol, no existe lectura alternativa. ""riesgo"" aparece cientos de veces en el corpus."
RPM-2009-08-13:2681:1	2009-08-13	Pablo García Silva	1	LETRA_CONFUNDIDA	nesgo	riesgo	"nesgo por riesgo. Medido: 29 apariciones en 29 filas, todas con la i leida como n. ""nesgo"" no es palabra del espanol, no existe lectura alternativa. ""riesgo"" aparece cientos de veces en el corpus."
RPM-2009-08-13:2681:1	2009-08-13	Pablo García Silva	2	ACENTO_INDEBIDO	cambiaría	cambiaria	"cambiaría por cambiaria. La tilde convierte el adjetivo en verbo condicional. Medido en todo el corpus: 241 apariciones con tilde (188 singulares y 53 dentro de ""cambiarías"", que esta regla tambien corrige porque la forma larga contiene a la corta). SOLO 3 son el condicional legitimo y sus filas quedan excluidas: ""cuanto cambiaria la estimacion"" (2005-12-13:515:1), ""no cambiaria el sesgo"" (2012-03-15:4723:1), ""no cambiaria el comportamiento"" (2014-09-11:6425:1). Las 238 restantes van siempre tras un sustantivo que exige adjetivo (apreciacion 65, depreciacion 55, intervencion 28, ...); los 46 con sustantivo ambiguo fueron muestreados y todos exigen adjetivo. Se verifico ademas que ninguna fila mezcla la forma verbal con la adjetiva."
RPM-2009-08-13:2685:3	2009-08-13	Enrique Marshall Rivera	1	LETRA_CONFUNDIDA	nesgo	riesgo	"nesgo por riesgo. Medido: 29 apariciones en 29 filas, todas con la i leida como n. ""nesgo"" no es palabra del espanol, no existe lectura alternativa. ""riesgo"" aparece cientos de veces en el corpus."
RPM-2009-08-13:2686:1	2009-08-13	Jorge Desormeaux Jiménez	1	LETRA_CONFUNDIDA	nesgo	riesgo	"nesgo por riesgo. Medido: 29 apariciones en 29 filas, todas con la i leida como n. ""nesgo"" no es palabra del espanol, no existe lectura alternativa. ""riesgo"" aparece cientos de veces en el corpus."
RPM-2009-08-13:2686:1	2009-08-13	Jorge Desormeaux Jiménez	2	ACENTO_INDEBIDO	cambiaría	cambiaria	"cambiaría por cambiaria. La tilde convierte el adjetivo en verbo condicional. Medido en todo el corpus: 241 apariciones con tilde (188 singulares y 53 dentro de ""cambiarías"", que esta regla tambien corrige porque la forma larga contiene a la corta). SOLO 3 son el condicional legitimo y sus filas quedan excluidas: ""cuanto cambiaria la estimacion"" (2005-12-13:515:1), ""no cambiaria el sesgo"" (2012-03-15:4723:1), ""no cambiaria el comportamiento"" (2014-09-11:6425:1). Las 238 restantes van siempre tras un sustantivo que exige adjetivo (apreciacion 65, depreciacion 55, intervencion 28, ...); los 46 con sustantivo ambiguo fueron muestreados y todos exigen adjetivo. Se verifico ademas que ninguna fila mezcla la forma verbal con la adjetiva."
RPM-2009-09-08:2707:1	2009-09-08	Sebastián Claro Edwards	1	LETRA_CONFUNDIDA	nesgo	riesgo	"nesgo por riesgo. Medido: 29 apariciones en 29 filas, todas con la i leida como n. ""nesgo"" no es palabra del espanol, no existe lectura alternativa. ""riesgo"" aparece cientos de veces en el corpus."
RPM-2009-09-08:2711:2	2009-09-08	José De Gregorio Rebeco	1	LETRA_CONFUNDIDA	nesgo	riesgo	"nesgo por riesgo. Medido: 29 apariciones en 29 filas, todas con la i leida como n. ""nesgo"" no es palabra del espanol, no existe lectura alternativa. ""riesgo"" aparece cientos de veces en el corpus."
RPM-2009-10-13:2725:5	2009-10-13	Sergio Lehmann Beresi	1	LETRA_CONFUNDIDA	nesgo	riesgo	"nesgo por riesgo. Medido: 29 apariciones en 29 filas, todas con la i leida como n. ""nesgo"" no es palabra del espanol, no existe lectura alternativa. ""riesgo"" aparece cientos de veces en el corpus."
RPM-2009-10-13:2749:1	2009-10-13	Pablo García Silva	1	LETRA_CONFUNDIDA	nesgo	riesgo	"nesgo por riesgo. Medido: 29 apariciones en 29 filas, todas con la i leida como n. ""nesgo"" no es palabra del espanol, no existe lectura alternativa. ""riesgo"" aparece cientos de veces en el corpus."
RPM-2009-11-12:2780:1	2009-11-12	Claudio Soto Gamboa	1	LETRA_CONFUNDIDA	IRC	IPC	IRC por IPC. Medido en todo el corpus: 71 apariciones, ninguna en un contexto donde IRC sea una sigla legitima; 61 sueltas y 10 dentro de IRCX1, que tambien debe leerse IPCX1 porque la misma fila escribe IPCX e IPCX2. Regla de bloque revisada caso por caso.
RPM-2009-11-12:2799:1	2009-11-12	Jorge Desormeaux Jiménez	1	LETRA_CONFUNDIDA	nesgo	riesgo	"nesgo por riesgo. Medido: 29 apariciones en 29 filas, todas con la i leida como n. ""nesgo"" no es palabra del espanol, no existe lectura alternativa. ""riesgo"" aparece cientos de veces en el corpus."
RPM-2009-11-12:2799:1	2009-11-12	Jorge Desormeaux Jiménez	2	ACENTO_INDEBIDO	cambiaría	cambiaria	"cambiaría por cambiaria. La tilde convierte el adjetivo en verbo condicional. Medido en todo el corpus: 241 apariciones con tilde (188 singulares y 53 dentro de ""cambiarías"", que esta regla tambien corrige porque la forma larga contiene a la corta). SOLO 3 son el condicional legitimo y sus filas quedan excluidas: ""cuanto cambiaria la estimacion"" (2005-12-13:515:1), ""no cambiaria el sesgo"" (2012-03-15:4723:1), ""no cambiaria el comportamiento"" (2014-09-11:6425:1). Las 238 restantes van siempre tras un sustantivo que exige adjetivo (apreciacion 65, depreciacion 55, intervencion 28, ...); los 46 con sustantivo ambiguo fueron muestreados y todos exigen adjetivo. Se verifico ademas que ninguna fila mezcla la forma verbal con la adjetiva."
RPM-2010-02-11:2939:1	2010-02-11	Claudio Soto Gamboa	1	LETRA_CONFUNDIDA	IRC	IPC	IRC por IPC. Medido en todo el corpus: 71 apariciones, ninguna en un contexto donde IRC sea una sigla legitima; 61 sueltas y 10 dentro de IRCX1, que tambien debe leerse IPCX1 porque la misma fila escribe IPCX e IPCX2. Regla de bloque revisada caso por caso.
RPM-2010-02-11:2940:1	2010-02-11	Enrique Marshall Rivera	1	LETRA_CONFUNDIDA	IRC	IPC	IRC por IPC. Medido en todo el corpus: 71 apariciones, ninguna en un contexto donde IRC sea una sigla legitima; 61 sueltas y 10 dentro de IRCX1, que tambien debe leerse IPCX1 porque la misma fila escribe IPCX e IPCX2. Regla de bloque revisada caso por caso.
RPM-2010-02-11:2941:1	2010-02-11	Sebastián Claro Edwards	1	LETRA_CONFUNDIDA	IRC	IPC	IRC por IPC. Medido en todo el corpus: 71 apariciones, ninguna en un contexto donde IRC sea una sigla legitima; 61 sueltas y 10 dentro de IRCX1, que tambien debe leerse IPCX1 porque la misma fila escribe IPCX e IPCX2. Regla de bloque revisada caso por caso.
RPM-2010-04-15:3071:3	2010-04-15	Felipe Larraín Bascuñán	1	LETRA_CONFUNDIDA	en tomo a	en torno a	"en tomo a por ""en torno a"". Medido: 24 apariciones (20 ""en tomo a"" y 4 ""en tomo al""), la r leida como m. ""tomo"" es palabra real (volumen) pero ningun contexto lo admite. ""en torno a"" aparece 1.678 veces."
RPM-2010-04-15:3071:3	2010-04-15	Felipe Larraín Bascuñán	2	PUNTUACION	""""	“	Comilla recta que abre una comilla curva: el par esta desbalanceado en el propio texto, de modo que el defecto queda demostrado sin recurrir al PDF. Medido en todo el corpus: 123 comillas rectas, de las cuales 57 forman par mixto con una curva (51 cierran una apertura “ y 6 abren donde el cierre es ”) y se corrigen; 57 forman pares enteramente rectos y no se tocan porque no hay desequilibrio que pruebe el defecto; 9 quedan huerfanas y se tratan aparte.
RPM-2010-05-13:3106:1	2010-05-13	Sebastián Claro Edwards	1	LETRA_CONFUNDIDA	nesgo	riesgo	"nesgo por riesgo. Medido: 29 apariciones en 29 filas, todas con la i leida como n. ""nesgo"" no es palabra del espanol, no existe lectura alternativa. ""riesgo"" aparece cientos de veces en el corpus."
RPM-2010-06-15:3131:1	2010-06-15	Sebastián Claro Edwards	1	LETRA_CONFUNDIDA	nesgo	riesgo	"nesgo por riesgo. Medido: 29 apariciones en 29 filas, todas con la i leida como n. ""nesgo"" no es palabra del espanol, no existe lectura alternativa. ""riesgo"" aparece cientos de veces en el corpus."
RPM-2010-06-15:3134:1	2010-06-15	Sergio Lehmann Beresi	1	LETRA_CONFUNDIDA	nesgo	riesgo	"nesgo por riesgo. Medido: 29 apariciones en 29 filas, todas con la i leida como n. ""nesgo"" no es palabra del espanol, no existe lectura alternativa. ""riesgo"" aparece cientos de veces en el corpus."
RPM-2010-06-15:3197:1	2010-06-15	Felipe Larraín Bascuñán	1	LETRA_CONFUNDIDA	nesgo	riesgo	"nesgo por riesgo. Medido: 29 apariciones en 29 filas, todas con la i leida como n. ""nesgo"" no es palabra del espanol, no existe lectura alternativa. ""riesgo"" aparece cientos de veces en el corpus."
RPM-2010-06-15:3201:1	2010-06-15	Enrique Marshall Rivera	1	LETRA_CONFUNDIDA	nesgo	riesgo	"nesgo por riesgo. Medido: 29 apariciones en 29 filas, todas con la i leida como n. ""nesgo"" no es palabra del espanol, no existe lectura alternativa. ""riesgo"" aparece cientos de veces en el corpus."
RPM-2010-08-12:3287:1	2010-08-12	Sergio Lehmann Beresi	1	LETRA_CONFUNDIDA	nesgo	riesgo	"nesgo por riesgo. Medido: 29 apariciones en 29 filas, todas con la i leida como n. ""nesgo"" no es palabra del espanol, no existe lectura alternativa. ""riesgo"" aparece cientos de veces en el corpus."
RPM-2010-08-12:3287:1	2010-08-12	Sergio Lehmann Beresi	2	ACENTO_INDEBIDO	cambiaría	cambiaria	"cambiaría por cambiaria. La tilde convierte el adjetivo en verbo condicional. Medido en todo el corpus: 241 apariciones con tilde (188 singulares y 53 dentro de ""cambiarías"", que esta regla tambien corrige porque la forma larga contiene a la corta). SOLO 3 son el condicional legitimo y sus filas quedan excluidas: ""cuanto cambiaria la estimacion"" (2005-12-13:515:1), ""no cambiaria el sesgo"" (2012-03-15:4723:1), ""no cambiaria el comportamiento"" (2014-09-11:6425:1). Las 238 restantes van siempre tras un sustantivo que exige adjetivo (apreciacion 65, depreciacion 55, intervencion 28, ...); los 46 con sustantivo ambiguo fueron muestreados y todos exigen adjetivo. Se verifico ademas que ninguna fila mezcla la forma verbal con la adjetiva."
RPM-2010-08-12:3310:4	2010-08-12	Pablo García Silva	1	LETRA_CONFUNDIDA	nesgo	riesgo	"nesgo por riesgo. Medido: 29 apariciones en 29 filas, todas con la i leida como n. ""nesgo"" no es palabra del espanol, no existe lectura alternativa. ""riesgo"" aparece cientos de veces en el corpus."
RPM-2011-01-13:3652:1	2011-01-13	Manuel Marfán Lewis	1	LETRA_CONFUNDIDA	nesgo	riesgo	"nesgo por riesgo. Medido: 29 apariciones en 29 filas, todas con la i leida como n. ""nesgo"" no es palabra del espanol, no existe lectura alternativa. ""riesgo"" aparece cientos de veces en el corpus."
RPM-2011-02-17:3812:1	2011-02-17	Manuel Marfán Lewis	1	LETRA_CONFUNDIDA	nesgo	riesgo	"nesgo por riesgo. Medido: 29 apariciones en 29 filas, todas con la i leida como n. ""nesgo"" no es palabra del espanol, no existe lectura alternativa. ""riesgo"" aparece cientos de veces en el corpus."
RPM-2011-05-12:4053:1	2011-05-12	José De Gregorio Rebeco	1	LETRA_CONFUNDIDA	en tomo a	en torno a	"en tomo a por ""en torno a"". Medido: 24 apariciones (20 ""en tomo a"" y 4 ""en tomo al""), la r leida como m. ""tomo"" es palabra real (volumen) pero ningun contexto lo admite. ""en torno a"" aparece 1.678 veces."
RPM-2012-04-17:4734:1	2012-04-17	Rodrigo Vergara Montes	1	RESIDUO_PAGINACION	 Sesión N° 184 Página 2 de 26 	 	"Residuo de paginacion del PDF incrustado en medio de la oracion. Medido: 26 apariciones, 24 con la cabecera ""Sesion N° N"" delante y 2 como pie de pagina del Comunicado (""Pagina 31 de 31""). ""Sesion N° N"" aparece 25 veces en el corpus y solo 24 van seguidas de Pagina, de modo que el patron exige ambos y no toca ninguna mencion legitima. Se elimina el residuo y se deja un solo espacio donde la oracion continua."
RPM-2012-04-17:4736:2	2012-04-17	Sergio Lehmann Beresi	1	RESIDUO_PAGINACION	 Sesión N° 184 Página 3 de 26 	 	"Residuo de paginacion del PDF incrustado en medio de la oracion. Medido: 26 apariciones, 24 con la cabecera ""Sesion N° N"" delante y 2 como pie de pagina del Comunicado (""Pagina 31 de 31""). ""Sesion N° N"" aparece 25 veces en el corpus y solo 24 van seguidas de Pagina, de modo que el patron exige ambos y no toca ninguna mencion legitima. Se elimina el residuo y se deja un solo espacio donde la oracion continua."
RPM-2012-04-17:4736:4	2012-04-17	Sergio Lehmann Beresi	1	RESIDUO_PAGINACION	 Sesión N° 184 Página 4 de 26 	 	"Residuo de paginacion del PDF incrustado en medio de la oracion. Medido: 26 apariciones, 24 con la cabecera ""Sesion N° N"" delante y 2 como pie de pagina del Comunicado (""Pagina 31 de 31""). ""Sesion N° N"" aparece 25 veces en el corpus y solo 24 van seguidas de Pagina, de modo que el patron exige ambos y no toca ninguna mencion legitima. Se elimina el residuo y se deja un solo espacio donde la oracion continua."
RPM-2012-04-17:4741:1	2012-04-17	Sergio Lehmann Beresi	1	RESIDUO_PAGINACION	 Sesión N° 184 Página 5 de 26 	 	"Residuo de paginacion del PDF incrustado en medio de la oracion. Medido: 26 apariciones, 24 con la cabecera ""Sesion N° N"" delante y 2 como pie de pagina del Comunicado (""Pagina 31 de 31""). ""Sesion N° N"" aparece 25 veces en el corpus y solo 24 van seguidas de Pagina, de modo que el patron exige ambos y no toca ninguna mencion legitima. Se elimina el residuo y se deja un solo espacio donde la oracion continua."
RPM-2012-04-17:4741:1	2012-04-17	Sergio Lehmann Beresi	2	RESIDUO_PAGINACION	 Sesión N° 184 Página 6 de 26 	 	"Residuo de paginacion del PDF incrustado en medio de la oracion. Medido: 26 apariciones, 24 con la cabecera ""Sesion N° N"" delante y 2 como pie de pagina del Comunicado (""Pagina 31 de 31""). ""Sesion N° N"" aparece 25 veces en el corpus y solo 24 van seguidas de Pagina, de modo que el patron exige ambos y no toca ninguna mencion legitima. Se elimina el residuo y se deja un solo espacio donde la oracion continua."
RPM-2012-04-17:4746:1	2012-04-17	Sergio Lehmann Beresi	1	RESIDUO_PAGINACION	 Sesión N° 184 Página 7 de 26 	 	"Residuo de paginacion del PDF incrustado en medio de la oracion. Medido: 26 apariciones, 24 con la cabecera ""Sesion N° N"" delante y 2 como pie de pagina del Comunicado (""Pagina 31 de 31""). ""Sesion N° N"" aparece 25 veces en el corpus y solo 24 van seguidas de Pagina, de modo que el patron exige ambos y no toca ninguna mencion legitima. Se elimina el residuo y se deja un solo espacio donde la oracion continua."
RPM-2012-04-17:4753:1	2012-04-17	Rodrigo Vergara Montes	1	RESIDUO_PAGINACION	 Sesión N° 184 Página 8 de 26		"Residuo de paginacion del PDF incrustado en medio de la oracion. Medido: 26 apariciones, 24 con la cabecera ""Sesion N° N"" delante y 2 como pie de pagina del Comunicado (""Pagina 31 de 31""). ""Sesion N° N"" aparece 25 veces en el corpus y solo 24 van seguidas de Pagina, de modo que el patron exige ambos y no toca ninguna mencion legitima. Se elimina el residuo y se deja un solo espacio donde la oracion continua."
RPM-2012-04-17:4756:1	2012-04-17	Claudio Soto Gamboa	1	RESIDUO_PAGINACION	 Sesión N° 184 Página 9 de 26 	 	"Residuo de paginacion del PDF incrustado en medio de la oracion. Medido: 26 apariciones, 24 con la cabecera ""Sesion N° N"" delante y 2 como pie de pagina del Comunicado (""Pagina 31 de 31""). ""Sesion N° N"" aparece 25 veces en el corpus y solo 24 van seguidas de Pagina, de modo que el patron exige ambos y no toca ninguna mencion legitima. Se elimina el residuo y se deja un solo espacio donde la oracion continua."
RPM-2012-04-17:4760:1	2012-04-17	Claudio Soto Gamboa	1	RESIDUO_PAGINACION	 Sesión N° 184 Página 10 de 26 	 	"Residuo de paginacion del PDF incrustado en medio de la oracion. Medido: 26 apariciones, 24 con la cabecera ""Sesion N° N"" delante y 2 como pie de pagina del Comunicado (""Pagina 31 de 31""). ""Sesion N° N"" aparece 25 veces en el corpus y solo 24 van seguidas de Pagina, de modo que el patron exige ambos y no toca ninguna mencion legitima. Se elimina el residuo y se deja un solo espacio donde la oracion continua."
RPM-2012-04-17:4762:1	2012-04-17	Claudio Soto Gamboa	1	RESIDUO_PAGINACION	 Sesión N° 184 Página 11 de 26 	 	"Residuo de paginacion del PDF incrustado en medio de la oracion. Medido: 26 apariciones, 24 con la cabecera ""Sesion N° N"" delante y 2 como pie de pagina del Comunicado (""Pagina 31 de 31""). ""Sesion N° N"" aparece 25 veces en el corpus y solo 24 van seguidas de Pagina, de modo que el patron exige ambos y no toca ninguna mencion legitima. Se elimina el residuo y se deja un solo espacio donde la oracion continua."
RPM-2012-04-17:4766:1	2012-04-17	Sebastián Claro Edwards	1	RESIDUO_PAGINACION	 Sesión N° 184 Página 12 de 26		"Residuo de paginacion del PDF incrustado en medio de la oracion. Medido: 26 apariciones, 24 con la cabecera ""Sesion N° N"" delante y 2 como pie de pagina del Comunicado (""Pagina 31 de 31""). ""Sesion N° N"" aparece 25 veces en el corpus y solo 24 van seguidas de Pagina, de modo que el patron exige ambos y no toca ninguna mencion legitima. Se elimina el residuo y se deja un solo espacio donde la oracion continua."
RPM-2012-04-17:4770:1	2012-04-17	Sebastián Claro Edwards	1	RESIDUO_PAGINACION	 Sesión N° 184 Página 13 de 26		"Residuo de paginacion del PDF incrustado en medio de la oracion. Medido: 26 apariciones, 24 con la cabecera ""Sesion N° N"" delante y 2 como pie de pagina del Comunicado (""Pagina 31 de 31""). ""Sesion N° N"" aparece 25 veces en el corpus y solo 24 van seguidas de Pagina, de modo que el patron exige ambos y no toca ninguna mencion legitima. Se elimina el residuo y se deja un solo espacio donde la oracion continua."
RPM-2012-04-17:4771:2	2012-04-17	Claudio Soto Gamboa	1	RESIDUO_PAGINACION	 Sesión N° 184 Página 14 de 26		"Residuo de paginacion del PDF incrustado en medio de la oracion. Medido: 26 apariciones, 24 con la cabecera ""Sesion N° N"" delante y 2 como pie de pagina del Comunicado (""Pagina 31 de 31""). ""Sesion N° N"" aparece 25 veces en el corpus y solo 24 van seguidas de Pagina, de modo que el patron exige ambos y no toca ninguna mencion legitima. Se elimina el residuo y se deja un solo espacio donde la oracion continua."
RPM-2012-04-17:4778:2	2012-04-17	Rodrigo Vergara Montes	1	RESIDUO_PAGINACION	Sesión N° 184 Página 15 de 26 		"Residuo de paginacion del PDF incrustado en medio de la oracion. Medido: 26 apariciones, 24 con la cabecera ""Sesion N° N"" delante y 2 como pie de pagina del Comunicado (""Pagina 31 de 31""). ""Sesion N° N"" aparece 25 veces en el corpus y solo 24 van seguidas de Pagina, de modo que el patron exige ambos y no toca ninguna mencion legitima. Se elimina el residuo y se deja un solo espacio donde la oracion continua."
RPM-2012-04-17:4780:1	2012-04-17	Luis Óscar Herrera Barriga	1	RESIDUO_PAGINACION	 Sesión N° 184 Página 16 de 26 	 	"Residuo de paginacion del PDF incrustado en medio de la oracion. Medido: 26 apariciones, 24 con la cabecera ""Sesion N° N"" delante y 2 como pie de pagina del Comunicado (""Pagina 31 de 31""). ""Sesion N° N"" aparece 25 veces en el corpus y solo 24 van seguidas de Pagina, de modo que el patron exige ambos y no toca ninguna mencion legitima. Se elimina el residuo y se deja un solo espacio donde la oracion continua."
RPM-2012-04-17:4780:1	2012-04-17	Luis Óscar Herrera Barriga	2	RESIDUO_PAGINACION	 Sesión N° 184 Página 17 de 26 	 	"Residuo de paginacion del PDF incrustado en medio de la oracion. Medido: 26 apariciones, 24 con la cabecera ""Sesion N° N"" delante y 2 como pie de pagina del Comunicado (""Pagina 31 de 31""). ""Sesion N° N"" aparece 25 veces en el corpus y solo 24 van seguidas de Pagina, de modo que el patron exige ambos y no toca ninguna mencion legitima. Se elimina el residuo y se deja un solo espacio donde la oracion continua."
RPM-2012-04-17:4782:1	2012-04-17	Joaquín Vial Ruiz-Tagle	1	RESIDUO_PAGINACION	 Sesión N° 184 Página 18 de 26		"Residuo de paginacion del PDF incrustado en medio de la oracion. Medido: 26 apariciones, 24 con la cabecera ""Sesion N° N"" delante y 2 como pie de pagina del Comunicado (""Pagina 31 de 31""). ""Sesion N° N"" aparece 25 veces en el corpus y solo 24 van seguidas de Pagina, de modo que el patron exige ambos y no toca ninguna mencion legitima. Se elimina el residuo y se deja un solo espacio donde la oracion continua."
RPM-2012-04-17:4784:1	2012-04-17	Rodrigo Vergara Montes	1	RESIDUO_PAGINACION	 Sesión N° 184 Página 19 de 26		"Residuo de paginacion del PDF incrustado en medio de la oracion. Medido: 26 apariciones, 24 con la cabecera ""Sesion N° N"" delante y 2 como pie de pagina del Comunicado (""Pagina 31 de 31""). ""Sesion N° N"" aparece 25 veces en el corpus y solo 24 van seguidas de Pagina, de modo que el patron exige ambos y no toca ninguna mencion legitima. Se elimina el residuo y se deja un solo espacio donde la oracion continua."
RPM-2012-04-17:4784:2	2012-04-17	Enrique Marshall Rivera	1	RESIDUO_PAGINACION	 Sesión N° 184 Página 20 de 26 	 	"Residuo de paginacion del PDF incrustado en medio de la oracion. Medido: 26 apariciones, 24 con la cabecera ""Sesion N° N"" delante y 2 como pie de pagina del Comunicado (""Pagina 31 de 31""). ""Sesion N° N"" aparece 25 veces en el corpus y solo 24 van seguidas de Pagina, de modo que el patron exige ambos y no toca ninguna mencion legitima. Se elimina el residuo y se deja un solo espacio donde la oracion continua."
RPM-2012-04-17:4787:1	2012-04-17	Manuel Marfán Lewis	1	RESIDUO_PAGINACION	 Sesión N° 184 Página 21 de 26 	 	"Residuo de paginacion del PDF incrustado en medio de la oracion. Medido: 26 apariciones, 24 con la cabecera ""Sesion N° N"" delante y 2 como pie de pagina del Comunicado (""Pagina 31 de 31""). ""Sesion N° N"" aparece 25 veces en el corpus y solo 24 van seguidas de Pagina, de modo que el patron exige ambos y no toca ninguna mencion legitima. Se elimina el residuo y se deja un solo espacio donde la oracion continua."
RPM-2012-04-17:4787:1	2012-04-17	Manuel Marfán Lewis	2	RESIDUO_PAGINACION	 Sesión N° 184 Página 22 de 26		"Residuo de paginacion del PDF incrustado en medio de la oracion. Medido: 26 apariciones, 24 con la cabecera ""Sesion N° N"" delante y 2 como pie de pagina del Comunicado (""Pagina 31 de 31""). ""Sesion N° N"" aparece 25 veces en el corpus y solo 24 van seguidas de Pagina, de modo que el patron exige ambos y no toca ninguna mencion legitima. Se elimina el residuo y se deja un solo espacio donde la oracion continua."
RPM-2012-04-17:4788:2	2012-04-17	Rodrigo Vergara Montes	1	RESIDUO_PAGINACION	 Sesión N° 184 Página 23 de 26		"Residuo de paginacion del PDF incrustado en medio de la oracion. Medido: 26 apariciones, 24 con la cabecera ""Sesion N° N"" delante y 2 como pie de pagina del Comunicado (""Pagina 31 de 31""). ""Sesion N° N"" aparece 25 veces en el corpus y solo 24 van seguidas de Pagina, de modo que el patron exige ambos y no toca ninguna mencion legitima. Se elimina el residuo y se deja un solo espacio donde la oracion continua."
RPM-2012-04-17:4789:1	2012-04-17	Felipe Larraín Bascuñán	1	RESIDUO_PAGINACION	 Sesión N° 184 Página 24 de 26 	 	"Residuo de paginacion del PDF incrustado en medio de la oracion. Medido: 26 apariciones, 24 con la cabecera ""Sesion N° N"" delante y 2 como pie de pagina del Comunicado (""Pagina 31 de 31""). ""Sesion N° N"" aparece 25 veces en el corpus y solo 24 van seguidas de Pagina, de modo que el patron exige ambos y no toca ninguna mencion legitima. Se elimina el residuo y se deja un solo espacio donde la oracion continua."
RPM-2012-04-17:4789:1	2012-04-17	Felipe Larraín Bascuñán	2	RESIDUO_PAGINACION	 Sesión N° 184 Página 25 de 26 	 	"Residuo de paginacion del PDF incrustado en medio de la oracion. Medido: 26 apariciones, 24 con la cabecera ""Sesion N° N"" delante y 2 como pie de pagina del Comunicado (""Pagina 31 de 31""). ""Sesion N° N"" aparece 25 veces en el corpus y solo 24 van seguidas de Pagina, de modo que el patron exige ambos y no toca ninguna mencion legitima. Se elimina el residuo y se deja un solo espacio donde la oracion continua."
RPM-2012-09-13:5049:1	2012-09-13	Sergio Lehmann Beresi	1	LETRA_CONFUNDIDA	en tomo a	en torno a	"en tomo a por ""en torno a"". Medido: 24 apariciones (20 ""en tomo a"" y 4 ""en tomo al""), la r leida como m. ""tomo"" es palabra real (volumen) pero ningun contexto lo admite. ""en torno a"" aparece 1.678 veces."
RPM-2012-09-13:5066:1	2012-09-13	Claudio Soto Gamboa	1	LETRA_CONFUNDIDA	en tomo a	en torno a	"en tomo a por ""en torno a"". Medido: 24 apariciones (20 ""en tomo a"" y 4 ""en tomo al""), la r leida como m. ""tomo"" es palabra real (volumen) pero ningun contexto lo admite. ""en torno a"" aparece 1.678 veces."
RPM-2012-12-13:5257:3	2012-12-13	Felipe Larraín Bascuñán	1	LETRA_CONFUNDIDA	en tomo a	en torno a	"en tomo a por ""en torno a"". Medido: 24 apariciones (20 ""en tomo a"" y 4 ""en tomo al""), la r leida como m. ""tomo"" es palabra real (volumen) pero ningun contexto lo admite. ""en torno a"" aparece 1.678 veces."
RPM-2013-07-11:5694:1	2013-07-11	Enrique Marshall Rivera	1	LETRA_CONFUNDIDA	en tomo a	en torno a	"en tomo a por ""en torno a"". Medido: 24 apariciones (20 ""en tomo a"" y 4 ""en tomo al""), la r leida como m. ""tomo"" es palabra real (volumen) pero ningun contexto lo admite. ""en torno a"" aparece 1.678 veces."
RPM-2014-02-18:6040:1	2014-02-18	Claudio Soto Gamboa	1	LETRA_CONFUNDIDA	en tomo a	en torno a	"en tomo a por ""en torno a"". Medido: 24 apariciones (20 ""en tomo a"" y 4 ""en tomo al""), la r leida como m. ""tomo"" es palabra real (volumen) pero ningun contexto lo admite. ""en torno a"" aparece 1.678 veces."
RPM-2014-03-13:6064:1	2014-03-13	Joaquín Vial Ruiz-Tagle	1	LETRA_CONFUNDIDA	nesgo	riesgo	"nesgo por riesgo. Medido: 29 apariciones en 29 filas, todas con la i leida como n. ""nesgo"" no es palabra del espanol, no existe lectura alternativa. ""riesgo"" aparece cientos de veces en el corpus."
RPM-2014-04-17:6166:1	2014-04-17	Luis Óscar Herrera Barriga	1	LETRA_CONFUNDIDA	en tomo a	en torno a	"en tomo a por ""en torno a"". Medido: 24 apariciones (20 ""en tomo a"" y 4 ""en tomo al""), la r leida como m. ""tomo"" es palabra real (volumen) pero ningun contexto lo admite. ""en torno a"" aparece 1.678 veces."
RPM-2014-06-12:6252:1	2014-06-12	Rodrigo Vergara Montes	1	LETRA_CONFUNDIDA	nesgo	riesgo	"nesgo por riesgo. Medido: 29 apariciones en 29 filas, todas con la i leida como n. ""nesgo"" no es palabra del espanol, no existe lectura alternativa. ""riesgo"" aparece cientos de veces en el corpus."
RPM-2014-06-12:6278:1	2014-06-12	Luis Óscar Herrera Barriga	1	LETRA_CONFUNDIDA	en tomo a	en torno a	"en tomo a por ""en torno a"". Medido: 24 apariciones (20 ""en tomo a"" y 4 ""en tomo al""), la r leida como m. ""tomo"" es palabra real (volumen) pero ningun contexto lo admite. ""en torno a"" aparece 1.678 veces."
RPM-2015-09-15:7031:1	2015-09-15	Joaquín Vial Ruiz-Tagle	1	LETRA_CONFUNDIDA	en tomo a	en torno a	"en tomo a por ""en torno a"". Medido: 24 apariciones (20 ""en tomo a"" y 4 ""en tomo al""), la r leida como m. ""tomo"" es palabra real (volumen) pero ningun contexto lo admite. ""en torno a"" aparece 1.678 veces."
RPM-2005-01-11:3:1	2005-01-11	Pablo García Silva	1	LETRA_CONFUNDIDA	cambiarlo	cambiario	"cambiarlo por cambiario. Misma familia: el OCR puso una l donde va una i. Medido: 60 apariciones, de las cuales 16 son ""cambiarlos"" (la forma larga contiene a la corta, y esta regla las corrige tambien). 6 son el infinitivo legitimo y sus filas quedan excluidas: ""habria que cambiarlos por papeles"" (2006-08-10:812:1), ""hay que cambiarlo"" (2006-11-16:980:1), ""haya que cambiarlo"" (2007-03-15:1146:1), ""no puede cambiarlo"" (2008-08-14:2022:1), ""no hay antecedentes para cambiarlo"" (2010-08-12:3317:1), ""razones para cambiarlo"" (2012-05-17:4843:1). Las 54 restantes son adjetivas: ""el lado cambiarlo"", ""en lo cambiarlo"", ""los mercados financieros y cambiarlos"". Los 11 contextos con palabra funcion delante se revisaron uno por uno."
RPM-2005-01-11:3:1	2005-01-11	Pablo García Silva	2	LETRA_CONFUNDIDA	ducen del diferencia! de tasas de int	ducen del diferencial de tasas de int	"Signo de exclamación en lugar de la ele final. Medido: 42 apariciones, y todas dan palabra válida al reponer la l: de! 31 (del), coyuntura! 2, a! 2 (al), e! 2 (el), diferencia!, rea!, genera!, anua!, metano!. Se revisaron las nueve formas una por una y los cuatro casos límite (a!, e!) en su contexto: ""sorprendieron en algo a! alza"", ""precisa que e! planteamiento"", ""acceso a! financiamiento"", ""acuerdo sobre e! Mecanismo"". Ninguna es una exclamación real."
RPM-2005-03-10:165:1	2005-03-10	Nicolás Eyzaguirre Guzmán	1	ACENTO_INDEBIDO	cambiaría	cambiaria	"cambiaría por cambiaria. La tilde convierte el adjetivo en verbo condicional. Medido en todo el corpus: 241 apariciones con tilde (188 singulares y 53 dentro de ""cambiarías"", que esta regla tambien corrige porque la forma larga contiene a la corta). SOLO 3 son el condicional legitimo y sus filas quedan excluidas: ""cuanto cambiaria la estimacion"" (2005-12-13:515:1), ""no cambiaria el sesgo"" (2012-03-15:4723:1), ""no cambiaria el comportamiento"" (2014-09-11:6425:1). Las 238 restantes van siempre tras un sustantivo que exige adjetivo (apreciacion 65, depreciacion 55, intervencion 28, ...); los 46 con sustantivo ambiguo fueron muestreados y todos exigen adjetivo. Se verifico ademas que ninguna fila mezcla la forma verbal con la adjetiva."
RPM-2005-03-10:185:1	2005-03-10	Nicolás Eyzaguirre Guzmán	1	LETRA_CONFUNDIDA	cambiarla	cambiaria	"cambiarla por cambiaria. Misma familia y mismo defecto. Medido: 8 apariciones (todas dentro de ""cambiarlas""), todas adjetivas y revisadas una por una: ""paridades cambiarlas"" 4 veces, ""implicancias cambiarlas"" 2, ""expectativas cambiarlas"" 1, ""coberturas cambiarlas"" 1. ""cambiarias"" ya aparece 19 veces en el corpus."
RPM-2005-03-10:185:1	2005-03-10	Nicolás Eyzaguirre Guzmán	2	LETRA_CONFUNDIDA	ninguna duda cuando ios escucha de que 	ninguna duda cuando los escucha de que 	"""ios"" por ""los"": la l se leyo como i, la misma regla que produce ""ai"" por ""al"" (§12). Medido: 90 apariciones en 88 filas contra 32.215 de ""los"". ""ios"" no es palabra del español. Se comprobo la palabra que precede a las 90 y en todas corresponde un articulo: de 25, en 14, que 12, a 9, para 5, todos 3, con 2, y 2, por 2, y el resto tras cuando, durante, analizan, septiembre, o una comilla de apertura."
RPM-2005-03-10:191:1	2005-03-10	Manuel Marfán Lewis	1	LETRA_CONFUNDIDA	cambiarla	cambiaria	"cambiarla por cambiaria. Misma familia y mismo defecto. Medido: 8 apariciones (todas dentro de ""cambiarlas""), todas adjetivas y revisadas una por una: ""paridades cambiarlas"" 4 veces, ""implicancias cambiarlas"" 2, ""expectativas cambiarlas"" 1, ""coberturas cambiarlas"" 1. ""cambiarias"" ya aparece 19 veces en el corpus."
RPM-2005-03-10:191:1	2005-03-10	Manuel Marfán Lewis	2	LETRA_CONFUNDIDA	yieId	yield	"yieId por yield: la l minuscula se leyo como I mayuscula. Medido: ""yield"" aparece 11 veces en el corpus y ""yieId"" una sola, en ""esa yieId curve""."
RPM-2005-05-12:257:1	2005-05-12	Nicolás Eyzaguirre Guzmán	1	ACENTO_INDEBIDO	cambiaría	cambiaria	"cambiaría por cambiaria. La tilde convierte el adjetivo en verbo condicional. Medido en todo el corpus: 241 apariciones con tilde (188 singulares y 53 dentro de ""cambiarías"", que esta regla tambien corrige porque la forma larga contiene a la corta). SOLO 3 son el condicional legitimo y sus filas quedan excluidas: ""cuanto cambiaria la estimacion"" (2005-12-13:515:1), ""no cambiaria el sesgo"" (2012-03-15:4723:1), ""no cambiaria el comportamiento"" (2014-09-11:6425:1). Las 238 restantes van siempre tras un sustantivo que exige adjetivo (apreciacion 65, depreciacion 55, intervencion 28, ...); los 46 con sustantivo ambiguo fueron muestreados y todos exigen adjetivo. Se verifico ademas que ninguna fila mezcla la forma verbal con la adjetiva."
RPM-2005-08-11:357:1	2005-08-11	Klaus Schmidt-Hebbel Dunker	1	ACENTO_INDEBIDO	cambiaría	cambiaria	"cambiaría por cambiaria. La tilde convierte el adjetivo en verbo condicional. Medido en todo el corpus: 241 apariciones con tilde (188 singulares y 53 dentro de ""cambiarías"", que esta regla tambien corrige porque la forma larga contiene a la corta). SOLO 3 son el condicional legitimo y sus filas quedan excluidas: ""cuanto cambiaria la estimacion"" (2005-12-13:515:1), ""no cambiaria el sesgo"" (2012-03-15:4723:1), ""no cambiaria el comportamiento"" (2014-09-11:6425:1). Las 238 restantes van siempre tras un sustantivo que exige adjetivo (apreciacion 65, depreciacion 55, intervencion 28, ...); los 46 con sustantivo ambiguo fueron muestreados y todos exigen adjetivo. Se verifico ademas que ninguna fila mezcla la forma verbal con la adjetiva."
RPM-2006-02-09:587:11	2006-02-09	Rodrigo Valdés Pulido	1	LETRA_CONFUNDIDA	cambiarlo	cambiario	"cambiarlo por cambiario. Misma familia: el OCR puso una l donde va una i. Medido: 60 apariciones, de las cuales 16 son ""cambiarlos"" (la forma larga contiene a la corta, y esta regla las corrige tambien). 6 son el infinitivo legitimo y sus filas quedan excluidas: ""habria que cambiarlos por papeles"" (2006-08-10:812:1), ""hay que cambiarlo"" (2006-11-16:980:1), ""haya que cambiarlo"" (2007-03-15:1146:1), ""no puede cambiarlo"" (2008-08-14:2022:1), ""no hay antecedentes para cambiarlo"" (2010-08-12:3317:1), ""razones para cambiarlo"" (2012-05-17:4843:1). Las 54 restantes son adjetivas: ""el lado cambiarlo"", ""en lo cambiarlo"", ""los mercados financieros y cambiarlos"". Los 11 contextos con palabra funcion delante se revisaron uno por uno."
RPM-2006-03-16:603:1	2006-03-16	Manuel Marfán Lewis	1	LETRA_CONFUNDIDA	cambiarlo	cambiario	"cambiarlo por cambiario. Misma familia: el OCR puso una l donde va una i. Medido: 60 apariciones, de las cuales 16 son ""cambiarlos"" (la forma larga contiene a la corta, y esta regla las corrige tambien). 6 son el infinitivo legitimo y sus filas quedan excluidas: ""habria que cambiarlos por papeles"" (2006-08-10:812:1), ""hay que cambiarlo"" (2006-11-16:980:1), ""haya que cambiarlo"" (2007-03-15:1146:1), ""no puede cambiarlo"" (2008-08-14:2022:1), ""no hay antecedentes para cambiarlo"" (2010-08-12:3317:1), ""razones para cambiarlo"" (2012-05-17:4843:1). Las 54 restantes son adjetivas: ""el lado cambiarlo"", ""en lo cambiarlo"", ""los mercados financieros y cambiarlos"". Los 11 contextos con palabra funcion delante se revisaron uno por uno."
RPM-2006-03-16:615:1	2006-03-16	Rodrigo Valdés Pulido	1	LETRA_CONFUNDIDA	cambiarlo	cambiario	"cambiarlo por cambiario. Misma familia: el OCR puso una l donde va una i. Medido: 60 apariciones, de las cuales 16 son ""cambiarlos"" (la forma larga contiene a la corta, y esta regla las corrige tambien). 6 son el infinitivo legitimo y sus filas quedan excluidas: ""habria que cambiarlos por papeles"" (2006-08-10:812:1), ""hay que cambiarlo"" (2006-11-16:980:1), ""haya que cambiarlo"" (2007-03-15:1146:1), ""no puede cambiarlo"" (2008-08-14:2022:1), ""no hay antecedentes para cambiarlo"" (2010-08-12:3317:1), ""razones para cambiarlo"" (2012-05-17:4843:1). Las 54 restantes son adjetivas: ""el lado cambiarlo"", ""en lo cambiarlo"", ""los mercados financieros y cambiarlos"". Los 11 contextos con palabra funcion delante se revisaron uno por uno."
RPM-2006-04-13:649:3	2006-04-13	Manuel Marfán Lewis	1	LETRA_CONFUNDIDA	cambiarlo	cambiario	"cambiarlo por cambiario. Misma familia: el OCR puso una l donde va una i. Medido: 60 apariciones, de las cuales 16 son ""cambiarlos"" (la forma larga contiene a la corta, y esta regla las corrige tambien). 6 son el infinitivo legitimo y sus filas quedan excluidas: ""habria que cambiarlos por papeles"" (2006-08-10:812:1), ""hay que cambiarlo"" (2006-11-16:980:1), ""haya que cambiarlo"" (2007-03-15:1146:1), ""no puede cambiarlo"" (2008-08-14:2022:1), ""no hay antecedentes para cambiarlo"" (2010-08-12:3317:1), ""razones para cambiarlo"" (2012-05-17:4843:1). Las 54 restantes son adjetivas: ""el lado cambiarlo"", ""en lo cambiarlo"", ""los mercados financieros y cambiarlos"". Los 11 contextos con palabra funcion delante se revisaron uno por uno."
RPM-2006-05-11:665:1	2006-05-11	Klaus Schmidt-Hebbel Dunker	1	LETRA_CONFUNDIDA	cambiarlo	cambiario	"cambiarlo por cambiario. Misma familia: el OCR puso una l donde va una i. Medido: 60 apariciones, de las cuales 16 son ""cambiarlos"" (la forma larga contiene a la corta, y esta regla las corrige tambien). 6 son el infinitivo legitimo y sus filas quedan excluidas: ""habria que cambiarlos por papeles"" (2006-08-10:812:1), ""hay que cambiarlo"" (2006-11-16:980:1), ""haya que cambiarlo"" (2007-03-15:1146:1), ""no puede cambiarlo"" (2008-08-14:2022:1), ""no hay antecedentes para cambiarlo"" (2010-08-12:3317:1), ""razones para cambiarlo"" (2012-05-17:4843:1). Las 54 restantes son adjetivas: ""el lado cambiarlo"", ""en lo cambiarlo"", ""los mercados financieros y cambiarlos"". Los 11 contextos con palabra funcion delante se revisaron uno por uno."
RPM-2006-05-11:665:1	2006-05-11	Klaus Schmidt-Hebbel Dunker	2	LETRA_CONFUNDIDA	cambiarla	cambiaria	"cambiarla por cambiaria. Misma familia y mismo defecto. Medido: 8 apariciones (todas dentro de ""cambiarlas""), todas adjetivas y revisadas una por una: ""paridades cambiarlas"" 4 veces, ""implicancias cambiarlas"" 2, ""expectativas cambiarlas"" 1, ""coberturas cambiarlas"" 1. ""cambiarias"" ya aparece 19 veces en el corpus."
RPM-2006-06-15:740:1	2006-06-15	Vittorio Corbo Lioi	1	LETRA_CONFUNDIDA	cambiarlo	cambiario	"cambiarlo por cambiario. Misma familia: el OCR puso una l donde va una i. Medido: 60 apariciones, de las cuales 16 son ""cambiarlos"" (la forma larga contiene a la corta, y esta regla las corrige tambien). 6 son el infinitivo legitimo y sus filas quedan excluidas: ""habria que cambiarlos por papeles"" (2006-08-10:812:1), ""hay que cambiarlo"" (2006-11-16:980:1), ""haya que cambiarlo"" (2007-03-15:1146:1), ""no puede cambiarlo"" (2008-08-14:2022:1), ""no hay antecedentes para cambiarlo"" (2010-08-12:3317:1), ""razones para cambiarlo"" (2012-05-17:4843:1). Las 54 restantes son adjetivas: ""el lado cambiarlo"", ""en lo cambiarlo"", ""los mercados financieros y cambiarlos"". Los 11 contextos con palabra funcion delante se revisaron uno por uno."
RPM-2007-01-11:1024:2	2007-01-11	Sergio Lehmann Beresi	1	ACENTO_INDEBIDO	cambiaría	cambiaria	"cambiaría por cambiaria. La tilde convierte el adjetivo en verbo condicional. Medido en todo el corpus: 241 apariciones con tilde (188 singulares y 53 dentro de ""cambiarías"", que esta regla tambien corrige porque la forma larga contiene a la corta). SOLO 3 son el condicional legitimo y sus filas quedan excluidas: ""cuanto cambiaria la estimacion"" (2005-12-13:515:1), ""no cambiaria el sesgo"" (2012-03-15:4723:1), ""no cambiaria el comportamiento"" (2014-09-11:6425:1). Las 238 restantes van siempre tras un sustantivo que exige adjetivo (apreciacion 65, depreciacion 55, intervencion 28, ...); los 46 con sustantivo ambiguo fueron muestreados y todos exigen adjetivo. Se verifico ademas que ninguna fila mezcla la forma verbal con la adjetiva."
RPM-2007-03-15:1123:1	2007-03-15	Vittorio Corbo Lioi	1	LETRA_CONFUNDIDA	cambiarla	cambiaria	"cambiarla por cambiaria. Misma familia y mismo defecto. Medido: 8 apariciones (todas dentro de ""cambiarlas""), todas adjetivas y revisadas una por una: ""paridades cambiarlas"" 4 veces, ""implicancias cambiarlas"" 2, ""expectativas cambiarlas"" 1, ""coberturas cambiarlas"" 1. ""cambiarias"" ya aparece 19 veces en el corpus."
RPM-2007-03-15:1123:1	2007-03-15	Vittorio Corbo Lioi	2	SALTOS_DE_LINEA	 que son los créditos subpri me de Mortgage y que	 que son los créditos subprime de Mortgage y que	"Palabra partida por la justificación del PDF (""subpri me"" por ""subprime""). Medido: 4 apariciones en 4 filas en toda la base; una (1317:1) se corrigió con la ronda 191 y estas son las otras tres. La palabra es inequívoca y está atestiguada: ""subprime"" aparece 58 veces en el corpus. Es el mismo artefacto que ""inmobiliari o"" y que las 35 palabras en letras sueltas de §12."
RPM-2007-03-15:1157:1	2007-03-15	Klaus Schmidt-Hebbel Dunker	1	ACENTO_INDEBIDO	cambiaría	cambiaria	"cambiaría por cambiaria. La tilde convierte el adjetivo en verbo condicional. Medido en todo el corpus: 241 apariciones con tilde (188 singulares y 53 dentro de ""cambiarías"", que esta regla tambien corrige porque la forma larga contiene a la corta). SOLO 3 son el condicional legitimo y sus filas quedan excluidas: ""cuanto cambiaria la estimacion"" (2005-12-13:515:1), ""no cambiaria el sesgo"" (2012-03-15:4723:1), ""no cambiaria el comportamiento"" (2014-09-11:6425:1). Las 238 restantes van siempre tras un sustantivo que exige adjetivo (apreciacion 65, depreciacion 55, intervencion 28, ...); los 46 con sustantivo ambiguo fueron muestreados y todos exigen adjetivo. Se verifico ademas que ninguna fila mezcla la forma verbal con la adjetiva."
RPM-2007-03-15:1167:1	2007-03-15	Vittorio Corbo Lioi	1	ACENTO_INDEBIDO	cambiaría	cambiaria	"cambiaría por cambiaria. La tilde convierte el adjetivo en verbo condicional. Medido en todo el corpus: 241 apariciones con tilde (188 singulares y 53 dentro de ""cambiarías"", que esta regla tambien corrige porque la forma larga contiene a la corta). SOLO 3 son el condicional legitimo y sus filas quedan excluidas: ""cuanto cambiaria la estimacion"" (2005-12-13:515:1), ""no cambiaria el sesgo"" (2012-03-15:4723:1), ""no cambiaria el comportamiento"" (2014-09-11:6425:1). Las 238 restantes van siempre tras un sustantivo que exige adjetivo (apreciacion 65, depreciacion 55, intervencion 28, ...); los 46 con sustantivo ambiguo fueron muestreados y todos exigen adjetivo. Se verifico ademas que ninguna fila mezcla la forma verbal con la adjetiva."
RPM-2007-04-12:1171:2	2007-04-12	Sergio Lehmann Beresi	1	ACENTO_INDEBIDO	cambiaría	cambiaria	"cambiaría por cambiaria. La tilde convierte el adjetivo en verbo condicional. Medido en todo el corpus: 241 apariciones con tilde (188 singulares y 53 dentro de ""cambiarías"", que esta regla tambien corrige porque la forma larga contiene a la corta). SOLO 3 son el condicional legitimo y sus filas quedan excluidas: ""cuanto cambiaria la estimacion"" (2005-12-13:515:1), ""no cambiaria el sesgo"" (2012-03-15:4723:1), ""no cambiaria el comportamiento"" (2014-09-11:6425:1). Las 238 restantes van siempre tras un sustantivo que exige adjetivo (apreciacion 65, depreciacion 55, intervencion 28, ...); los 46 con sustantivo ambiguo fueron muestreados y todos exigen adjetivo. Se verifico ademas que ninguna fila mezcla la forma verbal con la adjetiva."
RPM-2007-05-10:1252:1	2007-05-10	Klaus Schmidt-Hebbel Dunker	1	ACENTO_INDEBIDO	cambiaría	cambiaria	"cambiaría por cambiaria. La tilde convierte el adjetivo en verbo condicional. Medido en todo el corpus: 241 apariciones con tilde (188 singulares y 53 dentro de ""cambiarías"", que esta regla tambien corrige porque la forma larga contiene a la corta). SOLO 3 son el condicional legitimo y sus filas quedan excluidas: ""cuanto cambiaria la estimacion"" (2005-12-13:515:1), ""no cambiaria el sesgo"" (2012-03-15:4723:1), ""no cambiaria el comportamiento"" (2014-09-11:6425:1). Las 238 restantes van siempre tras un sustantivo que exige adjetivo (apreciacion 65, depreciacion 55, intervencion 28, ...); los 46 con sustantivo ambiguo fueron muestreados y todos exigen adjetivo. Se verifico ademas que ninguna fila mezcla la forma verbal con la adjetiva."
RPM-2007-05-10:1254:1	2007-05-10	Pablo García Silva	1	ACENTO_INDEBIDO	cambiaría	cambiaria	"cambiaría por cambiaria. La tilde convierte el adjetivo en verbo condicional. Medido en todo el corpus: 241 apariciones con tilde (188 singulares y 53 dentro de ""cambiarías"", que esta regla tambien corrige porque la forma larga contiene a la corta). SOLO 3 son el condicional legitimo y sus filas quedan excluidas: ""cuanto cambiaria la estimacion"" (2005-12-13:515:1), ""no cambiaria el sesgo"" (2012-03-15:4723:1), ""no cambiaria el comportamiento"" (2014-09-11:6425:1). Las 238 restantes van siempre tras un sustantivo que exige adjetivo (apreciacion 65, depreciacion 55, intervencion 28, ...); los 46 con sustantivo ambiguo fueron muestreados y todos exigen adjetivo. Se verifico ademas que ninguna fila mezcla la forma verbal con la adjetiva."
RPM-2007-08-09:1398:1	2007-08-09	Jorge Desormeaux Jiménez	1	LETRA_CONFUNDIDA	cambiarla	cambiaria	"cambiarla por cambiaria. Misma familia y mismo defecto. Medido: 8 apariciones (todas dentro de ""cambiarlas""), todas adjetivas y revisadas una por una: ""paridades cambiarlas"" 4 veces, ""implicancias cambiarlas"" 2, ""expectativas cambiarlas"" 1, ""coberturas cambiarlas"" 1. ""cambiarias"" ya aparece 19 veces en el corpus."
RPM-2007-10-11:1487:1	2007-10-11	Manuel Marfán Lewis	1	LETRA_CONFUNDIDA	cambiarlo	cambiario	"cambiarlo por cambiario. Misma familia: el OCR puso una l donde va una i. Medido: 60 apariciones, de las cuales 16 son ""cambiarlos"" (la forma larga contiene a la corta, y esta regla las corrige tambien). 6 son el infinitivo legitimo y sus filas quedan excluidas: ""habria que cambiarlos por papeles"" (2006-08-10:812:1), ""hay que cambiarlo"" (2006-11-16:980:1), ""haya que cambiarlo"" (2007-03-15:1146:1), ""no puede cambiarlo"" (2008-08-14:2022:1), ""no hay antecedentes para cambiarlo"" (2010-08-12:3317:1), ""razones para cambiarlo"" (2012-05-17:4843:1). Las 54 restantes son adjetivas: ""el lado cambiarlo"", ""en lo cambiarlo"", ""los mercados financieros y cambiarlos"". Los 11 contextos con palabra funcion delante se revisaron uno por uno."
RPM-2007-10-11:1513:1	2007-10-11	Andrés Velasco Brañes	1	LETRA_CONFUNDIDA	cambiarla	cambiaria	"cambiarla por cambiaria. Misma familia y mismo defecto. Medido: 8 apariciones (todas dentro de ""cambiarlas""), todas adjetivas y revisadas una por una: ""paridades cambiarlas"" 4 veces, ""implicancias cambiarlas"" 2, ""expectativas cambiarlas"" 1, ""coberturas cambiarlas"" 1. ""cambiarias"" ya aparece 19 veces en el corpus."
RPM-2007-10-11:1513:1	2007-10-11	Andrés Velasco Brañes	2	ACENTO_INDEBIDO	cambiaría	cambiaria	"cambiaría por cambiaria. La tilde convierte el adjetivo en verbo condicional. Medido en todo el corpus: 241 apariciones con tilde (188 singulares y 53 dentro de ""cambiarías"", que esta regla tambien corrige porque la forma larga contiene a la corta). SOLO 3 son el condicional legitimo y sus filas quedan excluidas: ""cuanto cambiaria la estimacion"" (2005-12-13:515:1), ""no cambiaria el sesgo"" (2012-03-15:4723:1), ""no cambiaria el comportamiento"" (2014-09-11:6425:1). Las 238 restantes van siempre tras un sustantivo que exige adjetivo (apreciacion 65, depreciacion 55, intervencion 28, ...); los 46 con sustantivo ambiguo fueron muestreados y todos exigen adjetivo. Se verifico ademas que ninguna fila mezcla la forma verbal con la adjetiva."
RPM-2007-10-11:1513:1	2007-10-11	Andrés Velasco Brañes	3	LETRA_CONFUNDIDA	ico en cuanto a que ios efectos reales 	ico en cuanto a que los efectos reales 	"""ios"" por ""los"": la l se leyo como i, la misma regla que produce ""ai"" por ""al"" (§12). Medido: 90 apariciones en 88 filas contra 32.215 de ""los"". ""ios"" no es palabra del español. Se comprobo la palabra que precede a las 90 y en todas corresponde un articulo: de 25, en 14, que 12, a 9, para 5, todos 3, con 2, y 2, por 2, y el resto tras cuando, durante, analizan, septiembre, o una comilla de apertura."
RPM-2007-10-11:1516:1	2007-10-11	Manuel Marfán Lewis	1	LETRA_CONFUNDIDA	cambiarlo	cambiario	"cambiarlo por cambiario. Misma familia: el OCR puso una l donde va una i. Medido: 60 apariciones, de las cuales 16 son ""cambiarlos"" (la forma larga contiene a la corta, y esta regla las corrige tambien). 6 son el infinitivo legitimo y sus filas quedan excluidas: ""habria que cambiarlos por papeles"" (2006-08-10:812:1), ""hay que cambiarlo"" (2006-11-16:980:1), ""haya que cambiarlo"" (2007-03-15:1146:1), ""no puede cambiarlo"" (2008-08-14:2022:1), ""no hay antecedentes para cambiarlo"" (2010-08-12:3317:1), ""razones para cambiarlo"" (2012-05-17:4843:1). Las 54 restantes son adjetivas: ""el lado cambiarlo"", ""en lo cambiarlo"", ""los mercados financieros y cambiarlos"". Los 11 contextos con palabra funcion delante se revisaron uno por uno."
RPM-2007-10-11:1519:1	2007-10-11	Vittorio Corbo Lioi	1	ACENTO_INDEBIDO	cambiaría	cambiaria	"cambiaría por cambiaria. La tilde convierte el adjetivo en verbo condicional. Medido en todo el corpus: 241 apariciones con tilde (188 singulares y 53 dentro de ""cambiarías"", que esta regla tambien corrige porque la forma larga contiene a la corta). SOLO 3 son el condicional legitimo y sus filas quedan excluidas: ""cuanto cambiaria la estimacion"" (2005-12-13:515:1), ""no cambiaria el sesgo"" (2012-03-15:4723:1), ""no cambiaria el comportamiento"" (2014-09-11:6425:1). Las 238 restantes van siempre tras un sustantivo que exige adjetivo (apreciacion 65, depreciacion 55, intervencion 28, ...); los 46 con sustantivo ambiguo fueron muestreados y todos exigen adjetivo. Se verifico ademas que ninguna fila mezcla la forma verbal con la adjetiva."
RPM-2007-10-11:1519:1	2007-10-11	Vittorio Corbo Lioi	2	LETRA_CONFUNDIDA	cciones tomadas por ios bancos centrale	cciones tomadas por los bancos centrale	"""ios"" por ""los"": la l se leyo como i, la misma regla que produce ""ai"" por ""al"" (§12). Medido: 90 apariciones en 88 filas contra 32.215 de ""los"". ""ios"" no es palabra del español. Se comprobo la palabra que precede a las 90 y en todas corresponde un articulo: de 25, en 14, que 12, a 9, para 5, todos 3, con 2, y 2, por 2, y el resto tras cuando, durante, analizan, septiembre, o una comilla de apertura."
RPM-2007-11-13:1526:1	2007-11-13	Sergio Lehmann Beresi	1	ACENTO_INDEBIDO	cambiaría	cambiaria	"cambiaría por cambiaria. La tilde convierte el adjetivo en verbo condicional. Medido en todo el corpus: 241 apariciones con tilde (188 singulares y 53 dentro de ""cambiarías"", que esta regla tambien corrige porque la forma larga contiene a la corta). SOLO 3 son el condicional legitimo y sus filas quedan excluidas: ""cuanto cambiaria la estimacion"" (2005-12-13:515:1), ""no cambiaria el sesgo"" (2012-03-15:4723:1), ""no cambiaria el comportamiento"" (2014-09-11:6425:1). Las 238 restantes van siempre tras un sustantivo que exige adjetivo (apreciacion 65, depreciacion 55, intervencion 28, ...); los 46 con sustantivo ambiguo fueron muestreados y todos exigen adjetivo. Se verifico ademas que ninguna fila mezcla la forma verbal con la adjetiva."
RPM-2007-12-13:1572:2	2007-12-13	Sergio Lehmann Beresi	1	ACENTO_INDEBIDO	cambiaría	cambiaria	"cambiaría por cambiaria. La tilde convierte el adjetivo en verbo condicional. Medido en todo el corpus: 241 apariciones con tilde (188 singulares y 53 dentro de ""cambiarías"", que esta regla tambien corrige porque la forma larga contiene a la corta). SOLO 3 son el condicional legitimo y sus filas quedan excluidas: ""cuanto cambiaria la estimacion"" (2005-12-13:515:1), ""no cambiaria el sesgo"" (2012-03-15:4723:1), ""no cambiaria el comportamiento"" (2014-09-11:6425:1). Las 238 restantes van siempre tras un sustantivo que exige adjetivo (apreciacion 65, depreciacion 55, intervencion 28, ...); los 46 con sustantivo ambiguo fueron muestreados y todos exigen adjetivo. Se verifico ademas que ninguna fila mezcla la forma verbal con la adjetiva."
RPM-2007-12-13:1611:1	2007-12-13	Manuel Marfán Lewis	1	ACENTO_INDEBIDO	cambiaría	cambiaria	"cambiaría por cambiaria. La tilde convierte el adjetivo en verbo condicional. Medido en todo el corpus: 241 apariciones con tilde (188 singulares y 53 dentro de ""cambiarías"", que esta regla tambien corrige porque la forma larga contiene a la corta). SOLO 3 son el condicional legitimo y sus filas quedan excluidas: ""cuanto cambiaria la estimacion"" (2005-12-13:515:1), ""no cambiaria el sesgo"" (2012-03-15:4723:1), ""no cambiaria el comportamiento"" (2014-09-11:6425:1). Las 238 restantes van siempre tras un sustantivo que exige adjetivo (apreciacion 65, depreciacion 55, intervencion 28, ...); los 46 con sustantivo ambiguo fueron muestreados y todos exigen adjetivo. Se verifico ademas que ninguna fila mezcla la forma verbal con la adjetiva."
RPM-2007-12-13:1611:1	2007-12-13	Manuel Marfán Lewis	2	SALTOS_DE_LINEA	alcances de la crisis subpri me especialmente en 	alcances de la crisis subprime especialmente en 	"Palabra partida por la justificación del PDF (""subpri me"" por ""subprime""). Medido: 4 apariciones en 4 filas en toda la base; una (1317:1) se corrigió con la ronda 191 y estas son las otras tres. La palabra es inequívoca y está atestiguada: ""subprime"" aparece 58 veces en el corpus. Es el mismo artefacto que ""inmobiliari o"" y que las 35 palabras en letras sueltas de §12."
RPM-2008-01-10:1638:1	2008-01-10	José De Gregorio Rebeco	1	ACENTO_INDEBIDO	cambiaría	cambiaria	"cambiaría por cambiaria. La tilde convierte el adjetivo en verbo condicional. Medido en todo el corpus: 241 apariciones con tilde (188 singulares y 53 dentro de ""cambiarías"", que esta regla tambien corrige porque la forma larga contiene a la corta). SOLO 3 son el condicional legitimo y sus filas quedan excluidas: ""cuanto cambiaria la estimacion"" (2005-12-13:515:1), ""no cambiaria el sesgo"" (2012-03-15:4723:1), ""no cambiaria el comportamiento"" (2014-09-11:6425:1). Las 238 restantes van siempre tras un sustantivo que exige adjetivo (apreciacion 65, depreciacion 55, intervencion 28, ...); los 46 con sustantivo ambiguo fueron muestreados y todos exigen adjetivo. Se verifico ademas que ninguna fila mezcla la forma verbal con la adjetiva."
RPM-2008-02-07:1652:2	2008-02-07	Manuel Marfán Lewis	1	LETRA_CONFUNDIDA	cambiarlo	cambiario	"cambiarlo por cambiario. Misma familia: el OCR puso una l donde va una i. Medido: 60 apariciones, de las cuales 16 son ""cambiarlos"" (la forma larga contiene a la corta, y esta regla las corrige tambien). 6 son el infinitivo legitimo y sus filas quedan excluidas: ""habria que cambiarlos por papeles"" (2006-08-10:812:1), ""hay que cambiarlo"" (2006-11-16:980:1), ""haya que cambiarlo"" (2007-03-15:1146:1), ""no puede cambiarlo"" (2008-08-14:2022:1), ""no hay antecedentes para cambiarlo"" (2010-08-12:3317:1), ""razones para cambiarlo"" (2012-05-17:4843:1). Las 54 restantes son adjetivas: ""el lado cambiarlo"", ""en lo cambiarlo"", ""los mercados financieros y cambiarlos"". Los 11 contextos con palabra funcion delante se revisaron uno por uno."
RPM-2008-02-07:1652:2	2008-02-07	Manuel Marfán Lewis	2	ACENTO_INDEBIDO	cambiaría	cambiaria	"cambiaría por cambiaria. La tilde convierte el adjetivo en verbo condicional. Medido en todo el corpus: 241 apariciones con tilde (188 singulares y 53 dentro de ""cambiarías"", que esta regla tambien corrige porque la forma larga contiene a la corta). SOLO 3 son el condicional legitimo y sus filas quedan excluidas: ""cuanto cambiaria la estimacion"" (2005-12-13:515:1), ""no cambiaria el sesgo"" (2012-03-15:4723:1), ""no cambiaria el comportamiento"" (2014-09-11:6425:1). Las 238 restantes van siempre tras un sustantivo que exige adjetivo (apreciacion 65, depreciacion 55, intervencion 28, ...); los 46 con sustantivo ambiguo fueron muestreados y todos exigen adjetivo. Se verifico ademas que ninguna fila mezcla la forma verbal con la adjetiva."
RPM-2008-02-07:1667:1	2008-02-07	Pablo García Silva	1	ACENTO_INDEBIDO	cambiaría	cambiaria	"cambiaría por cambiaria. La tilde convierte el adjetivo en verbo condicional. Medido en todo el corpus: 241 apariciones con tilde (188 singulares y 53 dentro de ""cambiarías"", que esta regla tambien corrige porque la forma larga contiene a la corta). SOLO 3 son el condicional legitimo y sus filas quedan excluidas: ""cuanto cambiaria la estimacion"" (2005-12-13:515:1), ""no cambiaria el sesgo"" (2012-03-15:4723:1), ""no cambiaria el comportamiento"" (2014-09-11:6425:1). Las 238 restantes van siempre tras un sustantivo que exige adjetivo (apreciacion 65, depreciacion 55, intervencion 28, ...); los 46 con sustantivo ambiguo fueron muestreados y todos exigen adjetivo. Se verifico ademas que ninguna fila mezcla la forma verbal con la adjetiva."
RPM-2008-02-07:1670:1	2008-02-07	Pablo García Silva	1	ACENTO_INDEBIDO	cambiaría	cambiaria	"cambiaría por cambiaria. La tilde convierte el adjetivo en verbo condicional. Medido en todo el corpus: 241 apariciones con tilde (188 singulares y 53 dentro de ""cambiarías"", que esta regla tambien corrige porque la forma larga contiene a la corta). SOLO 3 son el condicional legitimo y sus filas quedan excluidas: ""cuanto cambiaria la estimacion"" (2005-12-13:515:1), ""no cambiaria el sesgo"" (2012-03-15:4723:1), ""no cambiaria el comportamiento"" (2014-09-11:6425:1). Las 238 restantes van siempre tras un sustantivo que exige adjetivo (apreciacion 65, depreciacion 55, intervencion 28, ...); los 46 con sustantivo ambiguo fueron muestreados y todos exigen adjetivo. Se verifico ademas que ninguna fila mezcla la forma verbal con la adjetiva."
RPM-2008-02-07:1670:1	2008-02-07	Pablo García Silva	2	LETRA_CONFUNDIDA	cambiarla	cambiaria	"cambiarla por cambiaria. Misma familia y mismo defecto. Medido: 8 apariciones (todas dentro de ""cambiarlas""), todas adjetivas y revisadas una por una: ""paridades cambiarlas"" 4 veces, ""implicancias cambiarlas"" 2, ""expectativas cambiarlas"" 1, ""coberturas cambiarlas"" 1. ""cambiarias"" ya aparece 19 veces en el corpus."
RPM-2008-02-07:1679:1	2008-02-07	Sebastián Claro Edwards	1	ACENTO_INDEBIDO	cambiaría	cambiaria	"cambiaría por cambiaria. La tilde convierte el adjetivo en verbo condicional. Medido en todo el corpus: 241 apariciones con tilde (188 singulares y 53 dentro de ""cambiarías"", que esta regla tambien corrige porque la forma larga contiene a la corta). SOLO 3 son el condicional legitimo y sus filas quedan excluidas: ""cuanto cambiaria la estimacion"" (2005-12-13:515:1), ""no cambiaria el sesgo"" (2012-03-15:4723:1), ""no cambiaria el comportamiento"" (2014-09-11:6425:1). Las 238 restantes van siempre tras un sustantivo que exige adjetivo (apreciacion 65, depreciacion 55, intervencion 28, ...); los 46 con sustantivo ambiguo fueron muestreados y todos exigen adjetivo. Se verifico ademas que ninguna fila mezcla la forma verbal con la adjetiva."
RPM-2008-02-07:1680:1	2008-02-07	Enrique Marshall Rivera	1	ACENTO_INDEBIDO	cambiaría	cambiaria	"cambiaría por cambiaria. La tilde convierte el adjetivo en verbo condicional. Medido en todo el corpus: 241 apariciones con tilde (188 singulares y 53 dentro de ""cambiarías"", que esta regla tambien corrige porque la forma larga contiene a la corta). SOLO 3 son el condicional legitimo y sus filas quedan excluidas: ""cuanto cambiaria la estimacion"" (2005-12-13:515:1), ""no cambiaria el sesgo"" (2012-03-15:4723:1), ""no cambiaria el comportamiento"" (2014-09-11:6425:1). Las 238 restantes van siempre tras un sustantivo que exige adjetivo (apreciacion 65, depreciacion 55, intervencion 28, ...); los 46 con sustantivo ambiguo fueron muestreados y todos exigen adjetivo. Se verifico ademas que ninguna fila mezcla la forma verbal con la adjetiva."
RPM-2008-02-07:1682:1	2008-02-07	Manuel Marfán Lewis	1	ACENTO_INDEBIDO	cambiaría	cambiaria	"cambiaría por cambiaria. La tilde convierte el adjetivo en verbo condicional. Medido en todo el corpus: 241 apariciones con tilde (188 singulares y 53 dentro de ""cambiarías"", que esta regla tambien corrige porque la forma larga contiene a la corta). SOLO 3 son el condicional legitimo y sus filas quedan excluidas: ""cuanto cambiaria la estimacion"" (2005-12-13:515:1), ""no cambiaria el sesgo"" (2012-03-15:4723:1), ""no cambiaria el comportamiento"" (2014-09-11:6425:1). Las 238 restantes van siempre tras un sustantivo que exige adjetivo (apreciacion 65, depreciacion 55, intervencion 28, ...); los 46 con sustantivo ambiguo fueron muestreados y todos exigen adjetivo. Se verifico ademas que ninguna fila mezcla la forma verbal con la adjetiva."
RPM-2008-02-07:1682:1	2008-02-07	Manuel Marfán Lewis	2	SALTOS_DE_LINEA	ancieras de la crisis subpri me ya están deterior	ancieras de la crisis subprime ya están deterior	"Palabra partida por la justificación del PDF (""subpri me"" por ""subprime""). Medido: 4 apariciones en 4 filas en toda la base; una (1317:1) se corrigió con la ronda 191 y estas son las otras tres. La palabra es inequívoca y está atestiguada: ""subprime"" aparece 58 veces en el corpus. Es el mismo artefacto que ""inmobiliari o"" y que las 35 palabras en letras sueltas de §12."
RPM-2008-02-07:1684:1	2008-02-07	José De Gregorio Rebeco	1	ACENTO_INDEBIDO	cambiaría	cambiaria	"cambiaría por cambiaria. La tilde convierte el adjetivo en verbo condicional. Medido en todo el corpus: 241 apariciones con tilde (188 singulares y 53 dentro de ""cambiarías"", que esta regla tambien corrige porque la forma larga contiene a la corta). SOLO 3 son el condicional legitimo y sus filas quedan excluidas: ""cuanto cambiaria la estimacion"" (2005-12-13:515:1), ""no cambiaria el sesgo"" (2012-03-15:4723:1), ""no cambiaria el comportamiento"" (2014-09-11:6425:1). Las 238 restantes van siempre tras un sustantivo que exige adjetivo (apreciacion 65, depreciacion 55, intervencion 28, ...); los 46 con sustantivo ambiguo fueron muestreados y todos exigen adjetivo. Se verifico ademas que ninguna fila mezcla la forma verbal con la adjetiva."
RPM-2008-03-13:1696:3	2008-03-13	Manuel Marfán Lewis	1	LETRA_CONFUNDIDA	cambiarlo	cambiario	"cambiarlo por cambiario. Misma familia: el OCR puso una l donde va una i. Medido: 60 apariciones, de las cuales 16 son ""cambiarlos"" (la forma larga contiene a la corta, y esta regla las corrige tambien). 6 son el infinitivo legitimo y sus filas quedan excluidas: ""habria que cambiarlos por papeles"" (2006-08-10:812:1), ""hay que cambiarlo"" (2006-11-16:980:1), ""haya que cambiarlo"" (2007-03-15:1146:1), ""no puede cambiarlo"" (2008-08-14:2022:1), ""no hay antecedentes para cambiarlo"" (2010-08-12:3317:1), ""razones para cambiarlo"" (2012-05-17:4843:1). Las 54 restantes son adjetivas: ""el lado cambiarlo"", ""en lo cambiarlo"", ""los mercados financieros y cambiarlos"". Los 11 contextos con palabra funcion delante se revisaron uno por uno."
RPM-2008-03-13:1696:3	2008-03-13	Manuel Marfán Lewis	2	LETRA_CONFUNDIDA	cambiarla	cambiaria	"cambiarla por cambiaria. Misma familia y mismo defecto. Medido: 8 apariciones (todas dentro de ""cambiarlas""), todas adjetivas y revisadas una por una: ""paridades cambiarlas"" 4 veces, ""implicancias cambiarlas"" 2, ""expectativas cambiarlas"" 1, ""coberturas cambiarlas"" 1. ""cambiarias"" ya aparece 19 veces en el corpus."
RPM-2008-03-13:1718:5	2008-03-13	Igal Magendzo Weinberger	1	ACENTO_INDEBIDO	cambiaría	cambiaria	"cambiaría por cambiaria. La tilde convierte el adjetivo en verbo condicional. Medido en todo el corpus: 241 apariciones con tilde (188 singulares y 53 dentro de ""cambiarías"", que esta regla tambien corrige porque la forma larga contiene a la corta). SOLO 3 son el condicional legitimo y sus filas quedan excluidas: ""cuanto cambiaria la estimacion"" (2005-12-13:515:1), ""no cambiaria el sesgo"" (2012-03-15:4723:1), ""no cambiaria el comportamiento"" (2014-09-11:6425:1). Las 238 restantes van siempre tras un sustantivo que exige adjetivo (apreciacion 65, depreciacion 55, intervencion 28, ...); los 46 con sustantivo ambiguo fueron muestreados y todos exigen adjetivo. Se verifico ademas que ninguna fila mezcla la forma verbal con la adjetiva."
RPM-2008-03-13:1721:1	2008-03-13	Pablo García Silva	1	ACENTO_INDEBIDO	cambiaría	cambiaria	"cambiaría por cambiaria. La tilde convierte el adjetivo en verbo condicional. Medido en todo el corpus: 241 apariciones con tilde (188 singulares y 53 dentro de ""cambiarías"", que esta regla tambien corrige porque la forma larga contiene a la corta). SOLO 3 son el condicional legitimo y sus filas quedan excluidas: ""cuanto cambiaria la estimacion"" (2005-12-13:515:1), ""no cambiaria el sesgo"" (2012-03-15:4723:1), ""no cambiaria el comportamiento"" (2014-09-11:6425:1). Las 238 restantes van siempre tras un sustantivo que exige adjetivo (apreciacion 65, depreciacion 55, intervencion 28, ...); los 46 con sustantivo ambiguo fueron muestreados y todos exigen adjetivo. Se verifico ademas que ninguna fila mezcla la forma verbal con la adjetiva."
RPM-2008-03-13:1721:1	2008-03-13	Pablo García Silva	2	LETRA_CONFUNDIDA	cambiarlo	cambiario	"cambiarlo por cambiario. Misma familia: el OCR puso una l donde va una i. Medido: 60 apariciones, de las cuales 16 son ""cambiarlos"" (la forma larga contiene a la corta, y esta regla las corrige tambien). 6 son el infinitivo legitimo y sus filas quedan excluidas: ""habria que cambiarlos por papeles"" (2006-08-10:812:1), ""hay que cambiarlo"" (2006-11-16:980:1), ""haya que cambiarlo"" (2007-03-15:1146:1), ""no puede cambiarlo"" (2008-08-14:2022:1), ""no hay antecedentes para cambiarlo"" (2010-08-12:3317:1), ""razones para cambiarlo"" (2012-05-17:4843:1). Las 54 restantes son adjetivas: ""el lado cambiarlo"", ""en lo cambiarlo"", ""los mercados financieros y cambiarlos"". Los 11 contextos con palabra funcion delante se revisaron uno por uno."
RPM-2008-03-13:1721:1	2008-03-13	Pablo García Silva	3	LETRA_CONFUNDIDA	cambiarla	cambiaria	"cambiarla por cambiaria. Misma familia y mismo defecto. Medido: 8 apariciones (todas dentro de ""cambiarlas""), todas adjetivas y revisadas una por una: ""paridades cambiarlas"" 4 veces, ""implicancias cambiarlas"" 2, ""expectativas cambiarlas"" 1, ""coberturas cambiarlas"" 1. ""cambiarias"" ya aparece 19 veces en el corpus."
RPM-2008-03-13:1730:1	2008-03-13	Sebastián Claro Edwards	1	ACENTO_INDEBIDO	cambiaría	cambiaria	"cambiaría por cambiaria. La tilde convierte el adjetivo en verbo condicional. Medido en todo el corpus: 241 apariciones con tilde (188 singulares y 53 dentro de ""cambiarías"", que esta regla tambien corrige porque la forma larga contiene a la corta). SOLO 3 son el condicional legitimo y sus filas quedan excluidas: ""cuanto cambiaria la estimacion"" (2005-12-13:515:1), ""no cambiaria el sesgo"" (2012-03-15:4723:1), ""no cambiaria el comportamiento"" (2014-09-11:6425:1). Las 238 restantes van siempre tras un sustantivo que exige adjetivo (apreciacion 65, depreciacion 55, intervencion 28, ...); los 46 con sustantivo ambiguo fueron muestreados y todos exigen adjetivo. Se verifico ademas que ninguna fila mezcla la forma verbal con la adjetiva."
RPM-2008-03-13:1730:1	2008-03-13	Sebastián Claro Edwards	2	LETRA_CONFUNDIDA	cambiarlo	cambiario	"cambiarlo por cambiario. Misma familia: el OCR puso una l donde va una i. Medido: 60 apariciones, de las cuales 16 son ""cambiarlos"" (la forma larga contiene a la corta, y esta regla las corrige tambien). 6 son el infinitivo legitimo y sus filas quedan excluidas: ""habria que cambiarlos por papeles"" (2006-08-10:812:1), ""hay que cambiarlo"" (2006-11-16:980:1), ""haya que cambiarlo"" (2007-03-15:1146:1), ""no puede cambiarlo"" (2008-08-14:2022:1), ""no hay antecedentes para cambiarlo"" (2010-08-12:3317:1), ""razones para cambiarlo"" (2012-05-17:4843:1). Las 54 restantes son adjetivas: ""el lado cambiarlo"", ""en lo cambiarlo"", ""los mercados financieros y cambiarlos"". Los 11 contextos con palabra funcion delante se revisaron uno por uno."
RPM-2008-03-13:1731:2	2008-03-13	Manuel Marfán Lewis	1	LETRA_CONFUNDIDA	cambiarlo	cambiario	"cambiarlo por cambiario. Misma familia: el OCR puso una l donde va una i. Medido: 60 apariciones, de las cuales 16 son ""cambiarlos"" (la forma larga contiene a la corta, y esta regla las corrige tambien). 6 son el infinitivo legitimo y sus filas quedan excluidas: ""habria que cambiarlos por papeles"" (2006-08-10:812:1), ""hay que cambiarlo"" (2006-11-16:980:1), ""haya que cambiarlo"" (2007-03-15:1146:1), ""no puede cambiarlo"" (2008-08-14:2022:1), ""no hay antecedentes para cambiarlo"" (2010-08-12:3317:1), ""razones para cambiarlo"" (2012-05-17:4843:1). Las 54 restantes son adjetivas: ""el lado cambiarlo"", ""en lo cambiarlo"", ""los mercados financieros y cambiarlos"". Los 11 contextos con palabra funcion delante se revisaron uno por uno."
RPM-2008-03-13:1731:2	2008-03-13	Manuel Marfán Lewis	2	ACENTO_INDEBIDO	cambiaría	cambiaria	"cambiaría por cambiaria. La tilde convierte el adjetivo en verbo condicional. Medido en todo el corpus: 241 apariciones con tilde (188 singulares y 53 dentro de ""cambiarías"", que esta regla tambien corrige porque la forma larga contiene a la corta). SOLO 3 son el condicional legitimo y sus filas quedan excluidas: ""cuanto cambiaria la estimacion"" (2005-12-13:515:1), ""no cambiaria el sesgo"" (2012-03-15:4723:1), ""no cambiaria el comportamiento"" (2014-09-11:6425:1). Las 238 restantes van siempre tras un sustantivo que exige adjetivo (apreciacion 65, depreciacion 55, intervencion 28, ...); los 46 con sustantivo ambiguo fueron muestreados y todos exigen adjetivo. Se verifico ademas que ninguna fila mezcla la forma verbal con la adjetiva."
RPM-2008-03-13:1734:1	2008-03-13	Jorge Desormeaux Jiménez	1	ACENTO_INDEBIDO	cambiaría	cambiaria	"cambiaría por cambiaria. La tilde convierte el adjetivo en verbo condicional. Medido en todo el corpus: 241 apariciones con tilde (188 singulares y 53 dentro de ""cambiarías"", que esta regla tambien corrige porque la forma larga contiene a la corta). SOLO 3 son el condicional legitimo y sus filas quedan excluidas: ""cuanto cambiaria la estimacion"" (2005-12-13:515:1), ""no cambiaria el sesgo"" (2012-03-15:4723:1), ""no cambiaria el comportamiento"" (2014-09-11:6425:1). Las 238 restantes van siempre tras un sustantivo que exige adjetivo (apreciacion 65, depreciacion 55, intervencion 28, ...); los 46 con sustantivo ambiguo fueron muestreados y todos exigen adjetivo. Se verifico ademas que ninguna fila mezcla la forma verbal con la adjetiva."
RPM-2008-03-13:1735:1	2008-03-13	José De Gregorio Rebeco	1	ACENTO_INDEBIDO	cambiaría	cambiaria	"cambiaría por cambiaria. La tilde convierte el adjetivo en verbo condicional. Medido en todo el corpus: 241 apariciones con tilde (188 singulares y 53 dentro de ""cambiarías"", que esta regla tambien corrige porque la forma larga contiene a la corta). SOLO 3 son el condicional legitimo y sus filas quedan excluidas: ""cuanto cambiaria la estimacion"" (2005-12-13:515:1), ""no cambiaria el sesgo"" (2012-03-15:4723:1), ""no cambiaria el comportamiento"" (2014-09-11:6425:1). Las 238 restantes van siempre tras un sustantivo que exige adjetivo (apreciacion 65, depreciacion 55, intervencion 28, ...); los 46 con sustantivo ambiguo fueron muestreados y todos exigen adjetivo. Se verifico ademas que ninguna fila mezcla la forma verbal con la adjetiva."
RPM-2008-03-13:1737:3	2008-03-13	Pablo García Silva	1	ACENTO_INDEBIDO	cambiaría	cambiaria	"cambiaría por cambiaria. La tilde convierte el adjetivo en verbo condicional. Medido en todo el corpus: 241 apariciones con tilde (188 singulares y 53 dentro de ""cambiarías"", que esta regla tambien corrige porque la forma larga contiene a la corta). SOLO 3 son el condicional legitimo y sus filas quedan excluidas: ""cuanto cambiaria la estimacion"" (2005-12-13:515:1), ""no cambiaria el sesgo"" (2012-03-15:4723:1), ""no cambiaria el comportamiento"" (2014-09-11:6425:1). Las 238 restantes van siempre tras un sustantivo que exige adjetivo (apreciacion 65, depreciacion 55, intervencion 28, ...); los 46 con sustantivo ambiguo fueron muestreados y todos exigen adjetivo. Se verifico ademas que ninguna fila mezcla la forma verbal con la adjetiva."
RPM-2008-03-13:1743:1	2008-03-13	Consejo del Banco Central de Chile	1	ACENTO_INDEBIDO	cambiaría	cambiaria	"cambiaría por cambiaria. La tilde convierte el adjetivo en verbo condicional. Medido en todo el corpus: 241 apariciones con tilde (188 singulares y 53 dentro de ""cambiarías"", que esta regla tambien corrige porque la forma larga contiene a la corta). SOLO 3 son el condicional legitimo y sus filas quedan excluidas: ""cuanto cambiaria la estimacion"" (2005-12-13:515:1), ""no cambiaria el sesgo"" (2012-03-15:4723:1), ""no cambiaria el comportamiento"" (2014-09-11:6425:1). Las 238 restantes van siempre tras un sustantivo que exige adjetivo (apreciacion 65, depreciacion 55, intervencion 28, ...); los 46 con sustantivo ambiguo fueron muestreados y todos exigen adjetivo. Se verifico ademas que ninguna fila mezcla la forma verbal con la adjetiva."
RPM-2008-03-13:1743:1	2008-03-13	Consejo del Banco Central de Chile	2	PUNTUACION	""""	”	Comilla recta que cierra una comilla curva: el par esta desbalanceado en el propio texto, de modo que el defecto queda demostrado sin recurrir al PDF. Medido en todo el corpus: 123 comillas rectas, de las cuales 57 forman par mixto con una curva (51 cierran una apertura “ y 6 abren donde el cierre es ”) y se corrigen; 57 forman pares enteramente rectos y no se tocan porque no hay desequilibrio que pruebe el defecto; 9 quedan huerfanas y se tratan aparte.
RPM-2008-04-10:1774:1	2008-04-10	Pablo García Silva	1	LETRA_CONFUNDIDA	cambiarla	cambiaria	"cambiarla por cambiaria. Misma familia y mismo defecto. Medido: 8 apariciones (todas dentro de ""cambiarlas""), todas adjetivas y revisadas una por una: ""paridades cambiarlas"" 4 veces, ""implicancias cambiarlas"" 2, ""expectativas cambiarlas"" 1, ""coberturas cambiarlas"" 1. ""cambiarias"" ya aparece 19 veces en el corpus."
RPM-2008-04-10:1774:1	2008-04-10	Pablo García Silva	2	ACENTO_INDEBIDO	cambiaría	cambiaria	"cambiaría por cambiaria. La tilde convierte el adjetivo en verbo condicional. Medido en todo el corpus: 241 apariciones con tilde (188 singulares y 53 dentro de ""cambiarías"", que esta regla tambien corrige porque la forma larga contiene a la corta). SOLO 3 son el condicional legitimo y sus filas quedan excluidas: ""cuanto cambiaria la estimacion"" (2005-12-13:515:1), ""no cambiaria el sesgo"" (2012-03-15:4723:1), ""no cambiaria el comportamiento"" (2014-09-11:6425:1). Las 238 restantes van siempre tras un sustantivo que exige adjetivo (apreciacion 65, depreciacion 55, intervencion 28, ...); los 46 con sustantivo ambiguo fueron muestreados y todos exigen adjetivo. Se verifico ademas que ninguna fila mezcla la forma verbal con la adjetiva."
RPM-2008-04-10:1780:1	2008-04-10	Sebastián Claro Edwards	1	ACENTO_INDEBIDO	cambiaría	cambiaria	"cambiaría por cambiaria. La tilde convierte el adjetivo en verbo condicional. Medido en todo el corpus: 241 apariciones con tilde (188 singulares y 53 dentro de ""cambiarías"", que esta regla tambien corrige porque la forma larga contiene a la corta). SOLO 3 son el condicional legitimo y sus filas quedan excluidas: ""cuanto cambiaria la estimacion"" (2005-12-13:515:1), ""no cambiaria el sesgo"" (2012-03-15:4723:1), ""no cambiaria el comportamiento"" (2014-09-11:6425:1). Las 238 restantes van siempre tras un sustantivo que exige adjetivo (apreciacion 65, depreciacion 55, intervencion 28, ...); los 46 con sustantivo ambiguo fueron muestreados y todos exigen adjetivo. Se verifico ademas que ninguna fila mezcla la forma verbal con la adjetiva."
RPM-2008-04-10:1781:1	2008-04-10	Enrique Marshall Rivera	1	LETRA_CONFUNDIDA	cambiarla	cambiaria	"cambiarla por cambiaria. Misma familia y mismo defecto. Medido: 8 apariciones (todas dentro de ""cambiarlas""), todas adjetivas y revisadas una por una: ""paridades cambiarlas"" 4 veces, ""implicancias cambiarlas"" 2, ""expectativas cambiarlas"" 1, ""coberturas cambiarlas"" 1. ""cambiarias"" ya aparece 19 veces en el corpus."
RPM-2008-04-10:1785:1	2008-04-10	Consejo del Banco Central de Chile	1	ACENTO_INDEBIDO	cambiaría	cambiaria	"cambiaría por cambiaria. La tilde convierte el adjetivo en verbo condicional. Medido en todo el corpus: 241 apariciones con tilde (188 singulares y 53 dentro de ""cambiarías"", que esta regla tambien corrige porque la forma larga contiene a la corta). SOLO 3 son el condicional legitimo y sus filas quedan excluidas: ""cuanto cambiaria la estimacion"" (2005-12-13:515:1), ""no cambiaria el sesgo"" (2012-03-15:4723:1), ""no cambiaria el comportamiento"" (2014-09-11:6425:1). Las 238 restantes van siempre tras un sustantivo que exige adjetivo (apreciacion 65, depreciacion 55, intervencion 28, ...); los 46 con sustantivo ambiguo fueron muestreados y todos exigen adjetivo. Se verifico ademas que ninguna fila mezcla la forma verbal con la adjetiva."
RPM-2008-05-08:1837:1	2008-05-08	Manuel Marfán Lewis	1	ACENTO_INDEBIDO	cambiaría	cambiaria	"cambiaría por cambiaria. La tilde convierte el adjetivo en verbo condicional. Medido en todo el corpus: 241 apariciones con tilde (188 singulares y 53 dentro de ""cambiarías"", que esta regla tambien corrige porque la forma larga contiene a la corta). SOLO 3 son el condicional legitimo y sus filas quedan excluidas: ""cuanto cambiaria la estimacion"" (2005-12-13:515:1), ""no cambiaria el sesgo"" (2012-03-15:4723:1), ""no cambiaria el comportamiento"" (2014-09-11:6425:1). Las 238 restantes van siempre tras un sustantivo que exige adjetivo (apreciacion 65, depreciacion 55, intervencion 28, ...); los 46 con sustantivo ambiguo fueron muestreados y todos exigen adjetivo. Se verifico ademas que ninguna fila mezcla la forma verbal con la adjetiva."
RPM-2008-05-08:1839:1	2008-05-08	Pablo García Silva	1	LETRA_CONFUNDIDA	cambiarla	cambiaria	"cambiarla por cambiaria. Misma familia y mismo defecto. Medido: 8 apariciones (todas dentro de ""cambiarlas""), todas adjetivas y revisadas una por una: ""paridades cambiarlas"" 4 veces, ""implicancias cambiarlas"" 2, ""expectativas cambiarlas"" 1, ""coberturas cambiarlas"" 1. ""cambiarias"" ya aparece 19 veces en el corpus."
RPM-2008-05-08:1839:1	2008-05-08	Pablo García Silva	2	ACENTO_INDEBIDO	cambiaría	cambiaria	"cambiaría por cambiaria. La tilde convierte el adjetivo en verbo condicional. Medido en todo el corpus: 241 apariciones con tilde (188 singulares y 53 dentro de ""cambiarías"", que esta regla tambien corrige porque la forma larga contiene a la corta). SOLO 3 son el condicional legitimo y sus filas quedan excluidas: ""cuanto cambiaria la estimacion"" (2005-12-13:515:1), ""no cambiaria el sesgo"" (2012-03-15:4723:1), ""no cambiaria el comportamiento"" (2014-09-11:6425:1). Las 238 restantes van siempre tras un sustantivo que exige adjetivo (apreciacion 65, depreciacion 55, intervencion 28, ...); los 46 con sustantivo ambiguo fueron muestreados y todos exigen adjetivo. Se verifico ademas que ninguna fila mezcla la forma verbal con la adjetiva."
RPM-2008-05-08:1846:1	2008-05-08	Manuel Marfán Lewis	1	LETRA_CONFUNDIDA	cambiarlo	cambiario	"cambiarlo por cambiario. Misma familia: el OCR puso una l donde va una i. Medido: 60 apariciones, de las cuales 16 son ""cambiarlos"" (la forma larga contiene a la corta, y esta regla las corrige tambien). 6 son el infinitivo legitimo y sus filas quedan excluidas: ""habria que cambiarlos por papeles"" (2006-08-10:812:1), ""hay que cambiarlo"" (2006-11-16:980:1), ""haya que cambiarlo"" (2007-03-15:1146:1), ""no puede cambiarlo"" (2008-08-14:2022:1), ""no hay antecedentes para cambiarlo"" (2010-08-12:3317:1), ""razones para cambiarlo"" (2012-05-17:4843:1). Las 54 restantes son adjetivas: ""el lado cambiarlo"", ""en lo cambiarlo"", ""los mercados financieros y cambiarlos"". Los 11 contextos con palabra funcion delante se revisaron uno por uno."
RPM-2008-07-10:1932:3	2008-07-10	Andrés Velasco Brañes	1	LETRA_CONFUNDIDA	cambiarlo	cambiario	"cambiarlo por cambiario. Misma familia: el OCR puso una l donde va una i. Medido: 60 apariciones, de las cuales 16 son ""cambiarlos"" (la forma larga contiene a la corta, y esta regla las corrige tambien). 6 son el infinitivo legitimo y sus filas quedan excluidas: ""habria que cambiarlos por papeles"" (2006-08-10:812:1), ""hay que cambiarlo"" (2006-11-16:980:1), ""haya que cambiarlo"" (2007-03-15:1146:1), ""no puede cambiarlo"" (2008-08-14:2022:1), ""no hay antecedentes para cambiarlo"" (2010-08-12:3317:1), ""razones para cambiarlo"" (2012-05-17:4843:1). Las 54 restantes son adjetivas: ""el lado cambiarlo"", ""en lo cambiarlo"", ""los mercados financieros y cambiarlos"". Los 11 contextos con palabra funcion delante se revisaron uno por uno."
RPM-2008-07-10:1956:1	2008-07-10	Andrés Velasco Brañes	1	LETRA_CONFUNDIDA	cambiarlo	cambiario	"cambiarlo por cambiario. Misma familia: el OCR puso una l donde va una i. Medido: 60 apariciones, de las cuales 16 son ""cambiarlos"" (la forma larga contiene a la corta, y esta regla las corrige tambien). 6 son el infinitivo legitimo y sus filas quedan excluidas: ""habria que cambiarlos por papeles"" (2006-08-10:812:1), ""hay que cambiarlo"" (2006-11-16:980:1), ""haya que cambiarlo"" (2007-03-15:1146:1), ""no puede cambiarlo"" (2008-08-14:2022:1), ""no hay antecedentes para cambiarlo"" (2010-08-12:3317:1), ""razones para cambiarlo"" (2012-05-17:4843:1). Las 54 restantes son adjetivas: ""el lado cambiarlo"", ""en lo cambiarlo"", ""los mercados financieros y cambiarlos"". Los 11 contextos con palabra funcion delante se revisaron uno por uno."
RPM-2008-08-14:1995:1	2008-08-14	Jorge Desormeaux Jiménez	1	ACENTO_INDEBIDO	cambiaría	cambiaria	"cambiaría por cambiaria. La tilde convierte el adjetivo en verbo condicional. Medido en todo el corpus: 241 apariciones con tilde (188 singulares y 53 dentro de ""cambiarías"", que esta regla tambien corrige porque la forma larga contiene a la corta). SOLO 3 son el condicional legitimo y sus filas quedan excluidas: ""cuanto cambiaria la estimacion"" (2005-12-13:515:1), ""no cambiaria el sesgo"" (2012-03-15:4723:1), ""no cambiaria el comportamiento"" (2014-09-11:6425:1). Las 238 restantes van siempre tras un sustantivo que exige adjetivo (apreciacion 65, depreciacion 55, intervencion 28, ...); los 46 con sustantivo ambiguo fueron muestreados y todos exigen adjetivo. Se verifico ademas que ninguna fila mezcla la forma verbal con la adjetiva."
RPM-2008-08-14:2033:1	2008-08-14	Andrés Velasco Brañes	1	ACENTO_INDEBIDO	cambiaría	cambiaria	"cambiaría por cambiaria. La tilde convierte el adjetivo en verbo condicional. Medido en todo el corpus: 241 apariciones con tilde (188 singulares y 53 dentro de ""cambiarías"", que esta regla tambien corrige porque la forma larga contiene a la corta). SOLO 3 son el condicional legitimo y sus filas quedan excluidas: ""cuanto cambiaria la estimacion"" (2005-12-13:515:1), ""no cambiaria el sesgo"" (2012-03-15:4723:1), ""no cambiaria el comportamiento"" (2014-09-11:6425:1). Las 238 restantes van siempre tras un sustantivo que exige adjetivo (apreciacion 65, depreciacion 55, intervencion 28, ...); los 46 con sustantivo ambiguo fueron muestreados y todos exigen adjetivo. Se verifico ademas que ninguna fila mezcla la forma verbal con la adjetiva."
RPM-2008-11-13:2141:2	2008-11-13	Manuel Marfán Lewis	1	LETRA_CONFUNDIDA	cambiarla	cambiaria	"cambiarla por cambiaria. Misma familia y mismo defecto. Medido: 8 apariciones (todas dentro de ""cambiarlas""), todas adjetivas y revisadas una por una: ""paridades cambiarlas"" 4 veces, ""implicancias cambiarlas"" 2, ""expectativas cambiarlas"" 1, ""coberturas cambiarlas"" 1. ""cambiarias"" ya aparece 19 veces en el corpus."
RPM-2008-11-13:2145:1	2008-11-13	Pablo García Silva	1	LETRA_CONFUNDIDA	cambiarlo	cambiario	"cambiarlo por cambiario. Misma familia: el OCR puso una l donde va una i. Medido: 60 apariciones, de las cuales 16 son ""cambiarlos"" (la forma larga contiene a la corta, y esta regla las corrige tambien). 6 son el infinitivo legitimo y sus filas quedan excluidas: ""habria que cambiarlos por papeles"" (2006-08-10:812:1), ""hay que cambiarlo"" (2006-11-16:980:1), ""haya que cambiarlo"" (2007-03-15:1146:1), ""no puede cambiarlo"" (2008-08-14:2022:1), ""no hay antecedentes para cambiarlo"" (2010-08-12:3317:1), ""razones para cambiarlo"" (2012-05-17:4843:1). Las 54 restantes son adjetivas: ""el lado cambiarlo"", ""en lo cambiarlo"", ""los mercados financieros y cambiarlos"". Los 11 contextos con palabra funcion delante se revisaron uno por uno."
RPM-2008-11-13:2159:1	2008-11-13	Pablo García Silva	1	LETRA_CONFUNDIDA	cambiarlo	cambiario	"cambiarlo por cambiario. Misma familia: el OCR puso una l donde va una i. Medido: 60 apariciones, de las cuales 16 son ""cambiarlos"" (la forma larga contiene a la corta, y esta regla las corrige tambien). 6 son el infinitivo legitimo y sus filas quedan excluidas: ""habria que cambiarlos por papeles"" (2006-08-10:812:1), ""hay que cambiarlo"" (2006-11-16:980:1), ""haya que cambiarlo"" (2007-03-15:1146:1), ""no puede cambiarlo"" (2008-08-14:2022:1), ""no hay antecedentes para cambiarlo"" (2010-08-12:3317:1), ""razones para cambiarlo"" (2012-05-17:4843:1). Las 54 restantes son adjetivas: ""el lado cambiarlo"", ""en lo cambiarlo"", ""los mercados financieros y cambiarlos"". Los 11 contextos con palabra funcion delante se revisaron uno por uno."
RPM-2008-11-13:2166:2	2008-11-13	Sebastián Claro Edwards	1	ACENTO_INDEBIDO	cambiaría	cambiaria	"cambiaría por cambiaria. La tilde convierte el adjetivo en verbo condicional. Medido en todo el corpus: 241 apariciones con tilde (188 singulares y 53 dentro de ""cambiarías"", que esta regla tambien corrige porque la forma larga contiene a la corta). SOLO 3 son el condicional legitimo y sus filas quedan excluidas: ""cuanto cambiaria la estimacion"" (2005-12-13:515:1), ""no cambiaria el sesgo"" (2012-03-15:4723:1), ""no cambiaria el comportamiento"" (2014-09-11:6425:1). Las 238 restantes van siempre tras un sustantivo que exige adjetivo (apreciacion 65, depreciacion 55, intervencion 28, ...); los 46 con sustantivo ambiguo fueron muestreados y todos exigen adjetivo. Se verifico ademas que ninguna fila mezcla la forma verbal con la adjetiva."
RPM-2008-11-13:2171:1	2008-11-13	José De Gregorio Rebeco	1	ACENTO_INDEBIDO	cambiaría	cambiaria	"cambiaría por cambiaria. La tilde convierte el adjetivo en verbo condicional. Medido en todo el corpus: 241 apariciones con tilde (188 singulares y 53 dentro de ""cambiarías"", que esta regla tambien corrige porque la forma larga contiene a la corta). SOLO 3 son el condicional legitimo y sus filas quedan excluidas: ""cuanto cambiaria la estimacion"" (2005-12-13:515:1), ""no cambiaria el sesgo"" (2012-03-15:4723:1), ""no cambiaria el comportamiento"" (2014-09-11:6425:1). Las 238 restantes van siempre tras un sustantivo que exige adjetivo (apreciacion 65, depreciacion 55, intervencion 28, ...); los 46 con sustantivo ambiguo fueron muestreados y todos exigen adjetivo. Se verifico ademas que ninguna fila mezcla la forma verbal con la adjetiva."
RPM-2008-12-11:2200:1	2008-12-11	José De Gregorio Rebeco	1	LETRA_CONFUNDIDA	cambiarlo	cambiario	"cambiarlo por cambiario. Misma familia: el OCR puso una l donde va una i. Medido: 60 apariciones, de las cuales 16 son ""cambiarlos"" (la forma larga contiene a la corta, y esta regla las corrige tambien). 6 son el infinitivo legitimo y sus filas quedan excluidas: ""habria que cambiarlos por papeles"" (2006-08-10:812:1), ""hay que cambiarlo"" (2006-11-16:980:1), ""haya que cambiarlo"" (2007-03-15:1146:1), ""no puede cambiarlo"" (2008-08-14:2022:1), ""no hay antecedentes para cambiarlo"" (2010-08-12:3317:1), ""razones para cambiarlo"" (2012-05-17:4843:1). Las 54 restantes son adjetivas: ""el lado cambiarlo"", ""en lo cambiarlo"", ""los mercados financieros y cambiarlos"". Los 11 contextos con palabra funcion delante se revisaron uno por uno."
RPM-2008-12-11:2200:1	2008-12-11	José De Gregorio Rebeco	2	PUNTUACION	""""	”	Comilla recta que cierra una comilla curva: el par esta desbalanceado en el propio texto, de modo que el defecto queda demostrado sin recurrir al PDF. Medido en todo el corpus: 123 comillas rectas, de las cuales 57 forman par mixto con una curva (51 cierran una apertura “ y 6 abren donde el cierre es ”) y se corrigen; 57 forman pares enteramente rectos y no se tocan porque no hay desequilibrio que pruebe el defecto; 9 quedan huerfanas y se tratan aparte.
RPM-2008-12-11:2200:1	2008-12-11	José De Gregorio Rebeco	3	LETRA_CONFUNDIDA	mist que señala que ios países con gast	mist que señala que los países con gast	"""ios"" por ""los"": la l se leyo como i, la misma regla que produce ""ai"" por ""al"" (§12). Medido: 90 apariciones en 88 filas contra 32.215 de ""los"". ""ios"" no es palabra del español. Se comprobo la palabra que precede a las 90 y en todas corresponde un articulo: de 25, en 14, que 12, a 9, para 5, todos 3, con 2, y 2, por 2, y el resto tras cuando, durante, analizan, septiembre, o una comilla de apertura."
RPM-2008-12-11:2238:1	2008-12-11	Pablo García Silva	1	LETRA_CONFUNDIDA	cambiarlo	cambiario	"cambiarlo por cambiario. Misma familia: el OCR puso una l donde va una i. Medido: 60 apariciones, de las cuales 16 son ""cambiarlos"" (la forma larga contiene a la corta, y esta regla las corrige tambien). 6 son el infinitivo legitimo y sus filas quedan excluidas: ""habria que cambiarlos por papeles"" (2006-08-10:812:1), ""hay que cambiarlo"" (2006-11-16:980:1), ""haya que cambiarlo"" (2007-03-15:1146:1), ""no puede cambiarlo"" (2008-08-14:2022:1), ""no hay antecedentes para cambiarlo"" (2010-08-12:3317:1), ""razones para cambiarlo"" (2012-05-17:4843:1). Las 54 restantes son adjetivas: ""el lado cambiarlo"", ""en lo cambiarlo"", ""los mercados financieros y cambiarlos"". Los 11 contextos con palabra funcion delante se revisaron uno por uno."
RPM-2008-12-11:2251:1	2008-12-11	Manuel Marfán Lewis	1	ACENTO_INDEBIDO	cambiaría	cambiaria	"cambiaría por cambiaria. La tilde convierte el adjetivo en verbo condicional. Medido en todo el corpus: 241 apariciones con tilde (188 singulares y 53 dentro de ""cambiarías"", que esta regla tambien corrige porque la forma larga contiene a la corta). SOLO 3 son el condicional legitimo y sus filas quedan excluidas: ""cuanto cambiaria la estimacion"" (2005-12-13:515:1), ""no cambiaria el sesgo"" (2012-03-15:4723:1), ""no cambiaria el comportamiento"" (2014-09-11:6425:1). Las 238 restantes van siempre tras un sustantivo que exige adjetivo (apreciacion 65, depreciacion 55, intervencion 28, ...); los 46 con sustantivo ambiguo fueron muestreados y todos exigen adjetivo. Se verifico ademas que ninguna fila mezcla la forma verbal con la adjetiva."
RPM-2008-12-11:2252:1	2008-12-11	Jorge Desormeaux Jiménez	1	ACENTO_INDEBIDO	cambiaría	cambiaria	"cambiaría por cambiaria. La tilde convierte el adjetivo en verbo condicional. Medido en todo el corpus: 241 apariciones con tilde (188 singulares y 53 dentro de ""cambiarías"", que esta regla tambien corrige porque la forma larga contiene a la corta). SOLO 3 son el condicional legitimo y sus filas quedan excluidas: ""cuanto cambiaria la estimacion"" (2005-12-13:515:1), ""no cambiaria el sesgo"" (2012-03-15:4723:1), ""no cambiaria el comportamiento"" (2014-09-11:6425:1). Las 238 restantes van siempre tras un sustantivo que exige adjetivo (apreciacion 65, depreciacion 55, intervencion 28, ...); los 46 con sustantivo ambiguo fueron muestreados y todos exigen adjetivo. Se verifico ademas que ninguna fila mezcla la forma verbal con la adjetiva."
RPM-2009-01-08:2261:1	2009-01-08	Claudio Soto Gamboa	1	ACENTO_INDEBIDO	cambiaría	cambiaria	"cambiaría por cambiaria. La tilde convierte el adjetivo en verbo condicional. Medido en todo el corpus: 241 apariciones con tilde (188 singulares y 53 dentro de ""cambiarías"", que esta regla tambien corrige porque la forma larga contiene a la corta). SOLO 3 son el condicional legitimo y sus filas quedan excluidas: ""cuanto cambiaria la estimacion"" (2005-12-13:515:1), ""no cambiaria el sesgo"" (2012-03-15:4723:1), ""no cambiaria el comportamiento"" (2014-09-11:6425:1). Las 238 restantes van siempre tras un sustantivo que exige adjetivo (apreciacion 65, depreciacion 55, intervencion 28, ...); los 46 con sustantivo ambiguo fueron muestreados y todos exigen adjetivo. Se verifico ademas que ninguna fila mezcla la forma verbal con la adjetiva."
RPM-2009-01-08:2261:1	2009-01-08	Claudio Soto Gamboa	2	LETRA_CONFUNDIDA	estabilidad de prec ios y la sostenibil	estabilidad de prec los y la sostenibil	"""ios"" por ""los"": la l se leyo como i, la misma regla que produce ""ai"" por ""al"" (§12). Medido: 90 apariciones en 88 filas contra 32.215 de ""los"". ""ios"" no es palabra del español. Se comprobo la palabra que precede a las 90 y en todas corresponde un articulo: de 25, en 14, que 12, a 9, para 5, todos 3, con 2, y 2, por 2, y el resto tras cuando, durante, analizan, septiembre, o una comilla de apertura."
RPM-2009-01-08:2295:1	2009-01-08	Manuel Marfán Lewis	1	LETRA_CONFUNDIDA	cambiarlo	cambiario	"cambiarlo por cambiario. Misma familia: el OCR puso una l donde va una i. Medido: 60 apariciones, de las cuales 16 son ""cambiarlos"" (la forma larga contiene a la corta, y esta regla las corrige tambien). 6 son el infinitivo legitimo y sus filas quedan excluidas: ""habria que cambiarlos por papeles"" (2006-08-10:812:1), ""hay que cambiarlo"" (2006-11-16:980:1), ""haya que cambiarlo"" (2007-03-15:1146:1), ""no puede cambiarlo"" (2008-08-14:2022:1), ""no hay antecedentes para cambiarlo"" (2010-08-12:3317:1), ""razones para cambiarlo"" (2012-05-17:4843:1). Las 54 restantes son adjetivas: ""el lado cambiarlo"", ""en lo cambiarlo"", ""los mercados financieros y cambiarlos"". Los 11 contextos con palabra funcion delante se revisaron uno por uno."
RPM-2009-01-08:2295:1	2009-01-08	Manuel Marfán Lewis	2	PUNTUACION	""""	”	Comilla recta que cierra una comilla curva: el par esta desbalanceado en el propio texto, de modo que el defecto queda demostrado sin recurrir al PDF. Medido en todo el corpus: 123 comillas rectas, de las cuales 57 forman par mixto con una curva (51 cierran una apertura “ y 6 abren donde el cierre es ”) y se corrigen; 57 forman pares enteramente rectos y no se tocan porque no hay desequilibrio que pruebe el defecto; 9 quedan huerfanas y se tratan aparte.
RPM-2009-07-09:2631:1	2009-07-09	Andrés Velasco Brañes	1	ACENTO_INDEBIDO	cambiaría	cambiaria	"cambiaría por cambiaria. La tilde convierte el adjetivo en verbo condicional. Medido en todo el corpus: 241 apariciones con tilde (188 singulares y 53 dentro de ""cambiarías"", que esta regla tambien corrige porque la forma larga contiene a la corta). SOLO 3 son el condicional legitimo y sus filas quedan excluidas: ""cuanto cambiaria la estimacion"" (2005-12-13:515:1), ""no cambiaria el sesgo"" (2012-03-15:4723:1), ""no cambiaria el comportamiento"" (2014-09-11:6425:1). Las 238 restantes van siempre tras un sustantivo que exige adjetivo (apreciacion 65, depreciacion 55, intervencion 28, ...); los 46 con sustantivo ambiguo fueron muestreados y todos exigen adjetivo. Se verifico ademas que ninguna fila mezcla la forma verbal con la adjetiva."
RPM-2009-07-09:2641:1	2009-07-09	Pablo García Silva	1	ACENTO_INDEBIDO	cambiaría	cambiaria	"cambiaría por cambiaria. La tilde convierte el adjetivo en verbo condicional. Medido en todo el corpus: 241 apariciones con tilde (188 singulares y 53 dentro de ""cambiarías"", que esta regla tambien corrige porque la forma larga contiene a la corta). SOLO 3 son el condicional legitimo y sus filas quedan excluidas: ""cuanto cambiaria la estimacion"" (2005-12-13:515:1), ""no cambiaria el sesgo"" (2012-03-15:4723:1), ""no cambiaria el comportamiento"" (2014-09-11:6425:1). Las 238 restantes van siempre tras un sustantivo que exige adjetivo (apreciacion 65, depreciacion 55, intervencion 28, ...); los 46 con sustantivo ambiguo fueron muestreados y todos exigen adjetivo. Se verifico ademas que ninguna fila mezcla la forma verbal con la adjetiva."
RPM-2009-07-09:2649:1	2009-07-09	Sebastián Claro Edwards	1	ACENTO_INDEBIDO	cambiaría	cambiaria	"cambiaría por cambiaria. La tilde convierte el adjetivo en verbo condicional. Medido en todo el corpus: 241 apariciones con tilde (188 singulares y 53 dentro de ""cambiarías"", que esta regla tambien corrige porque la forma larga contiene a la corta). SOLO 3 son el condicional legitimo y sus filas quedan excluidas: ""cuanto cambiaria la estimacion"" (2005-12-13:515:1), ""no cambiaria el sesgo"" (2012-03-15:4723:1), ""no cambiaria el comportamiento"" (2014-09-11:6425:1). Las 238 restantes van siempre tras un sustantivo que exige adjetivo (apreciacion 65, depreciacion 55, intervencion 28, ...); los 46 con sustantivo ambiguo fueron muestreados y todos exigen adjetivo. Se verifico ademas que ninguna fila mezcla la forma verbal con la adjetiva."
RPM-2009-08-13:2685:1	2009-08-13	Sebastián Claro Edwards	1	LETRA_CONFUNDIDA	cambiarlo	cambiario	"cambiarlo por cambiario. Misma familia: el OCR puso una l donde va una i. Medido: 60 apariciones, de las cuales 16 son ""cambiarlos"" (la forma larga contiene a la corta, y esta regla las corrige tambien). 6 son el infinitivo legitimo y sus filas quedan excluidas: ""habria que cambiarlos por papeles"" (2006-08-10:812:1), ""hay que cambiarlo"" (2006-11-16:980:1), ""haya que cambiarlo"" (2007-03-15:1146:1), ""no puede cambiarlo"" (2008-08-14:2022:1), ""no hay antecedentes para cambiarlo"" (2010-08-12:3317:1), ""razones para cambiarlo"" (2012-05-17:4843:1). Las 54 restantes son adjetivas: ""el lado cambiarlo"", ""en lo cambiarlo"", ""los mercados financieros y cambiarlos"". Los 11 contextos con palabra funcion delante se revisaron uno por uno."
RPM-2009-09-08:2708:1	2009-09-08	Enrique Marshall Rivera	1	LETRA_CONFUNDIDA	cambiarlo	cambiario	"cambiarlo por cambiario. Misma familia: el OCR puso una l donde va una i. Medido: 60 apariciones, de las cuales 16 son ""cambiarlos"" (la forma larga contiene a la corta, y esta regla las corrige tambien). 6 son el infinitivo legitimo y sus filas quedan excluidas: ""habria que cambiarlos por papeles"" (2006-08-10:812:1), ""hay que cambiarlo"" (2006-11-16:980:1), ""haya que cambiarlo"" (2007-03-15:1146:1), ""no puede cambiarlo"" (2008-08-14:2022:1), ""no hay antecedentes para cambiarlo"" (2010-08-12:3317:1), ""razones para cambiarlo"" (2012-05-17:4843:1). Las 54 restantes son adjetivas: ""el lado cambiarlo"", ""en lo cambiarlo"", ""los mercados financieros y cambiarlos"". Los 11 contextos con palabra funcion delante se revisaron uno por uno."
RPM-2009-11-12:2765:6	2009-11-12	Sergio Lehmann Beresi	1	LETRA_CONFUNDIDA	cambiarlo	cambiario	"cambiarlo por cambiario. Misma familia: el OCR puso una l donde va una i. Medido: 60 apariciones, de las cuales 16 son ""cambiarlos"" (la forma larga contiene a la corta, y esta regla las corrige tambien). 6 son el infinitivo legitimo y sus filas quedan excluidas: ""habria que cambiarlos por papeles"" (2006-08-10:812:1), ""hay que cambiarlo"" (2006-11-16:980:1), ""haya que cambiarlo"" (2007-03-15:1146:1), ""no puede cambiarlo"" (2008-08-14:2022:1), ""no hay antecedentes para cambiarlo"" (2010-08-12:3317:1), ""razones para cambiarlo"" (2012-05-17:4843:1). Las 54 restantes son adjetivas: ""el lado cambiarlo"", ""en lo cambiarlo"", ""los mercados financieros y cambiarlos"". Los 11 contextos con palabra funcion delante se revisaron uno por uno."
RPM-2009-11-12:2791:1	2009-11-12	Claudio Soto Gamboa	1	ACENTO_INDEBIDO	cambiaría	cambiaria	"cambiaría por cambiaria. La tilde convierte el adjetivo en verbo condicional. Medido en todo el corpus: 241 apariciones con tilde (188 singulares y 53 dentro de ""cambiarías"", que esta regla tambien corrige porque la forma larga contiene a la corta). SOLO 3 son el condicional legitimo y sus filas quedan excluidas: ""cuanto cambiaria la estimacion"" (2005-12-13:515:1), ""no cambiaria el sesgo"" (2012-03-15:4723:1), ""no cambiaria el comportamiento"" (2014-09-11:6425:1). Las 238 restantes van siempre tras un sustantivo que exige adjetivo (apreciacion 65, depreciacion 55, intervencion 28, ...); los 46 con sustantivo ambiguo fueron muestreados y todos exigen adjetivo. Se verifico ademas que ninguna fila mezcla la forma verbal con la adjetiva."
RPM-2010-01-14:2878:1	2010-01-14	Pablo García Silva	1	ACENTO_INDEBIDO	cambiaría	cambiaria	"cambiaría por cambiaria. La tilde convierte el adjetivo en verbo condicional. Medido en todo el corpus: 241 apariciones con tilde (188 singulares y 53 dentro de ""cambiarías"", que esta regla tambien corrige porque la forma larga contiene a la corta). SOLO 3 son el condicional legitimo y sus filas quedan excluidas: ""cuanto cambiaria la estimacion"" (2005-12-13:515:1), ""no cambiaria el sesgo"" (2012-03-15:4723:1), ""no cambiaria el comportamiento"" (2014-09-11:6425:1). Las 238 restantes van siempre tras un sustantivo que exige adjetivo (apreciacion 65, depreciacion 55, intervencion 28, ...); los 46 con sustantivo ambiguo fueron muestreados y todos exigen adjetivo. Se verifico ademas que ninguna fila mezcla la forma verbal con la adjetiva."
RPM-2010-02-11:2949:2	2010-02-11	Kevin Cowan Logan	1	LETRA_CONFUNDIDA	cambiarlo	cambiario	"cambiarlo por cambiario. Misma familia: el OCR puso una l donde va una i. Medido: 60 apariciones, de las cuales 16 son ""cambiarlos"" (la forma larga contiene a la corta, y esta regla las corrige tambien). 6 son el infinitivo legitimo y sus filas quedan excluidas: ""habria que cambiarlos por papeles"" (2006-08-10:812:1), ""hay que cambiarlo"" (2006-11-16:980:1), ""haya que cambiarlo"" (2007-03-15:1146:1), ""no puede cambiarlo"" (2008-08-14:2022:1), ""no hay antecedentes para cambiarlo"" (2010-08-12:3317:1), ""razones para cambiarlo"" (2012-05-17:4843:1). Las 54 restantes son adjetivas: ""el lado cambiarlo"", ""en lo cambiarlo"", ""los mercados financieros y cambiarlos"". Los 11 contextos con palabra funcion delante se revisaron uno por uno."
RPM-2010-02-11:2959:1	2010-02-11	Pablo García Silva	1	ACENTO_INDEBIDO	cambiaría	cambiaria	"cambiaría por cambiaria. La tilde convierte el adjetivo en verbo condicional. Medido en todo el corpus: 241 apariciones con tilde (188 singulares y 53 dentro de ""cambiarías"", que esta regla tambien corrige porque la forma larga contiene a la corta). SOLO 3 son el condicional legitimo y sus filas quedan excluidas: ""cuanto cambiaria la estimacion"" (2005-12-13:515:1), ""no cambiaria el sesgo"" (2012-03-15:4723:1), ""no cambiaria el comportamiento"" (2014-09-11:6425:1). Las 238 restantes van siempre tras un sustantivo que exige adjetivo (apreciacion 65, depreciacion 55, intervencion 28, ...); los 46 con sustantivo ambiguo fueron muestreados y todos exigen adjetivo. Se verifico ademas que ninguna fila mezcla la forma verbal con la adjetiva."
RPM-2010-02-11:2959:1	2010-02-11	Pablo García Silva	2	LETRA_CONFUNDIDA	cambiarlo	cambiario	"cambiarlo por cambiario. Misma familia: el OCR puso una l donde va una i. Medido: 60 apariciones, de las cuales 16 son ""cambiarlos"" (la forma larga contiene a la corta, y esta regla las corrige tambien). 6 son el infinitivo legitimo y sus filas quedan excluidas: ""habria que cambiarlos por papeles"" (2006-08-10:812:1), ""hay que cambiarlo"" (2006-11-16:980:1), ""haya que cambiarlo"" (2007-03-15:1146:1), ""no puede cambiarlo"" (2008-08-14:2022:1), ""no hay antecedentes para cambiarlo"" (2010-08-12:3317:1), ""razones para cambiarlo"" (2012-05-17:4843:1). Las 54 restantes son adjetivas: ""el lado cambiarlo"", ""en lo cambiarlo"", ""los mercados financieros y cambiarlos"". Los 11 contextos con palabra funcion delante se revisaron uno por uno."
RPM-2010-02-11:2960:1	2010-02-11	Beltrán de Ramón Acevedo	1	LETRA_CONFUNDIDA	cambiarlo	cambiario	"cambiarlo por cambiario. Misma familia: el OCR puso una l donde va una i. Medido: 60 apariciones, de las cuales 16 son ""cambiarlos"" (la forma larga contiene a la corta, y esta regla las corrige tambien). 6 son el infinitivo legitimo y sus filas quedan excluidas: ""habria que cambiarlos por papeles"" (2006-08-10:812:1), ""hay que cambiarlo"" (2006-11-16:980:1), ""haya que cambiarlo"" (2007-03-15:1146:1), ""no puede cambiarlo"" (2008-08-14:2022:1), ""no hay antecedentes para cambiarlo"" (2010-08-12:3317:1), ""razones para cambiarlo"" (2012-05-17:4843:1). Las 54 restantes son adjetivas: ""el lado cambiarlo"", ""en lo cambiarlo"", ""los mercados financieros y cambiarlos"". Los 11 contextos con palabra funcion delante se revisaron uno por uno."
RPM-2010-02-11:2960:1	2010-02-11	Beltrán de Ramón Acevedo	2	LETRA_CONFUNDIDA	cambiarla	cambiaria	"cambiarla por cambiaria. Misma familia y mismo defecto. Medido: 8 apariciones (todas dentro de ""cambiarlas""), todas adjetivas y revisadas una por una: ""paridades cambiarlas"" 4 veces, ""implicancias cambiarlas"" 2, ""expectativas cambiarlas"" 1, ""coberturas cambiarlas"" 1. ""cambiarias"" ya aparece 19 veces en el corpus."
RPM-2010-02-11:2963:1	2010-02-11	Sebastián Claro Edwards	1	ACENTO_INDEBIDO	cambiaría	cambiaria	"cambiaría por cambiaria. La tilde convierte el adjetivo en verbo condicional. Medido en todo el corpus: 241 apariciones con tilde (188 singulares y 53 dentro de ""cambiarías"", que esta regla tambien corrige porque la forma larga contiene a la corta). SOLO 3 son el condicional legitimo y sus filas quedan excluidas: ""cuanto cambiaria la estimacion"" (2005-12-13:515:1), ""no cambiaria el sesgo"" (2012-03-15:4723:1), ""no cambiaria el comportamiento"" (2014-09-11:6425:1). Las 238 restantes van siempre tras un sustantivo que exige adjetivo (apreciacion 65, depreciacion 55, intervencion 28, ...); los 46 con sustantivo ambiguo fueron muestreados y todos exigen adjetivo. Se verifico ademas que ninguna fila mezcla la forma verbal con la adjetiva."
RPM-2010-02-11:2964:1	2010-02-11	Enrique Marshall Rivera	1	LETRA_CONFUNDIDA	cambiarlo	cambiario	"cambiarlo por cambiario. Misma familia: el OCR puso una l donde va una i. Medido: 60 apariciones, de las cuales 16 son ""cambiarlos"" (la forma larga contiene a la corta, y esta regla las corrige tambien). 6 son el infinitivo legitimo y sus filas quedan excluidas: ""habria que cambiarlos por papeles"" (2006-08-10:812:1), ""hay que cambiarlo"" (2006-11-16:980:1), ""haya que cambiarlo"" (2007-03-15:1146:1), ""no puede cambiarlo"" (2008-08-14:2022:1), ""no hay antecedentes para cambiarlo"" (2010-08-12:3317:1), ""razones para cambiarlo"" (2012-05-17:4843:1). Las 54 restantes son adjetivas: ""el lado cambiarlo"", ""en lo cambiarlo"", ""los mercados financieros y cambiarlos"". Los 11 contextos con palabra funcion delante se revisaron uno por uno."
RPM-2010-02-11:2965:1	2010-02-11	Manuel Marfán Lewis	1	ACENTO_INDEBIDO	cambiaría	cambiaria	"cambiaría por cambiaria. La tilde convierte el adjetivo en verbo condicional. Medido en todo el corpus: 241 apariciones con tilde (188 singulares y 53 dentro de ""cambiarías"", que esta regla tambien corrige porque la forma larga contiene a la corta). SOLO 3 son el condicional legitimo y sus filas quedan excluidas: ""cuanto cambiaria la estimacion"" (2005-12-13:515:1), ""no cambiaria el sesgo"" (2012-03-15:4723:1), ""no cambiaria el comportamiento"" (2014-09-11:6425:1). Las 238 restantes van siempre tras un sustantivo que exige adjetivo (apreciacion 65, depreciacion 55, intervencion 28, ...); los 46 con sustantivo ambiguo fueron muestreados y todos exigen adjetivo. Se verifico ademas que ninguna fila mezcla la forma verbal con la adjetiva."
RPM-2010-04-15:3033:1	2010-04-15	Sergio Lehmann Beresi	1	LETRA_CONFUNDIDA	cambiarla	cambiaria	"cambiarla por cambiaria. Misma familia y mismo defecto. Medido: 8 apariciones (todas dentro de ""cambiarlas""), todas adjetivas y revisadas una por una: ""paridades cambiarlas"" 4 veces, ""implicancias cambiarlas"" 2, ""expectativas cambiarlas"" 1, ""coberturas cambiarlas"" 1. ""cambiarias"" ya aparece 19 veces en el corpus."
RPM-2010-07-15:3231:1	2010-07-15	Kevin Cowan Logan	1	LETRA_CONFUNDIDA	cambiarlo	cambiario	"cambiarlo por cambiario. Misma familia: el OCR puso una l donde va una i. Medido: 60 apariciones, de las cuales 16 son ""cambiarlos"" (la forma larga contiene a la corta, y esta regla las corrige tambien). 6 son el infinitivo legitimo y sus filas quedan excluidas: ""habria que cambiarlos por papeles"" (2006-08-10:812:1), ""hay que cambiarlo"" (2006-11-16:980:1), ""haya que cambiarlo"" (2007-03-15:1146:1), ""no puede cambiarlo"" (2008-08-14:2022:1), ""no hay antecedentes para cambiarlo"" (2010-08-12:3317:1), ""razones para cambiarlo"" (2012-05-17:4843:1). Las 54 restantes son adjetivas: ""el lado cambiarlo"", ""en lo cambiarlo"", ""los mercados financieros y cambiarlos"". Los 11 contextos con palabra funcion delante se revisaron uno por uno."
RPM-2010-08-12:3291:1	2010-08-12	Enrique Marshall Rivera	1	ACENTO_INDEBIDO	cambiaría	cambiaria	"cambiaría por cambiaria. La tilde convierte el adjetivo en verbo condicional. Medido en todo el corpus: 241 apariciones con tilde (188 singulares y 53 dentro de ""cambiarías"", que esta regla tambien corrige porque la forma larga contiene a la corta). SOLO 3 son el condicional legitimo y sus filas quedan excluidas: ""cuanto cambiaria la estimacion"" (2005-12-13:515:1), ""no cambiaria el sesgo"" (2012-03-15:4723:1), ""no cambiaria el comportamiento"" (2014-09-11:6425:1). Las 238 restantes van siempre tras un sustantivo que exige adjetivo (apreciacion 65, depreciacion 55, intervencion 28, ...); los 46 con sustantivo ambiguo fueron muestreados y todos exigen adjetivo. Se verifico ademas que ninguna fila mezcla la forma verbal con la adjetiva."
RPM-2010-08-12:3340:1	2010-08-12	Sebastián Claro Edwards	1	ACENTO_INDEBIDO	cambiaría	cambiaria	"cambiaría por cambiaria. La tilde convierte el adjetivo en verbo condicional. Medido en todo el corpus: 241 apariciones con tilde (188 singulares y 53 dentro de ""cambiarías"", que esta regla tambien corrige porque la forma larga contiene a la corta). SOLO 3 son el condicional legitimo y sus filas quedan excluidas: ""cuanto cambiaria la estimacion"" (2005-12-13:515:1), ""no cambiaria el sesgo"" (2012-03-15:4723:1), ""no cambiaria el comportamiento"" (2014-09-11:6425:1). Las 238 restantes van siempre tras un sustantivo que exige adjetivo (apreciacion 65, depreciacion 55, intervencion 28, ...); los 46 con sustantivo ambiguo fueron muestreados y todos exigen adjetivo. Se verifico ademas que ninguna fila mezcla la forma verbal con la adjetiva."
RPM-2010-08-12:3340:2	2010-08-12	Enrique Marshall Rivera	1	LETRA_CONFUNDIDA	cambiarlo	cambiario	"cambiarlo por cambiario. Misma familia: el OCR puso una l donde va una i. Medido: 60 apariciones, de las cuales 16 son ""cambiarlos"" (la forma larga contiene a la corta, y esta regla las corrige tambien). 6 son el infinitivo legitimo y sus filas quedan excluidas: ""habria que cambiarlos por papeles"" (2006-08-10:812:1), ""hay que cambiarlo"" (2006-11-16:980:1), ""haya que cambiarlo"" (2007-03-15:1146:1), ""no puede cambiarlo"" (2008-08-14:2022:1), ""no hay antecedentes para cambiarlo"" (2010-08-12:3317:1), ""razones para cambiarlo"" (2012-05-17:4843:1). Las 54 restantes son adjetivas: ""el lado cambiarlo"", ""en lo cambiarlo"", ""los mercados financieros y cambiarlos"". Los 11 contextos con palabra funcion delante se revisaron uno por uno."
RPM-2010-09-16:3423:1	2010-09-16	Pablo García Silva	1	ACENTO_INDEBIDO	cambiaría	cambiaria	"cambiaría por cambiaria. La tilde convierte el adjetivo en verbo condicional. Medido en todo el corpus: 241 apariciones con tilde (188 singulares y 53 dentro de ""cambiarías"", que esta regla tambien corrige porque la forma larga contiene a la corta). SOLO 3 son el condicional legitimo y sus filas quedan excluidas: ""cuanto cambiaria la estimacion"" (2005-12-13:515:1), ""no cambiaria el sesgo"" (2012-03-15:4723:1), ""no cambiaria el comportamiento"" (2014-09-11:6425:1). Las 238 restantes van siempre tras un sustantivo que exige adjetivo (apreciacion 65, depreciacion 55, intervencion 28, ...); los 46 con sustantivo ambiguo fueron muestreados y todos exigen adjetivo. Se verifico ademas que ninguna fila mezcla la forma verbal con la adjetiva."
RPM-2010-10-14:3439:3	2010-10-14	Felipe Jaque	1	LETRA_CONFUNDIDA	cambiarlo	cambiario	"cambiarlo por cambiario. Misma familia: el OCR puso una l donde va una i. Medido: 60 apariciones, de las cuales 16 son ""cambiarlos"" (la forma larga contiene a la corta, y esta regla las corrige tambien). 6 son el infinitivo legitimo y sus filas quedan excluidas: ""habria que cambiarlos por papeles"" (2006-08-10:812:1), ""hay que cambiarlo"" (2006-11-16:980:1), ""haya que cambiarlo"" (2007-03-15:1146:1), ""no puede cambiarlo"" (2008-08-14:2022:1), ""no hay antecedentes para cambiarlo"" (2010-08-12:3317:1), ""razones para cambiarlo"" (2012-05-17:4843:1). Las 54 restantes son adjetivas: ""el lado cambiarlo"", ""en lo cambiarlo"", ""los mercados financieros y cambiarlos"". Los 11 contextos con palabra funcion delante se revisaron uno por uno."
RPM-2010-10-14:3485:2	2010-10-14	Felipe Larraín Bascuñán	1	LETRA_CONFUNDIDA	cambiarla	cambiaria	"cambiarla por cambiaria. Misma familia y mismo defecto. Medido: 8 apariciones (todas dentro de ""cambiarlas""), todas adjetivas y revisadas una por una: ""paridades cambiarlas"" 4 veces, ""implicancias cambiarlas"" 2, ""expectativas cambiarlas"" 1, ""coberturas cambiarlas"" 1. ""cambiarias"" ya aparece 19 veces en el corpus."
RPM-2010-10-14:3488:1	2010-10-14	Sebastián Claro Edwards	1	LETRA_CONFUNDIDA	cambiarlo	cambiario	"cambiarlo por cambiario. Misma familia: el OCR puso una l donde va una i. Medido: 60 apariciones, de las cuales 16 son ""cambiarlos"" (la forma larga contiene a la corta, y esta regla las corrige tambien). 6 son el infinitivo legitimo y sus filas quedan excluidas: ""habria que cambiarlos por papeles"" (2006-08-10:812:1), ""hay que cambiarlo"" (2006-11-16:980:1), ""haya que cambiarlo"" (2007-03-15:1146:1), ""no puede cambiarlo"" (2008-08-14:2022:1), ""no hay antecedentes para cambiarlo"" (2010-08-12:3317:1), ""razones para cambiarlo"" (2012-05-17:4843:1). Las 54 restantes son adjetivas: ""el lado cambiarlo"", ""en lo cambiarlo"", ""los mercados financieros y cambiarlos"". Los 11 contextos con palabra funcion delante se revisaron uno por uno."
RPM-2010-10-14:3488:1	2010-10-14	Sebastián Claro Edwards	2	LETRA_CONFUNDIDA	entral delineada en ellPoM, manifestando q	entral delineada en el IPoM, manifestando q	"Sigla dañada por el glifo I/l. Medido en toda la salida: 26 apariciones de esta familia, y cada forma tiene su equivalente correcto ampliamente atestiguado en el corpus (el IPC 1.430, el IPoM 1.543, IPCX 649, IPCX1 469, el IPP 10). Se excluyeron de la pasada ""ellPEC"", ""dellPEC"" y ""ellMCE"" (fila 1719:4): aparecen junto a siglas que no se pueden corroborar en el corpus y no hay reconstruccion unica."
RPM-2010-10-14:3491:1	2010-10-14	José De Gregorio Rebeco	1	LETRA_CONFUNDIDA	cambiarla	cambiaria	"cambiarla por cambiaria. Misma familia y mismo defecto. Medido: 8 apariciones (todas dentro de ""cambiarlas""), todas adjetivas y revisadas una por una: ""paridades cambiarlas"" 4 veces, ""implicancias cambiarlas"" 2, ""expectativas cambiarlas"" 1, ""coberturas cambiarlas"" 1. ""cambiarias"" ya aparece 19 veces en el corpus."
RPM-2010-11-16:3574:1	2010-11-16	Luis Óscar Herrera Barriga	1	LETRA_CONFUNDIDA	cambiarla	cambiaria	"cambiarla por cambiaria. Misma familia y mismo defecto. Medido: 8 apariciones (todas dentro de ""cambiarlas""), todas adjetivas y revisadas una por una: ""paridades cambiarlas"" 4 veces, ""implicancias cambiarlas"" 2, ""expectativas cambiarlas"" 1, ""coberturas cambiarlas"" 1. ""cambiarias"" ya aparece 19 veces en el corpus."
RPM-2010-11-16:3579:1	2010-11-16	Manuel Marfán Lewis	1	LETRA_CONFUNDIDA	cambiarla	cambiaria	"cambiarla por cambiaria. Misma familia y mismo defecto. Medido: 8 apariciones (todas dentro de ""cambiarlas""), todas adjetivas y revisadas una por una: ""paridades cambiarlas"" 4 veces, ""implicancias cambiarlas"" 2, ""expectativas cambiarlas"" 1, ""coberturas cambiarlas"" 1. ""cambiarias"" ya aparece 19 veces en el corpus."
RPM-2010-11-16:3580:1	2010-11-16	José De Gregorio Rebeco	1	LETRA_CONFUNDIDA	cambiarlo	cambiario	"cambiarlo por cambiario. Misma familia: el OCR puso una l donde va una i. Medido: 60 apariciones, de las cuales 16 son ""cambiarlos"" (la forma larga contiene a la corta, y esta regla las corrige tambien). 6 son el infinitivo legitimo y sus filas quedan excluidas: ""habria que cambiarlos por papeles"" (2006-08-10:812:1), ""hay que cambiarlo"" (2006-11-16:980:1), ""haya que cambiarlo"" (2007-03-15:1146:1), ""no puede cambiarlo"" (2008-08-14:2022:1), ""no hay antecedentes para cambiarlo"" (2010-08-12:3317:1), ""razones para cambiarlo"" (2012-05-17:4843:1). Las 54 restantes son adjetivas: ""el lado cambiarlo"", ""en lo cambiarlo"", ""los mercados financieros y cambiarlos"". Los 11 contextos con palabra funcion delante se revisaron uno por uno."
RPM-2010-12-16:3621:1	2010-12-16	Claudio Soto Gamboa	1	LETRA_CONFUNDIDA	cambiarlo	cambiario	"cambiarlo por cambiario. Misma familia: el OCR puso una l donde va una i. Medido: 60 apariciones, de las cuales 16 son ""cambiarlos"" (la forma larga contiene a la corta, y esta regla las corrige tambien). 6 son el infinitivo legitimo y sus filas quedan excluidas: ""habria que cambiarlos por papeles"" (2006-08-10:812:1), ""hay que cambiarlo"" (2006-11-16:980:1), ""haya que cambiarlo"" (2007-03-15:1146:1), ""no puede cambiarlo"" (2008-08-14:2022:1), ""no hay antecedentes para cambiarlo"" (2010-08-12:3317:1), ""razones para cambiarlo"" (2012-05-17:4843:1). Las 54 restantes son adjetivas: ""el lado cambiarlo"", ""en lo cambiarlo"", ""los mercados financieros y cambiarlos"". Los 11 contextos con palabra funcion delante se revisaron uno por uno."
RPM-2010-12-16:3621:1	2010-12-16	Claudio Soto Gamboa	2	LETRA_CONFUNDIDA	tinúa, destacando que ai tema de las tarifas e	tinúa, destacando que al tema de las tarifas e	"""ai"" por ""al"": la l se leyo como i. Medido en toda la salida: 26 apariciones de la palabra suelta ""ai"" en 26 filas, y ""ai"" no es una palabra del español. En cambio ""al"" aparece miles de veces y ""al alza"" 1.405 contra 3 de ""ai alza"". Se revisaron una por una las 26 apariciones y en todas el contexto exige ""al"" (""asociadas ai sector exportador"", ""converge ai mismo nivel"", ""autorizó ai Banco Central"", ""mayor ai previsto"", ""Agrega que, ai respecto"", ""superior ai 9,5%""). No hay ninguna fila en que ""ai"" sea otra cosa."
RPM-2010-12-16:3637:1	2010-12-16	Sebastián Claro Edwards	1	ACENTO_INDEBIDO	cambiaría	cambiaria	"cambiaría por cambiaria. La tilde convierte el adjetivo en verbo condicional. Medido en todo el corpus: 241 apariciones con tilde (188 singulares y 53 dentro de ""cambiarías"", que esta regla tambien corrige porque la forma larga contiene a la corta). SOLO 3 son el condicional legitimo y sus filas quedan excluidas: ""cuanto cambiaria la estimacion"" (2005-12-13:515:1), ""no cambiaria el sesgo"" (2012-03-15:4723:1), ""no cambiaria el comportamiento"" (2014-09-11:6425:1). Las 238 restantes van siempre tras un sustantivo que exige adjetivo (apreciacion 65, depreciacion 55, intervencion 28, ...); los 46 con sustantivo ambiguo fueron muestreados y todos exigen adjetivo. Se verifico ademas que ninguna fila mezcla la forma verbal con la adjetiva."
RPM-2010-12-16:3637:1	2010-12-16	Sebastián Claro Edwards	2	LETRA_CONFUNDIDA	rregido agresivamente ai alza, tanto las reale	rregido agresivamente al alza, tanto las reale	"""ai"" por ""al"": la l se leyo como i. Medido en toda la salida: 26 apariciones de la palabra suelta ""ai"" en 26 filas, y ""ai"" no es una palabra del español. En cambio ""al"" aparece miles de veces y ""al alza"" 1.405 contra 3 de ""ai alza"". Se revisaron una por una las 26 apariciones y en todas el contexto exige ""al"" (""asociadas ai sector exportador"", ""converge ai mismo nivel"", ""autorizó ai Banco Central"", ""mayor ai previsto"", ""Agrega que, ai respecto"", ""superior ai 9,5%""). No hay ninguna fila en que ""ai"" sea otra cosa."
RPM-2011-01-13:3678:1	2011-01-13	Manuel Marfán Lewis	1	LETRA_CONFUNDIDA	cambiarla	cambiaria	"cambiarla por cambiaria. Misma familia y mismo defecto. Medido: 8 apariciones (todas dentro de ""cambiarlas""), todas adjetivas y revisadas una por una: ""paridades cambiarlas"" 4 veces, ""implicancias cambiarlas"" 2, ""expectativas cambiarlas"" 1, ""coberturas cambiarlas"" 1. ""cambiarias"" ya aparece 19 veces en el corpus."
RPM-2011-01-13:3703:1	2011-01-13	Luis Óscar Herrera Barriga	1	LETRA_CONFUNDIDA	cambiarla	cambiaria	"cambiarla por cambiaria. Misma familia y mismo defecto. Medido: 8 apariciones (todas dentro de ""cambiarlas""), todas adjetivas y revisadas una por una: ""paridades cambiarlas"" 4 veces, ""implicancias cambiarlas"" 2, ""expectativas cambiarlas"" 1, ""coberturas cambiarlas"" 1. ""cambiarias"" ya aparece 19 veces en el corpus."
RPM-2011-01-13:3703:1	2011-01-13	Luis Óscar Herrera Barriga	2	LETRA_CONFUNDIDA	base en el caso del IPX e IPX1, respect	base en el caso del IPCX e IPCX1, respect	"Sigla dañada por el glifo I/l. Medido en toda la salida: 26 apariciones de esta familia, y cada forma tiene su equivalente correcto ampliamente atestiguado en el corpus (el IPC 1.430, el IPoM 1.543, IPCX 649, IPCX1 469, el IPP 10). Se excluyeron de la pasada ""ellPEC"", ""dellPEC"" y ""ellMCE"" (fila 1719:4): aparecen junto a siglas que no se pueden corroborar en el corpus y no hay reconstruccion unica. | Se extiende esta operacion (no se añade otra, porque las dos caen dentro del mismo tramo) para reparar «del IPX e IPX1» -> «del IPCX e IPCX1»: la C se perdio en las dos siglas. IPCX e IPCX1 son dos medidas de inflacion subyacente del Banco, ambas reales y ambas atestiguadas en el corpus (IPCX 649, IPCX1 469). Sigla dañada por el glifo I/l, segunda vuelta: en estas tres filas el defecto cae a pocos caracteres de otro ya corregido en la misma fila y las ventanas se pisaban, asi que se compone un fragmento estrecho o se extiende la operacion existente. Medido en el corpus: el IPoM 1.543, IPCX1 469, del IPCX ampliamente atestiguado."
RPM-2011-01-13:3705:1	2011-01-13	Beltrán de Ramón Acevedo	1	LETRA_CONFUNDIDA	cambiarla	cambiaria	"cambiarla por cambiaria. Misma familia y mismo defecto. Medido: 8 apariciones (todas dentro de ""cambiarlas""), todas adjetivas y revisadas una por una: ""paridades cambiarlas"" 4 veces, ""implicancias cambiarlas"" 2, ""expectativas cambiarlas"" 1, ""coberturas cambiarlas"" 1. ""cambiarias"" ya aparece 19 veces en el corpus."
RPM-2011-01-13:3705:1	2011-01-13	Beltrán de Ramón Acevedo	2	ACENTO_INDEBIDO	cambiaría	cambiaria	"cambiaría por cambiaria. La tilde convierte el adjetivo en verbo condicional. Medido en todo el corpus: 241 apariciones con tilde (188 singulares y 53 dentro de ""cambiarías"", que esta regla tambien corrige porque la forma larga contiene a la corta). SOLO 3 son el condicional legitimo y sus filas quedan excluidas: ""cuanto cambiaria la estimacion"" (2005-12-13:515:1), ""no cambiaria el sesgo"" (2012-03-15:4723:1), ""no cambiaria el comportamiento"" (2014-09-11:6425:1). Las 238 restantes van siempre tras un sustantivo que exige adjetivo (apreciacion 65, depreciacion 55, intervencion 28, ...); los 46 con sustantivo ambiguo fueron muestreados y todos exigen adjetivo. Se verifico ademas que ninguna fila mezcla la forma verbal con la adjetiva."
RPM-2011-01-13:3709:1	2011-01-13	Felipe Larraín Bascuñán	1	ACENTO_INDEBIDO	cambiaría	cambiaria	"cambiaría por cambiaria. La tilde convierte el adjetivo en verbo condicional. Medido en todo el corpus: 241 apariciones con tilde (188 singulares y 53 dentro de ""cambiarías"", que esta regla tambien corrige porque la forma larga contiene a la corta). SOLO 3 son el condicional legitimo y sus filas quedan excluidas: ""cuanto cambiaria la estimacion"" (2005-12-13:515:1), ""no cambiaria el sesgo"" (2012-03-15:4723:1), ""no cambiaria el comportamiento"" (2014-09-11:6425:1). Las 238 restantes van siempre tras un sustantivo que exige adjetivo (apreciacion 65, depreciacion 55, intervencion 28, ...); los 46 con sustantivo ambiguo fueron muestreados y todos exigen adjetivo. Se verifico ademas que ninguna fila mezcla la forma verbal con la adjetiva."
RPM-2011-01-13:3712:1	2011-01-13	Sebastián Claro Edwards	1	LETRA_CONFUNDIDA	cambiarlo	cambiario	"cambiarlo por cambiario. Misma familia: el OCR puso una l donde va una i. Medido: 60 apariciones, de las cuales 16 son ""cambiarlos"" (la forma larga contiene a la corta, y esta regla las corrige tambien). 6 son el infinitivo legitimo y sus filas quedan excluidas: ""habria que cambiarlos por papeles"" (2006-08-10:812:1), ""hay que cambiarlo"" (2006-11-16:980:1), ""haya que cambiarlo"" (2007-03-15:1146:1), ""no puede cambiarlo"" (2008-08-14:2022:1), ""no hay antecedentes para cambiarlo"" (2010-08-12:3317:1), ""razones para cambiarlo"" (2012-05-17:4843:1). Las 54 restantes son adjetivas: ""el lado cambiarlo"", ""en lo cambiarlo"", ""los mercados financieros y cambiarlos"". Los 11 contextos con palabra funcion delante se revisaron uno por uno."
RPM-2011-01-13:3712:1	2011-01-13	Sebastián Claro Edwards	2	LETRA_CONFUNDIDA	cambiarla	cambiaria	"cambiarla por cambiaria. Misma familia y mismo defecto. Medido: 8 apariciones (todas dentro de ""cambiarlas""), todas adjetivas y revisadas una por una: ""paridades cambiarlas"" 4 veces, ""implicancias cambiarlas"" 2, ""expectativas cambiarlas"" 1, ""coberturas cambiarlas"" 1. ""cambiarias"" ya aparece 19 veces en el corpus."
RPM-2011-01-13:3712:1	2011-01-13	Sebastián Claro Edwards	3	ACENTO_INDEBIDO	cambiaría	cambiaria	"cambiaría por cambiaria. La tilde convierte el adjetivo en verbo condicional. Medido en todo el corpus: 241 apariciones con tilde (188 singulares y 53 dentro de ""cambiarías"", que esta regla tambien corrige porque la forma larga contiene a la corta). SOLO 3 son el condicional legitimo y sus filas quedan excluidas: ""cuanto cambiaria la estimacion"" (2005-12-13:515:1), ""no cambiaria el sesgo"" (2012-03-15:4723:1), ""no cambiaria el comportamiento"" (2014-09-11:6425:1). Las 238 restantes van siempre tras un sustantivo que exige adjetivo (apreciacion 65, depreciacion 55, intervencion 28, ...); los 46 con sustantivo ambiguo fueron muestreados y todos exigen adjetivo. Se verifico ademas que ninguna fila mezcla la forma verbal con la adjetiva."
RPM-2011-01-13:3713:1	2011-01-13	Enrique Marshall Rivera	1	ACENTO_INDEBIDO	cambiaría	cambiaria	"cambiaría por cambiaria. La tilde convierte el adjetivo en verbo condicional. Medido en todo el corpus: 241 apariciones con tilde (188 singulares y 53 dentro de ""cambiarías"", que esta regla tambien corrige porque la forma larga contiene a la corta). SOLO 3 son el condicional legitimo y sus filas quedan excluidas: ""cuanto cambiaria la estimacion"" (2005-12-13:515:1), ""no cambiaria el sesgo"" (2012-03-15:4723:1), ""no cambiaria el comportamiento"" (2014-09-11:6425:1). Las 238 restantes van siempre tras un sustantivo que exige adjetivo (apreciacion 65, depreciacion 55, intervencion 28, ...); los 46 con sustantivo ambiguo fueron muestreados y todos exigen adjetivo. Se verifico ademas que ninguna fila mezcla la forma verbal con la adjetiva."
RPM-2011-01-13:3713:1	2011-01-13	Enrique Marshall Rivera	2	LETRA_CONFUNDIDA	imistas de parte de ios hogares, condic	imistas de parte de los hogares, condic	"""ios"" por ""los"": la l se leyo como i, la misma regla que produce ""ai"" por ""al"" (§12). Medido: 90 apariciones en 88 filas contra 32.215 de ""los"". ""ios"" no es palabra del español. Se comprobo la palabra que precede a las 90 y en todas corresponde un articulo: de 25, en 14, que 12, a 9, para 5, todos 3, con 2, y 2, por 2, y el resto tras cuando, durante, analizan, septiembre, o una comilla de apertura."
RPM-2011-01-13:3714:1	2011-01-13	Manuel Marfán Lewis	1	ACENTO_INDEBIDO	cambiaría	cambiaria	"cambiaría por cambiaria. La tilde convierte el adjetivo en verbo condicional. Medido en todo el corpus: 241 apariciones con tilde (188 singulares y 53 dentro de ""cambiarías"", que esta regla tambien corrige porque la forma larga contiene a la corta). SOLO 3 son el condicional legitimo y sus filas quedan excluidas: ""cuanto cambiaria la estimacion"" (2005-12-13:515:1), ""no cambiaria el sesgo"" (2012-03-15:4723:1), ""no cambiaria el comportamiento"" (2014-09-11:6425:1). Las 238 restantes van siempre tras un sustantivo que exige adjetivo (apreciacion 65, depreciacion 55, intervencion 28, ...); los 46 con sustantivo ambiguo fueron muestreados y todos exigen adjetivo. Se verifico ademas que ninguna fila mezcla la forma verbal con la adjetiva."
RPM-2011-01-13:3715:1	2011-01-13	José De Gregorio Rebeco	1	ACENTO_INDEBIDO	cambiaría	cambiaria	"cambiaría por cambiaria. La tilde convierte el adjetivo en verbo condicional. Medido en todo el corpus: 241 apariciones con tilde (188 singulares y 53 dentro de ""cambiarías"", que esta regla tambien corrige porque la forma larga contiene a la corta). SOLO 3 son el condicional legitimo y sus filas quedan excluidas: ""cuanto cambiaria la estimacion"" (2005-12-13:515:1), ""no cambiaria el sesgo"" (2012-03-15:4723:1), ""no cambiaria el comportamiento"" (2014-09-11:6425:1). Las 238 restantes van siempre tras un sustantivo que exige adjetivo (apreciacion 65, depreciacion 55, intervencion 28, ...); los 46 con sustantivo ambiguo fueron muestreados y todos exigen adjetivo. Se verifico ademas que ninguna fila mezcla la forma verbal con la adjetiva."
RPM-2011-01-13:3715:1	2011-01-13	José De Gregorio Rebeco	2	LETRA_CONFUNDIDA	cambiarlo	cambiario	"cambiarlo por cambiario. Misma familia: el OCR puso una l donde va una i. Medido: 60 apariciones, de las cuales 16 son ""cambiarlos"" (la forma larga contiene a la corta, y esta regla las corrige tambien). 6 son el infinitivo legitimo y sus filas quedan excluidas: ""habria que cambiarlos por papeles"" (2006-08-10:812:1), ""hay que cambiarlo"" (2006-11-16:980:1), ""haya que cambiarlo"" (2007-03-15:1146:1), ""no puede cambiarlo"" (2008-08-14:2022:1), ""no hay antecedentes para cambiarlo"" (2010-08-12:3317:1), ""razones para cambiarlo"" (2012-05-17:4843:1). Las 54 restantes son adjetivas: ""el lado cambiarlo"", ""en lo cambiarlo"", ""los mercados financieros y cambiarlos"". Los 11 contextos con palabra funcion delante se revisaron uno por uno."
RPM-2011-02-17:3806:1	2011-02-17	Felipe Larraín Bascuñán	1	ACENTO_INDEBIDO	cambiaría	cambiaria	"cambiaría por cambiaria. La tilde convierte el adjetivo en verbo condicional. Medido en todo el corpus: 241 apariciones con tilde (188 singulares y 53 dentro de ""cambiarías"", que esta regla tambien corrige porque la forma larga contiene a la corta). SOLO 3 son el condicional legitimo y sus filas quedan excluidas: ""cuanto cambiaria la estimacion"" (2005-12-13:515:1), ""no cambiaria el sesgo"" (2012-03-15:4723:1), ""no cambiaria el comportamiento"" (2014-09-11:6425:1). Las 238 restantes van siempre tras un sustantivo que exige adjetivo (apreciacion 65, depreciacion 55, intervencion 28, ...); los 46 con sustantivo ambiguo fueron muestreados y todos exigen adjetivo. Se verifico ademas que ninguna fila mezcla la forma verbal con la adjetiva."
RPM-2011-02-17:3810:1	2011-02-17	Sebastián Claro Edwards	1	LETRA_CONFUNDIDA	cambiarla	cambiaria	"cambiarla por cambiaria. Misma familia y mismo defecto. Medido: 8 apariciones (todas dentro de ""cambiarlas""), todas adjetivas y revisadas una por una: ""paridades cambiarlas"" 4 veces, ""implicancias cambiarlas"" 2, ""expectativas cambiarlas"" 1, ""coberturas cambiarlas"" 1. ""cambiarias"" ya aparece 19 veces en el corpus."
RPM-2011-02-17:3810:1	2011-02-17	Sebastián Claro Edwards	2	ACENTO_INDEBIDO	cambiaría	cambiaria	"cambiaría por cambiaria. La tilde convierte el adjetivo en verbo condicional. Medido en todo el corpus: 241 apariciones con tilde (188 singulares y 53 dentro de ""cambiarías"", que esta regla tambien corrige porque la forma larga contiene a la corta). SOLO 3 son el condicional legitimo y sus filas quedan excluidas: ""cuanto cambiaria la estimacion"" (2005-12-13:515:1), ""no cambiaria el sesgo"" (2012-03-15:4723:1), ""no cambiaria el comportamiento"" (2014-09-11:6425:1). Las 238 restantes van siempre tras un sustantivo que exige adjetivo (apreciacion 65, depreciacion 55, intervencion 28, ...); los 46 con sustantivo ambiguo fueron muestreados y todos exigen adjetivo. Se verifico ademas que ninguna fila mezcla la forma verbal con la adjetiva."
RPM-2011-02-17:3810:1	2011-02-17	Sebastián Claro Edwards	3	LETRA_CONFUNDIDA	cambiarlo	cambiario	"cambiarlo por cambiario. Misma familia: el OCR puso una l donde va una i. Medido: 60 apariciones, de las cuales 16 son ""cambiarlos"" (la forma larga contiene a la corta, y esta regla las corrige tambien). 6 son el infinitivo legitimo y sus filas quedan excluidas: ""habria que cambiarlos por papeles"" (2006-08-10:812:1), ""hay que cambiarlo"" (2006-11-16:980:1), ""haya que cambiarlo"" (2007-03-15:1146:1), ""no puede cambiarlo"" (2008-08-14:2022:1), ""no hay antecedentes para cambiarlo"" (2010-08-12:3317:1), ""razones para cambiarlo"" (2012-05-17:4843:1). Las 54 restantes son adjetivas: ""el lado cambiarlo"", ""en lo cambiarlo"", ""los mercados financieros y cambiarlos"". Los 11 contextos con palabra funcion delante se revisaron uno por uno."
RPM-2011-02-17:3811:1	2011-02-17	Enrique Marshall Rivera	1	ACENTO_INDEBIDO	cambiaría	cambiaria	"cambiaría por cambiaria. La tilde convierte el adjetivo en verbo condicional. Medido en todo el corpus: 241 apariciones con tilde (188 singulares y 53 dentro de ""cambiarías"", que esta regla tambien corrige porque la forma larga contiene a la corta). SOLO 3 son el condicional legitimo y sus filas quedan excluidas: ""cuanto cambiaria la estimacion"" (2005-12-13:515:1), ""no cambiaria el sesgo"" (2012-03-15:4723:1), ""no cambiaria el comportamiento"" (2014-09-11:6425:1). Las 238 restantes van siempre tras un sustantivo que exige adjetivo (apreciacion 65, depreciacion 55, intervencion 28, ...); los 46 con sustantivo ambiguo fueron muestreados y todos exigen adjetivo. Se verifico ademas que ninguna fila mezcla la forma verbal con la adjetiva."
RPM-2011-02-17:3813:1	2011-02-17	Manuel Marfán Lewis	1	ACENTO_INDEBIDO	cambiaría	cambiaria	"cambiaría por cambiaria. La tilde convierte el adjetivo en verbo condicional. Medido en todo el corpus: 241 apariciones con tilde (188 singulares y 53 dentro de ""cambiarías"", que esta regla tambien corrige porque la forma larga contiene a la corta). SOLO 3 son el condicional legitimo y sus filas quedan excluidas: ""cuanto cambiaria la estimacion"" (2005-12-13:515:1), ""no cambiaria el sesgo"" (2012-03-15:4723:1), ""no cambiaria el comportamiento"" (2014-09-11:6425:1). Las 238 restantes van siempre tras un sustantivo que exige adjetivo (apreciacion 65, depreciacion 55, intervencion 28, ...); los 46 con sustantivo ambiguo fueron muestreados y todos exigen adjetivo. Se verifico ademas que ninguna fila mezcla la forma verbal con la adjetiva."
RPM-2011-03-17:3886:1	2011-03-17	Rodrigo Vergara Montes	1	ACENTO_INDEBIDO	cambiaría	cambiaria	"cambiaría por cambiaria. La tilde convierte el adjetivo en verbo condicional. Medido en todo el corpus: 241 apariciones con tilde (188 singulares y 53 dentro de ""cambiarías"", que esta regla tambien corrige porque la forma larga contiene a la corta). SOLO 3 son el condicional legitimo y sus filas quedan excluidas: ""cuanto cambiaria la estimacion"" (2005-12-13:515:1), ""no cambiaria el sesgo"" (2012-03-15:4723:1), ""no cambiaria el comportamiento"" (2014-09-11:6425:1). Las 238 restantes van siempre tras un sustantivo que exige adjetivo (apreciacion 65, depreciacion 55, intervencion 28, ...); los 46 con sustantivo ambiguo fueron muestreados y todos exigen adjetivo. Se verifico ademas que ninguna fila mezcla la forma verbal con la adjetiva."
RPM-2011-04-12:3914:1	2011-04-12	Manuel Marfán Lewis	1	ACENTO_INDEBIDO	cambiaría	cambiaria	"cambiaría por cambiaria. La tilde convierte el adjetivo en verbo condicional. Medido en todo el corpus: 241 apariciones con tilde (188 singulares y 53 dentro de ""cambiarías"", que esta regla tambien corrige porque la forma larga contiene a la corta). SOLO 3 son el condicional legitimo y sus filas quedan excluidas: ""cuanto cambiaria la estimacion"" (2005-12-13:515:1), ""no cambiaria el sesgo"" (2012-03-15:4723:1), ""no cambiaria el comportamiento"" (2014-09-11:6425:1). Las 238 restantes van siempre tras un sustantivo que exige adjetivo (apreciacion 65, depreciacion 55, intervencion 28, ...); los 46 con sustantivo ambiguo fueron muestreados y todos exigen adjetivo. Se verifico ademas que ninguna fila mezcla la forma verbal con la adjetiva."
RPM-2011-04-12:3914:1	2011-04-12	Manuel Marfán Lewis	2	SIMBOLO_SUELTO	desde esa perspectiva. V Respecto	desde esa perspectiva. Respecto	"Letra mayúscula suelta entre dos oraciones. Es ruido de escaneo: la oración anterior termina en punto y la siguiente empieza con mayúscula y sentido completo, así que la letra no pertenece a ninguna de las dos. Medido: 17 casos en 17 filas, con las letras V, H, L, U, A, M, Y, B. Se revisaron uno por uno; el único que NO es residuo es RPM-2007-01-11:1055:1 (""prolongado. A SU juicio""), donde la A abre la oración legítimamente y el defecto es ""SU"" en mayúscula, que se trata aparte."
RPM-2011-05-12:3984:3	2011-05-12	Sebastián Claro Edwards	1	ACENTO_INDEBIDO	cambiaría	cambiaria	"cambiaría por cambiaria. La tilde convierte el adjetivo en verbo condicional. Medido en todo el corpus: 241 apariciones con tilde (188 singulares y 53 dentro de ""cambiarías"", que esta regla tambien corrige porque la forma larga contiene a la corta). SOLO 3 son el condicional legitimo y sus filas quedan excluidas: ""cuanto cambiaria la estimacion"" (2005-12-13:515:1), ""no cambiaria el sesgo"" (2012-03-15:4723:1), ""no cambiaria el comportamiento"" (2014-09-11:6425:1). Las 238 restantes van siempre tras un sustantivo que exige adjetivo (apreciacion 65, depreciacion 55, intervencion 28, ...); los 46 con sustantivo ambiguo fueron muestreados y todos exigen adjetivo. Se verifico ademas que ninguna fila mezcla la forma verbal con la adjetiva."
RPM-2011-05-12:3986:1	2011-05-12	José De Gregorio Rebeco	1	ACENTO_INDEBIDO	cambiaría	cambiaria	"cambiaría por cambiaria. La tilde convierte el adjetivo en verbo condicional. Medido en todo el corpus: 241 apariciones con tilde (188 singulares y 53 dentro de ""cambiarías"", que esta regla tambien corrige porque la forma larga contiene a la corta). SOLO 3 son el condicional legitimo y sus filas quedan excluidas: ""cuanto cambiaria la estimacion"" (2005-12-13:515:1), ""no cambiaria el sesgo"" (2012-03-15:4723:1), ""no cambiaria el comportamiento"" (2014-09-11:6425:1). Las 238 restantes van siempre tras un sustantivo que exige adjetivo (apreciacion 65, depreciacion 55, intervencion 28, ...); los 46 con sustantivo ambiguo fueron muestreados y todos exigen adjetivo. Se verifico ademas que ninguna fila mezcla la forma verbal con la adjetiva."
RPM-2011-05-12:3990:1	2011-05-12	Sebastián Claro Edwards	1	ACENTO_INDEBIDO	cambiaría	cambiaria	"cambiaría por cambiaria. La tilde convierte el adjetivo en verbo condicional. Medido en todo el corpus: 241 apariciones con tilde (188 singulares y 53 dentro de ""cambiarías"", que esta regla tambien corrige porque la forma larga contiene a la corta). SOLO 3 son el condicional legitimo y sus filas quedan excluidas: ""cuanto cambiaria la estimacion"" (2005-12-13:515:1), ""no cambiaria el sesgo"" (2012-03-15:4723:1), ""no cambiaria el comportamiento"" (2014-09-11:6425:1). Las 238 restantes van siempre tras un sustantivo que exige adjetivo (apreciacion 65, depreciacion 55, intervencion 28, ...); los 46 con sustantivo ambiguo fueron muestreados y todos exigen adjetivo. Se verifico ademas que ninguna fila mezcla la forma verbal con la adjetiva."
RPM-2011-05-12:3996:1	2011-05-12	Manuel Marfán Lewis	1	ACENTO_INDEBIDO	cambiaría	cambiaria	"cambiaría por cambiaria. La tilde convierte el adjetivo en verbo condicional. Medido en todo el corpus: 241 apariciones con tilde (188 singulares y 53 dentro de ""cambiarías"", que esta regla tambien corrige porque la forma larga contiene a la corta). SOLO 3 son el condicional legitimo y sus filas quedan excluidas: ""cuanto cambiaria la estimacion"" (2005-12-13:515:1), ""no cambiaria el sesgo"" (2012-03-15:4723:1), ""no cambiaria el comportamiento"" (2014-09-11:6425:1). Las 238 restantes van siempre tras un sustantivo que exige adjetivo (apreciacion 65, depreciacion 55, intervencion 28, ...); los 46 con sustantivo ambiguo fueron muestreados y todos exigen adjetivo. Se verifico ademas que ninguna fila mezcla la forma verbal con la adjetiva."
RPM-2011-05-12:4041:1	2011-05-12	Manuel Marfán Lewis	1	LETRA_CONFUNDIDA	cambiarlo	cambiario	"cambiarlo por cambiario. Misma familia: el OCR puso una l donde va una i. Medido: 60 apariciones, de las cuales 16 son ""cambiarlos"" (la forma larga contiene a la corta, y esta regla las corrige tambien). 6 son el infinitivo legitimo y sus filas quedan excluidas: ""habria que cambiarlos por papeles"" (2006-08-10:812:1), ""hay que cambiarlo"" (2006-11-16:980:1), ""haya que cambiarlo"" (2007-03-15:1146:1), ""no puede cambiarlo"" (2008-08-14:2022:1), ""no hay antecedentes para cambiarlo"" (2010-08-12:3317:1), ""razones para cambiarlo"" (2012-05-17:4843:1). Las 54 restantes son adjetivas: ""el lado cambiarlo"", ""en lo cambiarlo"", ""los mercados financieros y cambiarlos"". Los 11 contextos con palabra funcion delante se revisaron uno por uno."
RPM-2011-05-12:4052:2	2011-05-12	Manuel Marfán Lewis	1	ACENTO_INDEBIDO	cambiaría	cambiaria	"cambiaría por cambiaria. La tilde convierte el adjetivo en verbo condicional. Medido en todo el corpus: 241 apariciones con tilde (188 singulares y 53 dentro de ""cambiarías"", que esta regla tambien corrige porque la forma larga contiene a la corta). SOLO 3 son el condicional legitimo y sus filas quedan excluidas: ""cuanto cambiaria la estimacion"" (2005-12-13:515:1), ""no cambiaria el sesgo"" (2012-03-15:4723:1), ""no cambiaria el comportamiento"" (2014-09-11:6425:1). Las 238 restantes van siempre tras un sustantivo que exige adjetivo (apreciacion 65, depreciacion 55, intervencion 28, ...); los 46 con sustantivo ambiguo fueron muestreados y todos exigen adjetivo. Se verifico ademas que ninguna fila mezcla la forma verbal con la adjetiva."
RPM-2011-11-15:4457:1	2011-11-15	Manuel Marfán Lewis	1	ACENTO_INDEBIDO	cambiaría	cambiaria	"cambiaría por cambiaria. La tilde convierte el adjetivo en verbo condicional. Medido en todo el corpus: 241 apariciones con tilde (188 singulares y 53 dentro de ""cambiarías"", que esta regla tambien corrige porque la forma larga contiene a la corta). SOLO 3 son el condicional legitimo y sus filas quedan excluidas: ""cuanto cambiaria la estimacion"" (2005-12-13:515:1), ""no cambiaria el sesgo"" (2012-03-15:4723:1), ""no cambiaria el comportamiento"" (2014-09-11:6425:1). Las 238 restantes van siempre tras un sustantivo que exige adjetivo (apreciacion 65, depreciacion 55, intervencion 28, ...); los 46 con sustantivo ambiguo fueron muestreados y todos exigen adjetivo. Se verifico ademas que ninguna fila mezcla la forma verbal con la adjetiva."
RPM-2011-11-15:4457:1	2011-11-15	Manuel Marfán Lewis	2	PUNTUACION	"""tormenta perfecta"""	“tormenta perfecta”	Comilla recta en un par completo. En esta fila las comillas rectas son pares y su direccion es deducible sin ambiguedad: la primera de cada par abre y la segunda cierra. El corpus usa comillas tipograficas de forma abrumadora (“ aparece 323 veces), de modo que la recta es un residuo del escaneo y no una eleccion del texto. Medido: de las 58 comillas rectas que quedaban, 52 estan en 23 filas con cantidad par (20 filas con 2 y 3 filas con 4) y son estas; las otras 6 estan en filas de cantidad impar y se dejan marcadas para cotejo.
RPM-2012-09-13:5074:1	2012-09-13	Sebastián Claro Edwards	1	ACENTO_INDEBIDO	cambiaría	cambiaria	"cambiaría por cambiaria. La tilde convierte el adjetivo en verbo condicional. Medido en todo el corpus: 241 apariciones con tilde (188 singulares y 53 dentro de ""cambiarías"", que esta regla tambien corrige porque la forma larga contiene a la corta). SOLO 3 son el condicional legitimo y sus filas quedan excluidas: ""cuanto cambiaria la estimacion"" (2005-12-13:515:1), ""no cambiaria el sesgo"" (2012-03-15:4723:1), ""no cambiaria el comportamiento"" (2014-09-11:6425:1). Las 238 restantes van siempre tras un sustantivo que exige adjetivo (apreciacion 65, depreciacion 55, intervencion 28, ...); los 46 con sustantivo ambiguo fueron muestreados y todos exigen adjetivo. Se verifico ademas que ninguna fila mezcla la forma verbal con la adjetiva."
RPM-2012-10-18:5100:1	2012-10-18	Sebastián Claro Edwards	1	ACENTO_INDEBIDO	cambiaría	cambiaria	"cambiaría por cambiaria. La tilde convierte el adjetivo en verbo condicional. Medido en todo el corpus: 241 apariciones con tilde (188 singulares y 53 dentro de ""cambiarías"", que esta regla tambien corrige porque la forma larga contiene a la corta). SOLO 3 son el condicional legitimo y sus filas quedan excluidas: ""cuanto cambiaria la estimacion"" (2005-12-13:515:1), ""no cambiaria el sesgo"" (2012-03-15:4723:1), ""no cambiaria el comportamiento"" (2014-09-11:6425:1). Las 238 restantes van siempre tras un sustantivo que exige adjetivo (apreciacion 65, depreciacion 55, intervencion 28, ...); los 46 con sustantivo ambiguo fueron muestreados y todos exigen adjetivo. Se verifico ademas que ninguna fila mezcla la forma verbal con la adjetiva."
RPM-2012-10-18:5116:1	2012-10-18	Joaquín Vial Ruiz-Tagle	1	ACENTO_INDEBIDO	cambiaría	cambiaria	"cambiaría por cambiaria. La tilde convierte el adjetivo en verbo condicional. Medido en todo el corpus: 241 apariciones con tilde (188 singulares y 53 dentro de ""cambiarías"", que esta regla tambien corrige porque la forma larga contiene a la corta). SOLO 3 son el condicional legitimo y sus filas quedan excluidas: ""cuanto cambiaria la estimacion"" (2005-12-13:515:1), ""no cambiaria el sesgo"" (2012-03-15:4723:1), ""no cambiaria el comportamiento"" (2014-09-11:6425:1). Las 238 restantes van siempre tras un sustantivo que exige adjetivo (apreciacion 65, depreciacion 55, intervencion 28, ...); los 46 con sustantivo ambiguo fueron muestreados y todos exigen adjetivo. Se verifico ademas que ninguna fila mezcla la forma verbal con la adjetiva."
RPM-2012-10-18:5143:1	2012-10-18	Luis Óscar Herrera Barriga	1	ACENTO_INDEBIDO	cambiaría	cambiaria	"cambiaría por cambiaria. La tilde convierte el adjetivo en verbo condicional. Medido en todo el corpus: 241 apariciones con tilde (188 singulares y 53 dentro de ""cambiarías"", que esta regla tambien corrige porque la forma larga contiene a la corta). SOLO 3 son el condicional legitimo y sus filas quedan excluidas: ""cuanto cambiaria la estimacion"" (2005-12-13:515:1), ""no cambiaria el sesgo"" (2012-03-15:4723:1), ""no cambiaria el comportamiento"" (2014-09-11:6425:1). Las 238 restantes van siempre tras un sustantivo que exige adjetivo (apreciacion 65, depreciacion 55, intervencion 28, ...); los 46 con sustantivo ambiguo fueron muestreados y todos exigen adjetivo. Se verifico ademas que ninguna fila mezcla la forma verbal con la adjetiva."
RPM-2012-10-18:5144:1	2012-10-18	Luis Óscar Herrera Barriga	1	ACENTO_INDEBIDO	cambiaría	cambiaria	"cambiaría por cambiaria. La tilde convierte el adjetivo en verbo condicional. Medido en todo el corpus: 241 apariciones con tilde (188 singulares y 53 dentro de ""cambiarías"", que esta regla tambien corrige porque la forma larga contiene a la corta). SOLO 3 son el condicional legitimo y sus filas quedan excluidas: ""cuanto cambiaria la estimacion"" (2005-12-13:515:1), ""no cambiaria el sesgo"" (2012-03-15:4723:1), ""no cambiaria el comportamiento"" (2014-09-11:6425:1). Las 238 restantes van siempre tras un sustantivo que exige adjetivo (apreciacion 65, depreciacion 55, intervencion 28, ...); los 46 con sustantivo ambiguo fueron muestreados y todos exigen adjetivo. Se verifico ademas que ninguna fila mezcla la forma verbal con la adjetiva."
RPM-2012-10-18:5157:1	2012-10-18	Manuel Marfán Lewis	1	ACENTO_INDEBIDO	cambiaría	cambiaria	"cambiaría por cambiaria. La tilde convierte el adjetivo en verbo condicional. Medido en todo el corpus: 241 apariciones con tilde (188 singulares y 53 dentro de ""cambiarías"", que esta regla tambien corrige porque la forma larga contiene a la corta). SOLO 3 son el condicional legitimo y sus filas quedan excluidas: ""cuanto cambiaria la estimacion"" (2005-12-13:515:1), ""no cambiaria el sesgo"" (2012-03-15:4723:1), ""no cambiaria el comportamiento"" (2014-09-11:6425:1). Las 238 restantes van siempre tras un sustantivo que exige adjetivo (apreciacion 65, depreciacion 55, intervencion 28, ...); los 46 con sustantivo ambiguo fueron muestreados y todos exigen adjetivo. Se verifico ademas que ninguna fila mezcla la forma verbal con la adjetiva."
RPM-2012-11-13:5204:1	2012-11-13	Joaquín Vial Ruiz-Tagle	1	ACENTO_INDEBIDO	cambiaría	cambiaria	"cambiaría por cambiaria. La tilde convierte el adjetivo en verbo condicional. Medido en todo el corpus: 241 apariciones con tilde (188 singulares y 53 dentro de ""cambiarías"", que esta regla tambien corrige porque la forma larga contiene a la corta). SOLO 3 son el condicional legitimo y sus filas quedan excluidas: ""cuanto cambiaria la estimacion"" (2005-12-13:515:1), ""no cambiaria el sesgo"" (2012-03-15:4723:1), ""no cambiaria el comportamiento"" (2014-09-11:6425:1). Las 238 restantes van siempre tras un sustantivo que exige adjetivo (apreciacion 65, depreciacion 55, intervencion 28, ...); los 46 con sustantivo ambiguo fueron muestreados y todos exigen adjetivo. Se verifico ademas que ninguna fila mezcla la forma verbal con la adjetiva."
RPM-2012-11-13:5207:1	2012-11-13	Claudio Soto Gamboa	1	ACENTO_INDEBIDO	cambiaría	cambiaria	"cambiaría por cambiaria. La tilde convierte el adjetivo en verbo condicional. Medido en todo el corpus: 241 apariciones con tilde (188 singulares y 53 dentro de ""cambiarías"", que esta regla tambien corrige porque la forma larga contiene a la corta). SOLO 3 son el condicional legitimo y sus filas quedan excluidas: ""cuanto cambiaria la estimacion"" (2005-12-13:515:1), ""no cambiaria el sesgo"" (2012-03-15:4723:1), ""no cambiaria el comportamiento"" (2014-09-11:6425:1). Las 238 restantes van siempre tras un sustantivo que exige adjetivo (apreciacion 65, depreciacion 55, intervencion 28, ...); los 46 con sustantivo ambiguo fueron muestreados y todos exigen adjetivo. Se verifico ademas que ninguna fila mezcla la forma verbal con la adjetiva."
RPM-2012-11-13:5215:1	2012-11-13	Sebastián Claro Edwards	1	ACENTO_INDEBIDO	cambiaría	cambiaria	"cambiaría por cambiaria. La tilde convierte el adjetivo en verbo condicional. Medido en todo el corpus: 241 apariciones con tilde (188 singulares y 53 dentro de ""cambiarías"", que esta regla tambien corrige porque la forma larga contiene a la corta). SOLO 3 son el condicional legitimo y sus filas quedan excluidas: ""cuanto cambiaria la estimacion"" (2005-12-13:515:1), ""no cambiaria el sesgo"" (2012-03-15:4723:1), ""no cambiaria el comportamiento"" (2014-09-11:6425:1). Las 238 restantes van siempre tras un sustantivo que exige adjetivo (apreciacion 65, depreciacion 55, intervencion 28, ...); los 46 con sustantivo ambiguo fueron muestreados y todos exigen adjetivo. Se verifico ademas que ninguna fila mezcla la forma verbal con la adjetiva."
RPM-2012-12-13:5225:1	2012-12-13	Sergio Lehmann Beresi	1	ACENTO_INDEBIDO	cambiaría	cambiaria	"cambiaría por cambiaria. La tilde convierte el adjetivo en verbo condicional. Medido en todo el corpus: 241 apariciones con tilde (188 singulares y 53 dentro de ""cambiarías"", que esta regla tambien corrige porque la forma larga contiene a la corta). SOLO 3 son el condicional legitimo y sus filas quedan excluidas: ""cuanto cambiaria la estimacion"" (2005-12-13:515:1), ""no cambiaria el sesgo"" (2012-03-15:4723:1), ""no cambiaria el comportamiento"" (2014-09-11:6425:1). Las 238 restantes van siempre tras un sustantivo que exige adjetivo (apreciacion 65, depreciacion 55, intervencion 28, ...); los 46 con sustantivo ambiguo fueron muestreados y todos exigen adjetivo. Se verifico ademas que ninguna fila mezcla la forma verbal con la adjetiva."
RPM-2012-12-13:5225:1	2012-12-13	Sergio Lehmann Beresi	2	LETRA_CONFUNDIDA	rmino, precisa que e! planteamiento c	rmino, precisa que el planteamiento c	"Signo de exclamación en lugar de la ele final. Medido: 42 apariciones, y todas dan palabra válida al reponer la l: de! 31 (del), coyuntura! 2, a! 2 (al), e! 2 (el), diferencia!, rea!, genera!, anua!, metano!. Se revisaron las nueve formas una por una y los cuatro casos límite (a!, e!) en su contexto: ""sorprendieron en algo a! alza"", ""precisa que e! planteamiento"", ""acceso a! financiamiento"", ""acuerdo sobre e! Mecanismo"". Ninguna es una exclamación real."
RPM-2012-12-13:5233:1	2012-12-13	Sergio Lehmann Beresi	1	ACENTO_INDEBIDO	cambiaría	cambiaria	"cambiaría por cambiaria. La tilde convierte el adjetivo en verbo condicional. Medido en todo el corpus: 241 apariciones con tilde (188 singulares y 53 dentro de ""cambiarías"", que esta regla tambien corrige porque la forma larga contiene a la corta). SOLO 3 son el condicional legitimo y sus filas quedan excluidas: ""cuanto cambiaria la estimacion"" (2005-12-13:515:1), ""no cambiaria el sesgo"" (2012-03-15:4723:1), ""no cambiaria el comportamiento"" (2014-09-11:6425:1). Las 238 restantes van siempre tras un sustantivo que exige adjetivo (apreciacion 65, depreciacion 55, intervencion 28, ...); los 46 con sustantivo ambiguo fueron muestreados y todos exigen adjetivo. Se verifico ademas que ninguna fila mezcla la forma verbal con la adjetiva."
RPM-2012-12-13:5241:1	2012-12-13	Beltrán de Ramón Acevedo	1	ACENTO_INDEBIDO	cambiaría	cambiaria	"cambiaría por cambiaria. La tilde convierte el adjetivo en verbo condicional. Medido en todo el corpus: 241 apariciones con tilde (188 singulares y 53 dentro de ""cambiarías"", que esta regla tambien corrige porque la forma larga contiene a la corta). SOLO 3 son el condicional legitimo y sus filas quedan excluidas: ""cuanto cambiaria la estimacion"" (2005-12-13:515:1), ""no cambiaria el sesgo"" (2012-03-15:4723:1), ""no cambiaria el comportamiento"" (2014-09-11:6425:1). Las 238 restantes van siempre tras un sustantivo que exige adjetivo (apreciacion 65, depreciacion 55, intervencion 28, ...); los 46 con sustantivo ambiguo fueron muestreados y todos exigen adjetivo. Se verifico ademas que ninguna fila mezcla la forma verbal con la adjetiva."
RPM-2012-12-13:5261:1	2012-12-13	Sebastián Claro Edwards	1	ACENTO_INDEBIDO	cambiaría	cambiaria	"cambiaría por cambiaria. La tilde convierte el adjetivo en verbo condicional. Medido en todo el corpus: 241 apariciones con tilde (188 singulares y 53 dentro de ""cambiarías"", que esta regla tambien corrige porque la forma larga contiene a la corta). SOLO 3 son el condicional legitimo y sus filas quedan excluidas: ""cuanto cambiaria la estimacion"" (2005-12-13:515:1), ""no cambiaria el sesgo"" (2012-03-15:4723:1), ""no cambiaria el comportamiento"" (2014-09-11:6425:1). Las 238 restantes van siempre tras un sustantivo que exige adjetivo (apreciacion 65, depreciacion 55, intervencion 28, ...); los 46 con sustantivo ambiguo fueron muestreados y todos exigen adjetivo. Se verifico ademas que ninguna fila mezcla la forma verbal con la adjetiva."
RPM-2013-01-17:5283:1	2013-01-17	Manuel Marfán Lewis	1	ACENTO_INDEBIDO	cambiaría	cambiaria	"cambiaría por cambiaria. La tilde convierte el adjetivo en verbo condicional. Medido en todo el corpus: 241 apariciones con tilde (188 singulares y 53 dentro de ""cambiarías"", que esta regla tambien corrige porque la forma larga contiene a la corta). SOLO 3 son el condicional legitimo y sus filas quedan excluidas: ""cuanto cambiaria la estimacion"" (2005-12-13:515:1), ""no cambiaria el sesgo"" (2012-03-15:4723:1), ""no cambiaria el comportamiento"" (2014-09-11:6425:1). Las 238 restantes van siempre tras un sustantivo que exige adjetivo (apreciacion 65, depreciacion 55, intervencion 28, ...); los 46 con sustantivo ambiguo fueron muestreados y todos exigen adjetivo. Se verifico ademas que ninguna fila mezcla la forma verbal con la adjetiva."
RPM-2013-01-17:5285:1	2013-01-17	Enrique Marshall Rivera	1	ACENTO_INDEBIDO	cambiaría	cambiaria	"cambiaría por cambiaria. La tilde convierte el adjetivo en verbo condicional. Medido en todo el corpus: 241 apariciones con tilde (188 singulares y 53 dentro de ""cambiarías"", que esta regla tambien corrige porque la forma larga contiene a la corta). SOLO 3 son el condicional legitimo y sus filas quedan excluidas: ""cuanto cambiaria la estimacion"" (2005-12-13:515:1), ""no cambiaria el sesgo"" (2012-03-15:4723:1), ""no cambiaria el comportamiento"" (2014-09-11:6425:1). Las 238 restantes van siempre tras un sustantivo que exige adjetivo (apreciacion 65, depreciacion 55, intervencion 28, ...); los 46 con sustantivo ambiguo fueron muestreados y todos exigen adjetivo. Se verifico ademas que ninguna fila mezcla la forma verbal con la adjetiva."
RPM-2013-01-17:5286:1	2013-01-17	Sergio Lehmann Beresi	1	ACENTO_INDEBIDO	cambiaría	cambiaria	"cambiaría por cambiaria. La tilde convierte el adjetivo en verbo condicional. Medido en todo el corpus: 241 apariciones con tilde (188 singulares y 53 dentro de ""cambiarías"", que esta regla tambien corrige porque la forma larga contiene a la corta). SOLO 3 son el condicional legitimo y sus filas quedan excluidas: ""cuanto cambiaria la estimacion"" (2005-12-13:515:1), ""no cambiaria el sesgo"" (2012-03-15:4723:1), ""no cambiaria el comportamiento"" (2014-09-11:6425:1). Las 238 restantes van siempre tras un sustantivo que exige adjetivo (apreciacion 65, depreciacion 55, intervencion 28, ...); los 46 con sustantivo ambiguo fueron muestreados y todos exigen adjetivo. Se verifico ademas que ninguna fila mezcla la forma verbal con la adjetiva."
RPM-2013-01-17:5313:1	2013-01-17	Luis Óscar Herrera Barriga	1	ACENTO_INDEBIDO	cambiaría	cambiaria	"cambiaría por cambiaria. La tilde convierte el adjetivo en verbo condicional. Medido en todo el corpus: 241 apariciones con tilde (188 singulares y 53 dentro de ""cambiarías"", que esta regla tambien corrige porque la forma larga contiene a la corta). SOLO 3 son el condicional legitimo y sus filas quedan excluidas: ""cuanto cambiaria la estimacion"" (2005-12-13:515:1), ""no cambiaria el sesgo"" (2012-03-15:4723:1), ""no cambiaria el comportamiento"" (2014-09-11:6425:1). Las 238 restantes van siempre tras un sustantivo que exige adjetivo (apreciacion 65, depreciacion 55, intervencion 28, ...); los 46 con sustantivo ambiguo fueron muestreados y todos exigen adjetivo. Se verifico ademas que ninguna fila mezcla la forma verbal con la adjetiva."
RPM-2013-01-17:5316:1	2013-01-17	Luis Óscar Herrera Barriga	1	ACENTO_INDEBIDO	cambiaría	cambiaria	"cambiaría por cambiaria. La tilde convierte el adjetivo en verbo condicional. Medido en todo el corpus: 241 apariciones con tilde (188 singulares y 53 dentro de ""cambiarías"", que esta regla tambien corrige porque la forma larga contiene a la corta). SOLO 3 son el condicional legitimo y sus filas quedan excluidas: ""cuanto cambiaria la estimacion"" (2005-12-13:515:1), ""no cambiaria el sesgo"" (2012-03-15:4723:1), ""no cambiaria el comportamiento"" (2014-09-11:6425:1). Las 238 restantes van siempre tras un sustantivo que exige adjetivo (apreciacion 65, depreciacion 55, intervencion 28, ...); los 46 con sustantivo ambiguo fueron muestreados y todos exigen adjetivo. Se verifico ademas que ninguna fila mezcla la forma verbal con la adjetiva."
RPM-2013-02-14:5334:1	2013-02-14	Sergio Lehmann Beresi	1	ACENTO_INDEBIDO	cambiaría	cambiaria	"cambiaría por cambiaria. La tilde convierte el adjetivo en verbo condicional. Medido en todo el corpus: 241 apariciones con tilde (188 singulares y 53 dentro de ""cambiarías"", que esta regla tambien corrige porque la forma larga contiene a la corta). SOLO 3 son el condicional legitimo y sus filas quedan excluidas: ""cuanto cambiaria la estimacion"" (2005-12-13:515:1), ""no cambiaria el sesgo"" (2012-03-15:4723:1), ""no cambiaria el comportamiento"" (2014-09-11:6425:1). Las 238 restantes van siempre tras un sustantivo que exige adjetivo (apreciacion 65, depreciacion 55, intervencion 28, ...); los 46 con sustantivo ambiguo fueron muestreados y todos exigen adjetivo. Se verifico ademas que ninguna fila mezcla la forma verbal con la adjetiva."
RPM-2013-02-14:5335:1	2013-02-14	Rodrigo Vergara Montes	1	ACENTO_INDEBIDO	cambiaría	cambiaria	"cambiaría por cambiaria. La tilde convierte el adjetivo en verbo condicional. Medido en todo el corpus: 241 apariciones con tilde (188 singulares y 53 dentro de ""cambiarías"", que esta regla tambien corrige porque la forma larga contiene a la corta). SOLO 3 son el condicional legitimo y sus filas quedan excluidas: ""cuanto cambiaria la estimacion"" (2005-12-13:515:1), ""no cambiaria el sesgo"" (2012-03-15:4723:1), ""no cambiaria el comportamiento"" (2014-09-11:6425:1). Las 238 restantes van siempre tras un sustantivo que exige adjetivo (apreciacion 65, depreciacion 55, intervencion 28, ...); los 46 con sustantivo ambiguo fueron muestreados y todos exigen adjetivo. Se verifico ademas que ninguna fila mezcla la forma verbal con la adjetiva."
RPM-2013-02-14:5360:1	2013-02-14	Luis Óscar Herrera Barriga	1	ACENTO_INDEBIDO	cambiaría	cambiaria	"cambiaría por cambiaria. La tilde convierte el adjetivo en verbo condicional. Medido en todo el corpus: 241 apariciones con tilde (188 singulares y 53 dentro de ""cambiarías"", que esta regla tambien corrige porque la forma larga contiene a la corta). SOLO 3 son el condicional legitimo y sus filas quedan excluidas: ""cuanto cambiaria la estimacion"" (2005-12-13:515:1), ""no cambiaria el sesgo"" (2012-03-15:4723:1), ""no cambiaria el comportamiento"" (2014-09-11:6425:1). Las 238 restantes van siempre tras un sustantivo que exige adjetivo (apreciacion 65, depreciacion 55, intervencion 28, ...); los 46 con sustantivo ambiguo fueron muestreados y todos exigen adjetivo. Se verifico ademas que ninguna fila mezcla la forma verbal con la adjetiva."
RPM-2013-02-14:5360:1	2013-02-14	Luis Óscar Herrera Barriga	2	SIMBOLO_SUELTO	 B A N C O C E N T R A L D E C H I L E		"Encabezado de pagina del PDF, ""BANCO CENTRAL DE CHILE"", capturado letra por letra y con espacios. Es un residuo de la fuente, no texto del acta: la forma normal ""BANCO CENTRAL DE CHILE"" no aparece ninguna vez en el corpus, o sea que cuando este encabezado esta presente siempre viene letra por letra. Medido: 10 apariciones en 10 filas, mas 1 truncado (""...D E C H""). La politica es eliminar los residuos de la fuente (numeros de pagina, marcas de hora, comillas huerfanas, firmas truncadas) y este es de la misma familia."
RPM-2013-02-14:5376:1	2013-02-14	Miguel Fuentes Díaz	1	ACENTO_INDEBIDO	cambiaría	cambiaria	"cambiaría por cambiaria. La tilde convierte el adjetivo en verbo condicional. Medido en todo el corpus: 241 apariciones con tilde (188 singulares y 53 dentro de ""cambiarías"", que esta regla tambien corrige porque la forma larga contiene a la corta). SOLO 3 son el condicional legitimo y sus filas quedan excluidas: ""cuanto cambiaria la estimacion"" (2005-12-13:515:1), ""no cambiaria el sesgo"" (2012-03-15:4723:1), ""no cambiaria el comportamiento"" (2014-09-11:6425:1). Las 238 restantes van siempre tras un sustantivo que exige adjetivo (apreciacion 65, depreciacion 55, intervencion 28, ...); los 46 con sustantivo ambiguo fueron muestreados y todos exigen adjetivo. Se verifico ademas que ninguna fila mezcla la forma verbal con la adjetiva."
RPM-2013-02-14:5384:1	2013-02-14	Luis Óscar Herrera Barriga	1	ACENTO_INDEBIDO	cambiaría	cambiaria	"cambiaría por cambiaria. La tilde convierte el adjetivo en verbo condicional. Medido en todo el corpus: 241 apariciones con tilde (188 singulares y 53 dentro de ""cambiarías"", que esta regla tambien corrige porque la forma larga contiene a la corta). SOLO 3 son el condicional legitimo y sus filas quedan excluidas: ""cuanto cambiaria la estimacion"" (2005-12-13:515:1), ""no cambiaria el sesgo"" (2012-03-15:4723:1), ""no cambiaria el comportamiento"" (2014-09-11:6425:1). Las 238 restantes van siempre tras un sustantivo que exige adjetivo (apreciacion 65, depreciacion 55, intervencion 28, ...); los 46 con sustantivo ambiguo fueron muestreados y todos exigen adjetivo. Se verifico ademas que ninguna fila mezcla la forma verbal con la adjetiva."
RPM-2013-03-14:5406:1	2013-03-14	Enrique Marshall Rivera	1	ACENTO_INDEBIDO	cambiaría	cambiaria	"cambiaría por cambiaria. La tilde convierte el adjetivo en verbo condicional. Medido en todo el corpus: 241 apariciones con tilde (188 singulares y 53 dentro de ""cambiarías"", que esta regla tambien corrige porque la forma larga contiene a la corta). SOLO 3 son el condicional legitimo y sus filas quedan excluidas: ""cuanto cambiaria la estimacion"" (2005-12-13:515:1), ""no cambiaria el sesgo"" (2012-03-15:4723:1), ""no cambiaria el comportamiento"" (2014-09-11:6425:1). Las 238 restantes van siempre tras un sustantivo que exige adjetivo (apreciacion 65, depreciacion 55, intervencion 28, ...); los 46 con sustantivo ambiguo fueron muestreados y todos exigen adjetivo. Se verifico ademas que ninguna fila mezcla la forma verbal con la adjetiva."
RPM-2013-03-14:5435:1	2013-03-14	Kevin Cowan Logan	1	ACENTO_INDEBIDO	cambiaría	cambiaria	"cambiaría por cambiaria. La tilde convierte el adjetivo en verbo condicional. Medido en todo el corpus: 241 apariciones con tilde (188 singulares y 53 dentro de ""cambiarías"", que esta regla tambien corrige porque la forma larga contiene a la corta). SOLO 3 son el condicional legitimo y sus filas quedan excluidas: ""cuanto cambiaria la estimacion"" (2005-12-13:515:1), ""no cambiaria el sesgo"" (2012-03-15:4723:1), ""no cambiaria el comportamiento"" (2014-09-11:6425:1). Las 238 restantes van siempre tras un sustantivo que exige adjetivo (apreciacion 65, depreciacion 55, intervencion 28, ...); los 46 con sustantivo ambiguo fueron muestreados y todos exigen adjetivo. Se verifico ademas que ninguna fila mezcla la forma verbal con la adjetiva."
RPM-2013-03-14:5447:1	2013-03-14	Sebastián Claro Edwards	1	ACENTO_INDEBIDO	cambiaría	cambiaria	"cambiaría por cambiaria. La tilde convierte el adjetivo en verbo condicional. Medido en todo el corpus: 241 apariciones con tilde (188 singulares y 53 dentro de ""cambiarías"", que esta regla tambien corrige porque la forma larga contiene a la corta). SOLO 3 son el condicional legitimo y sus filas quedan excluidas: ""cuanto cambiaria la estimacion"" (2005-12-13:515:1), ""no cambiaria el sesgo"" (2012-03-15:4723:1), ""no cambiaria el comportamiento"" (2014-09-11:6425:1). Las 238 restantes van siempre tras un sustantivo que exige adjetivo (apreciacion 65, depreciacion 55, intervencion 28, ...); los 46 con sustantivo ambiguo fueron muestreados y todos exigen adjetivo. Se verifico ademas que ninguna fila mezcla la forma verbal con la adjetiva."
RPM-2013-03-14:5451:1	2013-03-14	Manuel Marfán Lewis	1	ACENTO_INDEBIDO	cambiaría	cambiaria	"cambiaría por cambiaria. La tilde convierte el adjetivo en verbo condicional. Medido en todo el corpus: 241 apariciones con tilde (188 singulares y 53 dentro de ""cambiarías"", que esta regla tambien corrige porque la forma larga contiene a la corta). SOLO 3 son el condicional legitimo y sus filas quedan excluidas: ""cuanto cambiaria la estimacion"" (2005-12-13:515:1), ""no cambiaria el sesgo"" (2012-03-15:4723:1), ""no cambiaria el comportamiento"" (2014-09-11:6425:1). Las 238 restantes van siempre tras un sustantivo que exige adjetivo (apreciacion 65, depreciacion 55, intervencion 28, ...); los 46 con sustantivo ambiguo fueron muestreados y todos exigen adjetivo. Se verifico ademas que ninguna fila mezcla la forma verbal con la adjetiva."
RPM-2013-04-11:5461:1	2013-04-11	Sergio Lehmann Beresi	1	ACENTO_INDEBIDO	cambiaría	cambiaria	"cambiaría por cambiaria. La tilde convierte el adjetivo en verbo condicional. Medido en todo el corpus: 241 apariciones con tilde (188 singulares y 53 dentro de ""cambiarías"", que esta regla tambien corrige porque la forma larga contiene a la corta). SOLO 3 son el condicional legitimo y sus filas quedan excluidas: ""cuanto cambiaria la estimacion"" (2005-12-13:515:1), ""no cambiaria el sesgo"" (2012-03-15:4723:1), ""no cambiaria el comportamiento"" (2014-09-11:6425:1). Las 238 restantes van siempre tras un sustantivo que exige adjetivo (apreciacion 65, depreciacion 55, intervencion 28, ...); los 46 con sustantivo ambiguo fueron muestreados y todos exigen adjetivo. Se verifico ademas que ninguna fila mezcla la forma verbal con la adjetiva."
RPM-2013-04-11:5475:1	2013-04-11	Joaquín Vial Ruiz-Tagle	1	ACENTO_INDEBIDO	cambiaría	cambiaria	"cambiaría por cambiaria. La tilde convierte el adjetivo en verbo condicional. Medido en todo el corpus: 241 apariciones con tilde (188 singulares y 53 dentro de ""cambiarías"", que esta regla tambien corrige porque la forma larga contiene a la corta). SOLO 3 son el condicional legitimo y sus filas quedan excluidas: ""cuanto cambiaria la estimacion"" (2005-12-13:515:1), ""no cambiaria el sesgo"" (2012-03-15:4723:1), ""no cambiaria el comportamiento"" (2014-09-11:6425:1). Las 238 restantes van siempre tras un sustantivo que exige adjetivo (apreciacion 65, depreciacion 55, intervencion 28, ...); los 46 con sustantivo ambiguo fueron muestreados y todos exigen adjetivo. Se verifico ademas que ninguna fila mezcla la forma verbal con la adjetiva."
RPM-2013-04-11:5496:1	2013-04-11	Luis Opazo Roco	1	ACENTO_INDEBIDO	cambiaría	cambiaria	"cambiaría por cambiaria. La tilde convierte el adjetivo en verbo condicional. Medido en todo el corpus: 241 apariciones con tilde (188 singulares y 53 dentro de ""cambiarías"", que esta regla tambien corrige porque la forma larga contiene a la corta). SOLO 3 son el condicional legitimo y sus filas quedan excluidas: ""cuanto cambiaria la estimacion"" (2005-12-13:515:1), ""no cambiaria el sesgo"" (2012-03-15:4723:1), ""no cambiaria el comportamiento"" (2014-09-11:6425:1). Las 238 restantes van siempre tras un sustantivo que exige adjetivo (apreciacion 65, depreciacion 55, intervencion 28, ...); los 46 con sustantivo ambiguo fueron muestreados y todos exigen adjetivo. Se verifico ademas que ninguna fila mezcla la forma verbal con la adjetiva."
RPM-2013-04-11:5501:1	2013-04-11	Beltrán de Ramón Acevedo	1	ACENTO_INDEBIDO	cambiaría	cambiaria	"cambiaría por cambiaria. La tilde convierte el adjetivo en verbo condicional. Medido en todo el corpus: 241 apariciones con tilde (188 singulares y 53 dentro de ""cambiarías"", que esta regla tambien corrige porque la forma larga contiene a la corta). SOLO 3 son el condicional legitimo y sus filas quedan excluidas: ""cuanto cambiaria la estimacion"" (2005-12-13:515:1), ""no cambiaria el sesgo"" (2012-03-15:4723:1), ""no cambiaria el comportamiento"" (2014-09-11:6425:1). Las 238 restantes van siempre tras un sustantivo que exige adjetivo (apreciacion 65, depreciacion 55, intervencion 28, ...); los 46 con sustantivo ambiguo fueron muestreados y todos exigen adjetivo. Se verifico ademas que ninguna fila mezcla la forma verbal con la adjetiva."
RPM-2013-05-16:5520:1	2013-05-16	Luis Óscar Herrera Barriga	1	ACENTO_INDEBIDO	cambiaría	cambiaria	"cambiaría por cambiaria. La tilde convierte el adjetivo en verbo condicional. Medido en todo el corpus: 241 apariciones con tilde (188 singulares y 53 dentro de ""cambiarías"", que esta regla tambien corrige porque la forma larga contiene a la corta). SOLO 3 son el condicional legitimo y sus filas quedan excluidas: ""cuanto cambiaria la estimacion"" (2005-12-13:515:1), ""no cambiaria el sesgo"" (2012-03-15:4723:1), ""no cambiaria el comportamiento"" (2014-09-11:6425:1). Las 238 restantes van siempre tras un sustantivo que exige adjetivo (apreciacion 65, depreciacion 55, intervencion 28, ...); los 46 con sustantivo ambiguo fueron muestreados y todos exigen adjetivo. Se verifico ademas que ninguna fila mezcla la forma verbal con la adjetiva."
RPM-2013-05-16:5520:2	2013-05-16	Sergio Lehmann Beresi	1	ACENTO_INDEBIDO	cambiaría	cambiaria	"cambiaría por cambiaria. La tilde convierte el adjetivo en verbo condicional. Medido en todo el corpus: 241 apariciones con tilde (188 singulares y 53 dentro de ""cambiarías"", que esta regla tambien corrige porque la forma larga contiene a la corta). SOLO 3 son el condicional legitimo y sus filas quedan excluidas: ""cuanto cambiaria la estimacion"" (2005-12-13:515:1), ""no cambiaria el sesgo"" (2012-03-15:4723:1), ""no cambiaria el comportamiento"" (2014-09-11:6425:1). Las 238 restantes van siempre tras un sustantivo que exige adjetivo (apreciacion 65, depreciacion 55, intervencion 28, ...); los 46 con sustantivo ambiguo fueron muestreados y todos exigen adjetivo. Se verifico ademas que ninguna fila mezcla la forma verbal con la adjetiva."
RPM-2013-05-16:5529:1	2013-05-16	Manuel Marfán Lewis	1	ACENTO_INDEBIDO	cambiaría	cambiaria	"cambiaría por cambiaria. La tilde convierte el adjetivo en verbo condicional. Medido en todo el corpus: 241 apariciones con tilde (188 singulares y 53 dentro de ""cambiarías"", que esta regla tambien corrige porque la forma larga contiene a la corta). SOLO 3 son el condicional legitimo y sus filas quedan excluidas: ""cuanto cambiaria la estimacion"" (2005-12-13:515:1), ""no cambiaria el sesgo"" (2012-03-15:4723:1), ""no cambiaria el comportamiento"" (2014-09-11:6425:1). Las 238 restantes van siempre tras un sustantivo que exige adjetivo (apreciacion 65, depreciacion 55, intervencion 28, ...); los 46 con sustantivo ambiguo fueron muestreados y todos exigen adjetivo. Se verifico ademas que ninguna fila mezcla la forma verbal con la adjetiva."
RPM-2013-05-16:5533:1	2013-05-16	Rodrigo Vergara Montes	1	ACENTO_INDEBIDO	cambiaría	cambiaria	"cambiaría por cambiaria. La tilde convierte el adjetivo en verbo condicional. Medido en todo el corpus: 241 apariciones con tilde (188 singulares y 53 dentro de ""cambiarías"", que esta regla tambien corrige porque la forma larga contiene a la corta). SOLO 3 son el condicional legitimo y sus filas quedan excluidas: ""cuanto cambiaria la estimacion"" (2005-12-13:515:1), ""no cambiaria el sesgo"" (2012-03-15:4723:1), ""no cambiaria el comportamiento"" (2014-09-11:6425:1). Las 238 restantes van siempre tras un sustantivo que exige adjetivo (apreciacion 65, depreciacion 55, intervencion 28, ...); los 46 con sustantivo ambiguo fueron muestreados y todos exigen adjetivo. Se verifico ademas que ninguna fila mezcla la forma verbal con la adjetiva."
RPM-2013-05-16:5541:1	2013-05-16	Manuel Marfán Lewis	1	ACENTO_INDEBIDO	cambiaría	cambiaria	"cambiaría por cambiaria. La tilde convierte el adjetivo en verbo condicional. Medido en todo el corpus: 241 apariciones con tilde (188 singulares y 53 dentro de ""cambiarías"", que esta regla tambien corrige porque la forma larga contiene a la corta). SOLO 3 son el condicional legitimo y sus filas quedan excluidas: ""cuanto cambiaria la estimacion"" (2005-12-13:515:1), ""no cambiaria el sesgo"" (2012-03-15:4723:1), ""no cambiaria el comportamiento"" (2014-09-11:6425:1). Las 238 restantes van siempre tras un sustantivo que exige adjetivo (apreciacion 65, depreciacion 55, intervencion 28, ...); los 46 con sustantivo ambiguo fueron muestreados y todos exigen adjetivo. Se verifico ademas que ninguna fila mezcla la forma verbal con la adjetiva."
RPM-2013-05-16:5544:1	2013-05-16	Rodrigo Vergara Montes	1	ACENTO_INDEBIDO	cambiaría	cambiaria	"cambiaría por cambiaria. La tilde convierte el adjetivo en verbo condicional. Medido en todo el corpus: 241 apariciones con tilde (188 singulares y 53 dentro de ""cambiarías"", que esta regla tambien corrige porque la forma larga contiene a la corta). SOLO 3 son el condicional legitimo y sus filas quedan excluidas: ""cuanto cambiaria la estimacion"" (2005-12-13:515:1), ""no cambiaria el sesgo"" (2012-03-15:4723:1), ""no cambiaria el comportamiento"" (2014-09-11:6425:1). Las 238 restantes van siempre tras un sustantivo que exige adjetivo (apreciacion 65, depreciacion 55, intervencion 28, ...); los 46 con sustantivo ambiguo fueron muestreados y todos exigen adjetivo. Se verifico ademas que ninguna fila mezcla la forma verbal con la adjetiva."
RPM-2013-05-16:5556:1	2013-05-16	Felipe Larraín Bascuñán	1	ACENTO_INDEBIDO	cambiaría	cambiaria	"cambiaría por cambiaria. La tilde convierte el adjetivo en verbo condicional. Medido en todo el corpus: 241 apariciones con tilde (188 singulares y 53 dentro de ""cambiarías"", que esta regla tambien corrige porque la forma larga contiene a la corta). SOLO 3 son el condicional legitimo y sus filas quedan excluidas: ""cuanto cambiaria la estimacion"" (2005-12-13:515:1), ""no cambiaria el sesgo"" (2012-03-15:4723:1), ""no cambiaria el comportamiento"" (2014-09-11:6425:1). Las 238 restantes van siempre tras un sustantivo que exige adjetivo (apreciacion 65, depreciacion 55, intervencion 28, ...); los 46 con sustantivo ambiguo fueron muestreados y todos exigen adjetivo. Se verifico ademas que ninguna fila mezcla la forma verbal con la adjetiva."
RPM-2013-05-16:5566:1	2013-05-16	Rodrigo Vergara Montes	1	ACENTO_INDEBIDO	cambiaría	cambiaria	"cambiaría por cambiaria. La tilde convierte el adjetivo en verbo condicional. Medido en todo el corpus: 241 apariciones con tilde (188 singulares y 53 dentro de ""cambiarías"", que esta regla tambien corrige porque la forma larga contiene a la corta). SOLO 3 son el condicional legitimo y sus filas quedan excluidas: ""cuanto cambiaria la estimacion"" (2005-12-13:515:1), ""no cambiaria el sesgo"" (2012-03-15:4723:1), ""no cambiaria el comportamiento"" (2014-09-11:6425:1). Las 238 restantes van siempre tras un sustantivo que exige adjetivo (apreciacion 65, depreciacion 55, intervencion 28, ...); los 46 con sustantivo ambiguo fueron muestreados y todos exigen adjetivo. Se verifico ademas que ninguna fila mezcla la forma verbal con la adjetiva."
RPM-2013-06-13:5577:1	2013-06-13	Sergio Lehmann Beresi	1	ACENTO_INDEBIDO	cambiaría	cambiaria	"cambiaría por cambiaria. La tilde convierte el adjetivo en verbo condicional. Medido en todo el corpus: 241 apariciones con tilde (188 singulares y 53 dentro de ""cambiarías"", que esta regla tambien corrige porque la forma larga contiene a la corta). SOLO 3 son el condicional legitimo y sus filas quedan excluidas: ""cuanto cambiaria la estimacion"" (2005-12-13:515:1), ""no cambiaria el sesgo"" (2012-03-15:4723:1), ""no cambiaria el comportamiento"" (2014-09-11:6425:1). Las 238 restantes van siempre tras un sustantivo que exige adjetivo (apreciacion 65, depreciacion 55, intervencion 28, ...); los 46 con sustantivo ambiguo fueron muestreados y todos exigen adjetivo. Se verifico ademas que ninguna fila mezcla la forma verbal con la adjetiva."
RPM-2013-06-13:5577:1	2013-06-13	Sergio Lehmann Beresi	2	LETRA_CONFUNDIDA	Además, precisa que ios ajustes al alza	Además, precisa que los ajustes al alza	"""ios"" por ""los"": la l se leyo como i, la misma regla que produce ""ai"" por ""al"" (§12). Medido: 90 apariciones en 88 filas contra 32.215 de ""los"". ""ios"" no es palabra del español. Se comprobo la palabra que precede a las 90 y en todas corresponde un articulo: de 25, en 14, que 12, a 9, para 5, todos 3, con 2, y 2, por 2, y el resto tras cuando, durante, analizan, septiembre, o una comilla de apertura."
RPM-2013-06-13:5603:1	2013-06-13	Claudio Soto Gamboa	1	ACENTO_INDEBIDO	cambiaría	cambiaria	"cambiaría por cambiaria. La tilde convierte el adjetivo en verbo condicional. Medido en todo el corpus: 241 apariciones con tilde (188 singulares y 53 dentro de ""cambiarías"", que esta regla tambien corrige porque la forma larga contiene a la corta). SOLO 3 son el condicional legitimo y sus filas quedan excluidas: ""cuanto cambiaria la estimacion"" (2005-12-13:515:1), ""no cambiaria el sesgo"" (2012-03-15:4723:1), ""no cambiaria el comportamiento"" (2014-09-11:6425:1). Las 238 restantes van siempre tras un sustantivo que exige adjetivo (apreciacion 65, depreciacion 55, intervencion 28, ...); los 46 con sustantivo ambiguo fueron muestreados y todos exigen adjetivo. Se verifico ademas que ninguna fila mezcla la forma verbal con la adjetiva."
RPM-2013-06-13:5608:1	2013-06-13	Manuel Marfán Lewis	1	ACENTO_INDEBIDO	cambiaría	cambiaria	"cambiaría por cambiaria. La tilde convierte el adjetivo en verbo condicional. Medido en todo el corpus: 241 apariciones con tilde (188 singulares y 53 dentro de ""cambiarías"", que esta regla tambien corrige porque la forma larga contiene a la corta). SOLO 3 son el condicional legitimo y sus filas quedan excluidas: ""cuanto cambiaria la estimacion"" (2005-12-13:515:1), ""no cambiaria el sesgo"" (2012-03-15:4723:1), ""no cambiaria el comportamiento"" (2014-09-11:6425:1). Las 238 restantes van siempre tras un sustantivo que exige adjetivo (apreciacion 65, depreciacion 55, intervencion 28, ...); los 46 con sustantivo ambiguo fueron muestreados y todos exigen adjetivo. Se verifico ademas que ninguna fila mezcla la forma verbal con la adjetiva."
RPM-2013-06-13:5624:1	2013-06-13	Felipe Larraín Bascuñán	1	ACENTO_INDEBIDO	cambiaría	cambiaria	"cambiaría por cambiaria. La tilde convierte el adjetivo en verbo condicional. Medido en todo el corpus: 241 apariciones con tilde (188 singulares y 53 dentro de ""cambiarías"", que esta regla tambien corrige porque la forma larga contiene a la corta). SOLO 3 son el condicional legitimo y sus filas quedan excluidas: ""cuanto cambiaria la estimacion"" (2005-12-13:515:1), ""no cambiaria el sesgo"" (2012-03-15:4723:1), ""no cambiaria el comportamiento"" (2014-09-11:6425:1). Las 238 restantes van siempre tras un sustantivo que exige adjetivo (apreciacion 65, depreciacion 55, intervencion 28, ...); los 46 con sustantivo ambiguo fueron muestreados y todos exigen adjetivo. Se verifico ademas que ninguna fila mezcla la forma verbal con la adjetiva."
RPM-2013-07-11:5647:2	2013-07-11	Sergio Lehmann Beresi	1	ACENTO_INDEBIDO	cambiaría	cambiaria	"cambiaría por cambiaria. La tilde convierte el adjetivo en verbo condicional. Medido en todo el corpus: 241 apariciones con tilde (188 singulares y 53 dentro de ""cambiarías"", que esta regla tambien corrige porque la forma larga contiene a la corta). SOLO 3 son el condicional legitimo y sus filas quedan excluidas: ""cuanto cambiaria la estimacion"" (2005-12-13:515:1), ""no cambiaria el sesgo"" (2012-03-15:4723:1), ""no cambiaria el comportamiento"" (2014-09-11:6425:1). Las 238 restantes van siempre tras un sustantivo que exige adjetivo (apreciacion 65, depreciacion 55, intervencion 28, ...); los 46 con sustantivo ambiguo fueron muestreados y todos exigen adjetivo. Se verifico ademas que ninguna fila mezcla la forma verbal con la adjetiva."
RPM-2013-07-11:5689:1	2013-07-11	Felipe Larraín Bascuñán	1	ACENTO_INDEBIDO	cambiaría	cambiaria	"cambiaría por cambiaria. La tilde convierte el adjetivo en verbo condicional. Medido en todo el corpus: 241 apariciones con tilde (188 singulares y 53 dentro de ""cambiarías"", que esta regla tambien corrige porque la forma larga contiene a la corta). SOLO 3 son el condicional legitimo y sus filas quedan excluidas: ""cuanto cambiaria la estimacion"" (2005-12-13:515:1), ""no cambiaria el sesgo"" (2012-03-15:4723:1), ""no cambiaria el comportamiento"" (2014-09-11:6425:1). Las 238 restantes van siempre tras un sustantivo que exige adjetivo (apreciacion 65, depreciacion 55, intervencion 28, ...); los 46 con sustantivo ambiguo fueron muestreados y todos exigen adjetivo. Se verifico ademas que ninguna fila mezcla la forma verbal con la adjetiva."
RPM-2013-08-13:5707:1	2013-08-13	Sergio Lehmann Beresi	1	ACENTO_INDEBIDO	cambiaría	cambiaria	"cambiaría por cambiaria. La tilde convierte el adjetivo en verbo condicional. Medido en todo el corpus: 241 apariciones con tilde (188 singulares y 53 dentro de ""cambiarías"", que esta regla tambien corrige porque la forma larga contiene a la corta). SOLO 3 son el condicional legitimo y sus filas quedan excluidas: ""cuanto cambiaria la estimacion"" (2005-12-13:515:1), ""no cambiaria el sesgo"" (2012-03-15:4723:1), ""no cambiaria el comportamiento"" (2014-09-11:6425:1). Las 238 restantes van siempre tras un sustantivo que exige adjetivo (apreciacion 65, depreciacion 55, intervencion 28, ...); los 46 con sustantivo ambiguo fueron muestreados y todos exigen adjetivo. Se verifico ademas que ninguna fila mezcla la forma verbal con la adjetiva."
RPM-2013-11-19:5865:1	2013-11-19	Sebastián Claro Edwards	1	ACENTO_INDEBIDO	cambiaría	cambiaria	"cambiaría por cambiaria. La tilde convierte el adjetivo en verbo condicional. Medido en todo el corpus: 241 apariciones con tilde (188 singulares y 53 dentro de ""cambiarías"", que esta regla tambien corrige porque la forma larga contiene a la corta). SOLO 3 son el condicional legitimo y sus filas quedan excluidas: ""cuanto cambiaria la estimacion"" (2005-12-13:515:1), ""no cambiaria el sesgo"" (2012-03-15:4723:1), ""no cambiaria el comportamiento"" (2014-09-11:6425:1). Las 238 restantes van siempre tras un sustantivo que exige adjetivo (apreciacion 65, depreciacion 55, intervencion 28, ...); los 46 con sustantivo ambiguo fueron muestreados y todos exigen adjetivo. Se verifico ademas que ninguna fila mezcla la forma verbal con la adjetiva."
RPM-2013-11-19:5895:1	2013-11-19	Sebastián Claro Edwards	1	ACENTO_INDEBIDO	cambiaría	cambiaria	"cambiaría por cambiaria. La tilde convierte el adjetivo en verbo condicional. Medido en todo el corpus: 241 apariciones con tilde (188 singulares y 53 dentro de ""cambiarías"", que esta regla tambien corrige porque la forma larga contiene a la corta). SOLO 3 son el condicional legitimo y sus filas quedan excluidas: ""cuanto cambiaria la estimacion"" (2005-12-13:515:1), ""no cambiaria el sesgo"" (2012-03-15:4723:1), ""no cambiaria el comportamiento"" (2014-09-11:6425:1). Las 238 restantes van siempre tras un sustantivo que exige adjetivo (apreciacion 65, depreciacion 55, intervencion 28, ...); los 46 con sustantivo ambiguo fueron muestreados y todos exigen adjetivo. Se verifico ademas que ninguna fila mezcla la forma verbal con la adjetiva."
RPM-2013-12-12:5915:1	2013-12-12	Sebastián Claro Edwards	1	ACENTO_INDEBIDO	cambiaría	cambiaria	"cambiaría por cambiaria. La tilde convierte el adjetivo en verbo condicional. Medido en todo el corpus: 241 apariciones con tilde (188 singulares y 53 dentro de ""cambiarías"", que esta regla tambien corrige porque la forma larga contiene a la corta). SOLO 3 son el condicional legitimo y sus filas quedan excluidas: ""cuanto cambiaria la estimacion"" (2005-12-13:515:1), ""no cambiaria el sesgo"" (2012-03-15:4723:1), ""no cambiaria el comportamiento"" (2014-09-11:6425:1). Las 238 restantes van siempre tras un sustantivo que exige adjetivo (apreciacion 65, depreciacion 55, intervencion 28, ...); los 46 con sustantivo ambiguo fueron muestreados y todos exigen adjetivo. Se verifico ademas que ninguna fila mezcla la forma verbal con la adjetiva."
RPM-2014-01-16:6002:1	2014-01-16	Sebastián Claro Edwards	1	ACENTO_INDEBIDO	cambiaría	cambiaria	"cambiaría por cambiaria. La tilde convierte el adjetivo en verbo condicional. Medido en todo el corpus: 241 apariciones con tilde (188 singulares y 53 dentro de ""cambiarías"", que esta regla tambien corrige porque la forma larga contiene a la corta). SOLO 3 son el condicional legitimo y sus filas quedan excluidas: ""cuanto cambiaria la estimacion"" (2005-12-13:515:1), ""no cambiaria el sesgo"" (2012-03-15:4723:1), ""no cambiaria el comportamiento"" (2014-09-11:6425:1). Las 238 restantes van siempre tras un sustantivo que exige adjetivo (apreciacion 65, depreciacion 55, intervencion 28, ...); los 46 con sustantivo ambiguo fueron muestreados y todos exigen adjetivo. Se verifico ademas que ninguna fila mezcla la forma verbal con la adjetiva."
RPM-2014-02-18:6010:1	2014-02-18	Pablo García Silva	1	ACENTO_INDEBIDO	cambiaría	cambiaria	"cambiaría por cambiaria. La tilde convierte el adjetivo en verbo condicional. Medido en todo el corpus: 241 apariciones con tilde (188 singulares y 53 dentro de ""cambiarías"", que esta regla tambien corrige porque la forma larga contiene a la corta). SOLO 3 son el condicional legitimo y sus filas quedan excluidas: ""cuanto cambiaria la estimacion"" (2005-12-13:515:1), ""no cambiaria el sesgo"" (2012-03-15:4723:1), ""no cambiaria el comportamiento"" (2014-09-11:6425:1). Las 238 restantes van siempre tras un sustantivo que exige adjetivo (apreciacion 65, depreciacion 55, intervencion 28, ...); los 46 con sustantivo ambiguo fueron muestreados y todos exigen adjetivo. Se verifico ademas que ninguna fila mezcla la forma verbal con la adjetiva."
RPM-2014-02-18:6014:1	2014-02-18	Pablo García Silva	1	ACENTO_INDEBIDO	cambiaría	cambiaria	"cambiaría por cambiaria. La tilde convierte el adjetivo en verbo condicional. Medido en todo el corpus: 241 apariciones con tilde (188 singulares y 53 dentro de ""cambiarías"", que esta regla tambien corrige porque la forma larga contiene a la corta). SOLO 3 son el condicional legitimo y sus filas quedan excluidas: ""cuanto cambiaria la estimacion"" (2005-12-13:515:1), ""no cambiaria el sesgo"" (2012-03-15:4723:1), ""no cambiaria el comportamiento"" (2014-09-11:6425:1). Las 238 restantes van siempre tras un sustantivo que exige adjetivo (apreciacion 65, depreciacion 55, intervencion 28, ...); los 46 con sustantivo ambiguo fueron muestreados y todos exigen adjetivo. Se verifico ademas que ninguna fila mezcla la forma verbal con la adjetiva."
RPM-2014-02-18:6027:1	2014-02-18	Claudio Soto Gamboa	1	ACENTO_INDEBIDO	cambiaría	cambiaria	"cambiaría por cambiaria. La tilde convierte el adjetivo en verbo condicional. Medido en todo el corpus: 241 apariciones con tilde (188 singulares y 53 dentro de ""cambiarías"", que esta regla tambien corrige porque la forma larga contiene a la corta). SOLO 3 son el condicional legitimo y sus filas quedan excluidas: ""cuanto cambiaria la estimacion"" (2005-12-13:515:1), ""no cambiaria el sesgo"" (2012-03-15:4723:1), ""no cambiaria el comportamiento"" (2014-09-11:6425:1). Las 238 restantes van siempre tras un sustantivo que exige adjetivo (apreciacion 65, depreciacion 55, intervencion 28, ...); los 46 con sustantivo ambiguo fueron muestreados y todos exigen adjetivo. Se verifico ademas que ninguna fila mezcla la forma verbal con la adjetiva."
RPM-2014-02-18:6035:1	2014-02-18	Pablo García Silva	1	ACENTO_INDEBIDO	cambiaría	cambiaria	"cambiaría por cambiaria. La tilde convierte el adjetivo en verbo condicional. Medido en todo el corpus: 241 apariciones con tilde (188 singulares y 53 dentro de ""cambiarías"", que esta regla tambien corrige porque la forma larga contiene a la corta). SOLO 3 son el condicional legitimo y sus filas quedan excluidas: ""cuanto cambiaria la estimacion"" (2005-12-13:515:1), ""no cambiaria el sesgo"" (2012-03-15:4723:1), ""no cambiaria el comportamiento"" (2014-09-11:6425:1). Las 238 restantes van siempre tras un sustantivo que exige adjetivo (apreciacion 65, depreciacion 55, intervencion 28, ...); los 46 con sustantivo ambiguo fueron muestreados y todos exigen adjetivo. Se verifico ademas que ninguna fila mezcla la forma verbal con la adjetiva."
RPM-2014-02-18:6037:1	2014-02-18	Rodrigo Vergara Montes	1	ACENTO_INDEBIDO	cambiaría	cambiaria	"cambiaría por cambiaria. La tilde convierte el adjetivo en verbo condicional. Medido en todo el corpus: 241 apariciones con tilde (188 singulares y 53 dentro de ""cambiarías"", que esta regla tambien corrige porque la forma larga contiene a la corta). SOLO 3 son el condicional legitimo y sus filas quedan excluidas: ""cuanto cambiaria la estimacion"" (2005-12-13:515:1), ""no cambiaria el sesgo"" (2012-03-15:4723:1), ""no cambiaria el comportamiento"" (2014-09-11:6425:1). Las 238 restantes van siempre tras un sustantivo que exige adjetivo (apreciacion 65, depreciacion 55, intervencion 28, ...); los 46 con sustantivo ambiguo fueron muestreados y todos exigen adjetivo. Se verifico ademas que ninguna fila mezcla la forma verbal con la adjetiva."
RPM-2014-02-18:6051:1	2014-02-18	Sebastián Claro Edwards	1	ACENTO_INDEBIDO	cambiaría	cambiaria	"cambiaría por cambiaria. La tilde convierte el adjetivo en verbo condicional. Medido en todo el corpus: 241 apariciones con tilde (188 singulares y 53 dentro de ""cambiarías"", que esta regla tambien corrige porque la forma larga contiene a la corta). SOLO 3 son el condicional legitimo y sus filas quedan excluidas: ""cuanto cambiaria la estimacion"" (2005-12-13:515:1), ""no cambiaria el sesgo"" (2012-03-15:4723:1), ""no cambiaria el comportamiento"" (2014-09-11:6425:1). Las 238 restantes van siempre tras un sustantivo que exige adjetivo (apreciacion 65, depreciacion 55, intervencion 28, ...); los 46 con sustantivo ambiguo fueron muestreados y todos exigen adjetivo. Se verifico ademas que ninguna fila mezcla la forma verbal con la adjetiva."
RPM-2014-02-18:6055:1	2014-02-18	Rodrigo Vergara Montes	1	ACENTO_INDEBIDO	cambiaría	cambiaria	"cambiaría por cambiaria. La tilde convierte el adjetivo en verbo condicional. Medido en todo el corpus: 241 apariciones con tilde (188 singulares y 53 dentro de ""cambiarías"", que esta regla tambien corrige porque la forma larga contiene a la corta). SOLO 3 son el condicional legitimo y sus filas quedan excluidas: ""cuanto cambiaria la estimacion"" (2005-12-13:515:1), ""no cambiaria el sesgo"" (2012-03-15:4723:1), ""no cambiaria el comportamiento"" (2014-09-11:6425:1). Las 238 restantes van siempre tras un sustantivo que exige adjetivo (apreciacion 65, depreciacion 55, intervencion 28, ...); los 46 con sustantivo ambiguo fueron muestreados y todos exigen adjetivo. Se verifico ademas que ninguna fila mezcla la forma verbal con la adjetiva."
RPM-2014-03-13:6078:1	2014-03-13	Pablo García Silva	1	ACENTO_INDEBIDO	cambiaría	cambiaria	"cambiaría por cambiaria. La tilde convierte el adjetivo en verbo condicional. Medido en todo el corpus: 241 apariciones con tilde (188 singulares y 53 dentro de ""cambiarías"", que esta regla tambien corrige porque la forma larga contiene a la corta). SOLO 3 son el condicional legitimo y sus filas quedan excluidas: ""cuanto cambiaria la estimacion"" (2005-12-13:515:1), ""no cambiaria el sesgo"" (2012-03-15:4723:1), ""no cambiaria el comportamiento"" (2014-09-11:6425:1). Las 238 restantes van siempre tras un sustantivo que exige adjetivo (apreciacion 65, depreciacion 55, intervencion 28, ...); los 46 con sustantivo ambiguo fueron muestreados y todos exigen adjetivo. Se verifico ademas que ninguna fila mezcla la forma verbal con la adjetiva."
RPM-2014-03-13:6085:1	2014-03-13	Miguel Fuentes Díaz	1	ACENTO_INDEBIDO	cambiaría	cambiaria	"cambiaría por cambiaria. La tilde convierte el adjetivo en verbo condicional. Medido en todo el corpus: 241 apariciones con tilde (188 singulares y 53 dentro de ""cambiarías"", que esta regla tambien corrige porque la forma larga contiene a la corta). SOLO 3 son el condicional legitimo y sus filas quedan excluidas: ""cuanto cambiaria la estimacion"" (2005-12-13:515:1), ""no cambiaria el sesgo"" (2012-03-15:4723:1), ""no cambiaria el comportamiento"" (2014-09-11:6425:1). Las 238 restantes van siempre tras un sustantivo que exige adjetivo (apreciacion 65, depreciacion 55, intervencion 28, ...); los 46 con sustantivo ambiguo fueron muestreados y todos exigen adjetivo. Se verifico ademas que ninguna fila mezcla la forma verbal con la adjetiva."
RPM-2014-03-13:6085:1	2014-03-13	Miguel Fuentes Díaz	2	LETRA_CONFUNDIDA	ebrero En lo atinente ai comercio, informa que	ebrero En lo atinente al comercio, informa que	"""ai"" por ""al"": la l se leyo como i. Medido en toda la salida: 26 apariciones de la palabra suelta ""ai"" en 26 filas, y ""ai"" no es una palabra del español. En cambio ""al"" aparece miles de veces y ""al alza"" 1.405 contra 3 de ""ai alza"". Se revisaron una por una las 26 apariciones y en todas el contexto exige ""al"" (""asociadas ai sector exportador"", ""converge ai mismo nivel"", ""autorizó ai Banco Central"", ""mayor ai previsto"", ""Agrega que, ai respecto"", ""superior ai 9,5%""). No hay ninguna fila en que ""ai"" sea otra cosa."
RPM-2014-03-13:6085:1	2014-03-13	Miguel Fuentes Díaz	3	LETRA_CONFUNDIDA	pción de demanda de ios empresarios del	pción de demanda de los empresarios del	"""ios"" por ""los"": la l se leyo como i, la misma regla que produce ""ai"" por ""al"" (§12). Medido: 90 apariciones en 88 filas contra 32.215 de ""los"". ""ios"" no es palabra del español. Se comprobo la palabra que precede a las 90 y en todas corresponde un articulo: de 25, en 14, que 12, a 9, para 5, todos 3, con 2, y 2, por 2, y el resto tras cuando, durante, analizan, septiembre, o una comilla de apertura."
RPM-2014-03-13:6085:1	2014-03-13	Miguel Fuentes Díaz	4	LETRA_CONFUNDIDA	visión a la baja de ios datos de edific	visión a la baja de los datos de edific	"""ios"" por ""los"": la l se leyo como i, la misma regla que produce ""ai"" por ""al"" (§12). Medido: 90 apariciones en 88 filas contra 32.215 de ""los"". ""ios"" no es palabra del español. Se comprobo la palabra que precede a las 90 y en todas corresponde un articulo: de 25, en 14, que 12, a 9, para 5, todos 3, con 2, y 2, por 2, y el resto tras cuando, durante, analizan, septiembre, o una comilla de apertura."
RPM-2014-03-13:6087:1	2014-03-13	Miguel Fuentes Díaz	1	LETRA_CONFUNDIDA	cambiarlo	cambiario	"cambiarlo por cambiario. Misma familia: el OCR puso una l donde va una i. Medido: 60 apariciones, de las cuales 16 son ""cambiarlos"" (la forma larga contiene a la corta, y esta regla las corrige tambien). 6 son el infinitivo legitimo y sus filas quedan excluidas: ""habria que cambiarlos por papeles"" (2006-08-10:812:1), ""hay que cambiarlo"" (2006-11-16:980:1), ""haya que cambiarlo"" (2007-03-15:1146:1), ""no puede cambiarlo"" (2008-08-14:2022:1), ""no hay antecedentes para cambiarlo"" (2010-08-12:3317:1), ""razones para cambiarlo"" (2012-05-17:4843:1). Las 54 restantes son adjetivas: ""el lado cambiarlo"", ""en lo cambiarlo"", ""los mercados financieros y cambiarlos"". Los 11 contextos con palabra funcion delante se revisaron uno por uno."
RPM-2014-03-13:6092:1	2014-03-13	Sebastián Claro Edwards	1	ACENTO_INDEBIDO	cambiaría	cambiaria	"cambiaría por cambiaria. La tilde convierte el adjetivo en verbo condicional. Medido en todo el corpus: 241 apariciones con tilde (188 singulares y 53 dentro de ""cambiarías"", que esta regla tambien corrige porque la forma larga contiene a la corta). SOLO 3 son el condicional legitimo y sus filas quedan excluidas: ""cuanto cambiaria la estimacion"" (2005-12-13:515:1), ""no cambiaria el sesgo"" (2012-03-15:4723:1), ""no cambiaria el comportamiento"" (2014-09-11:6425:1). Las 238 restantes van siempre tras un sustantivo que exige adjetivo (apreciacion 65, depreciacion 55, intervencion 28, ...); los 46 con sustantivo ambiguo fueron muestreados y todos exigen adjetivo. Se verifico ademas que ninguna fila mezcla la forma verbal con la adjetiva."
RPM-2014-04-17:6171:1	2014-04-17	Alberto Arenas de Mesa	1	ACENTO_INDEBIDO	cambiaría	cambiaria	"cambiaría por cambiaria. La tilde convierte el adjetivo en verbo condicional. Medido en todo el corpus: 241 apariciones con tilde (188 singulares y 53 dentro de ""cambiarías"", que esta regla tambien corrige porque la forma larga contiene a la corta). SOLO 3 son el condicional legitimo y sus filas quedan excluidas: ""cuanto cambiaria la estimacion"" (2005-12-13:515:1), ""no cambiaria el sesgo"" (2012-03-15:4723:1), ""no cambiaria el comportamiento"" (2014-09-11:6425:1). Las 238 restantes van siempre tras un sustantivo que exige adjetivo (apreciacion 65, depreciacion 55, intervencion 28, ...); los 46 con sustantivo ambiguo fueron muestreados y todos exigen adjetivo. Se verifico ademas que ninguna fila mezcla la forma verbal con la adjetiva."
RPM-2014-05-15:6184:1	2014-05-15	Beltrán de Ramón Acevedo	1	ACENTO_INDEBIDO	cambiaría	cambiaria	"cambiaría por cambiaria. La tilde convierte el adjetivo en verbo condicional. Medido en todo el corpus: 241 apariciones con tilde (188 singulares y 53 dentro de ""cambiarías"", que esta regla tambien corrige porque la forma larga contiene a la corta). SOLO 3 son el condicional legitimo y sus filas quedan excluidas: ""cuanto cambiaria la estimacion"" (2005-12-13:515:1), ""no cambiaria el sesgo"" (2012-03-15:4723:1), ""no cambiaria el comportamiento"" (2014-09-11:6425:1). Las 238 restantes van siempre tras un sustantivo que exige adjetivo (apreciacion 65, depreciacion 55, intervencion 28, ...); los 46 con sustantivo ambiguo fueron muestreados y todos exigen adjetivo. Se verifico ademas que ninguna fila mezcla la forma verbal con la adjetiva."
RPM-2014-05-15:6185:1	2014-05-15	Sergio Lehmann Beresi	1	ACENTO_INDEBIDO	cambiaría	cambiaria	"cambiaría por cambiaria. La tilde convierte el adjetivo en verbo condicional. Medido en todo el corpus: 241 apariciones con tilde (188 singulares y 53 dentro de ""cambiarías"", que esta regla tambien corrige porque la forma larga contiene a la corta). SOLO 3 son el condicional legitimo y sus filas quedan excluidas: ""cuanto cambiaria la estimacion"" (2005-12-13:515:1), ""no cambiaria el sesgo"" (2012-03-15:4723:1), ""no cambiaria el comportamiento"" (2014-09-11:6425:1). Las 238 restantes van siempre tras un sustantivo que exige adjetivo (apreciacion 65, depreciacion 55, intervencion 28, ...); los 46 con sustantivo ambiguo fueron muestreados y todos exigen adjetivo. Se verifico ademas que ninguna fila mezcla la forma verbal con la adjetiva."
RPM-2014-05-15:6228:1	2014-05-15	Joaquín Vial Ruiz-Tagle	1	ACENTO_INDEBIDO	cambiaría	cambiaria	"cambiaría por cambiaria. La tilde convierte el adjetivo en verbo condicional. Medido en todo el corpus: 241 apariciones con tilde (188 singulares y 53 dentro de ""cambiarías"", que esta regla tambien corrige porque la forma larga contiene a la corta). SOLO 3 son el condicional legitimo y sus filas quedan excluidas: ""cuanto cambiaria la estimacion"" (2005-12-13:515:1), ""no cambiaria el sesgo"" (2012-03-15:4723:1), ""no cambiaria el comportamiento"" (2014-09-11:6425:1). Las 238 restantes van siempre tras un sustantivo que exige adjetivo (apreciacion 65, depreciacion 55, intervencion 28, ...); los 46 con sustantivo ambiguo fueron muestreados y todos exigen adjetivo. Se verifico ademas que ninguna fila mezcla la forma verbal con la adjetiva."
RPM-2014-06-12:6267:1	2014-06-12	Miguel Fuentes Díaz	1	ACENTO_INDEBIDO	cambiaría	cambiaria	"cambiaría por cambiaria. La tilde convierte el adjetivo en verbo condicional. Medido en todo el corpus: 241 apariciones con tilde (188 singulares y 53 dentro de ""cambiarías"", que esta regla tambien corrige porque la forma larga contiene a la corta). SOLO 3 son el condicional legitimo y sus filas quedan excluidas: ""cuanto cambiaria la estimacion"" (2005-12-13:515:1), ""no cambiaria el sesgo"" (2012-03-15:4723:1), ""no cambiaria el comportamiento"" (2014-09-11:6425:1). Las 238 restantes van siempre tras un sustantivo que exige adjetivo (apreciacion 65, depreciacion 55, intervencion 28, ...); los 46 con sustantivo ambiguo fueron muestreados y todos exigen adjetivo. Se verifico ademas que ninguna fila mezcla la forma verbal con la adjetiva."
RPM-2014-06-12:6270:1	2014-06-12	Miguel Fuentes Díaz	1	ACENTO_INDEBIDO	cambiaría	cambiaria	"cambiaría por cambiaria. La tilde convierte el adjetivo en verbo condicional. Medido en todo el corpus: 241 apariciones con tilde (188 singulares y 53 dentro de ""cambiarías"", que esta regla tambien corrige porque la forma larga contiene a la corta). SOLO 3 son el condicional legitimo y sus filas quedan excluidas: ""cuanto cambiaria la estimacion"" (2005-12-13:515:1), ""no cambiaria el sesgo"" (2012-03-15:4723:1), ""no cambiaria el comportamiento"" (2014-09-11:6425:1). Las 238 restantes van siempre tras un sustantivo que exige adjetivo (apreciacion 65, depreciacion 55, intervencion 28, ...); los 46 con sustantivo ambiguo fueron muestreados y todos exigen adjetivo. Se verifico ademas que ninguna fila mezcla la forma verbal con la adjetiva."
RPM-2014-06-12:6272:1	2014-06-12	Miguel Fuentes Díaz	1	ACENTO_INDEBIDO	cambiaría	cambiaria	"cambiaría por cambiaria. La tilde convierte el adjetivo en verbo condicional. Medido en todo el corpus: 241 apariciones con tilde (188 singulares y 53 dentro de ""cambiarías"", que esta regla tambien corrige porque la forma larga contiene a la corta). SOLO 3 son el condicional legitimo y sus filas quedan excluidas: ""cuanto cambiaria la estimacion"" (2005-12-13:515:1), ""no cambiaria el sesgo"" (2012-03-15:4723:1), ""no cambiaria el comportamiento"" (2014-09-11:6425:1). Las 238 restantes van siempre tras un sustantivo que exige adjetivo (apreciacion 65, depreciacion 55, intervencion 28, ...); los 46 con sustantivo ambiguo fueron muestreados y todos exigen adjetivo. Se verifico ademas que ninguna fila mezcla la forma verbal con la adjetiva."
RPM-2014-06-12:6274:1	2014-06-12	Miguel Fuentes Díaz	1	ACENTO_INDEBIDO	cambiaría	cambiaria	"cambiaría por cambiaria. La tilde convierte el adjetivo en verbo condicional. Medido en todo el corpus: 241 apariciones con tilde (188 singulares y 53 dentro de ""cambiarías"", que esta regla tambien corrige porque la forma larga contiene a la corta). SOLO 3 son el condicional legitimo y sus filas quedan excluidas: ""cuanto cambiaria la estimacion"" (2005-12-13:515:1), ""no cambiaria el sesgo"" (2012-03-15:4723:1), ""no cambiaria el comportamiento"" (2014-09-11:6425:1). Las 238 restantes van siempre tras un sustantivo que exige adjetivo (apreciacion 65, depreciacion 55, intervencion 28, ...); los 46 con sustantivo ambiguo fueron muestreados y todos exigen adjetivo. Se verifico ademas que ninguna fila mezcla la forma verbal con la adjetiva."
RPM-2014-06-12:6286:1	2014-06-12	Pablo García Silva	1	ACENTO_INDEBIDO	cambiaría	cambiaria	"cambiaría por cambiaria. La tilde convierte el adjetivo en verbo condicional. Medido en todo el corpus: 241 apariciones con tilde (188 singulares y 53 dentro de ""cambiarías"", que esta regla tambien corrige porque la forma larga contiene a la corta). SOLO 3 son el condicional legitimo y sus filas quedan excluidas: ""cuanto cambiaria la estimacion"" (2005-12-13:515:1), ""no cambiaria el sesgo"" (2012-03-15:4723:1), ""no cambiaria el comportamiento"" (2014-09-11:6425:1). Las 238 restantes van siempre tras un sustantivo que exige adjetivo (apreciacion 65, depreciacion 55, intervencion 28, ...); los 46 con sustantivo ambiguo fueron muestreados y todos exigen adjetivo. Se verifico ademas que ninguna fila mezcla la forma verbal con la adjetiva."
RPM-2014-06-12:6290:1	2014-06-12	Sebastián Claro Edwards	1	ACENTO_INDEBIDO	cambiaría	cambiaria	"cambiaría por cambiaria. La tilde convierte el adjetivo en verbo condicional. Medido en todo el corpus: 241 apariciones con tilde (188 singulares y 53 dentro de ""cambiarías"", que esta regla tambien corrige porque la forma larga contiene a la corta). SOLO 3 son el condicional legitimo y sus filas quedan excluidas: ""cuanto cambiaria la estimacion"" (2005-12-13:515:1), ""no cambiaria el sesgo"" (2012-03-15:4723:1), ""no cambiaria el comportamiento"" (2014-09-11:6425:1). Las 238 restantes van siempre tras un sustantivo que exige adjetivo (apreciacion 65, depreciacion 55, intervencion 28, ...); los 46 con sustantivo ambiguo fueron muestreados y todos exigen adjetivo. Se verifico ademas que ninguna fila mezcla la forma verbal con la adjetiva."
RPM-2014-07-15:6317:1	2014-07-15	Miguel Fuentes Díaz	1	ACENTO_INDEBIDO	cambiaría	cambiaria	"cambiaría por cambiaria. La tilde convierte el adjetivo en verbo condicional. Medido en todo el corpus: 241 apariciones con tilde (188 singulares y 53 dentro de ""cambiarías"", que esta regla tambien corrige porque la forma larga contiene a la corta). SOLO 3 son el condicional legitimo y sus filas quedan excluidas: ""cuanto cambiaria la estimacion"" (2005-12-13:515:1), ""no cambiaria el sesgo"" (2012-03-15:4723:1), ""no cambiaria el comportamiento"" (2014-09-11:6425:1). Las 238 restantes van siempre tras un sustantivo que exige adjetivo (apreciacion 65, depreciacion 55, intervencion 28, ...); los 46 con sustantivo ambiguo fueron muestreados y todos exigen adjetivo. Se verifico ademas que ninguna fila mezcla la forma verbal con la adjetiva."
RPM-2014-09-11:6412:1	2014-09-11	Miguel Fuentes Díaz	1	ACENTO_INDEBIDO	cambiaría	cambiaria	"cambiaría por cambiaria. La tilde convierte el adjetivo en verbo condicional. Medido en todo el corpus: 241 apariciones con tilde (188 singulares y 53 dentro de ""cambiarías"", que esta regla tambien corrige porque la forma larga contiene a la corta). SOLO 3 son el condicional legitimo y sus filas quedan excluidas: ""cuanto cambiaria la estimacion"" (2005-12-13:515:1), ""no cambiaria el sesgo"" (2012-03-15:4723:1), ""no cambiaria el comportamiento"" (2014-09-11:6425:1). Las 238 restantes van siempre tras un sustantivo que exige adjetivo (apreciacion 65, depreciacion 55, intervencion 28, ...); los 46 con sustantivo ambiguo fueron muestreados y todos exigen adjetivo. Se verifico ademas que ninguna fila mezcla la forma verbal con la adjetiva."
RPM-2014-09-11:6422:1	2014-09-11	Miguel Fuentes Díaz	1	ACENTO_INDEBIDO	cambiaría	cambiaria	"cambiaría por cambiaria. La tilde convierte el adjetivo en verbo condicional. Medido en todo el corpus: 241 apariciones con tilde (188 singulares y 53 dentro de ""cambiarías"", que esta regla tambien corrige porque la forma larga contiene a la corta). SOLO 3 son el condicional legitimo y sus filas quedan excluidas: ""cuanto cambiaria la estimacion"" (2005-12-13:515:1), ""no cambiaria el sesgo"" (2012-03-15:4723:1), ""no cambiaria el comportamiento"" (2014-09-11:6425:1). Las 238 restantes van siempre tras un sustantivo que exige adjetivo (apreciacion 65, depreciacion 55, intervencion 28, ...); los 46 con sustantivo ambiguo fueron muestreados y todos exigen adjetivo. Se verifico ademas que ninguna fila mezcla la forma verbal con la adjetiva."
RPM-2014-09-11:6430:1	2014-09-11	Pablo García Silva	1	ACENTO_INDEBIDO	cambiaría	cambiaria	"cambiaría por cambiaria. La tilde convierte el adjetivo en verbo condicional. Medido en todo el corpus: 241 apariciones con tilde (188 singulares y 53 dentro de ""cambiarías"", que esta regla tambien corrige porque la forma larga contiene a la corta). SOLO 3 son el condicional legitimo y sus filas quedan excluidas: ""cuanto cambiaria la estimacion"" (2005-12-13:515:1), ""no cambiaria el sesgo"" (2012-03-15:4723:1), ""no cambiaria el comportamiento"" (2014-09-11:6425:1). Las 238 restantes van siempre tras un sustantivo que exige adjetivo (apreciacion 65, depreciacion 55, intervencion 28, ...); los 46 con sustantivo ambiguo fueron muestreados y todos exigen adjetivo. Se verifico ademas que ninguna fila mezcla la forma verbal con la adjetiva."
RPM-2014-09-11:6434:1	2014-09-11	Sebastián Claro Edwards	1	ACENTO_INDEBIDO	cambiaría	cambiaria	"cambiaría por cambiaria. La tilde convierte el adjetivo en verbo condicional. Medido en todo el corpus: 241 apariciones con tilde (188 singulares y 53 dentro de ""cambiarías"", que esta regla tambien corrige porque la forma larga contiene a la corta). SOLO 3 son el condicional legitimo y sus filas quedan excluidas: ""cuanto cambiaria la estimacion"" (2005-12-13:515:1), ""no cambiaria el sesgo"" (2012-03-15:4723:1), ""no cambiaria el comportamiento"" (2014-09-11:6425:1). Las 238 restantes van siempre tras un sustantivo que exige adjetivo (apreciacion 65, depreciacion 55, intervencion 28, ...); los 46 con sustantivo ambiguo fueron muestreados y todos exigen adjetivo. Se verifico ademas que ninguna fila mezcla la forma verbal con la adjetiva."
RPM-2014-10-16:6447:1	2014-10-16	Joaquín Vial Ruiz-Tagle	1	ACENTO_INDEBIDO	cambiaría	cambiaria	"cambiaría por cambiaria. La tilde convierte el adjetivo en verbo condicional. Medido en todo el corpus: 241 apariciones con tilde (188 singulares y 53 dentro de ""cambiarías"", que esta regla tambien corrige porque la forma larga contiene a la corta). SOLO 3 son el condicional legitimo y sus filas quedan excluidas: ""cuanto cambiaria la estimacion"" (2005-12-13:515:1), ""no cambiaria el sesgo"" (2012-03-15:4723:1), ""no cambiaria el comportamiento"" (2014-09-11:6425:1). Las 238 restantes van siempre tras un sustantivo que exige adjetivo (apreciacion 65, depreciacion 55, intervencion 28, ...); los 46 con sustantivo ambiguo fueron muestreados y todos exigen adjetivo. Se verifico ademas que ninguna fila mezcla la forma verbal con la adjetiva."
RPM-2014-10-16:6472:1	2014-10-16	Beltrán de Ramón Acevedo	1	ACENTO_INDEBIDO	cambiaría	cambiaria	"cambiaría por cambiaria. La tilde convierte el adjetivo en verbo condicional. Medido en todo el corpus: 241 apariciones con tilde (188 singulares y 53 dentro de ""cambiarías"", que esta regla tambien corrige porque la forma larga contiene a la corta). SOLO 3 son el condicional legitimo y sus filas quedan excluidas: ""cuanto cambiaria la estimacion"" (2005-12-13:515:1), ""no cambiaria el sesgo"" (2012-03-15:4723:1), ""no cambiaria el comportamiento"" (2014-09-11:6425:1). Las 238 restantes van siempre tras un sustantivo que exige adjetivo (apreciacion 65, depreciacion 55, intervencion 28, ...); los 46 con sustantivo ambiguo fueron muestreados y todos exigen adjetivo. Se verifico ademas que ninguna fila mezcla la forma verbal con la adjetiva."
RPM-2014-10-16:6472:1	2014-10-16	Beltrán de Ramón Acevedo	2	PUNTUACION	""""	”	Comilla recta que cierra una comilla curva: el par esta desbalanceado en el propio texto, de modo que el defecto queda demostrado sin recurrir al PDF. Medido en todo el corpus: 123 comillas rectas, de las cuales 57 forman par mixto con una curva (51 cierran una apertura “ y 6 abren donde el cierre es ”) y se corrigen; 57 forman pares enteramente rectos y no se tocan porque no hay desequilibrio que pruebe el defecto; 9 quedan huerfanas y se tratan aparte.
RPM-2014-10-16:6480:1	2014-10-16	Sebastián Claro Edwards	1	ACENTO_INDEBIDO	cambiaría	cambiaria	"cambiaría por cambiaria. La tilde convierte el adjetivo en verbo condicional. Medido en todo el corpus: 241 apariciones con tilde (188 singulares y 53 dentro de ""cambiarías"", que esta regla tambien corrige porque la forma larga contiene a la corta). SOLO 3 son el condicional legitimo y sus filas quedan excluidas: ""cuanto cambiaria la estimacion"" (2005-12-13:515:1), ""no cambiaria el sesgo"" (2012-03-15:4723:1), ""no cambiaria el comportamiento"" (2014-09-11:6425:1). Las 238 restantes van siempre tras un sustantivo que exige adjetivo (apreciacion 65, depreciacion 55, intervencion 28, ...); los 46 con sustantivo ambiguo fueron muestreados y todos exigen adjetivo. Se verifico ademas que ninguna fila mezcla la forma verbal con la adjetiva."
RPM-2014-11-18:6513:1	2014-11-18	Sebastián Claro Edwards	1	ACENTO_INDEBIDO	cambiaría	cambiaria	"cambiaría por cambiaria. La tilde convierte el adjetivo en verbo condicional. Medido en todo el corpus: 241 apariciones con tilde (188 singulares y 53 dentro de ""cambiarías"", que esta regla tambien corrige porque la forma larga contiene a la corta). SOLO 3 son el condicional legitimo y sus filas quedan excluidas: ""cuanto cambiaria la estimacion"" (2005-12-13:515:1), ""no cambiaria el sesgo"" (2012-03-15:4723:1), ""no cambiaria el comportamiento"" (2014-09-11:6425:1). Las 238 restantes van siempre tras un sustantivo que exige adjetivo (apreciacion 65, depreciacion 55, intervencion 28, ...); los 46 con sustantivo ambiguo fueron muestreados y todos exigen adjetivo. Se verifico ademas que ninguna fila mezcla la forma verbal con la adjetiva."
RPM-2014-12-11:6527:1	2014-12-11	Joaquín Vial Ruiz-Tagle	1	ACENTO_INDEBIDO	cambiaría	cambiaria	"cambiaría por cambiaria. La tilde convierte el adjetivo en verbo condicional. Medido en todo el corpus: 241 apariciones con tilde (188 singulares y 53 dentro de ""cambiarías"", que esta regla tambien corrige porque la forma larga contiene a la corta). SOLO 3 son el condicional legitimo y sus filas quedan excluidas: ""cuanto cambiaria la estimacion"" (2005-12-13:515:1), ""no cambiaria el sesgo"" (2012-03-15:4723:1), ""no cambiaria el comportamiento"" (2014-09-11:6425:1). Las 238 restantes van siempre tras un sustantivo que exige adjetivo (apreciacion 65, depreciacion 55, intervencion 28, ...); los 46 con sustantivo ambiguo fueron muestreados y todos exigen adjetivo. Se verifico ademas que ninguna fila mezcla la forma verbal con la adjetiva."
RPM-2015-01-15:6561:2	2015-01-15	Miguel Fuentes Díaz	1	ACENTO_INDEBIDO	cambiaría	cambiaria	"cambiaría por cambiaria. La tilde convierte el adjetivo en verbo condicional. Medido en todo el corpus: 241 apariciones con tilde (188 singulares y 53 dentro de ""cambiarías"", que esta regla tambien corrige porque la forma larga contiene a la corta). SOLO 3 son el condicional legitimo y sus filas quedan excluidas: ""cuanto cambiaria la estimacion"" (2005-12-13:515:1), ""no cambiaria el sesgo"" (2012-03-15:4723:1), ""no cambiaria el comportamiento"" (2014-09-11:6425:1). Las 238 restantes van siempre tras un sustantivo que exige adjetivo (apreciacion 65, depreciacion 55, intervencion 28, ...); los 46 con sustantivo ambiguo fueron muestreados y todos exigen adjetivo. Se verifico ademas que ninguna fila mezcla la forma verbal con la adjetiva."
RPM-2015-01-15:6569:1	2015-01-15	Rodrigo Vergara Montes	1	ACENTO_INDEBIDO	cambiaría	cambiaria	"cambiaría por cambiaria. La tilde convierte el adjetivo en verbo condicional. Medido en todo el corpus: 241 apariciones con tilde (188 singulares y 53 dentro de ""cambiarías"", que esta regla tambien corrige porque la forma larga contiene a la corta). SOLO 3 son el condicional legitimo y sus filas quedan excluidas: ""cuanto cambiaria la estimacion"" (2005-12-13:515:1), ""no cambiaria el sesgo"" (2012-03-15:4723:1), ""no cambiaria el comportamiento"" (2014-09-11:6425:1). Las 238 restantes van siempre tras un sustantivo que exige adjetivo (apreciacion 65, depreciacion 55, intervencion 28, ...); los 46 con sustantivo ambiguo fueron muestreados y todos exigen adjetivo. Se verifico ademas que ninguna fila mezcla la forma verbal con la adjetiva."
RPM-2015-01-15:6591:1	2015-01-15	Sebastián Claro Edwards	1	ACENTO_INDEBIDO	cambiaría	cambiaria	"cambiaría por cambiaria. La tilde convierte el adjetivo en verbo condicional. Medido en todo el corpus: 241 apariciones con tilde (188 singulares y 53 dentro de ""cambiarías"", que esta regla tambien corrige porque la forma larga contiene a la corta). SOLO 3 son el condicional legitimo y sus filas quedan excluidas: ""cuanto cambiaria la estimacion"" (2005-12-13:515:1), ""no cambiaria el sesgo"" (2012-03-15:4723:1), ""no cambiaria el comportamiento"" (2014-09-11:6425:1). Las 238 restantes van siempre tras un sustantivo que exige adjetivo (apreciacion 65, depreciacion 55, intervencion 28, ...); los 46 con sustantivo ambiguo fueron muestreados y todos exigen adjetivo. Se verifico ademas que ninguna fila mezcla la forma verbal con la adjetiva."
RPM-2015-02-12:6618:1	2015-02-12	Miguel Fuentes Díaz	1	ACENTO_INDEBIDO	cambiaría	cambiaria	"cambiaría por cambiaria. La tilde convierte el adjetivo en verbo condicional. Medido en todo el corpus: 241 apariciones con tilde (188 singulares y 53 dentro de ""cambiarías"", que esta regla tambien corrige porque la forma larga contiene a la corta). SOLO 3 son el condicional legitimo y sus filas quedan excluidas: ""cuanto cambiaria la estimacion"" (2005-12-13:515:1), ""no cambiaria el sesgo"" (2012-03-15:4723:1), ""no cambiaria el comportamiento"" (2014-09-11:6425:1). Las 238 restantes van siempre tras un sustantivo que exige adjetivo (apreciacion 65, depreciacion 55, intervencion 28, ...); los 46 con sustantivo ambiguo fueron muestreados y todos exigen adjetivo. Se verifico ademas que ninguna fila mezcla la forma verbal con la adjetiva."
RPM-2015-02-12:6629:1	2015-02-12	Pablo García Silva	1	ACENTO_INDEBIDO	cambiaría	cambiaria	"cambiaría por cambiaria. La tilde convierte el adjetivo en verbo condicional. Medido en todo el corpus: 241 apariciones con tilde (188 singulares y 53 dentro de ""cambiarías"", que esta regla tambien corrige porque la forma larga contiene a la corta). SOLO 3 son el condicional legitimo y sus filas quedan excluidas: ""cuanto cambiaria la estimacion"" (2005-12-13:515:1), ""no cambiaria el sesgo"" (2012-03-15:4723:1), ""no cambiaria el comportamiento"" (2014-09-11:6425:1). Las 238 restantes van siempre tras un sustantivo que exige adjetivo (apreciacion 65, depreciacion 55, intervencion 28, ...); los 46 con sustantivo ambiguo fueron muestreados y todos exigen adjetivo. Se verifico ademas que ninguna fila mezcla la forma verbal con la adjetiva."
RPM-2015-02-12:6633:1	2015-02-12	Sebastián Claro Edwards	1	ACENTO_INDEBIDO	cambiaría	cambiaria	"cambiaría por cambiaria. La tilde convierte el adjetivo en verbo condicional. Medido en todo el corpus: 241 apariciones con tilde (188 singulares y 53 dentro de ""cambiarías"", que esta regla tambien corrige porque la forma larga contiene a la corta). SOLO 3 son el condicional legitimo y sus filas quedan excluidas: ""cuanto cambiaria la estimacion"" (2005-12-13:515:1), ""no cambiaria el sesgo"" (2012-03-15:4723:1), ""no cambiaria el comportamiento"" (2014-09-11:6425:1). Las 238 restantes van siempre tras un sustantivo que exige adjetivo (apreciacion 65, depreciacion 55, intervencion 28, ...); los 46 con sustantivo ambiguo fueron muestreados y todos exigen adjetivo. Se verifico ademas que ninguna fila mezcla la forma verbal con la adjetiva."
RPM-2015-03-19:6660:1	2015-03-19	Sebastián Claro Edwards	1	ACENTO_INDEBIDO	cambiaría	cambiaria	"cambiaría por cambiaria. La tilde convierte el adjetivo en verbo condicional. Medido en todo el corpus: 241 apariciones con tilde (188 singulares y 53 dentro de ""cambiarías"", que esta regla tambien corrige porque la forma larga contiene a la corta). SOLO 3 son el condicional legitimo y sus filas quedan excluidas: ""cuanto cambiaria la estimacion"" (2005-12-13:515:1), ""no cambiaria el sesgo"" (2012-03-15:4723:1), ""no cambiaria el comportamiento"" (2014-09-11:6425:1). Las 238 restantes van siempre tras un sustantivo que exige adjetivo (apreciacion 65, depreciacion 55, intervencion 28, ...); los 46 con sustantivo ambiguo fueron muestreados y todos exigen adjetivo. Se verifico ademas que ninguna fila mezcla la forma verbal con la adjetiva."
RPM-2015-03-19:6687:1	2015-03-19	Sebastián Claro Edwards	1	ACENTO_INDEBIDO	cambiaría	cambiaria	"cambiaría por cambiaria. La tilde convierte el adjetivo en verbo condicional. Medido en todo el corpus: 241 apariciones con tilde (188 singulares y 53 dentro de ""cambiarías"", que esta regla tambien corrige porque la forma larga contiene a la corta). SOLO 3 son el condicional legitimo y sus filas quedan excluidas: ""cuanto cambiaria la estimacion"" (2005-12-13:515:1), ""no cambiaria el sesgo"" (2012-03-15:4723:1), ""no cambiaria el comportamiento"" (2014-09-11:6425:1). Las 238 restantes van siempre tras un sustantivo que exige adjetivo (apreciacion 65, depreciacion 55, intervencion 28, ...); los 46 con sustantivo ambiguo fueron muestreados y todos exigen adjetivo. Se verifico ademas que ninguna fila mezcla la forma verbal con la adjetiva."
RPM-2015-05-14:6793:1	2015-05-14	Alberto Naudon Dell'Oro	1	ACENTO_INDEBIDO	cambiaría	cambiaria	"cambiaría por cambiaria. La tilde convierte el adjetivo en verbo condicional. Medido en todo el corpus: 241 apariciones con tilde (188 singulares y 53 dentro de ""cambiarías"", que esta regla tambien corrige porque la forma larga contiene a la corta). SOLO 3 son el condicional legitimo y sus filas quedan excluidas: ""cuanto cambiaria la estimacion"" (2005-12-13:515:1), ""no cambiaria el sesgo"" (2012-03-15:4723:1), ""no cambiaria el comportamiento"" (2014-09-11:6425:1). Las 238 restantes van siempre tras un sustantivo que exige adjetivo (apreciacion 65, depreciacion 55, intervencion 28, ...); los 46 con sustantivo ambiguo fueron muestreados y todos exigen adjetivo. Se verifico ademas que ninguna fila mezcla la forma verbal con la adjetiva."
RPM-2015-05-14:6799:1	2015-05-14	Pablo García Silva	1	ACENTO_INDEBIDO	cambiaría	cambiaria	"cambiaría por cambiaria. La tilde convierte el adjetivo en verbo condicional. Medido en todo el corpus: 241 apariciones con tilde (188 singulares y 53 dentro de ""cambiarías"", que esta regla tambien corrige porque la forma larga contiene a la corta). SOLO 3 son el condicional legitimo y sus filas quedan excluidas: ""cuanto cambiaria la estimacion"" (2005-12-13:515:1), ""no cambiaria el sesgo"" (2012-03-15:4723:1), ""no cambiaria el comportamiento"" (2014-09-11:6425:1). Las 238 restantes van siempre tras un sustantivo que exige adjetivo (apreciacion 65, depreciacion 55, intervencion 28, ...); los 46 con sustantivo ambiguo fueron muestreados y todos exigen adjetivo. Se verifico ademas que ninguna fila mezcla la forma verbal con la adjetiva."
RPM-2015-05-14:6800:2	2015-05-14	Joaquín Vial Ruiz-Tagle	1	ACENTO_INDEBIDO	cambiaría	cambiaria	"cambiaría por cambiaria. La tilde convierte el adjetivo en verbo condicional. Medido en todo el corpus: 241 apariciones con tilde (188 singulares y 53 dentro de ""cambiarías"", que esta regla tambien corrige porque la forma larga contiene a la corta). SOLO 3 son el condicional legitimo y sus filas quedan excluidas: ""cuanto cambiaria la estimacion"" (2005-12-13:515:1), ""no cambiaria el sesgo"" (2012-03-15:4723:1), ""no cambiaria el comportamiento"" (2014-09-11:6425:1). Las 238 restantes van siempre tras un sustantivo que exige adjetivo (apreciacion 65, depreciacion 55, intervencion 28, ...); los 46 con sustantivo ambiguo fueron muestreados y todos exigen adjetivo. Se verifico ademas que ninguna fila mezcla la forma verbal con la adjetiva."
RPM-2015-05-14:6802:1	2015-05-14	Sebastián Claro Edwards	1	ACENTO_INDEBIDO	cambiaría	cambiaria	"cambiaría por cambiaria. La tilde convierte el adjetivo en verbo condicional. Medido en todo el corpus: 241 apariciones con tilde (188 singulares y 53 dentro de ""cambiarías"", que esta regla tambien corrige porque la forma larga contiene a la corta). SOLO 3 son el condicional legitimo y sus filas quedan excluidas: ""cuanto cambiaria la estimacion"" (2005-12-13:515:1), ""no cambiaria el sesgo"" (2012-03-15:4723:1), ""no cambiaria el comportamiento"" (2014-09-11:6425:1). Las 238 restantes van siempre tras un sustantivo que exige adjetivo (apreciacion 65, depreciacion 55, intervencion 28, ...); los 46 con sustantivo ambiguo fueron muestreados y todos exigen adjetivo. Se verifico ademas que ninguna fila mezcla la forma verbal con la adjetiva."
RPM-2015-05-14:6806:1	2015-05-14	Rodrigo Vergara Montes	1	ACENTO_INDEBIDO	cambiaría	cambiaria	"cambiaría por cambiaria. La tilde convierte el adjetivo en verbo condicional. Medido en todo el corpus: 241 apariciones con tilde (188 singulares y 53 dentro de ""cambiarías"", que esta regla tambien corrige porque la forma larga contiene a la corta). SOLO 3 son el condicional legitimo y sus filas quedan excluidas: ""cuanto cambiaria la estimacion"" (2005-12-13:515:1), ""no cambiaria el sesgo"" (2012-03-15:4723:1), ""no cambiaria el comportamiento"" (2014-09-11:6425:1). Las 238 restantes van siempre tras un sustantivo que exige adjetivo (apreciacion 65, depreciacion 55, intervencion 28, ...); los 46 con sustantivo ambiguo fueron muestreados y todos exigen adjetivo. Se verifico ademas que ninguna fila mezcla la forma verbal con la adjetiva."
RPM-2015-06-11:6861:1	2015-06-11	Enrique Marshall Rivera	1	ACENTO_INDEBIDO	cambiaría	cambiaria	"cambiaría por cambiaria. La tilde convierte el adjetivo en verbo condicional. Medido en todo el corpus: 241 apariciones con tilde (188 singulares y 53 dentro de ""cambiarías"", que esta regla tambien corrige porque la forma larga contiene a la corta). SOLO 3 son el condicional legitimo y sus filas quedan excluidas: ""cuanto cambiaria la estimacion"" (2005-12-13:515:1), ""no cambiaria el sesgo"" (2012-03-15:4723:1), ""no cambiaria el comportamiento"" (2014-09-11:6425:1). Las 238 restantes van siempre tras un sustantivo que exige adjetivo (apreciacion 65, depreciacion 55, intervencion 28, ...); los 46 con sustantivo ambiguo fueron muestreados y todos exigen adjetivo. Se verifico ademas que ninguna fila mezcla la forma verbal con la adjetiva."
RPM-2015-07-14:6867:1	2015-07-14	Diego Gianelli Gómez	1	ACENTO_INDEBIDO	cambiaría	cambiaria	"cambiaría por cambiaria. La tilde convierte el adjetivo en verbo condicional. Medido en todo el corpus: 241 apariciones con tilde (188 singulares y 53 dentro de ""cambiarías"", que esta regla tambien corrige porque la forma larga contiene a la corta). SOLO 3 son el condicional legitimo y sus filas quedan excluidas: ""cuanto cambiaria la estimacion"" (2005-12-13:515:1), ""no cambiaria el sesgo"" (2012-03-15:4723:1), ""no cambiaria el comportamiento"" (2014-09-11:6425:1). Las 238 restantes van siempre tras un sustantivo que exige adjetivo (apreciacion 65, depreciacion 55, intervencion 28, ...); los 46 con sustantivo ambiguo fueron muestreados y todos exigen adjetivo. Se verifico ademas que ninguna fila mezcla la forma verbal con la adjetiva."
RPM-2015-07-14:6867:1	2015-07-14	Diego Gianelli Gómez	2	LETRA_CONFUNDIDA	 climáticas asociadas ai fenómeno de El Niño. 	 climáticas asociadas al fenómeno de El Niño. 	"""ai"" por ""al"": la l se leyo como i. Medido en toda la salida: 26 apariciones de la palabra suelta ""ai"" en 26 filas, y ""ai"" no es una palabra del español. En cambio ""al"" aparece miles de veces y ""al alza"" 1.405 contra 3 de ""ai alza"". Se revisaron una por una las 26 apariciones y en todas el contexto exige ""al"" (""asociadas ai sector exportador"", ""converge ai mismo nivel"", ""autorizó ai Banco Central"", ""mayor ai previsto"", ""Agrega que, ai respecto"", ""superior ai 9,5%""). No hay ninguna fila en que ""ai"" sea otra cosa."
RPM-2015-07-14:6883:1	2015-07-14	Pablo García Silva	1	ACENTO_INDEBIDO	cambiaría	cambiaria	"cambiaría por cambiaria. La tilde convierte el adjetivo en verbo condicional. Medido en todo el corpus: 241 apariciones con tilde (188 singulares y 53 dentro de ""cambiarías"", que esta regla tambien corrige porque la forma larga contiene a la corta). SOLO 3 son el condicional legitimo y sus filas quedan excluidas: ""cuanto cambiaria la estimacion"" (2005-12-13:515:1), ""no cambiaria el sesgo"" (2012-03-15:4723:1), ""no cambiaria el comportamiento"" (2014-09-11:6425:1). Las 238 restantes van siempre tras un sustantivo que exige adjetivo (apreciacion 65, depreciacion 55, intervencion 28, ...); los 46 con sustantivo ambiguo fueron muestreados y todos exigen adjetivo. Se verifico ademas que ninguna fila mezcla la forma verbal con la adjetiva."
RPM-2015-07-14:6897:1	2015-07-14	Alberto Naudon Dell'Oro	1	ACENTO_INDEBIDO	cambiaría	cambiaria	"cambiaría por cambiaria. La tilde convierte el adjetivo en verbo condicional. Medido en todo el corpus: 241 apariciones con tilde (188 singulares y 53 dentro de ""cambiarías"", que esta regla tambien corrige porque la forma larga contiene a la corta). SOLO 3 son el condicional legitimo y sus filas quedan excluidas: ""cuanto cambiaria la estimacion"" (2005-12-13:515:1), ""no cambiaria el sesgo"" (2012-03-15:4723:1), ""no cambiaria el comportamiento"" (2014-09-11:6425:1). Las 238 restantes van siempre tras un sustantivo que exige adjetivo (apreciacion 65, depreciacion 55, intervencion 28, ...); los 46 con sustantivo ambiguo fueron muestreados y todos exigen adjetivo. Se verifico ademas que ninguna fila mezcla la forma verbal con la adjetiva."
RPM-2015-07-14:6900:2	2015-07-14	Pablo García Silva	1	LETRA_CONFUNDIDA	cambiarlo	cambiario	"cambiarlo por cambiario. Misma familia: el OCR puso una l donde va una i. Medido: 60 apariciones, de las cuales 16 son ""cambiarlos"" (la forma larga contiene a la corta, y esta regla las corrige tambien). 6 son el infinitivo legitimo y sus filas quedan excluidas: ""habria que cambiarlos por papeles"" (2006-08-10:812:1), ""hay que cambiarlo"" (2006-11-16:980:1), ""haya que cambiarlo"" (2007-03-15:1146:1), ""no puede cambiarlo"" (2008-08-14:2022:1), ""no hay antecedentes para cambiarlo"" (2010-08-12:3317:1), ""razones para cambiarlo"" (2012-05-17:4843:1). Las 54 restantes son adjetivas: ""el lado cambiarlo"", ""en lo cambiarlo"", ""los mercados financieros y cambiarlos"". Los 11 contextos con palabra funcion delante se revisaron uno por uno."
RPM-2015-07-14:6903:1	2015-07-14	Sebastián Claro Edwards	1	ACENTO_INDEBIDO	cambiaría	cambiaria	"cambiaría por cambiaria. La tilde convierte el adjetivo en verbo condicional. Medido en todo el corpus: 241 apariciones con tilde (188 singulares y 53 dentro de ""cambiarías"", que esta regla tambien corrige porque la forma larga contiene a la corta). SOLO 3 son el condicional legitimo y sus filas quedan excluidas: ""cuanto cambiaria la estimacion"" (2005-12-13:515:1), ""no cambiaria el sesgo"" (2012-03-15:4723:1), ""no cambiaria el comportamiento"" (2014-09-11:6425:1). Las 238 restantes van siempre tras un sustantivo que exige adjetivo (apreciacion 65, depreciacion 55, intervencion 28, ...); los 46 con sustantivo ambiguo fueron muestreados y todos exigen adjetivo. Se verifico ademas que ninguna fila mezcla la forma verbal con la adjetiva."
RPM-2015-07-14:6910:1	2015-07-14	Pablo García Silva	1	ACENTO_INDEBIDO	cambiaría	cambiaria	"cambiaría por cambiaria. La tilde convierte el adjetivo en verbo condicional. Medido en todo el corpus: 241 apariciones con tilde (188 singulares y 53 dentro de ""cambiarías"", que esta regla tambien corrige porque la forma larga contiene a la corta). SOLO 3 son el condicional legitimo y sus filas quedan excluidas: ""cuanto cambiaria la estimacion"" (2005-12-13:515:1), ""no cambiaria el sesgo"" (2012-03-15:4723:1), ""no cambiaria el comportamiento"" (2014-09-11:6425:1). Las 238 restantes van siempre tras un sustantivo que exige adjetivo (apreciacion 65, depreciacion 55, intervencion 28, ...); los 46 con sustantivo ambiguo fueron muestreados y todos exigen adjetivo. Se verifico ademas que ninguna fila mezcla la forma verbal con la adjetiva."
RPM-2015-07-14:6915:3	2015-07-14	Rodrigo Vergara Montes	1	ACENTO_INDEBIDO	cambiaría	cambiaria	"cambiaría por cambiaria. La tilde convierte el adjetivo en verbo condicional. Medido en todo el corpus: 241 apariciones con tilde (188 singulares y 53 dentro de ""cambiarías"", que esta regla tambien corrige porque la forma larga contiene a la corta). SOLO 3 son el condicional legitimo y sus filas quedan excluidas: ""cuanto cambiaria la estimacion"" (2005-12-13:515:1), ""no cambiaria el sesgo"" (2012-03-15:4723:1), ""no cambiaria el comportamiento"" (2014-09-11:6425:1). Las 238 restantes van siempre tras un sustantivo que exige adjetivo (apreciacion 65, depreciacion 55, intervencion 28, ...); los 46 con sustantivo ambiguo fueron muestreados y todos exigen adjetivo. Se verifico ademas que ninguna fila mezcla la forma verbal con la adjetiva."
RPM-2015-09-15:7030:1	2015-09-15	Pablo García Silva	1	ACENTO_INDEBIDO	cambiaría	cambiaria	"cambiaría por cambiaria. La tilde convierte el adjetivo en verbo condicional. Medido en todo el corpus: 241 apariciones con tilde (188 singulares y 53 dentro de ""cambiarías"", que esta regla tambien corrige porque la forma larga contiene a la corta). SOLO 3 son el condicional legitimo y sus filas quedan excluidas: ""cuanto cambiaria la estimacion"" (2005-12-13:515:1), ""no cambiaria el sesgo"" (2012-03-15:4723:1), ""no cambiaria el comportamiento"" (2014-09-11:6425:1). Las 238 restantes van siempre tras un sustantivo que exige adjetivo (apreciacion 65, depreciacion 55, intervencion 28, ...); los 46 con sustantivo ambiguo fueron muestreados y todos exigen adjetivo. Se verifico ademas que ninguna fila mezcla la forma verbal con la adjetiva."
RPM-2015-09-15:7043:1	2015-09-15	Sebastián Claro Edwards	1	ACENTO_INDEBIDO	cambiaría	cambiaria	"cambiaría por cambiaria. La tilde convierte el adjetivo en verbo condicional. Medido en todo el corpus: 241 apariciones con tilde (188 singulares y 53 dentro de ""cambiarías"", que esta regla tambien corrige porque la forma larga contiene a la corta). SOLO 3 son el condicional legitimo y sus filas quedan excluidas: ""cuanto cambiaria la estimacion"" (2005-12-13:515:1), ""no cambiaria el sesgo"" (2012-03-15:4723:1), ""no cambiaria el comportamiento"" (2014-09-11:6425:1). Las 238 restantes van siempre tras un sustantivo que exige adjetivo (apreciacion 65, depreciacion 55, intervencion 28, ...); los 46 con sustantivo ambiguo fueron muestreados y todos exigen adjetivo. Se verifico ademas que ninguna fila mezcla la forma verbal con la adjetiva."
RPM-2015-10-15:7079:4	2015-10-15	Sebastián Claro Edwards	1	ACENTO_INDEBIDO	cambiaría	cambiaria	"cambiaría por cambiaria. La tilde convierte el adjetivo en verbo condicional. Medido en todo el corpus: 241 apariciones con tilde (188 singulares y 53 dentro de ""cambiarías"", que esta regla tambien corrige porque la forma larga contiene a la corta). SOLO 3 son el condicional legitimo y sus filas quedan excluidas: ""cuanto cambiaria la estimacion"" (2005-12-13:515:1), ""no cambiaria el sesgo"" (2012-03-15:4723:1), ""no cambiaria el comportamiento"" (2014-09-11:6425:1). Las 238 restantes van siempre tras un sustantivo que exige adjetivo (apreciacion 65, depreciacion 55, intervencion 28, ...); los 46 con sustantivo ambiguo fueron muestreados y todos exigen adjetivo. Se verifico ademas que ninguna fila mezcla la forma verbal con la adjetiva."
RPM-2015-11-12:7140:1	2015-11-12	Miguel Fuentes Díaz	1	ACENTO_INDEBIDO	cambiaría	cambiaria	"cambiaría por cambiaria. La tilde convierte el adjetivo en verbo condicional. Medido en todo el corpus: 241 apariciones con tilde (188 singulares y 53 dentro de ""cambiarías"", que esta regla tambien corrige porque la forma larga contiene a la corta). SOLO 3 son el condicional legitimo y sus filas quedan excluidas: ""cuanto cambiaria la estimacion"" (2005-12-13:515:1), ""no cambiaria el sesgo"" (2012-03-15:4723:1), ""no cambiaria el comportamiento"" (2014-09-11:6425:1). Las 238 restantes van siempre tras un sustantivo que exige adjetivo (apreciacion 65, depreciacion 55, intervencion 28, ...); los 46 con sustantivo ambiguo fueron muestreados y todos exigen adjetivo. Se verifico ademas que ninguna fila mezcla la forma verbal con la adjetiva."
RPM-2015-11-12:7148:4	2015-11-12	Mario Marcel Cullell	1	ACENTO_INDEBIDO	cambiaría	cambiaria	"cambiaría por cambiaria. La tilde convierte el adjetivo en verbo condicional. Medido en todo el corpus: 241 apariciones con tilde (188 singulares y 53 dentro de ""cambiarías"", que esta regla tambien corrige porque la forma larga contiene a la corta). SOLO 3 son el condicional legitimo y sus filas quedan excluidas: ""cuanto cambiaria la estimacion"" (2005-12-13:515:1), ""no cambiaria el sesgo"" (2012-03-15:4723:1), ""no cambiaria el comportamiento"" (2014-09-11:6425:1). Las 238 restantes van siempre tras un sustantivo que exige adjetivo (apreciacion 65, depreciacion 55, intervencion 28, ...); los 46 con sustantivo ambiguo fueron muestreados y todos exigen adjetivo. Se verifico ademas que ninguna fila mezcla la forma verbal con la adjetiva."
RPM-2015-12-17:7201:2	2015-12-17	Mario Marcel Cullell	1	ACENTO_INDEBIDO	cambiaría	cambiaria	"cambiaría por cambiaria. La tilde convierte el adjetivo en verbo condicional. Medido en todo el corpus: 241 apariciones con tilde (188 singulares y 53 dentro de ""cambiarías"", que esta regla tambien corrige porque la forma larga contiene a la corta). SOLO 3 son el condicional legitimo y sus filas quedan excluidas: ""cuanto cambiaria la estimacion"" (2005-12-13:515:1), ""no cambiaria el sesgo"" (2012-03-15:4723:1), ""no cambiaria el comportamiento"" (2014-09-11:6425:1). Las 238 restantes van siempre tras un sustantivo que exige adjetivo (apreciacion 65, depreciacion 55, intervencion 28, ...); los 46 con sustantivo ambiguo fueron muestreados y todos exigen adjetivo. Se verifico ademas que ninguna fila mezcla la forma verbal con la adjetiva."
RPM-2015-12-17:7202:1	2015-12-17	Pablo García Silva	1	ACENTO_INDEBIDO	cambiaría	cambiaria	"cambiaría por cambiaria. La tilde convierte el adjetivo en verbo condicional. Medido en todo el corpus: 241 apariciones con tilde (188 singulares y 53 dentro de ""cambiarías"", que esta regla tambien corrige porque la forma larga contiene a la corta). SOLO 3 son el condicional legitimo y sus filas quedan excluidas: ""cuanto cambiaria la estimacion"" (2005-12-13:515:1), ""no cambiaria el sesgo"" (2012-03-15:4723:1), ""no cambiaria el comportamiento"" (2014-09-11:6425:1). Las 238 restantes van siempre tras un sustantivo que exige adjetivo (apreciacion 65, depreciacion 55, intervencion 28, ...); los 46 con sustantivo ambiguo fueron muestreados y todos exigen adjetivo. Se verifico ademas que ninguna fila mezcla la forma verbal con la adjetiva."
RPM-2015-12-17:7216:1	2015-12-17	Sebastián Claro Edwards	1	ACENTO_INDEBIDO	cambiaría	cambiaria	"cambiaría por cambiaria. La tilde convierte el adjetivo en verbo condicional. Medido en todo el corpus: 241 apariciones con tilde (188 singulares y 53 dentro de ""cambiarías"", que esta regla tambien corrige porque la forma larga contiene a la corta). SOLO 3 son el condicional legitimo y sus filas quedan excluidas: ""cuanto cambiaria la estimacion"" (2005-12-13:515:1), ""no cambiaria el sesgo"" (2012-03-15:4723:1), ""no cambiaria el comportamiento"" (2014-09-11:6425:1). Las 238 restantes van siempre tras un sustantivo que exige adjetivo (apreciacion 65, depreciacion 55, intervencion 28, ...); los 46 con sustantivo ambiguo fueron muestreados y todos exigen adjetivo. Se verifico ademas que ninguna fila mezcla la forma verbal con la adjetiva."
RPM-2005-04-07:219:2	2005-04-07	Consejo del Banco Central de Chile	1	PUNTUACION	""""	”	Comilla recta que cierra una comilla curva: el par esta desbalanceado en el propio texto, de modo que el defecto queda demostrado sin recurrir al PDF. Medido en todo el corpus: 123 comillas rectas, de las cuales 57 forman par mixto con una curva (51 cierran una apertura “ y 6 abren donde el cierre es ”) y se corrigen; 57 forman pares enteramente rectos y no se tocan porque no hay desequilibrio que pruebe el defecto; 9 quedan huerfanas y se tratan aparte.
RPM-2006-03-16:625:1	2006-03-16	Consejo del Banco Central de Chile	1	PUNTUACION	""""	“	Comilla recta que abre una comilla curva: el par esta desbalanceado en el propio texto, de modo que el defecto queda demostrado sin recurrir al PDF. Medido en todo el corpus: 123 comillas rectas, de las cuales 57 forman par mixto con una curva (51 cierran una apertura “ y 6 abren donde el cierre es ”) y se corrigen; 57 forman pares enteramente rectos y no se tocan porque no hay desequilibrio que pruebe el defecto; 9 quedan huerfanas y se tratan aparte.
RPM-2006-07-13:780:4	2006-07-13	Consejo del Banco Central de Chile	1	PUNTUACION	""""	”	Comilla recta que cierra una comilla curva: el par esta desbalanceado en el propio texto, de modo que el defecto queda demostrado sin recurrir al PDF. Medido en todo el corpus: 123 comillas rectas, de las cuales 57 forman par mixto con una curva (51 cierran una apertura “ y 6 abren donde el cierre es ”) y se corrigen; 57 forman pares enteramente rectos y no se tocan porque no hay desequilibrio que pruebe el defecto; 9 quedan huerfanas y se tratan aparte.
RPM-2006-12-14:1020:2	2006-12-14	Consejo del Banco Central de Chile	1	PUNTUACION	""""	”	Comilla recta que cierra una comilla curva: el par esta desbalanceado en el propio texto, de modo que el defecto queda demostrado sin recurrir al PDF. Medido en todo el corpus: 123 comillas rectas, de las cuales 57 forman par mixto con una curva (51 cierran una apertura “ y 6 abren donde el cierre es ”) y se corrigen; 57 forman pares enteramente rectos y no se tocan porque no hay desequilibrio que pruebe el defecto; 9 quedan huerfanas y se tratan aparte.
RPM-2007-01-11:1052:1	2007-01-11	Enrique Marshall Rivera	1	PUNTUACION	""""	”	Comilla recta que cierra una comilla curva: el par esta desbalanceado en el propio texto, de modo que el defecto queda demostrado sin recurrir al PDF. Medido en todo el corpus: 123 comillas rectas, de las cuales 57 forman par mixto con una curva (51 cierran una apertura “ y 6 abren donde el cierre es ”) y se corrigen; 57 forman pares enteramente rectos y no se tocan porque no hay desequilibrio que pruebe el defecto; 9 quedan huerfanas y se tratan aparte.
RPM-2007-01-11:1052:1	2007-01-11	Enrique Marshall Rivera	2	SIMBOLO_SUELTO	una y otra dirección. U Sin embargo	una y otra dirección. Sin embargo	"Letra mayúscula suelta entre dos oraciones. Es ruido de escaneo: la oración anterior termina en punto y la siguiente empieza con mayúscula y sentido completo, así que la letra no pertenece a ninguna de las dos. Medido: 17 casos en 17 filas, con las letras V, H, L, U, A, M, Y, B. Se revisaron uno por uno; el único que NO es residuo es RPM-2007-01-11:1055:1 (""prolongado. A SU juicio""), donde la A abre la oración legítimamente y el defecto es ""SU"" en mayúscula, que se trata aparte."
RPM-2007-08-09:1402:1	2007-08-09	Consejo del Banco Central de Chile	1	PUNTUACION	""""	“	Comilla recta que abre una comilla curva: el par esta desbalanceado en el propio texto, de modo que el defecto queda demostrado sin recurrir al PDF. Medido en todo el corpus: 123 comillas rectas, de las cuales 57 forman par mixto con una curva (51 cierran una apertura “ y 6 abren donde el cierre es ”) y se corrigen; 57 forman pares enteramente rectos y no se tocan porque no hay desequilibrio que pruebe el defecto; 9 quedan huerfanas y se tratan aparte.
RPM-2007-08-09:1402:1	2007-08-09	Consejo del Banco Central de Chile	2	LETRA_CONFUNDIDA	nflación subyacente IPCXI (que excluye co	nflación subyacente IPCX1 (que excluye co	"Sigla dañada por el glifo I/l. Medido en toda la salida: 26 apariciones de esta familia, y cada forma tiene su equivalente correcto ampliamente atestiguado en el corpus (el IPC 1.430, el IPoM 1.543, IPCX 649, IPCX1 469, el IPP 10). Se excluyeron de la pasada ""ellPEC"", ""dellPEC"" y ""ellMCE"" (fila 1719:4): aparecen junto a siglas que no se pueden corroborar en el corpus y no hay reconstruccion unica."
RPM-2008-02-07:1662:1	2008-02-07	Manuel Marfán Lewis	1	PUNTUACION	""""	”	Comilla recta que cierra una comilla curva: el par esta desbalanceado en el propio texto, de modo que el defecto queda demostrado sin recurrir al PDF. Medido en todo el corpus: 123 comillas rectas, de las cuales 57 forman par mixto con una curva (51 cierran una apertura “ y 6 abren donde el cierre es ”) y se corrigen; 57 forman pares enteramente rectos y no se tocan porque no hay desequilibrio que pruebe el defecto; 9 quedan huerfanas y se tratan aparte.
RPM-2008-02-07:1673:2	2008-02-07	Kevin Cowan Logan	1	PUNTUACION	""""	”	Comilla recta que cierra una comilla curva: el par esta desbalanceado en el propio texto, de modo que el defecto queda demostrado sin recurrir al PDF. Medido en todo el corpus: 123 comillas rectas, de las cuales 57 forman par mixto con una curva (51 cierran una apertura “ y 6 abren donde el cierre es ”) y se corrigen; 57 forman pares enteramente rectos y no se tocan porque no hay desequilibrio que pruebe el defecto; 9 quedan huerfanas y se tratan aparte.
RPM-2008-03-13:1741:1	2008-03-13	Enrique Marshall Rivera	1	PUNTUACION	""""	”	Comilla recta que cierra una comilla curva: el par esta desbalanceado en el propio texto, de modo que el defecto queda demostrado sin recurrir al PDF. Medido en todo el corpus: 123 comillas rectas, de las cuales 57 forman par mixto con una curva (51 cierran una apertura “ y 6 abren donde el cierre es ”) y se corrigen; 57 forman pares enteramente rectos y no se tocan porque no hay desequilibrio que pruebe el defecto; 9 quedan huerfanas y se tratan aparte.
RPM-2008-07-10:1929:1	2008-07-10	Claudio Soto Gamboa	1	PUNTUACION	""""	”	Comilla recta que cierra una comilla curva: el par esta desbalanceado en el propio texto, de modo que el defecto queda demostrado sin recurrir al PDF. Medido en todo el corpus: 123 comillas rectas, de las cuales 57 forman par mixto con una curva (51 cierran una apertura “ y 6 abren donde el cierre es ”) y se corrigen; 57 forman pares enteramente rectos y no se tocan porque no hay desequilibrio que pruebe el defecto; 9 quedan huerfanas y se tratan aparte.
RPM-2008-07-10:1929:1	2008-07-10	Claudio Soto Gamboa	2	LETRA_CONFUNDIDA	tener un rezago mayor ai previsto en el último	tener un rezago mayor al previsto en el último	"""ai"" por ""al"": la l se leyo como i. Medido en toda la salida: 26 apariciones de la palabra suelta ""ai"" en 26 filas, y ""ai"" no es una palabra del español. En cambio ""al"" aparece miles de veces y ""al alza"" 1.405 contra 3 de ""ai alza"". Se revisaron una por una las 26 apariciones y en todas el contexto exige ""al"" (""asociadas ai sector exportador"", ""converge ai mismo nivel"", ""autorizó ai Banco Central"", ""mayor ai previsto"", ""Agrega que, ai respecto"", ""superior ai 9,5%""). No hay ninguna fila en que ""ai"" sea otra cosa."
RPM-2008-07-10:1976:1	2008-07-10	Consejo del Banco Central de Chile	1	PUNTUACION	""""	”	Comilla recta que cierra una comilla curva: el par esta desbalanceado en el propio texto, de modo que el defecto queda demostrado sin recurrir al PDF. Medido en todo el corpus: 123 comillas rectas, de las cuales 57 forman par mixto con una curva (51 cierran una apertura “ y 6 abren donde el cierre es ”) y se corrigen; 57 forman pares enteramente rectos y no se tocan porque no hay desequilibrio que pruebe el defecto; 9 quedan huerfanas y se tratan aparte.
RPM-2008-10-09:2124:1	2008-10-09	Jorge Desormeaux Jiménez	1	PUNTUACION	""""	”	Comilla recta que cierra una comilla curva: el par esta desbalanceado en el propio texto, de modo que el defecto queda demostrado sin recurrir al PDF. Medido en todo el corpus: 123 comillas rectas, de las cuales 57 forman par mixto con una curva (51 cierran una apertura “ y 6 abren donde el cierre es ”) y se corrigen; 57 forman pares enteramente rectos y no se tocan porque no hay desequilibrio que pruebe el defecto; 9 quedan huerfanas y se tratan aparte.
RPM-2008-10-09:2127:1	2008-10-09	Consejo del Banco Central de Chile	1	PUNTUACION	""""	”	Comilla recta que cierra una comilla curva: el par esta desbalanceado en el propio texto, de modo que el defecto queda demostrado sin recurrir al PDF. Medido en todo el corpus: 123 comillas rectas, de las cuales 57 forman par mixto con una curva (51 cierran una apertura “ y 6 abren donde el cierre es ”) y se corrigen; 57 forman pares enteramente rectos y no se tocan porque no hay desequilibrio que pruebe el defecto; 9 quedan huerfanas y se tratan aparte.
RPM-2008-10-09:2127:1	2008-10-09	Consejo del Banco Central de Chile	2	FIRMA_TRUNCADA	 JORGE DESORMEAUX JIMÉNEZ JOSÉ DE GRECO Presidente Vicepresidente EN9ÍQUE MARSHALL RIVERA Consejero.		"Bloque de firmas escaneadas al pie del acta, incrustado al final de la fila. Medido: 52 filas lo contienen y en las 52 cae despues de la formula de cierre ""Se levanta la Sesion a las HH:MM horas"", nunca en medio del discurso. No contiene intervencion de nadie: solo nombres, cargos y la constancia de firma. El dano optico lo hace irreparable: el corpus trae la misma firma como ""ENRIQUE MARSHALL RIVERA"" 4 veces, como ""E MARSHALL RIVERA"" 15 veces y como ""EI)fRIQUE MARSHALL RIVERA""; otros bloques quedan como ""rORTO CORBO LIOIV"" o ""J U A f ^ T E B ^ LAVÁL ZALDÍVAR li"". Reponer el nombre estaria prohibido por la seccion 5 (nunca se reescribe un nombre propio) y en la mayoria de los casos seria imposible sin el PDF. Se elimina el bloque y se conserva integra la formula de cierre, que si es informacion: la hora de termino de la sesion. La eliminacion ocurre solo en Texto_Corregido; Texto queda intacto."
RPM-2008-10-09:2127:1	2008-10-09	Consejo del Banco Central de Chile	3	LETRA_CONFUNDIDA	s que se derivan de ios desarrollos fin	s que se derivan de los desarrollos fin	"""ios"" por ""los"": la l se leyo como i, la misma regla que produce ""ai"" por ""al"" (§12). Medido: 90 apariciones en 88 filas contra 32.215 de ""los"". ""ios"" no es palabra del español. Se comprobo la palabra que precede a las 90 y en todas corresponde un articulo: de 25, en 14, que 12, a 9, para 5, todos 3, con 2, y 2, por 2, y el resto tras cuando, durante, analizan, septiembre, o una comilla de apertura."
RPM-2009-02-12:2335:1	2009-02-12	Claudio Soto Gamboa	1	PUNTUACION	""""	”	Comilla recta que cierra una comilla curva: el par esta desbalanceado en el propio texto, de modo que el defecto queda demostrado sin recurrir al PDF. Medido en todo el corpus: 123 comillas rectas, de las cuales 57 forman par mixto con una curva (51 cierran una apertura “ y 6 abren donde el cierre es ”) y se corrigen; 57 forman pares enteramente rectos y no se tocan porque no hay desequilibrio que pruebe el defecto; 9 quedan huerfanas y se tratan aparte.
RPM-2009-03-12:2438:2	2009-03-12	Consejo del Banco Central de Chile	1	PUNTUACION	""""	“	Comilla recta que abre una comilla curva: el par esta desbalanceado en el propio texto, de modo que el defecto queda demostrado sin recurrir al PDF. Medido en todo el corpus: 123 comillas rectas, de las cuales 57 forman par mixto con una curva (51 cierran una apertura “ y 6 abren donde el cierre es ”) y se corrigen; 57 forman pares enteramente rectos y no se tocan porque no hay desequilibrio que pruebe el defecto; 9 quedan huerfanas y se tratan aparte.
RPM-2009-04-09:2494:1	2009-04-09	Andrés Velasco Brañes	1	PUNTUACION	""""	”	Comilla recta que cierra una comilla curva: el par esta desbalanceado en el propio texto, de modo que el defecto queda demostrado sin recurrir al PDF. Medido en todo el corpus: 123 comillas rectas, de las cuales 57 forman par mixto con una curva (51 cierran una apertura “ y 6 abren donde el cierre es ”) y se corrigen; 57 forman pares enteramente rectos y no se tocan porque no hay desequilibrio que pruebe el defecto; 9 quedan huerfanas y se tratan aparte.
RPM-2009-07-09:2654:1	2009-07-09	Consejo del Banco Central de Chile	1	PUNTUACION	""""	”	Comilla recta que cierra una comilla curva: el par esta desbalanceado en el propio texto, de modo que el defecto queda demostrado sin recurrir al PDF. Medido en todo el corpus: 123 comillas rectas, de las cuales 57 forman par mixto con una curva (51 cierran una apertura “ y 6 abren donde el cierre es ”) y se corrigen; 57 forman pares enteramente rectos y no se tocan porque no hay desequilibrio que pruebe el defecto; 9 quedan huerfanas y se tratan aparte.
RPM-2009-07-09:2654:1	2009-07-09	Consejo del Banco Central de Chile	2	SIMBOLO_SUELTO	días al nivel de la TPM vigente. ■ Ajustar el plan de emis	días al nivel de la TPM vigente. Ajustar el plan de emis	Símbolo ■ con basura adyacente, residuo del escaneo. El tipo SIMBOLO_SUELTO fue creado justamente para estos casos («■V», «ry _<< ■» -> se elimina). Medido: 21 apariciones en 20 filas. Se trata cada una con su basura propia porque el ruido que la acompaña varía (■o J, ■,\y, ■', ■J, ■V, / ■ ' /, 4 / ■, i - /■, — f ■, ry _<< ■). En todos los casos las dos oraciones que rodean el residuo quedan completas sin él. Excepción: en 5802:2 se elimina solo el ■ y se deja el paréntesis abierto, porque esa fila ya está marcada RECONSTRUCCION_AMBIGUA_POR_COTEJAR con motivo FINAL_SIN_PUNTUACION.
RPM-2009-07-09:2654:1	2009-07-09	Consejo del Banco Central de Chile	3	SIMBOLO_SUELTO	ra coherente con la decisión anterior. ■ Suspender, por todo lo	ra coherente con la decisión anterior. Suspender, por todo lo	Símbolo ■ con basura adyacente, residuo del escaneo. El tipo SIMBOLO_SUELTO fue creado justamente para estos casos («■V», «ry _<< ■» -> se elimina). Medido: 21 apariciones en 20 filas. Se trata cada una con su basura propia porque el ruido que la acompaña varía (■o J, ■,\y, ■', ■J, ■V, / ■ ' /, 4 / ■, i - /■, — f ■, ry _<< ■). En todos los casos las dos oraciones que rodean el residuo quedan completas sin él. Excepción: en 5802:2 se elimina solo el ■ y se deja el paréntesis abierto, porque esa fila ya está marcada RECONSTRUCCION_AMBIGUA_POR_COTEJAR con motivo FINAL_SIN_PUNTUACION.
RPM-2009-08-13:2679:1	2009-08-13	Matías Bernier Bórquez	1	PUNTUACION	""""	”	Comilla recta que cierra una comilla curva: el par esta desbalanceado en el propio texto, de modo que el defecto queda demostrado sin recurrir al PDF. Medido en todo el corpus: 123 comillas rectas, de las cuales 57 forman par mixto con una curva (51 cierran una apertura “ y 6 abren donde el cierre es ”) y se corrigen; 57 forman pares enteramente rectos y no se tocan porque no hay desequilibrio que pruebe el defecto; 9 quedan huerfanas y se tratan aparte.
RPM-2009-08-13:2688:1	2009-08-13	Consejo del Banco Central de Chile	1	PUNTUACION	""""	”	Comilla recta que cierra una comilla curva: el par esta desbalanceado en el propio texto, de modo que el defecto queda demostrado sin recurrir al PDF. Medido en todo el corpus: 123 comillas rectas, de las cuales 57 forman par mixto con una curva (51 cierran una apertura “ y 6 abren donde el cierre es ”) y se corrigen; 57 forman pares enteramente rectos y no se tocan porque no hay desequilibrio que pruebe el defecto; 9 quedan huerfanas y se tratan aparte.
RPM-2009-09-08:2701:5	2009-09-08	Manuel Marfán Lewis	1	PUNTUACION	""""	”	Comilla recta que cierra una comilla curva: el par esta desbalanceado en el propio texto, de modo que el defecto queda demostrado sin recurrir al PDF. Medido en todo el corpus: 123 comillas rectas, de las cuales 57 forman par mixto con una curva (51 cierran una apertura “ y 6 abren donde el cierre es ”) y se corrigen; 57 forman pares enteramente rectos y no se tocan porque no hay desequilibrio que pruebe el defecto; 9 quedan huerfanas y se tratan aparte.
RPM-2009-09-08:2711:3	2009-09-08	Consejo del Banco Central de Chile	1	PUNTUACION	""""	”	Comilla recta que cierra una comilla curva: el par esta desbalanceado en el propio texto, de modo que el defecto queda demostrado sin recurrir al PDF. Medido en todo el corpus: 123 comillas rectas, de las cuales 57 forman par mixto con una curva (51 cierran una apertura “ y 6 abren donde el cierre es ”) y se corrigen; 57 forman pares enteramente rectos y no se tocan porque no hay desequilibrio que pruebe el defecto; 9 quedan huerfanas y se tratan aparte.
RPM-2009-10-13:2759:1	2009-10-13	Consejo del Banco Central de Chile	1	PUNTUACION	""""	”	Comilla recta que cierra una comilla curva: el par esta desbalanceado en el propio texto, de modo que el defecto queda demostrado sin recurrir al PDF. Medido en todo el corpus: 123 comillas rectas, de las cuales 57 forman par mixto con una curva (51 cierran una apertura “ y 6 abren donde el cierre es ”) y se corrigen; 57 forman pares enteramente rectos y no se tocan porque no hay desequilibrio que pruebe el defecto; 9 quedan huerfanas y se tratan aparte.
RPM-2009-11-12:2801:1	2009-11-12	Consejo del Banco Central de Chile	1	PUNTUACION	""""	”	Comilla recta que cierra una comilla curva: el par esta desbalanceado en el propio texto, de modo que el defecto queda demostrado sin recurrir al PDF. Medido en todo el corpus: 123 comillas rectas, de las cuales 57 forman par mixto con una curva (51 cierran una apertura “ y 6 abren donde el cierre es ”) y se corrigen; 57 forman pares enteramente rectos y no se tocan porque no hay desequilibrio que pruebe el defecto; 9 quedan huerfanas y se tratan aparte.
RPM-2009-12-15:2809:3	2009-12-15	José De Gregorio Rebeco	1	PUNTUACION	""""	”	Comilla recta que cierra una comilla curva: el par esta desbalanceado en el propio texto, de modo que el defecto queda demostrado sin recurrir al PDF. Medido en todo el corpus: 123 comillas rectas, de las cuales 57 forman par mixto con una curva (51 cierran una apertura “ y 6 abren donde el cierre es ”) y se corrigen; 57 forman pares enteramente rectos y no se tocan porque no hay desequilibrio que pruebe el defecto; 9 quedan huerfanas y se tratan aparte.
RPM-2010-01-14:2887:1	2010-01-14	Consejo del Banco Central de Chile	1	PUNTUACION	""""	”	Comilla recta que cierra una comilla curva: el par esta desbalanceado en el propio texto, de modo que el defecto queda demostrado sin recurrir al PDF. Medido en todo el corpus: 123 comillas rectas, de las cuales 57 forman par mixto con una curva (51 cierran una apertura “ y 6 abren donde el cierre es ”) y se corrigen; 57 forman pares enteramente rectos y no se tocan porque no hay desequilibrio que pruebe el defecto; 9 quedan huerfanas y se tratan aparte.
RPM-2010-02-11:2962:1	2010-02-11	Rodrigo Vergara Montes	1	PUNTUACION	""""	”	Comilla recta que cierra una comilla curva: el par esta desbalanceado en el propio texto, de modo que el defecto queda demostrado sin recurrir al PDF. Medido en todo el corpus: 123 comillas rectas, de las cuales 57 forman par mixto con una curva (51 cierran una apertura “ y 6 abren donde el cierre es ”) y se corrigen; 57 forman pares enteramente rectos y no se tocan porque no hay desequilibrio que pruebe el defecto; 9 quedan huerfanas y se tratan aparte.
RPM-2010-10-14:3448:1	2010-10-14	José De Gregorio Rebeco	1	PUNTUACION	""""	”	Comilla recta que cierra una comilla curva: el par esta desbalanceado en el propio texto, de modo que el defecto queda demostrado sin recurrir al PDF. Medido en todo el corpus: 123 comillas rectas, de las cuales 57 forman par mixto con una curva (51 cierran una apertura “ y 6 abren donde el cierre es ”) y se corrigen; 57 forman pares enteramente rectos y no se tocan porque no hay desequilibrio que pruebe el defecto; 9 quedan huerfanas y se tratan aparte.
RPM-2011-04-12:3968:1	2011-04-12	Manuel Marfán Lewis	1	PUNTUACION	""""	”	Comilla recta que cierra una comilla curva: el par esta desbalanceado en el propio texto, de modo que el defecto queda demostrado sin recurrir al PDF. Medido en todo el corpus: 123 comillas rectas, de las cuales 57 forman par mixto con una curva (51 cierran una apertura “ y 6 abren donde el cierre es ”) y se corrigen; 57 forman pares enteramente rectos y no se tocan porque no hay desequilibrio que pruebe el defecto; 9 quedan huerfanas y se tratan aparte.
RPM-2011-08-18:4280:1	2011-08-18	Consejo del Banco Central de Chile	1	PUNTUACION	""""	”	Comilla recta que cierra una comilla curva: el par esta desbalanceado en el propio texto, de modo que el defecto queda demostrado sin recurrir al PDF. Medido en todo el corpus: 123 comillas rectas, de las cuales 57 forman par mixto con una curva (51 cierran una apertura “ y 6 abren donde el cierre es ”) y se corrigen; 57 forman pares enteramente rectos y no se tocan porque no hay desequilibrio que pruebe el defecto; 9 quedan huerfanas y se tratan aparte.
RPM-2011-11-15:4459:1	2011-11-15	Consejo del Banco Central de Chile	1	PUNTUACION	""""	”	Comilla recta que cierra una comilla curva: el par esta desbalanceado en el propio texto, de modo que el defecto queda demostrado sin recurrir al PDF. Medido en todo el corpus: 123 comillas rectas, de las cuales 57 forman par mixto con una curva (51 cierran una apertura “ y 6 abren donde el cierre es ”) y se corrigen; 57 forman pares enteramente rectos y no se tocan porque no hay desequilibrio que pruebe el defecto; 9 quedan huerfanas y se tratan aparte.
RPM-2012-07-12:4909:1	2012-07-12	Manuel Marfán Lewis	1	PUNTUACION	""""	”	Comilla recta que cierra una comilla curva: el par esta desbalanceado en el propio texto, de modo que el defecto queda demostrado sin recurrir al PDF. Medido en todo el corpus: 123 comillas rectas, de las cuales 57 forman par mixto con una curva (51 cierran una apertura “ y 6 abren donde el cierre es ”) y se corrigen; 57 forman pares enteramente rectos y no se tocan porque no hay desequilibrio que pruebe el defecto; 9 quedan huerfanas y se tratan aparte.
RPM-2012-09-13:5043:1	2012-09-13	Sergio Lehmann Beresi	1	PUNTUACION	""""	”	Comilla recta que cierra una comilla curva: el par esta desbalanceado en el propio texto, de modo que el defecto queda demostrado sin recurrir al PDF. Medido en todo el corpus: 123 comillas rectas, de las cuales 57 forman par mixto con una curva (51 cierran una apertura “ y 6 abren donde el cierre es ”) y se corrigen; 57 forman pares enteramente rectos y no se tocan porque no hay desequilibrio que pruebe el defecto; 9 quedan huerfanas y se tratan aparte.
RPM-2012-09-13:5054:1	2012-09-13	Manuel Marfán Lewis	1	PUNTUACION	""""	”	Comilla recta que cierra una comilla curva: el par esta desbalanceado en el propio texto, de modo que el defecto queda demostrado sin recurrir al PDF. Medido en todo el corpus: 123 comillas rectas, de las cuales 57 forman par mixto con una curva (51 cierran una apertura “ y 6 abren donde el cierre es ”) y se corrigen; 57 forman pares enteramente rectos y no se tocan porque no hay desequilibrio que pruebe el defecto; 9 quedan huerfanas y se tratan aparte.
RPM-2013-03-14:5402:1	2013-03-14	Sergio Lehmann Beresi	1	PUNTUACION	""""	”	Comilla recta que cierra una comilla curva: el par esta desbalanceado en el propio texto, de modo que el defecto queda demostrado sin recurrir al PDF. Medido en todo el corpus: 123 comillas rectas, de las cuales 57 forman par mixto con una curva (51 cierran una apertura “ y 6 abren donde el cierre es ”) y se corrigen; 57 forman pares enteramente rectos y no se tocan porque no hay desequilibrio que pruebe el defecto; 9 quedan huerfanas y se tratan aparte.
RPM-2013-06-13:5621:1	2013-06-13	Kevin Cowan Logan	1	PUNTUACION	""""	“	Comilla recta que abre una comilla curva: el par esta desbalanceado en el propio texto, de modo que el defecto queda demostrado sin recurrir al PDF. Medido en todo el corpus: 123 comillas rectas, de las cuales 57 forman par mixto con una curva (51 cierran una apertura “ y 6 abren donde el cierre es ”) y se corrigen; 57 forman pares enteramente rectos y no se tocan porque no hay desequilibrio que pruebe el defecto; 9 quedan huerfanas y se tratan aparte.
RPM-2013-07-11:5699:3	2013-07-11	Consejo del Banco Central de Chile	1	PUNTUACION	""""	”	Comilla recta que cierra una comilla curva: el par esta desbalanceado en el propio texto, de modo que el defecto queda demostrado sin recurrir al PDF. Medido en todo el corpus: 123 comillas rectas, de las cuales 57 forman par mixto con una curva (51 cierran una apertura “ y 6 abren donde el cierre es ”) y se corrigen; 57 forman pares enteramente rectos y no se tocan porque no hay desequilibrio que pruebe el defecto; 9 quedan huerfanas y se tratan aparte.
RPM-2013-11-19:5892:3	2013-11-19	Felipe Larraín Bascuñán	1	PUNTUACION	""""	”	Comilla recta que cierra una comilla curva: el par esta desbalanceado en el propio texto, de modo que el defecto queda demostrado sin recurrir al PDF. Medido en todo el corpus: 123 comillas rectas, de las cuales 57 forman par mixto con una curva (51 cierran una apertura “ y 6 abren donde el cierre es ”) y se corrigen; 57 forman pares enteramente rectos y no se tocan porque no hay desequilibrio que pruebe el defecto; 9 quedan huerfanas y se tratan aparte.
RPM-2013-11-19:5903:1	2013-11-19	Rodrigo Vergara Montes	1	PUNTUACION	""""	”	Comilla recta que cierra una comilla curva: el par esta desbalanceado en el propio texto, de modo que el defecto queda demostrado sin recurrir al PDF. Medido en todo el corpus: 123 comillas rectas, de las cuales 57 forman par mixto con una curva (51 cierran una apertura “ y 6 abren donde el cierre es ”) y se corrigen; 57 forman pares enteramente rectos y no se tocan porque no hay desequilibrio que pruebe el defecto; 9 quedan huerfanas y se tratan aparte.
RPM-2014-01-16:5966:1	2014-01-16	Sergio Lehmann Beresi	1	PUNTUACION	""""	”	Comilla recta que cierra una comilla curva: el par esta desbalanceado en el propio texto, de modo que el defecto queda demostrado sin recurrir al PDF. Medido en todo el corpus: 123 comillas rectas, de las cuales 57 forman par mixto con una curva (51 cierran una apertura “ y 6 abren donde el cierre es ”) y se corrigen; 57 forman pares enteramente rectos y no se tocan porque no hay desequilibrio que pruebe el defecto; 9 quedan huerfanas y se tratan aparte.
RPM-2014-01-16:5966:1	2014-01-16	Sergio Lehmann Beresi	2	LETRA_CONFUNDIDA	1O	10	"1O por 10: el cero se leyo como la letra O mayuscula. Medido: 7 apariciones en 6 filas y todas son numeros donde solo cabe el diez (""tasas a 1O años plazo"", ""lámina Nº 1O"", ""US$ 3,1O la libra"", ""a 5 y 1O años"", ""a 2 y 1O años"", ""a 1O años"", ""de 1O o 20%""). Se verifico que no existen apariciones embebidas en otras palabras."
RPM-2014-02-18:6043:1	2014-02-18	Beltrán de Ramón Acevedo	1	PUNTUACION	""""	“	Comilla recta que abre una comilla curva: el par esta desbalanceado en el propio texto, de modo que el defecto queda demostrado sin recurrir al PDF. Medido en todo el corpus: 123 comillas rectas, de las cuales 57 forman par mixto con una curva (51 cierran una apertura “ y 6 abren donde el cierre es ”) y se corrigen; 57 forman pares enteramente rectos y no se tocan porque no hay desequilibrio que pruebe el defecto; 9 quedan huerfanas y se tratan aparte.
RPM-2014-02-18:6055:3	2014-02-18	Consejo del Banco Central de Chile	1	PUNTUACION	""""	”	Comilla recta que cierra una comilla curva: el par esta desbalanceado en el propio texto, de modo que el defecto queda demostrado sin recurrir al PDF. Medido en todo el corpus: 123 comillas rectas, de las cuales 57 forman par mixto con una curva (51 cierran una apertura “ y 6 abren donde el cierre es ”) y se corrigen; 57 forman pares enteramente rectos y no se tocan porque no hay desequilibrio que pruebe el defecto; 9 quedan huerfanas y se tratan aparte.
RPM-2014-07-15:6340:3	2014-07-15	Consejo del Banco Central de Chile	1	PUNTUACION	""""	”	Comilla recta que cierra una comilla curva: el par esta desbalanceado en el propio texto, de modo que el defecto queda demostrado sin recurrir al PDF. Medido en todo el corpus: 123 comillas rectas, de las cuales 57 forman par mixto con una curva (51 cierran una apertura “ y 6 abren donde el cierre es ”) y se corrigen; 57 forman pares enteramente rectos y no se tocan porque no hay desequilibrio que pruebe el defecto; 9 quedan huerfanas y se tratan aparte.
RPM-2014-08-14:6389:4	2014-08-14	Consejo del Banco Central de Chile	1	PUNTUACION	""""	”	Comilla recta que cierra una comilla curva: el par esta desbalanceado en el propio texto, de modo que el defecto queda demostrado sin recurrir al PDF. Medido en todo el corpus: 123 comillas rectas, de las cuales 57 forman par mixto con una curva (51 cierran una apertura “ y 6 abren donde el cierre es ”) y se corrigen; 57 forman pares enteramente rectos y no se tocan porque no hay desequilibrio que pruebe el defecto; 9 quedan huerfanas y se tratan aparte.
RPM-2014-10-16:6441:2	2014-10-16	Miguel Ricaurte Bermúdez	1	PUNTUACION	""""	”	Comilla recta que cierra una comilla curva: el par esta desbalanceado en el propio texto, de modo que el defecto queda demostrado sin recurrir al PDF. Medido en todo el corpus: 123 comillas rectas, de las cuales 57 forman par mixto con una curva (51 cierran una apertura “ y 6 abren donde el cierre es ”) y se corrigen; 57 forman pares enteramente rectos y no se tocan porque no hay desequilibrio que pruebe el defecto; 9 quedan huerfanas y se tratan aparte.
RPM-2005-01-11:57:1	2005-01-11	Consejo del Banco Central de Chile	1	FIRMA_TRUNCADA	 JOSÉ DE GREGORIO REBECO Vicepresidente rORTO CORBO LIOIV Presidente t í NICOLÁS EYZAC^IRRE GUZMAN Ministro ere Hacienda J U A f ^ T E B ^ LAVÁL ZALDÍVAR listro de Fe (S)		"Bloque de firmas escaneadas al pie del acta, incrustado al final de la fila. Medido: 52 filas lo contienen y en las 52 cae despues de la formula de cierre ""Se levanta la Sesion a las HH:MM horas"", nunca en medio del discurso. No contiene intervencion de nadie: solo nombres, cargos y la constancia de firma. El dano optico lo hace irreparable: el corpus trae la misma firma como ""ENRIQUE MARSHALL RIVERA"" 4 veces, como ""E MARSHALL RIVERA"" 15 veces y como ""EI)fRIQUE MARSHALL RIVERA""; otros bloques quedan como ""rORTO CORBO LIOIV"" o ""J U A f ^ T E B ^ LAVÁL ZALDÍVAR li"". Reponer el nombre estaria prohibido por la seccion 5 (nunca se reescribe un nombre propio) y en la mayoria de los casos seria imposible sin el PDF. Se elimina el bloque y se conserva integra la formula de cierre, que si es informacion: la hora de termino de la sesion. La eliminacion ocurre solo en Texto_Corregido; Texto queda intacto."
RPM-2005-01-11:57:1	2005-01-11	Consejo del Banco Central de Chile	2	LETRA_CONFUNDIDA	n de los cambios en ios precios de los 	n de los cambios en los precios de los 	"""ios"" por ""los"": la l se leyo como i, la misma regla que produce ""ai"" por ""al"" (§12). Medido: 90 apariciones en 88 filas contra 32.215 de ""los"". ""ios"" no es palabra del español. Se comprobo la palabra que precede a las 90 y en todas corresponde un articulo: de 25, en 14, que 12, a 9, para 5, todos 3, con 2, y 2, por 2, y el resto tras cuando, durante, analizan, septiembre, o una comilla de apertura."
RPM-2005-06-09:295:1	2005-06-09	Consejo del Banco Central de Chile	1	FIRMA_TRUNCADA	 JOSÉ DE GREGORIO REBECO Vicepresidente Presidente.		"Bloque de firmas escaneadas al pie del acta, incrustado al final de la fila. Medido: 52 filas lo contienen y en las 52 cae despues de la formula de cierre ""Se levanta la Sesion a las HH:MM horas"", nunca en medio del discurso. No contiene intervencion de nadie: solo nombres, cargos y la constancia de firma. El dano optico lo hace irreparable: el corpus trae la misma firma como ""ENRIQUE MARSHALL RIVERA"" 4 veces, como ""E MARSHALL RIVERA"" 15 veces y como ""EI)fRIQUE MARSHALL RIVERA""; otros bloques quedan como ""rORTO CORBO LIOIV"" o ""J U A f ^ T E B ^ LAVÁL ZALDÍVAR li"". Reponer el nombre estaria prohibido por la seccion 5 (nunca se reescribe un nombre propio) y en la mayoria de los casos seria imposible sin el PDF. Se elimina el bloque y se conserva integra la formula de cierre, que si es informacion: la hora de termino de la sesion. La eliminacion ocurre solo en Texto_Corregido; Texto queda intacto."
RPM-2005-07-12:311:1	2005-07-12	Consejo del Banco Central de Chile	1	FIRMA_TRUNCADA	 JOSE DE GREGORIO REBECO Vicepresidente Presidente.		"Bloque de firmas escaneadas al pie del acta, incrustado al final de la fila. Medido: 52 filas lo contienen y en las 52 cae despues de la formula de cierre ""Se levanta la Sesion a las HH:MM horas"", nunca en medio del discurso. No contiene intervencion de nadie: solo nombres, cargos y la constancia de firma. El dano optico lo hace irreparable: el corpus trae la misma firma como ""ENRIQUE MARSHALL RIVERA"" 4 veces, como ""E MARSHALL RIVERA"" 15 veces y como ""EI)fRIQUE MARSHALL RIVERA""; otros bloques quedan como ""rORTO CORBO LIOIV"" o ""J U A f ^ T E B ^ LAVÁL ZALDÍVAR li"". Reponer el nombre estaria prohibido por la seccion 5 (nunca se reescribe un nombre propio) y en la mayoria de los casos seria imposible sin el PDF. Se elimina el bloque y se conserva integra la formula de cierre, que si es informacion: la hora de termino de la sesion. La eliminacion ocurre solo en Texto_Corregido; Texto queda intacto."
RPM-2006-02-09:595:1	2006-02-09	Consejo del Banco Central de Chile	1	FIRMA_TRUNCADA	 JOSÉ DE GREGORIO REBECO Presidente.		"Bloque de firmas escaneadas al pie del acta, incrustado al final de la fila. Medido: 52 filas lo contienen y en las 52 cae despues de la formula de cierre ""Se levanta la Sesion a las HH:MM horas"", nunca en medio del discurso. No contiene intervencion de nadie: solo nombres, cargos y la constancia de firma. El dano optico lo hace irreparable: el corpus trae la misma firma como ""ENRIQUE MARSHALL RIVERA"" 4 veces, como ""E MARSHALL RIVERA"" 15 veces y como ""EI)fRIQUE MARSHALL RIVERA""; otros bloques quedan como ""rORTO CORBO LIOIV"" o ""J U A f ^ T E B ^ LAVÁL ZALDÍVAR li"". Reponer el nombre estaria prohibido por la seccion 5 (nunca se reescribe un nombre propio) y en la mayoria de los casos seria imposible sin el PDF. Se elimina el bloque y se conserva integra la formula de cierre, que si es informacion: la hora de termino de la sesion. La eliminacion ocurre solo en Texto_Corregido; Texto queda intacto."
RPM-2006-07-13:781:1	2006-07-13	Consejo del Banco Central de Chile	1	FIRMA_TRUNCADA	 JOSÉ DE GREGORIO REBECO VITTORIO CORBO Ll(3(l Vicepresidente Presidente .1.		"Bloque de firmas escaneadas al pie del acta, incrustado al final de la fila. Medido: 52 filas lo contienen y en las 52 cae despues de la formula de cierre ""Se levanta la Sesion a las HH:MM horas"", nunca en medio del discurso. No contiene intervencion de nadie: solo nombres, cargos y la constancia de firma. El dano optico lo hace irreparable: el corpus trae la misma firma como ""ENRIQUE MARSHALL RIVERA"" 4 veces, como ""E MARSHALL RIVERA"" 15 veces y como ""EI)fRIQUE MARSHALL RIVERA""; otros bloques quedan como ""rORTO CORBO LIOIV"" o ""J U A f ^ T E B ^ LAVÁL ZALDÍVAR li"". Reponer el nombre estaria prohibido por la seccion 5 (nunca se reescribe un nombre propio) y en la mayoria de los casos seria imposible sin el PDF. Se elimina el bloque y se conserva integra la formula de cierre, que si es informacion: la hora de termino de la sesion. La eliminacion ocurre solo en Texto_Corregido; Texto queda intacto."
RPM-2006-12-14:1021:1	2006-12-14	Consejo del Banco Central de Chile	1	FIRMA_TRUNCADA	 )RIO CORBO LIOI Vicepresidente Presidente.		"Bloque de firmas escaneadas al pie del acta, incrustado al final de la fila. Medido: 52 filas lo contienen y en las 52 cae despues de la formula de cierre ""Se levanta la Sesion a las HH:MM horas"", nunca en medio del discurso. No contiene intervencion de nadie: solo nombres, cargos y la constancia de firma. El dano optico lo hace irreparable: el corpus trae la misma firma como ""ENRIQUE MARSHALL RIVERA"" 4 veces, como ""E MARSHALL RIVERA"" 15 veces y como ""EI)fRIQUE MARSHALL RIVERA""; otros bloques quedan como ""rORTO CORBO LIOIV"" o ""J U A f ^ T E B ^ LAVÁL ZALDÍVAR li"". Reponer el nombre estaria prohibido por la seccion 5 (nunca se reescribe un nombre propio) y en la mayoria de los casos seria imposible sin el PDF. Se elimina el bloque y se conserva integra la formula de cierre, que si es informacion: la hora de termino de la sesion. La eliminacion ocurre solo en Texto_Corregido; Texto queda intacto."
RPM-2007-01-11:1058:1	2007-01-11	Consejo del Banco Central de Chile	1	FIRMA_TRUNCADA	 \ DE GREGORIO REBECO VITTORIO CORBO LIOI Vicepresidente Presidente JORÓE DESORMEAUX JIMÉNEZ.		"Bloque de firmas escaneadas al pie del acta, incrustado al final de la fila. Medido: 52 filas lo contienen y en las 52 cae despues de la formula de cierre ""Se levanta la Sesion a las HH:MM horas"", nunca en medio del discurso. No contiene intervencion de nadie: solo nombres, cargos y la constancia de firma. El dano optico lo hace irreparable: el corpus trae la misma firma como ""ENRIQUE MARSHALL RIVERA"" 4 veces, como ""E MARSHALL RIVERA"" 15 veces y como ""EI)fRIQUE MARSHALL RIVERA""; otros bloques quedan como ""rORTO CORBO LIOIV"" o ""J U A f ^ T E B ^ LAVÁL ZALDÍVAR li"". Reponer el nombre estaria prohibido por la seccion 5 (nunca se reescribe un nombre propio) y en la mayoria de los casos seria imposible sin el PDF. Se elimina el bloque y se conserva integra la formula de cierre, que si es informacion: la hora de termino de la sesion. La eliminacion ocurre solo en Texto_Corregido; Texto queda intacto."
RPM-2007-06-14:1309:1	2007-06-14	Consejo del Banco Central de Chile	1	FIRMA_TRUNCADA	 VITTORIO CORBO LIOI Vicepresidente Presidente.		"Bloque de firmas escaneadas al pie del acta, incrustado al final de la fila. Medido: 52 filas lo contienen y en las 52 cae despues de la formula de cierre ""Se levanta la Sesion a las HH:MM horas"", nunca en medio del discurso. No contiene intervencion de nadie: solo nombres, cargos y la constancia de firma. El dano optico lo hace irreparable: el corpus trae la misma firma como ""ENRIQUE MARSHALL RIVERA"" 4 veces, como ""E MARSHALL RIVERA"" 15 veces y como ""EI)fRIQUE MARSHALL RIVERA""; otros bloques quedan como ""rORTO CORBO LIOIV"" o ""J U A f ^ T E B ^ LAVÁL ZALDÍVAR li"". Reponer el nombre estaria prohibido por la seccion 5 (nunca se reescribe un nombre propio) y en la mayoria de los casos seria imposible sin el PDF. Se elimina el bloque y se conserva integra la formula de cierre, que si es informacion: la hora de termino de la sesion. La eliminacion ocurre solo en Texto_Corregido; Texto queda intacto."
RPM-2007-08-09:1403:1	2007-08-09	Consejo del Banco Central de Chile	1	FIRMA_TRUNCADA	 Vicepresidente Presidente j o r g e DESORMEAUX JIMÉNEZ Consejero.		"Bloque de firmas escaneadas al pie del acta, incrustado al final de la fila. Medido: 52 filas lo contienen y en las 52 cae despues de la formula de cierre ""Se levanta la Sesion a las HH:MM horas"", nunca en medio del discurso. No contiene intervencion de nadie: solo nombres, cargos y la constancia de firma. El dano optico lo hace irreparable: el corpus trae la misma firma como ""ENRIQUE MARSHALL RIVERA"" 4 veces, como ""E MARSHALL RIVERA"" 15 veces y como ""EI)fRIQUE MARSHALL RIVERA""; otros bloques quedan como ""rORTO CORBO LIOIV"" o ""J U A f ^ T E B ^ LAVÁL ZALDÍVAR li"". Reponer el nombre estaria prohibido por la seccion 5 (nunca se reescribe un nombre propio) y en la mayoria de los casos seria imposible sin el PDF. Se elimina el bloque y se conserva integra la formula de cierre, que si es informacion: la hora de termino de la sesion. La eliminacion ocurre solo en Texto_Corregido; Texto queda intacto."
RPM-2007-09-13:1470:1	2007-09-13	Consejo del Banco Central de Chile	1	FIRMA_TRUNCADA	 JOSÉ DE GREGORIO REBECO Vicepresidente JORGE DESORMEAUX JIMÉNEZ Consejero.		"Bloque de firmas escaneadas al pie del acta, incrustado al final de la fila. Medido: 52 filas lo contienen y en las 52 cae despues de la formula de cierre ""Se levanta la Sesion a las HH:MM horas"", nunca en medio del discurso. No contiene intervencion de nadie: solo nombres, cargos y la constancia de firma. El dano optico lo hace irreparable: el corpus trae la misma firma como ""ENRIQUE MARSHALL RIVERA"" 4 veces, como ""E MARSHALL RIVERA"" 15 veces y como ""EI)fRIQUE MARSHALL RIVERA""; otros bloques quedan como ""rORTO CORBO LIOIV"" o ""J U A f ^ T E B ^ LAVÁL ZALDÍVAR li"". Reponer el nombre estaria prohibido por la seccion 5 (nunca se reescribe un nombre propio) y en la mayoria de los casos seria imposible sin el PDF. Se elimina el bloque y se conserva integra la formula de cierre, que si es informacion: la hora de termino de la sesion. La eliminacion ocurre solo en Texto_Corregido; Texto queda intacto."
RPM-2007-12-13:1615:1	2007-12-13	Consejo del Banco Central de Chile	1	FIRMA_TRUNCADA	 JORGE DESORMEAUX JIMÉNEZ JOSÉ DE GREGORIO REBECO Vicepresidente Presidente.		"Bloque de firmas escaneadas al pie del acta, incrustado al final de la fila. Medido: 52 filas lo contienen y en las 52 cae despues de la formula de cierre ""Se levanta la Sesion a las HH:MM horas"", nunca en medio del discurso. No contiene intervencion de nadie: solo nombres, cargos y la constancia de firma. El dano optico lo hace irreparable: el corpus trae la misma firma como ""ENRIQUE MARSHALL RIVERA"" 4 veces, como ""E MARSHALL RIVERA"" 15 veces y como ""EI)fRIQUE MARSHALL RIVERA""; otros bloques quedan como ""rORTO CORBO LIOIV"" o ""J U A f ^ T E B ^ LAVÁL ZALDÍVAR li"". Reponer el nombre estaria prohibido por la seccion 5 (nunca se reescribe un nombre propio) y en la mayoria de los casos seria imposible sin el PDF. Se elimina el bloque y se conserva integra la formula de cierre, que si es informacion: la hora de termino de la sesion. La eliminacion ocurre solo en Texto_Corregido; Texto queda intacto."
RPM-2008-01-10:1642:1	2008-01-10	Consejo del Banco Central de Chile	1	FIRMA_TRUNCADA	 JORGE DESORMEAUX JIMÉNEZ JOSÉ DE GREGORIO REBECO.		"Bloque de firmas escaneadas al pie del acta, incrustado al final de la fila. Medido: 52 filas lo contienen y en las 52 cae despues de la formula de cierre ""Se levanta la Sesion a las HH:MM horas"", nunca en medio del discurso. No contiene intervencion de nadie: solo nombres, cargos y la constancia de firma. El dano optico lo hace irreparable: el corpus trae la misma firma como ""ENRIQUE MARSHALL RIVERA"" 4 veces, como ""E MARSHALL RIVERA"" 15 veces y como ""EI)fRIQUE MARSHALL RIVERA""; otros bloques quedan como ""rORTO CORBO LIOIV"" o ""J U A f ^ T E B ^ LAVÁL ZALDÍVAR li"". Reponer el nombre estaria prohibido por la seccion 5 (nunca se reescribe un nombre propio) y en la mayoria de los casos seria imposible sin el PDF. Se elimina el bloque y se conserva integra la formula de cierre, que si es informacion: la hora de termino de la sesion. La eliminacion ocurre solo en Texto_Corregido; Texto queda intacto."
RPM-2008-03-13:1744:1	2008-03-13	Consejo del Banco Central de Chile	1	FIRMA_TRUNCADA	 JORGE DESORMEAUX JIMÉNEZ JOSÉ DE GREGORIO REBECO Vicepresidente Presidente ENRIQUE MARSHALL RIVERA Consejero.		"Bloque de firmas escaneadas al pie del acta, incrustado al final de la fila. Medido: 52 filas lo contienen y en las 52 cae despues de la formula de cierre ""Se levanta la Sesion a las HH:MM horas"", nunca en medio del discurso. No contiene intervencion de nadie: solo nombres, cargos y la constancia de firma. El dano optico lo hace irreparable: el corpus trae la misma firma como ""ENRIQUE MARSHALL RIVERA"" 4 veces, como ""E MARSHALL RIVERA"" 15 veces y como ""EI)fRIQUE MARSHALL RIVERA""; otros bloques quedan como ""rORTO CORBO LIOIV"" o ""J U A f ^ T E B ^ LAVÁL ZALDÍVAR li"". Reponer el nombre estaria prohibido por la seccion 5 (nunca se reescribe un nombre propio) y en la mayoria de los casos seria imposible sin el PDF. Se elimina el bloque y se conserva integra la formula de cierre, que si es informacion: la hora de termino de la sesion. La eliminacion ocurre solo en Texto_Corregido; Texto queda intacto."
RPM-2008-08-14:2046:1	2008-08-14	Consejo del Banco Central de Chile	1	FIRMA_TRUNCADA	 JORGE DESORMEAUX JIMÉNEZ JOSE DE GREGORIO REBECO Vicepresidente Presidente.		"Bloque de firmas escaneadas al pie del acta, incrustado al final de la fila. Medido: 52 filas lo contienen y en las 52 cae despues de la formula de cierre ""Se levanta la Sesion a las HH:MM horas"", nunca en medio del discurso. No contiene intervencion de nadie: solo nombres, cargos y la constancia de firma. El dano optico lo hace irreparable: el corpus trae la misma firma como ""ENRIQUE MARSHALL RIVERA"" 4 veces, como ""E MARSHALL RIVERA"" 15 veces y como ""EI)fRIQUE MARSHALL RIVERA""; otros bloques quedan como ""rORTO CORBO LIOIV"" o ""J U A f ^ T E B ^ LAVÁL ZALDÍVAR li"". Reponer el nombre estaria prohibido por la seccion 5 (nunca se reescribe un nombre propio) y en la mayoria de los casos seria imposible sin el PDF. Se elimina el bloque y se conserva integra la formula de cierre, que si es informacion: la hora de termino de la sesion. La eliminacion ocurre solo en Texto_Corregido; Texto queda intacto."
RPM-2008-09-04:2100:1	2008-09-04	Consejo del Banco Central de Chile	1	FIRMA_TRUNCADA	 JORGE DESORMEAUX JIMÉNEZ JOSE DE GREGORIO REBECO Vicepresidente Presidente EI)fRIQUE MARSHALL RIVERA Consejero.		"Bloque de firmas escaneadas al pie del acta, incrustado al final de la fila. Medido: 52 filas lo contienen y en las 52 cae despues de la formula de cierre ""Se levanta la Sesion a las HH:MM horas"", nunca en medio del discurso. No contiene intervencion de nadie: solo nombres, cargos y la constancia de firma. El dano optico lo hace irreparable: el corpus trae la misma firma como ""ENRIQUE MARSHALL RIVERA"" 4 veces, como ""E MARSHALL RIVERA"" 15 veces y como ""EI)fRIQUE MARSHALL RIVERA""; otros bloques quedan como ""rORTO CORBO LIOIV"" o ""J U A f ^ T E B ^ LAVÁL ZALDÍVAR li"". Reponer el nombre estaria prohibido por la seccion 5 (nunca se reescribe un nombre propio) y en la mayoria de los casos seria imposible sin el PDF. Se elimina el bloque y se conserva integra la formula de cierre, que si es informacion: la hora de termino de la sesion. La eliminacion ocurre solo en Texto_Corregido; Texto queda intacto."
RPM-2008-11-13:2174:1	2008-11-13	Consejo del Banco Central de Chile	1	FIRMA_TRUNCADA	 JORGE DESORMEAUX JIMÉNEZ JOSE DE GREGORIO REBECO Vicepresidente Presidente.		"Bloque de firmas escaneadas al pie del acta, incrustado al final de la fila. Medido: 52 filas lo contienen y en las 52 cae despues de la formula de cierre ""Se levanta la Sesion a las HH:MM horas"", nunca en medio del discurso. No contiene intervencion de nadie: solo nombres, cargos y la constancia de firma. El dano optico lo hace irreparable: el corpus trae la misma firma como ""ENRIQUE MARSHALL RIVERA"" 4 veces, como ""E MARSHALL RIVERA"" 15 veces y como ""EI)fRIQUE MARSHALL RIVERA""; otros bloques quedan como ""rORTO CORBO LIOIV"" o ""J U A f ^ T E B ^ LAVÁL ZALDÍVAR li"". Reponer el nombre estaria prohibido por la seccion 5 (nunca se reescribe un nombre propio) y en la mayoria de los casos seria imposible sin el PDF. Se elimina el bloque y se conserva integra la formula de cierre, que si es informacion: la hora de termino de la sesion. La eliminacion ocurre solo en Texto_Corregido; Texto queda intacto."
RPM-2009-01-08:2300:1	2009-01-08	Consejo del Banco Central de Chile	1	FIRMA_TRUNCADA	 JORGE DESORMEAUX JIMÉNEZ JOSÉ DE GREGORIO REBECO Vicepresidente Presidente.		"Bloque de firmas escaneadas al pie del acta, incrustado al final de la fila. Medido: 52 filas lo contienen y en las 52 cae despues de la formula de cierre ""Se levanta la Sesion a las HH:MM horas"", nunca en medio del discurso. No contiene intervencion de nadie: solo nombres, cargos y la constancia de firma. El dano optico lo hace irreparable: el corpus trae la misma firma como ""ENRIQUE MARSHALL RIVERA"" 4 veces, como ""E MARSHALL RIVERA"" 15 veces y como ""EI)fRIQUE MARSHALL RIVERA""; otros bloques quedan como ""rORTO CORBO LIOIV"" o ""J U A f ^ T E B ^ LAVÁL ZALDÍVAR li"". Reponer el nombre estaria prohibido por la seccion 5 (nunca se reescribe un nombre propio) y en la mayoria de los casos seria imposible sin el PDF. Se elimina el bloque y se conserva integra la formula de cierre, que si es informacion: la hora de termino de la sesion. La eliminacion ocurre solo en Texto_Corregido; Texto queda intacto."
RPM-2009-03-12:2439:1	2009-03-12	Consejo del Banco Central de Chile	1	FIRMA_TRUNCADA	 JORGE DESORMEAUX JIMÉNEZ JOSÉ DE GREGORIO REBECO Vicepresidente Presidente.		"Bloque de firmas escaneadas al pie del acta, incrustado al final de la fila. Medido: 52 filas lo contienen y en las 52 cae despues de la formula de cierre ""Se levanta la Sesion a las HH:MM horas"", nunca en medio del discurso. No contiene intervencion de nadie: solo nombres, cargos y la constancia de firma. El dano optico lo hace irreparable: el corpus trae la misma firma como ""ENRIQUE MARSHALL RIVERA"" 4 veces, como ""E MARSHALL RIVERA"" 15 veces y como ""EI)fRIQUE MARSHALL RIVERA""; otros bloques quedan como ""rORTO CORBO LIOIV"" o ""J U A f ^ T E B ^ LAVÁL ZALDÍVAR li"". Reponer el nombre estaria prohibido por la seccion 5 (nunca se reescribe un nombre propio) y en la mayoria de los casos seria imposible sin el PDF. Se elimina el bloque y se conserva integra la formula de cierre, que si es informacion: la hora de termino de la sesion. La eliminacion ocurre solo en Texto_Corregido; Texto queda intacto."
RPM-2009-04-09:2502:1	2009-04-09	Consejo del Banco Central de Chile	1	FIRMA_TRUNCADA	 JORGE DESORMEAUX JIMÉNEZ JOSÉ DE GREGORIO REBECO Vicepresidente Presidente.		"Bloque de firmas escaneadas al pie del acta, incrustado al final de la fila. Medido: 52 filas lo contienen y en las 52 cae despues de la formula de cierre ""Se levanta la Sesion a las HH:MM horas"", nunca en medio del discurso. No contiene intervencion de nadie: solo nombres, cargos y la constancia de firma. El dano optico lo hace irreparable: el corpus trae la misma firma como ""ENRIQUE MARSHALL RIVERA"" 4 veces, como ""E MARSHALL RIVERA"" 15 veces y como ""EI)fRIQUE MARSHALL RIVERA""; otros bloques quedan como ""rORTO CORBO LIOIV"" o ""J U A f ^ T E B ^ LAVÁL ZALDÍVAR li"". Reponer el nombre estaria prohibido por la seccion 5 (nunca se reescribe un nombre propio) y en la mayoria de los casos seria imposible sin el PDF. Se elimina el bloque y se conserva integra la formula de cierre, que si es informacion: la hora de termino de la sesion. La eliminacion ocurre solo en Texto_Corregido; Texto queda intacto."
RPM-2009-05-07:2551:1	2009-05-07	Consejo del Banco Central de Chile	1	FIRMA_TRUNCADA	 JORGE DESORMEAUX JIMÉNEZ Vicepresidente Presidente.		"Bloque de firmas escaneadas al pie del acta, incrustado al final de la fila. Medido: 52 filas lo contienen y en las 52 cae despues de la formula de cierre ""Se levanta la Sesion a las HH:MM horas"", nunca en medio del discurso. No contiene intervencion de nadie: solo nombres, cargos y la constancia de firma. El dano optico lo hace irreparable: el corpus trae la misma firma como ""ENRIQUE MARSHALL RIVERA"" 4 veces, como ""E MARSHALL RIVERA"" 15 veces y como ""EI)fRIQUE MARSHALL RIVERA""; otros bloques quedan como ""rORTO CORBO LIOIV"" o ""J U A f ^ T E B ^ LAVÁL ZALDÍVAR li"". Reponer el nombre estaria prohibido por la seccion 5 (nunca se reescribe un nombre propio) y en la mayoria de los casos seria imposible sin el PDF. Se elimina el bloque y se conserva integra la formula de cierre, que si es informacion: la hora de termino de la sesion. La eliminacion ocurre solo en Texto_Corregido; Texto queda intacto."
RPM-2009-09-08:2712:1	2009-09-08	Consejo del Banco Central de Chile	1	FIRMA_TRUNCADA	 JORGE DESORMEAUX JIMÉNEZ Vicepresidente Presidente.		"Bloque de firmas escaneadas al pie del acta, incrustado al final de la fila. Medido: 52 filas lo contienen y en las 52 cae despues de la formula de cierre ""Se levanta la Sesion a las HH:MM horas"", nunca en medio del discurso. No contiene intervencion de nadie: solo nombres, cargos y la constancia de firma. El dano optico lo hace irreparable: el corpus trae la misma firma como ""ENRIQUE MARSHALL RIVERA"" 4 veces, como ""E MARSHALL RIVERA"" 15 veces y como ""EI)fRIQUE MARSHALL RIVERA""; otros bloques quedan como ""rORTO CORBO LIOIV"" o ""J U A f ^ T E B ^ LAVÁL ZALDÍVAR li"". Reponer el nombre estaria prohibido por la seccion 5 (nunca se reescribe un nombre propio) y en la mayoria de los casos seria imposible sin el PDF. Se elimina el bloque y se conserva integra la formula de cierre, que si es informacion: la hora de termino de la sesion. La eliminacion ocurre solo en Texto_Corregido; Texto queda intacto."
RPM-2009-10-13:2760:1	2009-10-13	Consejo del Banco Central de Chile	1	FIRMA_TRUNCADA	 JORGE DESORMEAUX JIMÉNEZ JOSÉ DE GREGORIO REBECO Vicepresidente Presidente.		"Bloque de firmas escaneadas al pie del acta, incrustado al final de la fila. Medido: 52 filas lo contienen y en las 52 cae despues de la formula de cierre ""Se levanta la Sesion a las HH:MM horas"", nunca en medio del discurso. No contiene intervencion de nadie: solo nombres, cargos y la constancia de firma. El dano optico lo hace irreparable: el corpus trae la misma firma como ""ENRIQUE MARSHALL RIVERA"" 4 veces, como ""E MARSHALL RIVERA"" 15 veces y como ""EI)fRIQUE MARSHALL RIVERA""; otros bloques quedan como ""rORTO CORBO LIOIV"" o ""J U A f ^ T E B ^ LAVÁL ZALDÍVAR li"". Reponer el nombre estaria prohibido por la seccion 5 (nunca se reescribe un nombre propio) y en la mayoria de los casos seria imposible sin el PDF. Se elimina el bloque y se conserva integra la formula de cierre, que si es informacion: la hora de termino de la sesion. La eliminacion ocurre solo en Texto_Corregido; Texto queda intacto."
RPM-2009-11-12:2802:1	2009-11-12	Consejo del Banco Central de Chile	1	FIRMA_TRUNCADA	 JORGE DESORMEAUX JIMÉNEZ JOSE DE GREGORIO REBECO Vicepresidente Presidente ENRIQUE MARSHALL RIVERA LEWIS Consejero Consejero.		"Bloque de firmas escaneadas al pie del acta, incrustado al final de la fila. Medido: 52 filas lo contienen y en las 52 cae despues de la formula de cierre ""Se levanta la Sesion a las HH:MM horas"", nunca en medio del discurso. No contiene intervencion de nadie: solo nombres, cargos y la constancia de firma. El dano optico lo hace irreparable: el corpus trae la misma firma como ""ENRIQUE MARSHALL RIVERA"" 4 veces, como ""E MARSHALL RIVERA"" 15 veces y como ""EI)fRIQUE MARSHALL RIVERA""; otros bloques quedan como ""rORTO CORBO LIOIV"" o ""J U A f ^ T E B ^ LAVÁL ZALDÍVAR li"". Reponer el nombre estaria prohibido por la seccion 5 (nunca se reescribe un nombre propio) y en la mayoria de los casos seria imposible sin el PDF. Se elimina el bloque y se conserva integra la formula de cierre, que si es informacion: la hora de termino de la sesion. La eliminacion ocurre solo en Texto_Corregido; Texto queda intacto."
RPM-2010-01-14:2888:1	2010-01-14	Consejo del Banco Central de Chile	1	FIRMA_TRUNCADA	 JOSÉ DE GREGORIO REBECO Presidente.		"Bloque de firmas escaneadas al pie del acta, incrustado al final de la fila. Medido: 52 filas lo contienen y en las 52 cae despues de la formula de cierre ""Se levanta la Sesion a las HH:MM horas"", nunca en medio del discurso. No contiene intervencion de nadie: solo nombres, cargos y la constancia de firma. El dano optico lo hace irreparable: el corpus trae la misma firma como ""ENRIQUE MARSHALL RIVERA"" 4 veces, como ""E MARSHALL RIVERA"" 15 veces y como ""EI)fRIQUE MARSHALL RIVERA""; otros bloques quedan como ""rORTO CORBO LIOIV"" o ""J U A f ^ T E B ^ LAVÁL ZALDÍVAR li"". Reponer el nombre estaria prohibido por la seccion 5 (nunca se reescribe un nombre propio) y en la mayoria de los casos seria imposible sin el PDF. Se elimina el bloque y se conserva integra la formula de cierre, que si es informacion: la hora de termino de la sesion. La eliminacion ocurre solo en Texto_Corregido; Texto queda intacto."
RPM-2010-02-11:2968:1	2010-02-11	Consejo del Banco Central de Chile	1	FIRMA_TRUNCADA	 JOSE DE GREGORIO REBECO Presidente.		"Bloque de firmas escaneadas al pie del acta, incrustado al final de la fila. Medido: 52 filas lo contienen y en las 52 cae despues de la formula de cierre ""Se levanta la Sesion a las HH:MM horas"", nunca en medio del discurso. No contiene intervencion de nadie: solo nombres, cargos y la constancia de firma. El dano optico lo hace irreparable: el corpus trae la misma firma como ""ENRIQUE MARSHALL RIVERA"" 4 veces, como ""E MARSHALL RIVERA"" 15 veces y como ""EI)fRIQUE MARSHALL RIVERA""; otros bloques quedan como ""rORTO CORBO LIOIV"" o ""J U A f ^ T E B ^ LAVÁL ZALDÍVAR li"". Reponer el nombre estaria prohibido por la seccion 5 (nunca se reescribe un nombre propio) y en la mayoria de los casos seria imposible sin el PDF. Se elimina el bloque y se conserva integra la formula de cierre, que si es informacion: la hora de termino de la sesion. La eliminacion ocurre solo en Texto_Corregido; Texto queda intacto."
RPM-2010-03-18:3022:1	2010-03-18	Consejo del Banco Central de Chile	1	FIRMA_TRUNCADA	 lANUEL MARFÁN LEWIS JOSÉ DE GREGORIO REBECO Vicepresidente Presidente.		"Bloque de firmas escaneadas al pie del acta, incrustado al final de la fila. Medido: 52 filas lo contienen y en las 52 cae despues de la formula de cierre ""Se levanta la Sesion a las HH:MM horas"", nunca en medio del discurso. No contiene intervencion de nadie: solo nombres, cargos y la constancia de firma. El dano optico lo hace irreparable: el corpus trae la misma firma como ""ENRIQUE MARSHALL RIVERA"" 4 veces, como ""E MARSHALL RIVERA"" 15 veces y como ""EI)fRIQUE MARSHALL RIVERA""; otros bloques quedan como ""rORTO CORBO LIOIV"" o ""J U A f ^ T E B ^ LAVÁL ZALDÍVAR li"". Reponer el nombre estaria prohibido por la seccion 5 (nunca se reescribe un nombre propio) y en la mayoria de los casos seria imposible sin el PDF. Se elimina el bloque y se conserva integra la formula de cierre, que si es informacion: la hora de termino de la sesion. La eliminacion ocurre solo en Texto_Corregido; Texto queda intacto."
RPM-2010-06-15:3206:1	2010-06-15	Consejo del Banco Central de Chile	1	FIRMA_TRUNCADA	 JOSE DE GREGORfO REBECO Presidente.		"Bloque de firmas escaneadas al pie del acta, incrustado al final de la fila. Medido: 52 filas lo contienen y en las 52 cae despues de la formula de cierre ""Se levanta la Sesion a las HH:MM horas"", nunca en medio del discurso. No contiene intervencion de nadie: solo nombres, cargos y la constancia de firma. El dano optico lo hace irreparable: el corpus trae la misma firma como ""ENRIQUE MARSHALL RIVERA"" 4 veces, como ""E MARSHALL RIVERA"" 15 veces y como ""EI)fRIQUE MARSHALL RIVERA""; otros bloques quedan como ""rORTO CORBO LIOIV"" o ""J U A f ^ T E B ^ LAVÁL ZALDÍVAR li"". Reponer el nombre estaria prohibido por la seccion 5 (nunca se reescribe un nombre propio) y en la mayoria de los casos seria imposible sin el PDF. Se elimina el bloque y se conserva integra la formula de cierre, que si es informacion: la hora de termino de la sesion. La eliminacion ocurre solo en Texto_Corregido; Texto queda intacto."
RPM-2010-07-15:3277:2	2010-07-15	Consejo del Banco Central de Chile	1	FIRMA_TRUNCADA	 JOSE DE GREGORIO REBECO Presidente IQUE MARSHALL RIVERA Consejero Consejero.		"Bloque de firmas escaneadas al pie del acta, incrustado al final de la fila. Medido: 52 filas lo contienen y en las 52 cae despues de la formula de cierre ""Se levanta la Sesion a las HH:MM horas"", nunca en medio del discurso. No contiene intervencion de nadie: solo nombres, cargos y la constancia de firma. El dano optico lo hace irreparable: el corpus trae la misma firma como ""ENRIQUE MARSHALL RIVERA"" 4 veces, como ""E MARSHALL RIVERA"" 15 veces y como ""EI)fRIQUE MARSHALL RIVERA""; otros bloques quedan como ""rORTO CORBO LIOIV"" o ""J U A f ^ T E B ^ LAVÁL ZALDÍVAR li"". Reponer el nombre estaria prohibido por la seccion 5 (nunca se reescribe un nombre propio) y en la mayoria de los casos seria imposible sin el PDF. Se elimina el bloque y se conserva integra la formula de cierre, que si es informacion: la hora de termino de la sesion. La eliminacion ocurre solo en Texto_Corregido; Texto queda intacto."
RPM-2010-09-16:3432:1	2010-09-16	Consejo del Banco Central de Chile	1	FIRMA_TRUNCADA	 MANUEL MARFÁN LEWIS )RIO REBECO.		"Bloque de firmas escaneadas al pie del acta, incrustado al final de la fila. Medido: 52 filas lo contienen y en las 52 cae despues de la formula de cierre ""Se levanta la Sesion a las HH:MM horas"", nunca en medio del discurso. No contiene intervencion de nadie: solo nombres, cargos y la constancia de firma. El dano optico lo hace irreparable: el corpus trae la misma firma como ""ENRIQUE MARSHALL RIVERA"" 4 veces, como ""E MARSHALL RIVERA"" 15 veces y como ""EI)fRIQUE MARSHALL RIVERA""; otros bloques quedan como ""rORTO CORBO LIOIV"" o ""J U A f ^ T E B ^ LAVÁL ZALDÍVAR li"". Reponer el nombre estaria prohibido por la seccion 5 (nunca se reescribe un nombre propio) y en la mayoria de los casos seria imposible sin el PDF. Se elimina el bloque y se conserva integra la formula de cierre, que si es informacion: la hora de termino de la sesion. La eliminacion ocurre solo en Texto_Corregido; Texto queda intacto."
RPM-2010-10-14:3493:1	2010-10-14	Consejo del Banco Central de Chile	1	FIRMA_TRUNCADA	 JOSÉ DE GREGORIO REBECO Presidente.		"Bloque de firmas escaneadas al pie del acta, incrustado al final de la fila. Medido: 52 filas lo contienen y en las 52 cae despues de la formula de cierre ""Se levanta la Sesion a las HH:MM horas"", nunca en medio del discurso. No contiene intervencion de nadie: solo nombres, cargos y la constancia de firma. El dano optico lo hace irreparable: el corpus trae la misma firma como ""ENRIQUE MARSHALL RIVERA"" 4 veces, como ""E MARSHALL RIVERA"" 15 veces y como ""EI)fRIQUE MARSHALL RIVERA""; otros bloques quedan como ""rORTO CORBO LIOIV"" o ""J U A f ^ T E B ^ LAVÁL ZALDÍVAR li"". Reponer el nombre estaria prohibido por la seccion 5 (nunca se reescribe un nombre propio) y en la mayoria de los casos seria imposible sin el PDF. Se elimina el bloque y se conserva integra la formula de cierre, que si es informacion: la hora de termino de la sesion. La eliminacion ocurre solo en Texto_Corregido; Texto queda intacto."
RPM-2010-11-16:3582:1	2010-11-16	Consejo del Banco Central de Chile	1	FIRMA_TRUNCADA	 JOSÉ DE GREGORIO REBECO.		"Bloque de firmas escaneadas al pie del acta, incrustado al final de la fila. Medido: 52 filas lo contienen y en las 52 cae despues de la formula de cierre ""Se levanta la Sesion a las HH:MM horas"", nunca en medio del discurso. No contiene intervencion de nadie: solo nombres, cargos y la constancia de firma. El dano optico lo hace irreparable: el corpus trae la misma firma como ""ENRIQUE MARSHALL RIVERA"" 4 veces, como ""E MARSHALL RIVERA"" 15 veces y como ""EI)fRIQUE MARSHALL RIVERA""; otros bloques quedan como ""rORTO CORBO LIOIV"" o ""J U A f ^ T E B ^ LAVÁL ZALDÍVAR li"". Reponer el nombre estaria prohibido por la seccion 5 (nunca se reescribe un nombre propio) y en la mayoria de los casos seria imposible sin el PDF. Se elimina el bloque y se conserva integra la formula de cierre, que si es informacion: la hora de termino de la sesion. La eliminacion ocurre solo en Texto_Corregido; Texto queda intacto."
RPM-2010-12-16:3642:1	2010-12-16	Consejo del Banco Central de Chile	1	FIRMA_TRUNCADA	 JOSE DE GREGORIO REBECO Presidente.		"Bloque de firmas escaneadas al pie del acta, incrustado al final de la fila. Medido: 52 filas lo contienen y en las 52 cae despues de la formula de cierre ""Se levanta la Sesion a las HH:MM horas"", nunca en medio del discurso. No contiene intervencion de nadie: solo nombres, cargos y la constancia de firma. El dano optico lo hace irreparable: el corpus trae la misma firma como ""ENRIQUE MARSHALL RIVERA"" 4 veces, como ""E MARSHALL RIVERA"" 15 veces y como ""EI)fRIQUE MARSHALL RIVERA""; otros bloques quedan como ""rORTO CORBO LIOIV"" o ""J U A f ^ T E B ^ LAVÁL ZALDÍVAR li"". Reponer el nombre estaria prohibido por la seccion 5 (nunca se reescribe un nombre propio) y en la mayoria de los casos seria imposible sin el PDF. Se elimina el bloque y se conserva integra la formula de cierre, que si es informacion: la hora de termino de la sesion. La eliminacion ocurre solo en Texto_Corregido; Texto queda intacto."
RPM-2011-02-17:3814:1	2011-02-17	Consejo del Banco Central de Chile	1	FIRMA_TRUNCADA	 JOSE DE GREGORIO REBECO.		"Bloque de firmas escaneadas al pie del acta, incrustado al final de la fila. Medido: 52 filas lo contienen y en las 52 cae despues de la formula de cierre ""Se levanta la Sesion a las HH:MM horas"", nunca en medio del discurso. No contiene intervencion de nadie: solo nombres, cargos y la constancia de firma. El dano optico lo hace irreparable: el corpus trae la misma firma como ""ENRIQUE MARSHALL RIVERA"" 4 veces, como ""E MARSHALL RIVERA"" 15 veces y como ""EI)fRIQUE MARSHALL RIVERA""; otros bloques quedan como ""rORTO CORBO LIOIV"" o ""J U A f ^ T E B ^ LAVÁL ZALDÍVAR li"". Reponer el nombre estaria prohibido por la seccion 5 (nunca se reescribe un nombre propio) y en la mayoria de los casos seria imposible sin el PDF. Se elimina el bloque y se conserva integra la formula de cierre, que si es informacion: la hora de termino de la sesion. La eliminacion ocurre solo en Texto_Corregido; Texto queda intacto."
RPM-2011-07-14:4214:1	2011-07-14	Consejo del Banco Central de Chile	1	FIRMA_TRUNCADA	 MANUEL MARFAN LEWIS JOSÉ DE GREGORIO REBECO Vicepresidente Presidente 7 SEBASTIÁN CLARO EDWARDS ENRI0UE MARSHALL RIVERA Consejero Consejero.		"Bloque de firmas escaneadas al pie del acta, incrustado al final de la fila. Medido: 52 filas lo contienen y en las 52 cae despues de la formula de cierre ""Se levanta la Sesion a las HH:MM horas"", nunca en medio del discurso. No contiene intervencion de nadie: solo nombres, cargos y la constancia de firma. El dano optico lo hace irreparable: el corpus trae la misma firma como ""ENRIQUE MARSHALL RIVERA"" 4 veces, como ""E MARSHALL RIVERA"" 15 veces y como ""EI)fRIQUE MARSHALL RIVERA""; otros bloques quedan como ""rORTO CORBO LIOIV"" o ""J U A f ^ T E B ^ LAVÁL ZALDÍVAR li"". Reponer el nombre estaria prohibido por la seccion 5 (nunca se reescribe un nombre propio) y en la mayoria de los casos seria imposible sin el PDF. Se elimina el bloque y se conserva integra la formula de cierre, que si es informacion: la hora de termino de la sesion. La eliminacion ocurre solo en Texto_Corregido; Texto queda intacto."
RPM-2011-10-13:4399:1	2011-10-13	Consejo del Banco Central de Chile	1	FIRMA_TRUNCADA	 MARFÁN LEWIS JOSÉ DE GREGORIO REBECO Vicepresidente Presidente.		"Bloque de firmas escaneadas al pie del acta, incrustado al final de la fila. Medido: 52 filas lo contienen y en las 52 cae despues de la formula de cierre ""Se levanta la Sesion a las HH:MM horas"", nunca en medio del discurso. No contiene intervencion de nadie: solo nombres, cargos y la constancia de firma. El dano optico lo hace irreparable: el corpus trae la misma firma como ""ENRIQUE MARSHALL RIVERA"" 4 veces, como ""E MARSHALL RIVERA"" 15 veces y como ""EI)fRIQUE MARSHALL RIVERA""; otros bloques quedan como ""rORTO CORBO LIOIV"" o ""J U A f ^ T E B ^ LAVÁL ZALDÍVAR li"". Reponer el nombre estaria prohibido por la seccion 5 (nunca se reescribe un nombre propio) y en la mayoria de los casos seria imposible sin el PDF. Se elimina el bloque y se conserva integra la formula de cierre, que si es informacion: la hora de termino de la sesion. La eliminacion ocurre solo en Texto_Corregido; Texto queda intacto."
RPM-2012-04-17:4791:1	2012-04-17	Consejo del Banco Central de Chile	1	FIRMA_TRUNCADA	 MANUEL MARFÁN LEWIS RODRIGO VERGARA MONTES.		"Bloque de firmas escaneadas al pie del acta, incrustado al final de la fila. Medido: 52 filas lo contienen y en las 52 cae despues de la formula de cierre ""Se levanta la Sesion a las HH:MM horas"", nunca en medio del discurso. No contiene intervencion de nadie: solo nombres, cargos y la constancia de firma. El dano optico lo hace irreparable: el corpus trae la misma firma como ""ENRIQUE MARSHALL RIVERA"" 4 veces, como ""E MARSHALL RIVERA"" 15 veces y como ""EI)fRIQUE MARSHALL RIVERA""; otros bloques quedan como ""rORTO CORBO LIOIV"" o ""J U A f ^ T E B ^ LAVÁL ZALDÍVAR li"". Reponer el nombre estaria prohibido por la seccion 5 (nunca se reescribe un nombre propio) y en la mayoria de los casos seria imposible sin el PDF. Se elimina el bloque y se conserva integra la formula de cierre, que si es informacion: la hora de termino de la sesion. La eliminacion ocurre solo en Texto_Corregido; Texto queda intacto."
RPM-2012-08-16:5040:1	2012-08-16	Consejo del Banco Central de Chile	1	FIRMA_TRUNCADA	 MANUEL MARFAN LEWIS RODRIGO VERGARA MONTES Vicepresidente Presidente.		"Bloque de firmas escaneadas al pie del acta, incrustado al final de la fila. Medido: 52 filas lo contienen y en las 52 cae despues de la formula de cierre ""Se levanta la Sesion a las HH:MM horas"", nunca en medio del discurso. No contiene intervencion de nadie: solo nombres, cargos y la constancia de firma. El dano optico lo hace irreparable: el corpus trae la misma firma como ""ENRIQUE MARSHALL RIVERA"" 4 veces, como ""E MARSHALL RIVERA"" 15 veces y como ""EI)fRIQUE MARSHALL RIVERA""; otros bloques quedan como ""rORTO CORBO LIOIV"" o ""J U A f ^ T E B ^ LAVÁL ZALDÍVAR li"". Reponer el nombre estaria prohibido por la seccion 5 (nunca se reescribe un nombre propio) y en la mayoria de los casos seria imposible sin el PDF. Se elimina el bloque y se conserva integra la formula de cierre, que si es informacion: la hora de termino de la sesion. La eliminacion ocurre solo en Texto_Corregido; Texto queda intacto."
RPM-2012-09-13:5093:1	2012-09-13	Consejo del Banco Central de Chile	1	FIRMA_TRUNCADA	 MANUEL MARFÁN LEWIS RODRIGO VERGARA MONTES Vicepresidente Presidente.		"Bloque de firmas escaneadas al pie del acta, incrustado al final de la fila. Medido: 52 filas lo contienen y en las 52 cae despues de la formula de cierre ""Se levanta la Sesion a las HH:MM horas"", nunca en medio del discurso. No contiene intervencion de nadie: solo nombres, cargos y la constancia de firma. El dano optico lo hace irreparable: el corpus trae la misma firma como ""ENRIQUE MARSHALL RIVERA"" 4 veces, como ""E MARSHALL RIVERA"" 15 veces y como ""EI)fRIQUE MARSHALL RIVERA""; otros bloques quedan como ""rORTO CORBO LIOIV"" o ""J U A f ^ T E B ^ LAVÁL ZALDÍVAR li"". Reponer el nombre estaria prohibido por la seccion 5 (nunca se reescribe un nombre propio) y en la mayoria de los casos seria imposible sin el PDF. Se elimina el bloque y se conserva integra la formula de cierre, que si es informacion: la hora de termino de la sesion. La eliminacion ocurre solo en Texto_Corregido; Texto queda intacto."
RPM-2012-10-18:5160:1	2012-10-18	Consejo del Banco Central de Chile	1	FIRMA_TRUNCADA	 MARFÁN LEWIS RODRIGO VENGARA MONTES Presidente Vicepresidente ENRIQUE MARSHALL RIVERA Consejero.		"Bloque de firmas escaneadas al pie del acta, incrustado al final de la fila. Medido: 52 filas lo contienen y en las 52 cae despues de la formula de cierre ""Se levanta la Sesion a las HH:MM horas"", nunca en medio del discurso. No contiene intervencion de nadie: solo nombres, cargos y la constancia de firma. El dano optico lo hace irreparable: el corpus trae la misma firma como ""ENRIQUE MARSHALL RIVERA"" 4 veces, como ""E MARSHALL RIVERA"" 15 veces y como ""EI)fRIQUE MARSHALL RIVERA""; otros bloques quedan como ""rORTO CORBO LIOIV"" o ""J U A f ^ T E B ^ LAVÁL ZALDÍVAR li"". Reponer el nombre estaria prohibido por la seccion 5 (nunca se reescribe un nombre propio) y en la mayoria de los casos seria imposible sin el PDF. Se elimina el bloque y se conserva integra la formula de cierre, que si es informacion: la hora de termino de la sesion. La eliminacion ocurre solo en Texto_Corregido; Texto queda intacto."
RPM-2012-11-13:5222:1	2012-11-13	Consejo del Banco Central de Chile	1	FIRMA_TRUNCADA	 / LEWIS RODRIGO VERGARA MONTES Vicepresidente Presidente.		"Bloque de firmas escaneadas al pie del acta, incrustado al final de la fila. Medido: 52 filas lo contienen y en las 52 cae despues de la formula de cierre ""Se levanta la Sesion a las HH:MM horas"", nunca en medio del discurso. No contiene intervencion de nadie: solo nombres, cargos y la constancia de firma. El dano optico lo hace irreparable: el corpus trae la misma firma como ""ENRIQUE MARSHALL RIVERA"" 4 veces, como ""E MARSHALL RIVERA"" 15 veces y como ""EI)fRIQUE MARSHALL RIVERA""; otros bloques quedan como ""rORTO CORBO LIOIV"" o ""J U A f ^ T E B ^ LAVÁL ZALDÍVAR li"". Reponer el nombre estaria prohibido por la seccion 5 (nunca se reescribe un nombre propio) y en la mayoria de los casos seria imposible sin el PDF. Se elimina el bloque y se conserva integra la formula de cierre, que si es informacion: la hora de termino de la sesion. La eliminacion ocurre solo en Texto_Corregido; Texto queda intacto."
RPM-2013-04-11:5515:1	2013-04-11	Consejo del Banco Central de Chile	1	FIRMA_TRUNCADA	 RODRIGO VERGARA MONTES Presidente.		"Bloque de firmas escaneadas al pie del acta, incrustado al final de la fila. Medido: 52 filas lo contienen y en las 52 cae despues de la formula de cierre ""Se levanta la Sesion a las HH:MM horas"", nunca en medio del discurso. No contiene intervencion de nadie: solo nombres, cargos y la constancia de firma. El dano optico lo hace irreparable: el corpus trae la misma firma como ""ENRIQUE MARSHALL RIVERA"" 4 veces, como ""E MARSHALL RIVERA"" 15 veces y como ""EI)fRIQUE MARSHALL RIVERA""; otros bloques quedan como ""rORTO CORBO LIOIV"" o ""J U A f ^ T E B ^ LAVÁL ZALDÍVAR li"". Reponer el nombre estaria prohibido por la seccion 5 (nunca se reescribe un nombre propio) y en la mayoria de los casos seria imposible sin el PDF. Se elimina el bloque y se conserva integra la formula de cierre, que si es informacion: la hora de termino de la sesion. La eliminacion ocurre solo en Texto_Corregido; Texto queda intacto."
RPM-2013-05-16:5567:1	2013-05-16	Consejo del Banco Central de Chile	1	FIRMA_TRUNCADA	 RODRIGO VERGARA MONTES Presidente.		"Bloque de firmas escaneadas al pie del acta, incrustado al final de la fila. Medido: 52 filas lo contienen y en las 52 cae despues de la formula de cierre ""Se levanta la Sesion a las HH:MM horas"", nunca en medio del discurso. No contiene intervencion de nadie: solo nombres, cargos y la constancia de firma. El dano optico lo hace irreparable: el corpus trae la misma firma como ""ENRIQUE MARSHALL RIVERA"" 4 veces, como ""E MARSHALL RIVERA"" 15 veces y como ""EI)fRIQUE MARSHALL RIVERA""; otros bloques quedan como ""rORTO CORBO LIOIV"" o ""J U A f ^ T E B ^ LAVÁL ZALDÍVAR li"". Reponer el nombre estaria prohibido por la seccion 5 (nunca se reescribe un nombre propio) y en la mayoria de los casos seria imposible sin el PDF. Se elimina el bloque y se conserva integra la formula de cierre, que si es informacion: la hora de termino de la sesion. La eliminacion ocurre solo en Texto_Corregido; Texto queda intacto."
RPM-2013-06-13:5635:1	2013-06-13	Consejo del Banco Central de Chile	1	FIRMA_TRUNCADA	 RODRIGO VERGARA MONTES Presidente ENRIQUE MARSHALL RIVERA.		"Bloque de firmas escaneadas al pie del acta, incrustado al final de la fila. Medido: 52 filas lo contienen y en las 52 cae despues de la formula de cierre ""Se levanta la Sesion a las HH:MM horas"", nunca en medio del discurso. No contiene intervencion de nadie: solo nombres, cargos y la constancia de firma. El dano optico lo hace irreparable: el corpus trae la misma firma como ""ENRIQUE MARSHALL RIVERA"" 4 veces, como ""E MARSHALL RIVERA"" 15 veces y como ""EI)fRIQUE MARSHALL RIVERA""; otros bloques quedan como ""rORTO CORBO LIOIV"" o ""J U A f ^ T E B ^ LAVÁL ZALDÍVAR li"". Reponer el nombre estaria prohibido por la seccion 5 (nunca se reescribe un nombre propio) y en la mayoria de los casos seria imposible sin el PDF. Se elimina el bloque y se conserva integra la formula de cierre, que si es informacion: la hora de termino de la sesion. La eliminacion ocurre solo en Texto_Corregido; Texto queda intacto."
RPM-2013-07-11:5700:1	2013-07-11	Consejo del Banco Central de Chile	1	FIRMA_TRUNCADA	 RODRIGO VERGARA MONTES Presidente SEBASTIÁN CLARO EDWARDS E MARSHALL RIVERA Consejero.		"Bloque de firmas escaneadas al pie del acta, incrustado al final de la fila. Medido: 52 filas lo contienen y en las 52 cae despues de la formula de cierre ""Se levanta la Sesion a las HH:MM horas"", nunca en medio del discurso. No contiene intervencion de nadie: solo nombres, cargos y la constancia de firma. El dano optico lo hace irreparable: el corpus trae la misma firma como ""ENRIQUE MARSHALL RIVERA"" 4 veces, como ""E MARSHALL RIVERA"" 15 veces y como ""EI)fRIQUE MARSHALL RIVERA""; otros bloques quedan como ""rORTO CORBO LIOIV"" o ""J U A f ^ T E B ^ LAVÁL ZALDÍVAR li"". Reponer el nombre estaria prohibido por la seccion 5 (nunca se reescribe un nombre propio) y en la mayoria de los casos seria imposible sin el PDF. Se elimina el bloque y se conserva integra la formula de cierre, que si es informacion: la hora de termino de la sesion. La eliminacion ocurre solo en Texto_Corregido; Texto queda intacto."
RPM-2013-12-12:5963:1	2013-12-12	Consejo del Banco Central de Chile	1	FIRMA_TRUNCADA	 LEWIS RODRIGO VERGARA MONTES Vicepresidente Presidente.		"Bloque de firmas escaneadas al pie del acta, incrustado al final de la fila. Medido: 52 filas lo contienen y en las 52 cae despues de la formula de cierre ""Se levanta la Sesion a las HH:MM horas"", nunca en medio del discurso. No contiene intervencion de nadie: solo nombres, cargos y la constancia de firma. El dano optico lo hace irreparable: el corpus trae la misma firma como ""ENRIQUE MARSHALL RIVERA"" 4 veces, como ""E MARSHALL RIVERA"" 15 veces y como ""EI)fRIQUE MARSHALL RIVERA""; otros bloques quedan como ""rORTO CORBO LIOIV"" o ""J U A f ^ T E B ^ LAVÁL ZALDÍVAR li"". Reponer el nombre estaria prohibido por la seccion 5 (nunca se reescribe un nombre propio) y en la mayoria de los casos seria imposible sin el PDF. Se elimina el bloque y se conserva integra la formula de cierre, que si es informacion: la hora de termino de la sesion. La eliminacion ocurre solo en Texto_Corregido; Texto queda intacto."
RPM-2014-01-16:6007:1	2014-01-16	Consejo del Banco Central de Chile	1	FIRMA_TRUNCADA	 IQUE MARSHALL RIVERA RODRIGO VERGARA MONTES Consejero Presidente.		"Bloque de firmas escaneadas al pie del acta, incrustado al final de la fila. Medido: 52 filas lo contienen y en las 52 cae despues de la formula de cierre ""Se levanta la Sesion a las HH:MM horas"", nunca en medio del discurso. No contiene intervencion de nadie: solo nombres, cargos y la constancia de firma. El dano optico lo hace irreparable: el corpus trae la misma firma como ""ENRIQUE MARSHALL RIVERA"" 4 veces, como ""E MARSHALL RIVERA"" 15 veces y como ""EI)fRIQUE MARSHALL RIVERA""; otros bloques quedan como ""rORTO CORBO LIOIV"" o ""J U A f ^ T E B ^ LAVÁL ZALDÍVAR li"". Reponer el nombre estaria prohibido por la seccion 5 (nunca se reescribe un nombre propio) y en la mayoria de los casos seria imposible sin el PDF. Se elimina el bloque y se conserva integra la formula de cierre, que si es informacion: la hora de termino de la sesion. La eliminacion ocurre solo en Texto_Corregido; Texto queda intacto."
RPM-2014-03-13:6114:1	2014-03-13	Consejo del Banco Central de Chile	1	FIRMA_TRUNCADA	 MARSHALL RIVERA RODRIGO VERGARA MONTES Vicepresidente Presidente.		"Bloque de firmas escaneadas al pie del acta, incrustado al final de la fila. Medido: 52 filas lo contienen y en las 52 cae despues de la formula de cierre ""Se levanta la Sesion a las HH:MM horas"", nunca en medio del discurso. No contiene intervencion de nadie: solo nombres, cargos y la constancia de firma. El dano optico lo hace irreparable: el corpus trae la misma firma como ""ENRIQUE MARSHALL RIVERA"" 4 veces, como ""E MARSHALL RIVERA"" 15 veces y como ""EI)fRIQUE MARSHALL RIVERA""; otros bloques quedan como ""rORTO CORBO LIOIV"" o ""J U A f ^ T E B ^ LAVÁL ZALDÍVAR li"". Reponer el nombre estaria prohibido por la seccion 5 (nunca se reescribe un nombre propio) y en la mayoria de los casos seria imposible sin el PDF. Se elimina el bloque y se conserva integra la formula de cierre, que si es informacion: la hora de termino de la sesion. La eliminacion ocurre solo en Texto_Corregido; Texto queda intacto."
RPM-2014-06-12:6295:1	2014-06-12	Consejo del Banco Central de Chile	1	FIRMA_TRUNCADA	 IQUE MARSHALL RIVERA RODRIGO VERGARA MONTES Vicepresidente Presidente.		"Bloque de firmas escaneadas al pie del acta, incrustado al final de la fila. Medido: 52 filas lo contienen y en las 52 cae despues de la formula de cierre ""Se levanta la Sesion a las HH:MM horas"", nunca en medio del discurso. No contiene intervencion de nadie: solo nombres, cargos y la constancia de firma. El dano optico lo hace irreparable: el corpus trae la misma firma como ""ENRIQUE MARSHALL RIVERA"" 4 veces, como ""E MARSHALL RIVERA"" 15 veces y como ""EI)fRIQUE MARSHALL RIVERA""; otros bloques quedan como ""rORTO CORBO LIOIV"" o ""J U A f ^ T E B ^ LAVÁL ZALDÍVAR li"". Reponer el nombre estaria prohibido por la seccion 5 (nunca se reescribe un nombre propio) y en la mayoria de los casos seria imposible sin el PDF. Se elimina el bloque y se conserva integra la formula de cierre, que si es informacion: la hora de termino de la sesion. La eliminacion ocurre solo en Texto_Corregido; Texto queda intacto."
RPM-2014-09-11:6439:1	2014-09-11	Consejo del Banco Central de Chile	1	FIRMA_TRUNCADA	 E MARSHALL RIVERA RODRIGO VERGARA MONTES Vicepresidente Presidente.		"Bloque de firmas escaneadas al pie del acta, incrustado al final de la fila. Medido: 52 filas lo contienen y en las 52 cae despues de la formula de cierre ""Se levanta la Sesion a las HH:MM horas"", nunca en medio del discurso. No contiene intervencion de nadie: solo nombres, cargos y la constancia de firma. El dano optico lo hace irreparable: el corpus trae la misma firma como ""ENRIQUE MARSHALL RIVERA"" 4 veces, como ""E MARSHALL RIVERA"" 15 veces y como ""EI)fRIQUE MARSHALL RIVERA""; otros bloques quedan como ""rORTO CORBO LIOIV"" o ""J U A f ^ T E B ^ LAVÁL ZALDÍVAR li"". Reponer el nombre estaria prohibido por la seccion 5 (nunca se reescribe un nombre propio) y en la mayoria de los casos seria imposible sin el PDF. Se elimina el bloque y se conserva integra la formula de cierre, que si es informacion: la hora de termino de la sesion. La eliminacion ocurre solo en Texto_Corregido; Texto queda intacto."
RPM-2014-12-11:6548:1	2014-12-11	Consejo del Banco Central de Chile	1	FIRMA_TRUNCADA	 \ ·----­ IQUE MARSHALL RIVERA RODRIGO VERGARA MONTES Vicepresidente Presidente.		"Bloque de firmas escaneadas al pie del acta, incrustado al final de la fila. Medido: 52 filas lo contienen y en las 52 cae despues de la formula de cierre ""Se levanta la Sesion a las HH:MM horas"", nunca en medio del discurso. No contiene intervencion de nadie: solo nombres, cargos y la constancia de firma. El dano optico lo hace irreparable: el corpus trae la misma firma como ""ENRIQUE MARSHALL RIVERA"" 4 veces, como ""E MARSHALL RIVERA"" 15 veces y como ""EI)fRIQUE MARSHALL RIVERA""; otros bloques quedan como ""rORTO CORBO LIOIV"" o ""J U A f ^ T E B ^ LAVÁL ZALDÍVAR li"". Reponer el nombre estaria prohibido por la seccion 5 (nunca se reescribe un nombre propio) y en la mayoria de los casos seria imposible sin el PDF. Se elimina el bloque y se conserva integra la formula de cierre, que si es informacion: la hora de termino de la sesion. La eliminacion ocurre solo en Texto_Corregido; Texto queda intacto."
RPM-2015-05-14:6809:1	2015-05-14	Consejo del Banco Central de Chile	1	FIRMA_TRUNCADA	 MARSHALL RIVERA RODRIGO VERGARA MONTES Vicepresidente Presidente.		"Bloque de firmas escaneadas al pie del acta, incrustado al final de la fila. Medido: 52 filas lo contienen y en las 52 cae despues de la formula de cierre ""Se levanta la Sesion a las HH:MM horas"", nunca en medio del discurso. No contiene intervencion de nadie: solo nombres, cargos y la constancia de firma. El dano optico lo hace irreparable: el corpus trae la misma firma como ""ENRIQUE MARSHALL RIVERA"" 4 veces, como ""E MARSHALL RIVERA"" 15 veces y como ""EI)fRIQUE MARSHALL RIVERA""; otros bloques quedan como ""rORTO CORBO LIOIV"" o ""J U A f ^ T E B ^ LAVÁL ZALDÍVAR li"". Reponer el nombre estaria prohibido por la seccion 5 (nunca se reescribe un nombre propio) y en la mayoria de los casos seria imposible sin el PDF. Se elimina el bloque y se conserva integra la formula de cierre, que si es informacion: la hora de termino de la sesion. La eliminacion ocurre solo en Texto_Corregido; Texto queda intacto."
RPM-2015-07-14:6917:1	2015-07-14	Consejo del Banco Central de Chile	1	FIRMA_TRUNCADA	 EMRIQUE MARSHALL RIVERA RODRIGO VERGARA MONTES Vicepresidente Presidente.		"Bloque de firmas escaneadas al pie del acta, incrustado al final de la fila. Medido: 52 filas lo contienen y en las 52 cae despues de la formula de cierre ""Se levanta la Sesion a las HH:MM horas"", nunca en medio del discurso. No contiene intervencion de nadie: solo nombres, cargos y la constancia de firma. El dano optico lo hace irreparable: el corpus trae la misma firma como ""ENRIQUE MARSHALL RIVERA"" 4 veces, como ""E MARSHALL RIVERA"" 15 veces y como ""EI)fRIQUE MARSHALL RIVERA""; otros bloques quedan como ""rORTO CORBO LIOIV"" o ""J U A f ^ T E B ^ LAVÁL ZALDÍVAR li"". Reponer el nombre estaria prohibido por la seccion 5 (nunca se reescribe un nombre propio) y en la mayoria de los casos seria imposible sin el PDF. Se elimina el bloque y se conserva integra la formula de cierre, que si es informacion: la hora de termino de la sesion. La eliminacion ocurre solo en Texto_Corregido; Texto queda intacto."
RPM-2015-08-13:6979:1	2015-08-13	Consejo del Banco Central de Chile	1	FIRMA_TRUNCADA	 E MARSHALL RIVERA RODRIGO VERGARA MONTES Vicepresidente Presidente.		"Bloque de firmas escaneadas al pie del acta, incrustado al final de la fila. Medido: 52 filas lo contienen y en las 52 cae despues de la formula de cierre ""Se levanta la Sesion a las HH:MM horas"", nunca en medio del discurso. No contiene intervencion de nadie: solo nombres, cargos y la constancia de firma. El dano optico lo hace irreparable: el corpus trae la misma firma como ""ENRIQUE MARSHALL RIVERA"" 4 veces, como ""E MARSHALL RIVERA"" 15 veces y como ""EI)fRIQUE MARSHALL RIVERA""; otros bloques quedan como ""rORTO CORBO LIOIV"" o ""J U A f ^ T E B ^ LAVÁL ZALDÍVAR li"". Reponer el nombre estaria prohibido por la seccion 5 (nunca se reescribe un nombre propio) y en la mayoria de los casos seria imposible sin el PDF. Se elimina el bloque y se conserva integra la formula de cierre, que si es informacion: la hora de termino de la sesion. La eliminacion ocurre solo en Texto_Corregido; Texto queda intacto."
RPM-2015-12-17:7219:1	2015-12-17	Consejo del Banco Central de Chile	1	FIRMA_TRUNCADA	 ' SEBASTIÁN CLARO EDWARDS RODRIGO VERGARA MONTES Vicepresidente Presidente.		"Bloque de firmas escaneadas al pie del acta, incrustado al final de la fila. Medido: 52 filas lo contienen y en las 52 cae despues de la formula de cierre ""Se levanta la Sesion a las HH:MM horas"", nunca en medio del discurso. No contiene intervencion de nadie: solo nombres, cargos y la constancia de firma. El dano optico lo hace irreparable: el corpus trae la misma firma como ""ENRIQUE MARSHALL RIVERA"" 4 veces, como ""E MARSHALL RIVERA"" 15 veces y como ""EI)fRIQUE MARSHALL RIVERA""; otros bloques quedan como ""rORTO CORBO LIOIV"" o ""J U A f ^ T E B ^ LAVÁL ZALDÍVAR li"". Reponer el nombre estaria prohibido por la seccion 5 (nunca se reescribe un nombre propio) y en la mayoria de los casos seria imposible sin el PDF. Se elimina el bloque y se conserva integra la formula de cierre, que si es informacion: la hora de termino de la sesion. La eliminacion ocurre solo en Texto_Corregido; Texto queda intacto."
RPM-2007-01-11:1056:1	2007-01-11	Vittorio Corbo Lioi	1	PALABRA_PARTIDA	Schmidt- Hebbel	Schmidt-Hebbel	"Apellido partido por un espacio despues del guion. La seccion 5 prohibe RESOLVER o INVENTAR un nombre propio, y aqui no se hace ninguna de las dos cosas: se reune un nombre que el propio corpus escribe correctamente 122 veces contra 5 partidas, y que la lista de asistencia de las actas trae completo (""don Klaus Schmidt-Hebbel Dunker""). Prueba aplicada, que es la que autoriza la excepcion: la forma correcta existe en el corpus referida a la misma persona. Un caso como ""Claudios Soto"" no la pasaria, porque ""Claudio Soto"" no aparece en ninguna parte."
RPM-2007-02-08:1090:6	2007-02-08	Klaus Schmidt-Hebbel Dunker	1	PALABRA_PARTIDA	Schmidt- Hebbel	Schmidt-Hebbel	"Apellido partido por un espacio despues del guion. La seccion 5 prohibe RESOLVER o INVENTAR un nombre propio, y aqui no se hace ninguna de las dos cosas: se reune un nombre que el propio corpus escribe correctamente 122 veces contra 5 partidas, y que la lista de asistencia de las actas trae completo (""don Klaus Schmidt-Hebbel Dunker""). Prueba aplicada, que es la que autoriza la excepcion: la forma correcta existe en el corpus referida a la misma persona. Un caso como ""Claudios Soto"" no la pasaria, porque ""Claudio Soto"" no aparece en ninguna parte."
RPM-2008-01-10:1633:2	2008-01-10	Leonardo Hernández Tagle	1	PALABRA_PARTIDA	Schmidt- Hebbel	Schmidt-Hebbel	"Apellido partido por un espacio despues del guion. La seccion 5 prohibe RESOLVER o INVENTAR un nombre propio, y aqui no se hace ninguna de las dos cosas: se reune un nombre que el propio corpus escribe correctamente 122 veces contra 5 partidas, y que la lista de asistencia de las actas trae completo (""don Klaus Schmidt-Hebbel Dunker""). Prueba aplicada, que es la que autoriza la excepcion: la forma correcta existe en el corpus referida a la misma persona. Un caso como ""Claudios Soto"" no la pasaria, porque ""Claudio Soto"" no aparece en ninguna parte."
RPM-2008-08-14:1992:1	2008-08-14	José De Gregorio Rebeco	1	PALABRA_PARTIDA	Marf án	Marfán	"Apellido partido por un espacio: ""Marf án"" por ""Marfán"". La prueba de la seccion 5 se cumple de sobra: ""Marfán"" aparece 1.505 veces en el corpus y ""Marf án"" una sola, y la lista de asistencia de esta misma sesion trae ""don Manuel Marfán Lewis"". No se resuelve una identidad dudosa ni se inventa una grafia: se reune la unica que existe."
RPM-2005-03-10:198:1	2005-03-10	María Elena Ovalle Molina	1	PUNTUACION	""""	”	La fila tiene 2 aperturas “ y 1 cierre ”, de modo que queda una apertura sin cerrar y esta comilla recta es la ultima del renglon: es el cierre que falta. La prueba es interna al propio texto, no hace falta el PDF.
RPM-2007-03-15:1149:1	2007-03-15	Andrés Velasco Brañes	1	SIMBOLO_SUELTO	""""		"Comilla huerfana: no tiene pareja en la fila ni en las seis filas vecinas de la sesion (medido: todas con cero comillas) y esta delante de una oracion narrativa (""Señala que quiere hacer un ejercicio mental""), no de una cita. Es residuo de origen, y las comillas huerfanas estan en la lista de residuos a eliminar."
RPM-2013-01-17:5330:3	2013-01-17	Consejo del Banco Central de Chile	1	PUNTUACION	""""	”	"Comilla recta al cierre del Comunicado. Medido en todo el corpus: ""perspectivas inflacionarias.”"" aparece 31 veces y ""perspectivas inflacionarias."""" 6. El cierre es inequivoco por frecuencia y por posicion: es la ultima linea del Comunicado."
RPM-2013-05-16:5562:1	2013-05-16	Enrique Marshall Rivera	1	SIMBOLO_SUELTO	""""		"Comilla huerfana interpuesta dentro de un sintagma: ""no modifican sustancialmente el cuadro"" externo"". Separa el sustantivo de su adjetivo y no tiene pareja en la fila. Es residuo de origen."
RPM-2014-09-11:6438:3	2014-09-11	Consejo del Banco Central de Chile	1	PUNTUACION	" """	 “	"Comilla recta que abre la cita del Comunicado. Medido en todo el corpus: la formula ""Comunicado"" va seguida de “ 99 veces y de una recta solo 6. La apertura es inequivoca y la corroboracion es del propio corpus, no de la intuicion."
RPM-2014-09-11:6438:3	2014-09-11	Consejo del Banco Central de Chile	2	PUNTUACION	"l horizonte de política."""	l horizonte de política.”	La fila abre con Comunicado “En su reunion mensual de politica (posicion 441, unica comilla de apertura) y TERMINA con una comilla recta en la posicion 2302, la ultima de la fila. Es el cierre de esa misma cita y no hay otro candidato. Es el patron ya resuelto en 5330:3 y 6547:3 (nivel 6): una cita del Comunicado abierta con tipografica y cerrada con recta.
RPM-2014-11-18:6517:3	2014-11-18	Consejo del Banco Central de Chile	1	PUNTUACION	""""	“	"Comilla recta que abre la cita del Comunicado. Medido en todo el corpus: la formula ""Comunicado"" va seguida de “ 99 veces y de una recta solo 6. La apertura es inequivoca y la corroboracion es del propio corpus, no de la intuicion."
RPM-2014-12-11:6547:3	2014-12-11	Consejo del Banco Central de Chile	1	PUNTUACION	" """	 “	"Comilla recta que abre la cita del Comunicado. Medido en todo el corpus: la formula ""Comunicado"" va seguida de “ 99 veces y de una recta solo 6. La apertura es inequivoca y la corroboracion es del propio corpus, no de la intuicion."
RPM-2014-12-11:6547:3	2014-12-11	Consejo del Banco Central de Chile	2	PUNTUACION	"."""	.”	"Comilla recta al cierre del Comunicado. Medido en todo el corpus: ""perspectivas inflacionarias.”"" aparece 31 veces y ""perspectivas inflacionarias."""" 6. El cierre es inequivoco por frecuencia y por posicion: es la ultima linea del Comunicado."
RPM-2005-10-11:404:1	2005-10-11	Pablo García Silva	1	LETRA_CONFUNDIDA	perecióles	perecibles	"perecióles por perecibles. Defecto sistematico descubierto en la ronda 185 y medido en todo el corpus: 10 apariciones en 9 filas, todas con el mismo dano (la b leida como o con tilde). ""perecióles"" no es palabra del espanol; ""perecibles"" aparece 166 veces en 123 filas. Los 10 contextos se revisaron uno por uno y todos son ""alimentos perecibles"", ""bienes perecibles"", ""los perecibles"" o ""tanto perecibles como no perecibles"". Precision 100%, sin falsos positivos posibles."
RPM-2007-05-10:1232:1	2007-05-10	Igal Magendzo Weinberger	1	LETRA_CONFUNDIDA	perecióles	perecibles	"perecióles por perecibles. Defecto sistematico descubierto en la ronda 185 y medido en todo el corpus: 10 apariciones en 9 filas, todas con el mismo dano (la b leida como o con tilde). ""perecióles"" no es palabra del espanol; ""perecibles"" aparece 166 veces en 123 filas. Los 10 contextos se revisaron uno por uno y todos son ""alimentos perecibles"", ""bienes perecibles"", ""los perecibles"" o ""tanto perecibles como no perecibles"". Precision 100%, sin falsos positivos posibles."
RPM-2007-12-13:1612:1	2007-12-13	Jorge Desormeaux Jiménez	1	LETRA_CONFUNDIDA	perecióles	perecibles	"perecióles por perecibles. Defecto sistematico descubierto en la ronda 185 y medido en todo el corpus: 10 apariciones en 9 filas, todas con el mismo dano (la b leida como o con tilde). ""perecióles"" no es palabra del espanol; ""perecibles"" aparece 166 veces en 123 filas. Los 10 contextos se revisaron uno por uno y todos son ""alimentos perecibles"", ""bienes perecibles"", ""los perecibles"" o ""tanto perecibles como no perecibles"". Precision 100%, sin falsos positivos posibles."
RPM-2007-12-13:1612:1	2007-12-13	Jorge Desormeaux Jiménez	2	LETRA_CONFUNDIDA	linar la decisión de! día de hoy, hac	linar la decisión del día de hoy, hac	"Signo de exclamación en lugar de la ele final. Medido: 42 apariciones, y todas dan palabra válida al reponer la l: de! 31 (del), coyuntura! 2, a! 2 (al), e! 2 (el), diferencia!, rea!, genera!, anua!, metano!. Se revisaron las nueve formas una por una y los cuatro casos límite (a!, e!) en su contexto: ""sorprendieron en algo a! alza"", ""precisa que e! planteamiento"", ""acceso a! financiamiento"", ""acuerdo sobre e! Mecanismo"". Ninguna es una exclamación real."
RPM-2008-01-10:1641:1	2008-01-10	Consejo del Banco Central de Chile	1	LETRA_CONFUNDIDA	perecióles	perecibles	"perecióles por perecibles. Defecto sistematico descubierto en la ronda 185 y medido en todo el corpus: 10 apariciones en 9 filas, todas con el mismo dano (la b leida como o con tilde). ""perecióles"" no es palabra del espanol; ""perecibles"" aparece 166 veces en 123 filas. Los 10 contextos se revisaron uno por uno y todos son ""alimentos perecibles"", ""bienes perecibles"", ""los perecibles"" o ""tanto perecibles como no perecibles"". Precision 100%, sin falsos positivos posibles."
RPM-2008-01-10:1641:1	2008-01-10	Consejo del Banco Central de Chile	2	LETRA_CONFUNDIDA	do la inflación del IPCXI (que excluye co	do la inflación del IPCX1 (que excluye co	"Sigla dañada por el glifo I/l. Medido en toda la salida: 26 apariciones de esta familia, y cada forma tiene su equivalente correcto ampliamente atestiguado en el corpus (el IPC 1.430, el IPoM 1.543, IPCX 649, IPCX1 469, el IPP 10). Se excluyeron de la pasada ""ellPEC"", ""dellPEC"" y ""ellMCE"" (fila 1719:4): aparecen junto a siglas que no se pueden corroborar en el corpus y no hay reconstruccion unica."
RPM-2012-03-15:4689:2	2012-03-15	Claudio Soto Gamboa	1	LETRA_CONFUNDIDA	perecióles	perecibles	"perecióles por perecibles. Defecto sistematico descubierto en la ronda 185 y medido en todo el corpus: 10 apariciones en 9 filas, todas con el mismo dano (la b leida como o con tilde). ""perecióles"" no es palabra del espanol; ""perecibles"" aparece 166 veces en 123 filas. Los 10 contextos se revisaron uno por uno y todos son ""alimentos perecibles"", ""bienes perecibles"", ""los perecibles"" o ""tanto perecibles como no perecibles"". Precision 100%, sin falsos positivos posibles."
RPM-2013-03-14:5439:1	2013-03-14	Luis Óscar Herrera Barriga	1	LETRA_CONFUNDIDA	perecióles	perecibles	"perecióles por perecibles. Defecto sistematico descubierto en la ronda 185 y medido en todo el corpus: 10 apariciones en 9 filas, todas con el mismo dano (la b leida como o con tilde). ""perecióles"" no es palabra del espanol; ""perecibles"" aparece 166 veces en 123 filas. Los 10 contextos se revisaron uno por uno y todos son ""alimentos perecibles"", ""bienes perecibles"", ""los perecibles"" o ""tanto perecibles como no perecibles"". Precision 100%, sin falsos positivos posibles."
RPM-2014-01-16:5994:1	2014-01-16	Luis Óscar Herrera Barriga	1	LETRA_CONFUNDIDA	perecióles	perecibles	"perecióles por perecibles. Defecto sistematico descubierto en la ronda 185 y medido en todo el corpus: 10 apariciones en 9 filas, todas con el mismo dano (la b leida como o con tilde). ""perecióles"" no es palabra del espanol; ""perecibles"" aparece 166 veces en 123 filas. Los 10 contextos se revisaron uno por uno y todos son ""alimentos perecibles"", ""bienes perecibles"", ""los perecibles"" o ""tanto perecibles como no perecibles"". Precision 100%, sin falsos positivos posibles."
RPM-2007-04-12:1213:1	2007-04-12	Beltrán de Ramón Acevedo	1	LETRA_CONFUNDIDA	í\/1onetaria	Monetaria	"í\/1onetaria por Monetaria. La formula ""Tasa de Política Monetaria"" aparece 1.411 veces en el corpus, incluida esta misma fila en otras partes; aqui la M se leyo como ""í\/1"". No hay lectura alternativa."
RPM-2007-05-10:1249:1	2007-05-10	Manuel Marfán Lewis	1	LETRA_CONFUNDIDA	cambIario	cambiario	"cambIario por cambiario: la i se leyo como I mayuscula. Medido: ""cambiario"" aparece 157 veces y ""cambIario"" una sola, en ""el mercado cambIario""."
RPM-2008-05-08:1798:1	2008-05-08	Manuel Marfán Lewis	1	LETRA_CONFUNDIDA	i1iquidez	iliquidez	"i1iquidez por iliquidez: la l se leyo como el digito 1. Medido: ""iliquidez"" aparece 10 veces y ""i1iquidez"" una sola."
RPM-2009-08-13:2682:1	2009-08-13	Luis Felipe Céspedes Cifuentes	1	LETRA_CONFUNDIDA	7ay/or	Taylor	"7ay/or por Taylor. Medido: ""Taylor"" aparece 33 veces en el corpus y ""7ay"" una sola, en ""una regla de 7ay/or sería a la baja""; se trata de la regla de Taylor, y la barra es una i mal leida."
RPM-2010-04-15:3063:1	2010-04-15	Kevin Cowan Logan	1	LETRA_CONFUNDIDA	f1exibilización	flexibilización	"f1exibilización por flexibilización: la l se leyo como el digito 1. La palabra es inequivoca y el contexto (""una f1exibilización de las condiciones crediticias"") no admite otra lectura."
RPM-2014-01-16:5968:1	2014-01-16	Sergio Lehmann Beresi	1	LETRA_CONFUNDIDA	proxImos	próximos	"proxImos por próximos: la i se leyo como I mayuscula y ademas falta la tilde. Medido: ""próximos"" aparece 1.172 veces en el corpus y ""proxImos"" una sola, en ""en los proxImos años""."
RPM-2014-07-15:6332:1	2014-07-15	Pablo García Silva	1	LETRA_CONFUNDIDA	opIrnon	opinión	"opIrnon por opinión. No es palabra y la formula ""en su opinión"" es de las mas frecuentes del corpus (1.867 apariciones de ""opinión""); el contexto ""Expresa que, en su opIrnon, la desaceleración"" no admite otra lectura."
RPM-2014-07-15:6332:1	2014-07-15	Pablo García Silva	2	LETRA_CONFUNDIDA	1nstitución	Institución	"1nstitución por Institución: la I mayuscula inicial se leyo como el digito 1. El contexto es ""del staff de la 1nstitución""."
RPM-2014-09-11:6395:1	2014-09-11	Sergio Lehmann Beresi	1	LETRA_CONFUNDIDA	1O	10	"1O por 10: el cero se leyo como la letra O mayuscula. Medido: 7 apariciones en 6 filas y todas son numeros donde solo cabe el diez (""tasas a 1O años plazo"", ""lámina Nº 1O"", ""US$ 3,1O la libra"", ""a 5 y 1O años"", ""a 2 y 1O años"", ""a 1O años"", ""de 1O o 20%""). Se verifico que no existen apariciones embebidas en otras palabras."
RPM-2014-09-11:6397:1	2014-09-11	Sergio Lehmann Beresi	1	LETRA_CONFUNDIDA	1O	10	"1O por 10: el cero se leyo como la letra O mayuscula. Medido: 7 apariciones en 6 filas y todas son numeros donde solo cabe el diez (""tasas a 1O años plazo"", ""lámina Nº 1O"", ""US$ 3,1O la libra"", ""a 5 y 1O años"", ""a 2 y 1O años"", ""a 1O años"", ""de 1O o 20%""). Se verifico que no existen apariciones embebidas en otras palabras."
RPM-2014-09-11:6399:1	2014-09-11	Pablo García Silva	1	LETRA_CONFUNDIDA	1O	10	"1O por 10: el cero se leyo como la letra O mayuscula. Medido: 7 apariciones en 6 filas y todas son numeros donde solo cabe el diez (""tasas a 1O años plazo"", ""lámina Nº 1O"", ""US$ 3,1O la libra"", ""a 5 y 1O años"", ""a 2 y 1O años"", ""a 1O años"", ""de 1O o 20%""). Se verifico que no existen apariciones embebidas en otras palabras."
RPM-2014-09-11:6424:1	2014-09-11	Alberto Naudon Dell'Oro	1	LETRA_CONFUNDIDA	1O	10	"1O por 10: el cero se leyo como la letra O mayuscula. Medido: 7 apariciones en 6 filas y todas son numeros donde solo cabe el diez (""tasas a 1O años plazo"", ""lámina Nº 1O"", ""US$ 3,1O la libra"", ""a 5 y 1O años"", ""a 2 y 1O años"", ""a 1O años"", ""de 1O o 20%""). Se verifico que no existen apariciones embebidas en otras palabras."
RPM-2014-09-11:6428:1	2014-09-11	Alberto Arenas de Mesa	1	LETRA_CONFUNDIDA	1nstituto	Instituto	"1nstituto por Instituto: la I inicial se leyo como el digito 1. Medido: la formula ""Instituto Nacional de Estadísticas"" aparece 75 veces en el corpus y ""1nstituto"" una sola."
RPM-2014-11-18:6490:1	2014-11-18	Sebastián Claro Edwards	1	LETRA_CONFUNDIDA	economIca	económica	"economIca por económica: la i se leyo como I mayuscula y falta la tilde. Medido: ""económica"" aparece 667 veces y ""economIca"" una sola, en ""la creciente divergencia economIca entre Estados Unidos de América""."
RPM-2014-11-18:6498:1	2014-11-18	Miguel Fuentes Díaz	1	LETRA_CONFUNDIDA	1O	10	"1O por 10: el cero se leyo como la letra O mayuscula. Medido: 7 apariciones en 6 filas y todas son numeros donde solo cabe el diez (""tasas a 1O años plazo"", ""lámina Nº 1O"", ""US$ 3,1O la libra"", ""a 5 y 1O años"", ""a 2 y 1O años"", ""a 1O años"", ""de 1O o 20%""). Se verifico que no existen apariciones embebidas en otras palabras."
RPM-2014-11-18:6515:1	2014-11-18	Enrique Marshall Rivera	1	LETRA_CONFUNDIDA	opin1on	opinión	"opin1on por opinión: la i se leyo como el digito 1 y falta la tilde. Formula ""en su opinión"", 1.867 apariciones."
RPM-2014-12-11:6538:1	2014-12-11	Rodrigo Vergara Montes	1	LETRA_CONFUNDIDA	op1nion	opinión	"op1nion por opinión: la i se leyo como el digito 1 y falta la tilde. Contexto ""agradece la op1nion del Ministro"", sin lectura alternativa."
RPM-2015-10-15:7065:1	2015-10-15	Diego Gianelli Gómez	1	LETRA_CONFUNDIDA	1O	10	"1O por 10: el cero se leyo como la letra O mayuscula. Medido: 7 apariciones en 6 filas y todas son numeros donde solo cabe el diez (""tasas a 1O años plazo"", ""lámina Nº 1O"", ""US$ 3,1O la libra"", ""a 5 y 1O años"", ""a 2 y 1O años"", ""a 1O años"", ""de 1O o 20%""). Se verifico que no existen apariciones embebidas en otras palabras."
RPM-2015-11-12:7137:1	2015-11-12	Pablo García Silva	1	LETRA_CONFUNDIDA	1O	10	"1O por 10: el cero se leyo como la letra O mayuscula. Medido: 7 apariciones en 6 filas y todas son numeros donde solo cabe el diez (""tasas a 1O años plazo"", ""lámina Nº 1O"", ""US$ 3,1O la libra"", ""a 5 y 1O años"", ""a 2 y 1O años"", ""a 1O años"", ""de 1O o 20%""). Se verifico que no existen apariciones embebidas en otras palabras."
RPM-2007-05-10:1257:1	2007-05-10	Enrique Marshall Rivera	1	PUNTUACION	"""commodities"""	“commodities”	Comilla recta en un par completo. En esta fila las comillas rectas son pares y su direccion es deducible sin ambiguedad: la primera de cada par abre y la segunda cierra. El corpus usa comillas tipograficas de forma abrumadora (“ aparece 323 veces), de modo que la recta es un residuo del escaneo y no una eleccion del texto. Medido: de las 58 comillas rectas que quedaban, 52 estan en 23 filas con cantidad par (20 filas con 2 y 3 filas con 4) y son estas; las otras 6 estan en filas de cantidad impar y se dejan marcadas para cotejo.
RPM-2008-03-13:1722:2	2008-03-13	Klaus Schmidt-Hebbel Dunker	1	PUNTUACION	"""compra de cartera mala"""	“compra de cartera mala”	Comilla recta en un par completo. En esta fila las comillas rectas son pares y su direccion es deducible sin ambiguedad: la primera de cada par abre y la segunda cierra. El corpus usa comillas tipograficas de forma abrumadora (“ aparece 323 veces), de modo que la recta es un residuo del escaneo y no una eleccion del texto. Medido: de las 58 comillas rectas que quedaban, 52 estan en 23 filas con cantidad par (20 filas con 2 y 3 filas con 4) y son estas; las otras 6 estan en filas de cantidad impar y se dejan marcadas para cotejo.
RPM-2008-09-04:2070:1	2008-09-04	Sebastián Claro Edwards	1	PUNTUACION	"""U"""	“U”	Comilla recta en un par completo. En esta fila las comillas rectas son pares y su direccion es deducible sin ambiguedad: la primera de cada par abre y la segunda cierra. El corpus usa comillas tipograficas de forma abrumadora (“ aparece 323 veces), de modo que la recta es un residuo del escaneo y no una eleccion del texto. Medido: de las 58 comillas rectas que quedaban, 52 estan en 23 filas con cantidad par (20 filas con 2 y 3 filas con 4) y son estas; las otras 6 estan en filas de cantidad impar y se dejan marcadas para cotejo.
RPM-2008-10-09:2125:1	2008-10-09	José De Gregorio Rebeco	1	PUNTUACION	"""manejar"""	“manejar”	Comilla recta en un par completo. En esta fila las comillas rectas son pares y su direccion es deducible sin ambiguedad: la primera de cada par abre y la segunda cierra. El corpus usa comillas tipograficas de forma abrumadora (“ aparece 323 veces), de modo que la recta es un residuo del escaneo y no una eleccion del texto. Medido: de las 58 comillas rectas que quedaban, 52 estan en 23 filas con cantidad par (20 filas con 2 y 3 filas con 4) y son estas; las otras 6 estan en filas de cantidad impar y se dejan marcadas para cotejo.
RPM-2009-03-12:2402:1	2009-03-12	Claudio Soto Gamboa	1	PUNTUACION	"""mucho"""	“mucho”	Comilla recta en un par completo. En esta fila las comillas rectas son pares y su direccion es deducible sin ambiguedad: la primera de cada par abre y la segunda cierra. El corpus usa comillas tipograficas de forma abrumadora (“ aparece 323 veces), de modo que la recta es un residuo del escaneo y no una eleccion del texto. Medido: de las 58 comillas rectas que quedaban, 52 estan en 23 filas con cantidad par (20 filas con 2 y 3 filas con 4) y son estas; las otras 6 estan en filas de cantidad impar y se dejan marcadas para cotejo.
RPM-2009-03-12:2438:1	2009-03-12	José De Gregorio Rebeco	1	PUNTUACION	"""adelante de la curva"""	“adelante de la curva”	Comilla recta en un par completo. En esta fila las comillas rectas son pares y su direccion es deducible sin ambiguedad: la primera de cada par abre y la segunda cierra. El corpus usa comillas tipograficas de forma abrumadora (“ aparece 323 veces), de modo que la recta es un residuo del escaneo y no una eleccion del texto. Medido: de las 58 comillas rectas que quedaban, 52 estan en 23 filas con cantidad par (20 filas con 2 y 3 filas con 4) y son estas; las otras 6 estan en filas de cantidad impar y se dejan marcadas para cotejo.
RPM-2010-01-14:2851:1	2010-01-14	Pablo García Silva	1	PUNTUACION	"""respirador artificial"""	“respirador artificial”	Comilla recta en un par completo. En esta fila las comillas rectas son pares y su direccion es deducible sin ambiguedad: la primera de cada par abre y la segunda cierra. El corpus usa comillas tipograficas de forma abrumadora (“ aparece 323 veces), de modo que la recta es un residuo del escaneo y no una eleccion del texto. Medido: de las 58 comillas rectas que quedaban, 52 estan en 23 filas con cantidad par (20 filas con 2 y 3 filas con 4) y son estas; las otras 6 estan en filas de cantidad impar y se dejan marcadas para cotejo.
RPM-2010-10-14:3452:1	2010-10-14	Beltrán de Ramón Acevedo	1	PUNTUACION	"""L"""	“L”	Comilla recta en un par completo. En esta fila las comillas rectas son pares y su direccion es deducible sin ambiguedad: la primera de cada par abre y la segunda cierra. El corpus usa comillas tipograficas de forma abrumadora (“ aparece 323 veces), de modo que la recta es un residuo del escaneo y no una eleccion del texto. Medido: de las 58 comillas rectas que quedaban, 52 estan en 23 filas con cantidad par (20 filas con 2 y 3 filas con 4) y son estas; las otras 6 estan en filas de cantidad impar y se dejan marcadas para cotejo.
RPM-2011-03-17:3889:1	2011-03-17	Manuel Marfán Lewis	1	PUNTUACION	"""alerta inflacionaria"""	“alerta inflacionaria”	Comilla recta en un par completo. En esta fila las comillas rectas son pares y su direccion es deducible sin ambiguedad: la primera de cada par abre y la segunda cierra. El corpus usa comillas tipograficas de forma abrumadora (“ aparece 323 veces), de modo que la recta es un residuo del escaneo y no una eleccion del texto. Medido: de las 58 comillas rectas que quedaban, 52 estan en 23 filas con cantidad par (20 filas con 2 y 3 filas con 4) y son estas; las otras 6 estan en filas de cantidad impar y se dejan marcadas para cotejo.
RPM-2011-03-17:3889:1	2011-03-17	Manuel Marfán Lewis	2	PUNTUACION	"""emergencia inflacionaria"""	“emergencia inflacionaria”	Comilla recta en un par completo. En esta fila las comillas rectas son pares y su direccion es deducible sin ambiguedad: la primera de cada par abre y la segunda cierra. El corpus usa comillas tipograficas de forma abrumadora (“ aparece 323 veces), de modo que la recta es un residuo del escaneo y no una eleccion del texto. Medido: de las 58 comillas rectas que quedaban, 52 estan en 23 filas con cantidad par (20 filas con 2 y 3 filas con 4) y son estas; las otras 6 estan en filas de cantidad impar y se dejan marcadas para cotejo.
RPM-2011-07-14:4203:1	2011-07-14	Felipe Larraín Bascuñán	1	PUNTUACION	"""bono basura"""	“bono basura”	Comilla recta en un par completo. En esta fila las comillas rectas son pares y su direccion es deducible sin ambiguedad: la primera de cada par abre y la segunda cierra. El corpus usa comillas tipograficas de forma abrumadora (“ aparece 323 veces), de modo que la recta es un residuo del escaneo y no una eleccion del texto. Medido: de las 58 comillas rectas que quedaban, 52 estan en 23 filas con cantidad par (20 filas con 2 y 3 filas con 4) y son estas; las otras 6 estan en filas de cantidad impar y se dejan marcadas para cotejo.
RPM-2011-08-18:4218:1	2011-08-18	Enrique Marshall Rivera	1	PUNTUACION	"""Zona-Euro: Spread Libor-OIS"""	“Zona-Euro: Spread Libor-OIS”	Comilla recta en un par completo. En esta fila las comillas rectas son pares y su direccion es deducible sin ambiguedad: la primera de cada par abre y la segunda cierra. El corpus usa comillas tipograficas de forma abrumadora (“ aparece 323 veces), de modo que la recta es un residuo del escaneo y no una eleccion del texto. Medido: de las 58 comillas rectas que quedaban, 52 estan en 23 filas con cantidad par (20 filas con 2 y 3 filas con 4) y son estas; las otras 6 estan en filas de cantidad impar y se dejan marcadas para cotejo.
RPM-2011-12-13:4506:1	2011-12-13	Beltrán de Ramón Acevedo	1	PUNTUACION	"""mantener la TPM en 5,25% coincide con la expectativa mayoritaria del mercado"""	“mantener la TPM en 5,25% coincide con la expectativa mayoritaria del mercado”	Comilla recta en un par completo. En esta fila las comillas rectas son pares y su direccion es deducible sin ambiguedad: la primera de cada par abre y la segunda cierra. El corpus usa comillas tipograficas de forma abrumadora (“ aparece 323 veces), de modo que la recta es un residuo del escaneo y no una eleccion del texto. Medido: de las 58 comillas rectas que quedaban, 52 estan en 23 filas con cantidad par (20 filas con 2 y 3 filas con 4) y son estas; las otras 6 estan en filas de cantidad impar y se dejan marcadas para cotejo.
RPM-2012-09-13:5089:1	2012-09-13	Enrique Marshall Rivera	1	PUNTUACION	"""menos que satisfactorio"""	“menos que satisfactorio”	Comilla recta en un par completo. En esta fila las comillas rectas son pares y su direccion es deducible sin ambiguedad: la primera de cada par abre y la segunda cierra. El corpus usa comillas tipograficas de forma abrumadora (“ aparece 323 veces), de modo que la recta es un residuo del escaneo y no una eleccion del texto. Medido: de las 58 comillas rectas que quedaban, 52 estan en 23 filas con cantidad par (20 filas con 2 y 3 filas con 4) y son estas; las otras 6 estan en filas de cantidad impar y se dejan marcadas para cotejo.
RPM-2012-12-13:5266:1	2012-12-13	Rodrigo Vergara Montes	1	PUNTUACION	"""fiscal cliff"""	“fiscal cliff”	Comilla recta en un par completo. En esta fila las comillas rectas son pares y su direccion es deducible sin ambiguedad: la primera de cada par abre y la segunda cierra. El corpus usa comillas tipograficas de forma abrumadora (“ aparece 323 veces), de modo que la recta es un residuo del escaneo y no una eleccion del texto. Medido: de las 58 comillas rectas que quedaban, 52 estan en 23 filas con cantidad par (20 filas con 2 y 3 filas con 4) y son estas; las otras 6 estan en filas de cantidad impar y se dejan marcadas para cotejo.
RPM-2013-08-13:5745:1	2013-08-13	Sebastián Claro Edwards	1	PUNTUACION	"""que la desaceleración se observaba con menor claridad en los indicadores de consumo, aunque algunos de sus determinantes debieran comenzar a ceder. Ello justificaba recabar más información, lo que en ese momento favorecía la opción de mantener."""	“que la desaceleración se observaba con menor claridad en los indicadores de consumo, aunque algunos de sus determinantes debieran comenzar a ceder. Ello justificaba recabar más información, lo que en ese momento favorecía la opción de mantener.”	Comilla recta en un par completo. En esta fila las comillas rectas son pares y su direccion es deducible sin ambiguedad: la primera de cada par abre y la segunda cierra. El corpus usa comillas tipograficas de forma abrumadora (“ aparece 323 veces), de modo que la recta es un residuo del escaneo y no una eleccion del texto. Medido: de las 58 comillas rectas que quedaban, 52 estan en 23 filas con cantidad par (20 filas con 2 y 3 filas con 4) y son estas; las otras 6 estan en filas de cantidad impar y se dejan marcadas para cotejo.
RPM-2014-01-16:5987:1	2014-01-16	Beltrán de Ramón Acevedo	1	PUNTUACION	"""Expectativas de inflación se han tendido a incrementar moderadamente y se ubican en torno a la meta en el horizonte de política."""	“Expectativas de inflación se han tendido a incrementar moderadamente y se ubican en torno a la meta en el horizonte de política.”	Comilla recta en un par completo. En esta fila las comillas rectas son pares y su direccion es deducible sin ambiguedad: la primera de cada par abre y la segunda cierra. El corpus usa comillas tipograficas de forma abrumadora (“ aparece 323 veces), de modo que la recta es un residuo del escaneo y no una eleccion del texto. Medido: de las 58 comillas rectas que quedaban, 52 estan en 23 filas con cantidad par (20 filas con 2 y 3 filas con 4) y son estas; las otras 6 estan en filas de cantidad impar y se dejan marcadas para cotejo.
RPM-2014-09-11:6425:1	2014-09-11	Alberto Naudon Dell'Oro	1	PUNTUACION	"""a la baja"""	“a la baja”	Comilla recta en un par completo. En esta fila las comillas rectas son pares y su direccion es deducible sin ambiguedad: la primera de cada par abre y la segunda cierra. El corpus usa comillas tipograficas de forma abrumadora (“ aparece 323 veces), de modo que la recta es un residuo del escaneo y no una eleccion del texto. Medido: de las 58 comillas rectas que quedaban, 52 estan en 23 filas con cantidad par (20 filas con 2 y 3 filas con 4) y son estas; las otras 6 estan en filas de cantidad impar y se dejan marcadas para cotejo.
RPM-2014-09-11:6425:1	2014-09-11	Alberto Naudon Dell'Oro	2	PUNTUACION	"""neutral"""	“neutral”	Comilla recta en un par completo. En esta fila las comillas rectas son pares y su direccion es deducible sin ambiguedad: la primera de cada par abre y la segunda cierra. El corpus usa comillas tipograficas de forma abrumadora (“ aparece 323 veces), de modo que la recta es un residuo del escaneo y no una eleccion del texto. Medido: de las 58 comillas rectas que quedaban, 52 estan en 23 filas con cantidad par (20 filas con 2 y 3 filas con 4) y son estas; las otras 6 estan en filas de cantidad impar y se dejan marcadas para cotejo.
RPM-2014-12-11:6528:1	2014-12-11	Rodrigo Vergara Montes	1	PUNTUACION	"""el alto precio del dólar alentará la inversión y el consumo"""	“el alto precio del dólar alentará la inversión y el consumo”	Comilla recta en un par completo. En esta fila las comillas rectas son pares y su direccion es deducible sin ambiguedad: la primera de cada par abre y la segunda cierra. El corpus usa comillas tipograficas de forma abrumadora (“ aparece 323 veces), de modo que la recta es un residuo del escaneo y no una eleccion del texto. Medido: de las 58 comillas rectas que quedaban, 52 estan en 23 filas con cantidad par (20 filas con 2 y 3 filas con 4) y son estas; las otras 6 estan en filas de cantidad impar y se dejan marcadas para cotejo.
RPM-2015-01-15:6586:2	2015-01-15	Alberto Arenas de Mesa	1	PUNTUACION	"""otros vehículos de transporte"""	“otros vehículos de transporte”	Comilla recta en un par completo. En esta fila las comillas rectas son pares y su direccion es deducible sin ambiguedad: la primera de cada par abre y la segunda cierra. El corpus usa comillas tipograficas de forma abrumadora (“ aparece 323 veces), de modo que la recta es un residuo del escaneo y no una eleccion del texto. Medido: de las 58 comillas rectas que quedaban, 52 estan en 23 filas con cantidad par (20 filas con 2 y 3 filas con 4) y son estas; las otras 6 estan en filas de cantidad impar y se dejan marcadas para cotejo.
RPM-2015-10-15:7063:1	2015-10-15	Diego Gianelli Gómez	1	PUNTUACION	"""El Niño"""	“El Niño”	Comilla recta en un par completo. En esta fila las comillas rectas son pares y su direccion es deducible sin ambiguedad: la primera de cada par abre y la segunda cierra. El corpus usa comillas tipograficas de forma abrumadora (“ aparece 323 veces), de modo que la recta es un residuo del escaneo y no una eleccion del texto. Medido: de las 58 comillas rectas que quedaban, 52 estan en 23 filas con cantidad par (20 filas con 2 y 3 filas con 4) y son estas; las otras 6 estan en filas de cantidad impar y se dejan marcadas para cotejo.
RPM-2015-11-12:7114:1	2015-11-12	Diego Gianelli Gómez	1	PUNTUACION	"""El Niño"""	“El Niño”	Comilla recta en un par completo. En esta fila las comillas rectas son pares y su direccion es deducible sin ambiguedad: la primera de cada par abre y la segunda cierra. El corpus usa comillas tipograficas de forma abrumadora (“ aparece 323 veces), de modo que la recta es un residuo del escaneo y no una eleccion del texto. Medido: de las 58 comillas rectas que quedaban, 52 estan en 23 filas con cantidad par (20 filas con 2 y 3 filas con 4) y son estas; las otras 6 estan en filas de cantidad impar y se dejan marcadas para cotejo.
RPM-2007-05-10:1259:1	2007-05-10	Jorge Desormeaux Jiménez	1	SALTOS_DE_LINEA	se u b ic a r a por encima	se ubicara por encima	"La palabra ""ubicara"" aparece partida en letras sueltas (""se u b ic a r a por encima""), artefacto de justificacion del PDF que separa las letras de una palabra. El tipo SALTOS_DE_LINEA existe para esto. La palabra es inequivoca: ""los riesgos de que la inflacion futura se ubicara por encima del escenario central"". Medido: este artefacto aparece 35 veces en 18 filas del corpus."
RPM-2007-05-10:1261:1	2007-05-10	Vittorio Corbo Lioi	1	PALABRA_DUPLICADA	crecería este año por encima de de tendencia	crecería este año por encima de tendencia	"Preposicion ""de"" duplicada (""por encima de de tendencia""). Es el caso tipificado del tipo PALABRA_DUPLICADA. ""por encima de tendencia"" es la expresion economica habitual (above trend) y no falta ninguna otra palabra: la frase queda completa y gramatical."
RPM-2007-05-10:1261:2	2007-05-10	Consejo del Banco Central de Chile	1	SALTOS_DE_LINEA	acordó m antener la tasa	acordó mantener la tasa	"La palabra ""mantener"" aparece partida (""acordó m antener la tasa de interés""), mismo artefacto de justificacion. Palabra inequivoca y formula fija del Comunicado: ""acordó mantener la tasa de interés de política monetaria en 5% anual""."
RPM-2007-05-10:1261:2	2007-05-10	Consejo del Banco Central de Chile	2	SIMBOLO_SUELTO	permanecen altos. k f La información	permanecen altos. La información	"Residuo de escaneo ""k f"" entre dos oraciones (""permanecen altos. k f La información disponible""). No es texto: son dos caracteres sueltos que no forman palabra ni pertenecen a ninguna de las dos oraciones, que por separado estan completas. Se elimina como simbolo suelto, igual que los residuos ya tratados en otras filas."
RPM-2013-01-17:5268:1	2013-01-17	Consejo del Banco Central de Chile	1	SIMBOLO_SUELTO	B A N C O C E N T R A L D E C H I L E 		"Encabezado de pagina del PDF, ""BANCO CENTRAL DE CHILE"", capturado letra por letra y con espacios. Es un residuo de la fuente, no texto del acta: la forma normal ""BANCO CENTRAL DE CHILE"" no aparece ninguna vez en el corpus, o sea que cuando este encabezado esta presente siempre viene letra por letra. Medido: 10 apariciones en 10 filas, mas 1 truncado (""...D E C H""). La politica es eliminar los residuos de la fuente (numeros de pagina, marcas de hora, comillas huerfanas, firmas truncadas) y este es de la misma familia."
RPM-2013-02-14:5349:1	2013-02-14	Sergio Lehmann Beresi	1	SIMBOLO_SUELTO	 B A N C O C E N T R A L D E C H I L E		"Encabezado de pagina del PDF, ""BANCO CENTRAL DE CHILE"", capturado letra por letra y con espacios. Es un residuo de la fuente, no texto del acta: la forma normal ""BANCO CENTRAL DE CHILE"" no aparece ninguna vez en el corpus, o sea que cuando este encabezado esta presente siempre viene letra por letra. Medido: 10 apariciones en 10 filas, mas 1 truncado (""...D E C H""). La politica es eliminar los residuos de la fuente (numeros de pagina, marcas de hora, comillas huerfanas, firmas truncadas) y este es de la misma familia."
RPM-2013-02-14:5352:1	2013-02-14	Rodrigo Vergara Montes	1	SIMBOLO_SUELTO	 B A N C O C E N T R A L D E C H I L E		"Encabezado de pagina del PDF, ""BANCO CENTRAL DE CHILE"", capturado letra por letra y con espacios. Es un residuo de la fuente, no texto del acta: la forma normal ""BANCO CENTRAL DE CHILE"" no aparece ninguna vez en el corpus, o sea que cuando este encabezado esta presente siempre viene letra por letra. Medido: 10 apariciones en 10 filas, mas 1 truncado (""...D E C H""). La politica es eliminar los residuos de la fuente (numeros de pagina, marcas de hora, comillas huerfanas, firmas truncadas) y este es de la misma familia."
RPM-2013-02-14:5366:1	2013-02-14	Manuel Marfán Lewis	1	SIMBOLO_SUELTO	 i B A N C O C E N T R A L D E C H I L E		"Encabezado de pagina del PDF, ""BANCO CENTRAL DE CHILE"", capturado letra por letra y con espacios. Es un residuo de la fuente, no texto del acta: la forma normal ""BANCO CENTRAL DE CHILE"" no aparece ninguna vez en el corpus, o sea que cuando este encabezado esta presente siempre viene letra por letra. Medido: 10 apariciones en 10 filas, mas 1 truncado (""...D E C H""). La politica es eliminar los residuos de la fuente (numeros de pagina, marcas de hora, comillas huerfanas, firmas truncadas) y este es de la misma familia."
RPM-2013-02-14:5367:1	2013-02-14	Miguel Fuentes Díaz	1	SIMBOLO_SUELTO	 B A N C O C E N T R A L D E C H IL E		"Encabezado de pagina del PDF, ""BANCO CENTRAL DE CHILE"", capturado letra por letra y con espacios. Es un residuo de la fuente, no texto del acta: la forma normal ""BANCO CENTRAL DE CHILE"" no aparece ninguna vez en el corpus, o sea que cuando este encabezado esta presente siempre viene letra por letra. Medido: 10 apariciones en 10 filas, mas 1 truncado (""...D E C H""). La politica es eliminar los residuos de la fuente (numeros de pagina, marcas de hora, comillas huerfanas, firmas truncadas) y este es de la misma familia."
RPM-2015-04-16:6730:2	2015-04-16	Claudio Soto Gamboa	1	SIMBOLO_SUELTO	 B A N C O C E N T R A L D E C H I L E		"Encabezado de pagina del PDF, ""BANCO CENTRAL DE CHILE"", capturado letra por letra y con espacios. Es un residuo de la fuente, no texto del acta: la forma normal ""BANCO CENTRAL DE CHILE"" no aparece ninguna vez en el corpus, o sea que cuando este encabezado esta presente siempre viene letra por letra. Medido: 10 apariciones en 10 filas, mas 1 truncado (""...D E C H""). La politica es eliminar los residuos de la fuente (numeros de pagina, marcas de hora, comillas huerfanas, firmas truncadas) y este es de la misma familia."
RPM-2015-04-16:6733:1	2015-04-16	Miguel Fuentes Díaz	1	SIMBOLO_SUELTO	 i B A N C O C E N T R A L D E C H I L E		"Encabezado de pagina del PDF, ""BANCO CENTRAL DE CHILE"", capturado letra por letra y con espacios. Es un residuo de la fuente, no texto del acta: la forma normal ""BANCO CENTRAL DE CHILE"" no aparece ninguna vez en el corpus, o sea que cuando este encabezado esta presente siempre viene letra por letra. Medido: 10 apariciones en 10 filas, mas 1 truncado (""...D E C H""). La politica es eliminar los residuos de la fuente (numeros de pagina, marcas de hora, comillas huerfanas, firmas truncadas) y este es de la misma familia."
RPM-2015-04-16:6747:1	2015-04-16	Joaquín Vial Ruiz-Tagle	1	SIMBOLO_SUELTO	 i B A N C O C E N T R A L D E C H I L E 	 	"Encabezado de pagina del PDF, ""BANCO CENTRAL DE CHILE"", capturado letra por letra y con espacios. Es un residuo de la fuente, no texto del acta: la forma normal ""BANCO CENTRAL DE CHILE"" no aparece ninguna vez en el corpus, o sea que cuando este encabezado esta presente siempre viene letra por letra. Medido: 10 apariciones en 10 filas, mas 1 truncado (""...D E C H""). La politica es eliminar los residuos de la fuente (numeros de pagina, marcas de hora, comillas huerfanas, firmas truncadas) y este es de la misma familia."
RPM-2015-04-16:6749:1	2015-04-16	Sebastián Claro Edwards	1	SIMBOLO_SUELTO	 B A N C O C E N T R A L D E C H I L E 	 	"Encabezado de pagina del PDF, ""BANCO CENTRAL DE CHILE"", capturado letra por letra y con espacios. Es un residuo de la fuente, no texto del acta: la forma normal ""BANCO CENTRAL DE CHILE"" no aparece ninguna vez en el corpus, o sea que cuando este encabezado esta presente siempre viene letra por letra. Medido: 10 apariciones en 10 filas, mas 1 truncado (""...D E C H""). La politica es eliminar los residuos de la fuente (numeros de pagina, marcas de hora, comillas huerfanas, firmas truncadas) y este es de la misma familia."
RPM-2015-04-16:6751:1	2015-04-16	Enrique Marshall Rivera	1	SIMBOLO_SUELTO	 B A N C O C E N T R A L D E C H I L E 	 	"Encabezado de pagina del PDF, ""BANCO CENTRAL DE CHILE"", capturado letra por letra y con espacios. Es un residuo de la fuente, no texto del acta: la forma normal ""BANCO CENTRAL DE CHILE"" no aparece ninguna vez en el corpus, o sea que cuando este encabezado esta presente siempre viene letra por letra. Medido: 10 apariciones en 10 filas, mas 1 truncado (""...D E C H""). La politica es eliminar los residuos de la fuente (numeros de pagina, marcas de hora, comillas huerfanas, firmas truncadas) y este es de la misma familia."
RPM-2005-04-07:201:1	2005-04-07	Consejo del Banco Central de Chile	1	PUNTUACION	Marfán Lewis. Asisten también; Gerente General, 	Marfán Lewis. Asisten también: Gerente General, 	"Punto y coma por dos puntos. Medido: ""Asisten también:"" aparece 93 veces y ""Asisten también;"" 7. La formula introduce una lista, así que corresponde dos puntos."
RPM-2005-04-07:206:3	2005-04-07	Pablo García Silva	1	SIMBOLO_SUELTO	últimos meses. V La colocación	últimos meses. La colocación	"Letra mayúscula suelta entre dos oraciones. Es ruido de escaneo: la oración anterior termina en punto y la siguiente empieza con mayúscula y sentido completo, así que la letra no pertenece a ninguna de las dos. Medido: 17 casos en 17 filas, con las letras V, H, L, U, A, M, Y, B. Se revisaron uno por uno; el único que NO es residuo es RPM-2007-01-11:1055:1 (""prolongado. A SU juicio""), donde la A abre la oración legítimamente y el defecto es ""SU"" en mayúscula, que se trata aparte."
RPM-2005-04-07:207:9	2005-04-07	Rodrigo Valdés Pulido	1	LETRA_CONFUNDIDA	e las ramas asociadas ai sector exportador cre	e las ramas asociadas al sector exportador cre	"""ai"" por ""al"": la l se leyo como i. Medido en toda la salida: 26 apariciones de la palabra suelta ""ai"" en 26 filas, y ""ai"" no es una palabra del español. En cambio ""al"" aparece miles de veces y ""al alza"" 1.405 contra 3 de ""ai alza"". Se revisaron una por una las 26 apariciones y en todas el contexto exige ""al"" (""asociadas ai sector exportador"", ""converge ai mismo nivel"", ""autorizó ai Banco Central"", ""mayor ai previsto"", ""Agrega que, ai respecto"", ""superior ai 9,5%""). No hay ninguna fila en que ""ai"" sea otra cosa."
RPM-2005-05-12:232:1	2005-05-12	Sergio Lehmann Beresi	1	LETRA_CONFUNDIDA	e, lo que hubo es una fiy to quality y eso hizo ca	e, lo que hubo es una fly to quality y eso hizo ca	"""fiy""/""fIy"" por ""fly"": la l se leyo como i (o como I). Es el mismo glifo que produce ""ai"" por ""al"", demostrado con 26 casos independientes. Se retira la marca RECONSTRUCCION_AMBIGUA que se había puesto en esta fila: al aparecer la regla de glifo, la ambigüedad se resuelve. Un escáner no convierte ""flight"" en ""fiy"" (sería borrar cuatro letras); sí convierte ""fly"" en ""fiy"". Las 21 apariciones de ""flight to quality"" que hay en el corpus son la otra grafía, correcta, y no se tocan."
RPM-2005-06-09:280:2	2005-06-09	Pablo García Silva	1	SIMBOLO_SUELTO	mercado laboral. H El panorama	mercado laboral. El panorama	"Letra mayúscula suelta entre dos oraciones. Es ruido de escaneo: la oración anterior termina en punto y la siguiente empieza con mayúscula y sentido completo, así que la letra no pertenece a ninguna de las dos. Medido: 17 casos en 17 filas, con las letras V, H, L, U, A, M, Y, B. Se revisaron uno por uno; el único que NO es residuo es RPM-2007-01-11:1055:1 (""prolongado. A SU juicio""), donde la A abre la oración legítimamente y el defecto es ""SU"" en mayúscula, que se trata aparte."
RPM-2005-06-09:280:2	2005-06-09	Pablo García Silva	2	LETRA_CONFUNDIDA	l tipo de cambio rea! continúa establ	l tipo de cambio real continúa establ	"Signo de exclamación en lugar de la ele final. Medido: 42 apariciones, y todas dan palabra válida al reponer la l: de! 31 (del), coyuntura! 2, a! 2 (al), e! 2 (el), diferencia!, rea!, genera!, anua!, metano!. Se revisaron las nueve formas una por una y los cuatro casos límite (a!, e!) en su contexto: ""sorprendieron en algo a! alza"", ""precisa que e! planteamiento"", ""acceso a! financiamiento"", ""acuerdo sobre e! Mecanismo"". Ninguna es una exclamación real."
RPM-2005-08-11:347:1	2005-08-11	Manuel Marfán Lewis	1	LETRA_CONFUNDIDA	e supone que converge ai mismo nivel observado	e supone que converge al mismo nivel observado	"""ai"" por ""al"": la l se leyo como i. Medido en toda la salida: 26 apariciones de la palabra suelta ""ai"" en 26 filas, y ""ai"" no es una palabra del español. En cambio ""al"" aparece miles de veces y ""al alza"" 1.405 contra 3 de ""ai alza"". Se revisaron una por una las 26 apariciones y en todas el contexto exige ""al"" (""asociadas ai sector exportador"", ""converge ai mismo nivel"", ""autorizó ai Banco Central"", ""mayor ai previsto"", ""Agrega que, ai respecto"", ""superior ai 9,5%""). No hay ninguna fila en que ""ai"" sea otra cosa."
RPM-2005-09-08:381:1	2005-09-08	Rodrigo Valdés Pulido	1	LETRA_CONFUNDIDA	ala, que desea volver ai tema de la compensaci	ala, que desea volver al tema de la compensaci	"""ai"" por ""al"": la l se leyo como i. Medido en toda la salida: 26 apariciones de la palabra suelta ""ai"" en 26 filas, y ""ai"" no es una palabra del español. En cambio ""al"" aparece miles de veces y ""al alza"" 1.405 contra 3 de ""ai alza"". Se revisaron una por una las 26 apariciones y en todas el contexto exige ""al"" (""asociadas ai sector exportador"", ""converge ai mismo nivel"", ""autorizó ai Banco Central"", ""mayor ai previsto"", ""Agrega que, ai respecto"", ""superior ai 9,5%""). No hay ninguna fila en que ""ai"" sea otra cosa."
RPM-2006-03-16:608:1	2006-03-16	José De Gregorio Rebeco	1	LETRA_CONFUNDIDA	preciación del dólar, ai precio del⏎cobre, y a	preciación del dólar, al precio del⏎cobre, y a	"""ai"" por ""al"": la l se leyo como i. Medido en toda la salida: 26 apariciones de la palabra suelta ""ai"" en 26 filas, y ""ai"" no es una palabra del español. En cambio ""al"" aparece miles de veces y ""al alza"" 1.405 contra 3 de ""ai alza"". Se revisaron una por una las 26 apariciones y en todas el contexto exige ""al"" (""asociadas ai sector exportador"", ""converge ai mismo nivel"", ""autorizó ai Banco Central"", ""mayor ai previsto"", ""Agrega que, ai respecto"", ""superior ai 9,5%""). No hay ninguna fila en que ""ai"" sea otra cosa."
RPM-2006-03-16:608:1	2006-03-16	José De Gregorio Rebeco	2	LETRA_CONFUNDIDA	acó que el precio de! petróleo puede⏎	acó que el precio del petróleo puede⏎	"Signo de exclamación en lugar de la ele final. Medido: 42 apariciones, y todas dan palabra válida al reponer la l: de! 31 (del), coyuntura! 2, a! 2 (al), e! 2 (el), diferencia!, rea!, genera!, anua!, metano!. Se revisaron las nueve formas una por una y los cuatro casos límite (a!, e!) en su contexto: ""sorprendieron en algo a! alza"", ""precisa que e! planteamiento"", ""acceso a! financiamiento"", ""acuerdo sobre e! Mecanismo"". Ninguna es una exclamación real."
RPM-2006-06-15:688:1	2006-06-15	Vittorio Corbo Lioi	1	LETRA_CONFUNDIDA	rio Corbo en relación ai precio del cobre, que	rio Corbo en relación al precio del cobre, que	"""ai"" por ""al"": la l se leyo como i. Medido en toda la salida: 26 apariciones de la palabra suelta ""ai"" en 26 filas, y ""ai"" no es una palabra del español. En cambio ""al"" aparece miles de veces y ""al alza"" 1.405 contra 3 de ""ai alza"". Se revisaron una por una las 26 apariciones y en todas el contexto exige ""al"" (""asociadas ai sector exportador"", ""converge ai mismo nivel"", ""autorizó ai Banco Central"", ""mayor ai previsto"", ""Agrega que, ai respecto"", ""superior ai 9,5%""). No hay ninguna fila en que ""ai"" sea otra cosa."
RPM-2006-06-15:693:1	2006-06-15	Manuel Marfán Lewis	1	LETRA_CONFUNDIDA	recio del cobre tenía ai país bastante eufóric	recio del cobre tenía al país bastante eufóric	"""ai"" por ""al"": la l se leyo como i. Medido en toda la salida: 26 apariciones de la palabra suelta ""ai"" en 26 filas, y ""ai"" no es una palabra del español. En cambio ""al"" aparece miles de veces y ""al alza"" 1.405 contra 3 de ""ai alza"". Se revisaron una por una las 26 apariciones y en todas el contexto exige ""al"" (""asociadas ai sector exportador"", ""converge ai mismo nivel"", ""autorizó ai Banco Central"", ""mayor ai previsto"", ""Agrega que, ai respecto"", ""superior ai 9,5%""). No hay ninguna fila en que ""ai"" sea otra cosa."
RPM-2006-07-13:764:2	2006-07-13	Manuel Marfán Lewis	1	LETRA_CONFUNDIDA	croeconómico referido ai sector fiscal, en esp	croeconómico referido al sector fiscal, en esp	"""ai"" por ""al"": la l se leyo como i. Medido en toda la salida: 26 apariciones de la palabra suelta ""ai"" en 26 filas, y ""ai"" no es una palabra del español. En cambio ""al"" aparece miles de veces y ""al alza"" 1.405 contra 3 de ""ai alza"". Se revisaron una por una las 26 apariciones y en todas el contexto exige ""al"" (""asociadas ai sector exportador"", ""converge ai mismo nivel"", ""autorizó ai Banco Central"", ""mayor ai previsto"", ""Agrega que, ai respecto"", ""superior ai 9,5%""). No hay ninguna fila en que ""ai"" sea otra cosa."
RPM-2006-08-10:822:1	2006-08-10	Enrique Marshall Rivera	1	LETRA_CONFUNDIDA	mo contenido, similar⏎ai de los meses anterior	mo contenido, similar⏎al de los meses anterior	"""ai"" por ""al"": la l se leyo como i. Medido en toda la salida: 26 apariciones de la palabra suelta ""ai"" en 26 filas, y ""ai"" no es una palabra del español. En cambio ""al"" aparece miles de veces y ""al alza"" 1.405 contra 3 de ""ai alza"". Se revisaron una por una las 26 apariciones y en todas el contexto exige ""al"" (""asociadas ai sector exportador"", ""converge ai mismo nivel"", ""autorizó ai Banco Central"", ""mayor ai previsto"", ""Agrega que, ai respecto"", ""superior ai 9,5%""). No hay ninguna fila en que ""ai"" sea otra cosa."
RPM-2006-09-07:828:1	2006-09-07	Consejo del Banco Central de Chile	1	PUNTUACION	enas de Mesa.⏎Asisten también;⏎Gerente General, 	enas de Mesa.⏎Asisten también:⏎Gerente General, 	"Punto y coma por dos puntos. Medido: ""Asisten también:"" aparece 93 veces y ""Asisten también;"" 7. La formula introduce una lista, así que corresponde dos puntos."
RPM-2006-09-07:858:1	2006-09-07	Rodrigo Valdés Pulido	1	LETRA_CONFUNDIDA	s que el INE autorizó ai Banco Central de Chil	s que el INE autorizó al Banco Central de Chil	"""ai"" por ""al"": la l se leyo como i. Medido en toda la salida: 26 apariciones de la palabra suelta ""ai"" en 26 filas, y ""ai"" no es una palabra del español. En cambio ""al"" aparece miles de veces y ""al alza"" 1.405 contra 3 de ""ai alza"". Se revisaron una por una las 26 apariciones y en todas el contexto exige ""al"" (""asociadas ai sector exportador"", ""converge ai mismo nivel"", ""autorizó ai Banco Central"", ""mayor ai previsto"", ""Agrega que, ai respecto"", ""superior ai 9,5%""). No hay ninguna fila en que ""ai"" sea otra cosa."
RPM-2007-01-11:1047:4	2007-01-11	Rodrigo Valdés Pulido	1	SIMBOLO_SUELTO	política en el pasado). U Menciona	política en el pasado). Menciona	"Letra mayúscula suelta entre dos oraciones. Es ruido de escaneo: la oración anterior termina en punto y la siguiente empieza con mayúscula y sentido completo, así que la letra no pertenece a ninguna de las dos. Medido: 17 casos en 17 filas, con las letras V, H, L, U, A, M, Y, B. Se revisaron uno por uno; el único que NO es residuo es RPM-2007-01-11:1055:1 (""prolongado. A SU juicio""), donde la A abre la oración legítimamente y el defecto es ""SU"" en mayúscula, que se trata aparte."
RPM-2007-01-11:1055:1	2007-01-11	José De Gregorio Rebeco	1	PALABRA_ERRONEA	prolongado. A SU juicio, en el	prolongado. A su juicio, en el	"La A abre la oración legítimamente (""A su juicio""), así que NO es residuo: el defecto es ""SU"" en mayúscula. Es el único de los 17 casos de letra suelta que no se elimina."
RPM-2007-02-08:1068:1	2007-02-08	Jorge Desormeaux Jiménez	1	LETRA_CONFUNDIDA	 proyecciones del Consesus Forecast o JP Mor	 proyecciones del Consensus Forecast o JP Mor	"Consesus por Consensus: falta una n. Medido: ""Consensus"" aparece 127 veces en 99 filas y ""Consesus"" 8 veces en 6, siempre en el nombre propio ""Consensus Forecast"". No hay lectura alternativa."
RPM-2007-02-08:1068:1	2007-02-08	Jorge Desormeaux Jiménez	2	LETRA_CONFUNDIDA	n de depreciación de! yuan en un 10% 	n de depreciación del yuan en un 10% 	"Signo de exclamación en lugar de la ele final. Medido: 42 apariciones, y todas dan palabra válida al reponer la l: de! 31 (del), coyuntura! 2, a! 2 (al), e! 2 (el), diferencia!, rea!, genera!, anua!, metano!. Se revisaron las nueve formas una por una y los cuatro casos límite (a!, e!) en su contexto: ""sorprendieron en algo a! alza"", ""precisa que e! planteamiento"", ""acceso a! financiamiento"", ""acuerdo sobre e! Mecanismo"". Ninguna es una exclamación real."
RPM-2007-03-15:1107:1	2007-03-15	Igal Magendzo Weinberger	1	LETRA_CONFUNDIDA	 la proyección de Consesus Forecast muestra 	 la proyección de Consensus Forecast muestra 	"Consesus por Consensus: falta una n. Medido: ""Consensus"" aparece 127 veces en 99 filas y ""Consesus"" 8 veces en 6, siempre en el nombre propio ""Consensus Forecast"". No hay lectura alternativa."
RPM-2007-03-15:1115:1	2007-03-15	Esteban Jadresic Marinovic	1	LETRA_CONFUNDIDA	tran los gráficos del fiy to quality en los Estado	tran los gráficos del fly to quality en los Estado	"""fiy""/""fIy"" por ""fly"": la l se leyo como i (o como I). Es el mismo glifo que produce ""ai"" por ""al"", demostrado con 26 casos independientes. Se retira la marca RECONSTRUCCION_AMBIGUA que se había puesto en esta fila: al aparecer la regla de glifo, la ambigüedad se resuelve. Un escáner no convierte ""flight"" en ""fiy"" (sería borrar cuatro letras); sí convierte ""fly"" en ""fiy"". Las 21 apariciones de ""flight to quality"" que hay en el corpus son la otra grafía, correcta, y no se tocan."
RPM-2007-03-15:1127:1	2007-03-15	Igal Magendzo Weinberger	1	LETRA_CONFUNDIDA	ro y febrero atendido ai período de vacaciones	ro y febrero atendido al período de vacaciones	"""ai"" por ""al"": la l se leyo como i. Medido en toda la salida: 26 apariciones de la palabra suelta ""ai"" en 26 filas, y ""ai"" no es una palabra del español. En cambio ""al"" aparece miles de veces y ""al alza"" 1.405 contra 3 de ""ai alza"". Se revisaron una por una las 26 apariciones y en todas el contexto exige ""al"" (""asociadas ai sector exportador"", ""converge ai mismo nivel"", ""autorizó ai Banco Central"", ""mayor ai previsto"", ""Agrega que, ai respecto"", ""superior ai 9,5%""). No hay ninguna fila en que ""ai"" sea otra cosa."
RPM-2007-06-14:1267:1	2007-06-14	Sergio Lehmann Beresi	1	LETRA_CONFUNDIDA	mo se había planteado ai inicio de la exposici	mo se había planteado al inicio de la exposici	"""ai"" por ""al"": la l se leyo como i. Medido en toda la salida: 26 apariciones de la palabra suelta ""ai"" en 26 filas, y ""ai"" no es una palabra del español. En cambio ""al"" aparece miles de veces y ""al alza"" 1.405 contra 3 de ""ai alza"". Se revisaron una por una las 26 apariciones y en todas el contexto exige ""al"" (""asociadas ai sector exportador"", ""converge ai mismo nivel"", ""autorizó ai Banco Central"", ""mayor ai previsto"", ""Agrega que, ai respecto"", ""superior ai 9,5%""). No hay ninguna fila en que ""ai"" sea otra cosa."
RPM-2007-07-12:1310:1	2007-07-12	Consejo del Banco Central de Chile	1	PUNTUACION	Olivia Recart Asisten también; Gerente General, 	Olivia Recart Asisten también: Gerente General, 	"Punto y coma por dos puntos. Medido: ""Asisten también:"" aparece 93 veces y ""Asisten también;"" 7. La formula introduce una lista, así que corresponde dos puntos."
RPM-2007-07-12:1312:1	2007-07-12	Sergio Lehmann Beresi	1	LETRA_CONFUNDIDA	e ha estado revisando ai alza el crecimiento d	e ha estado revisando al alza el crecimiento d	"""ai"" por ""al"": la l se leyo como i. Medido en toda la salida: 26 apariciones de la palabra suelta ""ai"" en 26 filas, y ""ai"" no es una palabra del español. En cambio ""al"" aparece miles de veces y ""al alza"" 1.405 contra 3 de ""ai alza"". Se revisaron una por una las 26 apariciones y en todas el contexto exige ""al"" (""asociadas ai sector exportador"", ""converge ai mismo nivel"", ""autorizó ai Banco Central"", ""mayor ai previsto"", ""Agrega que, ai respecto"", ""superior ai 9,5%""). No hay ninguna fila en que ""ai"" sea otra cosa."
RPM-2007-07-12:1312:1	2007-07-12	Sergio Lehmann Beresi	2	LETRA_CONFUNDIDA	 la proyección de Consesus Forecast, de la t	 la proyección de Consensus Forecast, de la t	"Consesus por Consensus: falta una n. Medido: ""Consensus"" aparece 127 veces en 99 filas y ""Consesus"" 8 veces en 6, siempre en el nombre propio ""Consensus Forecast"". No hay lectura alternativa."
RPM-2007-07-12:1312:1	2007-07-12	Sergio Lehmann Beresi	3	LETRA_CONFUNDIDA	 que de acuerdo a Consesus Forecast, éste se	 que de acuerdo a Consensus Forecast, éste se	"Consesus por Consensus: falta una n. Medido: ""Consensus"" aparece 127 veces en 99 filas y ""Consesus"" 8 veces en 6, siempre en el nombre propio ""Consensus Forecast"". No hay lectura alternativa."
RPM-2007-07-12:1312:1	2007-07-12	Sergio Lehmann Beresi	4	LETRA_CONFUNDIDA	 las tasas de interés fiy to quality y un menor re	 las tasas de interés fly to quality y un menor re	"""fiy""/""fIy"" por ""fly"": la l se leyo como i (o como I). Es el mismo glifo que produce ""ai"" por ""al"", demostrado con 26 casos independientes. Se retira la marca RECONSTRUCCION_AMBIGUA que se había puesto en esta fila: al aparecer la regla de glifo, la ambigüedad se resuelve. Un escáner no convierte ""flight"" en ""fiy"" (sería borrar cuatro letras); sí convierte ""fly"" en ""fiy"". Las 21 apariciones de ""flight to quality"" que hay en el corpus son la otra grafía, correcta, y no se tocan."
RPM-2007-07-12:1312:1	2007-07-12	Sergio Lehmann Beresi	5	LETRA_CONFUNDIDA	 propósito del efecto fiy to quality, e indica el 	 propósito del efecto fly to quality, e indica el 	"""fiy""/""fIy"" por ""fly"": la l se leyo como i (o como I). Es el mismo glifo que produce ""ai"" por ""al"", demostrado con 26 casos independientes. Se retira la marca RECONSTRUCCION_AMBIGUA que se había puesto en esta fila: al aparecer la regla de glifo, la ambigüedad se resuelve. Un escáner no convierte ""flight"" en ""fiy"" (sería borrar cuatro letras); sí convierte ""fly"" en ""fiy"". Las 21 apariciones de ""flight to quality"" que hay en el corpus son la otra grafía, correcta, y no se tocan."
RPM-2007-07-12:1312:1	2007-07-12	Sergio Lehmann Beresi	6	LETRA_CONFUNDIDA	 claridad los efectos fIy to quality y la preocupa	 claridad los efectos fly to quality y la preocupa	"""fiy""/""fIy"" por ""fly"": la l se leyo como i (o como I). Es el mismo glifo que produce ""ai"" por ""al"", demostrado con 26 casos independientes. Se retira la marca RECONSTRUCCION_AMBIGUA que se había puesto en esta fila: al aparecer la regla de glifo, la ambigüedad se resuelve. Un escáner no convierte ""flight"" en ""fiy"" (sería borrar cuatro letras); sí convierte ""fly"" en ""fiy"". Las 21 apariciones de ""flight to quality"" que hay en el corpus son la otra grafía, correcta, y no se tocan."
RPM-2007-07-12:1312:1	2007-07-12	Sergio Lehmann Beresi	7	SIMBOLO_SUELTO	presupuestado inicialmente. H El Gerente	presupuestado inicialmente. El Gerente	"Letra mayúscula suelta entre dos oraciones. Es ruido de escaneo: la oración anterior termina en punto y la siguiente empieza con mayúscula y sentido completo, así que la letra no pertenece a ninguna de las dos. Medido: 17 casos en 17 filas, con las letras V, H, L, U, A, M, Y, B. Se revisaron uno por uno; el único que NO es residuo es RPM-2007-01-11:1055:1 (""prolongado. A SU juicio""), donde la A abre la oración legítimamente y el defecto es ""SU"" en mayúscula, que se trata aparte."
RPM-2007-07-12:1321:1	2007-07-12	Manuel Marfán Lewis	1	LETRA_CONFUNDIDA	ios gráficos, el efecto fiy to quality sobre Chile s	los gráficos, el efecto fly to quality sobre Chile s	"""fiy""/""fIy"" por ""fly"": la l se leyo como i (o como I). Es el mismo glifo que produce ""ai"" por ""al"", demostrado con 26 casos independientes. Se retira la marca RECONSTRUCCION_AMBIGUA que se había puesto en esta fila: al aparecer la regla de glifo, la ambigüedad se resuelve. Un escáner no convierte ""flight"" en ""fiy"" (sería borrar cuatro letras); sí convierte ""fly"" en ""fiy"". Las 21 apariciones de ""flight to quality"" que hay en el corpus son la otra grafía, correcta, y no se tocan. La operación se extendió dos caracteres hacia la izquierda para cubrir además ""ios"" por ""los"" (§12): ambas caen en el mismo tramo y dos operaciones separadas se pisarían, porque el fragmento anterior empezaba justo en la s de ""ios""."
RPM-2007-07-12:1348:1	2007-07-12	Manuel Marfán Lewis	1	LETRA_CONFUNDIDA	. Cierta evidencia de fiy to quality en las primas	. Cierta evidencia de fly to quality en las primas	"""fiy""/""fIy"" por ""fly"": la l se leyo como i (o como I). Es el mismo glifo que produce ""ai"" por ""al"", demostrado con 26 casos independientes. Se retira la marca RECONSTRUCCION_AMBIGUA que se había puesto en esta fila: al aparecer la regla de glifo, la ambigüedad se resuelve. Un escáner no convierte ""flight"" en ""fiy"" (sería borrar cuatro letras); sí convierte ""fly"" en ""fiy"". Las 21 apariciones de ""flight to quality"" que hay en el corpus son la otra grafía, correcta, y no se tocan."
RPM-2007-08-09:1357:1	2007-08-09	Sergio Lehmann Beresi	1	LETRA_CONFUNDIDA	 Indica que el efecto fiy to quality, llevó a una 	 Indica que el efecto fly to quality, llevó a una 	"""fiy""/""fIy"" por ""fly"": la l se leyo como i (o como I). Es el mismo glifo que produce ""ai"" por ""al"", demostrado con 26 casos independientes. Se retira la marca RECONSTRUCCION_AMBIGUA que se había puesto en esta fila: al aparecer la regla de glifo, la ambigüedad se resuelve. Un escáner no convierte ""flight"" en ""fiy"" (sería borrar cuatro letras); sí convierte ""fly"" en ""fiy"". Las 21 apariciones de ""flight to quality"" que hay en el corpus son la otra grafía, correcta, y no se tocan."
RPM-2007-08-09:1357:1	2007-08-09	Sergio Lehmann Beresi	2	LETRA_CONFUNDIDA	e producto del efecto fiy to quality y turbulencia	e producto del efecto fly to quality y turbulencia	"""fiy""/""fIy"" por ""fly"": la l se leyo como i (o como I). Es el mismo glifo que produce ""ai"" por ""al"", demostrado con 26 casos independientes. Se retira la marca RECONSTRUCCION_AMBIGUA que se había puesto en esta fila: al aparecer la regla de glifo, la ambigüedad se resuelve. Un escáner no convierte ""flight"" en ""fiy"" (sería borrar cuatro letras); sí convierte ""fly"" en ""fiy"". Las 21 apariciones de ""flight to quality"" que hay en el corpus son la otra grafía, correcta, y no se tocan."
RPM-2007-10-11:1475:1	2007-10-11	Sergio Lehmann Beresi	1	LETRA_CONFUNDIDA	rva a octubre que Consesus Forecast informa 	rva a octubre que Consensus Forecast informa 	"Consesus por Consensus: falta una n. Medido: ""Consensus"" aparece 127 veces en 99 filas y ""Consesus"" 8 veces en 6, siempre en el nombre propio ""Consensus Forecast"". No hay lectura alternativa."
RPM-2007-10-11:1475:1	2007-10-11	Sergio Lehmann Beresi	2	LETRA_CONFUNDIDA	nsiderando que el Consesus Forecast tiene ci	nsiderando que el Consensus Forecast tiene ci	"Consesus por Consensus: falta una n. Medido: ""Consensus"" aparece 127 veces en 99 filas y ""Consesus"" 8 veces en 6, siempre en el nombre propio ""Consensus Forecast"". No hay lectura alternativa."
RPM-2007-10-11:1475:1	2007-10-11	Sergio Lehmann Beresi	3	LETRA_CONFUNDIDA	dió a revertirse en ios últimos días. E	dió a revertirse en los últimos días. E	"""ios"" por ""los"": la l se leyo como i, la misma regla que produce ""ai"" por ""al"" (§12). Medido: 90 apariciones en 88 filas contra 32.215 de ""los"". ""ios"" no es palabra del español. Se comprobo la palabra que precede a las 90 y en todas corresponde un articulo: de 25, en 14, que 12, a 9, para 5, todos 3, con 2, y 2, por 2, y el resto tras cuando, durante, analizan, septiembre, o una comilla de apertura."
RPM-2007-11-13:1521:1	2007-11-13	Consejo del Banco Central de Chile	1	PUNTUACION	cart Herrera. Asisten también; Gerente General, 	cart Herrera. Asisten también: Gerente General, 	"Punto y coma por dos puntos. Medido: ""Asisten también:"" aparece 93 veces y ""Asisten también;"" 7. La formula introduce una lista, así que corresponde dos puntos."
RPM-2007-11-13:1566:1	2007-11-13	Manuel Marfán Lewis	1	LETRA_CONFUNDIDA	 similar en lo grueso ai de hace un mes. Agreg	 similar en lo grueso al de hace un mes. Agreg	"""ai"" por ""al"": la l se leyo como i. Medido en toda la salida: 26 apariciones de la palabra suelta ""ai"" en 26 filas, y ""ai"" no es una palabra del español. En cambio ""al"" aparece miles de veces y ""al alza"" 1.405 contra 3 de ""ai alza"". Se revisaron una por una las 26 apariciones y en todas el contexto exige ""al"" (""asociadas ai sector exportador"", ""converge ai mismo nivel"", ""autorizó ai Banco Central"", ""mayor ai previsto"", ""Agrega que, ai respecto"", ""superior ai 9,5%""). No hay ninguna fila en que ""ai"" sea otra cosa."
RPM-2007-11-13:1566:1	2007-11-13	Manuel Marfán Lewis	2	LETRA_CONFUNDIDA	no puntual ligado a ios días trabajados	no puntual ligado a los días trabajados	"""ios"" por ""los"": la l se leyo como i, la misma regla que produce ""ai"" por ""al"" (§12). Medido: 90 apariciones en 88 filas contra 32.215 de ""los"". ""ios"" no es palabra del español. Se comprobo la palabra que precede a las 90 y en todas corresponde un articulo: de 25, en 14, que 12, a 9, para 5, todos 3, con 2, y 2, por 2, y el resto tras cuando, durante, analizan, septiembre, o una comilla de apertura."
RPM-2008-01-10:1629:1	2008-01-10	Pablo García Silva	1	SIMBOLO_SUELTO	principales zonas económicas. M Frente	principales zonas económicas. Frente	"Letra mayúscula suelta entre dos oraciones. Es ruido de escaneo: la oración anterior termina en punto y la siguiente empieza con mayúscula y sentido completo, así que la letra no pertenece a ninguna de las dos. Medido: 17 casos en 17 filas, con las letras V, H, L, U, A, M, Y, B. Se revisaron uno por uno; el único que NO es residuo es RPM-2007-01-11:1055:1 (""prolongado. A SU juicio""), donde la A abre la oración legítimamente y el defecto es ""SU"" en mayúscula, que se trata aparte."
RPM-2008-02-07:1643:1	2008-02-07	Consejo del Banco Central de Chile	1	PUNTUACION	cart Herrera. Asisten también; Gerente General, 	cart Herrera. Asisten también: Gerente General, 	"Punto y coma por dos puntos. Medido: ""Asisten también:"" aparece 93 veces y ""Asisten también;"" 7. La formula introduce una lista, así que corresponde dos puntos."
RPM-2008-03-13:1687:1	2008-03-13	Consejo del Banco Central de Chile	1	PUNTUACION	lasco Brañes. Asisten también; Gerente General, 	lasco Brañes. Asisten también: Gerente General, 	"Punto y coma por dos puntos. Medido: ""Asisten también:"" aparece 93 veces y ""Asisten también;"" 7. La formula introduce una lista, así que corresponde dos puntos."
RPM-2008-05-08:1786:1	2008-05-08	Consejo del Banco Central de Chile	1	PUNTUACION	cart Herrera. Asisten también; Gerente General, 	cart Herrera. Asisten también: Gerente General, 	"Punto y coma por dos puntos. Medido: ""Asisten también:"" aparece 93 veces y ""Asisten también;"" 7. La formula introduce una lista, así que corresponde dos puntos."
RPM-2008-05-08:1847:1	2008-05-08	Jorge Desormeaux Jiménez	1	SIMBOLO_SUELTO	una dirección u otra. U U) Menciona	una dirección u otra. Menciona	"Dos residuos seguidos, ""U"" y ""U)"": la regla general de letra suelta solo quitaria el primero y dejaria ""U) Menciona"". Se eliminan los dos en una sola operacion porque son adyacentes y forman un unico bloque de ruido entre las dos oraciones."
RPM-2008-11-13:2129:2	2008-11-13	Sergio Lehmann Beresi	1	SIMBOLO_SUELTO	movimientos de capitales. U Respecto	movimientos de capitales. Respecto	"Letra mayúscula suelta entre dos oraciones. Es ruido de escaneo: la oración anterior termina en punto y la siguiente empieza con mayúscula y sentido completo, así que la letra no pertenece a ninguna de las dos. Medido: 17 casos en 17 filas, con las letras V, H, L, U, A, M, Y, B. Se revisaron uno por uno; el único que NO es residuo es RPM-2007-01-11:1055:1 (""prolongado. A SU juicio""), donde la A abre la oración legítimamente y el defecto es ""SU"" en mayúscula, que se trata aparte."
RPM-2009-07-09:2638:1	2009-07-09	Manuel Marfán Lewis	1	LETRA_CONFUNDIDA	ontraria. Agrega que, ai respecto, la consulta	ontraria. Agrega que, al respecto, la consulta	"""ai"" por ""al"": la l se leyo como i. Medido en toda la salida: 26 apariciones de la palabra suelta ""ai"" en 26 filas, y ""ai"" no es una palabra del español. En cambio ""al"" aparece miles de veces y ""al alza"" 1.405 contra 3 de ""ai alza"". Se revisaron una por una las 26 apariciones y en todas el contexto exige ""al"" (""asociadas ai sector exportador"", ""converge ai mismo nivel"", ""autorizó ai Banco Central"", ""mayor ai previsto"", ""Agrega que, ai respecto"", ""superior ai 9,5%""). No hay ninguna fila en que ""ai"" sea otra cosa."
RPM-2009-12-15:2805:1	2009-12-15	Sergio Lehmann Beresi	1	SIMBOLO_SUELTO	durante el 2010. A El señor Lehmann	durante el 2010. El señor Lehmann	"Letra mayúscula suelta entre dos oraciones. Es ruido de escaneo: la oración anterior termina en punto y la siguiente empieza con mayúscula y sentido completo, así que la letra no pertenece a ninguna de las dos. Medido: 17 casos en 17 filas, con las letras V, H, L, U, A, M, Y, B. Se revisaron uno por uno; el único que NO es residuo es RPM-2007-01-11:1055:1 (""prolongado. A SU juicio""), donde la A abre la oración legítimamente y el defecto es ""SU"" en mayúscula, que se trata aparte."
RPM-2009-12-15:2839:2	2009-12-15	Consejo del Banco Central de Chile	1	SIMBOLO_SUELTO	movimientos mixtos. Y Sesión N° 147 15.12.09 22.- En el plano	movimientos mixtos. En el plano	"Letra suelta ""Y"" mas el encabezado de pagina ""Sesión N° 147 15.12.09 22.-"" incrustado entre dos oraciones. Ambos son residuos de la fuente: las dos oraciones quedan completas sin ellos."
RPM-2010-02-11:2951:1	2010-02-11	Manuel Marfán Lewis	1	LETRA_CONFUNDIDA	s chilenos que llevan ai movimiento del tipo d	s chilenos que llevan al movimiento del tipo d	"""ai"" por ""al"": la l se leyo como i. Medido en toda la salida: 26 apariciones de la palabra suelta ""ai"" en 26 filas, y ""ai"" no es una palabra del español. En cambio ""al"" aparece miles de veces y ""al alza"" 1.405 contra 3 de ""ai alza"". Se revisaron una por una las 26 apariciones y en todas el contexto exige ""al"" (""asociadas ai sector exportador"", ""converge ai mismo nivel"", ""autorizó ai Banco Central"", ""mayor ai previsto"", ""Agrega que, ai respecto"", ""superior ai 9,5%""). No hay ninguna fila en que ""ai"" sea otra cosa."
RPM-2010-04-15:3073:1	2010-04-15	Sebastián Claro Edwards	1	LETRA_CONFUNDIDA	miento bastante menor ai esperado, indicando q	miento bastante menor al esperado, indicando q	"""ai"" por ""al"": la l se leyo como i. Medido en toda la salida: 26 apariciones de la palabra suelta ""ai"" en 26 filas, y ""ai"" no es una palabra del español. En cambio ""al"" aparece miles de veces y ""al alza"" 1.405 contra 3 de ""ai alza"". Se revisaron una por una las 26 apariciones y en todas el contexto exige ""al"" (""asociadas ai sector exportador"", ""converge ai mismo nivel"", ""autorizó ai Banco Central"", ""mayor ai previsto"", ""Agrega que, ai respecto"", ""superior ai 9,5%""). No hay ninguna fila en que ""ai"" sea otra cosa."
RPM-2010-05-13:3082:2	2010-05-13	Claudio Soto Gamboa	1	LETRA_CONFUNDIDA	de inversión y de Consesus Forecasts. Hace l	de inversión y de Consensus Forecasts. Hace l	"Consesus por Consensus: falta una n. Medido: ""Consensus"" aparece 127 veces en 99 filas y ""Consesus"" 8 veces en 6, siempre en el nombre propio ""Consensus Forecast"". No hay lectura alternativa."
RPM-2010-08-12:3341:1	2010-08-12	Enrique Marshall Rivera	1	LETRA_CONFUNDIDA	e se ubicará en torno ai límite superior del r	e se ubicará en torno al límite superior del r	"""ai"" por ""al"": la l se leyo como i. Medido en toda la salida: 26 apariciones de la palabra suelta ""ai"" en 26 filas, y ""ai"" no es una palabra del español. En cambio ""al"" aparece miles de veces y ""al alza"" 1.405 contra 3 de ""ai alza"". Se revisaron una por una las 26 apariciones y en todas el contexto exige ""al"" (""asociadas ai sector exportador"", ""converge ai mismo nivel"", ""autorizó ai Banco Central"", ""mayor ai previsto"", ""Agrega que, ai respecto"", ""superior ai 9,5%""). No hay ninguna fila en que ""ai"" sea otra cosa."
RPM-2013-01-17:5277:1	2013-01-17	Sergio Lehmann Beresi	1	SIMBOLO_SUELTO	algo mayor en Europa. A Además	algo mayor en Europa. Además	"Letra mayúscula suelta entre dos oraciones. Es ruido de escaneo: la oración anterior termina en punto y la siguiente empieza con mayúscula y sentido completo, así que la letra no pertenece a ninguna de las dos. Medido: 17 casos en 17 filas, con las letras V, H, L, U, A, M, Y, B. Se revisaron uno por uno; el único que NO es residuo es RPM-2007-01-11:1055:1 (""prolongado. A SU juicio""), donde la A abre la oración legítimamente y el defecto es ""SU"" en mayúscula, que se trata aparte."
RPM-2013-10-17:5821:1	2013-10-17	Sergio Lehmann Beresi	1	SIMBOLO_SUELTO	se ajusta con ella. B A 'i	se ajusta con ella.	"Basura de escaneo al final de la fila: ""B A 'i"". La oración anterior termina completa en ""ella.""; lo que sigue no forma palabra ni oración."
RPM-2013-12-12:5951:1	2013-12-12	Felipe Larraín Bascuñán	1	LETRA_CONFUNDIDA	a. En lo concerniente ai plano internacional, 	a. En lo concerniente al plano internacional, 	"""ai"" por ""al"": la l se leyo como i. Medido en toda la salida: 26 apariciones de la palabra suelta ""ai"" en 26 filas, y ""ai"" no es una palabra del español. En cambio ""al"" aparece miles de veces y ""al alza"" 1.405 contra 3 de ""ai alza"". Se revisaron una por una las 26 apariciones y en todas el contexto exige ""al"" (""asociadas ai sector exportador"", ""converge ai mismo nivel"", ""autorizó ai Banco Central"", ""mayor ai previsto"", ""Agrega que, ai respecto"", ""superior ai 9,5%""). No hay ninguna fila en que ""ai"" sea otra cosa."
RPM-2014-02-18:6009:4	2014-02-18	Miguel Ricaurte Bermúdez	1	SIMBOLO_SUELTO	registrado alzas mayores. V El señor	registrado alzas mayores. El señor	"Letra mayúscula suelta entre dos oraciones. Es ruido de escaneo: la oración anterior termina en punto y la siguiente empieza con mayúscula y sentido completo, así que la letra no pertenece a ninguna de las dos. Medido: 17 casos en 17 filas, con las letras V, H, L, U, A, M, Y, B. Se revisaron uno por uno; el único que NO es residuo es RPM-2007-01-11:1055:1 (""prolongado. A SU juicio""), donde la A abre la oración legítimamente y el defecto es ""SU"" en mayúscula, que se trata aparte."
RPM-2014-05-15:6222:1	2014-05-15	Luis Óscar Herrera Barriga	1	SIMBOLO_SUELTO	precio del cobre. Y En el plano local	precio del cobre. En el plano local	"Letra mayúscula suelta entre dos oraciones. Es ruido de escaneo: la oración anterior termina en punto y la siguiente empieza con mayúscula y sentido completo, así que la letra no pertenece a ninguna de las dos. Medido: 17 casos en 17 filas, con las letras V, H, L, U, A, M, Y, B. Se revisaron uno por uno; el único que NO es residuo es RPM-2007-01-11:1055:1 (""prolongado. A SU juicio""), donde la A abre la oración legítimamente y el defecto es ""SU"" en mayúscula, que se trata aparte."
RPM-2014-06-12:6246:1	2014-06-12	Sergio Lehmann Beresi	1	LETRA_CONFUNDIDA	mes de mayo, superior ai 9,5% anotado el mes p	mes de mayo, superior al 9,5% anotado el mes p	"""ai"" por ""al"": la l se leyo como i. Medido en toda la salida: 26 apariciones de la palabra suelta ""ai"" en 26 filas, y ""ai"" no es una palabra del español. En cambio ""al"" aparece miles de veces y ""al alza"" 1.405 contra 3 de ""ai alza"". Se revisaron una por una las 26 apariciones y en todas el contexto exige ""al"" (""asociadas ai sector exportador"", ""converge ai mismo nivel"", ""autorizó ai Banco Central"", ""mayor ai previsto"", ""Agrega que, ai respecto"", ""superior ai 9,5%""). No hay ninguna fila en que ""ai"" sea otra cosa."
RPM-2014-06-12:6246:1	2014-06-12	Sergio Lehmann Beresi	2	LETRA_CONFUNDIDA	smo, manifiesta que ios datos de PIB de	smo, manifiesta que los datos de PIB de	"""ios"" por ""los"": la l se leyo como i, la misma regla que produce ""ai"" por ""al"" (§12). Medido: 90 apariciones en 88 filas contra 32.215 de ""los"". ""ios"" no es palabra del español. Se comprobo la palabra que precede a las 90 y en todas corresponde un articulo: de 25, en 14, que 12, a 9, para 5, todos 3, con 2, y 2, por 2, y el resto tras cuando, durante, analizan, septiembre, o una comilla de apertura."
RPM-2014-06-12:6246:1	2014-06-12	Sergio Lehmann Beresi	3	SIMBOLO_SUELTO	ndustrial fue menor que lo anticipado. ry _<< ■ En Japón, el PIB fue may	ndustrial fue menor que lo anticipado. En Japón, el PIB fue may	Símbolo ■ con basura adyacente, residuo del escaneo. El tipo SIMBOLO_SUELTO fue creado justamente para estos casos («■V», «ry _<< ■» -> se elimina). Medido: 21 apariciones en 20 filas. Se trata cada una con su basura propia porque el ruido que la acompaña varía (■o J, ■,\y, ■', ■J, ■V, / ■ ' /, 4 / ■, i - /■, — f ■, ry _<< ■). En todos los casos las dos oraciones que rodean el residuo quedan completas sin él. Excepción: en 5802:2 se elimina solo el ■ y se deja el paréntesis abierto, porque esa fila ya está marcada RECONSTRUCCION_AMBIGUA_POR_COTEJAR con motivo FINAL_SIN_PUNTUACION.
RPM-2015-06-11:6811:1	2015-06-11	Rodrigo Vergara Montes	1	LETRA_CONFUNDIDA	ara ofrece la palabra ai Jefe del Departamento	ara ofrece la palabra al Jefe del Departamento	"""ai"" por ""al"": la l se leyo como i. Medido en toda la salida: 26 apariciones de la palabra suelta ""ai"" en 26 filas, y ""ai"" no es una palabra del español. En cambio ""al"" aparece miles de veces y ""al alza"" 1.405 contra 3 de ""ai alza"". Se revisaron una por una las 26 apariciones y en todas el contexto exige ""al"" (""asociadas ai sector exportador"", ""converge ai mismo nivel"", ""autorizó ai Banco Central"", ""mayor ai previsto"", ""Agrega que, ai respecto"", ""superior ai 9,5%""). No hay ninguna fila en que ""ai"" sea otra cosa."
RPM-2015-07-14:6902:2	2015-07-14	Pablo García Silva	1	LETRA_CONFUNDIDA	lacionario con riesgo ai alza, en el que un ev	lacionario con riesgo al alza, en el que un ev	"""ai"" por ""al"": la l se leyo como i. Medido en toda la salida: 26 apariciones de la palabra suelta ""ai"" en 26 filas, y ""ai"" no es una palabra del español. En cambio ""al"" aparece miles de veces y ""al alza"" 1.405 contra 3 de ""ai alza"". Se revisaron una por una las 26 apariciones y en todas el contexto exige ""al"" (""asociadas ai sector exportador"", ""converge ai mismo nivel"", ""autorizó ai Banco Central"", ""mayor ai previsto"", ""Agrega que, ai respecto"", ""superior ai 9,5%""). No hay ninguna fila en que ""ai"" sea otra cosa."
RPM-2005-01-11:1:1	2005-01-11	Consejo del Banco Central de Chile	1	LETRA_CONFUNDIDA	olítica Monetaria de! mes de julio de	olítica Monetaria del mes de julio de	"Signo de exclamación en lugar de la ele final. Medido: 42 apariciones, y todas dan palabra válida al reponer la l: de! 31 (del), coyuntura! 2, a! 2 (al), e! 2 (el), diferencia!, rea!, genera!, anua!, metano!. Se revisaron las nueve formas una por una y los cuatro casos límite (a!, e!) en su contexto: ""sorprendieron en algo a! alza"", ""precisa que e! planteamiento"", ""acceso a! financiamiento"", ""acuerdo sobre e! Mecanismo"". Ninguna es una exclamación real."
RPM-2005-02-10:101:1	2005-02-10	Mario Marcel Cullell	1	LETRA_CONFUNDIDA	 los escenarios con ios que se ha traba	 los escenarios con los que se ha traba	"""ios"" por ""los"": la l se leyo como i, la misma regla que produce ""ai"" por ""al"" (§12). Medido: 90 apariciones en 88 filas contra 32.215 de ""los"". ""ios"" no es palabra del español. Se comprobo la palabra que precede a las 90 y en todas corresponde un articulo: de 25, en 14, que 12, a 9, para 5, todos 3, con 2, y 2, por 2, y el resto tras cuando, durante, analizan, septiembre, o una comilla de apertura."
RPM-2005-02-10:134:1	2005-02-10	María Elena Ovalle Molina	1	LETRA_CONFUNDIDA	 aumento gradual de ios indicadores inf	 aumento gradual de los indicadores inf	"""ios"" por ""los"": la l se leyo como i, la misma regla que produce ""ai"" por ""al"" (§12). Medido: 90 apariciones en 88 filas contra 32.215 de ""los"". ""ios"" no es palabra del español. Se comprobo la palabra que precede a las 90 y en todas corresponde un articulo: de 25, en 14, que 12, a 9, para 5, todos 3, con 2, y 2, por 2, y el resto tras cuando, durante, analizan, septiembre, o una comilla de apertura."
RPM-2005-02-10:68:1	2005-02-10	Pablo García Silva	1	LETRA_CONFUNDIDA	gún se desprende de ios programas de pr	gún se desprende de los programas de pr	"""ios"" por ""los"": la l se leyo como i, la misma regla que produce ""ai"" por ""al"" (§12). Medido: 90 apariciones en 88 filas contra 32.215 de ""los"". ""ios"" no es palabra del español. Se comprobo la palabra que precede a las 90 y en todas corresponde un articulo: de 25, en 14, que 12, a 9, para 5, todos 3, con 2, y 2, por 2, y el resto tras cuando, durante, analizan, septiembre, o una comilla de apertura."
RPM-2005-02-10:69:1	2005-02-10	Pablo García Silva	1	LETRA_CONFUNDIDA	entes. En el caso de! IPCX1 se acerca	entes. En el caso del IPCX1 se acerca	"Signo de exclamación en lugar de la ele final. Medido: 42 apariciones, y todas dan palabra válida al reponer la l: de! 31 (del), coyuntura! 2, a! 2 (al), e! 2 (el), diferencia!, rea!, genera!, anua!, metano!. Se revisaron las nueve formas una por una y los cuatro casos límite (a!, e!) en su contexto: ""sorprendieron en algo a! alza"", ""precisa que e! planteamiento"", ""acceso a! financiamiento"", ""acuerdo sobre e! Mecanismo"". Ninguna es una exclamación real."
RPM-2005-03-10:142:1	2005-03-10	Pablo García Silva	1	LETRA_CONFUNDIDA	lación subyacente y ios salarios nomina	lación subyacente y los salarios nomina	"""ios"" por ""los"": la l se leyo como i, la misma regla que produce ""ai"" por ""al"" (§12). Medido: 90 apariciones en 88 filas contra 32.215 de ""los"". ""ios"" no es palabra del español. Se comprobo la palabra que precede a las 90 y en todas corresponde un articulo: de 25, en 14, que 12, a 9, para 5, todos 3, con 2, y 2, por 2, y el resto tras cuando, durante, analizan, septiembre, o una comilla de apertura."
RPM-2005-03-10:144:1	2005-03-10	Pablo García Silva	1	LETRA_CONFUNDIDA	r datos efectivos de! últim o trim es	r datos efectivos del últim o trim es	"Signo de exclamación en lugar de la ele final. Medido: 42 apariciones, y todas dan palabra válida al reponer la l: de! 31 (del), coyuntura! 2, a! 2 (al), e! 2 (el), diferencia!, rea!, genera!, anua!, metano!. Se revisaron las nueve formas una por una y los cuatro casos límite (a!, e!) en su contexto: ""sorprendieron en algo a! alza"", ""precisa que e! planteamiento"", ""acceso a! financiamiento"", ""acuerdo sobre e! Mecanismo"". Ninguna es una exclamación real."
RPM-2005-04-07:202:2	2005-04-07	Pablo García Silva	1	LETRA_CONFUNDIDA	os de aceleración de! primer semestre	os de aceleración del primer semestre	"Signo de exclamación en lugar de la ele final. Medido: 42 apariciones, y todas dan palabra válida al reponer la l: de! 31 (del), coyuntura! 2, a! 2 (al), e! 2 (el), diferencia!, rea!, genera!, anua!, metano!. Se revisaron las nueve formas una por una y los cuatro casos límite (a!, e!) en su contexto: ""sorprendieron en algo a! alza"", ""precisa que e! planteamiento"", ""acceso a! financiamiento"", ""acuerdo sobre e! Mecanismo"". Ninguna es una exclamación real."
RPM-2005-04-07:202:2	2005-04-07	Pablo García Silva	2	LETRA_CONFUNDIDA	io internacional de ios combustibles. M	io internacional de los combustibles. M	"""ios"" por ""los"": la l se leyo como i, la misma regla que produce ""ai"" por ""al"" (§12). Medido: 90 apariciones en 88 filas contra 32.215 de ""los"". ""ios"" no es palabra del español. Se comprobo la palabra que precede a las 90 y en todas corresponde un articulo: de 25, en 14, que 12, a 9, para 5, todos 3, con 2, y 2, por 2, y el resto tras cuando, durante, analizan, septiembre, o una comilla de apertura."
RPM-2005-04-07:202:2	2005-04-07	Pablo García Silva	3	LETRA_CONFUNDIDA	e iniciaría antes de! cuarto trimestr	e iniciaría antes del cuarto trimestr	"Signo de exclamación en lugar de la ele final. Medido: 42 apariciones, y todas dan palabra válida al reponer la l: de! 31 (del), coyuntura! 2, a! 2 (al), e! 2 (el), diferencia!, rea!, genera!, anua!, metano!. Se revisaron las nueve formas una por una y los cuatro casos límite (a!, e!) en su contexto: ""sorprendieron en algo a! alza"", ""precisa que e! planteamiento"", ""acceso a! financiamiento"", ""acuerdo sobre e! Mecanismo"". Ninguna es una exclamación real."
RPM-2005-04-07:208:1	2005-04-07	Jorge Desormeaux Jiménez	1	LETRA_CONFUNDIDA	mente por el tema de! petróleo, sino 	mente por el tema del petróleo, sino 	"Signo de exclamación en lugar de la ele final. Medido: 42 apariciones, y todas dan palabra válida al reponer la l: de! 31 (del), coyuntura! 2, a! 2 (al), e! 2 (el), diferencia!, rea!, genera!, anua!, metano!. Se revisaron las nueve formas una por una y los cuatro casos límite (a!, e!) en su contexto: ""sorprendieron en algo a! alza"", ""precisa que e! planteamiento"", ""acceso a! financiamiento"", ""acuerdo sobre e! Mecanismo"". Ninguna es una exclamación real."
RPM-2005-04-07:215:1	2005-04-07	María Eugenia Wagner Brizzi	1	LETRA_CONFUNDIDA	ncia muestra que en ios últimos 37 mese	ncia muestra que en los últimos 37 mese	"""ios"" por ""los"": la l se leyo como i, la misma regla que produce ""ai"" por ""al"" (§12). Medido: 90 apariciones en 88 filas contra 32.215 de ""los"". ""ios"" no es palabra del español. Se comprobo la palabra que precede a las 90 y en todas corresponde un articulo: de 25, en 14, que 12, a 9, para 5, todos 3, con 2, y 2, por 2, y el resto tras cuando, durante, analizan, septiembre, o una comilla de apertura."
RPM-2005-04-07:219:1	2005-04-07	Vittorio Corbo Lioi	1	LETRA_CONFUNDIDA	 último trimestre de! 2004 y los ries	 último trimestre del 2004 y los ries	"Signo de exclamación en lugar de la ele final. Medido: 42 apariciones, y todas dan palabra válida al reponer la l: de! 31 (del), coyuntura! 2, a! 2 (al), e! 2 (el), diferencia!, rea!, genera!, anua!, metano!. Se revisaron las nueve formas una por una y los cuatro casos límite (a!, e!) en su contexto: ""sorprendieron en algo a! alza"", ""precisa que e! planteamiento"", ""acceso a! financiamiento"", ""acuerdo sobre e! Mecanismo"". Ninguna es una exclamación real."
RPM-2005-05-12:274:1	2005-05-12	Jorge Desormeaux Jiménez	1	LETRA_CONFUNDIDA	rado la inflación de! IPC, en el que 	rado la inflación del IPC, en el que 	"Signo de exclamación en lugar de la ele final. Medido: 42 apariciones, y todas dan palabra válida al reponer la l: de! 31 (del), coyuntura! 2, a! 2 (al), e! 2 (el), diferencia!, rea!, genera!, anua!, metano!. Se revisaron las nueve formas una por una y los cuatro casos límite (a!, e!) en su contexto: ""sorprendieron en algo a! alza"", ""precisa que e! planteamiento"", ""acceso a! financiamiento"", ""acuerdo sobre e! Mecanismo"". Ninguna es una exclamación real."
RPM-2005-05-12:277:1	2005-05-12	Vittorio Corbo Lioi	1	LETRA_CONFUNDIDA	de retiro pausado de! excesivo estímu	de retiro pausado del excesivo estímu	"Signo de exclamación en lugar de la ele final. Medido: 42 apariciones, y todas dan palabra válida al reponer la l: de! 31 (del), coyuntura! 2, a! 2 (al), e! 2 (el), diferencia!, rea!, genera!, anua!, metano!. Se revisaron las nueve formas una por una y los cuatro casos límite (a!, e!) en su contexto: ""sorprendieron en algo a! alza"", ""precisa que e! planteamiento"", ""acceso a! financiamiento"", ""acuerdo sobre e! Mecanismo"". Ninguna es una exclamación real."
RPM-2005-07-12:299:1	2005-07-12	Pablo García Silva	1	LETRA_CONFUNDIDA	 captación prime de ios bancos. Agrega 	 captación prime de los bancos. Agrega 	"""ios"" por ""los"": la l se leyo como i, la misma regla que produce ""ai"" por ""al"" (§12). Medido: 90 apariciones en 88 filas contra 32.215 de ""los"". ""ios"" no es palabra del español. Se comprobo la palabra que precede a las 90 y en todas corresponde un articulo: de 25, en 14, que 12, a 9, para 5, todos 3, con 2, y 2, por 2, y el resto tras cuando, durante, analizan, septiembre, o una comilla de apertura."
RPM-2005-08-11:356:1	2005-08-11	Sergio Lehmann Beresi	1	LETRA_CONFUNDIDA	ones adicionales en ios últimos meses, 	ones adicionales en los últimos meses, 	"""ios"" por ""los"": la l se leyo como i, la misma regla que produce ""ai"" por ""al"" (§12). Medido: 90 apariciones en 88 filas contra 32.215 de ""los"". ""ios"" no es palabra del español. Se comprobo la palabra que precede a las 90 y en todas corresponde un articulo: de 25, en 14, que 12, a 9, para 5, todos 3, con 2, y 2, por 2, y el resto tras cuando, durante, analizan, septiembre, o una comilla de apertura."
RPM-2006-02-09:586:4	2006-02-09	Manuel Marfán Lewis	1	LETRA_CONFUNDIDA	son tan sensibles a ios cambios de tasa	son tan sensibles a los cambios de tasa	"""ios"" por ""los"": la l se leyo como i, la misma regla que produce ""ai"" por ""al"" (§12). Medido: 90 apariciones en 88 filas contra 32.215 de ""los"". ""ios"" no es palabra del español. Se comprobo la palabra que precede a las 90 y en todas corresponde un articulo: de 25, en 14, que 12, a 9, para 5, todos 3, con 2, y 2, por 2, y el resto tras cuando, durante, analizan, septiembre, o una comilla de apertura."
RPM-2006-03-16:620:1	2006-03-16	Enrique Marshall Rivera	1	LETRA_CONFUNDIDA	ertir un⏎traspaso a ios ajustes de tasa	ertir un⏎traspaso a los ajustes de tasa	"""ios"" por ""los"": la l se leyo como i, la misma regla que produce ""ai"" por ""al"" (§12). Medido: 90 apariciones en 88 filas contra 32.215 de ""los"". ""ios"" no es palabra del español. Se comprobo la palabra que precede a las 90 y en todas corresponde un articulo: de 25, en 14, que 12, a 9, para 5, todos 3, con 2, y 2, por 2, y el resto tras cuando, durante, analizan, septiembre, o una comilla de apertura."
RPM-2006-03-16:624:1	2006-03-16	Vittorio Corbo Lioi	1	LETRA_CONFUNDIDA	n torno al centro de! rango meta. Sin	n torno al centro del rango meta. Sin	"Signo de exclamación en lugar de la ele final. Medido: 42 apariciones, y todas dan palabra válida al reponer la l: de! 31 (del), coyuntura! 2, a! 2 (al), e! 2 (el), diferencia!, rea!, genera!, anua!, metano!. Se revisaron las nueve formas una por una y los cuatro casos límite (a!, e!) en su contexto: ""sorprendieron en algo a! alza"", ""precisa que e! planteamiento"", ""acceso a! financiamiento"", ""acuerdo sobre e! Mecanismo"". Ninguna es una exclamación real."
RPM-2006-04-13:647:1	2006-04-13	Andrés Velasco Brañes	1	LETRA_CONFUNDIDA	o del proceso genera! de normalizació	o del proceso general de normalizació	"Signo de exclamación en lugar de la ele final. Medido: 42 apariciones, y todas dan palabra válida al reponer la l: de! 31 (del), coyuntura! 2, a! 2 (al), e! 2 (el), diferencia!, rea!, genera!, anua!, metano!. Se revisaron las nueve formas una por una y los cuatro casos límite (a!, e!) en su contexto: ""sorprendieron en algo a! alza"", ""precisa que e! planteamiento"", ""acceso a! financiamiento"", ""acuerdo sobre e! Mecanismo"". Ninguna es una exclamación real."
RPM-2006-04-13:652:1	2006-04-13	Manuel Marfán Lewis	1	LETRA_CONFUNDIDA	as no son resorte de! Banco Central. 	as no son resorte del Banco Central. 	"Signo de exclamación en lugar de la ele final. Medido: 42 apariciones, y todas dan palabra válida al reponer la l: de! 31 (del), coyuntura! 2, a! 2 (al), e! 2 (el), diferencia!, rea!, genera!, anua!, metano!. Se revisaron las nueve formas una por una y los cuatro casos límite (a!, e!) en su contexto: ""sorprendieron en algo a! alza"", ""precisa que e! planteamiento"", ""acceso a! financiamiento"", ""acuerdo sobre e! Mecanismo"". Ninguna es una exclamación real."
RPM-2006-05-11:657:2	2006-05-11	Sergio Lehmann Beresi	1	LETRA_CONFUNDIDA	n el precio durante ios próximos meses.	n el precio durante los próximos meses.	"""ios"" por ""los"": la l se leyo como i, la misma regla que produce ""ai"" por ""al"" (§12). Medido: 90 apariciones en 88 filas contra 32.215 de ""los"". ""ios"" no es palabra del español. Se comprobo la palabra que precede a las 90 y en todas corresponde un articulo: de 25, en 14, que 12, a 9, para 5, todos 3, con 2, y 2, por 2, y el resto tras cuando, durante, analizan, septiembre, o una comilla de apertura."
RPM-2006-06-15:675:1	2006-06-15	Consejo del Banco Central de Chile	1	LETRA_CONFUNDIDA	regorio Rebeco y de ios Consejeros don 	regorio Rebeco y de los Consejeros don 	"""ios"" por ""los"": la l se leyo como i, la misma regla que produce ""ai"" por ""al"" (§12). Medido: 90 apariciones en 88 filas contra 32.215 de ""los"". ""ios"" no es palabra del español. Se comprobo la palabra que precede a las 90 y en todas corresponde un articulo: de 25, en 14, que 12, a 9, para 5, todos 3, con 2, y 2, por 2, y el resto tras cuando, durante, analizan, septiembre, o una comilla de apertura."
RPM-2006-06-15:737:1	2006-06-15	Manuel Marfán Lewis	1	LETRA_CONFUNDIDA	yor probabilidad en ios escenarios de r	yor probabilidad en los escenarios de r	"""ios"" por ""los"": la l se leyo como i, la misma regla que produce ""ai"" por ""al"" (§12). Medido: 90 apariciones en 88 filas contra 32.215 de ""los"". ""ios"" no es palabra del español. Se comprobo la palabra que precede a las 90 y en todas corresponde un articulo: de 25, en 14, que 12, a 9, para 5, todos 3, con 2, y 2, por 2, y el resto tras cuando, durante, analizan, septiembre, o una comilla de apertura."
RPM-2006-06-15:739:1	2006-06-15	José De Gregorio Rebeco	1	LETRA_CONFUNDIDA	de retiro pausado de! impulso monetar	de retiro pausado del impulso monetar	"Signo de exclamación en lugar de la ele final. Medido: 42 apariciones, y todas dan palabra válida al reponer la l: de! 31 (del), coyuntura! 2, a! 2 (al), e! 2 (el), diferencia!, rea!, genera!, anua!, metano!. Se revisaron las nueve formas una por una y los cuatro casos límite (a!, e!) en su contexto: ""sorprendieron en algo a! alza"", ""precisa que e! planteamiento"", ""acceso a! financiamiento"", ""acuerdo sobre e! Mecanismo"". Ninguna es una exclamación real."
RPM-2006-07-13:755:1	2006-07-13	Andrés Velasco Brañes	1	LETRA_CONFUNDIDA	esearía poner todos ios gráficos sobre 	esearía poner todos los gráficos sobre 	"""ios"" por ""los"": la l se leyo como i, la misma regla que produce ""ai"" por ""al"" (§12). Medido: 90 apariciones en 88 filas contra 32.215 de ""los"". ""ios"" no es palabra del español. Se comprobo la palabra que precede a las 90 y en todas corresponde un articulo: de 25, en 14, que 12, a 9, para 5, todos 3, con 2, y 2, por 2, y el resto tras cuando, durante, analizan, septiembre, o una comilla de apertura."
RPM-2006-07-13:769:2	2006-07-13	Andrés Velasco Brañes	1	LETRA_CONFUNDIDA	que se agregarían a ios ingresos estruc	que se agregarían a los ingresos estruc	"""ios"" por ""los"": la l se leyo como i, la misma regla que produce ""ai"" por ""al"" (§12). Medido: 90 apariciones en 88 filas contra 32.215 de ""los"". ""ios"" no es palabra del español. Se comprobo la palabra que precede a las 90 y en todas corresponde un articulo: de 25, en 14, que 12, a 9, para 5, todos 3, con 2, y 2, por 2, y el resto tras cuando, durante, analizan, septiembre, o una comilla de apertura."
RPM-2006-07-13:770:4	2006-07-13	Rodrigo Valdés Pulido	1	LETRA_CONFUNDIDA	 El crecimiento anua! de los salarios	 El crecimiento anual de los salarios	"Signo de exclamación en lugar de la ele final. Medido: 42 apariciones, y todas dan palabra válida al reponer la l: de! 31 (del), coyuntura! 2, a! 2 (al), e! 2 (el), diferencia!, rea!, genera!, anua!, metano!. Se revisaron las nueve formas una por una y los cuatro casos límite (a!, e!) en su contexto: ""sorprendieron en algo a! alza"", ""precisa que e! planteamiento"", ""acceso a! financiamiento"", ""acuerdo sobre e! Mecanismo"". Ninguna es una exclamación real."
RPM-2006-07-13:779:1	2006-07-13	Jorge Desormeaux Jiménez	1	LETRA_CONFUNDIDA	tividad y demanda de! tercer trimestr	tividad y demanda del tercer trimestr	"Signo de exclamación en lugar de la ele final. Medido: 42 apariciones, y todas dan palabra válida al reponer la l: de! 31 (del), coyuntura! 2, a! 2 (al), e! 2 (el), diferencia!, rea!, genera!, anua!, metano!. Se revisaron las nueve formas una por una y los cuatro casos límite (a!, e!) en su contexto: ""sorprendieron en algo a! alza"", ""precisa que e! planteamiento"", ""acceso a! financiamiento"", ""acuerdo sobre e! Mecanismo"". Ninguna es una exclamación real."
RPM-2006-08-10:819:1	2006-08-10	Pablo García Silva	1	LETRA_CONFUNDIDA	lacionaria coyuntura! sea pasajera.⏎N	lacionaria coyuntural sea pasajera.⏎N	"Signo de exclamación en lugar de la ele final. Medido: 42 apariciones, y todas dan palabra válida al reponer la l: de! 31 (del), coyuntura! 2, a! 2 (al), e! 2 (el), diferencia!, rea!, genera!, anua!, metano!. Se revisaron las nueve formas una por una y los cuatro casos límite (a!, e!) en su contexto: ""sorprendieron en algo a! alza"", ""precisa que e! planteamiento"", ""acceso a! financiamiento"", ""acuerdo sobre e! Mecanismo"". Ninguna es una exclamación real."
RPM-2006-08-10:826:1	2006-08-10	Vittorio Corbo Lioi	1	LETRA_CONFUNDIDA	 de los aumentos en⏎ios precios de los 	 de los aumentos en⏎los precios de los 	"""ios"" por ""los"": la l se leyo como i, la misma regla que produce ""ai"" por ""al"" (§12). Medido: 90 apariciones en 88 filas contra 32.215 de ""los"". ""ios"" no es palabra del español. Se comprobo la palabra que precede a las 90 y en todas corresponde un articulo: de 25, en 14, que 12, a 9, para 5, todos 3, con 2, y 2, por 2, y el resto tras cuando, durante, analizan, septiembre, o una comilla de apertura."
RPM-2006-09-07:841:1	2006-09-07	Esteban Jadresic Marinovic	1	LETRA_CONFUNDIDA	o sería el precio de! petróleo que⏎ha	o sería el precio del petróleo que⏎ha	"Signo de exclamación en lugar de la ele final. Medido: 42 apariciones, y todas dan palabra válida al reponer la l: de! 31 (del), coyuntura! 2, a! 2 (al), e! 2 (el), diferencia!, rea!, genera!, anua!, metano!. Se revisaron las nueve formas una por una y los cuatro casos límite (a!, e!) en su contexto: ""sorprendieron en algo a! alza"", ""precisa que e! planteamiento"", ""acceso a! financiamiento"", ""acuerdo sobre e! Mecanismo"". Ninguna es una exclamación real."
RPM-2006-11-16:955:1	2006-11-16	Igal Magendzo Weinberger	1	LETRA_CONFUNDIDA	bre. En septiembre, ios indicadores par	bre. En septiembre, los indicadores par	"""ios"" por ""los"": la l se leyo como i, la misma regla que produce ""ai"" por ""al"" (§12). Medido: 90 apariciones en 88 filas contra 32.215 de ""los"". ""ios"" no es palabra del español. Se comprobo la palabra que precede a las 90 y en todas corresponde un articulo: de 25, en 14, que 12, a 9, para 5, todos 3, con 2, y 2, por 2, y el resto tras cuando, durante, analizan, septiembre, o una comilla de apertura."
RPM-2007-01-11:1047:1	2007-01-11	Vittorio Corbo Lioi	1	LETRA_CONFUNDIDA	l comportamiento de ios salarios que ha	l comportamiento de los salarios que ha	"""ios"" por ""los"": la l se leyo como i, la misma regla que produce ""ai"" por ""al"" (§12). Medido: 90 apariciones en 88 filas contra 32.215 de ""los"". ""ios"" no es palabra del español. Se comprobo la palabra que precede a las 90 y en todas corresponde un articulo: de 25, en 14, que 12, a 9, para 5, todos 3, con 2, y 2, por 2, y el resto tras cuando, durante, analizan, septiembre, o una comilla de apertura."
RPM-2007-02-08:1076:1	2007-02-08	Igal Magendzo Weinberger	1	LETRA_CONFUNDIDA	 cuarto trimestre de! año 2006 tuvo c	 cuarto trimestre del año 2006 tuvo c	"Signo de exclamación en lugar de la ele final. Medido: 42 apariciones, y todas dan palabra válida al reponer la l: de! 31 (del), coyuntura! 2, a! 2 (al), e! 2 (el), diferencia!, rea!, genera!, anua!, metano!. Se revisaron las nueve formas una por una y los cuatro casos límite (a!, e!) en su contexto: ""sorprendieron en algo a! alza"", ""precisa que e! planteamiento"", ""acceso a! financiamiento"", ""acuerdo sobre e! Mecanismo"". Ninguna es una exclamación real."
RPM-2007-03-15:1121:1	2007-03-15	Manuel Marfán Lewis	1	LETRA_CONFUNDIDA	ne la impresión que ios impactos que pu	ne la impresión que los impactos que pu	"""ios"" por ""los"": la l se leyo como i, la misma regla que produce ""ai"" por ""al"" (§12). Medido: 90 apariciones en 88 filas contra 32.215 de ""los"". ""ios"" no es palabra del español. Se comprobo la palabra que precede a las 90 y en todas corresponde un articulo: de 25, en 14, que 12, a 9, para 5, todos 3, con 2, y 2, por 2, y el resto tras cuando, durante, analizan, septiembre, o una comilla de apertura."
RPM-2007-04-12:1218:1	2007-04-12	Jorge Desormeaux Jiménez	1	LETRA_CONFUNDIDA	entos de precios de ios alimentos y de 	entos de precios de los alimentos y de 	"""ios"" por ""los"": la l se leyo como i, la misma regla que produce ""ai"" por ""al"" (§12). Medido: 90 apariciones en 88 filas contra 32.215 de ""los"". ""ios"" no es palabra del español. Se comprobo la palabra que precede a las 90 y en todas corresponde un articulo: de 25, en 14, que 12, a 9, para 5, todos 3, con 2, y 2, por 2, y el resto tras cuando, durante, analizan, septiembre, o una comilla de apertura."
RPM-2007-04-12:1220:1	2007-04-12	Vittorio Corbo Lioi	1	LETRA_CONFUNDIDA	lítica Monetaria en ios trim estres pró	lítica Monetaria en los trim estres pró	"""ios"" por ""los"": la l se leyo como i, la misma regla que produce ""ai"" por ""al"" (§12). Medido: 90 apariciones en 88 filas contra 32.215 de ""los"". ""ios"" no es palabra del español. Se comprobo la palabra que precede a las 90 y en todas corresponde un articulo: de 25, en 14, que 12, a 9, para 5, todos 3, con 2, y 2, por 2, y el resto tras cuando, durante, analizan, septiembre, o una comilla de apertura."
RPM-2007-06-14:1299:1	2007-06-14	Esteban Jadresic Marinovic	1	LETRA_CONFUNDIDA	n presentado es que ios aumentos en las	n presentado es que los aumentos en las	"""ios"" por ""los"": la l se leyo como i, la misma regla que produce ""ai"" por ""al"" (§12). Medido: 90 apariciones en 88 filas contra 32.215 de ""los"". ""ios"" no es palabra del español. Se comprobo la palabra que precede a las 90 y en todas corresponde un articulo: de 25, en 14, que 12, a 9, para 5, todos 3, con 2, y 2, por 2, y el resto tras cuando, durante, analizan, septiembre, o una comilla de apertura."
RPM-2007-07-12:1316:2	2007-07-12	Sergio Lehmann Beresi	1	SALTOS_DE_LINEA	 reales del mercado inmobiliari o. Estima que tod	 reales del mercado inmobiliario. Estima que tod	"Palabra partida por la justificación del PDF (""inmobiliari o""). La palabra es inequívoca y está atestiguada en el corpus; en la misma fila aparece varias veces completa."
RPM-2007-07-12:1317:1	2007-07-12	Pablo García Silva	1	SALTOS_DE_LINEA	temente al segmento subpri me, pero eso no se	temente al segmento subprime, pero eso no se	"Palabra partida por la justificación del PDF (""subpri me""). La palabra es inequívoca y está atestiguada en el corpus; en la misma fila aparece varias veces completa."
RPM-2007-07-12:1323:1	2007-07-12	Igal Magendzo Weinberger	1	LETRA_CONFUNDIDA	ivas de inflación de! sector privado 	ivas de inflación del sector privado 	"Signo de exclamación en lugar de la ele final. Medido: 42 apariciones, y todas dan palabra válida al reponer la l: de! 31 (del), coyuntura! 2, a! 2 (al), e! 2 (el), diferencia!, rea!, genera!, anua!, metano!. Se revisaron las nueve formas una por una y los cuatro casos límite (a!, e!) en su contexto: ""sorprendieron en algo a! alza"", ""precisa que e! planteamiento"", ""acceso a! financiamiento"", ""acuerdo sobre e! Mecanismo"". Ninguna es una exclamación real."
RPM-2007-07-12:1323:1	2007-07-12	Igal Magendzo Weinberger	2	LETRA_CONFUNDIDA	 un valor máximo de S530 a fines de juni	 un valor máximo de $530 a fines de juni	"S mayúscula en lugar del signo $. Medido: solo 2 apariciones en todo el corpus, ""S5"" y ""S6"", y ambas son montos en pesos donde solo cabe el signo: ""la paridad peso/dólar alcanzó un valor máximo de S530"" y ""el dólar se cotizó en torno a S610"". La misma fila 1323:1 usa ""$520"" unas lineas mas abajo."
RPM-2007-07-12:1323:1	2007-07-12	Igal Magendzo Weinberger	3	LETRA_CONFUNDIDA	ento real del gasto llegarla a 9% anual resp	ento real del gasto llegaría a 9% anual resp	"llegarla por llegaría: la í se leyo como l, la dirección inversa del glifo anterior. Medido: ""llegaría"" aparece 52 veces y ""llegarla"" una sola, en ""el crecimiento real del gasto llegarla a 9% anual"", donde no cabe el infinitivo con pronombre. Se midio ademas que una regla general sobre palabras terminadas en -rla seria destructiva: mantenerla 59, dejarla 30, subirla 26, llevarla 25, bajarla 23 son todas formas legítimas."
RPM-2007-07-12:1323:1	2007-07-12	Igal Magendzo Weinberger	4	SIMBOLO_SUELTO	recimiento anual de 4 los ingresos tri	recimiento anual de los ingresos tri	"Dígito 4 suelto entre ""de"" y ""los"" (""el crecimiento anual de 4 los ingresos tributarios""). No hay regla general posible: el patrón ""palabra + dígito + palabra"" da 1.019 coincidencias en el corpus y son abrumadoramente legítimas (""a 5 años"", ""en 1 punto"", ""de 5%""). Se trata solo este caso, donde el dígito no puede ser nada porque ""los ingresos"" ya cierra la frase."
RPM-2007-07-12:1323:1	2007-07-12	Igal Magendzo Weinberger	5	LETRA_CONFUNDIDA	l salmón y el metano!. Por el lado de	l salmón y el metanol. Por el lado de	"Signo de exclamación en lugar de la ele final. Medido: 42 apariciones, y todas dan palabra válida al reponer la l: de! 31 (del), coyuntura! 2, a! 2 (al), e! 2 (el), diferencia!, rea!, genera!, anua!, metano!. Se revisaron las nueve formas una por una y los cuatro casos límite (a!, e!) en su contexto: ""sorprendieron en algo a! alza"", ""precisa que e! planteamiento"", ""acceso a! financiamiento"", ""acuerdo sobre e! Mecanismo"". Ninguna es una exclamación real."
RPM-2007-07-12:1338:3	2007-07-12	Esteban Jadresic Marinovic	1	LETRA_CONFUNDIDA	 esto se obtiene de ios operadores de m	 esto se obtiene de los operadores de m	"""ios"" por ""los"": la l se leyo como i, la misma regla que produce ""ai"" por ""al"" (§12). Medido: 90 apariciones en 88 filas contra 32.215 de ""los"". ""ios"" no es palabra del español. Se comprobo la palabra que precede a las 90 y en todas corresponde un articulo: de 25, en 14, que 12, a 9, para 5, todos 3, con 2, y 2, por 2, y el resto tras cuando, durante, analizan, septiembre, o una comilla de apertura."
RPM-2007-07-12:1340:1	2007-07-12	Rodrigo Valdés Pulido	1	LETRA_CONFUNDIDA	rca del promedio de ios últimos cin co 	rca del promedio de los últimos cin co 	"""ios"" por ""los"": la l se leyo como i, la misma regla que produce ""ai"" por ""al"" (§12). Medido: 90 apariciones en 88 filas contra 32.215 de ""los"". ""ios"" no es palabra del español. Se comprobo la palabra que precede a las 90 y en todas corresponde un articulo: de 25, en 14, que 12, a 9, para 5, todos 3, con 2, y 2, por 2, y el resto tras cuando, durante, analizan, septiembre, o una comilla de apertura."
RPM-2007-07-12:1344:1	2007-07-12	Esteban Jadresic Marinovic	1	LETRA_CONFUNDIDA	cieros anormal para ios parámetros hist	cieros anormal para los parámetros hist	"""ios"" por ""los"": la l se leyo como i, la misma regla que produce ""ai"" por ""al"" (§12). Medido: 90 apariciones en 88 filas contra 32.215 de ""los"". ""ios"" no es palabra del español. Se comprobo la palabra que precede a las 90 y en todas corresponde un articulo: de 25, en 14, que 12, a 9, para 5, todos 3, con 2, y 2, por 2, y el resto tras cuando, durante, analizan, septiembre, o una comilla de apertura."
RPM-2007-08-09:1370:1	2007-08-09	Jorge Desormeaux Jiménez	1	LETRA_CONFUNDIDA	tema, señala que en ios Estados Unidos 	tema, señala que en los Estados Unidos 	"""ios"" por ""los"": la l se leyo como i, la misma regla que produce ""ai"" por ""al"" (§12). Medido: 90 apariciones en 88 filas contra 32.215 de ""los"". ""ios"" no es palabra del español. Se comprobo la palabra que precede a las 90 y en todas corresponde un articulo: de 25, en 14, que 12, a 9, para 5, todos 3, con 2, y 2, por 2, y el resto tras cuando, durante, analizan, septiembre, o una comilla de apertura."
RPM-2007-08-09:1386:4	2007-08-09	Rodrigo Valdés Pulido	1	LETRA_CONFUNDIDA	 alzas de tasas “en ios próximos meses”	 alzas de tasas “en los próximos meses”	"""ios"" por ""los"": la l se leyo como i, la misma regla que produce ""ai"" por ""al"" (§12). Medido: 90 apariciones en 88 filas contra 32.215 de ""los"". ""ios"" no es palabra del español. Se comprobo la palabra que precede a las 90 y en todas corresponde un articulo: de 25, en 14, que 12, a 9, para 5, todos 3, con 2, y 2, por 2, y el resto tras cuando, durante, analizan, septiembre, o una comilla de apertura."
RPM-2007-08-09:1389:1	2007-08-09	Klaus Schmidt-Hebbel Dunker	1	LETRA_CONFUNDIDA	a, que ya ha tenido ios coletazos finan	a, que ya ha tenido los coletazos finan	"""ios"" por ""los"": la l se leyo como i, la misma regla que produce ""ai"" por ""al"" (§12). Medido: 90 apariciones en 88 filas contra 32.215 de ""los"". ""ios"" no es palabra del español. Se comprobo la palabra que precede a las 90 y en todas corresponde un articulo: de 25, en 14, que 12, a 9, para 5, todos 3, con 2, y 2, por 2, y el resto tras cuando, durante, analizan, septiembre, o una comilla de apertura."
RPM-2007-08-09:1390:1	2007-08-09	Esteban Jadresic Marinovic	1	LETRA_CONFUNDIDA	te esto no se ve en ios plazos más larg	te esto no se ve en los plazos más larg	"""ios"" por ""los"": la l se leyo como i, la misma regla que produce ""ai"" por ""al"" (§12). Medido: 90 apariciones en 88 filas contra 32.215 de ""los"". ""ios"" no es palabra del español. Se comprobo la palabra que precede a las 90 y en todas corresponde un articulo: de 25, en 14, que 12, a 9, para 5, todos 3, con 2, y 2, por 2, y el resto tras cuando, durante, analizan, septiembre, o una comilla de apertura."
RPM-2007-10-11:1483:2	2007-10-11	Igal Magendzo Weinberger	1	LETRA_CONFUNDIDA	iación del dólar en ios mercados intern	iación del dólar en los mercados intern	"""ios"" por ""los"": la l se leyo como i, la misma regla que produce ""ai"" por ""al"" (§12). Medido: 90 apariciones en 88 filas contra 32.215 de ""los"". ""ios"" no es palabra del español. Se comprobo la palabra que precede a las 90 y en todas corresponde un articulo: de 25, en 14, que 12, a 9, para 5, todos 3, con 2, y 2, por 2, y el resto tras cuando, durante, analizan, septiembre, o una comilla de apertura."
RPM-2007-10-11:1484:1	2007-10-11	Igal Magendzo Weinberger	1	LETRA_CONFUNDIDA	 montos similares a ios de todo el año 	 montos similares a los de todo el año 	"""ios"" por ""los"": la l se leyo como i, la misma regla que produce ""ai"" por ""al"" (§12). Medido: 90 apariciones en 88 filas contra 32.215 de ""los"". ""ios"" no es palabra del español. Se comprobo la palabra que precede a las 90 y en todas corresponde un articulo: de 25, en 14, que 12, a 9, para 5, todos 3, con 2, y 2, por 2, y el resto tras cuando, durante, analizan, septiembre, o una comilla de apertura."
RPM-2007-10-11:1508:4	2007-10-11	Rodrigo Valdés Pulido	1	LETRA_CONFUNDIDA	olítica monetaria de! mes de septiemb	olítica monetaria del mes de septiemb	"Signo de exclamación en lugar de la ele final. Medido: 42 apariciones, y todas dan palabra válida al reponer la l: de! 31 (del), coyuntura! 2, a! 2 (al), e! 2 (el), diferencia!, rea!, genera!, anua!, metano!. Se revisaron las nueve formas una por una y los cuatro casos límite (a!, e!) en su contexto: ""sorprendieron en algo a! alza"", ""precisa que e! planteamiento"", ""acceso a! financiamiento"", ""acuerdo sobre e! Mecanismo"". Ninguna es una exclamación real."
RPM-2007-10-11:1515:1	2007-10-11	Enrique Marshall Rivera	1	LETRA_CONFUNDIDA	financiamiento para ios bancos. Comenta	financiamiento para los bancos. Comenta	"""ios"" por ""los"": la l se leyo como i, la misma regla que produce ""ai"" por ""al"" (§12). Medido: 90 apariciones en 88 filas contra 32.215 de ""los"". ""ios"" no es palabra del español. Se comprobo la palabra que precede a las 90 y en todas corresponde un articulo: de 25, en 14, que 12, a 9, para 5, todos 3, con 2, y 2, por 2, y el resto tras cuando, durante, analizan, septiembre, o una comilla de apertura."
RPM-2007-10-11:1518:1	2007-10-11	José De Gregorio Rebeco	1	LETRA_CONFUNDIDA	 que se vienen para ios meses siguiente	 que se vienen para los meses siguiente	"""ios"" por ""los"": la l se leyo como i, la misma regla que produce ""ai"" por ""al"" (§12). Medido: 90 apariciones en 88 filas contra 32.215 de ""los"". ""ios"" no es palabra del español. Se comprobo la palabra que precede a las 90 y en todas corresponde un articulo: de 25, en 14, que 12, a 9, para 5, todos 3, con 2, y 2, por 2, y el resto tras cuando, durante, analizan, septiembre, o una comilla de apertura."
RPM-2007-11-13:1558:1	2007-11-13	Igal Magendzo Weinberger	1	LETRA_CONFUNDIDA	nterna. El precio de! cobre y de los 	nterna. El precio del cobre y de los 	"Signo de exclamación en lugar de la ele final. Medido: 42 apariciones, y todas dan palabra válida al reponer la l: de! 31 (del), coyuntura! 2, a! 2 (al), e! 2 (el), diferencia!, rea!, genera!, anua!, metano!. Se revisaron las nueve formas una por una y los cuatro casos límite (a!, e!) en su contexto: ""sorprendieron en algo a! alza"", ""precisa que e! planteamiento"", ""acceso a! financiamiento"", ""acuerdo sobre e! Mecanismo"". Ninguna es una exclamación real."
RPM-2007-12-13:1574:1	2007-12-13	Enrique Marshall Rivera	1	LETRA_CONFUNDIDA	 se produzca porque ios mercados tienen	 se produzca porque los mercados tienen	"""ios"" por ""los"": la l se leyo como i, la misma regla que produce ""ai"" por ""al"" (§12). Medido: 90 apariciones en 88 filas contra 32.215 de ""los"". ""ios"" no es palabra del español. Se comprobo la palabra que precede a las 90 y en todas corresponde un articulo: de 25, en 14, que 12, a 9, para 5, todos 3, con 2, y 2, por 2, y el resto tras cuando, durante, analizan, septiembre, o una comilla de apertura."
RPM-2007-12-13:1594:4	2007-12-13	Manuel Marfán Lewis	1	LETRA_CONFUNDIDA	o que a la crisis de! gas sumaría el 	o que a la crisis del gas sumaría el 	"Signo de exclamación en lugar de la ele final. Medido: 42 apariciones, y todas dan palabra válida al reponer la l: de! 31 (del), coyuntura! 2, a! 2 (al), e! 2 (el), diferencia!, rea!, genera!, anua!, metano!. Se revisaron las nueve formas una por una y los cuatro casos límite (a!, e!) en su contexto: ""sorprendieron en algo a! alza"", ""precisa que e! planteamiento"", ""acceso a! financiamiento"", ""acuerdo sobre e! Mecanismo"". Ninguna es una exclamación real."
RPM-2007-12-13:1603:1	2007-12-13	José De Gregorio Rebeco	1	LETRA_CONFUNDIDA	ofrece la palabra a ios asistentes para	ofrece la palabra a los asistentes para	"""ios"" por ""los"": la l se leyo como i, la misma regla que produce ""ai"" por ""al"" (§12). Medido: 90 apariciones en 88 filas contra 32.215 de ""los"". ""ios"" no es palabra del español. Se comprobo la palabra que precede a las 90 y en todas corresponde un articulo: de 25, en 14, que 12, a 9, para 5, todos 3, con 2, y 2, por 2, y el resto tras cuando, durante, analizan, septiembre, o una comilla de apertura."
RPM-2007-12-13:1605:2	2007-12-13	Pablo García Silva	1	LETRA_CONFUNDIDA	d en la capacidad de! Banco Central d	d en la capacidad del Banco Central d	"Signo de exclamación en lugar de la ele final. Medido: 42 apariciones, y todas dan palabra válida al reponer la l: de! 31 (del), coyuntura! 2, a! 2 (al), e! 2 (el), diferencia!, rea!, genera!, anua!, metano!. Se revisaron las nueve formas una por una y los cuatro casos límite (a!, e!) en su contexto: ""sorprendieron en algo a! alza"", ""precisa que e! planteamiento"", ""acceso a! financiamiento"", ""acuerdo sobre e! Mecanismo"". Ninguna es una exclamación real."
RPM-2007-12-13:1610:1	2007-12-13	Enrique Marshall Rivera	1	LETRA_CONFUNDIDA	ladas en el curso de! último mes conf	ladas en el curso del último mes conf	"Signo de exclamación en lugar de la ele final. Medido: 42 apariciones, y todas dan palabra válida al reponer la l: de! 31 (del), coyuntura! 2, a! 2 (al), e! 2 (el), diferencia!, rea!, genera!, anua!, metano!. Se revisaron las nueve formas una por una y los cuatro casos límite (a!, e!) en su contexto: ""sorprendieron en algo a! alza"", ""precisa que e! planteamiento"", ""acceso a! financiamiento"", ""acuerdo sobre e! Mecanismo"". Ninguna es una exclamación real."
RPM-2008-01-10:1618:1	2008-01-10	Sergio Lehmann Beresi	1	LETRA_CONFUNDIDA	 revisar los promed ios de futuros a do	 revisar los promed los de futuros a do	"""ios"" por ""los"": la l se leyo como i, la misma regla que produce ""ai"" por ""al"" (§12). Medido: 90 apariciones en 88 filas contra 32.215 de ""los"". ""ios"" no es palabra del español. Se comprobo la palabra que precede a las 90 y en todas corresponde un articulo: de 25, en 14, que 12, a 9, para 5, todos 3, con 2, y 2, por 2, y el resto tras cuando, durante, analizan, septiembre, o una comilla de apertura."
RPM-2008-01-10:1618:1	2008-01-10	Sergio Lehmann Beresi	2	LETRA_CONFUNDIDA	 también en el caso dellPC Gore. Agrega qu	 también en el caso del IPC Gore. Agrega qu	"Sigla dañada por el glifo I/l. Medido en toda la salida: 26 apariciones de esta familia, y cada forma tiene su equivalente correcto ampliamente atestiguado en el corpus (el IPC 1.430, el IPoM 1.543, IPCX 649, IPCX1 469, el IPP 10). Se excluyeron de la pasada ""ellPEC"", ""dellPEC"" y ""ellMCE"" (fila 1719:4): aparecen junto a siglas que no se pueden corroborar en el corpus y no hay reconstruccion unica."
RPM-2008-06-10:1895:1	2008-06-10	Claudio Soto Gamboa	1	LETRA_CONFUNDIDA	, porque en general ios ajustes son muy	, porque en general los ajustes son muy	"""ios"" por ""los"": la l se leyo como i, la misma regla que produce ""ai"" por ""al"" (§12). Medido: 90 apariciones en 88 filas contra 32.215 de ""los"". ""ios"" no es palabra del español. Se comprobo la palabra que precede a las 90 y en todas corresponde un articulo: de 25, en 14, que 12, a 9, para 5, todos 3, con 2, y 2, por 2, y el resto tras cuando, durante, analizan, septiembre, o una comilla de apertura."
RPM-2008-07-10:1923:2	2008-07-10	Andrés Velasco Brañes	1	LETRA_CONFUNDIDA	Perú los precios de ios combustibles es	Perú los precios de los combustibles es	"""ios"" por ""los"": la l se leyo como i, la misma regla que produce ""ai"" por ""al"" (§12). Medido: 90 apariciones en 88 filas contra 32.215 de ""los"". ""ios"" no es palabra del español. Se comprobo la palabra que precede a las 90 y en todas corresponde un articulo: de 25, en 14, que 12, a 9, para 5, todos 3, con 2, y 2, por 2, y el resto tras cuando, durante, analizan, septiembre, o una comilla de apertura."
RPM-2008-07-10:1925:3	2008-07-10	Jorge Desormeaux Jiménez	1	LETRA_CONFUNDIDA	poco más rápido que ios del petróleo.	poco más rápido que los del petróleo.	"""ios"" por ""los"": la l se leyo como i, la misma regla que produce ""ai"" por ""al"" (§12). Medido: 90 apariciones en 88 filas contra 32.215 de ""los"". ""ios"" no es palabra del español. Se comprobo la palabra que precede a las 90 y en todas corresponde un articulo: de 25, en 14, que 12, a 9, para 5, todos 3, con 2, y 2, por 2, y el resto tras cuando, durante, analizan, septiembre, o una comilla de apertura."
RPM-2008-07-10:1962:1	2008-07-10	Sebastián Claro Edwards	1	LETRA_CONFUNDIDA	vuelta indeseados y ios aumentos que se	vuelta indeseados y los aumentos que se	"""ios"" por ""los"": la l se leyo como i, la misma regla que produce ""ai"" por ""al"" (§12). Medido: 90 apariciones en 88 filas contra 32.215 de ""los"". ""ios"" no es palabra del español. Se comprobo la palabra que precede a las 90 y en todas corresponde un articulo: de 25, en 14, que 12, a 9, para 5, todos 3, con 2, y 2, por 2, y el resto tras cuando, durante, analizan, septiembre, o una comilla de apertura."
RPM-2008-07-10:1965:1	2008-07-10	Pablo García Silva	1	LETRA_CONFUNDIDA	 las discusiones de ios IPoM, van en la	 las discusiones de los IPoM, van en la	"""ios"" por ""los"": la l se leyo como i, la misma regla que produce ""ai"" por ""al"" (§12). Medido: 90 apariciones en 88 filas contra 32.215 de ""los"". ""ios"" no es palabra del español. Se comprobo la palabra que precede a las 90 y en todas corresponde un articulo: de 25, en 14, que 12, a 9, para 5, todos 3, con 2, y 2, por 2, y el resto tras cuando, durante, analizan, septiembre, o una comilla de apertura."
RPM-2008-10-09:2110:2	2008-10-09	Felipe Jaque	1	LETRA_CONFUNDIDA	e mayor premio para ios bancos que está	e mayor premio para los bancos que está	"""ios"" por ""los"": la l se leyo como i, la misma regla que produce ""ai"" por ""al"" (§12). Medido: 90 apariciones en 88 filas contra 32.215 de ""los"". ""ios"" no es palabra del español. Se comprobo la palabra que precede a las 90 y en todas corresponde un articulo: de 25, en 14, que 12, a 9, para 5, todos 3, con 2, y 2, por 2, y el resto tras cuando, durante, analizan, septiembre, o una comilla de apertura."
RPM-2009-03-12:2401:1	2009-03-12	Claudio Soto Gamboa	1	LETRA_CONFUNDIDA	e cotizó en torno a S610, valor similar 	e cotizó en torno a $610, valor similar 	"S mayúscula en lugar del signo $. Medido: solo 2 apariciones en todo el corpus, ""S5"" y ""S6"", y ambas son montos en pesos donde solo cabe el signo: ""la paridad peso/dólar alcanzó un valor máximo de S530"" y ""el dólar se cotizó en torno a S610"". La misma fila 1323:1 usa ""$520"" unas lineas mas abajo."
RPM-2009-04-09:2500:1	2009-04-09	José De Gregorio Rebeco	1	LETRA_CONFUNDIDA	s bajas de tasas de ios meses anteriore	s bajas de tasas de los meses anteriore	"""ios"" por ""los"": la l se leyo como i, la misma regla que produce ""ai"" por ""al"" (§12). Medido: 90 apariciones en 88 filas contra 32.215 de ""los"". ""ios"" no es palabra del español. Se comprobo la palabra que precede a las 90 y en todas corresponde un articulo: de 25, en 14, que 12, a 9, para 5, todos 3, con 2, y 2, por 2, y el resto tras cuando, durante, analizan, septiembre, o una comilla de apertura."
RPM-2009-05-07:2510:2	2009-05-07	Sergio Lehmann Beresi	1	LETRA_CONFUNDIDA	ue han continuado / ios ajustes, partic	ue han continuado / los ajustes, partic	"""ios"" por ""los"": la l se leyo como i, la misma regla que produce ""ai"" por ""al"" (§12). Medido: 90 apariciones en 88 filas contra 32.215 de ""los"". ""ios"" no es palabra del español. Se comprobo la palabra que precede a las 90 y en todas corresponde un articulo: de 25, en 14, que 12, a 9, para 5, todos 3, con 2, y 2, por 2, y el resto tras cuando, durante, analizan, septiembre, o una comilla de apertura."
RPM-2009-09-08:2701:1	2009-09-08	Claudio Soto Gamboa	1	LETRA_CONFUNDIDA	ción refiriéndose a ios mercados financ	ción refiriéndose a los mercados financ	"""ios"" por ""los"": la l se leyo como i, la misma regla que produce ""ai"" por ""al"" (§12). Medido: 90 apariciones en 88 filas contra 32.215 de ""los"". ""ios"" no es palabra del español. Se comprobo la palabra que precede a las 90 y en todas corresponde un articulo: de 25, en 14, que 12, a 9, para 5, todos 3, con 2, y 2, por 2, y el resto tras cuando, durante, analizan, septiembre, o una comilla de apertura."
RPM-2009-10-13:2744:4	2009-10-13	Claudio Soto Gamboa	1	LETRA_CONFUNDIDA	en el margen. Entre ios factores que es	en el margen. Entre los factores que es	"""ios"" por ""los"": la l se leyo como i, la misma regla que produce ""ai"" por ""al"" (§12). Medido: 90 apariciones en 88 filas contra 32.215 de ""los"". ""ios"" no es palabra del español. Se comprobo la palabra que precede a las 90 y en todas corresponde un articulo: de 25, en 14, que 12, a 9, para 5, todos 3, con 2, y 2, por 2, y el resto tras cuando, durante, analizan, septiembre, o una comilla de apertura."
RPM-2009-12-15:2810:5	2009-12-15	Sergio Lehmann Beresi	1	LETRA_CONFUNDIDA	ue la trayectoria de! precio del oro 	ue la trayectoria del precio del oro 	"Signo de exclamación en lugar de la ele final. Medido: 42 apariciones, y todas dan palabra válida al reponer la l: de! 31 (del), coyuntura! 2, a! 2 (al), e! 2 (el), diferencia!, rea!, genera!, anua!, metano!. Se revisaron las nueve formas una por una y los cuatro casos límite (a!, e!) en su contexto: ""sorprendieron en algo a! alza"", ""precisa que e! planteamiento"", ""acceso a! financiamiento"", ""acuerdo sobre e! Mecanismo"". Ninguna es una exclamación real."
RPM-2009-12-15:2818:8	2009-12-15	Claudio Soto Gamboa	1	LETRA_CONFUNDIDA	 su vez, la caída de! empleo por cuen	 su vez, la caída del empleo por cuen	"Signo de exclamación en lugar de la ele final. Medido: 42 apariciones, y todas dan palabra válida al reponer la l: de! 31 (del), coyuntura! 2, a! 2 (al), e! 2 (el), diferencia!, rea!, genera!, anua!, metano!. Se revisaron las nueve formas una por una y los cuatro casos límite (a!, e!) en su contexto: ""sorprendieron en algo a! alza"", ""precisa que e! planteamiento"", ""acceso a! financiamiento"", ""acuerdo sobre e! Mecanismo"". Ninguna es una exclamación real."
RPM-2010-01-14:2844:1	2010-01-14	Sergio Lehmann Beresi	1	LETRA_CONFUNDIDA	ntos registrados en ios meses previos, 	ntos registrados en los meses previos, 	"""ios"" por ""los"": la l se leyo como i, la misma regla que produce ""ai"" por ""al"" (§12). Medido: 90 apariciones en 88 filas contra 32.215 de ""los"". ""ios"" no es palabra del español. Se comprobo la palabra que precede a las 90 y en todas corresponde un articulo: de 25, en 14, que 12, a 9, para 5, todos 3, con 2, y 2, por 2, y el resto tras cuando, durante, analizan, septiembre, o una comilla de apertura."
RPM-2010-01-14:2874:2	2010-01-14	Matías Bernier Bórquez	1	LETRA_CONFUNDIDA	tera de liquidez de ios bancos, aunque 	tera de liquidez de los bancos, aunque 	"""ios"" por ""los"": la l se leyo como i, la misma regla que produce ""ai"" por ""al"" (§12). Medido: 90 apariciones en 88 filas contra 32.215 de ""los"". ""ios"" no es palabra del español. Se comprobo la palabra que precede a las 90 y en todas corresponde un articulo: de 25, en 14, que 12, a 9, para 5, todos 3, con 2, y 2, por 2, y el resto tras cuando, durante, analizan, septiembre, o una comilla de apertura."
RPM-2010-02-11:2891:4	2010-02-11	Sergio Lehmann Beresi	1	LETRA_CONFUNDIDA	ente en Europa, por ios motivos expuest	ente en Europa, por los motivos expuest	"""ios"" por ""los"": la l se leyo como i, la misma regla que produce ""ai"" por ""al"" (§12). Medido: 90 apariciones en 88 filas contra 32.215 de ""los"". ""ios"" no es palabra del español. Se comprobo la palabra que precede a las 90 y en todas corresponde un articulo: de 25, en 14, que 12, a 9, para 5, todos 3, con 2, y 2, por 2, y el resto tras cuando, durante, analizan, septiembre, o una comilla de apertura."
RPM-2010-05-13:3124:1	2010-05-13	Manuel Marfán Lewis	1	LETRA_CONFUNDIDA	e de las noticias de! Ministro respec	e de las noticias del Ministro respec	"Signo de exclamación en lugar de la ele final. Medido: 42 apariciones, y todas dan palabra válida al reponer la l: de! 31 (del), coyuntura! 2, a! 2 (al), e! 2 (el), diferencia!, rea!, genera!, anua!, metano!. Se revisaron las nueve formas una por una y los cuatro casos límite (a!, e!) en su contexto: ""sorprendieron en algo a! alza"", ""precisa que e! planteamiento"", ""acceso a! financiamiento"", ""acuerdo sobre e! Mecanismo"". Ninguna es una exclamación real."
RPM-2010-06-15:3131:2	2010-06-15	Sergio Lehmann Beresi	1	LETRA_CONFUNDIDA	e alguna manera, en ios mercados americ	e alguna manera, en los mercados americ	"""ios"" por ""los"": la l se leyo como i, la misma regla que produce ""ai"" por ""al"" (§12). Medido: 90 apariciones en 88 filas contra 32.215 de ""los"". ""ios"" no es palabra del español. Se comprobo la palabra que precede a las 90 y en todas corresponde un articulo: de 25, en 14, que 12, a 9, para 5, todos 3, con 2, y 2, por 2, y el resto tras cuando, durante, analizan, septiembre, o una comilla de apertura."
RPM-2010-06-15:3193:3	2010-06-15	Pablo García Silva	1	LETRA_CONFUNDIDA	término, indica que ios mercados financ	término, indica que los mercados financ	"""ios"" por ""los"": la l se leyo como i, la misma regla que produce ""ai"" por ""al"" (§12). Medido: 90 apariciones en 88 filas contra 32.215 de ""los"". ""ios"" no es palabra del español. Se comprobo la palabra que precede a las 90 y en todas corresponde un articulo: de 25, en 14, que 12, a 9, para 5, todos 3, con 2, y 2, por 2, y el resto tras cuando, durante, analizan, septiembre, o una comilla de apertura."
RPM-2010-07-15:3213:1	2010-07-15	Pablo García Silva	1	LETRA_CONFUNDIDA	que son similares a ios que considera l	que son similares a los que considera l	"""ios"" por ""los"": la l se leyo como i, la misma regla que produce ""ai"" por ""al"" (§12). Medido: 90 apariciones en 88 filas contra 32.215 de ""los"". ""ios"" no es palabra del español. Se comprobo la palabra que precede a las 90 y en todas corresponde un articulo: de 25, en 14, que 12, a 9, para 5, todos 3, con 2, y 2, por 2, y el resto tras cuando, durante, analizan, septiembre, o una comilla de apertura."
RPM-2010-12-16:3590:1	2010-12-16	Sergio Lehmann Beresi	1	LETRA_CONFUNDIDA	os días. Agrega que ios premios corpora	os días. Agrega que los premios corpora	"""ios"" por ""los"": la l se leyo como i, la misma regla que produce ""ai"" por ""al"" (§12). Medido: 90 apariciones en 88 filas contra 32.215 de ""los"". ""ios"" no es palabra del español. Se comprobo la palabra que precede a las 90 y en todas corresponde un articulo: de 25, en 14, que 12, a 9, para 5, todos 3, con 2, y 2, por 2, y el resto tras cuando, durante, analizan, septiembre, o una comilla de apertura."
RPM-2010-12-16:3591:1	2010-12-16	Sergio Lehmann Beresi	1	LETRA_CONFUNDIDA	al. En relación con ios bonos periféric	al. En relación con los bonos periféric	"""ios"" por ""los"": la l se leyo como i, la misma regla que produce ""ai"" por ""al"" (§12). Medido: 90 apariciones en 88 filas contra 32.215 de ""los"". ""ios"" no es palabra del español. Se comprobo la palabra que precede a las 90 y en todas corresponde un articulo: de 25, en 14, que 12, a 9, para 5, todos 3, con 2, y 2, por 2, y el resto tras cuando, durante, analizan, septiembre, o una comilla de apertura."
RPM-2010-12-16:3641:1	2010-12-16	Consejo del Banco Central de Chile	1	LETRA_CONFUNDIDA	mías emergentes. En ios mercados financ	mías emergentes. En los mercados financ	"""ios"" por ""los"": la l se leyo como i, la misma regla que produce ""ai"" por ""al"" (§12). Medido: 90 apariciones en 88 filas contra 32.215 de ""los"". ""ios"" no es palabra del español. Se comprobo la palabra que precede a las 90 y en todas corresponde un articulo: de 25, en 14, que 12, a 9, para 5, todos 3, con 2, y 2, por 2, y el resto tras cuando, durante, analizan, septiembre, o una comilla de apertura."
RPM-2011-02-17:3739:1	2011-02-17	Beltrán de Ramón Acevedo	1	LETRA_CONFUNDIDA	de Ramón indica que ios fondos de inver	de Ramón indica que los fondos de inver	"""ios"" por ""los"": la l se leyo como i, la misma regla que produce ""ai"" por ""al"" (§12). Medido: 90 apariciones en 88 filas contra 32.215 de ""los"". ""ios"" no es palabra del español. Se comprobo la palabra que precede a las 90 y en todas corresponde un articulo: de 25, en 14, que 12, a 9, para 5, todos 3, con 2, y 2, por 2, y el resto tras cuando, durante, analizan, septiembre, o una comilla de apertura."
RPM-2011-02-17:3770:1	2011-02-17	Claudio Soto Gamboa	1	LETRA_CONFUNDIDA	 parte del IVA y de ios derechos de imp	 parte del IVA y de los derechos de imp	"""ios"" por ""los"": la l se leyo como i, la misma regla que produce ""ai"" por ""al"" (§12). Medido: 90 apariciones en 88 filas contra 32.215 de ""los"". ""ios"" no es palabra del español. Se comprobo la palabra que precede a las 90 y en todas corresponde un articulo: de 25, en 14, que 12, a 9, para 5, todos 3, con 2, y 2, por 2, y el resto tras cuando, durante, analizan, septiembre, o una comilla de apertura."
RPM-2011-02-17:3788:1	2011-02-17	Claudio Soto Gamboa	1	LETRA_CONFUNDIDA	 consideraron todos ios otros fundament	 consideraron todos los otros fundament	"""ios"" por ""los"": la l se leyo como i, la misma regla que produce ""ai"" por ""al"" (§12). Medido: 90 apariciones en 88 filas contra 32.215 de ""los"". ""ios"" no es palabra del español. Se comprobo la palabra que precede a las 90 y en todas corresponde un articulo: de 25, en 14, que 12, a 9, para 5, todos 3, con 2, y 2, por 2, y el resto tras cuando, durante, analizan, septiembre, o una comilla de apertura."
RPM-2011-02-17:3813:2	2011-02-17	José De Gregorio Rebeco	1	LETRA_CONFUNDIDA	umentando la TPM en ios próximos meses.	umentando la TPM en los próximos meses.	"""ios"" por ""los"": la l se leyo como i, la misma regla que produce ""ai"" por ""al"" (§12). Medido: 90 apariciones en 88 filas contra 32.215 de ""los"". ""ios"" no es palabra del español. Se comprobo la palabra que precede a las 90 y en todas corresponde un articulo: de 25, en 14, que 12, a 9, para 5, todos 3, con 2, y 2, por 2, y el resto tras cuando, durante, analizan, septiembre, o una comilla de apertura."
RPM-2011-03-17:3839:1	2011-03-17	José De Gregorio Rebeco	1	LETRA_CONFUNDIDA	cada”, porque todos ios países incluido	cada”, porque todos los países incluido	"""ios"" por ""los"": la l se leyo como i, la misma regla que produce ""ai"" por ""al"" (§12). Medido: 90 apariciones en 88 filas contra 32.215 de ""los"". ""ios"" no es palabra del español. Se comprobo la palabra que precede a las 90 y en todas corresponde un articulo: de 25, en 14, que 12, a 9, para 5, todos 3, con 2, y 2, por 2, y el resto tras cuando, durante, analizan, septiembre, o una comilla de apertura."
RPM-2011-03-17:3849:1	2011-03-17	Claudio Soto Gamboa	1	LETRA_CONFUNDIDA	a de los precios de ios combustibles. P	a de los precios de los combustibles. P	"""ios"" por ""los"": la l se leyo como i, la misma regla que produce ""ai"" por ""al"" (§12). Medido: 90 apariciones en 88 filas contra 32.215 de ""los"". ""ios"" no es palabra del español. Se comprobo la palabra que precede a las 90 y en todas corresponde un articulo: de 25, en 14, que 12, a 9, para 5, todos 3, con 2, y 2, por 2, y el resto tras cuando, durante, analizan, septiembre, o una comilla de apertura."
RPM-2011-03-17:3880:1	2011-03-17	Claudio Soto Gamboa	1	LETRA_CONFUNDIDA	a, especialmente en ios plazos más cort	a, especialmente en los plazos más cort	"""ios"" por ""los"": la l se leyo como i, la misma regla que produce ""ai"" por ""al"" (§12). Medido: 90 apariciones en 88 filas contra 32.215 de ""los"". ""ios"" no es palabra del español. Se comprobo la palabra que precede a las 90 y en todas corresponde un articulo: de 25, en 14, que 12, a 9, para 5, todos 3, con 2, y 2, por 2, y el resto tras cuando, durante, analizan, septiembre, o una comilla de apertura."
RPM-2011-11-15:4455:1	2011-11-15	Sebastián Claro Edwards	1	LETRA_CONFUNDIDA	prendieron en algo a! alza. Más allá 	prendieron en algo al alza. Más allá 	"Signo de exclamación en lugar de la ele final. Medido: 42 apariciones, y todas dan palabra válida al reponer la l: de! 31 (del), coyuntura! 2, a! 2 (al), e! 2 (el), diferencia!, rea!, genera!, anua!, metano!. Se revisaron las nueve formas una por una y los cuatro casos límite (a!, e!) en su contexto: ""sorprendieron en algo a! alza"", ""precisa que e! planteamiento"", ""acceso a! financiamiento"", ""acuerdo sobre e! Mecanismo"". Ninguna es una exclamación real."
RPM-2012-12-13:5258:1	2012-12-13	Joaquín Vial Ruiz-Tagle	1	LETRA_CONFUNDIDA	diciones de acceso a! financiamiento 	diciones de acceso al financiamiento 	"Signo de exclamación en lugar de la ele final. Medido: 42 apariciones, y todas dan palabra válida al reponer la l: de! 31 (del), coyuntura! 2, a! 2 (al), e! 2 (el), diferencia!, rea!, genera!, anua!, metano!. Se revisaron las nueve formas una por una y los cuatro casos límite (a!, e!) en su contexto: ""sorprendieron en algo a! alza"", ""precisa que e! planteamiento"", ""acceso a! financiamiento"", ""acuerdo sobre e! Mecanismo"". Ninguna es una exclamación real."
RPM-2013-04-11:5503:1	2013-04-11	Felipe Larraín Bascuñán	1	LETRA_CONFUNDIDA	vado en el resto de ios mercados mundia	vado en el resto de los mercados mundia	"""ios"" por ""los"": la l se leyo como i, la misma regla que produce ""ai"" por ""al"" (§12). Medido: 90 apariciones en 88 filas contra 32.215 de ""los"". ""ios"" no es palabra del español. Se comprobo la palabra que precede a las 90 y en todas corresponde un articulo: de 25, en 14, que 12, a 9, para 5, todos 3, con 2, y 2, por 2, y el resto tras cuando, durante, analizan, septiembre, o una comilla de apertura."
RPM-2014-03-13:6067:1	2014-03-13	Sergio Lehmann Beresi	1	LETRA_CONFUNDIDA	nden al promedio de ios meses de enero 	nden al promedio de los meses de enero 	"""ios"" por ""los"": la l se leyo como i, la misma regla que produce ""ai"" por ""al"" (§12). Medido: 90 apariciones en 88 filas contra 32.215 de ""los"". ""ios"" no es palabra del español. Se comprobo la palabra que precede a las 90 y en todas corresponde un articulo: de 25, en 14, que 12, a 9, para 5, todos 3, con 2, y 2, por 2, y el resto tras cuando, durante, analizan, septiembre, o una comilla de apertura."
RPM-2014-03-13:6081:1	2014-03-13	Miguel Fuentes Díaz	1	LETRA_CONFUNDIDA	 parte, comenta que ios niveles de ries	 parte, comenta que los niveles de ries	"""ios"" por ""los"": la l se leyo como i, la misma regla que produce ""ai"" por ""al"" (§12). Medido: 90 apariciones en 88 filas contra 32.215 de ""los"". ""ios"" no es palabra del español. Se comprobo la palabra que precede a las 90 y en todas corresponde un articulo: de 25, en 14, que 12, a 9, para 5, todos 3, con 2, y 2, por 2, y el resto tras cuando, durante, analizan, septiembre, o una comilla de apertura."
RPM-2014-03-13:6105:1	2014-03-13	Pablo García Silva	1	LETRA_CONFUNDIDA	 con lo que esperan ios agentes privado	 con lo que esperan los agentes privado	"""ios"" por ""los"": la l se leyo como i, la misma regla que produce ""ai"" por ""al"" (§12). Medido: 90 apariciones en 88 filas contra 32.215 de ""los"". ""ios"" no es palabra del español. Se comprobo la palabra que precede a las 90 y en todas corresponde un articulo: de 25, en 14, que 12, a 9, para 5, todos 3, con 2, y 2, por 2, y el resto tras cuando, durante, analizan, septiembre, o una comilla de apertura."
RPM-2014-03-13:6111:1	2014-03-13	Enrique Marshall Rivera	1	LETRA_CONFUNDIDA	 que se espera para ios próximos meses.	 que se espera para los próximos meses.	"""ios"" por ""los"": la l se leyo como i, la misma regla que produce ""ai"" por ""al"" (§12). Medido: 90 apariciones en 88 filas contra 32.215 de ""los"". ""ios"" no es palabra del español. Se comprobo la palabra que precede a las 90 y en todas corresponde un articulo: de 25, en 14, que 12, a 9, para 5, todos 3, con 2, y 2, por 2, y el resto tras cuando, durante, analizan, septiembre, o una comilla de apertura."
RPM-2014-04-17:6117:1	2014-04-17	Sergio Lehmann Beresi	1	LETRA_CONFUNDIDA	ó un acuerdo sobre e! Mecanismo Único	ó un acuerdo sobre el Mecanismo Único	"Signo de exclamación en lugar de la ele final. Medido: 42 apariciones, y todas dan palabra válida al reponer la l: de! 31 (del), coyuntura! 2, a! 2 (al), e! 2 (el), diferencia!, rea!, genera!, anua!, metano!. Se revisaron las nueve formas una por una y los cuatro casos límite (a!, e!) en su contexto: ""sorprendieron en algo a! alza"", ""precisa que e! planteamiento"", ""acceso a! financiamiento"", ""acuerdo sobre e! Mecanismo"". Ninguna es una exclamación real."
RPM-2014-04-17:6123:1	2014-04-17	Sergio Lehmann Beresi	1	LETRA_CONFUNDIDA	tubre o noviembre de! presente año, y	tubre o noviembre del presente año, y	"Signo de exclamación en lugar de la ele final. Medido: 42 apariciones, y todas dan palabra válida al reponer la l: de! 31 (del), coyuntura! 2, a! 2 (al), e! 2 (el), diferencia!, rea!, genera!, anua!, metano!. Se revisaron las nueve formas una por una y los cuatro casos límite (a!, e!) en su contexto: ""sorprendieron en algo a! alza"", ""precisa que e! planteamiento"", ""acceso a! financiamiento"", ""acuerdo sobre e! Mecanismo"". Ninguna es una exclamación real."
RPM-2015-06-11:6821:1	2015-06-11	Diego Gianelli Gómez	1	LETRA_CONFUNDIDA	esgo han presionado ios precios de acti	esgo han presionado los precios de acti	"""ios"" por ""los"": la l se leyo como i, la misma regla que produce ""ai"" por ""al"" (§12). Medido: 90 apariciones en 88 filas contra 32.215 de ""los"". ""ios"" no es palabra del español. Se comprobo la palabra que precede a las 90 y en todas corresponde un articulo: de 25, en 14, que 12, a 9, para 5, todos 3, con 2, y 2, por 2, y el resto tras cuando, durante, analizan, septiembre, o una comilla de apertura."
RPM-2015-07-14:6904:1	2015-07-14	Alberto Naudon Dell'Oro	1	LETRA_CONFUNDIDA	adosos en el uso de ios adjetivos. En m	adosos en el uso de los adjetivos. En m	"""ios"" por ""los"": la l se leyo como i, la misma regla que produce ""ai"" por ""al"" (§12). Medido: 90 apariciones en 88 filas contra 32.215 de ""los"". ""ios"" no es palabra del español. Se comprobo la palabra que precede a las 90 y en todas corresponde un articulo: de 25, en 14, que 12, a 9, para 5, todos 3, con 2, y 2, por 2, y el resto tras cuando, durante, analizan, septiembre, o una comilla de apertura."
RPM-2015-07-14:6904:1	2015-07-14	Alberto Naudon Dell'Oro	2	LETRA_CONFUNDIDA	ral cuestionarse si ios supuestos utili	ral cuestionarse si los supuestos utili	"""ios"" por ""los"": la l se leyo como i, la misma regla que produce ""ai"" por ""al"" (§12). Medido: 90 apariciones en 88 filas contra 32.215 de ""los"". ""ios"" no es palabra del español. Se comprobo la palabra que precede a las 90 y en todas corresponde un articulo: de 25, en 14, que 12, a 9, para 5, todos 3, con 2, y 2, por 2, y el resto tras cuando, durante, analizan, septiembre, o una comilla de apertura."
RPM-2015-07-14:6906:1	2015-07-14	Alberto Naudon Dell'Oro	1	LETRA_CONFUNDIDA	tividad, señala que ios datos conocidos	tividad, señala que los datos conocidos	"""ios"" por ""los"": la l se leyo como i, la misma regla que produce ""ai"" por ""al"" (§12). Medido: 90 apariciones en 88 filas contra 32.215 de ""los"". ""ios"" no es palabra del español. Se comprobo la palabra que precede a las 90 y en todas corresponde un articulo: de 25, en 14, que 12, a 9, para 5, todos 3, con 2, y 2, por 2, y el resto tras cuando, durante, analizan, septiembre, o una comilla de apertura."
RPM-2015-07-14:6916:1	2015-07-14	Consejo del Banco Central de Chile	1	LETRA_CONFUNDIDA	o la volatilidad de ios mercados financ	o la volatilidad de los mercados financ	"""ios"" por ""los"": la l se leyo como i, la misma regla que produce ""ai"" por ""al"" (§12). Medido: 90 apariciones en 88 filas contra 32.215 de ""los"". ""ios"" no es palabra del español. Se comprobo la palabra que precede a las 90 y en todas corresponde un articulo: de 25, en 14, que 12, a 9, para 5, todos 3, con 2, y 2, por 2, y el resto tras cuando, durante, analizan, septiembre, o una comilla de apertura."
RPM-2005-03-10:149:1	2005-03-10	Pablo García Silva	1	SIMBOLO_SUELTO	llones, respectivam ente—■ y un déficit en la c	llones, respectivam ente— y un déficit en la c	Símbolo ■ con basura adyacente, residuo del escaneo. El tipo SIMBOLO_SUELTO fue creado justamente para estos casos («■V», «ry _<< ■» -> se elimina). Medido: 21 apariciones en 20 filas. Se trata cada una con su basura propia porque el ruido que la acompaña varía (■o J, ■,\y, ■', ■J, ■V, / ■ ' /, 4 / ■, i - /■, — f ■, ry _<< ■). En todos los casos las dos oraciones que rodean el residuo quedan completas sin él. Excepción: en 5802:2 se elimina solo el ■ y se deja el paréntesis abierto, porque esa fila ya está marcada RECONSTRUCCION_AMBIGUA_POR_COTEJAR con motivo FINAL_SIN_PUNTUACION.
RPM-2005-05-12:276:1	2005-05-12	José De Gregorio Rebeco	1	LETRA_CONFUNDIDA	centes asociadas al iPCX y al IPCX2. En 	centes asociadas al IPCX y al IPCX2. En 	"Sigla dañada por el glifo I/l. Medido en toda la salida: 26 apariciones de esta familia, y cada forma tiene su equivalente correcto ampliamente atestiguado en el corpus (el IPC 1.430, el IPoM 1.543, IPCX 649, IPCX1 469, el IPP 10). Se excluyeron de la pasada ""ellPEC"", ""dellPEC"" y ""ellMCE"" (fila 1719:4): aparecen junto a siglas que no se pueden corroborar en el corpus y no hay reconstruccion unica."
RPM-2005-07-12:308:1	2005-07-12	Manuel Marfán Lewis	1	LETRA_CONFUNDIDA	nflación subyacente ÍPCX1, en tanto, exhi	nflación subyacente IPCX1, en tanto, exhi	"Sigla dañada por el glifo I/l. Medido en toda la salida: 26 apariciones de esta familia, y cada forma tiene su equivalente correcto ampliamente atestiguado en el corpus (el IPC 1.430, el IPoM 1.543, IPCX 649, IPCX1 469, el IPP 10). Se excluyeron de la pasada ""ellPEC"", ""dellPEC"" y ""ellMCE"" (fila 1719:4): aparecen junto a siglas que no se pueden corroborar en el corpus y no hay reconstruccion unica."
RPM-2006-02-09:594:2	2006-02-09	Consejo del Banco Central de Chile	1	LETRA_CONFUNDIDA	n subyacente IPCX e ÍPCX1 (que excluyen c	n subyacente IPCX e IPCX1 (que excluyen c	"Sigla dañada por el glifo I/l. Medido en toda la salida: 26 apariciones de esta familia, y cada forma tiene su equivalente correcto ampliamente atestiguado en el corpus (el IPC 1.430, el IPoM 1.543, IPCX 649, IPCX1 469, el IPP 10). Se excluyeron de la pasada ""ellPEC"", ""dellPEC"" y ""ellMCE"" (fila 1719:4): aparecen junto a siglas que no se pueden corroborar en el corpus y no hay reconstruccion unica."
RPM-2007-04-12:1220:2	2007-04-12	Consejo del Banco Central de Chile	1	SIMBOLO_SUELTO	 primas también han aumentado. ■o J La información disponible sigu	 primas también han aumentado. La información disponible sigu	Símbolo ■ con basura adyacente, residuo del escaneo. El tipo SIMBOLO_SUELTO fue creado justamente para estos casos («■V», «ry _<< ■» -> se elimina). Medido: 21 apariciones en 20 filas. Se trata cada una con su basura propia porque el ruido que la acompaña varía (■o J, ■,\y, ■', ■J, ■V, / ■ ' /, 4 / ■, i - /■, — f ■, ry _<< ■). En todos los casos las dos oraciones que rodean el residuo quedan completas sin él. Excepción: en 5802:2 se elimina solo el ■ y se deja el paréntesis abierto, porque esa fila ya está marcada RECONSTRUCCION_AMBIGUA_POR_COTEJAR con motivo FINAL_SIN_PUNTUACION.
RPM-2007-06-14:1308:2	2007-06-14	Consejo del Banco Central de Chile	1	LETRA_CONFUNDIDA	nflación subyacente IPCX 1 (que excluye co	nflación subyacente IPCX1 (que excluye co	"Sigla dañada por el glifo I/l. Medido en toda la salida: 26 apariciones de esta familia, y cada forma tiene su equivalente correcto ampliamente atestiguado en el corpus (el IPC 1.430, el IPoM 1.543, IPCX 649, IPCX1 469, el IPP 10). Se excluyeron de la pasada ""ellPEC"", ""dellPEC"" y ""ellMCE"" (fila 1719:4): aparecen junto a siglas que no se pueden corroborar en el corpus y no hay reconstruccion unica."
RPM-2007-07-12:1324:1	2007-07-12	Igal Magendzo Weinberger	1	SIMBOLO_SUELTO	expansión continúan aumentando. ■,\y Menciona también el Gere	expansión continúan aumentando. Menciona también el Gere	Símbolo ■ con basura adyacente, residuo del escaneo. El tipo SIMBOLO_SUELTO fue creado justamente para estos casos («■V», «ry _<< ■» -> se elimina). Medido: 21 apariciones en 20 filas. Se trata cada una con su basura propia porque el ruido que la acompaña varía (■o J, ■,\y, ■', ■J, ■V, / ■ ' /, 4 / ■, i - /■, — f ■, ry _<< ■). En todos los casos las dos oraciones que rodean el residuo quedan completas sin él. Excepción: en 5802:2 se elimina solo el ■ y se deja el paréntesis abierto, porque esa fila ya está marcada RECONSTRUCCION_AMBIGUA_POR_COTEJAR con motivo FINAL_SIN_PUNTUACION.
RPM-2007-07-12:1335:4	2007-07-12	Igal Magendzo Weinberger	1	SIMBOLO_SUELTO	ocesamiento y otros que resultan mayores. fi	ocesamiento y otros que resultan mayores.	"Residuo ""fi"" al final de la fila, tras una oración que cierra completa en ""mayores."". La fila ya viene con motivo FINAL_SIN_PUNTUACION. No es texto: no hay palabra española ""fi"" y la oración anterior no lo necesita."
RPM-2007-11-13:1569:1	2007-11-13	Consejo del Banco Central de Chile	1	LETRA_CONFUNDIDA	egistro mensual del IPCXI (que excluye co	egistro mensual del IPCX1 (que excluye co	"Sigla dañada por el glifo I/l. Medido en toda la salida: 26 apariciones de esta familia, y cada forma tiene su equivalente correcto ampliamente atestiguado en el corpus (el IPC 1.430, el IPoM 1.543, IPCX 649, IPCX1 469, el IPP 10). Se excluyeron de la pasada ""ellPEC"", ""dellPEC"" y ""ellMCE"" (fila 1719:4): aparecen junto a siglas que no se pueden corroborar en el corpus y no hay reconstruccion unica."
RPM-2008-06-10:1904:1	2008-06-10	Beltrán de Ramón Acevedo	1	SIMBOLO_SUELTO	n Estudios y de los seguros de inflación. ■J	n Estudios y de los seguros de inflación.	Símbolo ■ con basura adyacente, residuo del escaneo. El tipo SIMBOLO_SUELTO fue creado justamente para estos casos («■V», «ry _<< ■» -> se elimina). Medido: 21 apariciones en 20 filas. Se trata cada una con su basura propia porque el ruido que la acompaña varía (■o J, ■,\y, ■', ■J, ■V, / ■ ' /, 4 / ■, i - /■, — f ■, ry _<< ■). En todos los casos las dos oraciones que rodean el residuo quedan completas sin él. Excepción: en 5802:2 se elimina solo el ■ y se deja el paréntesis abierto, porque esa fila ya está marcada RECONSTRUCCION_AMBIGUA_POR_COTEJAR con motivo FINAL_SIN_PUNTUACION.
RPM-2008-07-10:1917:1	2008-07-10	José De Gregorio Rebeco	1	LETRA_CONFUNDIDA	idente, consulta si ellPP es mucho más in	idente, consulta si el IPP es mucho más in	"Sigla dañada por el glifo I/l. Medido en toda la salida: 26 apariciones de esta familia, y cada forma tiene su equivalente correcto ampliamente atestiguado en el corpus (el IPC 1.430, el IPoM 1.543, IPCX 649, IPCX1 469, el IPP 10). Se excluyeron de la pasada ""ellPEC"", ""dellPEC"" y ""ellMCE"" (fila 1719:4): aparecen junto a siglas que no se pueden corroborar en el corpus y no hay reconstruccion unica."
RPM-2008-07-10:1917:1	2008-07-10	José De Gregorio Rebeco	2	LETRA_CONFUNDIDA	 ellPC 	 el IPC 	"Sigla dañada por el glifo I/l. Medido en toda la salida: 26 apariciones de esta familia, y cada forma tiene su equivalente correcto ampliamente atestiguado en el corpus (el IPC 1.430, el IPoM 1.543, IPCX 649, IPCX1 469, el IPP 10). Se excluyeron de la pasada ""ellPEC"", ""dellPEC"" y ""ellMCE"" (fila 1719:4): aparecen junto a siglas que no se pueden corroborar en el corpus y no hay reconstruccion unica."
RPM-2009-02-12:2312:1	2009-02-12	Manuel Marfán Lewis	1	SIMBOLO_SUELTO	 través de China al resto de Asia. Y ■	 través de China al resto de Asia.	Símbolo ■ con basura adyacente, residuo del escaneo. El tipo SIMBOLO_SUELTO fue creado justamente para estos casos («■V», «ry _<< ■» -> se elimina). Medido: 21 apariciones en 20 filas. Se trata cada una con su basura propia porque el ruido que la acompaña varía (■o J, ■,\y, ■', ■J, ■V, / ■ ' /, 4 / ■, i - /■, — f ■, ry _<< ■). En todos los casos las dos oraciones que rodean el residuo quedan completas sin él. Excepción: en 5802:2 se elimina solo el ■ y se deja el paréntesis abierto, porque esa fila ya está marcada RECONSTRUCCION_AMBIGUA_POR_COTEJAR con motivo FINAL_SIN_PUNTUACION.
RPM-2009-04-09:2441:6	2009-04-09	Sergio Lehmann Beresi	1	SIMBOLO_SUELTO	en doce meses menos negativas que lo ■ registrado en meses anteri	en doce meses menos negativas que lo registrado en meses anteri	Símbolo ■ con basura adyacente, residuo del escaneo. El tipo SIMBOLO_SUELTO fue creado justamente para estos casos («■V», «ry _<< ■» -> se elimina). Medido: 21 apariciones en 20 filas. Se trata cada una con su basura propia porque el ruido que la acompaña varía (■o J, ■,\y, ■', ■J, ■V, / ■ ' /, 4 / ■, i - /■, — f ■, ry _<< ■). En todos los casos las dos oraciones que rodean el residuo quedan completas sin él. Excepción: en 5802:2 se elimina solo el ■ y se deja el paréntesis abierto, porque esa fila ya está marcada RECONSTRUCCION_AMBIGUA_POR_COTEJAR con motivo FINAL_SIN_PUNTUACION.
RPM-2009-05-07:2530:2	2009-05-07	Claudio Soto Gamboa	1	SIMBOLO_SUELTO	gno claro de rebote en la actividad. / ■ ' / Agrega el señor Soto q	gno claro de rebote en la actividad. Agrega el señor Soto q	Símbolo ■ con basura adyacente, residuo del escaneo. El tipo SIMBOLO_SUELTO fue creado justamente para estos casos («■V», «ry _<< ■» -> se elimina). Medido: 21 apariciones en 20 filas. Se trata cada una con su basura propia porque el ruido que la acompaña varía (■o J, ■,\y, ■', ■J, ■V, / ■ ' /, 4 / ■, i - /■, — f ■, ry _<< ■). En todos los casos las dos oraciones que rodean el residuo quedan completas sin él. Excepción: en 5802:2 se elimina solo el ■ y se deja el paréntesis abierto, porque esa fila ya está marcada RECONSTRUCCION_AMBIGUA_POR_COTEJAR con motivo FINAL_SIN_PUNTUACION.
RPM-2009-05-07:2544:1	2009-05-07	Sebastián Claro Edwards	1	SIMBOLO_SUELTO	ativas de inflación y actividad. / ■ Continuando con su exposici	ativas de inflación y actividad. Continuando con su exposici	Símbolo ■ con basura adyacente, residuo del escaneo. El tipo SIMBOLO_SUELTO fue creado justamente para estos casos («■V», «ry _<< ■» -> se elimina). Medido: 21 apariciones en 20 filas. Se trata cada una con su basura propia porque el ruido que la acompaña varía (■o J, ■,\y, ■', ■J, ■V, / ■ ' /, 4 / ■, i - /■, — f ■, ry _<< ■). En todos los casos las dos oraciones que rodean el residuo quedan completas sin él. Excepción: en 5802:2 se elimina solo el ■ y se deja el paréntesis abierto, porque esa fila ya está marcada RECONSTRUCCION_AMBIGUA_POR_COTEJAR con motivo FINAL_SIN_PUNTUACION.
RPM-2010-03-18:2990:1	2010-03-18	Claudio Soto Gamboa	1	SIMBOLO_SUELTO	n niveles bajos por desacumulación durante ■ el año pasado, o porqu	n niveles bajos por desacumulación durante el año pasado, o porqu	Símbolo ■ con basura adyacente, residuo del escaneo. El tipo SIMBOLO_SUELTO fue creado justamente para estos casos («■V», «ry _<< ■» -> se elimina). Medido: 21 apariciones en 20 filas. Se trata cada una con su basura propia porque el ruido que la acompaña varía (■o J, ■,\y, ■', ■J, ■V, / ■ ' /, 4 / ■, i - /■, — f ■, ry _<< ■). En todos los casos las dos oraciones que rodean el residuo quedan completas sin él. Excepción: en 5802:2 se elimina solo el ■ y se deja el paréntesis abierto, porque esa fila ya está marcada RECONSTRUCCION_AMBIGUA_POR_COTEJAR con motivo FINAL_SIN_PUNTUACION.
RPM-2010-03-18:2990:1	2010-03-18	Claudio Soto Gamboa	2	LETRA_CONFUNDIDA	e efectúe el cierre dellPoM, por lo que, da	e efectúe el cierre del IPoM, por lo que, da	"Sigla dañada por el glifo I/l. Medido en toda la salida: 26 apariciones de esta familia, y cada forma tiene su equivalente correcto ampliamente atestiguado en el corpus (el IPC 1.430, el IPoM 1.543, IPCX 649, IPCX1 469, el IPP 10). Se excluyeron de la pasada ""ellPEC"", ""dellPEC"" y ""ellMCE"" (fila 1719:4): aparecen junto a siglas que no se pueden corroborar en el corpus y no hay reconstruccion unica."
RPM-2010-03-18:2991:1	2010-03-18	José De Gregorio Rebeco	1	LETRA_CONFUNDIDA	ál era la inflación dellPC considerada en 	ál era la inflación del IPC considerada en 	"Sigla dañada por el glifo I/l. Medido en toda la salida: 26 apariciones de esta familia, y cada forma tiene su equivalente correcto ampliamente atestiguado en el corpus (el IPC 1.430, el IPoM 1.543, IPCX 649, IPCX1 469, el IPP 10). Se excluyeron de la pasada ""ellPEC"", ""dellPEC"" y ""ellMCE"" (fila 1719:4): aparecen junto a siglas que no se pueden corroborar en el corpus y no hay reconstruccion unica."
RPM-2010-03-18:2991:1	2010-03-18	José De Gregorio Rebeco	2	LETRA_CONFUNDIDA	 ellPoM 	 el IPoM 	Sigla dañada por el glifo I/l, segunda vuelta: en estas tres filas el defecto cae a pocos caracteres de otro ya corregido en la misma fila y las ventanas se pisaban, asi que se compone un fragmento estrecho o se extiende la operacion existente. Medido en el corpus: el IPoM 1.543, IPCX1 469, del IPCX ampliamente atestiguado.
RPM-2010-03-18:3000:1	2010-03-18	Matías Bernier Bórquez	1	SIMBOLO_SUELTO	una disminución del stock neto en la ■V última semana, en el d	una disminución del stock neto en la última semana, en el d	Símbolo ■ con basura adyacente, residuo del escaneo. El tipo SIMBOLO_SUELTO fue creado justamente para estos casos («■V», «ry _<< ■» -> se elimina). Medido: 21 apariciones en 20 filas. Se trata cada una con su basura propia porque el ruido que la acompaña varía (■o J, ■,\y, ■', ■J, ■V, / ■ ' /, 4 / ■, i - /■, — f ■, ry _<< ■). En todos los casos las dos oraciones que rodean el residuo quedan completas sin él. Excepción: en 5802:2 se elimina solo el ■ y se deja el paréntesis abierto, porque esa fila ya está marcada RECONSTRUCCION_AMBIGUA_POR_COTEJAR con motivo FINAL_SIN_PUNTUACION.
RPM-2010-04-15:3049:2	2010-04-15	Pablo García Silva	1	LETRA_CONFUNDIDA	nía en el escenario dellPoM.	nía en el escenario del IPoM.	"Sigla dañada por el glifo I/l. Medido en toda la salida: 26 apariciones de esta familia, y cada forma tiene su equivalente correcto ampliamente atestiguado en el corpus (el IPC 1.430, el IPoM 1.543, IPCX 649, IPCX1 469, el IPP 10). Se excluyeron de la pasada ""ellPEC"", ""dellPEC"" y ""ellMCE"" (fila 1719:4): aparecen junto a siglas que no se pueden corroborar en el corpus y no hay reconstruccion unica."
RPM-2010-12-16:3619:1	2010-12-16	Claudio Soto Gamboa	1	LETRA_CONFUNDIDA	nes negativas y que ellPCX1 disminuyó por s	nes negativas y que el IPCX1 disminuyó por s	"Sigla dañada por el glifo I/l. Medido en toda la salida: 26 apariciones de esta familia, y cada forma tiene su equivalente correcto ampliamente atestiguado en el corpus (el IPC 1.430, el IPoM 1.543, IPCX 649, IPCX1 469, el IPP 10). Se excluyeron de la pasada ""ellPEC"", ""dellPEC"" y ""ellMCE"" (fila 1719:4): aparecen junto a siglas que no se pueden corroborar en el corpus y no hay reconstruccion unica."
RPM-2010-12-16:3619:1	2010-12-16	Claudio Soto Gamboa	2	LETRA_CONFUNDIDA	ue se está cerrando ellPoM de diciembre, y	ue se está cerrando el IPoM de diciembre, y	"Sigla dañada por el glifo I/l. Medido en toda la salida: 26 apariciones de esta familia, y cada forma tiene su equivalente correcto ampliamente atestiguado en el corpus (el IPC 1.430, el IPoM 1.543, IPCX 649, IPCX1 469, el IPP 10). Se excluyeron de la pasada ""ellPEC"", ""dellPEC"" y ""ellMCE"" (fila 1719:4): aparecen junto a siglas que no se pueden corroborar en el corpus y no hay reconstruccion unica."
RPM-2010-12-16:3619:1	2010-12-16	Claudio Soto Gamboa	3	LETRA_CONFUNDIDA	mbién la corrección dellPC y, en especial,	mbién la corrección del IPC y, en especial,	"Sigla dañada por el glifo I/l. Medido en toda la salida: 26 apariciones de esta familia, y cada forma tiene su equivalente correcto ampliamente atestiguado en el corpus (el IPC 1.430, el IPoM 1.543, IPCX 649, IPCX1 469, el IPP 10). Se excluyeron de la pasada ""ellPEC"", ""dellPEC"" y ""ellMCE"" (fila 1719:4): aparecen junto a siglas que no se pueden corroborar en el corpus y no hay reconstruccion unica."
RPM-2010-12-16:3619:1	2010-12-16	Claudio Soto Gamboa	4	LETRA_CONFUNDIDA	 deIIPCX1 	 del IPCX1 	"Sigla dañada por el glifo I/l. Medido en toda la salida: 26 apariciones de esta familia, y cada forma tiene su equivalente correcto ampliamente atestiguado en el corpus (el IPC 1.430, el IPoM 1.543, IPCX 649, IPCX1 469, el IPP 10). Se excluyeron de la pasada ""ellPEC"", ""dellPEC"" y ""ellMCE"" (fila 1719:4): aparecen junto a siglas que no se pueden corroborar en el corpus y no hay reconstruccion unica."
RPM-2010-12-16:3634:1	2010-12-16	Felipe Larraín Bascuñán	1	LETRA_CONFUNDIDA	1%, mientras que el IPX1 disminuyó 0,2%,	1%, mientras que el IPCX1 disminuyó 0,2%,	"Sigla dañada por el glifo I/l. Medido en toda la salida: 26 apariciones de esta familia, y cada forma tiene su equivalente correcto ampliamente atestiguado en el corpus (el IPC 1.430, el IPoM 1.543, IPCX 649, IPCX1 469, el IPP 10). Se excluyeron de la pasada ""ellPEC"", ""dellPEC"" y ""ellMCE"" (fila 1719:4): aparecen junto a siglas que no se pueden corroborar en el corpus y no hay reconstruccion unica."
RPM-2012-09-13:5072:1	2012-09-13	Manuel Marfán Lewis	1	SIMBOLO_SUELTO	cita la opinión del staff sobre el tema. ■V	cita la opinión del staff sobre el tema.	Símbolo ■ con basura adyacente, residuo del escaneo. El tipo SIMBOLO_SUELTO fue creado justamente para estos casos («■V», «ry _<< ■» -> se elimina). Medido: 21 apariciones en 20 filas. Se trata cada una con su basura propia porque el ruido que la acompaña varía (■o J, ■,\y, ■', ■J, ■V, / ■ ' /, 4 / ■, i - /■, — f ■, ry _<< ■). En todos los casos las dos oraciones que rodean el residuo quedan completas sin él. Excepción: en 5802:2 se elimina solo el ■ y se deja el paréntesis abierto, porque esa fila ya está marcada RECONSTRUCCION_AMBIGUA_POR_COTEJAR con motivo FINAL_SIN_PUNTUACION.
RPM-2012-09-13:5085:1	2012-09-13	Joaquín Vial Ruiz-Tagle	1	SIMBOLO_SUELTO	as variables en los próximos meses. 4 / ■ En consideración a que aún no se	as variables en los próximos meses. En consideración a que aún no se	Símbolo ■ con basura adyacente, residuo del escaneo. El tipo SIMBOLO_SUELTO fue creado justamente para estos casos («■V», «ry _<< ■» -> se elimina). Medido: 21 apariciones en 20 filas. Se trata cada una con su basura propia porque el ruido que la acompaña varía (■o J, ■,\y, ■', ■J, ■V, / ■ ' /, 4 / ■, i - /■, — f ■, ry _<< ■). En todos los casos las dos oraciones que rodean el residuo quedan completas sin él. Excepción: en 5802:2 se elimina solo el ■ y se deja el paréntesis abierto, porque esa fila ya está marcada RECONSTRUCCION_AMBIGUA_POR_COTEJAR con motivo FINAL_SIN_PUNTUACION.
RPM-2013-02-14:5389:1	2013-02-14	Joaquín Vial Ruiz-Tagle	1	SIMBOLO_SUELTO	es más profunda que lo que se pensaba. i - /■ Además, alude al deter	es más profunda que lo que se pensaba. Además, alude al deter	Símbolo ■ con basura adyacente, residuo del escaneo. El tipo SIMBOLO_SUELTO fue creado justamente para estos casos («■V», «ry _<< ■» -> se elimina). Medido: 21 apariciones en 20 filas. Se trata cada una con su basura propia porque el ruido que la acompaña varía (■o J, ■,\y, ■', ■J, ■V, / ■ ' /, 4 / ■, i - /■, — f ■, ry _<< ■). En todos los casos las dos oraciones que rodean el residuo quedan completas sin él. Excepción: en 5802:2 se elimina solo el ■ y se deja el paréntesis abierto, porque esa fila ya está marcada RECONSTRUCCION_AMBIGUA_POR_COTEJAR con motivo FINAL_SIN_PUNTUACION.
RPM-2013-03-14:5445:1	2013-03-14	Joaquín Vial Ruiz-Tagle	1	SIMBOLO_SUELTO	nergía. Por último, expresa que se ■ v acrecienta el riesgo polít	nergía. Por último, expresa que se acrecienta el riesgo polít	Símbolo ■ con basura adyacente, residuo del escaneo. El tipo SIMBOLO_SUELTO fue creado justamente para estos casos («■V», «ry _<< ■» -> se elimina). Medido: 21 apariciones en 20 filas. Se trata cada una con su basura propia porque el ruido que la acompaña varía (■o J, ■,\y, ■', ■J, ■V, / ■ ' /, 4 / ■, i - /■, — f ■, ry _<< ■). En todos los casos las dos oraciones que rodean el residuo quedan completas sin él. Excepción: en 5802:2 se elimina solo el ■ y se deja el paréntesis abierto, porque esa fila ya está marcada RECONSTRUCCION_AMBIGUA_POR_COTEJAR con motivo FINAL_SIN_PUNTUACION.
RPM-2013-06-13:5632:1	2013-06-13	Manuel Marfán Lewis	1	SIMBOLO_SUELTO	ían sobrepasado las brechas de capacidad. A su /■ Y juicio, resulta tranqu	ían sobrepasado las brechas de capacidad. A su juicio, resulta tranqu	Símbolo ■ con basura adyacente, residuo del escaneo. El tipo SIMBOLO_SUELTO fue creado justamente para estos casos («■V», «ry _<< ■» -> se elimina). Medido: 21 apariciones en 20 filas. Se trata cada una con su basura propia porque el ruido que la acompaña varía (■o J, ■,\y, ■', ■J, ■V, / ■ ' /, 4 / ■, i - /■, — f ■, ry _<< ■). En todos los casos las dos oraciones que rodean el residuo quedan completas sin él. Excepción: en 5802:2 se elimina solo el ■ y se deja el paréntesis abierto, porque esa fila ya está marcada RECONSTRUCCION_AMBIGUA_POR_COTEJAR con motivo FINAL_SIN_PUNTUACION.
RPM-2013-08-13:5719:1	2013-08-13	Claudio Soto Gamboa	1	SIMBOLO_SUELTO	rcibe por sobre los niveles deseados. — f ■	rcibe por sobre los niveles deseados.	Símbolo ■ con basura adyacente, residuo del escaneo. El tipo SIMBOLO_SUELTO fue creado justamente para estos casos («■V», «ry _<< ■» -> se elimina). Medido: 21 apariciones en 20 filas. Se trata cada una con su basura propia porque el ruido que la acompaña varía (■o J, ■,\y, ■', ■J, ■V, / ■ ' /, 4 / ■, i - /■, — f ■, ry _<< ■). En todos los casos las dos oraciones que rodean el residuo quedan completas sin él. Excepción: en 5802:2 se elimina solo el ■ y se deja el paréntesis abierto, porque esa fila ya está marcada RECONSTRUCCION_AMBIGUA_POR_COTEJAR con motivo FINAL_SIN_PUNTUACION.
RPM-2013-09-12:5802:2	2013-09-12	Rodrigo Vergara Montes	1	SIMBOLO_SUELTO	serto en el Acta de esta Sesión: ( ■	serto en el Acta de esta Sesión: (	Símbolo ■ con basura adyacente, residuo del escaneo. El tipo SIMBOLO_SUELTO fue creado justamente para estos casos («■V», «ry _<< ■» -> se elimina). Medido: 21 apariciones en 20 filas. Se trata cada una con su basura propia porque el ruido que la acompaña varía (■o J, ■,\y, ■', ■J, ■V, / ■ ' /, 4 / ■, i - /■, — f ■, ry _<< ■). En todos los casos las dos oraciones que rodean el residuo quedan completas sin él. Excepción: en 5802:2 se elimina solo el ■ y se deja el paréntesis abierto, porque esa fila ya está marcada RECONSTRUCCION_AMBIGUA_POR_COTEJAR con motivo FINAL_SIN_PUNTUACION.
