Tipo_Cambio,ID_Padre,SHA256_Texto_Padre,ID_Actual,Actor_Actual,Fuente_Actor,ID_Turno,Alertas_Actuales,Texto_Actual
METADATOS_ATRIBUCION,644,4d0ec7f0ca45ca994334bb8094622dd350fe8225fe1958d6d7d6120f2f008c73,850,Vittorio Corbo Lioi,SUJETO_ROL_NOMBRE,RPM-2006-04-13:T50,,"El Presidente, señor Vittorio Corbo, suspende la Sesión a las 12:55 horas e informa que la misma se reanudará a las 16:00 horas."
METADATOS_ATRIBUCION,644,4d0ec7f0ca45ca994334bb8094622dd350fe8225fe1958d6d7d6120f2f008c73,851,Consejo del Banco Central de Chile,ACTA/META,RPM-2006-04-13:T51,,"Siendo las 16:00 horas, se reanuda la Sesión de Política Monetaria N° 91. No se encuentra presente en la Sala, la Secretaria Ejecutiva de la Presidencia señora Cecilia Feliú Carrizo."
METADATOS_ATRIBUCION,644,4d0ec7f0ca45ca994334bb8094622dd350fe8225fe1958d6d7d6120f2f008c73,852,Vittorio Corbo Lioi,SUJETO_ROL_NOMBRE,RPM-2006-04-13:T52,,"A continuación, el Presidente, don Vittorio Corbo, solicita al Gerente de División Estudios, don Rodrigo Valdés, que presente las Opciones de Política Monetaria."
METADATOS_ATRIBUCION,644,4d0ec7f0ca45ca994334bb8094622dd350fe8225fe1958d6d7d6120f2f008c73,853,Rodrigo Valdés Pulido,CONTEXTO_REVISADO,RPM-2006-04-13:T53,TEXTO_DANADO_POR_COTEJAR,"El señor Gerente de División mencionado informó lo siguiente: 1. Con los antecedentes disponibles, las opciones que parecen plausibles para esta reunión son mantener o aumentar la tasa de política monetaria en 25 puntos base. 2. Las novedades no parecen suficientes para hacer cambios fundamentales al panorama macroeconómico central discutido en los últimos meses, y que justifica una normalización pausada de la tasa de política monetaria. Si algo, las novedades ratifican que no sería necesario acelerar el ritmo de normalización de la política monetaria. La mayoría de las medidas de tendencia inflacionaria y las expectativas de inflación se mantienen en torno a 3%, las pequeñas holguras que subsisten, más allá de vaivenes mensuales en las cifras de actividad, parecen estar copándose gradualmente, y la política monetaria es aún expansiva. Para mantener este cuadro de inflación y expectativas bien ancladas, y así favorecer la sostenibilidad de este ciclo expansivo, es necesario continuar retirando el estímulo monetario que persiste, lo que además es esperado por los mercados. 3. Con todo, cabe consignar que, de sostenerse en el tiempo, hay novedades que sí podrían modificar el escenario en algunas dimensiones relevantes. A este respecto, cabe notar los mayores precios del cobre, los que configuran un escenario de mayores términos de intercambio, y más persistente, de lo proyectado en meses anteriores, con efectos en el gasto del gobierno a partir de 2007 y sobre la trayectoria del tipo de cambio. Por otro lado, la actividad interna está mostrando un menor empuje del que se preveía, situación que, en todo caso, no debería sostenerse. Se destaca además el riesgo de que el precio del petróleo no descienda como se espera. 4. Se puede justificar aumentar la tasa de política monetaria en esta reunión simplemente a partir de la validación del escenario central. Un alza hoy es plenamente coherente con este escenario y es esperada por el mercado. Apoyan esta opción el que las condiciones financieras se mantienen expansivas, en un cuadro en que la tendencia inflacionaria se ubica en el centro del rango meta y las holguras no son significativas. Aunque el aumento de los CLU se suma a estos argumentos, cabe mencionar que la velocidad de incremento de estos costos entrega un cuadro más benigno del que se percibe de sus variaciones anuales. A ello se suman los temas de interpretación por cambios de metodología y cambio de composición. Se estima, por lo tanto, que la evolución de los costos laborales U 5. Por otro lado, se podría justificar mantener la tasa de política monetaria considerando el menor crecimiento que está mostrando la actividad, la reducida inflación IPCX1 y el efecto desinflacionario que debería tener el menor tipo de cambio, de mantenerse el mayor valor del peso en el tiempo. Sin embargo, hay que considerar que la evidencia apunta a que el menor empuje de la actividad no es un fenómeno de demanda, sino que más bien obedecería a shocks de oferta en sectores específicos que ocurrirían por una sola vez, por lo que sus efectos en una menor inflación no serían significativos ni perdurables. Asimismo, se estima que la menor inflación IPCX1 debería revertirse. A esto último se agrega que las medidas de inflación IPC_F han seguido aumentando. 6. Además de las consideraciones anteriores, la mantención de la tasa de política monetaria en esta oportunidad sería una sorpresa para el mercado, considerando que las expectativas son de un alza en su mayoría. Tampoco sería una acción de política fácil de explicar. Por el contrario, un aumento de 25 puntos base, al estar internalizada en la estructura de precios financieros, no debiera tener mayores efectos y sería comprendida con relativa facilidad."
METADATOS_ATRIBUCION,644,4d0ec7f0ca45ca994334bb8094622dd350fe8225fe1958d6d7d6120f2f008c73,854,Vittorio Corbo Lioi,SUJETO_ROL_NOMBRE,RPM-2006-04-13:T54,,"El Presidente señor Vittorio Corbo, ofrece la palabra a los asistentes para comentarios."
METADATOS_ATRIBUCION,644,4d0ec7f0ca45ca994334bb8094622dd350fe8225fe1958d6d7d6120f2f008c73,855,Klaus Schmidt-Hebbel Dunker,SUJETO_ROL_NOMBRE,RPM-2006-04-13:T55,FINAL_SIN_PUNTUACION,"El señor Gerente de Investigación Económica, señor Klaus Schmidt-Hebbel Dunker, señala que las novedades del mes se concentran intensamente en las condiciones externas que enfrenta la economía chilena y, en particular, en los precios de los commodities. Indica que con este shock, se corrige en 14,4 puntos porcentuales la proyección de los términos de intercambio promedio para el año 2006 y, con toda seguridad, en alguna medida las proyecciones de mediano plazo para los años siguientes. Agrega, asimismo, que este shock de términos de intercambio se debe a un incremento de unos UScts 40 por libra de cobre y unos US$ 4 por barril del petróleo, que llevan, en forma combinada, a unos 2 puntos base del PIB de mayor ingreso (y ahorro) fiscal y, aproximadamente 0,7% de aumento en el ingreso privado disponible en el año 2006. También hace presente el señor Gerente de Investigación Económica, que en las condiciones internas no hay novedades de la magnitud de las externas, y tienden a ser de signo contrario. Por una parte, el crecimiento del primer trimestre es más débil de lo esperado, poniéndose en duda la proyección de crecimiento inicial para el año. Por otra parte, señala que el crecimiento del empleo y de la fuerza de trabajo sigue a ritmo más elevado de lo anticipado. Agrega, el señor Schmidt-Hebbel, que el escenario base involucra, en su opinión, dos escenarios de riesgo importantes. El primero, es de un mayor crecimiento que el que se está proyectando actualmente (eventual escenario IPoM) para 2006 y, para 2007, que supone una aproximación asintótica, desde abajo, del PIB efectivo al PIB potencial. Estima que, a la luz de la experiencia internacional, es altamente improbable esta convergencia asintótica. En las actuales y muy excepcionales condiciones externas e internas que benefician a la economía chilena, la experiencia mundial sugiere que el crecimiento mayor al potencial seguiría todavía por un buen tiempo, llevando al producto a niveles por encima del potencial y a la tasa de desempleo por debajo de su nivel natural, estimado en 8% para Chile. Señala el señor Schmidt-Hebbel que son muy excepcionales las experiencias internacionales de países maduros que, en condiciones internacionales tan prósperas como las nuestras en la actualidad, logran evitar la correspondiente fase holgada de sus ciclos económicos. Menciona el señor Gerente de Investigación Económica, que el segundo riesgo al cual se enfrenta la economía chilena es de una significativa apreciación nominal y real adicional, empujando el valor del dólar bastante por debajo de los actuales $513 por dólar. Ello"
METADATOS_ATRIBUCION,644,4d0ec7f0ca45ca994334bb8094622dd350fe8225fe1958d6d7d6120f2f008c73,856,Manuel Marfán Lewis,CONTEXTO_REVISADO,RPM-2006-04-13:T56,,"Consulta el Consejero señor Marfán, por qué una combinación de aumento de precio del cobre y del precio del petróleo, significa un mejor ingreso disponible privado."
METADATOS_ATRIBUCION,644,4d0ec7f0ca45ca994334bb8094622dd350fe8225fe1958d6d7d6120f2f008c73,857,Klaus Schmidt-Hebbel Dunker,SUJETO_NOMBRE,RPM-2006-04-13:T57,,"El señor Schmidt-Hebbel, responde al señor Consejero, que el aumento del ingreso disponible privado se basa en estimaciones presentadas en una minuta de la División Estudios de hace dos semanas atrás, que mide el impacto de alzas en el precio del cobre y del petróleo sobre el ingreso disponible privado."
METADATOS_ATRIBUCION,644,4d0ec7f0ca45ca994334bb8094622dd350fe8225fe1958d6d7d6120f2f008c73,858,Manuel Marfán Lewis,SUJETO_ROL_NOMBRE,RPM-2006-04-13:T58,,"El Consejero señor Marfán, en relación a lo anterior, consulta la razón por la cual los privados ganan con el aumento del precio del cobre."
METADATOS_ATRIBUCION,644,4d0ec7f0ca45ca994334bb8094622dd350fe8225fe1958d6d7d6120f2f008c73,859,Klaus Schmidt-Hebbel Dunker,SUJETO_NOMBRE,RPM-2006-04-13:T59,,"Señala el señor Schmidt-Hebbel, que el impacto de un mayor precio del cobre sobre el producto puede verse reflejado en el impacto de los términos de intercambio, en la ecuación de producto o IS en el modelo de proyecciones del Banco Central de Chile."
METADATOS_ATRIBUCION,644,4d0ec7f0ca45ca994334bb8094622dd350fe8225fe1958d6d7d6120f2f008c73,860,Manuel Marfán Lewis,SUJETO_NOMBRE,RPM-2006-04-13:T60,,Agrega el señor Marfán que ello se refiere a empresas extranjeras.
METADATOS_ATRIBUCION,644,4d0ec7f0ca45ca994334bb8094622dd350fe8225fe1958d6d7d6120f2f008c73,861,Klaus Schmidt-Hebbel Dunker,SUJETO_NOMBRE,RPM-2006-04-13:T61,,"El señor Schmidt-Hebbel, indica que existen dueños chilenos de una empresa privada grande de cobre y, además, los productores privados pequeños y medianos de cobre. El cálculo presentado para el ingreso privado disponible, precisamente, refleja las ganancias en ingreso de los privados nacionales, una vez que se descuenta de los mayores ingresos domésticos o geográficos, lo correspondiente a los mayores ingresos del Estado y de aquéllos repatriados como dividendos al exterior de los dueños extranjeros de la gran minería del cobre."
METADATOS_ATRIBUCION,664,5f08e3e94c1cf7b833c59ccac25bcd8879a94e3fecdfbd7140aedb258ced277d,899,Vittorio Corbo Lioi,SUJETO_ROL_NOMBRE,RPM-2006-05-11:T23,,"El Presidente señor Vittorio Corbo señala, sobre el mismo tema, que si se observa desde el año 1992 al 2002, nunca hubo un tipo de cambio de 620 - 640, con las paridades de hoy."
METADATOS_ATRIBUCION,664,5f08e3e94c1cf7b833c59ccac25bcd8879a94e3fecdfbd7140aedb258ced277d,900,Andrés Velasco Brañes,SUJETO_ROL_NOMBRE,RPM-2006-05-11:T24,FINAL_SIN_PUNTUACION,"Finalmente, el señor Ministro de Hacienda, señor Andrés Velasco, en relación a lo informado por el señor Gerente de Análisis Macroeconómico en cuanto a la baja de trayectoria de crecimiento, contenido en el resumen del iPoM, le parece que no solamente la"
METADATOS_ATRIBUCION,664,5f08e3e94c1cf7b833c59ccac25bcd8879a94e3fecdfbd7140aedb258ced277d,901,Vittorio Corbo Lioi,CONTEXTO_REVISADO,RPM-2006-05-11:T25,,"El Presidente, señor Vittorio Corbo, suspende la Sesión a las 13:20 horas e informa que la misma se reanudará a las 16:00 horas."
METADATOS_ATRIBUCION,664,5f08e3e94c1cf7b833c59ccac25bcd8879a94e3fecdfbd7140aedb258ced277d,902,Consejo del Banco Central de Chile,ACTA/META,RPM-2006-05-11:T26,,"Siendo las 16:00 horas, se reanuda la Sesión de Política Monetaria N° 92."
METADATOS_ATRIBUCION,664,5f08e3e94c1cf7b833c59ccac25bcd8879a94e3fecdfbd7140aedb258ced277d,903,Vittorio Corbo Lioi,SUJETO_ROL_NOMBRE,RPM-2006-05-11:T27,,"A continuación, el Presidente, don Vittorio Corbo, solicita al Gerente de División Estudios, don Rodrigo Valdés, que presente las Opciones de Política Monetaria."
METADATOS_ATRIBUCION,664,5f08e3e94c1cf7b833c59ccac25bcd8879a94e3fecdfbd7140aedb258ced277d,904,Rodrigo Valdés Pulido,CONTEXTO_REVISADO,RPM-2006-05-11:T28,TEXTO_DANADO_POR_COTEJAR,"El señor Gerente de División mencionado informó lo siguiente: En la reunión de política monetaria de abril, el Consejo decidió aumentar la tasa de interés de política monetaria hasta 5% anual, luego de haberla aumentado en febrero y mantenido en marzo. En la decisión se consideró que la inflación continuaba con una trayectoria similar a la esperada en el último Informe de Política Monetaria, el entorno externo relevante para la economía chilena era muy favorable, el empleo crecía a tasas elevadas y las condiciones financieras continuaban expansivas. Se consignó que la actividad habría crecido algo menos que lo esperado en el primer trimestre, influida por el bajo desempeño circunstancial de algunos sectores. Con la excepción del sorprendente aumento del precio del cobre, el desempeño macroeconómico se mantiene en línea con lo analizado en la última reunión. Las novedades más importantes son las siguientes: • El precio del cobre ha seguido aumentando muy por encima de lo proyectado, ubicándose sobre US$ 3,5 por libra en lo más reciente. Se prevé que los términos de intercambio, en vez de disminuir 4,4% durante este año (escenario IPoM anterior), aumentarán casi 13%. El panorama de crecimiento mundial se mantiene muy favorable. • En el país, la información disponible continúa validando que el crecimiento del PIB en 2006, será más débil que en trimestres anteriores, en torno a su tendencia y con una disminución de su velocidad de expansión. Se espera que esta desaceleración se revierta en 2006, aunque el crecimiento anual continuaría moderado durante este trimestre. Las últimas cifras muestran que la demanda interna continúa en un proceso de desaceleración, desde los elevados niveles alcanzados a fines del año pasado. • En el mercado laboral, ha seguido el dinamismo del empleo identificado en los últimos meses y que se corrobora en distintas fuentes. La mayor participación laboral, sin embargo, mantiene un leve aumento en el desempleo desestacionalizado, fenómeno que puede estar influido por el cambio de muestras de la encuesta de empleo. La tasa de crecimiento anual de los costos laborales unitarios continúa incrementándose, pero con una velocidad decreciente y bastante volátil y salarios cuyo crecimiento anual sigue disminuyendo. En lo fundamental, son las caídas de las medidas de productividad las que explican el aumento de los CLU. n - 1-1 • La expansividad de las condiciones financieras se ha atenuado en el margen por el aumento de las tasas de interés de mediano y largo plazo, que ha sido más marcado para los instrumentos reajustables. La tasa de crecimiento anual del crédito y de los agregados monetarios se mantiene elevada, la velocidad de expansión del dinero sigue baja y la del crédito no muestra una aceleración adicional. • La paridad peso/dólar está en niveles similares a los de la última reunión, pero en términos multilaterales el peso ha tenido una depreciación cercana a 2%. En términos reales se ubica levemente por debajo de las distintas estimaciones de TCR de largo plazo. • La inflación del IPC se ubicó en marzo algo por encima de lo esperado el mes anterior, fundamentalmente por la incidencia de ítems específicos como las contribuciones de bienes raíces. El IPCX1, en cambio, se ha mantenido en línea con las estimaciones. 3. Las proyecciones preparadas para el Informe de Política Monetaria de mayo consideran que, en el escenario más probable, la actividad crecerá este año y el próximo algo más que el PIB de tendencia. Las holguras de capacidad se coparían este año, mientras el próximo registraría una pequeña brecha positiva. A su vez, la inflación subyacente IPCX1 mostrará un leve aumento durante los próximos dos años, mientras la inflación del IPC disminuirá hacia el centro del rango meta, ayudada por la baja esperada del precio de los combustibles, con algunos vaivenes que reflejarían el efecto de bases de comparación. Todo esto ocurriría bajo el supuesto de normalización gradual de la política monetaria y de las condiciones externas, así como de una depreciación moderada del peso en términos reales. En concreto, se proyecta un crecimiento del PIB de 5,5% para el 2006 y de 6,2% el 2007, y una inflación promedio de 3,5% el 2006 y de 3,1% el 2007. A 12 y 24 meses la inflación se proyecta en 3%. Coherente con este escenario está el supuesto de que la tasa de interés de política monetaria aumentaría en los próximos trimestres a un ritmo similar al implícito durante las últimas dos semanas en los instrumentos financieros, eso es, en alrededor de 75 puntos base de aquí a fin de año. 4. Con los antecedentes disponibles, las opciones que parecen plausibles para esta reunión son mantener la TPM o aumentarla en 25 puntos base. 5. De acuerdo con el escenario central delineado, para mantener la inflación en torno a 3% es necesario continuar aumentando pausadamente la tasa de interés, y así reducir el sesgo expansivo que aún mantiene la política monetaria. Esto puede implementarse aumentando la TPM tanto en esta reunión como en las siguientes. 6. Se puede justificar la mantención en esta oportunidad considerando, primero, que el escenario central permite varias pausas durante este año, sin comprometer la alineación de la inflación proyectada con el centro del rango meta. Aunque, como se analiza luego, la evaluación de algunos riesgos podría respaldar la idea de adelantar ajustes, el escenario central no requiere de una gran velocidad de ajustes. Este escenario refleja que las alzas de la TPM de los últimos trimestres han atenuado la expansividad de la política monetaria, y que la demanda interna se está desacelerando de manera relativamente ordenada. 7. Existen otras razones para justificar la mantención de la TPM a partir de la información acumulada desde la última RPM. En efecto, se ha reafirmado el escenario de crecimiento moderado para la primera mitad de este año y la tendencia inflacionaria, medida por el IPCX1 y otros indicadores, así como por las expectativas de inflación, que se comportan de manera apropiada. Además, desde el punto de vista de los costos, la persistencia que 8. La opción de aumentar la TPM en esta oportunidad se podría justificar si se evalúa que la combinación de escenarios alternativos que se enfrentan, junto al sesgo expansivo que mantiene la política monetaria, implique que adelantar la decisión reduce los riesgos de tener que realizar ajustes abruptos a futuro, es decir, sea un seguro. Entre otros factores, apoyan esta evaluación los riesgos de que el mayor precio del cobre genere un crecimiento excesivo de la demanda interna (v.gr., a través de la política fiscal), de que las condiciones crediticias empujen el gasto más allá de lo contemplado en las proyecciones, y de que el mayor precio del petróleo, o las posibilidades de que no disminuya como se presupuesta, impulsen una mayor inflación o un comportamiento menos benigno de las expectativas. Sin embargo, también hay riesgos en el sentido contrario. Por ejemplo, una caída sustancial del precio del cobre luego de las alzas recientes, las que han ocurrido sin una contrapartida evidente en los fundamentos, o que la apreciación del peso sea más persistente que lo que supone el escenario base. Adicionalmente, se estima que ninguno de estos riesgos parece apremiante, en el sentido de que hay tiempo para verificar cómo se desenvuelven para evaluar acciones de política. 9. Finalmente, desde el punto de vista táctico, a favor de la opción de mantener está el hecho de que en la decisión de la reunión anterior se comunicó que se continuaba con una trayectoria de ajustes graduales de la TPM, en particular que ajustes pausados de la tasa de interés siguen siendo necesarios, pero su oportunidad dependerá de las implicancias de las noticias que ante un cuadro en que, aparte del precio del cobre, no hay grandes novedades, un alza podría dar cuenta de que el Consejo está cambiando su evaluación respecto de la marcha de la economía. Más aún, para los analistas y el mercado, una de las grandes novedades del mes fueron las cifras más reducidas del primer trimestre, que están recién procesando e internalizando y que, si algo, apuntarían hacia una trayectoria más pausada. De hecho, la expectativa mayoritaria para esta reunión es de mantención. Un alza, por lo tanto, sería una sorpresa difícil de explicar y cuyos efectos podrían ser significativos en los precios financieros."
METADATOS_ATRIBUCION,664,5f08e3e94c1cf7b833c59ccac25bcd8879a94e3fecdfbd7140aedb258ced277d,905,Vittorio Corbo Lioi,SUJETO_ROL_NOMBRE,RPM-2006-05-11:T29,,"El Presidente señor Vittorio Corbo, ofrece la palabra a los asistentes para comentarios."
METADATOS_ATRIBUCION,770,2f9a853d5b516583af1afa0664630b0a3410c6d0e0c0753ba120c2385d233e73,1041,Vittorio Corbo Lioi,SUJETO_ROL_NOMBRE,RPM-2006-07-13:T53,,"El Presidente, señor Vittorio Corbo, suspende la Sesión a las 13:15 horas e informa que la misma se reanudará a las 16:00 horas."
METADATOS_ATRIBUCION,770,2f9a853d5b516583af1afa0664630b0a3410c6d0e0c0753ba120c2385d233e73,1042,Consejo del Banco Central de Chile,ACTA/META,RPM-2006-07-13:T54,,"Siendo las 16:00 horas, se reanuda la Sesión de Política Monetaria N° 95."
METADATOS_ATRIBUCION,770,2f9a853d5b516583af1afa0664630b0a3410c6d0e0c0753ba120c2385d233e73,1043,Vittorio Corbo Lioi,SUJETO_ROL_NOMBRE,RPM-2006-07-13:T55,,"A continuación, el Presidente, don Vittorio Corbo, solicita al Gerente de División Estudios, don Rodrigo Valdés, que presente las Opciones de Política Monetaria."
METADATOS_ATRIBUCION,770,2f9a853d5b516583af1afa0664630b0a3410c6d0e0c0753ba120c2385d233e73,1044,Rodrigo Valdés Pulido,CONTEXTO_REVISADO,RPM-2006-07-13:T56,TEXTO_DANADO_POR_COTEJAR,"El señor Gerente de División mencionado informó lo siguiente: En la reunión de política monetaria de junio, el Consejo decidió mantener la tasa de interés de política monetaria en 5% anual por segundo mes consecutivo. En la decisión se consideró que la inflación y la demanda interna seguían con una trayectoria dentro de lo previsto en el último IPoM, pero el crecimiento de la actividad era menor de lo esperado, probablemente por factores no persistentes. Además, las condiciones financieras internas eran algo menos expansivas que en meses anteriores, y las condiciones financieras que enfrentaban las economías emergentes se habían tornado menos ventajosas. Señala el señor Gerente de División Estudios que, desde la última reunión, las principales novedades son las siguientes: • La volatilidad en los mercados financieros internacionales se redujo significativamente y las condiciones financieras que enfrentan las economías emergentes no continuaron deteriorándose, y se mantienen ventajosas. • A pesar del menor crecimiento que muestra Estados Unidos de América en línea con lo esperado, el escenario de crecimiento mundial se mantiene robusto. En tanto, los precios del cobre y del petróleo han vuelto a aumentar, lo que lleva a modificar al alza sus proyecciones para los próximos meses. • En el último mes no continuó la reducción en el grado de expansividad de las condiciones financieras observado en los meses previos. Ello se advierte en las tasas de interés reajustables de documentos del Banco Central de Chile y en la evolución de los agregados monetarios y del crédito. • El peso mostró una leve apreciación respecto del dólar y se mantuvo prácticamente estable en términos multilaterales. Con ello, el TCR se ubica en torno a 93,5%. • El crecimiento de la actividad de mayo mostró una importante recuperación, confirmando la evaluación de que la debilidad de abril fue mayormente transitoria. Sin embargo, las proyecciones sectoriales para el tercer trimestre apuntan a que el empuje de la actividad sería algo menor a lo proyectado en el IPoM. La demanda interna se estaría desacelerando dentro de lo previsto en el segundo trimestre, pero la inversión nuevamente se ve más débil que lo anticipado. • El crecimiento anua! de los salarios no ha mostrado cambios mayores, manteniendo un comportamiento favorable para la estabilidad de precios. Los cambios metodológicos siguen dificultando la evaluación del mercado laboral, pero un primer empalme muestra cierta disminución en la tasa de crecimiento del empleo desde fines del • La inflación del IPC de junio se ubicó dentro de lo esperado (3,9%), mientras el IPCX1 volvió a estar marginalmente por debajo. El panorama de corto plazo para la inflación subyacente IPCX1 se mantiene como en el IPoM de mayo, pero el aumento del precio del petróleo lleva a una proyección de inflación de más de medio punto por encima en el plazo de 6 meses. Otras medidas de tendencia inflacionaria no muestran un sesgo particular y las expectativas se mantienen bien ancladas. Agrega el señor Valdés que, con los antecedentes disponibles, las opciones que parecen más plausibles para esta reunión son mantener la tasa de política monetaria o aumentarla en 25 puntos base. Asimismo, indica que respecto de lo que se veía en la reunión anterior, los antecedentes disponibles dan cuenta de un escenario macroeconómico para el segundo trimestre más acorde con el delineado en el último IPoM. En particular, los mejores indicadores de actividad de mayo, que apuntan a que el bajón que mostró la actividad en abril habría sido transitorio en su mayor parte, el buen crecimiento que muestra el componente resto de la demanda interna y la disminución de la volatilidad financiera externa, dan cuenta de un panorama coherente con continuar la estrategia de normalización gradual de la política monetaria. Considerando que las holguras disponibles serían escasas, que se espera un mayor impulso fiscal el próximo año, que distintas medidas de la tendencia inflacionaria ya se ubican en torno a 3% y que las condiciones financieras son aún expansivas, con una tasa de política monetaria por debajo de distintas estimaciones de neutralidad, sigue siendo necesario normalizar la política monetaria para que la inflación efectivamente se ubique en torno a 3% de manera sostenible. Además de validar la estrategia de normalización pausada, se podría justificar la oportunidad de un alza en esta reunión por algunas de las novedades del mes. En opinión del señor Valdés, en primer lugar, el mayor precio del petróleo lleva a proyectar un escenario de inflación IPC para los próximos meses bastante más alto que el contemplado en el escenario base del IPoM y de las expectativas que hoy maneja el mercado, y que incluso supera el 4% a fin de año. Si bien este es un shock de precios de efecto contractivo, y por una sola vez, es necesario cautelar sus posibles efectos de segunda vuelta, con el riesgo de que éstos sean más significativos dado que las holguras no son amplias. Si se juzga necesaria una reacción de política por este concepto, una interrogante táctica no resuelta es si debería ajustarse la tasa de política monetaria antes o después de que el mercado/analistas/público internalice este shock. A este shock de precios se suman los efectos de la depreciación del peso. El TCR (spot) se ubica en niveles comparables a los observados en la reunión anterior y por encima del escenario base del IPoM. Su efecto directo en inflación sería de cerca de un cuarto de punto de inflación adicional en el horizonte de dos años. En segundo lugar, la expansividad de las condiciones financieras internas no ha continuado disminuyendo. Incluso, dependiendo de cómo se ponderen distintos factores, se podría argumentar que ha aumentado. Ello es especialmente notorio en las tasas de interés reajustables de largo plazo, en el MI y en algunos componentes del crédito. Señala el señor Valdés que, por otro lado, también hay novedades que podrían justificar mantener la tasa de política monetaria en esta oportunidad. Cada una tomada por separado, no es especialmente informativa, pero en conjunto podrían validar la hipótesis de que las holguras son en la actualidad algo mayores y/o su copamiento podría progresar algo Además, hace presente el señor Gerente de División Estudios, que una consideración adicional que eventualmente podría apoyar la opción de otra pausa es la incertidumbre que se enfrenta respecto de cuán expansiva es en realidad la política monetaria y cómo se absorben en la economía las alzas de los últimos trimestres. Como se sabe, este tipo de interrogante es más difícil en la medida en que el estímulo de la política monetaria es menor. Considerando el adecuado comportamiento de las expectativas de inflación y de los salarios, existiría algún espacio para esperar que se acumule más información que permita continuar precisando este diagnóstico. Por último, señala el señor Valdés, la expectativa mayoritaria para esta reunión es de un aumento de la tasa de política monetaria, por lo que un alza debería ser absorbida sin mayores sobresaltos. Una mantención, en cambio, dado que la inflación reciente ha sido leída por los mercados como sorpresivamente alta, sería más difícil de explicar y tendría mayores efectos en los precios financieros. Adicionalmente, cabe analizar si conviene o no cambiar el sesgo implícito que contiene el comunicado. En la medida en que se estime que los antecedentes de una eventual debilidad cíclica o mayores holguras tienen peso, podría convenir suavizar algo ese sesgo, especialmente si se opta por un alza en la tasa de política monetaria. comentarios."
METADATOS_ATRIBUCION,817,c82ae466d627e3393c23c79526c3b49b743a25dd2142ebd3c25e7ce327a3a4e7,1095,Rodrigo Valdés Pulido,CONTEXTO_REVISADO,RPM-2006-08-10:T36,,"El señor Gerente de División mencionado informó lo siguiente:
En la reunión de política monetaria de julio, el Consejo decidió aumentar la tasa
de interés de política monetaria hasta 5,25% anual, luego de dos pausas consecutivas. En la
decisión se consideró que, si bien los antecedentes disponibles apuntaban a que la aceleración
del producto contemplada para el segundo semestre podría ser algo inferior a la prevista, la
reducción de abril se debía principalmente a factores transitorios.
Además señala, que la
demanda interna había moderado su crecimiento en el segundo trimestre, en línea con lo
proyectado, y la inflación del IPC se ubicaba cerca de 4%, probablemente postergando su
convergencia hacia 3%, debido a la incidencia del mayor precio de los combustibles.
Las
condiciones financieras internas seguían siendo expansivas. Indica que se estimó que, en el
escenario más probable, seguía siendo necesario hacer ajustes pausados a la tasa de política
monetaria, pero que su frecuencia podía disminuir respecto de los últimos trimestres.
Señala el Gerente de División Estudios que, desde la última reunión, las
principales novedades son las siguientes:
•
En el mundo, mientras en Estados Unidos de América el crecimiento de la actividad se ha
desacelerado, otras zonas mantienen o incluso han intensificado su dinamismo. En tanto,
las condiciones financieras que enfrentan las economías emergentes se mantienen
ventajosas, el precio del cobre se ubica en torno a US$ 3,5 por libra, algo por debajo del
de hace un mes, y el precio del petróleo ha vuelto a aumentar en los días recientes por
encima de US$ 76 por barril.
Ello nuevamente modifica al alza las proyecciones de
precios de cobre y petróleo para los próximos trimestres.
•
En el ámbito interno, e incluso con mayor claridad que en el mes pasado, no continuó la
reducción de la expansividad de las condiciones financieras observada previamente. El
peso mostró una leve depreciación tanto respecto del dólar como en términos
multilaterales. Con ello, el TCR se ubica entre 94 y 95, con una base de 100 para 1986,
casi 1 % por sobre lo observado hace un mes.
•
Pese a que si se elimina el efecto calendario, el crecimiento anual de la actividad muestra
un leve aumento en los últimos cuatro meses, el conjunto de indicadores reafirma un
escenario de menor empuje de la actividad que el considerado en mayo.
Se suman
además, en lo más reciente, noticias negativas de la minería. Todo esto ratifica que la
aceleración contemplada para el segundo semestre sería inferior a la proyectada en el
IPoM.
El panorama es heterogéneo entre sectores y componentes de la demanda,
exhibiendo debilidad en la industria y la inversión, y mayor empuje en el comercio y el
consumo.
•
El crecimiento anual de los salarios no ha mostrado cambios mayores, manteniendo un
comportamiento favorable para la estabilidad de precios.
Los cambios metodológicos
siguen dificultando la evaluación del mercado laboral, pero el empalme disponible muestra
que continúa la disminución en la tasa de crecimiento del empleo, menos marcada para el
componente asalariado, la tasa de desempleo disminuido en el margen, y el crecimiento
de los costos laborales unitarios sería considerablemente menor que el que revelan las
cifras publicadas. •
La inflación del IPC de junio se ubicó dentro de lo esperado (3,8% anual), mientras el
IPCX1 estuvo marginalmente por encima. El panorama de corto plazo para la inflación
subyacente IPCX1 e IPC es similar al del mes pasado, aunque hay riesgos al alza en el
IPC, si el precio del petróleo se mantiene en los niveles actuales y su traspaso no es
aminorado por el FEPCo.
Las medidas alternativas de la tendencia inflacionaria no
muestran un sesgo particular y las expectativas se mantienen bien ancladas.
Agrega el señor Valdés que, con los antecedentes disponibles, es difícil justificar
una opción distinta de la mantención de la tasa de política monetaria en esta reunión. Señala
que en principio, se podría argumentar a favor de un alza de 25 puntos base considerando los
siguientes elementos. Primero, el crecimiento mundial y las condiciones financieras externas se
mantienen favorables y apoyarían un crecimiento mayor. De hecho, hay una corrección al alza
en el crecimiento mundial a PPC para éste y el próximo año, a lo que se agrega la mayor
expansión fiscal esperada para el próximo año. Segundo, las condiciones financieras internas
son aún expansivas, lo que se refleja tanto en el nivel de las tasas de interés como en el
crecimiento de distintos agregados monetarios y de crédito. Tercero, el ya elevado precio del
petróleo continúa aumentando, lo que junto a la posibilidad de que no disminuya, combinado
con la leve depreciación del peso, genera un riesgo de desanclaje de expectativas y efectos de
segunda vuelta en la inflación.
Lo anterior, sin embargo, se contrapone con otras novedades que se estiman de
mayor importancia y con elementos de implementación de la estrategia de normalización
pausada de la política monetaria, denominados “elementos'tácticos”. En particular, dado un PIB
de tendencia, el crecimiento de la actividad en la primera mitad del año y la expectativa para el
segundo semestre, entregan un cuadro de holguras del que se derivan presiones inflacionarias
menores que las consideradas en el escenario base.
La desaceleración que continúa
mostrando la demanda interna, liderada por la inversión, también apoya esta evaluación, a la
que se suma el cuadro de presiones de costos laborales contenidas. Además, la política fiscal
más expansiva el próximo año, reflejada en una tasa de crecimiento de un dígito para el gasto,
seria marginalmente inferior a la considerada dentro del escenario central.
El empuje del
crecimiento global, por su parte, podría verse influido por la desaceleración de Estados Unidos
de América en mayor grado que lo considerado en el escenario base y, eventualmente, por
nuevos atentados terroristas o atentados frustrados, como el conocido en el día de hoy.
Señala el señor Valdés que, respecto de las condiciones financieras, si bien las
de tasas de interés de mediano y largo plazo disminuyeron en el último mes, y los agregados y
el crédito aún crecen a tasas mayores que las que se esperan a largo plazo, persiste cierta
incertidumbre respecto de cuán expansiva es en realidad la política monetaria y cómo se
absorben en la economía las alzas de los últimos trimestres. Como se analizó en la reunión
anterior, este tipo de interrogante es más difícil en la medida en que el estímulo de la política
monetaria es menor, y probablemente sea un tópico relevante en el próximo Informe.
Con relación al alza adicional del petróleo, y especialmente al riesgo de que no
disminuya como se contempla en el escenario central del último IPoM, cabe recordar que el
alza de la última reunión respondió en parte justamente a este fenómeno y que, dado el menor
empuje de la economía, no es evidente cuál sería la dosis requerida para hacer frente a este
factor.
Adicionalmente, el comportamiento de las expectativas de inflación y otros costos
delimita el riesgo de efectos de segunda vuelta pronunciados.
Desde el punto de vista de la implementación de la estrategia de política
monetaria, dos alzas consecutivas serían bastante contradictorias con la idea de alzas
pausadas. Señala el señor Valdés, que esto cobra especial importancia en esta reunión, luego
de que en la anterior se comunicara que las alzas en el futuro serían probablemente menos frecuentes que en el pasado.
De hecho, reflejo de esta situación es que la expectativa de
mercado — prácticamente unánime— para esta reunión, es de una pausa.
Agrega el señor Valdés, que un tema distinto de la decisión misma de política
monetaria, pero que requiere de más análisis, es la conveniencia o no de señalar en el
comunicado de esta reunión si el panorama de tasas de interés hacia delante se modifica. Por
un lado, se puede argumentar que ese es el caso, dada la evolución de la actividad, las tasas
de interés externas y el comportamiento de la tendencia inflacionaria y de las expectativas de
inflación de mediano y largo plazo. Por otro, se podría esperar a entregar este diagnóstico en el
IPoM de septiembre."
METADATOS_ATRIBUCION,867,fb50f164d8d6c47c411249e0bb17cbc74c0bd1acba9fd50636def4ac16966791,1147,Rodrigo Valdés Pulido,CONTEXTO_REVISADO,RPM-2006-09-07:T41,,"El señor Gerente de División mencionado informa lo siguiente:
En la reunión de política monetaria de agosto, el Consejo decidió mantener la
tasa de interés de política monetaria en 5,25% anual, luego de haberla aumentado 25 puntos
base el mes anterior. Señala que en la decisión se consideró que el crecimiento de la actividad
en el segundo trimestre era menor que lo esperado y que el aumento del ritmo de crecimiento
contemplado para el segundo semestre sería inferior al estimado anteriormente. Ello, a pesar
de que la demanda interna moderaba su tasa de crecimiento en el segundo trimestre, en línea
con lo esperado.
Por su parte, la inflación del IPC seguía en la parte alta del rango meta,
debido principalmente al mayor precio de los combustibles, mientras las medidas de inflación
subyacente, otros indicadores de la tendencia inflacionaria y los distintos indicadores de
expectativas de inflación de mediano y largo plazo continuaban en torno a 3%. Además, indica
el señor Valdés, que se ratificó que, en el escenario más probable, seguía siendo necesario
hacer ajustes pausados a la tasa de política monetaria, pero que su frecuencia podía disminuir
respecto de los últimos trimestres.
Señala el Gerente de División Estudios que, desde la última reunión, las
principales novedades son las siguientes:
•
En Estados Unidos de América, continúan los signos de desaceleración en el crecimiento,
de acuerdo con lo anticipado, y se mantienen los riesgos de un ajuste más pronunciado
debido, entre otros factores, al comportamiento del sector inmobiliario. Al mismo tiempo,
se han atenuado en algo las preocupaciones por el aumento de las presiones
inflacionarias. Se desprende que los mercados asignan una baja probabilidad a nuevas
alzas de la tasa de interés de la FED, mientras el retorno del bono a 10 años en Estados Unidos de América ha disminuido cerca de 20 puntos base en el último mes (y 50 puntos
base desde fines de junio).
Otras zonas mantienen o incluso han intensificado su
dinamismo, especialmente Asia. Con ello, las proyecciones para el crecimiento mundial
aumentan marginalmente para el 2006 desde la reunión anterior. El precio del cobre se
ubica en torno a US$ 3,5 por libra, marginalmente menos que hace un mes, y el precio
del petróleo ha descendido casi 10%, para situarse por debajo de US$ 70, caída que es
aún más marcada para los derivados.
•
En el ámbito interno, las tasas de interés han disminuido, tanto en la parte corta como en
la parte larga de la curva de rendimiento.
No hay grandes novedades en las tasas de
crecimiento del crédito y del dinero; las primeras siguen elevadas. El peso mostró una
leve apreciación respecto del dólar (1%), que también se registra en términos
multilaterales. El tipo de cambio real se mantiene estable, cerca de 94 (con base 100 en
1986).
•
En julio, la actividad creció 4,2%, sin un efecto calendario significativo.
Esta cifra es
aproximadamente 1 punto porcentual menor que la que se esperaba hace un mes. Su
evaluación, unida al desempeño proyectado para la minería en el tercer trimestre,
configura un escenario de crecimiento de corto plazo más lento que el considerado en la
reunión anterior. La industria sigue registrando cifras de crecimiento bajas, a lo que se
suma una expansión más acotada del comercio. Se espera que este menor dinamismo
siga en los próximos dos meses por la incidencia de minería e industria. En cambio, las
cifras más recientes de inversión en maquinaria y equipos revelan que su rápida
normalización podría estar concluyendo.
•
El crecimiento anual de los salarios nominales disminuyó hasta cerca de 5%, lo que
apunta hacia una inflación futura del IPCX1 relativamente baja. El empalme disponible de
las cifras del mercado laboral muestra que la tasa de crecimiento del empleo continúa
disminuyendo (aunque el componente asalariado crece sostenidamente a un ritmo
estable) y que la tasa de desempleo se ha reducido.
•
La inflación del IRC de junio se ubicó dentro de lo esperado (3,8% anual), pero el IPCX1
estuvo bastante por debajo (2,4% anual).
Esto último, junto a la caída de los
combustibles, modifican a la baja el panorama de inflación de corto plazo. Las medidas
alternativas de la tendencia inflacionaria mostraron una pequeña baja y las expectativas
han tenido una leve disminución, pero siguen cerca de 3%.
Agrega el Gerente de División Estudios señor Valdés, que con los antecedentes
disponibles, se justifica solamente la opción de mantener la tasa de política monetaria en esta
reunión.
Señala que en particular, las proyecciones preparadas para el Informe de Política
Monetaria de septiembre consideran que, en el escenario más probable, el cierre de las
holguras de capacidad se postergará para fines del próximo año.
La inflación subyacente
IPCX1 mostrará un leve aumento durante los próximos dos años, mientras la inflación del IPC
disminuirá hacia el centro del rango meta, ayudada por la disminución materializada y
proyectada de los precios de los combustibles.
Todo esto ocurriría bajo los supuestos de
mantención de la tasa de política monetaria por varios trimestres - para recién en el cuarto
trimestre del próximo año aumentarla gradualmente - y de un tipo de cambio real que no sufre
mayores variaciones.
Menciona el señor Valdés que, habitualmente, un ejercicio completo de
proyecciones de corto y mediano plazo provee poco espacio para argumentar a favor o en
contra de opciones distintas a los cambios de tasa de política monetaria implícitos en las
mismas. En esta oportunidad, el supuesto de una mantención prolongada de la tasa de política
monetaria y el resultado de que con este supuesto la inflación se ubicaría en torno a 3% en el
horizonte de política, dejan aun menos espacio para considerar alternativas a la mantención.
En la práctica, en el escenario central no hay decisiones que adelantar o atrasar.
Indica el
señor Valdés que en concreto, se proyecta un crecimiento del PIB de 4,7% para el año 2006 y de 5,6% para el 2007, y una inflación promedio de 3,7% el 2006 y de 3,4% el 2007. A 12 y 24
meses la inflación IPC se proyecta en 3,3% y 3,0%, respectivamente.
Agrega el Gerente de División Estudios, que los principales riesgos tampoco dan
un sesgo claro para la política, en caso de estimarse conveniente evaluar movimientos
preventivos de la tasa de política monetaria.
En particular, el persistente riesgo analizado
durante los últimos meses de que las alzas del precio internacional del petróleo tendrían
efectos de segunda vuelta sobre la inflación IRC y sobre las expectativas de inflación, no sólo
no
se
ha
materializado,
sino
que
además
el
precio
del
petróleo
ha
disminuido
considerablemente durante los últimos días. Asimismo, indica el señor Valdés que el riesgo
asociado a una eventual expansión fiscal el próximo año por encima de lo contemplado en
escenarios previos ha disminuido.
En el lado opuesto, si bien el crecimiento de la actividad se ha visto más lento,
hay varios elementos que juegan en contra del riesgo de que este escenario de bajo empuje
persista el próximo año. En particular, el escenario externo sigue favorable,
las condiciones
financieras aportan tracción al gasto interno y los factores adversos que podrían explicar el
menor crecimiento actual no deberían repetirse el año 2007.
Por último, hace presente el señor Valdés que cabe señalar que las expectativas
de que se mantendrá la tasa de política monetaria son prácticamente unánimes para esta
reunión. Hacia delante, sin embargo, menciona que la trayectoria de tasas de interés supuesta
en el escenario central es diferente al implícito durante las últimas dos semanas en los
instrumentos financieros.
En particular, estos precios suponen alzas en la tasa de política
monetaria relativamente pronto.
Agrega el señor Valdés, que ello podría dar cuenta de la
necesidad de modificar el comunicado de la Reunión de Política Monetaria en lo relativo al
sesgo que tendrá la política monetaria, luego de dos reuniones en que se explícita que las
pausas podrían ser más prolongadas que en el último tiempo."
METADATOS_ATRIBUCION,932,7103de43988e091269617368e53bdb797c49346833bfab1d94efb76908968d19,1215,Rodrigo Valdés Pulido,CONTEXTO_REVISADO,RPM-2006-10-12:T54,,"El señor Gerente de División mencionado informa lo siguiente:
En la reunión de política monetaria de septiembre, el Consejo decidió mantener
la tasa de interés de política monetaria en 5,25% anual, al igual que el mes anterior. Señala
que en la decisión se consideró que, pese a que el consumo continuaba expandiéndose con
relativa fuerza, la actividad seguía mostrando un dinamismo menor que el proyectado.
Asimismo, la inflación del IPC continuaba en la parte alta del rango meta, mientras el IPCX e
IPCX1 habían estado por debajo de lo proyectado, en torno a 3% y 2,5%, respectivamente, y
otros indicadores de la tendencia inflacionaria mostraban una leve declinación.
Señala el Gerente de División Estudios que, desde la última reunión, las
principales novedades son las siguientes:
•
En el lado externo, lo más notorio ha sido la disminución del precio del petróleo, que se ha
situado algo por debajo de US$ 60 en los últimos días, aproximadamente US$ 10 menos
que lo proyectado en el escenario central, llevando a corregir hacia abajo la trayectoria
esperada para los próximos meses.
•
En Estados Unidos de América, continúan los signos de desaceleración en el crecimiento
algo más marcados que lo anticipado, mientras Europa muestra un panorama más
dinámico. El mercado está considerando una disminución de 50 puntos base por parte de
la FED durante el próximo año. Las proyecciones para el crecimiento mundial, en tanto,
se mantienen desde la reunión anterior.
•
En el ámbito interno, las tasas de interés reajustables se han mantenido estables,
mientras que la curva nominal, tanto en su parte corta como larga, ha disminuido. Las
distintas medidas de expectativas de la tasa de política monetaria consideran ahora su
mantención por un período prolongado y un alza de sólo 25 puntos base durante el
próximo año.
La tasa de crecimiento del crédito a personas y empresas disminuyó
marginalmente, mientras el dinero mostró una aceleración.
En ambos casos, el
crecimiento se sitúa por encima de su tendencia de largo plazo. El peso estuvo estable
con respecto el dólar y mostró una leve apreciación (1%) en términos multilaterales. El
tipo de cambio real se ubica algo sobre 93 (con base 100 en 1986).
•
Las cifras de agosto acentúan el panorama de debilidad del producto, no obstante parte
de este fenómeno se explica por situaciones puntuales en la minería y en la industria. No
se aprecian aún indicios de una reaceleración, y la proyección de crecimiento de 2006 se
ajusta a la baja. Sin embargo, se sigue observando una recuperación de la inversión en
maquinaria y equipos, mientras el crecimiento del consumo durante el tercer trimestre se
ha ajustado sólo marginalmente a la baja.
•
El crecimiento anual de los salarios nominales se ha mantenido cerca de 5% (algo sobre
4% en el caso del CMOX), lo que apunta a presiones de costos contenidas. Asimismo, ha seguido la disminución progresiva de la tasa de desempleo; no obstante, el crecimiento
del empleo se mantiene bajo.
•
Si bien la inflación del IPC de septiembre se ubicó dentro de lo esperado (2,8% anual), el
IPCX1 estuvo por segundo mes consecutivo bastante por debajo (2,2% anual).
La
evaluación de la persistencia de esto último, junto a la caída del precio de los
combustibles, modifica sustancialmente a la baja el panorama de inflación de corto plazo.
Las medidas alternativas de
la tendencia
inflacionaria también
mostraron
una
disminución, y las expectativas inflacionarias han tenido una caída importante a plazos
más cortos, pero siguen cerca de 3% a largo plazo.
Señala el Gerente de División Estudios, señor Valdés, que con los antecedentes
disponibles, es difícil justificar una opción distinta a la de mantener la tasa de política monetaria
en esta reunión. Indica también, que el escenario central contemplado hasta ahora, considera
que la tasa de política monetaria se mantendría en su nivel actual por un tiempo prolongado,
para luego aumentar gradualmente. Agrega el Gerente de División, señor Valdés, que este
cuadro también considera una reaceleración de la actividad y un aumento moderado y pasajero
de la inflación subyacente IPCX1, compensado por una disminución gradual y acotada del
precio internacional de los combustibles. Por ahora parece prematuro modificar este escenario
central.
Los factores que sustentaban la perspectiva de una reaceleración del crecimiento
siguen presentes: la política fiscal proveerá un mayor empuje el próximo año, persisten las
buenas condiciones externas, y las condiciones financieras internas son favorables. Asimismo,
se han identificado situaciones puntuales que explican parte del menor crecimiento actual, y
existen holguras en la economía que deberían ser utilizadas. En lo más reciente, se suma a lo
anterior el efecto que tendrá sobre el ingreso disponible real la fuerte reducción del precio de
los combustibles, que además debería impactar a la baja las tarifas del transporte público.
Menciona el señor Valdés que, sin embargo, las noticias del mes apuntan
claramente a que hay más riesgos de que la inflación sea menor que la proyectada en el
escenario central en el horizonte de política.
En efecto, señala que es posible que la
reaceleración tome algo más de tiempo, o no sea de la intensidad considerada en el escenario
base, con lo que las holguras podrían tardar algo más en agotarse. Asimismo, las sorpresas a
la baja en el IPCX1, la disminución de las medidas de tendencia inflacionaria, y las acotadas
presiones de costos, dan cuenta de que las presiones inflacionarias son algo menores que lo
contemplado en el escenario central, siendo aún imposible distinguir si ellas obedecen
exclusivamente a holguras más persistentes. A esto se suma la caída que ha tenido el precio
del petróleo que, de no revertirse, acotaría aún más la inflación. Todo esto apunta a que el
período de mantención podría durar más que lo proyectado en el IPoM de septiembre. Ello
permite descartar la opción de aumentar la tasa de política monetaria en esta reunión.
Finalmente, hace presente el señor Valdés que, dado los antecedentes
acumulados, corresponde evaluar la conveniencia de modificar el sesgo para la política
monetaria implícito en el último comunicado.
Indica que en él se establece que serán
necesarios nuevos ajustes en la tasa de interés, pero su materialización podría dilatarse por un
tiempo prolongado.
Agrega, que una modificación de este lenguaje no parece demasiado
urgente, dado que el propio mercado ha ajustado significativamente a la baja la trayectoria
esperada para la tasa de política monetaria. Sin embargo, el establecer como una posibilidad,
y no como escenario central una mantención prolongada, otorga un sesgo al alza a la tasa de
política monetaria que puede no reflejar el escenario más probable con la información actual."
METADATOS_ATRIBUCION,976,1d5bd53cca3eb35346704d65ffd82b66cdd306996fe967e95ac4ba8f4234cc58,1260,Rodrigo Valdés Pulido,CONTEXTO_REVISADO,RPM-2006-11-16:T34,,"El señor Gerente de División mencionado informa lo siguiente:
En la reunión de política monetaria de octubre, el Consejo decidió mantener la
tasa de interés de política monetaria en 5,25% anual, nivel que mantiene desde julio pasado.
En la decisión se consideró que la actividad seguía mostrando un dinamismo reducido y la
inflación era menor que la esperada. Se comunicó que por un tiempo prolongado, podrían no
ser necesarios nuevos incrementos en la tasa de política monetaria para mantener la inflación
proyectada en torno a 3% anual.
Señala el Gerente de División Estudios que, desde la última reunión, las
principales novedades son las siguientes:
•
En el lado externo, el menor
dinamismo de Estados Unidos de América se sigue
compensando por la mayor fortaleza de otras regiones, en particular Europa.
Las
condiciones financieras continúan favorables y los precios alcanzados por el cobre y el
petróleo no modifican el cuadro de disminución gradual.
•
En el ámbito interno, se han
profundizado las principales tendencias y novedades
observadas en los últimos meses. La economía siguió mostrando un bajo dinamismo, por
debajo de lo esperado en el escenario central. En el tercer trimestre, el consumo continuó
creciendo con relativa fuerza, mientras la inversión en capital fijo desestacionalizada
presentó un repunte luego de dos trimestres en declinación.
La inflación del IPC ha
disminuido, al igual que la que miden los indicadores subyacentes y de tendencia.
Las
sorpresas a la baja en el IPCX1 son relativamente generalizadas entre productos.
•
En este cuadro, ha continuado el ajuste hacia abajo de la estructura de tasas de interés,
tanto nominales como reales. Ello refleja tanto movimientos de tasas externas a la baja,
como un aplanamiento sustancial de las expectativas para la tasa de política monetaria en
los próximos trimestres.
•
Las proyecciones de corto plazo
dan cuenta de un aumento relevante de la actividad y de
la demanda interna durante este trimestre y el próximo.
Aunque los supuestos que
sustentan estas proyecciones son razonables, los riesgos son a la baja. En el caso de la
inflación, las proyecciones dan cuenta de un escenario de inflación reducida en el corto
plazo, en la parte inferior del rango meta. Las expectativas privadas a uno y dos años
también muestran un panorama de inflación reducida.
Señala el Gerente de División Estudios señor Valdés, que con los antecedentes
disponibles, es difícil justificar una opción distinta a la de mantener la tasa de política monetaria
en esta reunión. Se puede descartar como opción un aumento de la tasa de política monetaria
hoy, considerando que el escenario central del IPoM ya contemplaba mantener dicha tasa por
un tiempo prolongado y que las novedades apuntan hacia menores presiones inflacionarias que
las proyectadas en ese escenario. La demora que la reaceleración ha tenido hasta ahora, los
riesgos de que ello se repita, y la menor tendencia inflacionaria actual, hacen evidente la
inconveniencia de un aumento de la tasa de política monetaria.
Menciona el señor Valdés que, por otro lado, puede argumentarse que, de no
darse el cierre de holguras considerado, la reducida inflación actual podría ser bastante
persistente. En principio, esto podría requerir de un mayor impulso monetario. Sin embargo,
considerando que esto es por ahora sólo un escenario de riesgo, que ha aumentado su
probabilidad de ocurrencia, también puede descartarse la opción de disminuir la tasa de política
monetaria hoy.
Agrega el Gerente de División Estudios que en efecto, las condiciones
macroeconómicas siguen propicias — e incluso mejores en algunas dimensiones— para un
mayor crecimiento. Las favorables condiciones financieras internas, el mayor gasto fiscal del
próximo año, la persistencia del menor precio del petróleo, las intenciones de aumentar la
inversión en proyectos, en particular en energía, y la no repetición de hechos puntuales que
han impactado en la producción, apoyan un mayor dinamismo hacia delante. Las proyecciones
a corto plazo para la actividad y algunos datos efectivos de la coyuntura apoyan esta
evaluación.
Señala el Gerente de División Estudios, señor Valdés que tampoco hay por
ahora riesgos de desanclaje que ameriten una acción de política.
Si bien la compensación
inflacionaria para el horizonte de proyección de 12 a 24 meses está por debajo de 3%, las
expectativas de la encuesta a analistas y las medidas de compensación a mayores plazos,
siguen ancladas en torno a 3%.
Menciona el señor Valdés que, en suma, la coyuntura que se enfrenta en esta
reunión, no parece especialmente compleja para la decisión misma de hoy sobre la tasa de
política monetaria.
De hecho, una acción distinta a mantener, sería muy sorpresiva y
extremadamente difícil de explicar, en parte, porque la comunicación del Banco Central ha sido
relativamente explícita en cuanto a la evolución futura de la tasa de política monetaria.
Sobre el particular, el Gerente de División Estudios señor Rodrigo Valdés,
menciona que la información disponible sí da cuenta que el signo de los próximos movimientos
de la tasa de política monetaria se ha vuelto más incierto, aunque en el escenario central sigue
contemplando un alza luego de un período bastante prolongado. Esta tensión ya se refleja en
los precios financieros, las encuestas y la observación de algunos analistas. En vista de ello,
parece necesario revisar nuevamente el sesgo implícito del comunicado de la reunión.
Finalmente, hace presente el señor Valdés que, al respecto, hay varios
elementos que considerar:
•
Primero, el mercado ha ajustado fuertemente la estructura de tasas de interés nominales
frente a las novedades acumuladas, y la propia comunicación del Banco Central de Chile,
en una magnitud comparable a la menor inflación proyectada a un año plazo. Este ajuste
le quita urgencia a cambios radicales al comunicado.
•
Segundo, parece conveniente evaluar si el sesgo al alza, entendido como el signo
probable del próximo movimiento, que se mantiene hasta hoy, es necesario.
Si la
expectativa de un próximo aumento de la tasa de política monetaria es relativamente
lejana en el tiempo, lo que es parte del escenario central, no parece tener mayor sentido
mantener dicho sesgo. Si adicionalmente se estima que hay una probabilidad significativa
de un recorte en el futuro, sería conveniente eliminar ese sesgo. Tercero, cabe evaluar si el comunicado restringe en exceso la posibilidad de implementar
cambios futuros. En la medida en que se estime que será necesario realizar ajustes a la
tasa de política monetaria relativamente pronto, por nueva información que se acumule,
sería conveniente reducir el grado de compromiso de mantención implícito que tiene el
comunicado al hablar de tiempos prolongados."
METADATOS_ATRIBUCION,1012,0afb5e84f53b88628d535271bf8cb8565c2767fa9cee38b9b954cf22d7b0027a,1319,Vittorio Corbo Lioi,SUJETO_ROL_NOMBRE,RPM-2006-12-14:T46,,"El Presidente señor Vittorio Corbo señala que el Banco amortiguó ese efecto porque para el horizonte más corto se usó una más baja que lo que daba la tasa neutral y se pensaba que a ésta se iba a llegar mucho después. El Presidente, señor Vittorio Corbo, suspende la Sesión a las 13:50 horas e informa que la misma se reanudará a las 16:00 horas."
METADATOS_ATRIBUCION,1012,0afb5e84f53b88628d535271bf8cb8565c2767fa9cee38b9b954cf22d7b0027a,1320,Consejo del Banco Central de Chile,ACTA/META,RPM-2006-12-14:T47,,"Siendo las 16:00 horas, se reanuda la Sesión de Política Monetaria N° 101."
METADATOS_ATRIBUCION,1012,0afb5e84f53b88628d535271bf8cb8565c2767fa9cee38b9b954cf22d7b0027a,1321,Vittorio Corbo Lioi,SUJETO_ROL_NOMBRE,RPM-2006-12-14:T48,,"A continuación, el Presidente don Vittorio Corbo, solicita al Gerente de División Estudios don Rodrigo Valdés, que presente las Opciones de Política Monetaria."
METADATOS_ATRIBUCION,1012,0afb5e84f53b88628d535271bf8cb8565c2767fa9cee38b9b954cf22d7b0027a,1322,Rodrigo Valdés Pulido,CONTEXTO_REVISADO,RPM-2006-12-14:T49,TEXTO_DANADO_POR_COTEJAR,"El señor Gerente de División mencionado informa lo siguiente: En la reunión de política monetaria de noviembre, el Consejo decidió mantener la tasa de interés de política monetaria en 5,25% anual, nivel que mantiene desde julio pasado. En la decisión antes referida, se consideró que la actividad seguía mostrando un dinamismo reducido y la inflación era menor que la esperada, tanto por menores precios del petróleo como por una menor tendencia inflacionaria. Asimismo, se comunicó que cambios futuros en la tasa de política monetaria dependerían de la nueva información que se acumulara y sus implicancias sobre la inflación proyectada, estableciendo de ese modo un sesgo neutral. Señala el Gerente de División Estudios que, desde la última reunión, las principales novedades son las siguientes: • En el lado externo, al igual que en los últimos meses, el menor dinamismo de Estados Unidos de América se sigue compensando por la mayor fortaleza de otras regiones, en particular Europa. Las condiciones financieras continúan favorables, con reducciones adicionales en las tasas de interés de largo plazo en Estados Unidos de América y alzas solo moderadas en los spreads soberanos de países emergentes. Los precios alcanzados por el cobre y el petróleo no modifican el cuadro de disminución gradual de ambos precios. El dólar se ha depreciado respecto de otras monedas de países desarrollados. • En el ámbito interno, se observan incipientes signos de reversión de las tendencias observadas en los últimos meses, que daban cuenta de un menor dinamismo de la actividad y una tendencia de la inflación cada vez más reducida. Por un lado, la información disponible apoya el escenario de mayor crecimiento de la actividad previsto para el cuarto trimestre. La inversión sigue creciendo y el sector industrial tuvo un repunte notorio. El desempleo continúa disminuyendo y la creación de empleo asalariado sigue muy robusta. Por otro lado, si bien la tendencia inflacionaria se mantiene baja y las presiones de costos están contenidas, hay señales más mixtas respecto de la dirección que está siguiendo la tendencia inflacionaria. • Ha continuado el ajuste hacia abajo de la estructura de tasas de interés, tanto nominales como reales. Ello refleja tanto movimientos de tasas externas a la baja como el aplanamiento de las expectativas para la tasa de política monetaria en los próximos trimestres. El crecimiento del crédito ha seguido atenuándose. Señala el Gerente de División Estudios señor Valdés, que con los antecedentes disponibles, es difícil justificar una opción distinta a la de mantener la tasa de política monetaria en esta reunión. Menciona el señor Valdés que, al igual que el mes pasado, se puede descartar como opción un aumento de la tasa de política monetaria hoy. Agrega que desde el último IPoM, se ha ido consolidando un panorama de inflación reducida, influido por el comportamiento tanto de la actividad como de la tendencia inflacionaria efectiva y de los Señala el Gerente de División Estudios, señor Valdés que al igual que en el mes anterior, no parece haber justificaciones suficientes para considerar como opción plausible, para esta reunión, reducir la tasa de política monetaria. Comenta el señor Valdés, que si bien la baja tendencia inflacionaria y la postergación que ha tenido el cierre de holguras de capacidad podrían requerir de un mayor impulso monetario, de manera de reorientar la inflación hacia 3%, no es evidente que, con la tasa de política monetaria en su nivel actual, la inflación proyectada a dos años sea muy distinta de 3%. Además, las novedades acumuladas desde la última reunión no han profundizado el cuadro de ampliación de brechas y menor tendencia inflacionaria, sí algo ha tendido a validar el escenario de reaceleración de la actividad. Señala el señor Gerente de División, que a ello se suman las buenas perspectivas que continúan para los determinantes más próximos del crecimiento, como el buen escenario internacional (que mantiene riesgos), condiciones financieras internas favorables, el impulso fiscal esperado para 2007 y la reversión de algunos fenómenos puntuales. Agrega que las expectativas privadas son coherentes con el escenario de reaceleración de la actividad y de la inflación contenida, mientras el menor desempleo pone alguna cuota de cautela sobre la magnitud de las brechas efectivas. Menciona el señor Valdés que, aún cuando no sea evidente que la inflación proyectada al horizonte de dos años difiera de 3%, cabe analizar la pertinencia de una política monetaria más activa, de manera que la convergencia al centro del rango meta ocurra antes del fin de ese horizonte. La principal ventaja asociada es que, ante un shock de demanda como el que se ha tenido, al menos en parte, ello permite alinear más rápidamente tanto la inflación como la brecha de actividad. El principal punto en contra de esta acción es la inestabilidad que podría sufrir la tasa de política monetaria. En particular, podría ser necesaria una reversión del instrumento al corto andar para evitar que la inflación sea excesiva hacia horizontes más largos, que, transcurrido un tiempo, serán parte del horizonte de proyección. Indica el señor Valdés que, la cuantificación precisa de estos factores requiere de un ejercicio completo de proyecciones, por lo que para su evaluación puede ser pertinente esperar hasta el proceso de preparación del próximo IPoM. Señala el Gerente de División Estudios señor Rodrigo Valdés, que en suma, es difícil justificar una opción distinta a la de mantener la tasa de política monetaria en esta reunión. De hecho, y a pesar de que la comunicación anterior del Banco ha dejado en claro que el signo del próximo movimiento será contingente a las novedades, una acción distinta a mantener sería muy sorpresiva, a la luz de la expectativa prácticamente unánime de mantención y de las novedades del mes aún poco concluyentes. Finalmente, hace presente el señor Valdés que, en caso de mantenerse la tasa de política monetaria, no se estima necesaria una modificación del tenor del comunicado de noviembre, porque el último ajuste realizado deja abierta la posibilidad de distintos cursos de acción."
METADATOS_ATRIBUCION,1012,0afb5e84f53b88628d535271bf8cb8565c2767fa9cee38b9b954cf22d7b0027a,1323,Vittorio Corbo Lioi,SUJETO_ROL_NOMBRE,RPM-2006-12-14:T50,,"El Presidente señor Vittorio Corbo, ofrece la palabra a los asistentes para comentarios."
METADATOS_ATRIBUCION,1012,0afb5e84f53b88628d535271bf8cb8565c2767fa9cee38b9b954cf22d7b0027a,1324,Klaus Schmidt-Hebbel Dunker,SUJETO_ROL_NOMBRE,RPM-2006-12-14:T51,,"El Gerente de Investigación Económica don Klaus Schmidt-Hebbel hace presente que respecto del último mes, las novedades han sido menores, tanto interna como externamente. Señala el señor Gerente, que en lo externo, se confirma un escenario de una Asimismo, el Gerente de Investigación Económica señala que está de acuerdo con la opción de mantener la tasa de política, pero agrega que quiere detenerse en la posición de la política monetaria actual, a la luz de la coyuntura actualmente observada y las proyecciones y expectativas para la inflación, el producto y las tasas para el horizonte de política, en torno a los dos años. Agrega el Gerente de Investigación Económica don Klaus Schmidt-Hebbel, que en relación a la brecha y al crecimiento, distintas medidas de brechas indican que la economía chilena está en una situación de pleno empleo o muy cercana a ella. La tasa de desempleo nacional está algo por debajo de la mejor estimación disponible para la tasa natural. Las estimaciones para la brecha de actividad, la diferencia entre el PIB efectivo y el nivel potencial estimado, varían entre levemente positivas y levemente negativas. Indica que existe mayor incertidumbre en nivel y tasa de crecimiento del PIB potencial. Agrega que nuestro escenario base de crecimiento futuro de 5,3% y otras proyecciones a 5,7% (CEPAL) en 2007, y tasas en torno al nivel de crecimiento potencial para 2008, sugieren sobre-empleo o brecha positiva para el futuro próximo y, ciertamente, para el horizonte de política. Asimismo, el Gerente de Investigación Económica hace referencia a las proyecciones y expectativas de inflación. Indica que sobre los escenarios de tendencia de mediano plazo, de cuidar en el precio del petróleo a lo largo de 4 ó 5 años, éste se reflejaría, ciertamente en una inflación del IPC total por debajo del IPC subyacente, por varios años y por el mismo período -una brecha persistente entre ambos- las proyecciones de inflación y las distintas medidas de compensación inflacionaria y de expectativas apuntan a un amplio rango de proyecciones de entre 2,35% y 5% para horizontes entre 1 ó 3 años, quizás centradas algo por debajo de 3%, dependiendo de cómo se ponderan. Agrega el Gerente de Investigación Económica don Klaus Schmidt-Hebbel, que las medidas de impulso monetario y de brechas entre la tasa de política monetaria efectiva y neutral coinciden en reflejar una política monetaria aún expansiva. Indica que el impulso monetario actual, contribuye a un mayor crecimiento de 1,5%, y la tasa de política monetaria actual está aún a 50-125 puntos base por debajo de distintas medidas de la tasa neutral. Finalmente, agrega el Gerente de investigación Económica que en expectativas de inflación bien ancladas, una brecha de actividad positiva o sobre-empleo a un horizonte en torno a 2 años plazo, proyecciones de inflación, expectativas de inflación y medidas de compensación inflacionaria cercanas a 3%, pero con una gran depresión en el horizonte de política, y considerando que la tasa de política monetaria actual está entre 50 y 125 puntos base por debajo de la tasa estimada neutral, no se debiera descartar fácilmente la opción de subir las tasas en el futuro próximo."
METADATOS_ATRIBUCION,1047,29ff75555fccc0dfe58590a195403611c122e91d0d66784988345dc5cd6ba2aa,1373,Vittorio Corbo Lioi,SUJETO_ROL_NOMBRE,RPM-2007-01-11:T32,,"El Presidente señor Vittorio Corbo, indica que en la parte laboral también hay otros indicadores que hacen pensar que se trata de un problema que no solamente ha ocurrido en Chile, sino que también en otros países que tienen problemas en el comportamiento de ios salarios que han perdido estabilidad versus otros mercados. Con respecto a las expectativas, señala el señor Presidente, la meta del Banco está basada en nuestro objetivo que es el que sirve de ancla, pero las expectativas privadas también sirven, ya que en ellas se basan los privados para tomar sus decisiones de gastos, entre otras cosas, tasas de interés real, decisiones con respecto a ajustar sus precios. Agrega, que estos dos aspectos son importantes. El Presidente, señor Vittorio Corbo, suspende la Sesión a las 13:30 horas e informa que la misma se reanudará a las 16:00 horas."
METADATOS_ATRIBUCION,1047,29ff75555fccc0dfe58590a195403611c122e91d0d66784988345dc5cd6ba2aa,1374,Consejo del Banco Central de Chile,ACTA/META,RPM-2007-01-11:T33,,"Siendo las 16:10 horas, se reanuda la Sesión de Política Monetaria N° 102."
METADATOS_ATRIBUCION,1047,29ff75555fccc0dfe58590a195403611c122e91d0d66784988345dc5cd6ba2aa,1375,Vittorio Corbo Lioi,SUJETO_ROL_NOMBRE,RPM-2007-01-11:T34,,"A continuación, el Presidente don Vittorio Corbo, solicita al Gerente de División Estudios don Rodrigo Valdés, que presente las Opciones de Política Monetaria."
METADATOS_ATRIBUCION,1047,29ff75555fccc0dfe58590a195403611c122e91d0d66784988345dc5cd6ba2aa,1376,Rodrigo Valdés Pulido,CONTEXTO_REVISADO,RPM-2007-01-11:T35,TEXTO_DANADO_POR_COTEJAR,"El señor Gerente de División mencionado informa lo siguiente: En la reunión de política monetaria de diciembre, el Consejo decidió mantener la tasa de interés de política monetaria en 5,25% anual, nivel que mantiene desde julio del año pasado. En la decisión se consideró que, pese a que la actividad interna continuaba por debajo de lo previsto en el último IPoM, estaba recobrando su dinamismo. La inflación anual del IPC se ubicaba cerca del piso del rango meta, por debajo de proyecciones previas, y la inflación subyacente IPCX1 y otros indicadores de la tendencia inflacionaria seguían bajos, si bien algunos exhibían una incipiente reversión. Las presiones de costos estaban contenidas y se proyectaba que la inflación se ubicaría, por algún tiempo, por debajo de 3%. Señala el Gerente de División Estudios que, desde la última reunión, las principales novedades son las siguientes: • En el lado externo, los precios del cobre y del petróleo tuvieron importantes ajustes a la baja (16% y 13%, respectivamente, considerando los datos de ayer). El crecimiento mundial y las condiciones financieras continúan favorables, congruentes con un escenario central de aterrizaje suave e inflación controlada en Estados Unidos de América. • En el país, las cifras de actividad sorprendieron a la baja, revirtiendo las noticias del mes anterior. Con ello, si bien el cuarto trimestre de 2006 la actividad habría crecido más que el tercero — con lo que efectivamente se materializaría un repunte— el crecimiento estimado para el cuarto trimestre parece haber terminado más de medio punto por debajo • El IPC estuvo marginalmente por encima de lo proyectado y hubo signos adicionales de reversión de la baja tendencia inflacionaria observada en los meses anteriores. Las medidas de inflación subyacente y otras de tendencia mostraron estabilidad y un leve aumento. Con todo, la proyección de inflación subyacente IPCX1 de corto plazo prácticamente no varió, evaluándose que la sorpresa al alza de diciembre corresponde sólo al adelantamiento de un fenómeno estacional (buses interurbanos). • El crecimiento de los salarios sigue contenido y su velocidad de expansión estable, mientras los CLU se desaceleran. La tasa de desempleo (desestacionalizada) en el trimestre móvil a noviembre volvió a disminuir. • El crecimiento del crédito tuvo una leve disminución en el margen, pero todavía se mantiene firme, y la estructura de tasas de interés no tuvo grandes cambios. El tipo de cambio nominal, en contraste, se depreció casi 3% desde la Reunión de Política Monetaria anterior. En términos multilaterales, su depreciación es algo más de 2%. El tipo de cambio real (base 1986 = 100) se ubica entre 94 y 95. Los indicadores de expectativas de inflación de corto y mediano plazo se acercaron hacia 3%, aunque siguen levemente bajo esa cifra. Señala el Gerente de División Estudios señor Valdés, que las proyecciones preparadas para el Informe de Política Monetaria de enero consideran que en el escenario más probable, la brecha de capacidad actual persistirá por varios trimestres, tardando más en cerrarse que en proyecciones anteriores, y que el crecimiento del PIB del año 2007 será algo menor que el considerado en septiembre (exclusivamente por efectos base de comparación). La inflación, luego de aumentar hacia 3% en el primer trimestre de 2007 por efectos base, se ubicará cerca de 2% por algunos trimestres este año y el próximo, para luego converger a 3% a fines de 2008. En este escenario se conjugan un número de supuestos. Entre otros, cabe mencionar que el precio del petróleo desciende muy gradualmente, el tipo de cambio real no difiere mayormente del observado en los últimos días y el impulso monetario es algo mayor que el implícito en los precios financieros. En particular, se supone que la tasa de política monetaria desciende entre 50 y 75 puntos base durante el primer semestre a partir de una regla de política. Menciona el señor Valdés que, con los antecedentes disponibles, las opciones más plausibles para esta reunión son disminuir la tasa de política monetaria, posiblemente en 25 puntos base, o mantenerla en su nivel actual. Señala el Gerente de División Estudios, señor Valdés que la principal justificación para disminuir la tasa de política monetaria hoy, más allá de las noticias acumuladas desde la última reunión, es el propio escenario central de proyecciones, que resume la acumulación de noticias desde septiembre. En efecto, si bien las noticias del mes incluyen una actividad el trimestre pasado menor a la proyectada y una fuerte disminución del precio de los combustibles y del cobre, ellas pueden ser insuficientes para provocar, por sí mismas, una decisión de recortar la tasa de política monetaria. En cambio, como se señaló en la última reunión, era necesaria una ronda completa de proyecciones para evaluar la conveniencia de una disminución de la tasa de interés, toda vez que se habían acumulado novedades de distinto tipo desde el último IPoM y una acción de política podría involucrar una reversión de la decisión al corto andar. El ejercicio de proyecciones muestra que, en el escenario central, la reversión no ocurriría hasta algunos trimestres (lo que no difiere de otros ciclos de política en el pasado). U Menciona el señor Valdés que, en efecto las proyecciones incluyen un recorte moderado de la tasa de política monetaria, que permite adelantar el cierre de brechas de inflación y actividad a través de (i) contrarrestar el efecto de la menor inflación sobre el impulso monetario nominal y (ii) elevar marginalmente el impulso monetario real. En el escenario central, es necesaria una política monetaria más acomodaticia para lograr que la inflación vuelva efectivamente a 3% en el plazo de dos años. De hecho, de postergarse este ajuste por mucho tiempo, se arriesga tener que profundizarlo más adelante. Agrega el señor Valdés que, como es habitual, un ejercicio completo de proyecciones no entrega mucho espacio para argumentar a favor o en contra de opciones distintas a los cambios de la tasa de política monetaria implícitos como supuestos de trabajo en las mismas. En esta oportunidad, sin embargo, por tratarse de un cambio moderado de la tasa de política monetaria y que se revertiría después de algunos trimestres, por haber algunas señales que difieren de lo contemplado en el escenario central, y por tratarse de un cambio de signo inesperado de la trayectoria de la política monetaria, también hay argumentos que podrían justificar la mantención de la tasa en esta reunión. Señala el Gerente de División Estudios señor Rodrigo Valdés, que específicamente, considerando que el cambio de la tasa de política monetaria es de magnitud moderada en comparación con ciclos de política anteriores y hay un riesgo de una reversión de signo más pronta que la considerada en el escenario base en caso de que la inflación sea mayor que la contemplada, se puede argumentar a favor de recabar más información antes de determinar un cambio. De hecho, el comportamiento reciente de las medidas de tendencia inflacionaria junto al nivel que alcanzan en comparación con los últimos años y el nivel al que ha llegado la tasa de desempleo (cerca o por debajo de estimaciones de la tasa de desempleo NAIRU) apuntarían a un escenario de inflación menos reducida que la considerada en el escenario central. Algo similar ocurre con las proyecciones de inflación de los analistas del mercado y las implícitas en precios financieros, que están por encima de las del escenario central y constituyen información complementaria. Si se estima que una reversión de política poco distante en el tiempo es particularmente costosa, éstos y otros riesgos inflacionarios pueden ser más relevantes que los que apuntan hacia una menor inflación. Indica el Gerente de División Estudios que, por su parte la mayor expectativa de inflación del sector privado, respecto de la proyectada en el escenario central, modera la urgencia a una modificación de la tasa de política monetaria orientada a mantener el impulso monetario real. Las tasas de interés real ex ante parecen haber tenido un ajuste menor que el considerado en las proyecciones. En la medida en que las proyecciones se acerquen, específicamente que disminuyan las privadas, se hace más necesario el ajuste de la tasa de política monetaria. Finalmente, hace presente el señor Valdés que además de permitir recabar más información, la mantención de la tasa de política monetaria permite profundizar la preparación del mercado para un eventual cambio de política. En la actualidad, tal vez reflejando una aversión a cambios de signo en las modificaciones de la tasa de política monetaria por parte del Banco Central de Chile, las expectativas implícitas en los precios financieros y las de los analistas son unánimes en torno a que en esta reunión la tasa se mantendrá. Hacia el segundo trimestre, sin embargo, sí hay una fracción de ellos esperando un recorte. La comunicación del Banco Central ha dejado abierta cada vez de manera más explícita esta posibilidad, pero aún no ha dado un sesgo evidente. En este sentido, si se tratara de una decisión de postergar una rebaja, cabría analizar cuánto sesgo procede indicar en la comunicación pública. Con todo, también podría argumentarse que una sorpresa puede ser útil para precisar la función de reacción del Banco Central, por ejemplo respecto de simetría y grado de activismo."
METADATOS_ATRIBUCION,1047,29ff75555fccc0dfe58590a195403611c122e91d0d66784988345dc5cd6ba2aa,1377,Vittorio Corbo Lioi,SUJETO_ROL_NOMBRE,RPM-2007-01-11:T36,,"El Presidente señor Vittorio Corbo, ofrece la palabra a los asistentes para comentarios."
ESTRUCTURAL_Y_ATRIBUCION,1090,7c2dd5abcf6706c7742199974f43d796751490d66ae4aaf9a32975d7d9143f4a,1433,Vittorio Corbo Lioi,SUJETO_ROL_NOMBRE,RPM-2007-02-08:T40,,"El Presidente, señor Vittorio Corbo, suspende la Sesión a las 13:30 horas e informa que la misma se reanudará a las 16:00 horas."
ESTRUCTURAL_Y_ATRIBUCION,1090,7c2dd5abcf6706c7742199974f43d796751490d66ae4aaf9a32975d7d9143f4a,1434,Consejo del Banco Central de Chile,ACTA/META,RPM-2007-02-08:T41,,"Siendo las 16:10 horas, se reanuda la Sesión de Política Monetaria N° 104."
ESTRUCTURAL_Y_ATRIBUCION,1090,7c2dd5abcf6706c7742199974f43d796751490d66ae4aaf9a32975d7d9143f4a,1435,Vittorio Corbo Lioi,SUJETO_ROL_NOMBRE,RPM-2007-02-08:T42,,"A continuación, el Presidente don Vittorio Corbo, solicita al Gerente de División Estudios don Rodrigo Valdés, que presente las Opciones de Política Monetaria."
ESTRUCTURAL_Y_ATRIBUCION,1090,7c2dd5abcf6706c7742199974f43d796751490d66ae4aaf9a32975d7d9143f4a,1436,Rodrigo Valdés Pulido,CONTEXTO_REVISADO,RPM-2007-02-08:T43,,"El señor Gerente de División mencionado informa lo siguiente: En la reunión de política monetaria de enero, el Consejo decidió reducir la tasa de interés de política monetaria en 25 puntos base a 5% anual, luego de seis meses de mantenerla en 5.25%. La decisión se justificó a partir del escenario de baja inflación que se proyectaba para los próximos trimestres. Se consideró que, si bien la actividad interna había recobrado cierto dinamismo, había más holguras por el menor crecimiento del año pasado. Asimismo, las medidas de inflación total y subyacente se ubicaban considerablemente por debajo de las proyecciones previas, influidas por la caída del precio del petróleo, mayores brechas de actividad y reducidas presiones de costo. Señala el Gerente de División Estudios que, desde la última reunión, las principales novedades apuntan a mayores riesgos de que la inflación se ubique por encima de lo contemplado en el escenario base. • En el lado externo, el escenario continúa favorable. Un aterrizaje suave en Estados Unidos de América cobra más probabilidad, llevando a un nuevo ajuste en las expectativas de recortes de la tasa de interés este año hacia sólo uno eventual y dilatado en el tiempo. La Zona Euro muestra un dinamismo algo mayor que lo esperado. El precio del cobre ha oscilado alrededor de algo menos de US$ 2,5 por libra en los últimos días, mientras el precio del petróleo ha aumentado durante las últimas semanas, debido en parte a factores climáticos. • Internamente, las tasas de interés tuvieron ajustes importantes luego del recorte de tasas, de la publicación del IPoM y de los registros mensuales recientes del IPC e Imacec. Pero en las últimas semanas las expectativas para la tasa de política monetaria pasaron desde recortes adicionales a una mantención prolongada. Con vaivenes importantes durante el mes, la curva nominal se redujo para todos los plazos, aunque la reducción fue más marcada en su parte corta. En los últimos días, la curva indexada tiene una estructura similar a la de hace un mes. El crédito y el dinero se siguen expandiendo a tasas elevadas. • El tipo de cambio nominal tuvo una leve depreciación desde la Reunión de Política Monetaria anterior, en términos tanto bilaterales como multilaterales. El tipo de cambio real (base 1986 = 100) se ubica cerca de 95. • El escenario de actividad se mantiene dentro de lo esperado y se corrige levemente a la baja el crecimiento de la demanda interna en 07Q1 dado menores importaciones. • La variación del IPC total estuvo en línea con lo proyectado, aunque con una composición distinta. Las medidas de inflación subyacente aumentaron, en particular el IPCX1 que sorprendió al alza en 0,24 punto porcentual respecto de lo esperado. Las noticias de IPCX1 se concentraron en algunos ítems específicos, que se supone por ahora tienen un efecto permanente sobre el nivel del IPCX1, pero no así sobre su velocidad de expansión. • El mercado laboral nacional continúa estrecho según la encuesta del INE, información corroborada por datos de la Universidad de Chile para el Gran Santiago. Los costos de la mano de obra total a diciembre muestran velocidades contenidas y estables, aunque el IREM crece algo más rápido, con una aceleración en diciembre. Los CLU se ven afectados a la baja por la velocidad del PIB en el cuarto trimestre de 2006. • Los indicadores de expectativas de inflación de corto plazo tuvieron un ajuste a la baja durante el mes. Dependiendo del indicador, las de mediano (hasta 2 años) y largo plazo se ubican en 3% o levemente bajo esa cifra. Menciona el señor Valdés que con los antecedentes disponibles, las opciones más plausibles para esta reunión son disminuir la tasa de política monetaria en 25 puntos base, o mantenerla en su nivel actual. Señala el Gerente de División Estudios señor Valdés, que el principal argumento para disminuir la tasa de política monetaria hoy es el escenario central de proyecciones considerado en el último Informe. Ese escenario incluye como elemento central una inflación reducida y una brecha positiva de actividad en los próximos trimestres. Indica que en particular, la inflación se ubica en torno a 2% por varios meses a partir del segundo trimestre de 2007. Una menor tasa de política monetaria permite adelantar el cierre de brechas de inflación y actividad a través de (i) contrarrestar el efecto de la menor inflación sobre el impulso monetario nominal y (ii) elevar marginalmente el impulso monetario real. Por lo tanto, se puede justificar disminuir la tasa de política monetaria hoy como el paso natural luego del recorte de la reunión anterior. Señala el Gerente de División Estudios, señor Valdés que además, un cambio de trayectoria en la secuencia de la tasa de política monetaria que incluye solamente un recorte de 25 puntos base puede parecer, al menos ex ante, un movimiento excesivamente acotado. De hecho, y a pesar de que la comunicación del Banco no entregó un sesgo particular respecto de movimientos futuros de la tasa de política monetaria, las expectativas implícitas en los precios financieros y las encuestas a mesas los días previos a la divulgación del IRC e Imacec daban una probabilidad a un recorte adicional, aunque se diluyó después. Por otro lado, se puede justificar mantener la tasa de política monetaria en esta reunión porque las novedades acumuladas desde la última reunión mayoritariamente apuntan a riesgos al alza para la inflación y validan algunos de los argumentos que se consideraron en la última reunión a favor de postergar una rebaja de la tasa de política monetaria, aún si se estima que el escenario central no se debe modificar. Menciona el señor Valdés que en efecto, en el último mes la inflación subyacente se ubicó por encima de lo proyectado y las medidas de tendencia inflacionaria mostraron un nuevo incremento. Si bien son lecturas de un sólo mes, ambos elementos apuntan que podrían haber presiones mayores que las consideradas en el escenario base. Agrega el señor Valdés que a esto se suman los antecedentes del mercado laboral, que muestran en las cifras del INE una tasa de desempleo que sigue baja, en las cifras de la Universidad de Chile una caída fuerte del desempleo en el Gran Santiago durante el último año, y en las cifras de crecimiento de salarios, algunos signos de aumento en el margen, en especial en el indicador de remuneraciones (más que el de costo de la mano de obra). Agrega el señor Valdés que por su parte — aunque tal vez con menor intensidad que el mes pasado, por ya no constituir una reversión del signo de los cambios en la tasa de política monetaria— , continúa siendo válido el argumento de esperar para recabar más información que permita evaluar la validez del escenario base. En particular, pese a que han disminuido algo, las expectativas de inflación de los analistas para fines de este año siguen por encima de las del escenario central. Asimismo, la mayor expectativa de inflación del sector privado, respecto de la proyectada en el escenario central, hace que no sea necesario un recorte de la tasa de política monetaria orientada a mantener el impulso monetario real. De hecho, la curva de rendimiento indexada se ha mantenido — e incluso disminuido— en lo más reciente. Señala el Gerente de División Estudios señor Rodrigo Valdés, que por último cabe señalar que, conocidas las cifras de enero, las expectativas de mantención para esta reunión son prácticamente unánimes. Considerando la volatilidad que mostraron las tasas de interés luego de la decisión anterior y lo complejo que ha resultado que los analistas asimilen la racionalidad del último recorte, se puede argumentar a favor de preparar más al mercado antes de un eventual nuevo cambio. Finalmente, agrega que con todo y dadas las implicancias de las noticias del mes, parecería más adecuado mantener el sesgo neutral."
ESTRUCTURAL_Y_ATRIBUCION,1090,7c2dd5abcf6706c7742199974f43d796751490d66ae4aaf9a32975d7d9143f4a,1437,Vittorio Corbo Lioi,SUJETO_ROL_NOMBRE,RPM-2007-02-08:T44,,"El Presidente señor Vittorio Corbo, ofrece la palabra a los asistentes para comentarios."
ESTRUCTURAL_Y_ATRIBUCION,1090,7c2dd5abcf6706c7742199974f43d796751490d66ae4aaf9a32975d7d9143f4a,1438,Klaus Schmidt-Hebbel Dunker,CONTEXTO_REVISADO,RPM-2007-02-08:T45,,"Señala el Gerente de Investigación Económica, señor Klaus Schmidt- Hebbel que desde la Reunión de Política Monetaria del 11 de enero, se han producido muchas novedades de magnitud moderada. Agrega que ninguna de estas novedades, tomadas aisladamente, implica un escenario de desviación del escenario base de proyecciones del IPoM de enero. Sin embargo la gran mayoría de estas innovaciones - recogidas muy bien en la Minuta de Antecedentes y en la discusión de esta mañana - apunta hacia una sola dirección. Menciona el Gerente de Investigación Económica que esta dirección otorga una mayor probabilidad, en comparación con la que se presenta en el IPoM, a un escenario alternativo más expansivo que el escenario base, que estaría reflejado en una brecha de desempleo y de producto más elevada (vale decir, una brecha menos negativa o más positiva) y a mayores presiones inflacionarias de corto y mediano plazo, relevantes para la decisión de política monetaria de hoy. Finalmente, hace presente el Gerente de Investigación Económica que esta mayor probabilidad de un escenario más inflacionario, considerando además que el nivel actual de la tasa de política monetaria es 25 puntos base más bajo que en enero, justifica aún más intensamente que en enero, elegir la opción de mantener de tasa."
ESTRUCTURAL_Y_ATRIBUCION,1090,7c2dd5abcf6706c7742199974f43d796751490d66ae4aaf9a32975d7d9143f4a,1439,Pablo García Silva,SUJETO_ROL_SESION,RPM-2007-02-08:T46,,"El Gerente de División Política Financiera, señala que en el escenario base del reciente IPoM se contemplaba una ampliación del impulso monetario mayor que la de 25 puntos base determinada en enero. Agrega, que sin embargo a diferencia de otras ocasiones, la evaluación fue que no parecía urgente realizar este ajuste de una vez, lo que se aprecia en la ausencia de opciones de reducción más agresivas para la Reunión de Política Monetaria de enero. Hace presente el señor García que la información acumulada desde la última reunión lleva a considerar que en su opinión realizar una reducción adicional, en la línea con el escenario base del IPoM, no parece ser urgente en esta ocasión. Ello, principalmente debido a que diversas variables han mostrado algunos quiebres, tales como la inflación IPCX1, el desempleo, las expectativas de inflación y la evaluación de la economía norteamericana. Indica el Gerente de División Política Financiera que el conjunto de estos antecedentes a su entender no apuntan en una dirección evidente para modificar el escenario base, van marginalmente en la dirección de escenarios de mayor inflación."
SOLO_TRAZABILIDAD,1091,c57b20460add407d0b32df253a5b4033312ee7b1a78b938145d10dae8467cf7b,1440,Pablo García Silva,SUJETO_ROL_NOMBRE,RPM-2007-02-08:T46,,"El Gerente de División Política Financiera, señor Pablo García indica que le parece conveniente esperar para acumular más información antes de validar el escenario de tasas implícito en las proyecciones previas. Asimismo, agrega que esto, de todos modos, es coherente con el mensaje del IPoM, mencionó que movimientos adicionales dependerían de la información acumulada, sin dar un sesgo evidente a la dirección de futuros movimientos de tasas. Esta comunicación, distinta a la trayectoria de tasas implícita en las proyecciones, probablemente revela que el balance entre el escenario central y los de riesgos, estuvo en el último informe y decisiones de política sesgado hacia estos últimos, lo que parece seguir siendo el caso ahora. El señor García, señala que en virtud de lo anterior también apoya la mantención de la tasa de política monetaria como la alternativa más adecuada."
METADATOS_ATRIBUCION,1155,8e97bf84d589f034801c28f0f4546e6297f1db9fba4fc6ebfd912225f1e4d03f,1509,Rodrigo Valdés Pulido,CONTEXTO_REVISADO,RPM-2007-03-15:T54,TEXTO_DANADO_POR_COTEJAR,"El señor Gerente de División mencionado informa que en la reunión de política monetaria de febrero, el Consejo decidió mantener la tasa de interés de política monetaria en 5% anual, luego de un recorte de 25 puntos base en enero. En la decisión se consideró, entre otros elementos, que la actividad interna había recobrado cierto dinamismo durante el cuarto trimestre del año pasado, en línea con lo previsto. Agrega el Gerente de División Estudios señor Valdés, que en el último IPOM y que, aunque la inflación total evolucionaba de acuerdo con lo proyectado, las medidas subyacentes habían aumentado algo más que lo previsto. Las principales novedades del mes anterior apuntaban a mayores riesgos de que la inflación se ubicara por encima de lo contemplado en el escenario base. Si bien el comunicado no incluyó ningún sesgo para la política monetaria, la lectura que el mercado hizo de la minuta publicada posteriormente dio cuenta de un sesgo a la baja para la Tasa de Política Monetaria. Señala el Gerente de División Estudios que, desde la última reunión, las principales novedades son las siguientes: • En el lado externo, el escenario continúa favorable, aunque con volatilidad y correcciones de precios relevantes en los mercados financieros, con caídas de aquéllos de mayor riesgo. En particular, las bolsas tuvieron importantes ajustes a la baja, mientras las tasas de interés de largo plazo en países desarrollados disminuyeron, en especial en Estados Unidos de América. En Chile, los efectos de estas correcciones fueron acotados. • Menciona el señor Valdés, que existe más preocupación por los efectos de la situación inmobiliaria en Estados Unidos de América, particularmente por la exposición crediticia en el sector. En Europa y Japón los indicadores de actividad son positivos. Los mercados han vuelto a esperar un par de recortes de parte de la Fed durante este año, aunque gobernadores de dicho organismo han indicado recientemente que el mayor riesgo percibido por ellos es el de mayores presiones inflacionarias. En Europa y Japón se mantienen las expectativas de aumento de tasas. • Agrega el señor Gerente de División mencionado, que el precio del cobre muestra mayor volatilidad, con aumentos de cerca de 40 centavos de dólar durante el mes hasta US$ 2,8 por libra, y ubicándose bastante por encima del valor proyectado en el escenario central. Por su parte, el precio del petróleo aumentó poco más de un dólar y está cerca de US$ 60 por barril en lo más reciente, algo por encima del valor proyectado en el escenario central. • Señala que, internamente las principales novedades financieras fueron la reaceleración de los agregados monetarios y de crédito a empresas, que ya se expandían a tasas elevadas, por encima de lo que se podría esperar, considerando la reducción de la tasa del mes de enero. Con volatilidad durante el mes, la parte corta de la curva de rendimiento le asigna una probabilidad algo mayor que 50% a un recorte de la Tasa de Política Monetaria en el corto plazo, mientras que una mayoría relativa de analistas espera una mantención en esta oportunidad. El tipo de cambio nominal tuvo una leve apreciación desde la Reunión de Política Monetaria anterior, en términos tanto bilaterales como multilaterales. • Hace presente el Gerente de División Estudios, que el IMACEC de enero, en base antigua, estuvo solo marginalmente por debajo de lo proyectado. El escenario de actividad para 2007Q1, se corrige a la baja por la inclusión de nuevas ponderaciones al interior de algunos sectores. El cierre del año 2006 con CdR2003 no tuvo novedades significativas respecto del PIB, Sí éste muestra una dinámica más suave de la demanda interna, en parte por una acumulación de inventarios más moderada. El IMACEC de enero en base 2003 creció 0,7% más que en base 1996. • También señala el señor Valdés, que el Ejecutivo anunció una serie de medidas para apuntalar la inversión y el crecimiento. • Asimismo, la variación del IPC y de las medidas subyacentes de inflación estuvo en línea con lo proyectado el mes pasado. Las proyecciones para los próximos meses se corrigen marginalmente al alza para el IPCX1 y a la baja para el IPC, esto último reflejo del ajuste por una sola vez en febrero y marzo, derivado del inicio del Plan Transantiago. Por otra parte, las medidas de tendencia alternativas tuvieron comportamientos mixtos. • Indica, que el desempleo se mantuvo estable y la creación de empleos volvió a moderarse. Los CMO siguen contenidos, pero la tasa de crecimiento de los IREM sigue aumentando, lo que impone una nota de cautela. • Las expectativas de inflación de mediano y de largo plazo, a más de dos años, se ubican cerca de 3%. Agrega, que dependiendo del indicador, las expectativas a dos años se ubican en 3% o levemente bajo esa cifra. Menciona el señor Valdés que con los antecedentes disponibles, las opciones más plausibles para esta reunión son disminuir la Tasa de Política Monetaria en 25 puntos base, o mantenerla en su nivel actual. El principal argumento para disminuir la Tasa de Política Monetaria hoy, al igual que el mes anterior, es el escenario central de proyecciones considerado en el último Informe de Política Monetaria. Indica que ese escenario incluye como elemento central una inflación reducida y una brecha positiva de actividad en los próximos trimestres. Como se ha analizado otras veces, una menor Tasa de Política Monetaria permite adelantar el cierre de brechas de inflación y actividad. Hace presente que como se comunicó en la Minuta de la última Reunión de Política Monetaria, el escenario base de enero contemplaba una rebaja de la Tasa mayor a 25 puntos base. Las cifras de inflación subyacente y actividad conocidas este mes son coherentes con el escenario central, situación que contrasta con las noticias de precios observadas en la reunión anterior, que eran algo mayores. Si bien es solo un mes de información, esto fortalece la validez del escenario central, lo que podría justificar recortar la Tasa de Política Monetaria. Las proyecciones de corto plazo también pueden interpretarse como coherentes con el escenario central. En efecto, se proyecta para los próximos meses una inflación anual IPCX1 marginalmente mayor que la del mes pasado, y casi medio punto más que respecto del Informe de Política Monetaria; la del IPC se ubica por debajo, aunque por el efecto por una sola vez de la implementación del Plan Transantiago sobre el nivel de precios. Por su parte, el crecimiento de la actividad este trimestre sería algo menor que el proyectado previamente. Señala el Gerente de División Estudios, que así como las novedades de inflación y actividad del mes son insuficientes para modificar el escenario central, más bien lo validan, existen algunos factores de riesgo que apuntan a que la inflación podría exceder la considerada en este escenario, tanto en el corto como en el mediano plazo. Las principales novedades son: (i) el nuevo aumento de la tasa de crecimiento de los IREM, por sobre los CMO, y el nivel de la tasa de crecimiento de los salarios que mide la Asociación Chilena de Seguridad, que son coherentes con holguras menores que las consideradas en el escenario base; (ii) la reaceleración del dinero y del crédito a empresas; (iii) la composición de la inflación entre inflación de bienes, alternativamente transables, reducida y de servicios alternativamente no transables más elevada; y (iv) las presiones de costos por un mayor precio internacional de algunos alimentos, como por ejemplo el trigo. Adicionalmente, cabe señalar que las expectativas de inflación de corto plazo del mercado financiero y de analistas son superiores a las consideradas en el escenario central. Indica el señor Valdés, que en la medida que se estimen relevantes, estos riesgos podrían justificar mantener la Tasa de Política Monetaria para esperar a tener más antecedentes, antes de decidir. En todo caso, menciona que dado el panorama de inflación acotada para el corto plazo, existe espacio para que alguno de estos riesgos se materialice sin necesariamente implicar un desvío sustancial respecto de la meta. Además de estos riesgos, hay dos novedades en el mes a partir de las cuales podría argumentarse a favor de la mantención de la Tasa de Política Monetaria en esta oportunidad. La primera, es la volatilidad que han mostrado los mercados internacionales, lo que ha reaparecido en el último par de días luego de una semana de mayor calma. Agrega el señor Valdés, que durante un período de turbulencia, a menos que haya bajas de tasas de interés más generalizadas, podría justificarse mantener la Tasa de Política Monetaria por un argumento de cautela. De hecho, si bien es probable que un episodio de turbulencia como el actual termine siendo deflacionario, no se puede descartar lo contrario. La segunda, es el anuncio de medidas pro inversión realizadas por el Ejecutivo el 13 de marzo pasado. Esos anuncios deberían favorecer un escenario de mayor demanda interna y crecimiento, y, a pesar de la expansión de la inversión que producen, también conllevarían menores holguras. Indica el señor Gerente de División, que evaluar sus consecuencias precisas tomará algún tiempo, ya que en parte dependen de cómo sean percibidas por el sector privado. Como consecuencia, señala el señor Gerente de División que más allá de los elementos anteriores de estrategia y riesgos, hay aspectos desde el punto de vista de la implementación y comunicación de la política monetaria a considerar y, que son en la reunión de hoy más complejos que lo habitual. Indica que las expectativas están divididas, con una mayoría relativa de operadores de mercado esperando una rebaja y lo contrario, en algunas encuestas de analistas. Esta situación se generó principalmente a partir de la divulgación de la Minuta de la última Reunión de Política Monetaria. Con anterioridad a ello, las expectativas eran de mantención, mientras las novedades detrás de las cifras económicas no han sido suficientemente importantes como para determinar una acción evidente. Agrega que en este cuadro, se puede justificar una rebaja en esta reunión, si se estima apropiado validar la lectura de la Minuta mencionada, y así reafirmada como guía de decisiones posteriores. Por el contrario, si se estima que hubo una lectura equivocada de la referida Minuta por parte del mercado, por un exceso de compromiso por parte del Banco Central de Chile con reducciones futuras de la Tasa de Política Monetaria, especialmente dado el sesgo neutral que tenía el /PO/W, el argumento pierde fuerza."
METADATOS_ATRIBUCION,1209,51a216decb3d83b08119c793b34385fdcac203065aa6d9c2a6ebf6ac36975d60,1579,Vittorio Corbo Lioi,SUJETO_ROL_NOMBRE,RPM-2007-04-12:T53,,"El Presidente señor Vittorio Corbo comenta que si se lee la Minuta de la Reserva Federal del día de ayer, observa que esta Institución tiene problemas muy parecidos a los nuestros, ya que están preocupados si la inflación se va a desacelerar o no. Indica que ahora omiten aspectos que estaban en la Minuta anterior y, en consecuencia, están en un ciclo muy parecido al nuestro. El Presidente, señor Vittorio Corbo, suspende la Sesión a las 13.45 horas e informa que la misma se reanudará a las 16:00 horas."
METADATOS_ATRIBUCION,1209,51a216decb3d83b08119c793b34385fdcac203065aa6d9c2a6ebf6ac36975d60,1580,Consejo del Banco Central de Chile,ACTA/META,RPM-2007-04-12:T54,,"Siendo las 16:00 horas, se reanuda la Sesión de Política Monetaria N° 106."
METADATOS_ATRIBUCION,1209,51a216decb3d83b08119c793b34385fdcac203065aa6d9c2a6ebf6ac36975d60,1581,Vittorio Corbo Lioi,SUJETO_ROL_NOMBRE,RPM-2007-04-12:T55,,"A continuación, el Presidente don Vittorio Corbo, solicita al Gerente de División Estudios don Rodrigo Valdés, que presente las Opciones de Política Monetaria."
METADATOS_ATRIBUCION,1209,51a216decb3d83b08119c793b34385fdcac203065aa6d9c2a6ebf6ac36975d60,1582,Rodrigo Valdés Pulido,CONTEXTO_REVISADO,RPM-2007-04-12:T56,,"El señor Gerente de División mencionado informa que en la reunión de política monetaria de marzo, el Consejo acordó, por tres votos contra dos, mantener la tasa de interés de política monetaria en 5% anual, luego de igual decisión en febrero. Señala que en la decisión se consideró, entre otros elementos, la mayor volatilidad y los ajustes de los precios de distintos activos observados en los mercados financieros internacionales. Se estimó, además, que había un aumento gradual del dinamismo de la actividad interna, en línea con lo previsto en el último IPoM, mientras la inflación anual del IPCX1, que había estado algo por encima de la proyectada, se estaba moderando. Indica el Gerente de División Estudios que en la decisión de mayoría se hizo especial hincapié en algunos riesgos al alza para la inflación, incluyendo el mayor precio internacional del petróleo y de los granos, la evolución de la inflación de servicios, y no transables, y la discrepancia entre los indicadores salariales índice de Remuneraciones por Hora y Costo de la mano de obra total. En la votación de minoría se consideró que el escenario base del IPoM era válido y que también había riesgos a la baja para la inflación, como el nivel que alcanzaban las expectativas de inflación del mercado financiero, en particular la Cl 1 en 1, y la reducida inflación anual que se espera para el tercer trimestre. Señala el señor Valdés que el comunicado entregó un sesgo para la política futura al establecer que “de atenuarse los riesgos inflacionarios y consolidarse el escenario central del último IPoM, en los meses siguientes podría requerirse un impulso monetario algo mayor”. Desde la reunión anterior, las principales novedades son las siguientes: En el lado externo, el escenario continúa favorable, y se ha disipado el episodio de mayor volatilidad y correcciones de precios relevantes en los mercados financieros. En Estados Unidos de América se han atenuado y postergado las expectativas del mercado sobre rebajas de tasas de interés por parte de la Reserva Federal. En Europa y Japón se mantienen las expectativas de alza de tasas. Menciona el señor Valdés que el precio del cobre ha vuelto a subir de manera considerable, más de US$ 0,6 por libra desde la última reunión, hasta sobre US$ 3,5, el mes pasado el aumento fue de 40 centavos. Con ello se ubica muy por encima del valor proyectado en el escenario central de enero. El precio del petróleo también ha mostrado un aumento, aunque más moderado, y se ubica sobre lo proyectado. El precio de la gasolina ha subido más que el del petróleo. Internamente, en el mercado financiero continúa la aceleración de los agregados monetarios. El crecimiento del crédito, por el contrario, no siguió acelerándose y se atenúa en el caso del consumo. El tipo de cambio se ha mantenido. Los mercados y analistas asignan una baja probabilidad a un nuevo recorte de la Tasa de Política Monetaria. La actividad continúa aumentando su dinamismo en forma gradual, bastante en línea con el escenario del IPoM. • Agrega el Gerente de División que la inflación de marzo estuvo dentro de lo proyectado en la reunión anterior, aunque con menor IPCX1 y mayor precio de alimentos. Con ello, el IRC se ubica muy cerca de lo proyectado en el IPoM, con algo más de IPCX1, por mayores precios de alimentos, aparentemente por el efecto del mayor precio internacional de los granos, y con un mayor precio de combustibles, ambos compensados por la reducción de tarifas asociadas a Transantiago. Las perspectivas de inflación de corto plazo son algo mayores que las consideradas en el escenario base del IPoM, en particular en el caso de la subyacente IPCX1. • Hace presente el Gerente de División Estudios que el ritmo de creación de empleos volvió a intensificarse en el último mes. Los costos de la mano de obra total siguen contenidos, mientras la tasa de crecimiento de los índices de Remuneraciones por Hora sigue aumentando. El análisis preliminar de los microdatos indica que la discrepancia IREM/CMO podría reflejar sólo ruido estadístico. • Las expectativas de inflación de mediano y de largo plazo, a más de dos años, se ubican en torno a 3%. Menciona el señor Valdés que con los antecedentes disponibles, las opciones más plausibles para esta reunión son disminuir la Tasa de Política Monetaria en 25 puntos base, o mantenerla en su nivel actual. El principal argumento para disminuir la Tasa de Política Monetaria hoy, al igual que los dos meses anteriores, es el escenario central de proyecciones considerado en el último Informe. Una menor Tasa de Política Monetaria permite adelantar el cierre de brechas de inflación, respecto de 3%, y de actividad, respecto del PIB tendencial, que considera ese escenario. Se puede justificar disminuir la Tasa de Política Monetaria en la medida en que se estime que la economía está evolucionando en línea con ese escenario central. Indica el Gerente de División que los resultados de la inflación IPC y la expectativa de crecimiento del PIB a marzo son, en principio, coherentes con ese diagnóstico. En particular, cabe mencionar que por segundo mes la inflación subyacente IPCX1 modera sorpresas al alza de meses anteriores, lo que en principio fortalece el escenario central. A este argumento, basado en el escenario central del IPoM, se agrega el cese de la volatilidad en los mercados financieros internacionales, elemento considerado en la reunión anterior como uno de los argumentos para no disminuir la Tasa de Política Monetaria. El principal argumento para mantener la Tasa de Política Monetaria en esta oportunidad se basa en que, si bien la inflación y la actividad son hasta ahora coherentes con el escenario central, hay aspectos en la evaluación de la marcha de la economía y shocks específicos que, en principio, modifican algo al alza las perspectivas de inflación. En particular, el aumento del precio de los alimentos, que se refleja en un mayor IPCX1 efectivo y esperado, así como el mayor precio de derivados del petróleo, elevan la proyección de inflación de corto plazo, lo que resulta más notorio si se excluye el efecto que tuvo la puesta en marcha del Transantiago. Señala que el comportamiento de las medidas de tendencia inflacionaria es también coherente con esta evaluación. Estas novedades no modifican de manera radical el escenario central, que considera holguras por algunos trimestres, pero, si se estima que ellas son persistentes, son de una magnitud tal que podría justificar mantener la Tasa de Política Monetaria en espera de una actualización de este escenario. Además de las consideraciones anteriores, señala el Gerente de División Estudios señor Rodrigo Valdés que hay factores de riesgo que pueden ser relevantes en la evaluación de las opciones, algunos de los cuales se discutieron en la última reunión. En efecto, la inflación podría ser más baja que en el escenario central, en la medida en que se reduzcan las expectativas de inflación a partir de la baja inflación anual proyectada para el tercer trimestre. Asimismo, los costos laborales unitarios han evolucionado por debajo de lo esperado. A esto cabe sumar la posibilidad de que se dé una reversión o, alternativamente, un efecto contractivo en el mayor precio de los granos y del petróleo. El alza de estos últimos es básicamente un shock de costos o de oferta, con sus implicancias habituales. Por su parte, indica el señor Valdés que los principales riesgos al alza para la inflación que siguen vigentes son la relativamente mayor inflación de servicios respecto de la de bienes, el mayor crecimiento que siguen mostrando los agregados monetarios y la posibilidad de un traspaso más intenso al mercado interno del mayor precio internacional de los granos. También cabe señalar que se han atenuado un par de elementos de riesgo analizados hace un mes. Por un lado, el riesgo que imponía una muy reducida compensación inflacionaria a un año plazo, en un año más se ha tendido a disipar con su aumento reciente. Por el otro, si bien continúan como un foco de atención las posibles implicancias de! mayor crecimiento del índice de remuneraciones, cabe señalar que el escenario central contempla una mayor tasa de crecimiento de los costos laborales nominales y que, como se mencionó, el análisis preliminar de los microdatos indica que la discrepancia IREM/CMO podría ser no ser especialmente informativa. Por último, cabe destacar que una mayoría relativa del mercado espera que se mantenga la Tasa de Política Monetaria en esta reunión, por lo que cabe esperar cambios acotados en los precios financieros clave si se decide por esta opción. Con todo, una minoría sí espera un recorte, tal vez reflejando el sesgo implícito del último comunicado."
METADATOS_ATRIBUCION,1209,51a216decb3d83b08119c793b34385fdcac203065aa6d9c2a6ebf6ac36975d60,1583,Vittorio Corbo Lioi,SUJETO_ROL_NOMBRE,RPM-2007-04-12:T57,,El Presidente señor Vittorio Corbo ofrece la palabra para comentarios.
METADATOS_ATRIBUCION,1251,52eadd5f8d937e4144aa6d9728ecce45443ba9cfd7916d268455ae138b26c6a9,1633,Vittorio Corbo Lioi,SUJETO_ROL_NOMBRE,RPM-2007-05-10:T35,,"El Presidente, señor Vittorio Corbo, suspende la Sesión a las 13.45 horas e informa que la misma se reanudará a las 16:00 horas."
METADATOS_ATRIBUCION,1251,52eadd5f8d937e4144aa6d9728ecce45443ba9cfd7916d268455ae138b26c6a9,1634,Consejo del Banco Central de Chile,ACTA/META,RPM-2007-05-10:T36,,"Siendo las 16:00 horas, se reanuda la Sesión de Política Monetaria N° 107. Se deja constancia que ingresa a la Sala el señor Ministro de Hacienda don Andrés Velasco Brañes."
METADATOS_ATRIBUCION,1251,52eadd5f8d937e4144aa6d9728ecce45443ba9cfd7916d268455ae138b26c6a9,1635,Vittorio Corbo Lioi,SUJETO_ROL_NOMBRE,RPM-2007-05-10:T37,,"A continuación, el Presidente don Vittorio Corbo, solicita al Gerente de División Estudios don Rodrigo Valdés, que presente las Opciones de Política Monetaria."
METADATOS_ATRIBUCION,1251,52eadd5f8d937e4144aa6d9728ecce45443ba9cfd7916d268455ae138b26c6a9,1636,Rodrigo Valdés Pulido,CONTEXTO_REVISADO,RPM-2007-05-10:T38,,"El señor Gerente de División mencionado indica que en la Reunión de Política Monetaria de abril, el Consejo acordó mantener la tasa de interés de política monetaria en 5% anual, luego de igual decisión en febrero y marzo. Señala que en la decisión se consideró que el conjunto de antecedentes disponibles sugería que la inflación anual disminuiría durante los próximos meses con menor intensidad que lo proyectado en el último IPoM. Hasta ese momento seguía aumentando el dinamismo de la actividad interna, en línea con lo previsto en el último IPoM, y la inflación del IPC se ubicaba algo por debajo de 3%, similar a lo proyectado. Esto último conjugaba el efecto de la puesta en marcha del Plan Transantiago, un mayor precio de los combustibles respecto de enero y una inflación subyacente IPCX1 levemente mayor que lo previsto. Señala el señor Valdés que el comunicado respectivo quitó todo sesgo para la trayectoria futura de la Tasa de Política Monetaria. Señala el señor Valdés, que desde la reunión anterior, las principales novedades son las siguientes; • En el lado externo, el escenario continúa favorable, con Europa y Asia compensando la debilidad de Estados Unidos de América. Las tasas de interés de largo plazo se muestran estables en Europa y Japón, mientras que en Estados Unidos de América han tendido a caer, respondiendo principalmente, a noticias que apuntan a menores presiones inflacionarias. El dólar ha continuado depreciándose en términos multilaterales, acumula más de 4% con respecto al IPoM de enero. • Menciona el señor Valdés que el precio del cobre ha aumentado a niveles en torno a US$ 3,60-3,70, muy por encima del escenario de enero, y excediendo los niveles de los últimos dos meses. El precio del petróleo también se ha mantenido elevado, luego de aumentos mucho más moderados que los del cobre, mientras las gasolinas siguieron aumentando, hasta niveles muy por encima de lo que indicaría un margen de refinación histórico. • En el mercado financiero interno, el cambio más notorio fue la reacción al alza de las tasas de interés de mercado, principalmente las de mayor plazo, que en otras oportunidades parecen haber sobrerreaccionado, y a la baja del tipo de cambio, luego de conocidas las noticias de actividad e inflación. Los agregados monetarios continúan creciendo a tasas elevadas y el crecimiento del crédito sigue una leve moderación. Los mercados y los analistas asignan ahora, con alta probabilidad, una mantención de la Tasa de Política Monetaria por algunos meses, con leves aumentos posteriores. • El crecimiento de la actividad aumentó significativamente en marzo, por encima de lo proyectado. Ello deja el crecimiento del primer trimestre algo por encima de lo previsto en el IPoM de enero, en parte influido por novedades en sectores de recursos naturales. La encuesta de analistas da cuenta de una revisión al alza relevante para el crecimiento del año. • Agrega el señor Gerente de División mencionado que la inflación de abril sorprendió al alza. En ello influyó un mayor IPCX1, explicado por el comportamiento del rubro salud y, al igual que en meses anteriores, por aumentos mayores que lo previsto en alimentos. Adicionalmente, hubo una importante contribución de los combustibles. Con ello, e incluso tomando en cuenta el efecto del Plan Transantiago, la inflación IPC a abril se ubica algo por encima de lo proyectado en el IPoM de enero. El IPCX1 a abril supera por 0,65 punto porcentual las proyecciones de enero. • Hace presente el Gerente de División Estudios, que el ritmo de creación de empleos volvió a intensificarse en el último mes. Agrega que a las alzas que ha mostrado el índice de Remuneraciones por Hora, ahora se suma el Costo de la Mano de Obra, que ha comenzado a aumentar su tasa de crecimiento. Con todo, los costos laborales unitarios continúan contenidos, debido al aumento de la productividad medida. El análisis de los microdatos apoya la idea de que la discrepancia entre el índice de Remuneraciones por Hora y el Costo de la Mano de Obra es un tema de ponderadores de los índices. Menciona el señor Valdés, que las proyecciones preparadas para el Informe de Política Monetaria de mayo consideran que, en el escenario base, la actividad crecerá por encima del potencial en este año y el próximo, 5,7% y 5,5%, respectivamente, cerrando la brecha de capacidad gradualmente durante los próximos trimestres. Las favorables condiciones externas, el impulso que proveen las condiciones financieras internas y la política fiscal, así como la entrada en operación de expansiones programadas en algunas industrias, apoyan este mayor crecimiento. Señala el Gerente de División, que la demanda interna crecerá en torno a un punto porcentual más que el PIB. La inflación disminuirá durante este trimestre y el próximo, principalmente por efecto base de comparación, aunque menos que lo proyectado en enero. Posteriormente, el cierre de las holguras de capacidad, el crecimiento de los costos laborales unitarios alineado con la meta y una inflación externa en dólares que modera su aumento llevan a proyectar que la inflación fluctuará en torno a 3% a partir del cuarto trimestre del año 2007. Indica, que todo esto ocurriría bajo el supuesto de mantención de la Tasa de Política Monetaria por algunos meses, para luego aumentar levemente, a un ritmo similar al implícito en los precios financieros prevalecientes antes del cierre estadístico del IPoM. indica el señor Gerente de División que con los antecedentes disponibles, es difícil justificar una opción distinta a la de mantener la Tasa de Política Monetaria en esta reunión. De manera similar a como se discutió en septiembre del año 2006, un ejercicio completo de proyecciones de corto y mediano plazo provee poco espacio para argumentar en favor o en contra de opciones distintas a la trayectoria de la Tasa de Política Monetaria implícita en esas proyecciones, en particular cuando ese supuesto es de mantención. En esta oportunidad, el supuesto de que la Tasa de Política Monetaria se mantiene por algunos meses, para luego tener alzas leves o graduales, deja poco espacio para considerar alternativas a la mantención. El argumento considerado en las últimas reuniones, basado en que un recorte de la Tasa de Política Monetaria permitiría adelantar el cierre de brechas de inflación, respecto de 3%, y de actividad, respecto del PIB tendencial, ha perdido toda relevancia con el cambio de escenario central. La actividad ha retomado un dinamismo incluso mayor al proyectado con anterioridad, el IPCX1 ha sorprendido al alza y las medidas de tendencia inflacionaria no dan cuenta de una disminución. También cabe señalar, que desde el punto de vista del análisis de riesgos, aquéllos que podían haber justificado un recorte de tasas en los últimos meses, parecen haberse mitigado en lo más reciente. En particular, el crecimiento de los salarios medidos por los Costo de la Mano de Obra ha comenzado a aumentar, atenuando el riesgo de que los aumentos de costos sean muy reducidos. El nivel que alcanza el desempleo apoya esa evaluación. La compensación inflacionaria de un año en un año, que se ubicaba por debajo de 3%, hoy se ubica en torno a la meta. Por último, señala el señor Valdés que el escenario de inflación especialmente reducida que se esperaba para el corto plazo, que podría influir en expectativas de inflación a la baja, es ahora poco probable. Por su parte, los riesgos de inflación a la baja, dados por una eventual continuación de la evolución reciente que ha tenido el tipo de cambio, o porque podría darse ante una reversión rápida del precio internacional de combustibles y alimentos, no parecen suficientes para justificar una acción de política preventiva. De otro lado, manifiesta el señor Gerente de División que algunos de los riesgos al alza de la inflación que se analizaron en los últimos meses son ahora parte del escenario central, en particular los shocks de oferta ligados a los mayores precios de alimentos y de combustibles. Otros riesgos inflacionarios al alza, como la discrepancia entre la inflación de bienes y servicios, y eventuales efectos de segunda vuelta de mayores precios de algunos commodities, siguen presentes, pero son acotados, por lo que no justifican adelantar aumentos de la Tasa de Política Monetaria. Por su parte, las consecuencias para la política fiscal del próximo año y para el desempeño macroeconómico del país de una eventual revisión significativa del precio de referencia del cobre, o de eventuales nuevos gastos, son un riesgo relevante, pero aún lejano en el tiempo. Finalmente, indica el señor Valdés que a lo anterior se suma un riesgo de menores brechas en los próximos trimestres, aunque también es prematuro ponderarlo para la decisión de hoy, dado que está influido de manera considerable por datos de un solo mes. Por último, cabe destacar que prácticamente la totalidad de los analistas y participantes del mercado espera que se mantenga la Tasa de Política Monetaria en esta reunión, por lo que no cabe esperar cambios en los precios financieros clave si se decide por esta opción."
METADATOS_ATRIBUCION,1251,52eadd5f8d937e4144aa6d9728ecce45443ba9cfd7916d268455ae138b26c6a9,1637,Vittorio Corbo Lioi,SUJETO_ROL_NOMBRE,RPM-2007-05-10:T39,,El Presidente señor Vittorio Corbo ofrece la palabra para comentarios.
METADATOS_ATRIBUCION,1297,d2c26e36cc19ad64a1252f280a083833ca98d326dc83a7c9f9e4d9d7ee859ee5,1694,Vittorio Corbo Lioi,SUJETO_ROL_NOMBRE,RPM-2007-06-14:T42,,"El Presidente señor Vittorio Corbo señala que el área internacional se encuentra muy bien, que Estados Unidos de América se ve mejor. Menciona que en la parte interna, la actividad está creciendo más de lo que se pensaba, pero que sin embargo, existe la preocupación de la inflación, la que se analizará en la reunión de la tarde. El Presidente, señor Vittorio Corbo, suspende la Sesión a las 13.30 horas e informa que la misma se reanudará a las 16:00 horas."
METADATOS_ATRIBUCION,1297,d2c26e36cc19ad64a1252f280a083833ca98d326dc83a7c9f9e4d9d7ee859ee5,1695,Consejo del Banco Central de Chile,ACTA/META,RPM-2007-06-14:T43,,"Siendo las 16:00 horas, se reanuda la Sesión de Política Monetaria N° 109."
METADATOS_ATRIBUCION,1297,d2c26e36cc19ad64a1252f280a083833ca98d326dc83a7c9f9e4d9d7ee859ee5,1696,Vittorio Corbo Lioi,SUJETO_ROL_NOMBRE,RPM-2007-06-14:T44,,"A continuación, el Presidente don Vittorio Corbo, solicita al Gerente de Análisis Macroeconómico señor Igal Magendzo que presente las Opciones de Política Monetaria."
METADATOS_ATRIBUCION,1297,d2c26e36cc19ad64a1252f280a083833ca98d326dc83a7c9f9e4d9d7ee859ee5,1697,Igal Magendzo Weinberger,CONTEXTO_REVISADO,RPM-2007-06-14:T45,,"El señor Gerente de Análisis Macroeconómico mencionado informa lo siguiente: En la reunión de política monetaria de mayo, el Consejo acordó mantener la tasa de interés de política monetaria en 5% anual, luego de igual decisión en los tres meses previos. En la decisión se consideró que las proyecciones de inflación preparadas para el último Informe de Política Monetaria, que incluían un cierre progresivo de brechas de capacidad y una gradual atenuación de los shocks de precios de gasolina y alimentos, no parecían requerir de un ajuste en la Tasa de Política Monetaria en el corto plazo para la convergencia de la inflación a 3% en el horizonte de política, aunque sí ajustes posteriores. Agrega, que los precios financieros tenían al cierre del IPoM un escenario implícito de ajustes de la Tasa de Política Monetaria similar, sin movimientos en el corto plazo. Indica también, que el comunicado, al igual que el del mes anterior, no hizo referencia a un sesgo para la trayectoria futura de la Tasa de Política Monetaria. Señala el Gerente de Análisis Macroeconómico que desde la reunión anterior, las principales novedades son las siguientes: • En el ámbito internacional, el escenario continúa favorable, con indicadores que sugieren un repunte en el crecimiento de la actividad en Estados Unidos de América, mientras que Europa y Japón siguen con expansiones firmes. Las mejores perspectivas para la actividad en Estados Unidos de América, junto a riesgos inflacionarios, motivaron un aumento de entre 40 y 50 puntos base en las tasas de interés de largo plazo en Estados Unidos de América y en la Zona Euro en el último mes. Al mismo tiempo, comenta el Gerente señor Magendzo que ya no es claro el signo esperado del próximo movimiento de la Reserva Federal, implícito en los precios financieros. • El precio del cobre ha disminuido, sin diferir significativamente de lo esperado en el escenario base del IPoM de mayo, y se ubica en torno a US$ 3,30, cerca de 25 centavos menos que hace un mes. Los precios del petróleo y sus derivados se han mantenido elevados, en especial el de las gasolinas. Agrega que nuevos antecedentes llevan a reevaluar la normalización esperada para el margen de refinación, el que disminuiría con menos intensidad que lo esperado previamente. • En el mercado financiero interno, el cambio más notorio fue la continuación del ajuste significativo al alza en las tasas de interés de mercado de mediano y largo plazo. A las noticias de actividad e inflación, se sumó esta vez el alza de tasas externas. Además, el mercado modificó sus expectativas para el curso de la tasa de política monetaria en los próximos meses, esperando ahora entre dos y tres alzas de 25 puntos base hasta fin de año. El tipo de cambio nominal se ha depreciado desde mediados de mayo, volviendo a los niveles de cierre del IPoM. El tipo de cambio real volvió en mayo a valores bajo 94 y, considerando los datos efectivos de junio, se estima que se ubicaría cerca de 95. Los agregados monetarios continúan creciendo a tasas elevadas y el crecimiento del crédito vuelve a mostrar una leve moderación. • En abril, el crecimiento de la actividad fue elevado y nuevamente estuvo por encima de lo proyectado. Ello apunta a que el crecimiento del segundo trimestre, excluido el efecto del cambio en días hábiles, será algo más de medio punto superior a lo proyectado en el IPoM de mayo. Además, los riesgos de un mayor consumo podrían estar materializándose. La encuesta de analistas dio cuenta de una nueva revisión al alza relevante para el crecimiento del año. • La inflación de mayo, por su parte, sorprendió al alza, al igual que en abril. En ello influyó un mayor IPCX1, por el comportamiento del rubro salud y por aumentos mayores que lo previsto en alimentos, situación que se ha repetido por algunos meses. Una vez más, los combustibles contribuyeron de modo importante a la sorpresa de inflación del IRC, al aumentar más que lo esperado. La evaluación de estas noticias lleva a un alza de aproximadamente medio punto en la inflación del IPC proyectada en el plazo de seis meses. Asimismo, las expectativas de mercado han tenido un ajuste comparable. • Las medidas de expectativas de inflación de mediano y largo plazo se mantienen en torno al 3%, aunque con pequeños aumentos en las últimas semanas. La totalidad de las medidas de tendencia inflacionaria muestran alzas y la mayoría se ubica algo por sobre el 3%. • El ritmo de creación de empleos volvió a intensificarse en el último mes. El crecimiento anual del índice de remuneraciones por hora se mantiene elevado y el del costo de la mano de obra total disminuyó marginalmente, pero ambos están aumentando su velocidad de expansión. Con todo, aún se evalúa que las presiones inflacionarias por el lado de los costos laborales se encuentran contenidas. Menciona el Gerente señor Magendzo que con los antecedentes disponibles, se estima que las opciones más plausibles para esta reunión son mantener la tasa de política monetaria o aumentarla en 25 puntos base. Señala el Gerente de Análisis Macroeconómico que se puede justificar un alza de la tasa de política monetaria en esta reunión, considerando que las principales novedades del mes motivan una revisión al alza de la inflación proyectada para el corto plazo — esto es, en los próximos seis meses— y a la vez apuntan a que el panorama de inflación de mediano plazo será probablemente más alto que el considerado en el escenario base del IPoM. En ello se conjugan: (i) la persistencia y profundización de los principales shocks de precios específicos identificados en los últimos meses, con posibles efectos de segunda vuelta; y (ii) un cierre de las holguras de capacidad remanentes más rápido que el proyectado, lo que implicaría presiones de precios mayores. Agrega, que en este cuadro, el impulso monetario que subsiste no sería necesario e incluso, de persistir por un tiempo prolongado, podría arriesgar que la inflación se ubique por encima de 3% en el horizonte de política o, alternativamente, que a futuro requiera de ajustes más profundos en la tasa de política monetaria. Menciona el señor Magendzo que en particular, el precio de los combustibles sigue alto y se cuenta con antecedentes que hacen pensar que la normalización esperada puede ser menos intensa que la prevista en el IPoM. Asimismo, existe un conjunto de precios de alimentos cuya tasa de incremento ha aumentado en el curso del año. En cuanto a la brecha de capacidad, se aprecia un fuerte dinamismo de la actividad, situación generalizada entre sectores, a la vez que podría estar materializándose el riesgo de un mayor consumo identificado en el Informe de Política Monetaria. A ello se suman los anuncios recientes sobre política fiscal, que implicarían, todo lo i demás constante, un mayor impulso sobre la demanda interna durante este año y, especialmente, el próximo. Señala que el mencionado dinamismo de la actividad, la tasa de desempleo y el aumento de las distintas medidas de la tendencia inflacionaria apuntan a que las holguras son reducidas y que es probable que se esté configurando un escenario de mayores presiones inflacionarias que las implícitas en el último IPoM. Por otro lado, el Gerente de Análisis Macroeconómico agrega que las novedades comentadas no han pasado desapercibidas para el mercado, que ha ajustado de manera relevante las tasas de interés a distintos plazos y las perspectivas para la tasa de política monetaria en los próximos meses. Asimismo, menciona que en la actualidad, los precios financieros consideran entre dos y tres aumentos de la tasa de política monetaria hasta fin de año. En opinión del señor Magendzo la principal justificación para mantener la tasa de política monetaria en esta reunión es que el cuadro de mayor inflación respecto del IPoM es en gran medida el reflejo de noticias y datos de un solo mes. Esto implica que, dada la posibilidad limitada de extraer tendencias a partir de pocas observaciones, existe el riesgo de que estas novedades se diluyan o se reviertan. El Gerente de Análisis Macroeconómico menciona que adicionalmente, y dada la reacción que han tenido las tasas de interés de mercado de mediano y largo plazo, no parece tan urgente un aumento de la tasa de política monetaria. En efecto, las distintas medidas de expectativas de inflación se mantienen en torno a 3 por ciento, con supuestos de que un alza de la tasa de política monetaria no se materializaría en lo más inmediato, aunque sí en los meses subsiguientes. Agrega asimismo, que el aumento de las tasas de mercado ayuda a limitar la expansión de la demanda interna. Incluso se puede argumentar que frente a la posibilidad de algún grado de sobrerreacción en la estructura de tasas de interés, es más adecuado posponer un aumento de la tasa de política monetaria, de manera de no exacerbar dicho movimiento. Además, cabe señalar que en un cuadro en que las expectativas para esta reunión son mayoritariamente de mantención de la tasa de política monetaria, un aumento de la misma podría dar cuenta de una preocupación excesiva del Banco respecto del panorama de inflación y exacerbar el ajuste de las tasas. Por último, el Gerente de Análisis Macroeconómico señor Igal Magendzo, manifiesta que cabe evaluar si se debe incluir o no un sesgo en el Comunicado, lo que ayuda a la formación de expectativas de mercado y entrega una herramienta de graduación de la política monetaria más allá de los propios movimientos de la tasa de política monetaria. En esta oportunidad, dada la magnitud de las novedades, puede ser insuficiente describir la marcha de la economía para manifestar un sesgo. Aun más, no manifestar ningún sesgo arriesga una mayor alza de las tasas de interés de mercado, si ello se interpreta como que el Banco Central de Chile va atrasado en sus decisiones y análisis, o sea va “detrás de la curva"". Por otro lado, como es habitual, un sesgo explícito limita los grados de libertad para acciones posteriores."
METADATOS_ATRIBUCION,1297,d2c26e36cc19ad64a1252f280a083833ca98d326dc83a7c9f9e4d9d7ee859ee5,1698,Vittorio Corbo Lioi,SUJETO_ROL_NOMBRE,RPM-2007-06-14:T46,,"El Presidente señor Vittorio Corbo, ofrece la palabra a los asistentes para comentarios."
