ID_Padre,Tipo,SHA256_Texto_Padre,Version,ID,Id_Sesion,Fecha,Actor_Original,Actor_Final,Actor_Corregido,Rol_Fuente,Rol_Final,Rol_Corregido,Rol_Detectado_Texto,Rol_Lista_Asistencia,Fuente_Rol,Tipo_Acta,Fuente_Actor,Página,Texto,Tema_Original,Tema_Categoria,Palabra_Clave_Original,Palabra_Clave_Categoria,Texto_Truncado,Duplicado_Exacto,Duplicado_Formula,Nota,ID_Intervencion,Numero_Segmento,Fuente_Texto,Duplicado_Exacto_Origen,Duplicado_Formula_Origen,ID_Bloque_Texto,Estado_Revision,Motivos_Revision,ID_Turno,Relacion_Turno,ID_Antecedente_Continuidad,ID_Ancla_Actor
2661,RESEGMENTACION,ba871e522560a087da27e178ffbdc31badc52e41f09e7fa9b434fb31d9a632c4,Antes,3828,RPM-2009-08-13,2009-08-13 00:00:00,Andrés Velasco Brañes,Andrés Velasco Brañes,NO,Ministra de Hacienda (S),Ministro de Hacienda,SI,,Ministro de Hacienda,LISTA_ASISTENCIA,,SUJETO_ROL_SESION,2,"El Ministro de Hacienda pregunta si la ponderación entre países latinoamericanos también es a PPP,",Análisis del escenario macroeconómico internacional,escenario_internacional,escenario internacional,escenario_internacional,NO,NO,NO,Rol según lista de asistencia: Ministro de Hacienda,RPM-2009-08-13:2661:1,1,XLSX_ORIGINAL,NO,NO,RPM-2009-08-13:2661:B1,PENDIENTE_REVISION,FINAL_SIN_PUNTUACION,RPM-2009-08-13:T4,INICIO_EXPLICITO,,RPM-2009-08-13:2661:1
2661,RESEGMENTACION,ba871e522560a087da27e178ffbdc31badc52e41f09e7fa9b434fb31d9a632c4,Antes,3829,RPM-2009-08-13,2009-08-13 00:00:00,Andrés Velasco Brañes,Sergio Lehmann Beresi,SI,Ministra de Hacienda (S),Gerente de Análisis Internacional,SI,,Gerente de Análisis Internacional,LISTA_ASISTENCIA,,SUJETO_NOMBRE,2,"a lo cual el señor Lehmann responde que para efectos de las agrupaciones también lo es a PPP. En el caso del año 2010, añade que las revisiones son bien marginales y bastante homogéneas en el grupo de países presentados",Análisis del escenario macroeconómico internacional,escenario_internacional,escenario internacional,escenario_internacional,NO,NO,NO,Rol según lista de asistencia: Gerente de Análisis Internacional,RPM-2009-08-13:2661:2,2,XLSX_ORIGINAL,NO,NO,RPM-2009-08-13:2661:B2,PENDIENTE_REVISION,FINAL_SIN_PUNTUACION,RPM-2009-08-13:T5,INICIO_EXPLICITO,,RPM-2009-08-13:2661:2
2661,RESEGMENTACION,ba871e522560a087da27e178ffbdc31badc52e41f09e7fa9b434fb31d9a632c4,Antes,3830,RPM-2009-08-13,2009-08-13 00:00:00,Andrés Velasco Brañes,Jorge Desormeaux Jiménez,SI,Ministra de Hacienda (S),Vicepresidente del Banco Central,SI,,Vicepresidente del Banco Central,LISTA_ASISTENCIA,,SUJETO_ROL_NOMBRE,2,"El Vicepresidente, señor Jorge Desormeaux, solicita al Gerente de Análisis Internacional que explique cómo se estimaron las cifras del año 2010 que está presentando, porque los bancos de inversión no solo hablan de cifras superiores a 3% para el 2010, sino que de un crecimiento de tendencia.",Análisis del escenario macroeconómico internacional,escenario_internacional,escenario internacional,escenario_internacional,NO,NO,NO,Rol según lista de asistencia: Vicepresidente del Banco Central,RPM-2009-08-13:2661:3,3,XLSX_ORIGINAL,NO,NO,RPM-2009-08-13:2661:B3,SIN_ALERTAS_AUTOMATICAS,,RPM-2009-08-13:T6,INICIO_EXPLICITO,,RPM-2009-08-13:2661:3
2661,RESEGMENTACION,ba871e522560a087da27e178ffbdc31badc52e41f09e7fa9b434fb31d9a632c4,Antes,3831,RPM-2009-08-13,2009-08-13 00:00:00,Andrés Velasco Brañes,Sergio Lehmann Beresi,SI,Ministra de Hacienda (S),Gerente de Análisis Internacional,SI,,Gerente de Análisis Internacional,LISTA_ASISTENCIA,,SUJETO_NOMBRE,2,"Al respecto, el señor Sergio Lehmann comenta que para el año 2010 hay una importante discrepancia entre los distintos bancos de inversión, es decir, que hay una desviación estándar en materia de proyección bastante elevada. Añade que, efectivamente, respecto de la media de dichos bancos, en especial en el caso de Estados Unidos, donde este fenómeno se focaliza tal vez de manera más importante, nuestras cifras están por debajo del promedio que ellos manejan, que hoy es de alrededor de 2%. Explica que lo que la Gerencia ha Incorporado en el juicio para efectos de definir el crecimiento del año 2010, también incluye la información de crecimiento y el hecho de que el FMI, en particular, esté proyectando un 0,8% para Estados Unidos para el próximo año. Entonces, señala que la Gerencia ha tratado de moderar en algún grado lo que los bancos de inversión están planteando en materia de expansión para el año 2010.",Análisis del escenario macroeconómico internacional,escenario_internacional,escenario internacional,escenario_internacional,NO,NO,NO,Rol según lista de asistencia: Gerente de Análisis Internacional,RPM-2009-08-13:2661:4,4,XLSX_ORIGINAL,NO,NO,RPM-2009-08-13:2661:B4,SIN_ALERTAS_AUTOMATICAS,,RPM-2009-08-13:T7,INICIO_EXPLICITO,,RPM-2009-08-13:2661:4
2661,RESEGMENTACION,ba871e522560a087da27e178ffbdc31badc52e41f09e7fa9b434fb31d9a632c4,Antes,3832,RPM-2009-08-13,2009-08-13 00:00:00,Andrés Velasco Brañes,Jorge Desormeaux Jiménez,SI,Ministra de Hacienda (S),Vicepresidente del Banco Central,SI,,Vicepresidente del Banco Central,LISTA_ASISTENCIA,,SUJETO_NOMBRE,2,"El señor Desormeaux acota que hay que tomar debida nota de que en las últimas dos o tres semanas ha habido un cambio de sentimiento significativo, que no está considerado en el Informe del FMI, acotación que es confirmada por el señor Lehmann.",Análisis del escenario macroeconómico internacional,escenario_internacional,escenario internacional,escenario_internacional,NO,NO,NO,Rol según lista de asistencia: Vicepresidente del Banco Central,RPM-2009-08-13:2661:5,5,XLSX_ORIGINAL,NO,NO,RPM-2009-08-13:2661:B5,PENDIENTE_REVISION,PASAJES_CONJUNTOS_POR_DELIMITAR,RPM-2009-08-13:T8,INICIO_EXPLICITO,,RPM-2009-08-13:2661:5
2661,RESEGMENTACION,ba871e522560a087da27e178ffbdc31badc52e41f09e7fa9b434fb31d9a632c4,Antes,3833,RPM-2009-08-13,2009-08-13 00:00:00,Andrés Velasco Brañes,Sergio Lehmann Beresi,SI,Ministra de Hacienda (S),Gerente de Análisis Internacional,SI,,Gerente de Análisis Internacional,LISTA_ASISTENCIA,,SUJETO_ROL_SESION,2,"El Gerente de Análisis Internacional destaca que un elemento importante, que quizás está vinculado con la visión que se puede tener en términos de crecimiento en adelante, tiene que ver con lo que plantean algunas instituciones respecto del crecimiento del producto potencial. Menciona que en el caso de Estados Unidos, el Congressional Budget Office (CBO) ha efectuado una revisión para los años 2008, 2009 y 2010, planteando una caída de seis décimas en el 2010 versus el año 2008. En el caso de la Zona Euro, añade, las estimaciones de la Comisión Europea, de la OCDE y del FMI dan cuenta de una caída del producto potencial de aproximadamente un punto producto de la crisis, señalando que los factores detrás del ajuste son el capital y la PTF en proporciones similares. Respecto de la PTF, detalla que los elementos que se han considerado para efectos de revisar el producto potencial a la baja están asociados a condiciones crediticias más estrechas a futuro, que llevarían a una asignación de recursos menos eficiente; retiros anticipados de personas del mercado laboral, si es que el desempleo se mantiene de manera particularmente prolongada, lo que, a su vez, también afecta los flujos de inmigración hacia las economías; y la reducción de la empleabilidad ante la pérdida de habilidades de la fuerza de trabajo.",Análisis del escenario macroeconómico internacional,escenario_internacional,escenario internacional,escenario_internacional,NO,NO,NO,Rol según lista de asistencia: Gerente de Análisis Internacional,RPM-2009-08-13:2661:6,6,XLSX_ORIGINAL,NO,NO,RPM-2009-08-13:2661:B6,SIN_ALERTAS_AUTOMATICAS,,RPM-2009-08-13:T9,INICIO_EXPLICITO,,RPM-2009-08-13:2661:6
2661,RESEGMENTACION,ba871e522560a087da27e178ffbdc31badc52e41f09e7fa9b434fb31d9a632c4,Antes,3834,RPM-2009-08-13,2009-08-13 00:00:00,Andrés Velasco Brañes,Andrés Velasco Brañes,NO,Ministra de Hacienda (S),Ministro de Hacienda,SI,,Ministro de Hacienda,LISTA_ASISTENCIA,,SUJETO_ROL_NOMBRE,2,"El Ministro señor Velasco pregunta qué relación tienen los flujos del mercado laboral con la productividad,",Análisis del escenario macroeconómico internacional,escenario_internacional,escenario internacional,escenario_internacional,NO,NO,NO,Rol según lista de asistencia: Ministro de Hacienda,RPM-2009-08-13:2661:7,7,XLSX_ORIGINAL,NO,NO,RPM-2009-08-13:2661:B7,PENDIENTE_REVISION,FINAL_SIN_PUNTUACION,RPM-2009-08-13:T10,INICIO_EXPLICITO,,RPM-2009-08-13:2661:7
2661,RESEGMENTACION,ba871e522560a087da27e178ffbdc31badc52e41f09e7fa9b434fb31d9a632c4,Antes,3835,RPM-2009-08-13,2009-08-13 00:00:00,Andrés Velasco Brañes,José De Gregorio Rebeco,SI,Ministra de Hacienda (S),Presidente del Banco Central,SI,,Presidente del Banco Central,LISTA_ASISTENCIA,,SUJETO_ROL_NOMBRE,2,"a lo cual el Presidente señor De Gregorio responde que, dado que la PTF es un residuo, el flujo de inmigración tiene que ver con la composición de la fuerza de trabajo, con el capital humano. Explica que si los inmigrantes tienen habilidades diferentes del promedio del trabajador, va a cambiar la PTF, pero si entra gente con menores habilidades, eso debería afectar la PTF.",Análisis del escenario macroeconómico internacional,escenario_internacional,escenario internacional,escenario_internacional,NO,NO,NO,Rol según lista de asistencia: Presidente del Banco Central,RPM-2009-08-13:2661:8,8,XLSX_ORIGINAL,NO,NO,RPM-2009-08-13:2661:B8,SIN_ALERTAS_AUTOMATICAS,,RPM-2009-08-13:T11,INICIO_EXPLICITO,,RPM-2009-08-13:2661:8
2661,RESEGMENTACION,ba871e522560a087da27e178ffbdc31badc52e41f09e7fa9b434fb31d9a632c4,Antes,3836,RPM-2009-08-13,2009-08-13 00:00:00,Andrés Velasco Brañes,Andrés Velasco Brañes,NO,Ministra de Hacienda (S),Ministro de Hacienda,SI,,Ministro de Hacienda,LISTA_ASISTENCIA,,SUJETO_ROL_SESION,2,"El efecto debiera ser menor y al revés, acota el Ministro,",Análisis del escenario macroeconómico internacional,escenario_internacional,escenario internacional,escenario_internacional,NO,NO,NO,Rol según lista de asistencia: Ministro de Hacienda,RPM-2009-08-13:2661:9,9,XLSX_ORIGINAL,NO,NO,RPM-2009-08-13:2661:B9,PENDIENTE_REVISION,FINAL_SIN_PUNTUACION,RPM-2009-08-13:T12,INICIO_EXPLICITO,,RPM-2009-08-13:2661:9
2661,RESEGMENTACION,ba871e522560a087da27e178ffbdc31badc52e41f09e7fa9b434fb31d9a632c4,Antes,3837,RPM-2009-08-13,2009-08-13 00:00:00,Andrés Velasco Brañes,Sergio Lehmann Beresi,SI,Ministra de Hacienda (S),Gerente de Análisis Internacional,SI,,Gerente de Análisis Internacional,LISTA_ASISTENCIA,,CONTEXTO_REVISADO,2,y el señor Lehmann complementa que será necesario afinar el análisis.,Análisis del escenario macroeconómico internacional,escenario_internacional,escenario internacional,escenario_internacional,NO,NO,NO,Hablante por contexto documentado: HAB-20260907-2661 (data/curation/revisiones_hablantes.json; no cotejo PDF); Rol según lista de asistencia: Gerente de Análisis Internacional,RPM-2009-08-13:2661:10,10,XLSX_ORIGINAL,NO,NO,RPM-2009-08-13:2661:B10,SIN_ALERTAS_AUTOMATICAS,,RPM-2009-08-13:T13,SIN_CONTINUIDAD_CONFIRMADA,,
2661,RESEGMENTACION,ba871e522560a087da27e178ffbdc31badc52e41f09e7fa9b434fb31d9a632c4,Antes,3838,RPM-2009-08-13,2009-08-13 00:00:00,Andrés Velasco Brañes,Sebastián Claro Edwards,SI,Ministra de Hacienda (S),Consejero,SI,,Consejero,LISTA_ASISTENCIA,,SUJETO_ROL_NOMBRE,2,"Sobre ese mismo punto, el Consejero señor Claro consulta acerca del efecto que tiene en estas estimaciones el uso de un filtro estadístico estándar, sin agregar elementos de juicio como los antes presentados.",Análisis del escenario macroeconómico internacional,escenario_internacional,escenario internacional,escenario_internacional,NO,NO,NO,Rol según lista de asistencia: Consejero,RPM-2009-08-13:2661:11,11,XLSX_ORIGINAL,NO,NO,RPM-2009-08-13:2661:B11,SIN_ALERTAS_AUTOMATICAS,,RPM-2009-08-13:T14,INICIO_EXPLICITO,,RPM-2009-08-13:2661:11
2661,RESEGMENTACION,ba871e522560a087da27e178ffbdc31badc52e41f09e7fa9b434fb31d9a632c4,Despues,3828,RPM-2009-08-13,2009-08-13 00:00:00,Andrés Velasco Brañes,Andrés Velasco Brañes,NO,Ministra de Hacienda (S),Ministro de Hacienda,SI,,Ministro de Hacienda,LISTA_ASISTENCIA,,SUJETO_ROL_SESION,2,"El Ministro de Hacienda pregunta si la ponderación entre países latinoamericanos también es a PPP,",Análisis del escenario macroeconómico internacional,escenario_internacional,escenario internacional,escenario_internacional,NO,NO,NO,Rol según lista de asistencia: Ministro de Hacienda,RPM-2009-08-13:2661:1,1,XLSX_ORIGINAL,NO,NO,RPM-2009-08-13:2661:B1,PENDIENTE_REVISION,FINAL_SIN_PUNTUACION,RPM-2009-08-13:T4,INICIO_EXPLICITO,,RPM-2009-08-13:2661:1
2661,RESEGMENTACION,ba871e522560a087da27e178ffbdc31badc52e41f09e7fa9b434fb31d9a632c4,Despues,3829,RPM-2009-08-13,2009-08-13 00:00:00,Andrés Velasco Brañes,Sergio Lehmann Beresi,SI,Ministra de Hacienda (S),Gerente de Análisis Internacional,SI,,Gerente de Análisis Internacional,LISTA_ASISTENCIA,,SUJETO_NOMBRE,2,"a lo cual el señor Lehmann responde que para efectos de las agrupaciones también lo es a PPP. En el caso del año 2010, añade que las revisiones son bien marginales y bastante homogéneas en el grupo de países presentados",Análisis del escenario macroeconómico internacional,escenario_internacional,escenario internacional,escenario_internacional,NO,NO,NO,Rol según lista de asistencia: Gerente de Análisis Internacional,RPM-2009-08-13:2661:2,2,XLSX_ORIGINAL,NO,NO,RPM-2009-08-13:2661:B2,PENDIENTE_REVISION,FINAL_SIN_PUNTUACION,RPM-2009-08-13:T5,INICIO_EXPLICITO,,RPM-2009-08-13:2661:2
2661,RESEGMENTACION,ba871e522560a087da27e178ffbdc31badc52e41f09e7fa9b434fb31d9a632c4,Despues,3830,RPM-2009-08-13,2009-08-13 00:00:00,Andrés Velasco Brañes,Jorge Desormeaux Jiménez,SI,Ministra de Hacienda (S),Vicepresidente del Banco Central,SI,,Vicepresidente del Banco Central,LISTA_ASISTENCIA,,SUJETO_ROL_NOMBRE,2,"El Vicepresidente, señor Jorge Desormeaux, solicita al Gerente de Análisis Internacional que explique cómo se estimaron las cifras del año 2010 que está presentando, porque los bancos de inversión no solo hablan de cifras superiores a 3% para el 2010, sino que de un crecimiento de tendencia.",Análisis del escenario macroeconómico internacional,escenario_internacional,escenario internacional,escenario_internacional,NO,NO,NO,Rol según lista de asistencia: Vicepresidente del Banco Central,RPM-2009-08-13:2661:3,3,XLSX_ORIGINAL,NO,NO,RPM-2009-08-13:2661:B3,SIN_ALERTAS_AUTOMATICAS,,RPM-2009-08-13:T6,INICIO_EXPLICITO,,RPM-2009-08-13:2661:3
2661,RESEGMENTACION,ba871e522560a087da27e178ffbdc31badc52e41f09e7fa9b434fb31d9a632c4,Despues,3831,RPM-2009-08-13,2009-08-13 00:00:00,Andrés Velasco Brañes,Sergio Lehmann Beresi,SI,Ministra de Hacienda (S),Gerente de Análisis Internacional,SI,,Gerente de Análisis Internacional,LISTA_ASISTENCIA,,SUJETO_NOMBRE,2,"Al respecto, el señor Sergio Lehmann comenta que para el año 2010 hay una importante discrepancia entre los distintos bancos de inversión, es decir, que hay una desviación estándar en materia de proyección bastante elevada. Añade que, efectivamente, respecto de la media de dichos bancos, en especial en el caso de Estados Unidos, donde este fenómeno se focaliza tal vez de manera más importante, nuestras cifras están por debajo del promedio que ellos manejan, que hoy es de alrededor de 2%. Explica que lo que la Gerencia ha Incorporado en el juicio para efectos de definir el crecimiento del año 2010, también incluye la información de crecimiento y el hecho de que el FMI, en particular, esté proyectando un 0,8% para Estados Unidos para el próximo año. Entonces, señala que la Gerencia ha tratado de moderar en algún grado lo que los bancos de inversión están planteando en materia de expansión para el año 2010.",Análisis del escenario macroeconómico internacional,escenario_internacional,escenario internacional,escenario_internacional,NO,NO,NO,Rol según lista de asistencia: Gerente de Análisis Internacional,RPM-2009-08-13:2661:4,4,XLSX_ORIGINAL,NO,NO,RPM-2009-08-13:2661:B4,SIN_ALERTAS_AUTOMATICAS,,RPM-2009-08-13:T7,INICIO_EXPLICITO,,RPM-2009-08-13:2661:4
2661,RESEGMENTACION,ba871e522560a087da27e178ffbdc31badc52e41f09e7fa9b434fb31d9a632c4,Despues,3832,RPM-2009-08-13,2009-08-13 00:00:00,Andrés Velasco Brañes,Jorge Desormeaux Jiménez,SI,Ministra de Hacienda (S),Vicepresidente del Banco Central,SI,,Vicepresidente del Banco Central,LISTA_ASISTENCIA,,SUJETO_NOMBRE,2,"El señor Desormeaux acota que hay que tomar debida nota de que en las últimas dos o tres semanas ha habido un cambio de sentimiento significativo, que no está considerado en el Informe del FMI,",Análisis del escenario macroeconómico internacional,escenario_internacional,escenario internacional,escenario_internacional,NO,NO,NO,Rol según lista de asistencia: Vicepresidente del Banco Central,RPM-2009-08-13:2661:5,5,XLSX_ORIGINAL,NO,NO,RPM-2009-08-13:2661:B5,PENDIENTE_REVISION,FINAL_SIN_PUNTUACION,RPM-2009-08-13:T8,INICIO_EXPLICITO,,RPM-2009-08-13:2661:5
2661,RESEGMENTACION,ba871e522560a087da27e178ffbdc31badc52e41f09e7fa9b434fb31d9a632c4,Despues,3833,RPM-2009-08-13,2009-08-13 00:00:00,Andrés Velasco Brañes,Sergio Lehmann Beresi,SI,Ministra de Hacienda (S),Gerente de Análisis Internacional,SI,,Gerente de Análisis Internacional,LISTA_ASISTENCIA,,CONTEXTO_REVISADO,2,acotación que es confirmada por el señor Lehmann.,Análisis del escenario macroeconómico internacional,escenario_internacional,escenario internacional,escenario_internacional,NO,NO,NO,Hablante por contexto documentado: HAB-20260908-L24-2661-1724 (data/curation/revisiones_hablantes.json; no cotejo PDF); Rol según lista de asistencia: Gerente de Análisis Internacional,RPM-2009-08-13:2661:6,6,XLSX_ORIGINAL,NO,NO,RPM-2009-08-13:2661:B6,SIN_ALERTAS_AUTOMATICAS,,RPM-2009-08-13:T9,SIN_CONTINUIDAD_CONFIRMADA,,
2661,RESEGMENTACION,ba871e522560a087da27e178ffbdc31badc52e41f09e7fa9b434fb31d9a632c4,Despues,3834,RPM-2009-08-13,2009-08-13 00:00:00,Andrés Velasco Brañes,Sergio Lehmann Beresi,SI,Ministra de Hacienda (S),Gerente de Análisis Internacional,SI,,Gerente de Análisis Internacional,LISTA_ASISTENCIA,,SUJETO_ROL_SESION,2,"El Gerente de Análisis Internacional destaca que un elemento importante, que quizás está vinculado con la visión que se puede tener en términos de crecimiento en adelante, tiene que ver con lo que plantean algunas instituciones respecto del crecimiento del producto potencial. Menciona que en el caso de Estados Unidos, el Congressional Budget Office (CBO) ha efectuado una revisión para los años 2008, 2009 y 2010, planteando una caída de seis décimas en el 2010 versus el año 2008. En el caso de la Zona Euro, añade, las estimaciones de la Comisión Europea, de la OCDE y del FMI dan cuenta de una caída del producto potencial de aproximadamente un punto producto de la crisis, señalando que los factores detrás del ajuste son el capital y la PTF en proporciones similares. Respecto de la PTF, detalla que los elementos que se han considerado para efectos de revisar el producto potencial a la baja están asociados a condiciones crediticias más estrechas a futuro, que llevarían a una asignación de recursos menos eficiente; retiros anticipados de personas del mercado laboral, si es que el desempleo se mantiene de manera particularmente prolongada, lo que, a su vez, también afecta los flujos de inmigración hacia las economías; y la reducción de la empleabilidad ante la pérdida de habilidades de la fuerza de trabajo.",Análisis del escenario macroeconómico internacional,escenario_internacional,escenario internacional,escenario_internacional,NO,NO,NO,Rol según lista de asistencia: Gerente de Análisis Internacional,RPM-2009-08-13:2661:7,7,XLSX_ORIGINAL,NO,NO,RPM-2009-08-13:2661:B7,SIN_ALERTAS_AUTOMATICAS,,RPM-2009-08-13:T10,INICIO_EXPLICITO,,RPM-2009-08-13:2661:7
2661,RESEGMENTACION,ba871e522560a087da27e178ffbdc31badc52e41f09e7fa9b434fb31d9a632c4,Despues,3835,RPM-2009-08-13,2009-08-13 00:00:00,Andrés Velasco Brañes,Andrés Velasco Brañes,NO,Ministra de Hacienda (S),Ministro de Hacienda,SI,,Ministro de Hacienda,LISTA_ASISTENCIA,,SUJETO_ROL_NOMBRE,2,"El Ministro señor Velasco pregunta qué relación tienen los flujos del mercado laboral con la productividad,",Análisis del escenario macroeconómico internacional,escenario_internacional,escenario internacional,escenario_internacional,NO,NO,NO,Rol según lista de asistencia: Ministro de Hacienda,RPM-2009-08-13:2661:8,8,XLSX_ORIGINAL,NO,NO,RPM-2009-08-13:2661:B8,PENDIENTE_REVISION,FINAL_SIN_PUNTUACION,RPM-2009-08-13:T11,INICIO_EXPLICITO,,RPM-2009-08-13:2661:8
2661,RESEGMENTACION,ba871e522560a087da27e178ffbdc31badc52e41f09e7fa9b434fb31d9a632c4,Despues,3836,RPM-2009-08-13,2009-08-13 00:00:00,Andrés Velasco Brañes,José De Gregorio Rebeco,SI,Ministra de Hacienda (S),Presidente del Banco Central,SI,,Presidente del Banco Central,LISTA_ASISTENCIA,,SUJETO_ROL_NOMBRE,2,"a lo cual el Presidente señor De Gregorio responde que, dado que la PTF es un residuo, el flujo de inmigración tiene que ver con la composición de la fuerza de trabajo, con el capital humano. Explica que si los inmigrantes tienen habilidades diferentes del promedio del trabajador, va a cambiar la PTF, pero si entra gente con menores habilidades, eso debería afectar la PTF.",Análisis del escenario macroeconómico internacional,escenario_internacional,escenario internacional,escenario_internacional,NO,NO,NO,Rol según lista de asistencia: Presidente del Banco Central,RPM-2009-08-13:2661:9,9,XLSX_ORIGINAL,NO,NO,RPM-2009-08-13:2661:B9,SIN_ALERTAS_AUTOMATICAS,,RPM-2009-08-13:T12,INICIO_EXPLICITO,,RPM-2009-08-13:2661:9
2661,RESEGMENTACION,ba871e522560a087da27e178ffbdc31badc52e41f09e7fa9b434fb31d9a632c4,Despues,3837,RPM-2009-08-13,2009-08-13 00:00:00,Andrés Velasco Brañes,Andrés Velasco Brañes,NO,Ministra de Hacienda (S),Ministro de Hacienda,SI,,Ministro de Hacienda,LISTA_ASISTENCIA,,SUJETO_ROL_SESION,2,"El efecto debiera ser menor y al revés, acota el Ministro,",Análisis del escenario macroeconómico internacional,escenario_internacional,escenario internacional,escenario_internacional,NO,NO,NO,Rol según lista de asistencia: Ministro de Hacienda,RPM-2009-08-13:2661:10,10,XLSX_ORIGINAL,NO,NO,RPM-2009-08-13:2661:B10,PENDIENTE_REVISION,FINAL_SIN_PUNTUACION,RPM-2009-08-13:T13,INICIO_EXPLICITO,,RPM-2009-08-13:2661:10
2661,RESEGMENTACION,ba871e522560a087da27e178ffbdc31badc52e41f09e7fa9b434fb31d9a632c4,Despues,3838,RPM-2009-08-13,2009-08-13 00:00:00,Andrés Velasco Brañes,Sergio Lehmann Beresi,SI,Ministra de Hacienda (S),Gerente de Análisis Internacional,SI,,Gerente de Análisis Internacional,LISTA_ASISTENCIA,,CONTEXTO_REVISADO,2,y el señor Lehmann complementa que será necesario afinar el análisis.,Análisis del escenario macroeconómico internacional,escenario_internacional,escenario internacional,escenario_internacional,NO,NO,NO,Hablante por contexto documentado: HAB-20260907-2661 (data/curation/revisiones_hablantes.json; no cotejo PDF); Rol según lista de asistencia: Gerente de Análisis Internacional,RPM-2009-08-13:2661:11,11,XLSX_ORIGINAL,NO,NO,RPM-2009-08-13:2661:B11,SIN_ALERTAS_AUTOMATICAS,,RPM-2009-08-13:T14,SIN_CONTINUIDAD_CONFIRMADA,,
2661,RESEGMENTACION,ba871e522560a087da27e178ffbdc31badc52e41f09e7fa9b434fb31d9a632c4,Despues,3839,RPM-2009-08-13,2009-08-13 00:00:00,Andrés Velasco Brañes,Sebastián Claro Edwards,SI,Ministra de Hacienda (S),Consejero,SI,,Consejero,LISTA_ASISTENCIA,,SUJETO_ROL_NOMBRE,2,"Sobre ese mismo punto, el Consejero señor Claro consulta acerca del efecto que tiene en estas estimaciones el uso de un filtro estadístico estándar, sin agregar elementos de juicio como los antes presentados.",Análisis del escenario macroeconómico internacional,escenario_internacional,escenario internacional,escenario_internacional,NO,NO,NO,Rol según lista de asistencia: Consejero,RPM-2009-08-13:2661:12,12,XLSX_ORIGINAL,NO,NO,RPM-2009-08-13:2661:B12,SIN_ALERTAS_AUTOMATICAS,,RPM-2009-08-13:T15,INICIO_EXPLICITO,,RPM-2009-08-13:2661:12
2680,RESEGMENTACION,9f6dc581b25eb91f7662b1418656aea654f8d86f74b3e4c6c2d812c8108aeef0,Antes,3885,RPM-2009-08-13,2009-08-13 00:00:00,Claudio Soto Gamboa,José De Gregorio Rebeco,SI,Gerente de Análisis Macroeconómico,Presidente del Banco Central,SI,,Presidente del Banco Central,LISTA_ASISTENCIA,,SUJETO_ROL_SESION,13,"El Presidente agradece la presentación del señor Claudio Soto y señala que, por expresa solicitud del señor Ministro de Hacienda, la sesión de la tarde comenzará a las 16:15 horas.",Acuerdo de Política Monetaria y comunicado oficial,acuerdo_comunicado,acuerdo y comunicado,acuerdo_comunicado,NO,NO,NO,Rol según lista de asistencia: Presidente del Banco Central,RPM-2009-08-13:2680:1,1,XLSX_ORIGINAL,NO,NO,RPM-2009-08-13:2680:B1,SIN_ALERTAS_AUTOMATICAS,,RPM-2009-08-13:T59,INICIO_EXPLICITO,,RPM-2009-08-13:2680:1
2680,RESEGMENTACION,9f6dc581b25eb91f7662b1418656aea654f8d86f74b3e4c6c2d812c8108aeef0,Antes,3886,RPM-2009-08-13,2009-08-13 00:00:00,Claudio Soto Gamboa,Consejo del Banco Central de Chile,SI,Gerente de Análisis Macroeconómico,Consejo,SI,,,ACTA_INSTITUCIONAL,META_SESION,ACTA/META,13,"Siendo las 16; 15 horas, se reanuda la Sesión de Política Monetaria N° 141, y el señor Presidente ofrece la palabra al Gerente de División Estudios, señor Pablo García, para que presente las Opciones de Política Monetaria para esta Reunión.",Acuerdo de Política Monetaria y comunicado oficial,acuerdo_comunicado,acuerdo y comunicado,acuerdo_comunicado,NO,NO,NO,,RPM-2009-08-13:2680:2,2,XLSX_ORIGINAL,NO,NO,RPM-2009-08-13:2680:B2,SIN_ALERTAS_AUTOMATICAS,,RPM-2009-08-13:T60,INSTITUCIONAL,,
2680,RESEGMENTACION,9f6dc581b25eb91f7662b1418656aea654f8d86f74b3e4c6c2d812c8108aeef0,Antes,3887,RPM-2009-08-13,2009-08-13 00:00:00,Claudio Soto Gamboa,Pablo García Silva,SI,Gerente de Análisis Macroeconómico,Gerente de División Estudios,SI,,Gerente de División Estudios,LISTA_ASISTENCIA,,SUJETO_ROL_NOMBRE,13,"El Gerente señor Pablo García, comienza a dar lectura a las Opciones, informando, en primer término, que en la última Reunión de Política Monetaria, el Consejo acordó reducir la tasa de interés de política monetaria hasta 0,5% anual, señalando que se mantendría en ese nivel mínimo por un tiempo prolongado, y que, a fin de reforzar esta decisión y alinear los precios de los activos financieros, adoptó, además, una serie de medidas complementarias de política monetaria. A continuación,.",Acuerdo de Política Monetaria y comunicado oficial,acuerdo_comunicado,acuerdo y comunicado,acuerdo_comunicado,NO,NO,NO,Rol según lista de asistencia: Gerente de División Estudios,RPM-2009-08-13:2680:3,3,XLSX_ORIGINAL,NO,NO,RPM-2009-08-13:2680:B3,SIN_ALERTAS_AUTOMATICAS,,RPM-2009-08-13:T61,INICIO_EXPLICITO,,RPM-2009-08-13:2680:3
2680,RESEGMENTACION,9f6dc581b25eb91f7662b1418656aea654f8d86f74b3e4c6c2d812c8108aeef0,Despues,3886,RPM-2009-08-13,2009-08-13 00:00:00,Claudio Soto Gamboa,José De Gregorio Rebeco,SI,Gerente de Análisis Macroeconómico,Presidente del Banco Central,SI,,Presidente del Banco Central,LISTA_ASISTENCIA,,SUJETO_ROL_SESION,13,"El Presidente agradece la presentación del señor Claudio Soto y señala que, por expresa solicitud del señor Ministro de Hacienda, la sesión de la tarde comenzará a las 16:15 horas.",Acuerdo de Política Monetaria y comunicado oficial,acuerdo_comunicado,acuerdo y comunicado,acuerdo_comunicado,NO,NO,NO,Rol según lista de asistencia: Presidente del Banco Central,RPM-2009-08-13:2680:1,1,XLSX_ORIGINAL,NO,NO,RPM-2009-08-13:2680:B1,SIN_ALERTAS_AUTOMATICAS,,RPM-2009-08-13:T60,INICIO_EXPLICITO,,RPM-2009-08-13:2680:1
2680,RESEGMENTACION,9f6dc581b25eb91f7662b1418656aea654f8d86f74b3e4c6c2d812c8108aeef0,Despues,3887,RPM-2009-08-13,2009-08-13 00:00:00,Claudio Soto Gamboa,Consejo del Banco Central de Chile,SI,Gerente de Análisis Macroeconómico,Consejo,SI,,,ACTA_INSTITUCIONAL,META_SESION,ACTA/META,13,"Siendo las 16; 15 horas, se reanuda la Sesión de Política Monetaria N° 141,",Acuerdo de Política Monetaria y comunicado oficial,acuerdo_comunicado,acuerdo y comunicado,acuerdo_comunicado,NO,NO,NO,,RPM-2009-08-13:2680:2,2,XLSX_ORIGINAL,NO,NO,RPM-2009-08-13:2680:B2,PENDIENTE_REVISION,FINAL_SIN_PUNTUACION;TEXTO_DANADO_POR_COTEJAR,RPM-2009-08-13:T61,INSTITUCIONAL,,
2680,RESEGMENTACION,9f6dc581b25eb91f7662b1418656aea654f8d86f74b3e4c6c2d812c8108aeef0,Despues,3888,RPM-2009-08-13,2009-08-13 00:00:00,Claudio Soto Gamboa,José De Gregorio Rebeco,SI,Gerente de Análisis Macroeconómico,Presidente del Banco Central,SI,,Presidente del Banco Central,LISTA_ASISTENCIA,,CONTEXTO_REVISADO,13,"y el señor Presidente ofrece la palabra al Gerente de División Estudios, señor Pablo García, para que presente las Opciones de Política Monetaria para esta Reunión.",Acuerdo de Política Monetaria y comunicado oficial,acuerdo_comunicado,acuerdo y comunicado,acuerdo_comunicado,NO,NO,NO,Hablante por contexto documentado: HAB-20260908-L24-2680-257 (data/curation/revisiones_hablantes.json; no cotejo PDF); Rol según lista de asistencia: Presidente del Banco Central,RPM-2009-08-13:2680:3,3,XLSX_ORIGINAL,NO,NO,RPM-2009-08-13:2680:B3,SIN_ALERTAS_AUTOMATICAS,,RPM-2009-08-13:T62,SIN_CONTINUIDAD_CONFIRMADA,,
2680,RESEGMENTACION,9f6dc581b25eb91f7662b1418656aea654f8d86f74b3e4c6c2d812c8108aeef0,Despues,3889,RPM-2009-08-13,2009-08-13 00:00:00,Claudio Soto Gamboa,Pablo García Silva,SI,Gerente de Análisis Macroeconómico,Gerente de División Estudios,SI,,Gerente de División Estudios,LISTA_ASISTENCIA,,SUJETO_ROL_NOMBRE,13,"El Gerente señor Pablo García, comienza a dar lectura a las Opciones, informando, en primer término, que en la última Reunión de Política Monetaria, el Consejo acordó reducir la tasa de interés de política monetaria hasta 0,5% anual, señalando que se mantendría en ese nivel mínimo por un tiempo prolongado, y que, a fin de reforzar esta decisión y alinear los precios de los activos financieros, adoptó, además, una serie de medidas complementarias de política monetaria. A continuación,.",Acuerdo de Política Monetaria y comunicado oficial,acuerdo_comunicado,acuerdo y comunicado,acuerdo_comunicado,NO,NO,NO,Rol según lista de asistencia: Gerente de División Estudios,RPM-2009-08-13:2680:4,4,XLSX_ORIGINAL,NO,NO,RPM-2009-08-13:2680:B4,SIN_ALERTAS_AUTOMATICAS,,RPM-2009-08-13:T63,INICIO_EXPLICITO,,RPM-2009-08-13:2680:4
2681,TRAZABILIDAD,fa73f79441ebbcdca6a45eb115f3036316c8430d796c3a0d10431628bd4076c9,Antes,3888,RPM-2009-08-13,2009-08-13 00:00:00,Pablo García Silva,Pablo García Silva,NO,Consejero,Gerente de División Estudios,SI,,Gerente de División Estudios,LISTA_ASISTENCIA,,SUJETO_NOMBRE,13,"el señor Pablo García da cuenta de las principales noticias desde la última Reunión, mencionando, en primer término, que las perspectivas de crecimiento global han seguido mostrando que el deterioro se modera, ya que, a diferencia del mes pasado, cuando se percibía un tono flojo en los mercados financieros, en las semanas recientes han vuelto las perspectivas más alentadoras a los mercados internacionales. Hace presente que el mayor apetito por riesgo se ha reflejado en el repunte de las bolsas, en el aumento en las tasas libres de riesgo, en la sistemática disminución de los diversos indicadores de riesgo financiero y crediticio, en los mayores precios de los productos básicos y, en general, en una mayor debilidad del dólar. Este mejor clima no ha generado, en todo caso, un cambio relevante en la instancia de política monetaria en el mundo desarrollado. En Chile, añade, el peso no ha experimentado una apreciación adicional. A nivel local, manifiesta que las noticias de actividad han llevado a revisar al alza las perspectivas de crecimiento para el segundo y tercer trimestres. Por el lado de la demanda final, plantea que esto ha tenido como contrapartida una mayor demanda por consumo, inversión en maquinaria y exportaciones, mientras se estima que persiste una fuerte desacumulación de existencias. Complementa que la evidencia indirecta sugiere que esto último podría estar teniendo componentes no deseados, a diferencia de lo ocurrido a fines del año pasado y principios de este. En cuanto a la inflación total, indica que la de julio estuvo en torno a lo previsto en la última RPM, pero con menores registros subyacentes, principalmente por la caída del precio del vestuario y de ítems de consumo duradero. Explica que es por ello que la revisión de los perfiles de inflación subyacente lleva a corregir nuevamente la proyección de inflación de corto plazo en torno a medio punto porcentual, agregando que las medidas de expectativas de inflación consideran perspectivas similares a las contempladas internamente. El señor García reporta, además, que varias tasas de interés de mercado, particularmente las de consumo y comerciales a plazos más cortos, continuaron descendiendo, mientras que las tasas en operaciones a plazos más largos, incluyendo las tasas hipotecarias, se mantuvieron estables o mostraron aumentos. Los spreads de colocación sobre captación, en tanto, han tendido a volver a los niveles de un año atrás y el volumen de crédito ha mostrado una sostenida desaceleración, pero con bastante diversidad en el comportamiento del Banco Estado respecto del resto del sistema. Por último, señala que luego de las decisiones adoptadas en ese momento, la trayectoria de la Tasa de Política Monetaria (TPM) implícita en los precios de activos tuvo una reducción relevante, principalmente en el tramo de hasta dos o tres años. Finalizado dicho reporte, el señor García expone las Opciones de la presente Reunión, recordando que en la Reunión pasada la medida de política monetaria se complementó con medidas adicionales de política monetaria para reforzar la decisión y, debido a que las decisiones de entonces no tenían implícita una estrategia esperada de relajamiento monetario posterior, los antecedentes centrales para la decisión en esta oportunidad son dos: primeramente, la evaluación que se haga respecto de las noticias coyunturales sobre las perspectivas de mediano plazo e inflación; y, en segundo lugar, la evaluación de las condiciones financieras y crediticias luego de las medidas del mes pasado. Dado estos dos antecedentes, indica que se considera que las opciones más plausibles para esta Reunión son la mantención de la actual instancia de política monetaria o su eventual ampliación. Respecto del primer antecedente, el Gerente de División Estudios menciona que las noticias coyunturales apuntan en direcciones diversas. Explica que, por un lado, los antecedentes de actividad y demanda han sido claramente algo mejores que lo anticipado, que ellos siguen mostrando una detención del deterioro e, incluso, un repunte de algunos indicadores de consumo e inversión. Aunque ello no es una condición suficiente para plantear un escenario, similar, por ejemplo, al del Informe de Política Monetaria (IPoM), afirma que sí es claro que el segundo trimestre habría marcado un punto de inflexión en la expansión de la actividad. En el caso de la demanda, manifiesta que, a pesar de que existen aspectos específicos que explican algunas cifras con repuntes relevantes, como las importaciones de maquinaria y equipo, si se aprecia desde hace algunos meses un mayor nivel en componentes de la demanda final, como la venta de viviendas y las compras durables. A su vez, aunque las cifras de desempleo se han mantenido elevadas, señala que la caída de la ocupación también parece estar moderándose. Por otro lado, el señor Pablo García hace presente que la información de precios sigue dando cuenta de un entorno de presiones de precios contenidas. Al respecto, indica que aunque los salarios nominales no han mostrado por ahora una desaceleración relevante, sí se aprecia que las medidas subyacentes de inflación muestran cifras reducidas. Asimismo, expresa que aunque algunos ítems, como el vestuario, han tenido comportamientos notorios, este débil comportamiento de los precios es un fenómeno bastante extendido en el IPC. En relación con el segundo antecedente, el Gerente de División de Estudios manifiesta que es pertinente que las condiciones financieras y crediticias vigentes hoy sean analizadas desde varios ángulos. Por una parte, las expectativas sobre la trayectoria de la TPM han tenido una reducción del orden de 100 a 125 puntos base respecto de la RPM pasada a plazos de entre uno y dos años y que, como siempre, la evaluación de la coherencia entre esta trayectoria y el cumplimiento de la meta de inflación se podrá hacer con mayor detenimiento en el IPoM de septiembre. El señor García plantea que, por otro lado, y por sobre la trayectoria esperada para la TPM, el riesgo financiero y crediticio afecta las condiciones, el acceso y el costo del crédito de los clientes del sistema. En este ámbito, señala que es aparente que diversos indicadores de riesgo de fondeo externo de la banca, de riesgo financiero global y de riesgo crediticio de la República han tenido significativas reducciones en los últimos meses. Ello, junto con el relajamiento de la política monetaria, ha contribuido a reducir las tasas de colocación desde principios de año. Sin embargo, sostiene que, por otro lado, la materialización de mayores niveles de nesgo de crédito local asociados al ciclo económico, junto con un entorno global de reducción de la exposición crediticia a clientes más riesgosos, ha redundado en que las primas presenten cierta fricción a reducirse en algunos segmentos, y que las condiciones de acceso y los estándares de otorgamiento sean más restrictivos que hace algunos años. Al respecto, declara que es difícil evaluar, en general, si estas tendencias responden a la dinámica normal del ciclo de crédito o si hay alguna anomalía. Al proseguir con la presentación de las Opciones, el Gerente de División precisa que las acciones concretas de política monetaria, sean para mantener la instancia actual o para aumentarla, deben evaluarse desde vanos ángulos, debido a que la TPM está en su nivel mínimo. Con respecto a la implementación de la decisión de mantener la instancia actual, manifiesta que ello sería coherente con continuar operando con la Facilidad de Liquidez a Plazo en los lapsos ya anunciados. Una reducción de estos lapsos sería coherente con una reducción del estímulo monetario y no con su mantención, lo que no parece estar dentro de las opciones de política monetaria congruentes con el escenario macroeconómico actual. Además, advierte, constituiría una decisión difícil de explicar, dada la evaluación que se tiene de los riesgos para la inflación y la comunicación de que el nivel mínimo de la TPM se mantendrá por un tiempo prolongado. ' ' v Con respecto a posibles medidas para incrementar el estímulo monetario, el señor Pablo García estima que estas pueden darse de varias formas. Por ejemplo, una ampliación de los plazos en los que se realizan las medidas complementarias de política, implementando la FLAP a plazos mayores de seis meses, pero no necesariamente al mismo nivel que la TPM actual o con la frecuencia semanal con que se realiza esta operación hoy en día Otro ejemplo sería ejecutar un programa de recompra de papeles del Banco Central a plazos de dos años o más. Finalmente, menciona que no se pueden descartar medidas de intervención cambiaría si se materializa una situación excepcional en dicho mercado. El señor García sostiene que, en caso de que se requiera, la selección de instrumentos para implementar una política monetaria más estimulativa que la actual debe equilibrar cuidadosamente la precisión de la señal de tasas que se desee entregar al mercado con la conveniencia de mantener grados de flexibilidad suficientes, así como ser coherentes con el esquema de metas de inflación y de flexibilidad cambiaría. Asimismo, añade, la calibración de eventuales medidas adicionales debe considerar, como es habitual en política monetaria, la ocurrencia de escenarios alternativos de desalineamiento de las expectativas de inflación, los que pueden ser muy costosos para la economía. Como es habitual, manifiesta que hay aspectos tácticos que son relevantes en la decisión de hoy. En primer término, informa que el mercado no espera de forma generalizada que se adopten nuevas medidas complementarias de política monetaria, tomando en cuenta que mantener la vigencia de la FLAP a 180 días es coherente con mantener el estímulo monetario. Por otro lado, indica que el conjunto de medidas complementarías posibles, mencionadas en la presente minuta, no se aleja del tipo de opciones que diversos analistas han considerado, por lo que la adopción de medidas adicionales no sería totalmente sorpresiva. Finalmente, el señor Gerente de División de Estudios señala que se debe tomar en cuenta que las medidas adoptadas en la Reunión pasada no tenían contemplado un sesgo explícito, en el sentido de que se profundizarían en reuniones posteriores. Es posible, además, que parte de las primas por riesgo implícitas hoy en la intermediación crediticia esté influida por la genuina incertidumbre macroeconómica de los últimos meses, y que parte de esta incertidumbre puede vincularse con expectativas de nuevas medidas de política monetaria. En su opinión, estas consideraciones, además del hecho de que en poco tiempo más se elaborará el IPoM de septiembre y se podrá comunicar de manera más precisa el rumbo de la política monetaria, deben sopesarse con la eventual necesidad de implementar medidas estimulativas adicionales en esta ocasión. En términos comunicacionales, menciona que también es posible incorporar en el comunicado la posibilidad de medidas estimulativas adicionales, en caso de que se perciba que la inflación se mantendrá baja por un período excesivamente prolongado.",Acuerdo de Política Monetaria y comunicado oficial,acuerdo_comunicado,acuerdo y comunicado,acuerdo_comunicado,NO,NO,NO,Rol según lista de asistencia: Gerente de División Estudios,RPM-2009-08-13:2681:1,1,XLSX_ORIGINAL,NO,NO,RPM-2009-08-13:2681:B1,SIN_ALERTAS_AUTOMATICAS,,RPM-2009-08-13:T61,CONTINUIDAD_EXPLICITA,RPM-2009-08-13:2680:3,RPM-2009-08-13:2681:1
2681,TRAZABILIDAD,fa73f79441ebbcdca6a45eb115f3036316c8430d796c3a0d10431628bd4076c9,Antes,3889,RPM-2009-08-13,2009-08-13 00:00:00,Pablo García Silva,José De Gregorio Rebeco,SI,Consejero,Presidente del Banco Central,SI,,Presidente del Banco Central,LISTA_ASISTENCIA,,SUJETO_ROL_NOMBRE,13,"Concluida la presentación de las Opciones por parte del Gerente de División de Estudios, el Presidente De Gregorio ofrece la palabra para comentarios.",Acuerdo de Política Monetaria y comunicado oficial,acuerdo_comunicado,acuerdo y comunicado,acuerdo_comunicado,NO,NO,NO,Rol según lista de asistencia: Presidente del Banco Central,RPM-2009-08-13:2681:2,2,XLSX_ORIGINAL,NO,NO,RPM-2009-08-13:2681:B2,SIN_ALERTAS_AUTOMATICAS,,RPM-2009-08-13:T62,INICIO_EXPLICITO,,RPM-2009-08-13:2681:2
2681,TRAZABILIDAD,fa73f79441ebbcdca6a45eb115f3036316c8430d796c3a0d10431628bd4076c9,Despues,3890,RPM-2009-08-13,2009-08-13 00:00:00,Pablo García Silva,Pablo García Silva,NO,Consejero,Gerente de División Estudios,SI,,Gerente de División Estudios,LISTA_ASISTENCIA,,SUJETO_NOMBRE,13,"el señor Pablo García da cuenta de las principales noticias desde la última Reunión, mencionando, en primer término, que las perspectivas de crecimiento global han seguido mostrando que el deterioro se modera, ya que, a diferencia del mes pasado, cuando se percibía un tono flojo en los mercados financieros, en las semanas recientes han vuelto las perspectivas más alentadoras a los mercados internacionales. Hace presente que el mayor apetito por riesgo se ha reflejado en el repunte de las bolsas, en el aumento en las tasas libres de riesgo, en la sistemática disminución de los diversos indicadores de riesgo financiero y crediticio, en los mayores precios de los productos básicos y, en general, en una mayor debilidad del dólar. Este mejor clima no ha generado, en todo caso, un cambio relevante en la instancia de política monetaria en el mundo desarrollado. En Chile, añade, el peso no ha experimentado una apreciación adicional. A nivel local, manifiesta que las noticias de actividad han llevado a revisar al alza las perspectivas de crecimiento para el segundo y tercer trimestres. Por el lado de la demanda final, plantea que esto ha tenido como contrapartida una mayor demanda por consumo, inversión en maquinaria y exportaciones, mientras se estima que persiste una fuerte desacumulación de existencias. Complementa que la evidencia indirecta sugiere que esto último podría estar teniendo componentes no deseados, a diferencia de lo ocurrido a fines del año pasado y principios de este. En cuanto a la inflación total, indica que la de julio estuvo en torno a lo previsto en la última RPM, pero con menores registros subyacentes, principalmente por la caída del precio del vestuario y de ítems de consumo duradero. Explica que es por ello que la revisión de los perfiles de inflación subyacente lleva a corregir nuevamente la proyección de inflación de corto plazo en torno a medio punto porcentual, agregando que las medidas de expectativas de inflación consideran perspectivas similares a las contempladas internamente. El señor García reporta, además, que varias tasas de interés de mercado, particularmente las de consumo y comerciales a plazos más cortos, continuaron descendiendo, mientras que las tasas en operaciones a plazos más largos, incluyendo las tasas hipotecarias, se mantuvieron estables o mostraron aumentos. Los spreads de colocación sobre captación, en tanto, han tendido a volver a los niveles de un año atrás y el volumen de crédito ha mostrado una sostenida desaceleración, pero con bastante diversidad en el comportamiento del Banco Estado respecto del resto del sistema. Por último, señala que luego de las decisiones adoptadas en ese momento, la trayectoria de la Tasa de Política Monetaria (TPM) implícita en los precios de activos tuvo una reducción relevante, principalmente en el tramo de hasta dos o tres años. Finalizado dicho reporte, el señor García expone las Opciones de la presente Reunión, recordando que en la Reunión pasada la medida de política monetaria se complementó con medidas adicionales de política monetaria para reforzar la decisión y, debido a que las decisiones de entonces no tenían implícita una estrategia esperada de relajamiento monetario posterior, los antecedentes centrales para la decisión en esta oportunidad son dos: primeramente, la evaluación que se haga respecto de las noticias coyunturales sobre las perspectivas de mediano plazo e inflación; y, en segundo lugar, la evaluación de las condiciones financieras y crediticias luego de las medidas del mes pasado. Dado estos dos antecedentes, indica que se considera que las opciones más plausibles para esta Reunión son la mantención de la actual instancia de política monetaria o su eventual ampliación. Respecto del primer antecedente, el Gerente de División Estudios menciona que las noticias coyunturales apuntan en direcciones diversas. Explica que, por un lado, los antecedentes de actividad y demanda han sido claramente algo mejores que lo anticipado, que ellos siguen mostrando una detención del deterioro e, incluso, un repunte de algunos indicadores de consumo e inversión. Aunque ello no es una condición suficiente para plantear un escenario, similar, por ejemplo, al del Informe de Política Monetaria (IPoM), afirma que sí es claro que el segundo trimestre habría marcado un punto de inflexión en la expansión de la actividad. En el caso de la demanda, manifiesta que, a pesar de que existen aspectos específicos que explican algunas cifras con repuntes relevantes, como las importaciones de maquinaria y equipo, si se aprecia desde hace algunos meses un mayor nivel en componentes de la demanda final, como la venta de viviendas y las compras durables. A su vez, aunque las cifras de desempleo se han mantenido elevadas, señala que la caída de la ocupación también parece estar moderándose. Por otro lado, el señor Pablo García hace presente que la información de precios sigue dando cuenta de un entorno de presiones de precios contenidas. Al respecto, indica que aunque los salarios nominales no han mostrado por ahora una desaceleración relevante, sí se aprecia que las medidas subyacentes de inflación muestran cifras reducidas. Asimismo, expresa que aunque algunos ítems, como el vestuario, han tenido comportamientos notorios, este débil comportamiento de los precios es un fenómeno bastante extendido en el IPC. En relación con el segundo antecedente, el Gerente de División de Estudios manifiesta que es pertinente que las condiciones financieras y crediticias vigentes hoy sean analizadas desde varios ángulos. Por una parte, las expectativas sobre la trayectoria de la TPM han tenido una reducción del orden de 100 a 125 puntos base respecto de la RPM pasada a plazos de entre uno y dos años y que, como siempre, la evaluación de la coherencia entre esta trayectoria y el cumplimiento de la meta de inflación se podrá hacer con mayor detenimiento en el IPoM de septiembre. El señor García plantea que, por otro lado, y por sobre la trayectoria esperada para la TPM, el riesgo financiero y crediticio afecta las condiciones, el acceso y el costo del crédito de los clientes del sistema. En este ámbito, señala que es aparente que diversos indicadores de riesgo de fondeo externo de la banca, de riesgo financiero global y de riesgo crediticio de la República han tenido significativas reducciones en los últimos meses. Ello, junto con el relajamiento de la política monetaria, ha contribuido a reducir las tasas de colocación desde principios de año. Sin embargo, sostiene que, por otro lado, la materialización de mayores niveles de nesgo de crédito local asociados al ciclo económico, junto con un entorno global de reducción de la exposición crediticia a clientes más riesgosos, ha redundado en que las primas presenten cierta fricción a reducirse en algunos segmentos, y que las condiciones de acceso y los estándares de otorgamiento sean más restrictivos que hace algunos años. Al respecto, declara que es difícil evaluar, en general, si estas tendencias responden a la dinámica normal del ciclo de crédito o si hay alguna anomalía. Al proseguir con la presentación de las Opciones, el Gerente de División precisa que las acciones concretas de política monetaria, sean para mantener la instancia actual o para aumentarla, deben evaluarse desde vanos ángulos, debido a que la TPM está en su nivel mínimo. Con respecto a la implementación de la decisión de mantener la instancia actual, manifiesta que ello sería coherente con continuar operando con la Facilidad de Liquidez a Plazo en los lapsos ya anunciados. Una reducción de estos lapsos sería coherente con una reducción del estímulo monetario y no con su mantención, lo que no parece estar dentro de las opciones de política monetaria congruentes con el escenario macroeconómico actual. Además, advierte, constituiría una decisión difícil de explicar, dada la evaluación que se tiene de los riesgos para la inflación y la comunicación de que el nivel mínimo de la TPM se mantendrá por un tiempo prolongado. ' ' v Con respecto a posibles medidas para incrementar el estímulo monetario, el señor Pablo García estima que estas pueden darse de varias formas. Por ejemplo, una ampliación de los plazos en los que se realizan las medidas complementarias de política, implementando la FLAP a plazos mayores de seis meses, pero no necesariamente al mismo nivel que la TPM actual o con la frecuencia semanal con que se realiza esta operación hoy en día Otro ejemplo sería ejecutar un programa de recompra de papeles del Banco Central a plazos de dos años o más. Finalmente, menciona que no se pueden descartar medidas de intervención cambiaría si se materializa una situación excepcional en dicho mercado. El señor García sostiene que, en caso de que se requiera, la selección de instrumentos para implementar una política monetaria más estimulativa que la actual debe equilibrar cuidadosamente la precisión de la señal de tasas que se desee entregar al mercado con la conveniencia de mantener grados de flexibilidad suficientes, así como ser coherentes con el esquema de metas de inflación y de flexibilidad cambiaría. Asimismo, añade, la calibración de eventuales medidas adicionales debe considerar, como es habitual en política monetaria, la ocurrencia de escenarios alternativos de desalineamiento de las expectativas de inflación, los que pueden ser muy costosos para la economía. Como es habitual, manifiesta que hay aspectos tácticos que son relevantes en la decisión de hoy. En primer término, informa que el mercado no espera de forma generalizada que se adopten nuevas medidas complementarias de política monetaria, tomando en cuenta que mantener la vigencia de la FLAP a 180 días es coherente con mantener el estímulo monetario. Por otro lado, indica que el conjunto de medidas complementarías posibles, mencionadas en la presente minuta, no se aleja del tipo de opciones que diversos analistas han considerado, por lo que la adopción de medidas adicionales no sería totalmente sorpresiva. Finalmente, el señor Gerente de División de Estudios señala que se debe tomar en cuenta que las medidas adoptadas en la Reunión pasada no tenían contemplado un sesgo explícito, en el sentido de que se profundizarían en reuniones posteriores. Es posible, además, que parte de las primas por riesgo implícitas hoy en la intermediación crediticia esté influida por la genuina incertidumbre macroeconómica de los últimos meses, y que parte de esta incertidumbre puede vincularse con expectativas de nuevas medidas de política monetaria. En su opinión, estas consideraciones, además del hecho de que en poco tiempo más se elaborará el IPoM de septiembre y se podrá comunicar de manera más precisa el rumbo de la política monetaria, deben sopesarse con la eventual necesidad de implementar medidas estimulativas adicionales en esta ocasión. En términos comunicacionales, menciona que también es posible incorporar en el comunicado la posibilidad de medidas estimulativas adicionales, en caso de que se perciba que la inflación se mantendrá baja por un período excesivamente prolongado.",Acuerdo de Política Monetaria y comunicado oficial,acuerdo_comunicado,acuerdo y comunicado,acuerdo_comunicado,NO,NO,NO,Rol según lista de asistencia: Gerente de División Estudios,RPM-2009-08-13:2681:1,1,XLSX_ORIGINAL,NO,NO,RPM-2009-08-13:2681:B1,SIN_ALERTAS_AUTOMATICAS,,RPM-2009-08-13:T63,CONTINUIDAD_EXPLICITA,RPM-2009-08-13:2680:4,RPM-2009-08-13:2681:1
2681,TRAZABILIDAD,fa73f79441ebbcdca6a45eb115f3036316c8430d796c3a0d10431628bd4076c9,Despues,3891,RPM-2009-08-13,2009-08-13 00:00:00,Pablo García Silva,José De Gregorio Rebeco,SI,Consejero,Presidente del Banco Central,SI,,Presidente del Banco Central,LISTA_ASISTENCIA,,SUJETO_ROL_NOMBRE,13,"Concluida la presentación de las Opciones por parte del Gerente de División de Estudios, el Presidente De Gregorio ofrece la palabra para comentarios.",Acuerdo de Política Monetaria y comunicado oficial,acuerdo_comunicado,acuerdo y comunicado,acuerdo_comunicado,NO,NO,NO,Rol según lista de asistencia: Presidente del Banco Central,RPM-2009-08-13:2681:2,2,XLSX_ORIGINAL,NO,NO,RPM-2009-08-13:2681:B2,SIN_ALERTAS_AUTOMATICAS,,RPM-2009-08-13:T64,INICIO_EXPLICITO,,RPM-2009-08-13:2681:2
2746,RESEGMENTACION,6bbf874937a753e834e76198517edb90e1e36ad6e68988ca7f4f4fb0d40b27e6,Antes,4027,RPM-2009-10-13,2009-10-13 00:00:00,Kevin Cowan Logan,José De Gregorio Rebeco,SI,Gerente de División Política Financiera,Presidente del Banco Central,SI,,Presidente del Banco Central,LISTA_ASISTENCIA,,SUJETO_ROL_SESION,14,El Presidente agradece la exposición del señor Soto y concede la palabra al señor Kevin Cowan para que se refiera a los resultados de la citada encuesta.,Análisis de la inflación y expectativas inflacionarias,inflacion,inflación,inflacion,NO,NO,NO,Rol según lista de asistencia: Presidente del Banco Central,RPM-2009-10-13:2746:1,1,XLSX_ORIGINAL,NO,NO,RPM-2009-10-13:2746:B1,SIN_ALERTAS_AUTOMATICAS,,RPM-2009-10-13:T55,INICIO_EXPLICITO,,RPM-2009-10-13:2746:1
2746,RESEGMENTACION,6bbf874937a753e834e76198517edb90e1e36ad6e68988ca7f4f4fb0d40b27e6,Antes,4028,RPM-2009-10-13,2009-10-13 00:00:00,Kevin Cowan Logan,Kevin Cowan Logan,NO,Gerente de División Política Financiera,Gerente de División de Política Financiera,SI,,Gerente de División de Política Financiera,LISTA_ASISTENCIA,,SUJETO_NOMBRE,14,"El señor Kevin Cowan comienza su intervención, señalando que aún falta recibir la respuesta de una empresa bancaria, pero que, en todo caso, en los resultados preliminares se aprecia que el 25% de los bancos declara estar otorgando créditos en condiciones más flexibles o menos restrictivas respecto al semestre anterior, esto es, respecto de marzo y junio. Agrega que con relación a trimestres anteriores, las empresas bancarias están prestando con spreads más bajos y que las garantías exigidas y los plazos se mantienen en general estables, siendo la única excepción el segmento de créditos a grandes empresas, para las cuales se flexibilizan los tres márgenes, esto es, spreads, monto y precios. En relación con la demanda de créditos, menciona que, en términos netos, el 30% de los gerentes comerciales de los bancos reportan percibir condiciones de demanda más expansivas para préstamos hipotecarios, de consumo y PYMES, en tanto que poco más del 25% de ellos informa condiciones de demanda más expansivas respecto al trimestre anterior para las empresas inmobiliarias y grandes empresas.",Análisis de la inflación y expectativas inflacionarias,inflacion,inflación,inflacion,NO,NO,NO,Rol según lista de asistencia: Gerente de División de Política Financiera,RPM-2009-10-13:2746:2,2,XLSX_ORIGINAL,NO,NO,RPM-2009-10-13:2746:B2,SIN_ALERTAS_AUTOMATICAS,,RPM-2009-10-13:T56,INICIO_EXPLICITO,,RPM-2009-10-13:2746:2
2746,RESEGMENTACION,6bbf874937a753e834e76198517edb90e1e36ad6e68988ca7f4f4fb0d40b27e6,Antes,4029,RPM-2009-10-13,2009-10-13 00:00:00,Kevin Cowan Logan,Consejo del Banco Central de Chile,SI,Gerente de División Política Financiera,Consejo,SI,,,ACTA_INSTITUCIONAL,META_SESION,ACTA/META,14,"Siendo las 12:45 horas, y no habiendo más coméntanos, el señor Presidente da por finalizada la sesión de la mañana, indicando que la reunión de la tarde comenzará a las 16:00 horas. Siendo las 16:00 horas, se reanuda la Sesión de Política Monetaria N° 145, dejándose constancia que el Ministro de Hacienda señor Andrés Velasco excusó su asistencia en razón de otros compromisos relativos a su cargo, vinculados con la discusión de la Ley de Presupuesto del próximo año.",Análisis de la inflación y expectativas inflacionarias,inflacion,inflación,inflacion,NO,NO,NO,,RPM-2009-10-13:2746:3,3,XLSX_ORIGINAL,NO,NO,RPM-2009-10-13:2746:B3,SIN_ALERTAS_AUTOMATICAS,,RPM-2009-10-13:T57,INSTITUCIONAL,,
2746,RESEGMENTACION,6bbf874937a753e834e76198517edb90e1e36ad6e68988ca7f4f4fb0d40b27e6,Despues,4029,RPM-2009-10-13,2009-10-13 00:00:00,Kevin Cowan Logan,José De Gregorio Rebeco,SI,Gerente de División Política Financiera,Presidente del Banco Central,SI,,Presidente del Banco Central,LISTA_ASISTENCIA,,SUJETO_ROL_SESION,14,El Presidente agradece la exposición del señor Soto y concede la palabra al señor Kevin Cowan para que se refiera a los resultados de la citada encuesta.,Análisis de la inflación y expectativas inflacionarias,inflacion,inflación,inflacion,NO,NO,NO,Rol según lista de asistencia: Presidente del Banco Central,RPM-2009-10-13:2746:1,1,XLSX_ORIGINAL,NO,NO,RPM-2009-10-13:2746:B1,SIN_ALERTAS_AUTOMATICAS,,RPM-2009-10-13:T55,INICIO_EXPLICITO,,RPM-2009-10-13:2746:1
2746,RESEGMENTACION,6bbf874937a753e834e76198517edb90e1e36ad6e68988ca7f4f4fb0d40b27e6,Despues,4030,RPM-2009-10-13,2009-10-13 00:00:00,Kevin Cowan Logan,Kevin Cowan Logan,NO,Gerente de División Política Financiera,Gerente de División de Política Financiera,SI,,Gerente de División de Política Financiera,LISTA_ASISTENCIA,,SUJETO_NOMBRE,14,"El señor Kevin Cowan comienza su intervención, señalando que aún falta recibir la respuesta de una empresa bancaria, pero que, en todo caso, en los resultados preliminares se aprecia que el 25% de los bancos declara estar otorgando créditos en condiciones más flexibles o menos restrictivas respecto al semestre anterior, esto es, respecto de marzo y junio. Agrega que con relación a trimestres anteriores, las empresas bancarias están prestando con spreads más bajos y que las garantías exigidas y los plazos se mantienen en general estables, siendo la única excepción el segmento de créditos a grandes empresas, para las cuales se flexibilizan los tres márgenes, esto es, spreads, monto y precios. En relación con la demanda de créditos, menciona que, en términos netos, el 30% de los gerentes comerciales de los bancos reportan percibir condiciones de demanda más expansivas para préstamos hipotecarios, de consumo y PYMES, en tanto que poco más del 25% de ellos informa condiciones de demanda más expansivas respecto al trimestre anterior para las empresas inmobiliarias y grandes empresas.",Análisis de la inflación y expectativas inflacionarias,inflacion,inflación,inflacion,NO,NO,NO,Rol según lista de asistencia: Gerente de División de Política Financiera,RPM-2009-10-13:2746:2,2,XLSX_ORIGINAL,NO,NO,RPM-2009-10-13:2746:B2,SIN_ALERTAS_AUTOMATICAS,,RPM-2009-10-13:T56,INICIO_EXPLICITO,,RPM-2009-10-13:2746:2
2746,RESEGMENTACION,6bbf874937a753e834e76198517edb90e1e36ad6e68988ca7f4f4fb0d40b27e6,Despues,4031,RPM-2009-10-13,2009-10-13 00:00:00,Kevin Cowan Logan,José De Gregorio Rebeco,SI,Gerente de División Política Financiera,Presidente del Banco Central,SI,,Presidente del Banco Central,LISTA_ASISTENCIA,,CONTEXTO_REVISADO,14,"Siendo las 12:45 horas, y no habiendo más coméntanos, el señor Presidente da por finalizada la sesión de la mañana, indicando que la reunión de la tarde comenzará a las 16:00 horas.",Análisis de la inflación y expectativas inflacionarias,inflacion,inflación,inflacion,NO,NO,NO,Hablante por contexto documentado: HAB-20260908-L24-2746-1249 (data/curation/revisiones_hablantes.json; no cotejo PDF); Rol según lista de asistencia: Presidente del Banco Central,RPM-2009-10-13:2746:3,3,XLSX_ORIGINAL,NO,NO,RPM-2009-10-13:2746:B3,SIN_ALERTAS_AUTOMATICAS,,RPM-2009-10-13:T57,SIN_CONTINUIDAD_CONFIRMADA,,
2746,RESEGMENTACION,6bbf874937a753e834e76198517edb90e1e36ad6e68988ca7f4f4fb0d40b27e6,Despues,4032,RPM-2009-10-13,2009-10-13 00:00:00,Kevin Cowan Logan,Consejo del Banco Central de Chile,SI,Gerente de División Política Financiera,Consejo,SI,,,ACTA_INSTITUCIONAL,META_SESION,ACTA/META,14,"Siendo las 16:00 horas, se reanuda la Sesión de Política Monetaria N° 145, dejándose constancia que el Ministro de Hacienda señor Andrés Velasco excusó su asistencia en razón de otros compromisos relativos a su cargo, vinculados con la discusión de la Ley de Presupuesto del próximo año.",Análisis de la inflación y expectativas inflacionarias,inflacion,inflación,inflacion,NO,NO,NO,,RPM-2009-10-13:2746:4,4,XLSX_ORIGINAL,NO,NO,RPM-2009-10-13:2746:B4,SIN_ALERTAS_AUTOMATICAS,,RPM-2009-10-13:T58,INSTITUCIONAL,,
2788,RESEGMENTACION,01401cf1a5883b177d14025bb3c371eb389bada960e5c62511165ffeeee87131,Antes,4105,RPM-2009-11-12,2009-11-12 00:00:00,José De Gregorio Rebeco,José De Gregorio Rebeco,NO,Presidente del Banco Central,Presidente del Banco Central,NO,,Presidente del Banco Central,LISTA_ASISTENCIA,,SUJETO_ROL_NOMBRE,15,"El Presidente, señor José De Gregorio, agradece la presentación del Gerente de de Análisis Macroeconómico, señor Claudio Soto.",Acuerdo de Política Monetaria y comunicado oficial,acuerdo_comunicado,acuerdo y comunicado,acuerdo_comunicado,NO,NO,NO,Rol según lista de asistencia: Presidente del Banco Central,RPM-2009-11-12:2788:1,1,XLSX_ORIGINAL,NO,NO,RPM-2009-11-12:2788:B1,SIN_ALERTAS_AUTOMATICAS,,RPM-2009-11-12:T55,INICIO_EXPLICITO,,RPM-2009-11-12:2788:1
2788,RESEGMENTACION,01401cf1a5883b177d14025bb3c371eb389bada960e5c62511165ffeeee87131,Antes,4106,RPM-2009-11-12,2009-11-12 00:00:00,José De Gregorio Rebeco,Consejo del Banco Central de Chile,SI,Presidente del Banco Central,Consejo,SI,,,ACTA_INSTITUCIONAL,META_SESION,ACTA/META,15,"Siendo las 13:15 horas, y no habiendo más comentarios, el señor Presidente da por finalizada la sesión de la mañana, indicando que la reunión de la tarde comenzará a las 16:00 horas. Siendo las 16:00 horas, se reanuda la Sesión de Política Monetaria N° 146.",Acuerdo de Política Monetaria y comunicado oficial,acuerdo_comunicado,acuerdo y comunicado,acuerdo_comunicado,NO,NO,NO,,RPM-2009-11-12:2788:2,2,XLSX_ORIGINAL,NO,NO,RPM-2009-11-12:2788:B2,SIN_ALERTAS_AUTOMATICAS,,RPM-2009-11-12:T56,INSTITUCIONAL,,
2788,RESEGMENTACION,01401cf1a5883b177d14025bb3c371eb389bada960e5c62511165ffeeee87131,Antes,4107,RPM-2009-11-12,2009-11-12 00:00:00,José De Gregorio Rebeco,José De Gregorio Rebeco,NO,Presidente del Banco Central,Presidente del Banco Central,NO,,Presidente del Banco Central,LISTA_ASISTENCIA,,SUJETO_ROL_NOMBRE,15,"El Presidente, señor José De Gregorio, ofrece la palabra al Gerente de División Estudios Subrogante, señor Claudio Soto, para que presente las Opciones de Política Monetaria para esta Reunión El señor Gerente de División Estudios Subrogante recuerda que, en su Reunión mensual de política monetaria de octubre, el Consejo del Banco Central de Chile acordó mantener la TPM en 0,50% anual, como también continuar aplicando las medidas complementarias adoptadas en la Reunión de julio, y reiteró que la TPM se mantendría en el nivel mínimo de 0,50% por un período de tiempo prolongado. A continuación,.",Acuerdo de Política Monetaria y comunicado oficial,acuerdo_comunicado,acuerdo y comunicado,acuerdo_comunicado,NO,NO,NO,Rol según lista de asistencia: Presidente del Banco Central,RPM-2009-11-12:2788:3,3,XLSX_ORIGINAL,NO,NO,RPM-2009-11-12:2788:B3,SIN_ALERTAS_AUTOMATICAS,,RPM-2009-11-12:T57,INICIO_EXPLICITO,,RPM-2009-11-12:2788:3
2788,RESEGMENTACION,01401cf1a5883b177d14025bb3c371eb389bada960e5c62511165ffeeee87131,Despues,4108,RPM-2009-11-12,2009-11-12 00:00:00,José De Gregorio Rebeco,José De Gregorio Rebeco,NO,Presidente del Banco Central,Presidente del Banco Central,NO,,Presidente del Banco Central,LISTA_ASISTENCIA,,SUJETO_ROL_NOMBRE,15,"El Presidente, señor José De Gregorio, agradece la presentación del Gerente de de Análisis Macroeconómico, señor Claudio Soto.",Acuerdo de Política Monetaria y comunicado oficial,acuerdo_comunicado,acuerdo y comunicado,acuerdo_comunicado,NO,NO,NO,Rol según lista de asistencia: Presidente del Banco Central,RPM-2009-11-12:2788:1,1,XLSX_ORIGINAL,NO,NO,RPM-2009-11-12:2788:B1,SIN_ALERTAS_AUTOMATICAS,,RPM-2009-11-12:T55,INICIO_EXPLICITO,,RPM-2009-11-12:2788:1
2788,RESEGMENTACION,01401cf1a5883b177d14025bb3c371eb389bada960e5c62511165ffeeee87131,Despues,4109,RPM-2009-11-12,2009-11-12 00:00:00,José De Gregorio Rebeco,José De Gregorio Rebeco,NO,Presidente del Banco Central,Presidente del Banco Central,NO,,Presidente del Banco Central,LISTA_ASISTENCIA,,CONTEXTO_REVISADO,15,"Siendo las 13:15 horas, y no habiendo más comentarios, el señor Presidente da por finalizada la sesión de la mañana, indicando que la reunión de la tarde comenzará a las 16:00 horas.",Acuerdo de Política Monetaria y comunicado oficial,acuerdo_comunicado,acuerdo y comunicado,acuerdo_comunicado,NO,NO,NO,Hablante por contexto documentado: HAB-20260908-L24-2788-127 (data/curation/revisiones_hablantes.json; no cotejo PDF); Rol según lista de asistencia: Presidente del Banco Central,RPM-2009-11-12:2788:2,2,XLSX_ORIGINAL,NO,NO,RPM-2009-11-12:2788:B2,SIN_ALERTAS_AUTOMATICAS,,RPM-2009-11-12:T56,SIN_CONTINUIDAD_CONFIRMADA,,
2788,RESEGMENTACION,01401cf1a5883b177d14025bb3c371eb389bada960e5c62511165ffeeee87131,Despues,4110,RPM-2009-11-12,2009-11-12 00:00:00,José De Gregorio Rebeco,Consejo del Banco Central de Chile,SI,Presidente del Banco Central,Consejo,SI,,,ACTA_INSTITUCIONAL,META_SESION,ACTA/META,15,"Siendo las 16:00 horas, se reanuda la Sesión de Política Monetaria N° 146.",Acuerdo de Política Monetaria y comunicado oficial,acuerdo_comunicado,acuerdo y comunicado,acuerdo_comunicado,NO,NO,NO,,RPM-2009-11-12:2788:3,3,XLSX_ORIGINAL,NO,NO,RPM-2009-11-12:2788:B3,SIN_ALERTAS_AUTOMATICAS,,RPM-2009-11-12:T57,INSTITUCIONAL,,
2788,RESEGMENTACION,01401cf1a5883b177d14025bb3c371eb389bada960e5c62511165ffeeee87131,Despues,4111,RPM-2009-11-12,2009-11-12 00:00:00,José De Gregorio Rebeco,José De Gregorio Rebeco,NO,Presidente del Banco Central,Presidente del Banco Central,NO,,Presidente del Banco Central,LISTA_ASISTENCIA,,SUJETO_ROL_NOMBRE,15,"El Presidente, señor José De Gregorio, ofrece la palabra al Gerente de División Estudios Subrogante, señor Claudio Soto, para que presente las Opciones de Política Monetaria para esta Reunión",Acuerdo de Política Monetaria y comunicado oficial,acuerdo_comunicado,acuerdo y comunicado,acuerdo_comunicado,NO,NO,NO,Rol según lista de asistencia: Presidente del Banco Central,RPM-2009-11-12:2788:4,4,XLSX_ORIGINAL,NO,NO,RPM-2009-11-12:2788:B4,PENDIENTE_REVISION,FINAL_SIN_PUNTUACION,RPM-2009-11-12:T58,INICIO_EXPLICITO,,RPM-2009-11-12:2788:4
2788,RESEGMENTACION,01401cf1a5883b177d14025bb3c371eb389bada960e5c62511165ffeeee87131,Despues,4112,RPM-2009-11-12,2009-11-12 00:00:00,José De Gregorio Rebeco,Claudio Soto Gamboa,SI,Presidente del Banco Central,Gerente de Análisis Macroeconómico,SI,,Gerente de Análisis Macroeconómico,LISTA_ASISTENCIA,,CONTEXTO_REVISADO,15,"El señor Gerente de División Estudios Subrogante recuerda que, en su Reunión mensual de política monetaria de octubre, el Consejo del Banco Central de Chile acordó mantener la TPM en 0,50% anual, como también continuar aplicando las medidas complementarias adoptadas en la Reunión de julio, y reiteró que la TPM se mantendría en el nivel mínimo de 0,50% por un período de tiempo prolongado. A continuación,.",Acuerdo de Política Monetaria y comunicado oficial,acuerdo_comunicado,acuerdo y comunicado,acuerdo_comunicado,NO,NO,NO,Hablante por contexto documentado: HAB-20260908-L24-2788-577 (data/curation/revisiones_hablantes.json; no cotejo PDF); Rol según lista de asistencia: Gerente de Análisis Macroeconómico,RPM-2009-11-12:2788:5,5,XLSX_ORIGINAL,NO,NO,RPM-2009-11-12:2788:B5,PENDIENTE_REVISION,TEXTO_DANADO_POR_COTEJAR,RPM-2009-11-12:T59,SIN_CONTINUIDAD_CONFIRMADA,,
2875,REASIGNACION_SIN_NUEVAS_FILAS,130cfe9812c54e581dfc4c2d8a9d46092a7a31da68109450c501a8304a3b2e37,Antes,4256,RPM-2010-01-14,2010-01-14 00:00:00,José De Gregorio Rebeco,José De Gregorio Rebeco,NO,Presidente del Banco Central,Presidente del Banco Central,NO,,Presidente del Banco Central,LISTA_ASISTENCIA,,SUJETO_ROL_NOMBRE,17,"el Presidente, señor José De Gregorio, da por concluida la sesión de la mañana.",Análisis de actividad económica doméstica y demanda,actividad_interna,actividad interna,actividad_interna,NO,NO,NO,Rol según lista de asistencia: Presidente del Banco Central,RPM-2010-01-14:2875:1,1,XLSX_ORIGINAL,NO,NO,RPM-2010-01-14:2875:B1,SIN_ALERTAS_AUTOMATICAS,,RPM-2010-01-14:T45,INICIO_EXPLICITO,,RPM-2010-01-14:2875:1
2875,REASIGNACION_SIN_NUEVAS_FILAS,130cfe9812c54e581dfc4c2d8a9d46092a7a31da68109450c501a8304a3b2e37,Antes,4257,RPM-2010-01-14,2010-01-14 00:00:00,José De Gregorio Rebeco,Consejo del Banco Central de Chile,SI,Presidente del Banco Central,Consejo,SI,,,ACTA_INSTITUCIONAL,META_SESION,ACTA/META,17,"Siendo las 16:00 horas, y antes de reanudar la Sesión de Política Monetaria N° 149, el Presidente, señor José De Gregorio, informa que esta es la última vez que el Ministro de Hacienda, señor Andrés Velasco, participe en una Reunión de Política Monetaria, por lo que desea hacer un reconocimiento especial a su relación con el Banco. Expresa que el señor Ministro, dentro su estricto apego a las características de esta Institución, tuvo siempre una relación profesional y de continua colaboración con el Banco, destacando que sus aportes fueron muy valiosos y que su continua cooperación en materias de coordinación y de compartir información fueron muy importantes para el manejo de la política monetaria. Especial mención hace de los momentos más álgidos de la crisis financiera, durante la cual se pudo establecer un alto nivel de coordinación, que permitió mitigar sus efectos sobre la economía. Finalmente, en nombre del Consejo y el suyo propio, agradece y valora profundamente su labor, y le desea éxito en sus nuevas actividades.",Análisis de actividad económica doméstica y demanda,actividad_interna,actividad interna,actividad_interna,NO,NO,NO,,RPM-2010-01-14:2875:2,2,XLSX_ORIGINAL,NO,NO,RPM-2010-01-14:2875:B2,SIN_ALERTAS_AUTOMATICAS,,RPM-2010-01-14:T46,INSTITUCIONAL,,
2875,REASIGNACION_SIN_NUEVAS_FILAS,130cfe9812c54e581dfc4c2d8a9d46092a7a31da68109450c501a8304a3b2e37,Despues,4261,RPM-2010-01-14,2010-01-14 00:00:00,José De Gregorio Rebeco,José De Gregorio Rebeco,NO,Presidente del Banco Central,Presidente del Banco Central,NO,,Presidente del Banco Central,LISTA_ASISTENCIA,,SUJETO_ROL_NOMBRE,17,"el Presidente, señor José De Gregorio, da por concluida la sesión de la mañana.",Análisis de actividad económica doméstica y demanda,actividad_interna,actividad interna,actividad_interna,NO,NO,NO,Rol según lista de asistencia: Presidente del Banco Central,RPM-2010-01-14:2875:1,1,XLSX_ORIGINAL,NO,NO,RPM-2010-01-14:2875:B1,SIN_ALERTAS_AUTOMATICAS,,RPM-2010-01-14:T45,INICIO_EXPLICITO,,RPM-2010-01-14:2875:1
2875,REASIGNACION_SIN_NUEVAS_FILAS,130cfe9812c54e581dfc4c2d8a9d46092a7a31da68109450c501a8304a3b2e37,Despues,4262,RPM-2010-01-14,2010-01-14 00:00:00,José De Gregorio Rebeco,José De Gregorio Rebeco,NO,Presidente del Banco Central,Presidente del Banco Central,NO,,Presidente del Banco Central,LISTA_ASISTENCIA,,CONTEXTO_REVISADO,17,"Siendo las 16:00 horas, y antes de reanudar la Sesión de Política Monetaria N° 149, el Presidente, señor José De Gregorio, informa que esta es la última vez que el Ministro de Hacienda, señor Andrés Velasco, participe en una Reunión de Política Monetaria, por lo que desea hacer un reconocimiento especial a su relación con el Banco. Expresa que el señor Ministro, dentro su estricto apego a las características de esta Institución, tuvo siempre una relación profesional y de continua colaboración con el Banco, destacando que sus aportes fueron muy valiosos y que su continua cooperación en materias de coordinación y de compartir información fueron muy importantes para el manejo de la política monetaria. Especial mención hace de los momentos más álgidos de la crisis financiera, durante la cual se pudo establecer un alto nivel de coordinación, que permitió mitigar sus efectos sobre la economía. Finalmente, en nombre del Consejo y el suyo propio, agradece y valora profundamente su labor, y le desea éxito en sus nuevas actividades.",Análisis de actividad económica doméstica y demanda,actividad_interna,actividad interna,actividad_interna,NO,NO,NO,Hablante por contexto documentado: HAB-20260908-L24-2875-80 (data/curation/revisiones_hablantes.json; no cotejo PDF); Rol según lista de asistencia: Presidente del Banco Central,RPM-2010-01-14:2875:2,2,XLSX_ORIGINAL,NO,NO,RPM-2010-01-14:2875:B2,SIN_ALERTAS_AUTOMATICAS,,RPM-2010-01-14:T46,SIN_CONTINUIDAD_CONFIRMADA,,
2958,REASIGNACION_SIN_NUEVAS_FILAS,6e6dcaac4057416a10b9c9cb842a9f47d0e54a09ede2a94f8cf33a5a568cf34e,Antes,4388,RPM-2010-02-11,2010-02-11 00:00:00,José De Gregorio Rebeco,José De Gregorio Rebeco,NO,Presidente del Banco Central,Presidente del Banco Central,NO,,Presidente del Banco Central,LISTA_ASISTENCIA,,SUJETO_ROL_NOMBRE,20,"El Presidente, señor José De Gregorio, agradece la exposición del señor Claudio Soto, da por finalizada la Sesión de Política Monetaria de esta mañana y recuerda El señor Presidente agradece la exposición del señor Claudio Soto, da por finalizada la sesión de la mañana y recuerda que la sesión de la tarde se reanudará a las 15 horas.",Evaluación de opciones de política monetaria,opciones_tpm,opciones tpm,opciones_tpm,NO,NO,NO,Rol según lista de asistencia: Presidente del Banco Central,RPM-2010-02-11:2958:1,1,XLSX_ORIGINAL,NO,NO,RPM-2010-02-11:2958:B1,SIN_ALERTAS_AUTOMATICAS,,RPM-2010-02-11:T111,INICIO_EXPLICITO,,RPM-2010-02-11:2958:1
2958,REASIGNACION_SIN_NUEVAS_FILAS,6e6dcaac4057416a10b9c9cb842a9f47d0e54a09ede2a94f8cf33a5a568cf34e,Antes,4389,RPM-2010-02-11,2010-02-11 00:00:00,José De Gregorio Rebeco,Consejo del Banco Central de Chile,SI,Presidente del Banco Central,Consejo,SI,,,ACTA_INSTITUCIONAL,META_SESION,ACTA/META,20,"Siendo las 15 horas, el señor Presidente da inicio a la sesión de la tarde, ofreciéndole la palabra al Gerente de División Estudios, señor Pablo García, para que presente las Opciones de Política Monetaria para esta Reunión.",Evaluación de opciones de política monetaria,opciones_tpm,opciones tpm,opciones_tpm,NO,NO,NO,,RPM-2010-02-11:2958:2,2,XLSX_ORIGINAL,NO,NO,RPM-2010-02-11:2958:B2,SIN_ALERTAS_AUTOMATICAS,,RPM-2010-02-11:T112,INSTITUCIONAL,,
2958,REASIGNACION_SIN_NUEVAS_FILAS,6e6dcaac4057416a10b9c9cb842a9f47d0e54a09ede2a94f8cf33a5a568cf34e,Despues,4393,RPM-2010-02-11,2010-02-11 00:00:00,José De Gregorio Rebeco,José De Gregorio Rebeco,NO,Presidente del Banco Central,Presidente del Banco Central,NO,,Presidente del Banco Central,LISTA_ASISTENCIA,,SUJETO_ROL_NOMBRE,20,"El Presidente, señor José De Gregorio, agradece la exposición del señor Claudio Soto, da por finalizada la Sesión de Política Monetaria de esta mañana y recuerda El señor Presidente agradece la exposición del señor Claudio Soto, da por finalizada la sesión de la mañana y recuerda que la sesión de la tarde se reanudará a las 15 horas.",Evaluación de opciones de política monetaria,opciones_tpm,opciones tpm,opciones_tpm,NO,NO,NO,Rol según lista de asistencia: Presidente del Banco Central,RPM-2010-02-11:2958:1,1,XLSX_ORIGINAL,NO,NO,RPM-2010-02-11:2958:B1,PENDIENTE_REVISION,TEXTO_DANADO_POR_COTEJAR,RPM-2010-02-11:T111,INICIO_EXPLICITO,,RPM-2010-02-11:2958:1
2958,REASIGNACION_SIN_NUEVAS_FILAS,6e6dcaac4057416a10b9c9cb842a9f47d0e54a09ede2a94f8cf33a5a568cf34e,Despues,4394,RPM-2010-02-11,2010-02-11 00:00:00,José De Gregorio Rebeco,José De Gregorio Rebeco,NO,Presidente del Banco Central,Presidente del Banco Central,NO,,Presidente del Banco Central,LISTA_ASISTENCIA,,CONTEXTO_REVISADO,20,"Siendo las 15 horas, el señor Presidente da inicio a la sesión de la tarde, ofreciéndole la palabra al Gerente de División Estudios, señor Pablo García, para que presente las Opciones de Política Monetaria para esta Reunión.",Evaluación de opciones de política monetaria,opciones_tpm,opciones tpm,opciones_tpm,NO,NO,NO,Hablante por contexto documentado: HAB-20260908-L24-2958-336 (data/curation/revisiones_hablantes.json; no cotejo PDF); Rol según lista de asistencia: Presidente del Banco Central,RPM-2010-02-11:2958:2,2,XLSX_ORIGINAL,NO,NO,RPM-2010-02-11:2958:B2,SIN_ALERTAS_AUTOMATICAS,,RPM-2010-02-11:T112,SIN_CONTINUIDAD_CONFIRMADA,,
3008,REASIGNACION_SIN_NUEVAS_FILAS,e06a08c6d205aadcc7918c9243c489cb14ee76fe353db9d8ec7e6684b525e9e8,Antes,4467,RPM-2010-03-18,2010-03-18 00:00:00,José De Gregorio Rebeco,José De Gregorio Rebeco,NO,Presidente del Banco Central,Presidente del Banco Central,NO,,Presidente del Banco Central,LISTA_ASISTENCIA,,SUJETO_ROL_SESION,13,el señor Presidente da por finalizada la sesión de la mañana.,Análisis macroeconómico y discusión de política monetaria,debate,discusión monetaria,debate,NO,NO,NO,Rol según lista de asistencia: Presidente del Banco Central,RPM-2010-03-18:3008:1,1,XLSX_ORIGINAL,NO,NO,RPM-2010-03-18:3008:B1,SIN_ALERTAS_AUTOMATICAS,,RPM-2010-03-18:T62,INICIO_EXPLICITO,,RPM-2010-03-18:3008:1
3008,REASIGNACION_SIN_NUEVAS_FILAS,e06a08c6d205aadcc7918c9243c489cb14ee76fe353db9d8ec7e6684b525e9e8,Antes,4468,RPM-2010-03-18,2010-03-18 00:00:00,José De Gregorio Rebeco,Consejo del Banco Central de Chile,SI,Presidente del Banco Central,Consejo,SI,,,ACTA_INSTITUCIONAL,META_SESION,ACTA/META,13,"Siendo las 16:00 horas, y antes de reanudar la Sesión de Política Monetaria N° 151, el Presidente, señor José De Gregorio, da la bienvenida al nuevo Ministro de Hacienda, señor Felipe Larraín, y a su asesor, a quienes les expresa sus deseos de éxito en su gestión y la disposición de la Institución para trabajar juntos en adelante.",Análisis macroeconómico y discusión de política monetaria,debate,discusión monetaria,debate,NO,NO,NO,,RPM-2010-03-18:3008:2,2,XLSX_ORIGINAL,NO,NO,RPM-2010-03-18:3008:B2,SIN_ALERTAS_AUTOMATICAS,,RPM-2010-03-18:T63,INSTITUCIONAL,,
3008,REASIGNACION_SIN_NUEVAS_FILAS,e06a08c6d205aadcc7918c9243c489cb14ee76fe353db9d8ec7e6684b525e9e8,Antes,4469,RPM-2010-03-18,2010-03-18 00:00:00,José De Gregorio Rebeco,Felipe Larraín Bascuñán,SI,Presidente del Banco Central,Ministro de Hacienda,SI,,Ministro de Hacienda,LISTA_ASISTENCIA,,SUJETO_ROL_SESION,13,"El señor Ministro de Hacienda agradece las palabras del señor José De Gregorio y señala que para él constituye un agrado estar en el Banco Central de Chile y un gusto poder participar en esta Reunión de Política Monetaria. Disculpa su ausencia durante la sesión de la mañana, la que se debió a un llamado de S.E. el Presidente de la República, que le impidió participar de los análisis expuestos. A continuación,.",Análisis macroeconómico y discusión de política monetaria,debate,discusión monetaria,debate,NO,NO,NO,Rol según lista de asistencia: Ministro de Hacienda,RPM-2010-03-18:3008:3,3,XLSX_ORIGINAL,NO,NO,RPM-2010-03-18:3008:B3,SIN_ALERTAS_AUTOMATICAS,,RPM-2010-03-18:T64,INICIO_EXPLICITO,,RPM-2010-03-18:3008:3
3008,REASIGNACION_SIN_NUEVAS_FILAS,e06a08c6d205aadcc7918c9243c489cb14ee76fe353db9d8ec7e6684b525e9e8,Despues,4472,RPM-2010-03-18,2010-03-18 00:00:00,José De Gregorio Rebeco,José De Gregorio Rebeco,NO,Presidente del Banco Central,Presidente del Banco Central,NO,,Presidente del Banco Central,LISTA_ASISTENCIA,,SUJETO_ROL_SESION,13,el señor Presidente da por finalizada la sesión de la mañana.,Análisis macroeconómico y discusión de política monetaria,debate,discusión monetaria,debate,NO,NO,NO,Rol según lista de asistencia: Presidente del Banco Central,RPM-2010-03-18:3008:1,1,XLSX_ORIGINAL,NO,NO,RPM-2010-03-18:3008:B1,SIN_ALERTAS_AUTOMATICAS,,RPM-2010-03-18:T62,INICIO_EXPLICITO,,RPM-2010-03-18:3008:1
3008,REASIGNACION_SIN_NUEVAS_FILAS,e06a08c6d205aadcc7918c9243c489cb14ee76fe353db9d8ec7e6684b525e9e8,Despues,4473,RPM-2010-03-18,2010-03-18 00:00:00,José De Gregorio Rebeco,José De Gregorio Rebeco,NO,Presidente del Banco Central,Presidente del Banco Central,NO,,Presidente del Banco Central,LISTA_ASISTENCIA,,CONTEXTO_REVISADO,13,"Siendo las 16:00 horas, y antes de reanudar la Sesión de Política Monetaria N° 151, el Presidente, señor José De Gregorio, da la bienvenida al nuevo Ministro de Hacienda, señor Felipe Larraín, y a su asesor, a quienes les expresa sus deseos de éxito en su gestión y la disposición de la Institución para trabajar juntos en adelante.",Análisis macroeconómico y discusión de política monetaria,debate,discusión monetaria,debate,NO,NO,NO,Hablante por contexto documentado: HAB-20260908-L24-3008-62 (data/curation/revisiones_hablantes.json; no cotejo PDF); Rol según lista de asistencia: Presidente del Banco Central,RPM-2010-03-18:3008:2,2,XLSX_ORIGINAL,NO,NO,RPM-2010-03-18:3008:B2,SIN_ALERTAS_AUTOMATICAS,,RPM-2010-03-18:T63,SIN_CONTINUIDAD_CONFIRMADA,,
3008,REASIGNACION_SIN_NUEVAS_FILAS,e06a08c6d205aadcc7918c9243c489cb14ee76fe353db9d8ec7e6684b525e9e8,Despues,4474,RPM-2010-03-18,2010-03-18 00:00:00,José De Gregorio Rebeco,Felipe Larraín Bascuñán,SI,Presidente del Banco Central,Ministro de Hacienda,SI,,Ministro de Hacienda,LISTA_ASISTENCIA,,SUJETO_ROL_SESION,13,"El señor Ministro de Hacienda agradece las palabras del señor José De Gregorio y señala que para él constituye un agrado estar en el Banco Central de Chile y un gusto poder participar en esta Reunión de Política Monetaria. Disculpa su ausencia durante la sesión de la mañana, la que se debió a un llamado de S.E. el Presidente de la República, que le impidió participar de los análisis expuestos. A continuación,.",Análisis macroeconómico y discusión de política monetaria,debate,discusión monetaria,debate,NO,NO,NO,Rol según lista de asistencia: Ministro de Hacienda,RPM-2010-03-18:3008:3,3,XLSX_ORIGINAL,NO,NO,RPM-2010-03-18:3008:B3,PENDIENTE_REVISION,TEXTO_DANADO_POR_COTEJAR,RPM-2010-03-18:T64,INICIO_EXPLICITO,,RPM-2010-03-18:3008:3
3288,RESEGMENTACION,d381eea1c036434cb1b3bf3658db833e511294c237958afc1f6fb5767a4a761e,Antes,4866,RPM-2010-08-12,2010-08-12 00:00:00,Rodrigo Vergara Montes,Rodrigo Vergara Montes,NO,Presidente del Banco Central,Consejero,SI,,Consejero,LISTA_ASISTENCIA,,SUJETO_ROL_NOMBRE,5,"El Consejero señor Rodrigo Vergara señala que, en su opinión, la minuta de la FED explica ese movimiento de manera significativa, lo cual es compartido por el Gerente de División Operaciones Financieras señor Beltrán de Ramón.",Análisis del escenario macroeconómico internacional,escenario_internacional,escenario internacional,escenario_internacional,NO,NO,NO,Rol según lista de asistencia: Consejero,RPM-2010-08-12:3288:1,1,XLSX_ORIGINAL,NO,NO,RPM-2010-08-12:3288:B1,SIN_ALERTAS_AUTOMATICAS,,RPM-2010-08-12:T12,INICIO_EXPLICITO,,RPM-2010-08-12:3288:1
3288,RESEGMENTACION,d381eea1c036434cb1b3bf3658db833e511294c237958afc1f6fb5767a4a761e,Antes,4867,RPM-2010-08-12,2010-08-12 00:00:00,Rodrigo Vergara Montes,Sergio Lehmann Beresi,SI,Presidente del Banco Central,Gerente de Análisis Internacional,SI,,Gerente de Análisis Internacional,LISTA_ASISTENCIA,,SUJETO_NOMBRE,5,"El señor Lehmann continúa, mencionando que los premios por riesgo en las economías emergentes registraron una caída y una suerte de reversión marginal, producto, nuevamente, de las preocupaciones por la actividad. En materia de mercados bursátiles, informa que las bolsas de economías emergentes exhibieron movimientos al alza durante el último mes, con algunas reversiones en el margen, y alzas algo menores en los mercados bursátiles de economías desarrolladas. Con respecto a los precios de commodities, el señor Sergio Lehmann destaca el aumento significativo que registraron los granos durante el último mes, que alcanzó a 14%, y, en especial, el trigo, cuya alza fue de 18%. Añade que, en términos agregados, el indicador de metales subió 10%, lo mismo que el cobre, mientras que el indicador de energía experimentó un alza bastante más moderada, de solo 3%, como resultado de un alza de solo 4% del petróleo y también de la gasolina, que no registró variación. Desde una perspectiva más amplia, que considera la evolución del índice agregado de commodities a partir de enero del año 2008, hace notar que si bien se observan aumentos de precios, están bastante alejados de los máximos alcanzados a mediados del 2008, con la excepción del oro que, en este contexto, resulta ser una suerte de refugio de valor. Indica que el precio del combustible exhibe un aumento más moderado, mientras que el indicador de granos y cereales muestra un aumento muy importante a partir del último IPoM, fundamentalmente por el alza en el precio del trigo, que desde entonces acumula un aumento aproximado de 50%. A raíz de la significativa alza del precio del trigo, el señor Sergio Lehmann se refiere, en esta oportunidad, a ese mercado. En primer término, destaca que la participación de Rusia en las exportaciones totales alcanza a algo más del 10%, porcentaje que considera el recorte de producción en esta temporada, como consecuencia de la sequía que afecta a ese país. Agrega que la relación stock sobre consumo registra una caída, lo cual explicaría parte del aumento en el precio del trigo, pero, en términos históricos, indica que si se compara esta relación con los peaks que se alcanzaron a mediados del año 2008, y producto fundamentalmente de lo que fue la cosecha 2007 - 2008, la situación de mercado actual resulta ser bastante más holgada que lo que fue la de ese período, que estuvo impactada, además, por una sequía que afectó a Australia, economía que tiene una participación muy importante en las exportaciones mundiales de este grano. En cuanto al índice agregado de granos y cereales, el señor Lehmann hace presente que, en el margen, hubo una caída, lo que significa que hubo una reacción importante en el aumento del precio del trigo, producto de la información sobre las restricciones a las exportaciones que anunció Rusia, pero, luego, el precio tendió a caer y revirtió el efecto en el precio del trigo cuando se anunciaron las restricciones al comercio por parte de Rusia. De todas maneras, manifiesta que hay un elemento de carácter algo más permanente, asociado justamente a una caída en la producción mundial de trigo.",Análisis del escenario macroeconómico internacional,escenario_internacional,escenario internacional,escenario_internacional,NO,NO,NO,Rol según lista de asistencia: Gerente de Análisis Internacional,RPM-2010-08-12:3288:2,2,XLSX_ORIGINAL,NO,NO,RPM-2010-08-12:3288:B2,SIN_ALERTAS_AUTOMATICAS,,RPM-2010-08-12:T13,INICIO_EXPLICITO,,RPM-2010-08-12:3288:2
3288,RESEGMENTACION,d381eea1c036434cb1b3bf3658db833e511294c237958afc1f6fb5767a4a761e,Despues,4871,RPM-2010-08-12,2010-08-12 00:00:00,Rodrigo Vergara Montes,Rodrigo Vergara Montes,NO,Presidente del Banco Central,Consejero,SI,,Consejero,LISTA_ASISTENCIA,,SUJETO_ROL_NOMBRE,5,"El Consejero señor Rodrigo Vergara señala que, en su opinión, la minuta de la FED explica ese movimiento de manera significativa,",Análisis del escenario macroeconómico internacional,escenario_internacional,escenario internacional,escenario_internacional,NO,NO,NO,Rol según lista de asistencia: Consejero,RPM-2010-08-12:3288:1,1,XLSX_ORIGINAL,NO,NO,RPM-2010-08-12:3288:B1,PENDIENTE_REVISION,FINAL_SIN_PUNTUACION,RPM-2010-08-12:T12,INICIO_EXPLICITO,,RPM-2010-08-12:3288:1
3288,RESEGMENTACION,d381eea1c036434cb1b3bf3658db833e511294c237958afc1f6fb5767a4a761e,Despues,4872,RPM-2010-08-12,2010-08-12 00:00:00,Rodrigo Vergara Montes,Beltrán de Ramón Acevedo,SI,Presidente del Banco Central,Gerente de División Operaciones Financieras,SI,,Gerente de División Operaciones Financieras,LISTA_ASISTENCIA,,CONTEXTO_REVISADO,5,lo cual es compartido por el Gerente de División Operaciones Financieras señor Beltrán de Ramón.,Análisis del escenario macroeconómico internacional,escenario_internacional,escenario internacional,escenario_internacional,NO,NO,NO,Hablante por contexto documentado: HAB-20260908-L24-3288-130 (data/curation/revisiones_hablantes.json; no cotejo PDF); Rol según lista de asistencia: Gerente de División Operaciones Financieras,RPM-2010-08-12:3288:2,2,XLSX_ORIGINAL,NO,NO,RPM-2010-08-12:3288:B2,SIN_ALERTAS_AUTOMATICAS,,RPM-2010-08-12:T13,SIN_CONTINUIDAD_CONFIRMADA,,
3288,RESEGMENTACION,d381eea1c036434cb1b3bf3658db833e511294c237958afc1f6fb5767a4a761e,Despues,4873,RPM-2010-08-12,2010-08-12 00:00:00,Rodrigo Vergara Montes,Sergio Lehmann Beresi,SI,Presidente del Banco Central,Gerente de Análisis Internacional,SI,,Gerente de Análisis Internacional,LISTA_ASISTENCIA,,SUJETO_NOMBRE,5,"El señor Lehmann continúa, mencionando que los premios por riesgo en las economías emergentes registraron una caída y una suerte de reversión marginal, producto, nuevamente, de las preocupaciones por la actividad. En materia de mercados bursátiles, informa que las bolsas de economías emergentes exhibieron movimientos al alza durante el último mes, con algunas reversiones en el margen, y alzas algo menores en los mercados bursátiles de economías desarrolladas. Con respecto a los precios de commodities, el señor Sergio Lehmann destaca el aumento significativo que registraron los granos durante el último mes, que alcanzó a 14%, y, en especial, el trigo, cuya alza fue de 18%. Añade que, en términos agregados, el indicador de metales subió 10%, lo mismo que el cobre, mientras que el indicador de energía experimentó un alza bastante más moderada, de solo 3%, como resultado de un alza de solo 4% del petróleo y también de la gasolina, que no registró variación. Desde una perspectiva más amplia, que considera la evolución del índice agregado de commodities a partir de enero del año 2008, hace notar que si bien se observan aumentos de precios, están bastante alejados de los máximos alcanzados a mediados del 2008, con la excepción del oro que, en este contexto, resulta ser una suerte de refugio de valor. Indica que el precio del combustible exhibe un aumento más moderado, mientras que el indicador de granos y cereales muestra un aumento muy importante a partir del último IPoM, fundamentalmente por el alza en el precio del trigo, que desde entonces acumula un aumento aproximado de 50%. A raíz de la significativa alza del precio del trigo, el señor Sergio Lehmann se refiere, en esta oportunidad, a ese mercado. En primer término, destaca que la participación de Rusia en las exportaciones totales alcanza a algo más del 10%, porcentaje que considera el recorte de producción en esta temporada, como consecuencia de la sequía que afecta a ese país. Agrega que la relación stock sobre consumo registra una caída, lo cual explicaría parte del aumento en el precio del trigo, pero, en términos históricos, indica que si se compara esta relación con los peaks que se alcanzaron a mediados del año 2008, y producto fundamentalmente de lo que fue la cosecha 2007 - 2008, la situación de mercado actual resulta ser bastante más holgada que lo que fue la de ese período, que estuvo impactada, además, por una sequía que afectó a Australia, economía que tiene una participación muy importante en las exportaciones mundiales de este grano. En cuanto al índice agregado de granos y cereales, el señor Lehmann hace presente que, en el margen, hubo una caída, lo que significa que hubo una reacción importante en el aumento del precio del trigo, producto de la información sobre las restricciones a las exportaciones que anunció Rusia, pero, luego, el precio tendió a caer y revirtió el efecto en el precio del trigo cuando se anunciaron las restricciones al comercio por parte de Rusia. De todas maneras, manifiesta que hay un elemento de carácter algo más permanente, asociado justamente a una caída en la producción mundial de trigo.",Análisis del escenario macroeconómico internacional,escenario_internacional,escenario internacional,escenario_internacional,NO,NO,NO,Rol según lista de asistencia: Gerente de Análisis Internacional,RPM-2010-08-12:3288:3,3,XLSX_ORIGINAL,NO,NO,RPM-2010-08-12:3288:B3,SIN_ALERTAS_AUTOMATICAS,,RPM-2010-08-12:T14,INICIO_EXPLICITO,,RPM-2010-08-12:3288:3
4055,ADVERTENCIA_SIN_REASIGNACION,d265a6d34f7613d664e750177bec1c8584e2da48ab9605e08966d73a7588aa24,Antes,5821,RPM-2011-05-12,2011-05-12 00:00:00,José De Gregorio Rebeco,José De Gregorio Rebeco,NO,Presidente del Banco Central,Presidente del Banco Central,NO,,Presidente del Banco Central,LISTA_ASISTENCIA,ACUERDO_CONSEJO,SUJETO_ROL_NOMBRE,29,"El Presidente señor José De Gregorio expresa su agradecimiento al planteamiento que formula el Vicepresidente señor Manuel Marfán y, junto con los Consejeros señores Enrique Marshall, Sebastián Claro y Rodrigo Vergara, por las razones expresadas por el señor Vicepresidente de sumarse al voto de mayoría del Consejo, no tienen inconveniente en modificar el Acuerdo, de manera que este sea adoptado en forma unánime. En virtud de lo anterior, se deja constancia que el Acuerdo del Consejo es el siguiente: 170-01-110512 - Tasa de Política Monetaria En su reunión mensual de política monetaria, el Consejo del Banco Central de Chile acordó aumentar la tasa de interés de política monetaria en 50 puntos base, hasta 5% anual.",Aprobación del comunicado y cierre de la sesión,acuerdo_comunicado,cierre de sesión,apertura_cierre,NO,NO,NO,Rol según lista de asistencia: Presidente del Banco Central,RPM-2011-05-12:4055:1,1,XLSX_ORIGINAL,NO,NO,RPM-2011-05-12:4055:B1,SIN_ALERTAS_AUTOMATICAS,,RPM-2011-05-12:T99,INSTITUCIONAL,,
4055,ADVERTENCIA_SIN_REASIGNACION,d265a6d34f7613d664e750177bec1c8584e2da48ab9605e08966d73a7588aa24,Antes,5822,RPM-2011-05-12,2011-05-12 00:00:00,José De Gregorio Rebeco,Consejo del Banco Central de Chile,SI,Presidente del Banco Central,Consejo,SI,,,ACTA_INSTITUCIONAL,META_SESION,ACTA/META,29,Se levanta la Sesión a las 18:00 horas.,Aprobación del comunicado y cierre de la sesión,acuerdo_comunicado,cierre de sesión,apertura_cierre,NO,NO,NO,,RPM-2011-05-12:4055:2,2,XLSX_ORIGINAL,NO,NO,RPM-2011-05-12:4055:B2,SIN_ALERTAS_AUTOMATICAS,,RPM-2011-05-12:T100,INSTITUCIONAL,,
4055,ADVERTENCIA_SIN_REASIGNACION,d265a6d34f7613d664e750177bec1c8584e2da48ab9605e08966d73a7588aa24,Despues,5827,RPM-2011-05-12,2011-05-12 00:00:00,José De Gregorio Rebeco,José De Gregorio Rebeco,NO,Presidente del Banco Central,Presidente del Banco Central,NO,,Presidente del Banco Central,LISTA_ASISTENCIA,ACUERDO_CONSEJO,SUJETO_ROL_NOMBRE,29,"El Presidente señor José De Gregorio expresa su agradecimiento al planteamiento que formula el Vicepresidente señor Manuel Marfán y, junto con los Consejeros señores Enrique Marshall, Sebastián Claro y Rodrigo Vergara, por las razones expresadas por el señor Vicepresidente de sumarse al voto de mayoría del Consejo, no tienen inconveniente en modificar el Acuerdo, de manera que este sea adoptado en forma unánime. En virtud de lo anterior, se deja constancia que el Acuerdo del Consejo es el siguiente: 170-01-110512 - Tasa de Política Monetaria En su reunión mensual de política monetaria, el Consejo del Banco Central de Chile acordó aumentar la tasa de interés de política monetaria en 50 puntos base, hasta 5% anual.",Aprobación del comunicado y cierre de la sesión,acuerdo_comunicado,cierre de sesión,apertura_cierre,NO,NO,NO,Rol según lista de asistencia: Presidente del Banco Central,RPM-2011-05-12:4055:1,1,XLSX_ORIGINAL,NO,NO,RPM-2011-05-12:4055:B1,PENDIENTE_REVISION,PASAJES_CONJUNTOS_POR_DELIMITAR,RPM-2011-05-12:T99,INSTITUCIONAL,,
4055,ADVERTENCIA_SIN_REASIGNACION,d265a6d34f7613d664e750177bec1c8584e2da48ab9605e08966d73a7588aa24,Despues,5828,RPM-2011-05-12,2011-05-12 00:00:00,José De Gregorio Rebeco,Consejo del Banco Central de Chile,SI,Presidente del Banco Central,Consejo,SI,,,ACTA_INSTITUCIONAL,META_SESION,ACTA/META,29,Se levanta la Sesión a las 18:00 horas.,Aprobación del comunicado y cierre de la sesión,acuerdo_comunicado,cierre de sesión,apertura_cierre,NO,NO,NO,,RPM-2011-05-12:4055:2,2,XLSX_ORIGINAL,NO,NO,RPM-2011-05-12:4055:B2,SIN_ALERTAS_AUTOMATICAS,,RPM-2011-05-12:T100,INSTITUCIONAL,,
5252,RESEGMENTACION,5962e84de409e110e810754ab33a7799f9758ae3aeff1f12c2d97a86bb245686,Antes,7262,RPM-2012-12-13,2012-12-13 00:00:00,Manuel Marfán Lewis,Manuel Marfán Lewis,NO,Vicepresidente del Banco Central,Vicepresidente del Banco Central,NO,,Vicepresidente del Banco Central,LISTA_ASISTENCIA,,SUJETO_ROL_NOMBRE,15,"El Vicepresidente señor Manuel Marfán señala que la economía chilena enfrenta un puzzle desde hace varios meses, por cuanto presenta un crecimiento anormalmente elevado y una inflación inusualmente baja. Plantea que los antecedentes disponibles indican que ello no constituye un shock de oferta, en tanto deberían observarse también ciertas presiones de demanda, que no existen al menos por el momento. Al respecto, recuerda dos episodios en que se observó una combinación similar, el primero de ellos en los años 1992 a 1993, y el segundo en el período 1996 a 1997, con desenlaces distintos. Plantea que el primero se pudo resolver con una adecuada coordinación de políticas monetarias y fiscales, en que el Banco Central de Chile y el Ministerio de Hacienda llevaron adelante de manera conjunta lo que se denominó un mini ajuste. Indica que, por el contrario, en los años 1996 a 1997 se observó un desequilibrio que afectó la balanza de pagos y el tipo de cambio, lo que producto de la crisis internacional reinante produjo efectos muy significativos en Chile. Asimismo, alude al denominado efecto Tequila en el año 1995, oportunidad en que Chile no se vio afectado, presumiblemente porque en esa época el precio del cobre fue anormalmente alto. El Vicepresidente señor Manuel Marfán enfatiza en la necesidad de que exista una muy buena coordinación entre el Banco Central de Chile y el Ministerio de Hacienda en episodios como los mencionados, para fines de llevar adelante un mini ajuste económico. Al no formularse otros comentarios, el Vicepresidente señor Manuel Marfán suspende la presente Reunión y deja constancia que ella se reiniciará a las 16:30 horas para tratar las opciones de política monetaria.",Evaluación de opciones de política monetaria,opciones_tpm,opciones tpm,opciones_tpm,NO,NO,NO,Rol según lista de asistencia: Vicepresidente del Banco Central,RPM-2012-12-13:5252:1,1,XLSX_ORIGINAL,NO,NO,RPM-2012-12-13:5252:B1,SIN_ALERTAS_AUTOMATICAS,,RPM-2012-12-13:T33,INICIO_EXPLICITO,,RPM-2012-12-13:5252:1
5252,RESEGMENTACION,5962e84de409e110e810754ab33a7799f9758ae3aeff1f12c2d97a86bb245686,Antes,7263,RPM-2012-12-13,2012-12-13 00:00:00,Manuel Marfán Lewis,Consejo del Banco Central de Chile,SI,Vicepresidente del Banco Central,Consejo,SI,,,ACTA_INSTITUCIONAL,META_SESION,ACTA/META,15,"Siendo las 16:30 horas, se reanuda la Reunión de Política Monetaria N° 193 y pasa a presidir la Sesión transitoriamente el Vicepresidente señor Manuel Marfán, haciendo presente que el Presidente señor Rodrigo Vergara se incorporará posteriormente por cuanto se encuentra en una actividad propia del ejercicio de su cargo.",Evaluación de opciones de política monetaria,opciones_tpm,opciones tpm,opciones_tpm,NO,NO,NO,,RPM-2012-12-13:5252:2,2,XLSX_ORIGINAL,NO,NO,RPM-2012-12-13:5252:B2,SIN_ALERTAS_AUTOMATICAS,,RPM-2012-12-13:T34,INSTITUCIONAL,,
5252,RESEGMENTACION,5962e84de409e110e810754ab33a7799f9758ae3aeff1f12c2d97a86bb245686,Antes,7264,RPM-2012-12-13,2012-12-13 00:00:00,Manuel Marfán Lewis,Manuel Marfán Lewis,NO,Vicepresidente del Banco Central,Vicepresidente del Banco Central,NO,,Vicepresidente del Banco Central,LISTA_ASISTENCIA,,SUJETO_ROL_NOMBRE,15,El Vicepresidente señor Manuel Marfán concede la palabra al Gerente de División Estudios señor Luis Óscar Herrera para que presente al Consejo las Opciones de Política Monetaria que se han considerado para esta oportunidad.,Evaluación de opciones de política monetaria,opciones_tpm,opciones tpm,opciones_tpm,NO,NO,NO,Rol según lista de asistencia: Vicepresidente del Banco Central,RPM-2012-12-13:5252:3,3,XLSX_ORIGINAL,NO,NO,RPM-2012-12-13:5252:B3,SIN_ALERTAS_AUTOMATICAS,,RPM-2012-12-13:T35,INICIO_EXPLICITO,,RPM-2012-12-13:5252:3
5252,RESEGMENTACION,5962e84de409e110e810754ab33a7799f9758ae3aeff1f12c2d97a86bb245686,Despues,7268,RPM-2012-12-13,2012-12-13 00:00:00,Manuel Marfán Lewis,Manuel Marfán Lewis,NO,Vicepresidente del Banco Central,Vicepresidente del Banco Central,NO,,Vicepresidente del Banco Central,LISTA_ASISTENCIA,,SUJETO_ROL_NOMBRE,15,"El Vicepresidente señor Manuel Marfán señala que la economía chilena enfrenta un puzzle desde hace varios meses, por cuanto presenta un crecimiento anormalmente elevado y una inflación inusualmente baja. Plantea que los antecedentes disponibles indican que ello no constituye un shock de oferta, en tanto deberían observarse también ciertas presiones de demanda, que no existen al menos por el momento. Al respecto, recuerda dos episodios en que se observó una combinación similar, el primero de ellos en los años 1992 a 1993, y el segundo en el período 1996 a 1997, con desenlaces distintos. Plantea que el primero se pudo resolver con una adecuada coordinación de políticas monetarias y fiscales, en que el Banco Central de Chile y el Ministerio de Hacienda llevaron adelante de manera conjunta lo que se denominó un mini ajuste. Indica que, por el contrario, en los años 1996 a 1997 se observó un desequilibrio que afectó la balanza de pagos y el tipo de cambio, lo que producto de la crisis internacional reinante produjo efectos muy significativos en Chile. Asimismo, alude al denominado efecto Tequila en el año 1995, oportunidad en que Chile no se vio afectado, presumiblemente porque en esa época el precio del cobre fue anormalmente alto. El Vicepresidente señor Manuel Marfán enfatiza en la necesidad de que exista una muy buena coordinación entre el Banco Central de Chile y el Ministerio de Hacienda en episodios como los mencionados, para fines de llevar adelante un mini ajuste económico. Al no formularse otros comentarios, el Vicepresidente señor Manuel Marfán suspende la presente Reunión y deja constancia que ella se reiniciará a las 16:30 horas para tratar las opciones de política monetaria.",Evaluación de opciones de política monetaria,opciones_tpm,opciones tpm,opciones_tpm,NO,NO,NO,Rol según lista de asistencia: Vicepresidente del Banco Central,RPM-2012-12-13:5252:1,1,XLSX_ORIGINAL,NO,NO,RPM-2012-12-13:5252:B1,SIN_ALERTAS_AUTOMATICAS,,RPM-2012-12-13:T33,INICIO_EXPLICITO,,RPM-2012-12-13:5252:1
5252,RESEGMENTACION,5962e84de409e110e810754ab33a7799f9758ae3aeff1f12c2d97a86bb245686,Despues,7269,RPM-2012-12-13,2012-12-13 00:00:00,Manuel Marfán Lewis,Consejo del Banco Central de Chile,SI,Vicepresidente del Banco Central,Consejo,SI,,,ACTA_INSTITUCIONAL,META_SESION,ACTA/META,15,"Siendo las 16:30 horas, se reanuda la Reunión de Política Monetaria N° 193 y pasa a presidir la Sesión transitoriamente el Vicepresidente señor Manuel Marfán,",Evaluación de opciones de política monetaria,opciones_tpm,opciones tpm,opciones_tpm,NO,NO,NO,,RPM-2012-12-13:5252:2,2,XLSX_ORIGINAL,NO,NO,RPM-2012-12-13:5252:B2,PENDIENTE_REVISION,FINAL_SIN_PUNTUACION,RPM-2012-12-13:T34,INSTITUCIONAL,,
5252,RESEGMENTACION,5962e84de409e110e810754ab33a7799f9758ae3aeff1f12c2d97a86bb245686,Despues,7270,RPM-2012-12-13,2012-12-13 00:00:00,Manuel Marfán Lewis,Manuel Marfán Lewis,NO,Vicepresidente del Banco Central,Vicepresidente del Banco Central,NO,,Vicepresidente del Banco Central,LISTA_ASISTENCIA,,CONTEXTO_REVISADO,15,haciendo presente que el Presidente señor Rodrigo Vergara se incorporará posteriormente por cuanto se encuentra en una actividad propia del ejercicio de su cargo.,Evaluación de opciones de política monetaria,opciones_tpm,opciones tpm,opciones_tpm,NO,NO,NO,Hablante por contexto documentado: HAB-20260908-L24-5252-1872 (data/curation/revisiones_hablantes.json; no cotejo PDF); Rol según lista de asistencia: Vicepresidente del Banco Central,RPM-2012-12-13:5252:3,3,XLSX_ORIGINAL,NO,NO,RPM-2012-12-13:5252:B3,SIN_ALERTAS_AUTOMATICAS,,RPM-2012-12-13:T35,SIN_CONTINUIDAD_CONFIRMADA,,
5252,RESEGMENTACION,5962e84de409e110e810754ab33a7799f9758ae3aeff1f12c2d97a86bb245686,Despues,7271,RPM-2012-12-13,2012-12-13 00:00:00,Manuel Marfán Lewis,Manuel Marfán Lewis,NO,Vicepresidente del Banco Central,Vicepresidente del Banco Central,NO,,Vicepresidente del Banco Central,LISTA_ASISTENCIA,,SUJETO_ROL_NOMBRE,15,El Vicepresidente señor Manuel Marfán concede la palabra al Gerente de División Estudios señor Luis Óscar Herrera para que presente al Consejo las Opciones de Política Monetaria que se han considerado para esta oportunidad.,Evaluación de opciones de política monetaria,opciones_tpm,opciones tpm,opciones_tpm,NO,NO,NO,Rol según lista de asistencia: Vicepresidente del Banco Central,RPM-2012-12-13:5252:4,4,XLSX_ORIGINAL,NO,NO,RPM-2012-12-13:5252:B4,SIN_ALERTAS_AUTOMATICAS,,RPM-2012-12-13:T36,INICIO_EXPLICITO,,RPM-2012-12-13:5252:4
