ID_Padre,Tipo,SHA256_Texto_Padre,Version,ID,Id_Sesion,Fecha,Actor_Original,Actor_Final,Actor_Corregido,Rol_Fuente,Rol_Final,Rol_Corregido,Rol_Detectado_Texto,Rol_Lista_Asistencia,Fuente_Rol,Tipo_Acta,Fuente_Actor,Página,Texto,Tema_Original,Tema_Categoria,Palabra_Clave_Original,Palabra_Clave_Categoria,Texto_Truncado,Duplicado_Exacto,Duplicado_Formula,Nota,ID_Intervencion,Numero_Segmento,Fuente_Texto,Duplicado_Exacto_Origen,Duplicado_Formula_Origen,ID_Bloque_Texto,Estado_Revision,Motivos_Revision,ID_Turno,Relacion_Turno,ID_Antecedente_Continuidad,ID_Ancla_Actor
1871,ESTRUCTURAL,90c9661e04af4f00dc1ec77663bf1f1b899069663a251bf79b603a34e596f147,Antes,2575,RPM-2008-06-10,2008-06-10 00:00:00,José De Gregorio Rebeco,José De Gregorio Rebeco,NO,Presidente del Banco Central,Presidente del Banco Central,NO,,Presidente del Banco Central,LISTA_ASISTENCIA,,SUJETO_ROL_SESION,11,"El señor Presidente comenta que los precios de estos tres productos agrícolas casi se triplican comparados con el año 2002, lo que comparte el señor Lehmann, quien agrega que lo más decidor es que se prevé que se mantendrán en esos niveles hasta el año 2017, por lo menos.",Análisis del escenario macroeconómico internacional,escenario_internacional,escenario internacional,escenario_internacional,NO,NO,NO,Rol según lista de asistencia: Presidente del Banco Central,RPM-2008-06-10:1871:1,1,XLSX_ORIGINAL,NO,NO,RPM-2008-06-10:1871:B1,SIN_ALERTAS_AUTOMATICAS,,RPM-2008-06-10:T44,INICIO_EXPLICITO,,RPM-2008-06-10:1871:1
1871,ESTRUCTURAL,90c9661e04af4f00dc1ec77663bf1f1b899069663a251bf79b603a34e596f147,Antes,2576,RPM-2008-06-10,2008-06-10 00:00:00,José De Gregorio Rebeco,Sergio Lehmann Beresi,SI,Presidente del Banco Central,Gerente de Análisis Internacional,SI,,Gerente de Análisis Internacional,LISTA_ASISTENCIA,,SUJETO_ROL_NOMBRE,11,"Finalmente, el Gerente señor Lehmann menciona que en materia de proyecciones en el precio del cobre, no hay un cambio significativo, y tampoco en el precio de cereales, ya que los movimientos que tuvieron están anticipados en las proyecciones que ya se tenían. Comenta que lo claramente novedoso está en el petróleo y en la gasolina, que se revisan al alza en línea con los movimientos de los futuros.",Análisis del escenario macroeconómico internacional,escenario_internacional,escenario internacional,escenario_internacional,NO,NO,NO,Rol según lista de asistencia: Gerente de Análisis Internacional,RPM-2008-06-10:1871:2,2,XLSX_ORIGINAL,NO,NO,RPM-2008-06-10:1871:B2,SIN_ALERTAS_AUTOMATICAS,,RPM-2008-06-10:T45,INICIO_EXPLICITO,,RPM-2008-06-10:1871:2
1871,ESTRUCTURAL,90c9661e04af4f00dc1ec77663bf1f1b899069663a251bf79b603a34e596f147,Antes,2577,RPM-2008-06-10,2008-06-10 00:00:00,José De Gregorio Rebeco,José De Gregorio Rebeco,NO,Presidente del Banco Central,Presidente del Banco Central,NO,,Presidente del Banco Central,LISTA_ASISTENCIA,,SUJETO_ROL_NOMBRE,11,"A continuación, el Presidente señor José De Gregorio ofrece la palabra al Gerente de Análisis Macroeconómico señor Claudio Soto Gamboa, para que presente la exposición sobre la parte nacional.",Análisis del escenario macroeconómico internacional,escenario_internacional,escenario internacional,escenario_internacional,NO,NO,NO,Rol según lista de asistencia: Presidente del Banco Central,RPM-2008-06-10:1871:3,3,XLSX_ORIGINAL,NO,NO,RPM-2008-06-10:1871:B3,SIN_ALERTAS_AUTOMATICAS,,RPM-2008-06-10:T46,INICIO_EXPLICITO,,RPM-2008-06-10:1871:3
1871,ESTRUCTURAL,90c9661e04af4f00dc1ec77663bf1f1b899069663a251bf79b603a34e596f147,Despues,2575,RPM-2008-06-10,2008-06-10 00:00:00,José De Gregorio Rebeco,José De Gregorio Rebeco,NO,Presidente del Banco Central,Presidente del Banco Central,NO,,Presidente del Banco Central,LISTA_ASISTENCIA,,SUJETO_ROL_SESION,11,"El señor Presidente comenta que los precios de estos tres productos agrícolas casi se triplican comparados con el año 2002,",Análisis del escenario macroeconómico internacional,escenario_internacional,escenario internacional,escenario_internacional,NO,NO,NO,Rol según lista de asistencia: Presidente del Banco Central,RPM-2008-06-10:1871:1,1,XLSX_ORIGINAL,NO,NO,RPM-2008-06-10:1871:B1,PENDIENTE_REVISION,FINAL_SIN_PUNTUACION,RPM-2008-06-10:T44,INICIO_EXPLICITO,,RPM-2008-06-10:1871:1
1871,ESTRUCTURAL,90c9661e04af4f00dc1ec77663bf1f1b899069663a251bf79b603a34e596f147,Despues,2576,RPM-2008-06-10,2008-06-10 00:00:00,José De Gregorio Rebeco,Sergio Lehmann Beresi,SI,Presidente del Banco Central,Gerente de Análisis Internacional,SI,,Gerente de Análisis Internacional,LISTA_ASISTENCIA,,CONTEXTO_REVISADO,11,"lo que comparte el señor Lehmann, quien agrega que lo más decidor es que se prevé que se mantendrán en esos niveles hasta el año 2017, por lo menos.",Análisis del escenario macroeconómico internacional,escenario_internacional,escenario internacional,escenario_internacional,NO,NO,NO,Hablante por contexto documentado: HAB-20260908-L23-1871-124 (data/curation/revisiones_hablantes.json; no cotejo PDF); Rol según lista de asistencia: Gerente de Análisis Internacional,RPM-2008-06-10:1871:2,2,XLSX_ORIGINAL,NO,NO,RPM-2008-06-10:1871:B2,SIN_ALERTAS_AUTOMATICAS,,RPM-2008-06-10:T45,SIN_CONTINUIDAD_CONFIRMADA,,
1871,ESTRUCTURAL,90c9661e04af4f00dc1ec77663bf1f1b899069663a251bf79b603a34e596f147,Despues,2577,RPM-2008-06-10,2008-06-10 00:00:00,José De Gregorio Rebeco,Sergio Lehmann Beresi,SI,Presidente del Banco Central,Gerente de Análisis Internacional,SI,,Gerente de Análisis Internacional,LISTA_ASISTENCIA,,SUJETO_ROL_NOMBRE,11,"Finalmente, el Gerente señor Lehmann menciona que en materia de proyecciones en el precio del cobre, no hay un cambio significativo, y tampoco en el precio de cereales, ya que los movimientos que tuvieron están anticipados en las proyecciones que ya se tenían. Comenta que lo claramente novedoso está en el petróleo y en la gasolina, que se revisan al alza en línea con los movimientos de los futuros.",Análisis del escenario macroeconómico internacional,escenario_internacional,escenario internacional,escenario_internacional,NO,NO,NO,Rol según lista de asistencia: Gerente de Análisis Internacional,RPM-2008-06-10:1871:3,3,XLSX_ORIGINAL,NO,NO,RPM-2008-06-10:1871:B3,SIN_ALERTAS_AUTOMATICAS,,RPM-2008-06-10:T46,INICIO_EXPLICITO,,RPM-2008-06-10:1871:3
1871,ESTRUCTURAL,90c9661e04af4f00dc1ec77663bf1f1b899069663a251bf79b603a34e596f147,Despues,2578,RPM-2008-06-10,2008-06-10 00:00:00,José De Gregorio Rebeco,José De Gregorio Rebeco,NO,Presidente del Banco Central,Presidente del Banco Central,NO,,Presidente del Banco Central,LISTA_ASISTENCIA,,SUJETO_ROL_NOMBRE,11,"A continuación, el Presidente señor José De Gregorio ofrece la palabra al Gerente de Análisis Macroeconómico señor Claudio Soto Gamboa, para que presente la exposición sobre la parte nacional.",Análisis del escenario macroeconómico internacional,escenario_internacional,escenario internacional,escenario_internacional,NO,NO,NO,Rol según lista de asistencia: Presidente del Banco Central,RPM-2008-06-10:1871:4,4,XLSX_ORIGINAL,NO,NO,RPM-2008-06-10:1871:B4,SIN_ALERTAS_AUTOMATICAS,,RPM-2008-06-10:T47,INICIO_EXPLICITO,,RPM-2008-06-10:1871:4
2027,ESTRUCTURAL,ec828c142ff8416a1ccabb28ecfaac6c9a2c30c3428472e17562e47b1ad618f2,Antes,2802,RPM-2008-08-14,2008-08-14 00:00:00,Jorge Desormeaux Jiménez,Jorge Desormeaux Jiménez,NO,Vicepresidente del Banco Central,Vicepresidente del Banco Central,NO,,Vicepresidente del Banco Central,LISTA_ASISTENCIA,,SUJETO_ROL_NOMBRE,16,"El Vicepresidente señor Desormeaux agrega que le da la impresión de que las cifras de la Universidad de Chile registran una baja en la tasa de desempleo, lo que confirma el Gerente de Análisis Macroeconómico señor Soto.",Evolución del mercado laboral y empleo,mercado_laboral,mercado laboral,mercado_laboral,NO,NO,NO,Rol según lista de asistencia: Vicepresidente del Banco Central,RPM-2008-08-14:2027:1,1,XLSX_ORIGINAL,NO,NO,RPM-2008-08-14:2027:B1,SIN_ALERTAS_AUTOMATICAS,,RPM-2008-08-14:T69,INICIO_EXPLICITO,,RPM-2008-08-14:2027:1
2027,ESTRUCTURAL,ec828c142ff8416a1ccabb28ecfaac6c9a2c30c3428472e17562e47b1ad618f2,Despues,2803,RPM-2008-08-14,2008-08-14 00:00:00,Jorge Desormeaux Jiménez,Jorge Desormeaux Jiménez,NO,Vicepresidente del Banco Central,Vicepresidente del Banco Central,NO,,Vicepresidente del Banco Central,LISTA_ASISTENCIA,,SUJETO_ROL_NOMBRE,16,"El Vicepresidente señor Desormeaux agrega que le da la impresión de que las cifras de la Universidad de Chile registran una baja en la tasa de desempleo,",Evolución del mercado laboral y empleo,mercado_laboral,mercado laboral,mercado_laboral,NO,NO,NO,Rol según lista de asistencia: Vicepresidente del Banco Central,RPM-2008-08-14:2027:1,1,XLSX_ORIGINAL,NO,NO,RPM-2008-08-14:2027:B1,PENDIENTE_REVISION,FINAL_SIN_PUNTUACION,RPM-2008-08-14:T69,INICIO_EXPLICITO,,RPM-2008-08-14:2027:1
2027,ESTRUCTURAL,ec828c142ff8416a1ccabb28ecfaac6c9a2c30c3428472e17562e47b1ad618f2,Despues,2804,RPM-2008-08-14,2008-08-14 00:00:00,Jorge Desormeaux Jiménez,Claudio Soto Gamboa,SI,Vicepresidente del Banco Central,Gerente de Análisis Macroeconómico,SI,,Gerente de Análisis Macroeconómico,LISTA_ASISTENCIA,,CONTEXTO_REVISADO,16,lo que confirma el Gerente de Análisis Macroeconómico señor Soto.,Evolución del mercado laboral y empleo,mercado_laboral,mercado laboral,mercado_laboral,NO,NO,NO,Hablante por contexto documentado: HAB-20260908-L23-2027-154 (data/curation/revisiones_hablantes.json; no cotejo PDF); Rol según lista de asistencia: Gerente de Análisis Macroeconómico,RPM-2008-08-14:2027:2,2,XLSX_ORIGINAL,NO,NO,RPM-2008-08-14:2027:B2,SIN_ALERTAS_AUTOMATICAS,,RPM-2008-08-14:T70,SIN_CONTINUIDAD_CONFIRMADA,,
2685,ESTRUCTURAL,ed325da268fbcfefc2a16b5313ab78d759fb444086753baa93cba09b74d52d19,Antes,3892,RPM-2009-08-13,2009-08-13 00:00:00,Sebastián Claro Edwards,Sebastián Claro Edwards,NO,Consejero,Consejero,NO,,Consejero,LISTA_ASISTENCIA,,SUJETO_ROL_NOMBRE,19,"El Consejero señor Sebastián Claro señala que los datos recientes van conformando, a grandes rasgos, un perfil de actividad en el que se observa cierta estabilidad y con expectativas de recuperación durante el segundo semestre. Agrega que los datos coyunturales en la punta son satisfactorios, tanto porque las cifras reales muestran signos positivos, como porque se consolida una consistente mejora en las expectativas, que fue identificada en su momento como una de las principales causas de la contracción de la actividad entre los meses de octubre y abril. Sin embargo, en su opinión, estas cifras deben ser tomadas con cautela y habrá que esperar cifras futuras para confirmar si se está frente a un quiebre en la tendencia. Indica que algo similar ocurre en el escenario internacional, donde las cifras también comienzan a dar cuenta de un cambio en las expectativas y de una incipiente recuperación o estabilización de las economías. El Consejero añade que los precios de los activos por varias semanas son coherentes con lo señalado. Por el lado de la inflación, el Consejero señor Claro sostiene que los datos del mes de julio sorprendieron nuevamente a la baja, lo que confirma las presiones, en especial, en el corto plazo. A mediano plazo, en tanto, las diferentes medidas de expectativas de inflación — con mucha amplitud entre ellas— dan cuenta de un panorama de estabilidad en torno a 3% en un horizonte de dos años El señor Sebastián Claro plantea que el mercado financiero doméstico funciona adecuadamente y que la principal inquietud que motivó la implementación de la Facilidad de Liquidez a Plazo (FLAP), que eran los altos spreads en las tasas de corto plazo, se han corregido. Afirma que las tasas de los papeles del Banco Central y las tasas de captación de la banca, especialmente en el tramo corto, han tenido caídas sustanciales, mientras que las tasas de largo plazo, tanto en pesos como en UF, continúan en niveles bastante bajos y no se observan comportamientos anómalos en el mercado de renta fija. En relación con el tipo de cambio, señala que este se ha mantenido relativamente estable en el periodo, en niveles que razonablemente podrían ser calificados como de equilibrio. En este sentido, el señor Consejero considera que la principal novedad es que el panorama tiende a estabilizarse en niveles similares a los esperados y consistentes con el impulso monetario actual. A juicio del Consejero señor Claro, la principal señal que se debe entregar es de tranquilidad y normalidad, y que, dada la alta incertidumbre, es importante recalcar el mensaje que las tasas se mantendrán bajas por un tiempo prolongado. En razón de lo expuesto, el señor Sebastián Claro vota por mantener la TPM en 50 puntos base y mantener la FLAP en sus condiciones actuales. Finalmente, el Consejero señor Sebastián Claro hace presente que existe un tema sobre el cual desea llamar la atención por la alta incertidumbre que involucra: la evolución de los commodities, en particular del petróleo y el cobre. Según el señor Claro, sus niveles dan cuenta de una demanda mundial activa, lo que plantea varias inquietudes respecto de su evolución en el futuro, una vez que la actividad mundial retome una senda más fuerte, tanto por su impacto inflacionario directo como por su impacto cambiarlo. A continuación, es el turno del Consejero señor Enrique Marshall, quien comienza su exposición agradeciendo al staff por el apoyo brindado.",Votación y fundamentos de la decisión de política monetaria,decision_tpm,votación tpm,decision_tpm,NO,NO,NO,Rol según lista de asistencia: Consejero,RPM-2009-08-13:2685:1,1,XLSX_ORIGINAL,NO,NO,RPM-2009-08-13:2685:B1,SIN_ALERTAS_AUTOMATICAS,,RPM-2009-08-13:T67,INICIO_EXPLICITO,,RPM-2009-08-13:2685:1
2685,ESTRUCTURAL,ed325da268fbcfefc2a16b5313ab78d759fb444086753baa93cba09b74d52d19,Antes,3893,RPM-2009-08-13,2009-08-13 00:00:00,Sebastián Claro Edwards,Enrique Marshall Rivera,SI,Consejero,Consejero,NO,,Consejero,LISTA_ASISTENCIA,,SUJETO_NOMBRE,19,"El señor Marshall indica que las noticias del último mes han configurado un panorama algo más favorable que el visualizado en la última Reunión. En el frente externo, las cifras de actividad comienzan a entregar señales de estabilización, mientras las perspectivas de crecimiento se revisan marginalmente al alza. Los mercados financieros denotan una mayor confianza por parte de los inversionistas, lo que se traduce en movimientos alcistas en las bolsas y en una reducción de las primas de riesgo. Los precios de los recursos naturales vuelven a subir como resultado de mejores perspectivas en adelante, y el del cobre lo hace con particular intensidad, alcanzando niveles bastante elevados. Sin embargo, a juicio del Consejero señor Marshall, la economía mundial sigue en una condición de debilidad y deterioro, que no ha cambiado sustancialmente, ya que persisten problemas no resueltos y los riesgos, si bien se han acotado, siguen siendo más bien altos. En el frente interno, señala que las noticias del último mes también han sido alentadoras, sin perjuicio de reconocer que las condiciones generales continúan marcadas por la fuerte contracción de la demanda que se desencadenó a partir del cuarto trimestre del año pasado. En cuanto a las tasas de interés, el señor Enrique Marshall manifiesta que estas han bajado respecto de los altos niveles alcanzados a fines del año pasado, pero que, en su opinión, la política monetaria parece haber encontrado algunos escollos o trabas para ejercer todo el estimulo requerido en estas circunstancias: en primer término, porque el riesgo de crédito percibido por los bancos, determinado por consideraciones de corto más que de mediano o largo plazo, ha puesto limitaciones al descenso de las tasas activas; en segundo lugar, porque en algunos segmentos, como el de los créditos de consumo, las tasas activas están afectadas por costos o márgenes de intermediación altos y, además, se han mostrado insensibles a la política monetaria; y, por último, porque la demanda de crédito, especialmente de parte de los hogares, sigue muy contenida por factores de confianza y expectativas. Al continuar con su votación, el señor Marshall se refiere a las cifras recientes de demanda y actividad, que han sido en general auspiciosas, mencionando que el último IMACEC, si bien dio cuenta de una significativa caída en doce meses, mostró un repunte no despreciable del mes anterior y que, luego, vahos indicadores de demanda han entregado señales, algunas todavía incipientes, de cambio de tendencia y recuperación. Con ello, las perspectivas de una mejora en el segundo semestre se han reafirmado, lo que sigue sustentado principalmente en la evolución de los índices de confianza, en las políticas expansivas en curso y en la gradual recuperación de la economía mundial. Congruente con lo anterior, expresa que las proyecciones del sector privado para este año se han estabilizado, después de muchos meses en que mostraron ajustes a la baja, y que. con todo, la trayectoria de la actividad en la primera parte del año llevaría, en el escenario más probable, a un crecimiento anual por debajo del rango proyectado en el último IPoM. El Consejero señor Marshall añade que si bien el mercado laboral está reflejando las condiciones del ciclo, las remuneraciones se están ajustando con bastante lentitud. En relación con la inflación, el señor Consejero afirma que ella ha seguido descendiendo, incluso con mayor rapidez e intensidad que lo esperado, y que lo mismo se puede decir de la inflación subyacente. En los próximos meses, la inflación anual entraría transitoriamente en territorio negativo y, en el escenario más probable, cerraría el año con una variación levemente por debajo de cero, panorama de corto plazo que, por lo demás, es compartido por el mercado. Sobre la evolución de la inflación más allá de ese horizonte, señala que persiste algún grado de incertidumbre y que las visiones no son completamente coincidentes. En resumen, en opiruon del señor Enrique Marshall, el cuadro macro ha evolucionado bastante en línea con lo anticipado y, por lo mismo, sigue requiriendo de un fuerte estímulo monetario . Agrega que las acciones de política adoptadas en la última Reunión se han validado y lo que corresponde en esta oportunidad es reafirmarlas , lo que comprende tanto la decisión para la TPM como las acciones complementarias. El señor Consejero no descarta la posibilidad de introducir nuevas medidas, especialmente si apuntan a perfeccionar o ampliar las ya implementadas, y que en esa línea estaria, por ejemplo, la extensión hasta un año del plazo para las operaciones que se efectúan en el marco de la FLAP. Sin embargo, manifiesta que se inclina por no innovar en esta Reunión. Considera que, en lo fundamental, se han desplegado las acciones requeridas para un escenario como el que se está enfrentando y que, por lo demás, los efectos perseguidos con las medidas adoptadas se están materializando. Agrega que también le parece conveniente contar con una adecuada evaluación sobre los efectos de las medidas actualmente en aplicación, antes de introducir ajustes o cambios, pero que ello supone necesariamente cierta perspectiva tempora l. En opinión del Consejero señor Marshall, la consideración y evaluación de nuevas medidas deberia darse conjuntamente con la revisión del escenario base, a partir de un nuevo ejercicio de proyecciones, lo que ocurrirá con motivo de la preparación del próximo ¡PoMo En estos momentos, plantea, el principal desafío es lograr un adecuado traspaso de las nuevas condiciones monetarias a los clientes. Parte de la tarea ha sido hecha, como lo demuestran las cifras, pero queda otra parte por hacer. Para que este proceso continúe, indica que es clave generar condiciones para que los riesgos y las incertidumbres percibidos por los bancos disminuyan. Al respecto, las medidas contenidas en la Iniciativa Pro Crédito anunciada por el Ministerio de Hacienda en marzo pasado hicieron una valiosa contribución en ese sentido. El señor Marshall estima que en el cuadro que se enfrenta , mucho ayudaría si el nesgo de crédito de las nuevas operaciones es evaluado con el correcto horizonte temporal, que. por cierto, va más allá del muy corto plazo, y que también parece importante reducir la preocupación por cambios normativos o de reglas de juego que podrían tener impacto sobre los márgenes de intermediación y los resultados durante esta fase del ciclo. En suma, el Consejero señor Enrique Marshall vota por mantener la TPM en su actual nivel de 0,50%, junto con reafirmar las acciones de política adoptadas en la última reunión.",Votación y fundamentos de la decisión de política monetaria,decision_tpm,votación tpm,decision_tpm,NO,NO,NO,Rol según lista de asistencia: Consejero,RPM-2009-08-13:2685:2,2,XLSX_ORIGINAL,NO,NO,RPM-2009-08-13:2685:B2,SIN_ALERTAS_AUTOMATICAS,,RPM-2009-08-13:T68,INICIO_EXPLICITO,,RPM-2009-08-13:2685:2
2685,ESTRUCTURAL,ed325da268fbcfefc2a16b5313ab78d759fb444086753baa93cba09b74d52d19,Despues,3894,RPM-2009-08-13,2009-08-13 00:00:00,Sebastián Claro Edwards,Sebastián Claro Edwards,NO,Consejero,Consejero,NO,,Consejero,LISTA_ASISTENCIA,,SUJETO_ROL_NOMBRE,19,"El Consejero señor Sebastián Claro señala que los datos recientes van conformando, a grandes rasgos, un perfil de actividad en el que se observa cierta estabilidad y con expectativas de recuperación durante el segundo semestre. Agrega que los datos coyunturales en la punta son satisfactorios, tanto porque las cifras reales muestran signos positivos, como porque se consolida una consistente mejora en las expectativas, que fue identificada en su momento como una de las principales causas de la contracción de la actividad entre los meses de octubre y abril. Sin embargo, en su opinión, estas cifras deben ser tomadas con cautela y habrá que esperar cifras futuras para confirmar si se está frente a un quiebre en la tendencia. Indica que algo similar ocurre en el escenario internacional, donde las cifras también comienzan a dar cuenta de un cambio en las expectativas y de una incipiente recuperación o estabilización de las economías. El Consejero añade que los precios de los activos por varias semanas son coherentes con lo señalado. Por el lado de la inflación, el Consejero señor Claro sostiene que los datos del mes de julio sorprendieron nuevamente a la baja, lo que confirma las presiones, en especial, en el corto plazo. A mediano plazo, en tanto, las diferentes medidas de expectativas de inflación — con mucha amplitud entre ellas— dan cuenta de un panorama de estabilidad en torno a 3% en un horizonte de dos años El señor Sebastián Claro plantea que el mercado financiero doméstico funciona adecuadamente y que la principal inquietud que motivó la implementación de la Facilidad de Liquidez a Plazo (FLAP), que eran los altos spreads en las tasas de corto plazo, se han corregido. Afirma que las tasas de los papeles del Banco Central y las tasas de captación de la banca, especialmente en el tramo corto, han tenido caídas sustanciales, mientras que las tasas de largo plazo, tanto en pesos como en UF, continúan en niveles bastante bajos y no se observan comportamientos anómalos en el mercado de renta fija. En relación con el tipo de cambio, señala que este se ha mantenido relativamente estable en el periodo, en niveles que razonablemente podrían ser calificados como de equilibrio. En este sentido, el señor Consejero considera que la principal novedad es que el panorama tiende a estabilizarse en niveles similares a los esperados y consistentes con el impulso monetario actual. A juicio del Consejero señor Claro, la principal señal que se debe entregar es de tranquilidad y normalidad, y que, dada la alta incertidumbre, es importante recalcar el mensaje que las tasas se mantendrán bajas por un tiempo prolongado. En razón de lo expuesto, el señor Sebastián Claro vota por mantener la TPM en 50 puntos base y mantener la FLAP en sus condiciones actuales. Finalmente, el Consejero señor Sebastián Claro hace presente que existe un tema sobre el cual desea llamar la atención por la alta incertidumbre que involucra: la evolución de los commodities, en particular del petróleo y el cobre. Según el señor Claro, sus niveles dan cuenta de una demanda mundial activa, lo que plantea varias inquietudes respecto de su evolución en el futuro, una vez que la actividad mundial retome una senda más fuerte, tanto por su impacto inflacionario directo como por su impacto cambiarlo.",Votación y fundamentos de la decisión de política monetaria,decision_tpm,votación tpm,decision_tpm,NO,NO,NO,Rol según lista de asistencia: Consejero,RPM-2009-08-13:2685:1,1,XLSX_ORIGINAL,NO,NO,RPM-2009-08-13:2685:B1,SIN_ALERTAS_AUTOMATICAS,,RPM-2009-08-13:T67,INICIO_EXPLICITO,,RPM-2009-08-13:2685:1
2685,ESTRUCTURAL,ed325da268fbcfefc2a16b5313ab78d759fb444086753baa93cba09b74d52d19,Despues,3895,RPM-2009-08-13,2009-08-13 00:00:00,Sebastián Claro Edwards,Enrique Marshall Rivera,SI,Consejero,Consejero,NO,,Consejero,LISTA_ASISTENCIA,,CONTEXTO_REVISADO,19,"A continuación, es el turno del Consejero señor Enrique Marshall, quien comienza su exposición agradeciendo al staff por el apoyo brindado.",Votación y fundamentos de la decisión de política monetaria,decision_tpm,votación tpm,decision_tpm,NO,SI,NO,Hablante por contexto documentado: HAB-20260908-L23-2685-3301 (data/curation/revisiones_hablantes.json; no cotejo PDF); Rol según lista de asistencia: Consejero,RPM-2009-08-13:2685:2,2,XLSX_ORIGINAL,NO,NO,RPM-2009-08-13:2685:B2,PENDIENTE_REVISION,DUPLICADO_NO_FORMULA,RPM-2009-08-13:T68,SIN_CONTINUIDAD_CONFIRMADA,,
2685,ESTRUCTURAL,ed325da268fbcfefc2a16b5313ab78d759fb444086753baa93cba09b74d52d19,Despues,3896,RPM-2009-08-13,2009-08-13 00:00:00,Sebastián Claro Edwards,Enrique Marshall Rivera,SI,Consejero,Consejero,NO,,Consejero,LISTA_ASISTENCIA,,SUJETO_NOMBRE,19,"El señor Marshall indica que las noticias del último mes han configurado un panorama algo más favorable que el visualizado en la última Reunión. En el frente externo, las cifras de actividad comienzan a entregar señales de estabilización, mientras las perspectivas de crecimiento se revisan marginalmente al alza. Los mercados financieros denotan una mayor confianza por parte de los inversionistas, lo que se traduce en movimientos alcistas en las bolsas y en una reducción de las primas de riesgo. Los precios de los recursos naturales vuelven a subir como resultado de mejores perspectivas en adelante, y el del cobre lo hace con particular intensidad, alcanzando niveles bastante elevados. Sin embargo, a juicio del Consejero señor Marshall, la economía mundial sigue en una condición de debilidad y deterioro, que no ha cambiado sustancialmente, ya que persisten problemas no resueltos y los riesgos, si bien se han acotado, siguen siendo más bien altos. En el frente interno, señala que las noticias del último mes también han sido alentadoras, sin perjuicio de reconocer que las condiciones generales continúan marcadas por la fuerte contracción de la demanda que se desencadenó a partir del cuarto trimestre del año pasado. En cuanto a las tasas de interés, el señor Enrique Marshall manifiesta que estas han bajado respecto de los altos niveles alcanzados a fines del año pasado, pero que, en su opinión, la política monetaria parece haber encontrado algunos escollos o trabas para ejercer todo el estimulo requerido en estas circunstancias: en primer término, porque el riesgo de crédito percibido por los bancos, determinado por consideraciones de corto más que de mediano o largo plazo, ha puesto limitaciones al descenso de las tasas activas; en segundo lugar, porque en algunos segmentos, como el de los créditos de consumo, las tasas activas están afectadas por costos o márgenes de intermediación altos y, además, se han mostrado insensibles a la política monetaria; y, por último, porque la demanda de crédito, especialmente de parte de los hogares, sigue muy contenida por factores de confianza y expectativas. Al continuar con su votación, el señor Marshall se refiere a las cifras recientes de demanda y actividad, que han sido en general auspiciosas, mencionando que el último IMACEC, si bien dio cuenta de una significativa caída en doce meses, mostró un repunte no despreciable del mes anterior y que, luego, vahos indicadores de demanda han entregado señales, algunas todavía incipientes, de cambio de tendencia y recuperación. Con ello, las perspectivas de una mejora en el segundo semestre se han reafirmado, lo que sigue sustentado principalmente en la evolución de los índices de confianza, en las políticas expansivas en curso y en la gradual recuperación de la economía mundial. Congruente con lo anterior, expresa que las proyecciones del sector privado para este año se han estabilizado, después de muchos meses en que mostraron ajustes a la baja, y que. con todo, la trayectoria de la actividad en la primera parte del año llevaría, en el escenario más probable, a un crecimiento anual por debajo del rango proyectado en el último IPoM. El Consejero señor Marshall añade que si bien el mercado laboral está reflejando las condiciones del ciclo, las remuneraciones se están ajustando con bastante lentitud. En relación con la inflación, el señor Consejero afirma que ella ha seguido descendiendo, incluso con mayor rapidez e intensidad que lo esperado, y que lo mismo se puede decir de la inflación subyacente. En los próximos meses, la inflación anual entraría transitoriamente en territorio negativo y, en el escenario más probable, cerraría el año con una variación levemente por debajo de cero, panorama de corto plazo que, por lo demás, es compartido por el mercado. Sobre la evolución de la inflación más allá de ese horizonte, señala que persiste algún grado de incertidumbre y que las visiones no son completamente coincidentes. En resumen, en opiruon del señor Enrique Marshall, el cuadro macro ha evolucionado bastante en línea con lo anticipado y, por lo mismo, sigue requiriendo de un fuerte estímulo monetario . Agrega que las acciones de política adoptadas en la última Reunión se han validado y lo que corresponde en esta oportunidad es reafirmarlas , lo que comprende tanto la decisión para la TPM como las acciones complementarias. El señor Consejero no descarta la posibilidad de introducir nuevas medidas, especialmente si apuntan a perfeccionar o ampliar las ya implementadas, y que en esa línea estaria, por ejemplo, la extensión hasta un año del plazo para las operaciones que se efectúan en el marco de la FLAP. Sin embargo, manifiesta que se inclina por no innovar en esta Reunión. Considera que, en lo fundamental, se han desplegado las acciones requeridas para un escenario como el que se está enfrentando y que, por lo demás, los efectos perseguidos con las medidas adoptadas se están materializando. Agrega que también le parece conveniente contar con una adecuada evaluación sobre los efectos de las medidas actualmente en aplicación, antes de introducir ajustes o cambios, pero que ello supone necesariamente cierta perspectiva tempora l. En opinión del Consejero señor Marshall, la consideración y evaluación de nuevas medidas deberia darse conjuntamente con la revisión del escenario base, a partir de un nuevo ejercicio de proyecciones, lo que ocurrirá con motivo de la preparación del próximo ¡PoMo En estos momentos, plantea, el principal desafío es lograr un adecuado traspaso de las nuevas condiciones monetarias a los clientes. Parte de la tarea ha sido hecha, como lo demuestran las cifras, pero queda otra parte por hacer. Para que este proceso continúe, indica que es clave generar condiciones para que los riesgos y las incertidumbres percibidos por los bancos disminuyan. Al respecto, las medidas contenidas en la Iniciativa Pro Crédito anunciada por el Ministerio de Hacienda en marzo pasado hicieron una valiosa contribución en ese sentido. El señor Marshall estima que en el cuadro que se enfrenta , mucho ayudaría si el nesgo de crédito de las nuevas operaciones es evaluado con el correcto horizonte temporal, que. por cierto, va más allá del muy corto plazo, y que también parece importante reducir la preocupación por cambios normativos o de reglas de juego que podrían tener impacto sobre los márgenes de intermediación y los resultados durante esta fase del ciclo. En suma, el Consejero señor Enrique Marshall vota por mantener la TPM en su actual nivel de 0,50%, junto con reafirmar las acciones de política adoptadas en la última reunión.",Votación y fundamentos de la decisión de política monetaria,decision_tpm,votación tpm,decision_tpm,NO,NO,NO,Rol según lista de asistencia: Consejero,RPM-2009-08-13:2685:3,3,XLSX_ORIGINAL,NO,NO,RPM-2009-08-13:2685:B3,SIN_ALERTAS_AUTOMATICAS,,RPM-2009-08-13:T69,INICIO_EXPLICITO,,RPM-2009-08-13:2685:3
2704,ESTRUCTURAL,1b67ddf55051af63a23c5ac9d1b0bcdab007b6a164bd979c55e116b2ca631ff9,Antes,3942,RPM-2009-09-08,2009-09-08 00:00:00,Beltrán de Ramón Acevedo,Beltrán de Ramón Acevedo,NO,Gerente de División Operaciones Financieras,Gerente de División Operaciones Financieras,NO,,Gerente de División Operaciones Financieras,LISTA_ASISTENCIA,,SUJETO_ROL_NOMBRE,12,"El Gerente de División de Operaciones Financieras, señor Beltrán de Ramón, sostiene que se podría concluir que spreads más pequeños con colocaciones estancadas obedecen a un problema de demanda, lo que no es tan así, porque los bancos podrían establecer otras restricciones distintas al spread. De hecho, podrían estar fuera de ese spread, que ha estado cayendo en todos los sectores que son riesgosos, como la construcción, por ejemplo. Agrega tener antecedentes de que, en realidad, los bancos han puesto muchas más restricciones para otorgar líneas de crédito, más dificultades para otorgar créditos o solicitan más garantías para las boletas de garantía.",Análisis de actividad económica doméstica y demanda,actividad_interna,actividad interna,actividad_interna,NO,NO,NO,Rol según lista de asistencia: Gerente de División Operaciones Financieras,RPM-2009-09-08:2704:1,1,XLSX_ORIGINAL,NO,NO,RPM-2009-09-08:2704:B1,SIN_ALERTAS_AUTOMATICAS,,RPM-2009-09-08:T44,INICIO_EXPLICITO,,RPM-2009-09-08:2704:1
2704,ESTRUCTURAL,1b67ddf55051af63a23c5ac9d1b0bcdab007b6a164bd979c55e116b2ca631ff9,Antes,3943,RPM-2009-09-08,2009-09-08 00:00:00,Beltrán de Ramón Acevedo,José De Gregorio Rebeco,SI,Gerente de División Operaciones Financieras,Presidente del Banco Central,SI,,Presidente del Banco Central,LISTA_ASISTENCIA,,CONTEXTO_REVISADO,12,"Es decir, no es problema de demanda, consulta el señor Presidente,",Análisis de actividad económica doméstica y demanda,actividad_interna,actividad interna,actividad_interna,NO,NO,NO,Hablante por contexto documentado: HAB-20260907-2704 (data/curation/revisiones_hablantes.json; no cotejo PDF); Rol según lista de asistencia: Presidente del Banco Central,RPM-2009-09-08:2704:2,2,XLSX_ORIGINAL,NO,NO,RPM-2009-09-08:2704:B2,PENDIENTE_REVISION,FINAL_SIN_PUNTUACION,RPM-2009-09-08:T45,SIN_CONTINUIDAD_CONFIRMADA,,
2704,ESTRUCTURAL,1b67ddf55051af63a23c5ac9d1b0bcdab007b6a164bd979c55e116b2ca631ff9,Antes,3944,RPM-2009-09-08,2009-09-08 00:00:00,Beltrán de Ramón Acevedo,Beltrán de Ramón Acevedo,NO,Gerente de División Operaciones Financieras,Gerente de División Operaciones Financieras,NO,,Gerente de División Operaciones Financieras,LISTA_ASISTENCIA,,SUJETO_NOMBRE,12,"a lo cual el señor de Ramón manifiesta que no se puede concluir, necesariamente, que spreads más bajos y colocaciones estancadas sea un problema de demanda. Podría ser que subsistan los problemas de oferta de los bancos, que solamente han abierto líneas a algunos sectores.",Análisis de actividad económica doméstica y demanda,actividad_interna,actividad interna,actividad_interna,NO,NO,NO,Rol según lista de asistencia: Gerente de División Operaciones Financieras,RPM-2009-09-08:2704:3,3,XLSX_ORIGINAL,NO,NO,RPM-2009-09-08:2704:B3,SIN_ALERTAS_AUTOMATICAS,,RPM-2009-09-08:T46,INICIO_EXPLICITO,,RPM-2009-09-08:2704:3
2704,ESTRUCTURAL,1b67ddf55051af63a23c5ac9d1b0bcdab007b6a164bd979c55e116b2ca631ff9,Antes,3945,RPM-2009-09-08,2009-09-08 00:00:00,Beltrán de Ramón Acevedo,Enrique Marshall Rivera,SI,Gerente de División Operaciones Financieras,Consejero,SI,,Consejero,LISTA_ASISTENCIA,,SUJETO_ROL_NOMBRE,12,"El Consejero señor Marshall aclara que la Superintendencia de Bancos entregó una cifra hace un par de semanas que mostraba un cierta estabilización en el margen, lo cual es confirmado por el señor Claudio Soto.",Análisis de actividad económica doméstica y demanda,actividad_interna,actividad interna,actividad_interna,NO,NO,NO,Rol según lista de asistencia: Consejero,RPM-2009-09-08:2704:4,4,XLSX_ORIGINAL,NO,NO,RPM-2009-09-08:2704:B4,PENDIENTE_REVISION,PASAJES_CONJUNTOS_POR_DELIMITAR,RPM-2009-09-08:T47,INICIO_EXPLICITO,,RPM-2009-09-08:2704:4
2704,ESTRUCTURAL,1b67ddf55051af63a23c5ac9d1b0bcdab007b6a164bd979c55e116b2ca631ff9,Despues,3945,RPM-2009-09-08,2009-09-08 00:00:00,Beltrán de Ramón Acevedo,Beltrán de Ramón Acevedo,NO,Gerente de División Operaciones Financieras,Gerente de División Operaciones Financieras,NO,,Gerente de División Operaciones Financieras,LISTA_ASISTENCIA,,SUJETO_ROL_NOMBRE,12,"El Gerente de División de Operaciones Financieras, señor Beltrán de Ramón, sostiene que se podría concluir que spreads más pequeños con colocaciones estancadas obedecen a un problema de demanda, lo que no es tan así, porque los bancos podrían establecer otras restricciones distintas al spread. De hecho, podrían estar fuera de ese spread, que ha estado cayendo en todos los sectores que son riesgosos, como la construcción, por ejemplo. Agrega tener antecedentes de que, en realidad, los bancos han puesto muchas más restricciones para otorgar líneas de crédito, más dificultades para otorgar créditos o solicitan más garantías para las boletas de garantía.",Análisis de actividad económica doméstica y demanda,actividad_interna,actividad interna,actividad_interna,NO,NO,NO,Rol según lista de asistencia: Gerente de División Operaciones Financieras,RPM-2009-09-08:2704:1,1,XLSX_ORIGINAL,NO,NO,RPM-2009-09-08:2704:B1,SIN_ALERTAS_AUTOMATICAS,,RPM-2009-09-08:T44,INICIO_EXPLICITO,,RPM-2009-09-08:2704:1
2704,ESTRUCTURAL,1b67ddf55051af63a23c5ac9d1b0bcdab007b6a164bd979c55e116b2ca631ff9,Despues,3946,RPM-2009-09-08,2009-09-08 00:00:00,Beltrán de Ramón Acevedo,José De Gregorio Rebeco,SI,Gerente de División Operaciones Financieras,Presidente del Banco Central,SI,,Presidente del Banco Central,LISTA_ASISTENCIA,,CONTEXTO_REVISADO,12,"Es decir, no es problema de demanda, consulta el señor Presidente,",Análisis de actividad económica doméstica y demanda,actividad_interna,actividad interna,actividad_interna,NO,NO,NO,Hablante por contexto documentado: HAB-20260907-2704 (data/curation/revisiones_hablantes.json; no cotejo PDF); Rol según lista de asistencia: Presidente del Banco Central,RPM-2009-09-08:2704:2,2,XLSX_ORIGINAL,NO,NO,RPM-2009-09-08:2704:B2,PENDIENTE_REVISION,FINAL_SIN_PUNTUACION,RPM-2009-09-08:T45,SIN_CONTINUIDAD_CONFIRMADA,,
2704,ESTRUCTURAL,1b67ddf55051af63a23c5ac9d1b0bcdab007b6a164bd979c55e116b2ca631ff9,Despues,3947,RPM-2009-09-08,2009-09-08 00:00:00,Beltrán de Ramón Acevedo,Beltrán de Ramón Acevedo,NO,Gerente de División Operaciones Financieras,Gerente de División Operaciones Financieras,NO,,Gerente de División Operaciones Financieras,LISTA_ASISTENCIA,,SUJETO_NOMBRE,12,"a lo cual el señor de Ramón manifiesta que no se puede concluir, necesariamente, que spreads más bajos y colocaciones estancadas sea un problema de demanda. Podría ser que subsistan los problemas de oferta de los bancos, que solamente han abierto líneas a algunos sectores.",Análisis de actividad económica doméstica y demanda,actividad_interna,actividad interna,actividad_interna,NO,NO,NO,Rol según lista de asistencia: Gerente de División Operaciones Financieras,RPM-2009-09-08:2704:3,3,XLSX_ORIGINAL,NO,NO,RPM-2009-09-08:2704:B3,SIN_ALERTAS_AUTOMATICAS,,RPM-2009-09-08:T46,INICIO_EXPLICITO,,RPM-2009-09-08:2704:3
2704,ESTRUCTURAL,1b67ddf55051af63a23c5ac9d1b0bcdab007b6a164bd979c55e116b2ca631ff9,Despues,3948,RPM-2009-09-08,2009-09-08 00:00:00,Beltrán de Ramón Acevedo,Enrique Marshall Rivera,SI,Gerente de División Operaciones Financieras,Consejero,SI,,Consejero,LISTA_ASISTENCIA,,SUJETO_ROL_NOMBRE,12,"El Consejero señor Marshall aclara que la Superintendencia de Bancos entregó una cifra hace un par de semanas que mostraba un cierta estabilización en el margen,",Análisis de actividad económica doméstica y demanda,actividad_interna,actividad interna,actividad_interna,NO,NO,NO,Rol según lista de asistencia: Consejero,RPM-2009-09-08:2704:4,4,XLSX_ORIGINAL,NO,NO,RPM-2009-09-08:2704:B4,PENDIENTE_REVISION,FINAL_SIN_PUNTUACION,RPM-2009-09-08:T47,INICIO_EXPLICITO,,RPM-2009-09-08:2704:4
2704,ESTRUCTURAL,1b67ddf55051af63a23c5ac9d1b0bcdab007b6a164bd979c55e116b2ca631ff9,Despues,3949,RPM-2009-09-08,2009-09-08 00:00:00,Beltrán de Ramón Acevedo,Claudio Soto Gamboa,SI,Gerente de División Operaciones Financieras,Gerente de Análisis Macroeconómico,SI,,Gerente de Análisis Macroeconómico,LISTA_ASISTENCIA,,CONTEXTO_REVISADO,12,lo cual es confirmado por el señor Claudio Soto.,Análisis de actividad económica doméstica y demanda,actividad_interna,actividad interna,actividad_interna,NO,NO,NO,Hablante por contexto documentado: HAB-20260908-L23-2704-1162 (data/curation/revisiones_hablantes.json; no cotejo PDF); Rol según lista de asistencia: Gerente de Análisis Macroeconómico,RPM-2009-09-08:2704:5,5,XLSX_ORIGINAL,NO,NO,RPM-2009-09-08:2704:B5,SIN_ALERTAS_AUTOMATICAS,,RPM-2009-09-08:T48,SIN_CONTINUIDAD_CONFIRMADA,,
2707,ESTRUCTURAL,bf565a96234d9becf62acfb1bc905c781e8bc86fbacf79e09dc7d5de2e98a3c4,Antes,3954,RPM-2009-09-08,2009-09-08 00:00:00,Sebastián Claro Edwards,Sebastián Claro Edwards,NO,Consejero,Consejero,NO,,Consejero,LISTA_ASISTENCIA,,SUJETO_ROL_NOMBRE,15,"El Consejero señor Sebastián Claro indica que las cifras de actividad van consolidando un escenario de recuperación de la actividad y que, acompañado de una consolidación de mejores expectativas, se presenta un escenario de recuperación a partir del segundo semestre del año que sugiere un quiebre en la tendencia de la actividad. La velocidad de recuperación, en tanto, sigue siendo incierta. Comenta que si bien hay componentes de la demanda interna que comienzan a mostrar dinamismo y que existe espacio para una recuperación dominada por factores internos, estima que la sostenibilidad de esta hacia mediano plazo dependerá fundamentalmente de la evolución de la demanda externa y de la economía internacional, sobre lo cual existe bastante incertidumbre. Menciona que las cifras de inflación estuvieron por debajo de lo esperado internamente, aunque algo más cercanas a las esperadas por el mercado. El último dato, de hecho, está dominado por una caída importante en los precios de la electricidad, lo que es en parte transitorio y no afecta mayormente la tendencia de mediano plazo, mientras que las cifras de subyacentes son similares a las esperadas. Las proyecciones a mediano plazo, por su parte, confirman que la inflación debiera llegar a sus mínimos hacia fines de este año, para luego tener una gradual convergencia hacia el 3% en el año 2011, y distintas medidas de expectativas de inflación a diferentes plazos son coherentes con este diagnóstico. Recuerda que existen varios escenarios de riesgo que son tratados en el IPoM, y destaca, al igual que en la Reunión anterior, una cierta inquietud por la evolución futura del precio de los commodities, que, a pesar de que se han mantenido estables en las últimas semanas, siguen constituyendo un elemento de nesgo. El Consejero señor Claro subraya que la evolución del mercado laboral es particularmente relevante en esta circunstancia. Las cifras de desempleo mostraron cierta estabilidad en su registro mensual, pero, a su juicio, es temprano todavía para establecer un quiebre de tendencia. Por el lado de los salarios, expresa que la rápida caída en la inflación y la indexación salarial han contribuido a un incremento importante en los salarios reales. Dada la debilidad de la actividad y los niveles de desempleo, se debiera comenzar a ver una tendencia a la corrección de estas alzas, mecanismo necesario para tener una recuperación con crecientes niveles de empleo y sin presiones inflacionarias. En su opinión, en el transcurso de los próximos meses se deberá evaluar en detalle la evolución del mercado laboral y los salarios. Respecto de los mercados financieros internos, manifiesta que estos funcionan con normalidad y no se observan anomalías en los mercados monetarios ni en los mercados de renta fija a mayores plazos. Destaca que es especialmente notoria la corrección en las tasas de papeles en pesos y en UF a dos años plazo, con alzas en las tasas nominales y caídas en las tasas reales. Respecto de la aplicación de la FLAP, indica que las tasas de captación a corto plazo se mantienen bajas, coherentes con las perspectivas de la TPM en sus niveles actuales por algunos meses, y que se siguen observando facilidades de liquidez por parte de los bancos bastante superiores al promedio histórico, lo que es coherente con un escenario de mayor percepción de riesgo, mayor liquidez en los portafolios de los bancos y menor provisión de crédito. A su parecer, en la medida que la incertidumbre caiga y se consoliden las mejores perspectivas, tanto las primas por riesgo como los excesos de liquidez de los bancos debieran ir disminuyendo. Con todo, el Consejero señor Sebastián Claro estima que la situación no es muy distinta de la prevista, que las tendencias que se consolidan son las esperadas y que sigue siendo necesario mantener el estimulo monetario actual, razón por la cual vota por mantener la tasa en su nivel actual y por mantener la facilidad FLAP en sus condiciones actuales. A continuación, es el turno del Consejero señor Enrique Marshall, quien comienza su exposición agradeciendo al staff por el apoyo brindado.",Votación y fundamentos de la decisión de política monetaria,decision_tpm,votación tpm,decision_tpm,NO,NO,NO,Rol según lista de asistencia: Consejero,RPM-2009-09-08:2707:1,1,XLSX_ORIGINAL,NO,NO,RPM-2009-09-08:2707:B1,SIN_ALERTAS_AUTOMATICAS,,RPM-2009-09-08:T56,INICIO_EXPLICITO,,RPM-2009-09-08:2707:1
2707,ESTRUCTURAL,bf565a96234d9becf62acfb1bc905c781e8bc86fbacf79e09dc7d5de2e98a3c4,Despues,3958,RPM-2009-09-08,2009-09-08 00:00:00,Sebastián Claro Edwards,Sebastián Claro Edwards,NO,Consejero,Consejero,NO,,Consejero,LISTA_ASISTENCIA,,SUJETO_ROL_NOMBRE,15,"El Consejero señor Sebastián Claro indica que las cifras de actividad van consolidando un escenario de recuperación de la actividad y que, acompañado de una consolidación de mejores expectativas, se presenta un escenario de recuperación a partir del segundo semestre del año que sugiere un quiebre en la tendencia de la actividad. La velocidad de recuperación, en tanto, sigue siendo incierta. Comenta que si bien hay componentes de la demanda interna que comienzan a mostrar dinamismo y que existe espacio para una recuperación dominada por factores internos, estima que la sostenibilidad de esta hacia mediano plazo dependerá fundamentalmente de la evolución de la demanda externa y de la economía internacional, sobre lo cual existe bastante incertidumbre. Menciona que las cifras de inflación estuvieron por debajo de lo esperado internamente, aunque algo más cercanas a las esperadas por el mercado. El último dato, de hecho, está dominado por una caída importante en los precios de la electricidad, lo que es en parte transitorio y no afecta mayormente la tendencia de mediano plazo, mientras que las cifras de subyacentes son similares a las esperadas. Las proyecciones a mediano plazo, por su parte, confirman que la inflación debiera llegar a sus mínimos hacia fines de este año, para luego tener una gradual convergencia hacia el 3% en el año 2011, y distintas medidas de expectativas de inflación a diferentes plazos son coherentes con este diagnóstico. Recuerda que existen varios escenarios de riesgo que son tratados en el IPoM, y destaca, al igual que en la Reunión anterior, una cierta inquietud por la evolución futura del precio de los commodities, que, a pesar de que se han mantenido estables en las últimas semanas, siguen constituyendo un elemento de nesgo. El Consejero señor Claro subraya que la evolución del mercado laboral es particularmente relevante en esta circunstancia. Las cifras de desempleo mostraron cierta estabilidad en su registro mensual, pero, a su juicio, es temprano todavía para establecer un quiebre de tendencia. Por el lado de los salarios, expresa que la rápida caída en la inflación y la indexación salarial han contribuido a un incremento importante en los salarios reales. Dada la debilidad de la actividad y los niveles de desempleo, se debiera comenzar a ver una tendencia a la corrección de estas alzas, mecanismo necesario para tener una recuperación con crecientes niveles de empleo y sin presiones inflacionarias. En su opinión, en el transcurso de los próximos meses se deberá evaluar en detalle la evolución del mercado laboral y los salarios. Respecto de los mercados financieros internos, manifiesta que estos funcionan con normalidad y no se observan anomalías en los mercados monetarios ni en los mercados de renta fija a mayores plazos. Destaca que es especialmente notoria la corrección en las tasas de papeles en pesos y en UF a dos años plazo, con alzas en las tasas nominales y caídas en las tasas reales. Respecto de la aplicación de la FLAP, indica que las tasas de captación a corto plazo se mantienen bajas, coherentes con las perspectivas de la TPM en sus niveles actuales por algunos meses, y que se siguen observando facilidades de liquidez por parte de los bancos bastante superiores al promedio histórico, lo que es coherente con un escenario de mayor percepción de riesgo, mayor liquidez en los portafolios de los bancos y menor provisión de crédito. A su parecer, en la medida que la incertidumbre caiga y se consoliden las mejores perspectivas, tanto las primas por riesgo como los excesos de liquidez de los bancos debieran ir disminuyendo. Con todo, el Consejero señor Sebastián Claro estima que la situación no es muy distinta de la prevista, que las tendencias que se consolidan son las esperadas y que sigue siendo necesario mantener el estimulo monetario actual, razón por la cual vota por mantener la tasa en su nivel actual y por mantener la facilidad FLAP en sus condiciones actuales.",Votación y fundamentos de la decisión de política monetaria,decision_tpm,votación tpm,decision_tpm,NO,NO,NO,Rol según lista de asistencia: Consejero,RPM-2009-09-08:2707:1,1,XLSX_ORIGINAL,NO,NO,RPM-2009-09-08:2707:B1,SIN_ALERTAS_AUTOMATICAS,,RPM-2009-09-08:T57,INICIO_EXPLICITO,,RPM-2009-09-08:2707:1
2707,ESTRUCTURAL,bf565a96234d9becf62acfb1bc905c781e8bc86fbacf79e09dc7d5de2e98a3c4,Despues,3959,RPM-2009-09-08,2009-09-08 00:00:00,Sebastián Claro Edwards,Enrique Marshall Rivera,SI,Consejero,Consejero,NO,,Consejero,LISTA_ASISTENCIA,,CONTEXTO_REVISADO,15,"A continuación, es el turno del Consejero señor Enrique Marshall, quien comienza su exposición agradeciendo al staff por el apoyo brindado.",Votación y fundamentos de la decisión de política monetaria,decision_tpm,votación tpm,decision_tpm,NO,SI,NO,Hablante por contexto documentado: HAB-20260908-L23-2707-3974 (data/curation/revisiones_hablantes.json; no cotejo PDF); Rol según lista de asistencia: Consejero,RPM-2009-09-08:2707:2,2,XLSX_ORIGINAL,NO,NO,RPM-2009-09-08:2707:B2,PENDIENTE_REVISION,DUPLICADO_NO_FORMULA,RPM-2009-09-08:T58,SIN_CONTINUIDAD_CONFIRMADA,,
2708,CONTINUIDAD_REVISADA,301b800fc275f537511e12bfb559984ce429a3cac175f04459298938d30b6e55,Antes,3955,RPM-2009-09-08,2009-09-08 00:00:00,Enrique Marshall Rivera,Enrique Marshall Rivera,NO,Consejero,Consejero,NO,,Consejero,LISTA_ASISTENCIA,,SUJETO_NOMBRE,16,"El señor Enrique Marshall señala que se llega a esta Reunión al finalizar el proceso de elaboración de un nuevo IPoM, por lo que se cuenta con un análisis más completo y con proyecciones más afinadas que las habituales. En el frente externo, menciona que las noticias del último mes reafirman la visión de que se ha entrado en una fase de estabilización, por lo que la atención comienza a desplazarse gradualmente hacia temas relacionados con la salida de este cuadro y, sobre todo, con los riesgos que se visualizan en adelante. Los mercados de valores, de crédito y materias primas, continúa, han consolidado la recuperación observada en el curso de este año, pero se muestran propensos a correcciones, debido a la incertidumbre prevaleciente. En esa perspectiva, un factor de riesgo para los mercados es el impacto que tendrá la normalización monetaria sobre los mercados financieros y cambiarlos, en tanto que otro factor que despierta dudas es el vigor y la sustentabilidad de la recuperación en el mediano plazo. A ello se agrega la preocupación por el estado de salud de los sistemas financieros en los países desarrollados, ya que los bancos o, por lo menos, una fracción importante de ellos, siguen enfrentando un alto estrés por el deterioro de sus activos, principalmente como resultado de la recesión económica. En el frente interno, plantea que los datos muestran un cuadro bastante más promisorio que el de la primera parte del año. En el mercado de crédito bancario, las tasas de interés se han seguido ajustando marginalmente, lo que sugiere que existiría espacio para nuevos recortes y que estos se materializarán a medida que la confianza de los agentes económicos y financieros se vaya afirmando. Los agregados de crédito, por su parte, que han exhibido un marcado debilitamiento en los últimos meses como resultado de factores tanto de oferta como de demanda, entregan incipientes señales de estabilización. No obstante lo anterior, en su opinión, la banca sigue sometida a cierto grado de tensión o estrés, que se refleja en sus cuentas de resultados. En lo que va del año, precisa que los bancos han constituido provisiones de cartera por una suma equivalente a US$1.600 millones, lo que equivale a una inyección o más bien a una reposición del patrimonio económico del orden de 12% respecto de su actual nivel. En lo que se refiere al mercado bancario, el señor Consejero estima que el principal desafio es mantener abierto y fluido el canal de crédito, subrayando que ello es particularmente crítico para la fase de recuperación de este ciclo. Luego, el señor Enrique Marshall hace presente que las últimas cifras de demanda y actividad reafirman que la economía se habría estabilizado y auguran una recuperación en adelante. Comenta que el IMACEC de julio volvió a mostrar una variación mensual positiva, ajustado por estacionalidad, y que el cambio de tendencia se ve confirmado por varios indicadores sectoriales, tanto de demanda como de producción. En su opinión, las perspectivas de una recuperación de la actividad en el segundo semestre encuentran sustento en la evolución de los índices de confianza, en las políticas expansivas en curso y en la gradual recuperación de la economía mundial. En cuanto al mercado laboral, el señor Consejero indica que ha reflejado la evolución cíclica de la actividad con algún rezago. En lo más reciente, ha entregado señales incipientes de estabilización o, por lo menos, indicaciones de que su deterioro sería finalmente algo menor que el anticipado con anterioridad, lo que también se estaría observando en otras regiones del mundo. Por su parte, las remuneraciones nominales, siguiendo patrones habituales, se han ajustado con relativa lentitud y, por el momento, se han mostrado poco sensibles a las condiciones del mercado laboral. Al respecto, sugiere que este sea monitoreado con atención en adelante. La inflación anual, prosigue, ha vuelto a descender, alcanzando un inusual registro negativo, y permanecerá transitoriamente en territorio negativo en los próximos meses. Las medidas de inflación subyacente también se han reducido. Considera que este panorama de corto plazo, compartido por el mercado, responde, en parte, a la contracción de la demanda, pero también a ciertos ajustes de precios observados tanto en los mercados internacionales como en los mercados internos. Por ello, advierte que los registros de inflación de corto plazo deben ser leídos con cuidado. Sobre la evolución de la inflación más allá de ese horizonte, el señor Marshall manifiesta que persiste algún grado de incertidumbre, pero que las tendencias en materia de actividad apoyan la visión de una convergencia a la meta en el mediano plazo. El riesgo de que la inflación se quede abajo por un tiempo prolongado sigue vigente, pero se ha acotado o reducido en lo más reciente. Dado lo anterior, la evolución del cuadro macro resulta, en general, bastante en linea con lo anticipado, por lo que la política de mantener un fuerte estímulo monetario por tiempo prolongado se ve reafirmada. En su opinión, mientras la confianza de los agentes económicos permanezca deteriorada y los flujos de créditos muestren debilidad, se debe proceder con prudencia. Por lo tanto, en esta oportunidad plantea que la opción que surge con claridad es la de no innovar. Asimismo, descarta completamente la opción de introducir nuevas medidas complementarias o de ampliar las existentes, ya que no las considera necesarias. A su juicio, si estas se hicieran efectivas, sorprenderían al mercado, lo que podría tener altos costos. A medida que las expectativas mejoren, añade, el estimulo asociado al actual nivel de la TPM se hará sentir con creciente intensidad sobre la demanda y la actividad y, con ello, se lograrán los efectos buscado por la política monetaria. En resumen, el Consejero señor Enrique Marshall expresa que, habida consideración de que en estas circunstancias corresponde perseverar con las políticas en curso, vota por mantener la TPM en su actual nivel de 0,50% y, junto con ello, por no innovar en materia de acciones complementarias.",Votación y fundamentos de la decisión de política monetaria,decision_tpm,votación tpm,decision_tpm,NO,NO,NO,Rol según lista de asistencia: Consejero,RPM-2009-09-08:2708:1,1,XLSX_ORIGINAL,NO,NO,RPM-2009-09-08:2708:B1,SIN_ALERTAS_AUTOMATICAS,,RPM-2009-09-08:T57,INICIO_EXPLICITO,,RPM-2009-09-08:2708:1
2708,CONTINUIDAD_REVISADA,301b800fc275f537511e12bfb559984ce429a3cac175f04459298938d30b6e55,Despues,3960,RPM-2009-09-08,2009-09-08 00:00:00,Enrique Marshall Rivera,Enrique Marshall Rivera,NO,Consejero,Consejero,NO,,Consejero,LISTA_ASISTENCIA,,SUJETO_NOMBRE,16,"El señor Enrique Marshall señala que se llega a esta Reunión al finalizar el proceso de elaboración de un nuevo IPoM, por lo que se cuenta con un análisis más completo y con proyecciones más afinadas que las habituales. En el frente externo, menciona que las noticias del último mes reafirman la visión de que se ha entrado en una fase de estabilización, por lo que la atención comienza a desplazarse gradualmente hacia temas relacionados con la salida de este cuadro y, sobre todo, con los riesgos que se visualizan en adelante. Los mercados de valores, de crédito y materias primas, continúa, han consolidado la recuperación observada en el curso de este año, pero se muestran propensos a correcciones, debido a la incertidumbre prevaleciente. En esa perspectiva, un factor de riesgo para los mercados es el impacto que tendrá la normalización monetaria sobre los mercados financieros y cambiarlos, en tanto que otro factor que despierta dudas es el vigor y la sustentabilidad de la recuperación en el mediano plazo. A ello se agrega la preocupación por el estado de salud de los sistemas financieros en los países desarrollados, ya que los bancos o, por lo menos, una fracción importante de ellos, siguen enfrentando un alto estrés por el deterioro de sus activos, principalmente como resultado de la recesión económica. En el frente interno, plantea que los datos muestran un cuadro bastante más promisorio que el de la primera parte del año. En el mercado de crédito bancario, las tasas de interés se han seguido ajustando marginalmente, lo que sugiere que existiría espacio para nuevos recortes y que estos se materializarán a medida que la confianza de los agentes económicos y financieros se vaya afirmando. Los agregados de crédito, por su parte, que han exhibido un marcado debilitamiento en los últimos meses como resultado de factores tanto de oferta como de demanda, entregan incipientes señales de estabilización. No obstante lo anterior, en su opinión, la banca sigue sometida a cierto grado de tensión o estrés, que se refleja en sus cuentas de resultados. En lo que va del año, precisa que los bancos han constituido provisiones de cartera por una suma equivalente a US$1.600 millones, lo que equivale a una inyección o más bien a una reposición del patrimonio económico del orden de 12% respecto de su actual nivel. En lo que se refiere al mercado bancario, el señor Consejero estima que el principal desafio es mantener abierto y fluido el canal de crédito, subrayando que ello es particularmente crítico para la fase de recuperación de este ciclo. Luego, el señor Enrique Marshall hace presente que las últimas cifras de demanda y actividad reafirman que la economía se habría estabilizado y auguran una recuperación en adelante. Comenta que el IMACEC de julio volvió a mostrar una variación mensual positiva, ajustado por estacionalidad, y que el cambio de tendencia se ve confirmado por varios indicadores sectoriales, tanto de demanda como de producción. En su opinión, las perspectivas de una recuperación de la actividad en el segundo semestre encuentran sustento en la evolución de los índices de confianza, en las políticas expansivas en curso y en la gradual recuperación de la economía mundial. En cuanto al mercado laboral, el señor Consejero indica que ha reflejado la evolución cíclica de la actividad con algún rezago. En lo más reciente, ha entregado señales incipientes de estabilización o, por lo menos, indicaciones de que su deterioro sería finalmente algo menor que el anticipado con anterioridad, lo que también se estaría observando en otras regiones del mundo. Por su parte, las remuneraciones nominales, siguiendo patrones habituales, se han ajustado con relativa lentitud y, por el momento, se han mostrado poco sensibles a las condiciones del mercado laboral. Al respecto, sugiere que este sea monitoreado con atención en adelante. La inflación anual, prosigue, ha vuelto a descender, alcanzando un inusual registro negativo, y permanecerá transitoriamente en territorio negativo en los próximos meses. Las medidas de inflación subyacente también se han reducido. Considera que este panorama de corto plazo, compartido por el mercado, responde, en parte, a la contracción de la demanda, pero también a ciertos ajustes de precios observados tanto en los mercados internacionales como en los mercados internos. Por ello, advierte que los registros de inflación de corto plazo deben ser leídos con cuidado. Sobre la evolución de la inflación más allá de ese horizonte, el señor Marshall manifiesta que persiste algún grado de incertidumbre, pero que las tendencias en materia de actividad apoyan la visión de una convergencia a la meta en el mediano plazo. El riesgo de que la inflación se quede abajo por un tiempo prolongado sigue vigente, pero se ha acotado o reducido en lo más reciente. Dado lo anterior, la evolución del cuadro macro resulta, en general, bastante en linea con lo anticipado, por lo que la política de mantener un fuerte estímulo monetario por tiempo prolongado se ve reafirmada. En su opinión, mientras la confianza de los agentes económicos permanezca deteriorada y los flujos de créditos muestren debilidad, se debe proceder con prudencia. Por lo tanto, en esta oportunidad plantea que la opción que surge con claridad es la de no innovar. Asimismo, descarta completamente la opción de introducir nuevas medidas complementarias o de ampliar las existentes, ya que no las considera necesarias. A su juicio, si estas se hicieran efectivas, sorprenderían al mercado, lo que podría tener altos costos. A medida que las expectativas mejoren, añade, el estimulo asociado al actual nivel de la TPM se hará sentir con creciente intensidad sobre la demanda y la actividad y, con ello, se lograrán los efectos buscado por la política monetaria. En resumen, el Consejero señor Enrique Marshall expresa que, habida consideración de que en estas circunstancias corresponde perseverar con las políticas en curso, vota por mantener la TPM en su actual nivel de 0,50% y, junto con ello, por no innovar en materia de acciones complementarias.",Votación y fundamentos de la decisión de política monetaria,decision_tpm,votación tpm,decision_tpm,NO,NO,NO,Rol según lista de asistencia: Consejero,RPM-2009-09-08:2708:1,1,XLSX_ORIGINAL,NO,NO,RPM-2009-09-08:2708:B1,SIN_ALERTAS_AUTOMATICAS,,RPM-2009-09-08:T58,CONTINUIDAD_REVISADA,RPM-2009-09-08:2707:2,RPM-2009-09-08:2708:1
2723,ESTRUCTURAL,6c1656ea79dfc8aadf22e55e2946240537ea41123a38381ac103d4c164474988,Antes,3977,RPM-2009-10-13,2009-10-13 00:00:00,Jorge Desormeaux Jiménez,Jorge Desormeaux Jiménez,NO,Vicepresidente del Banco Central,Vicepresidente del Banco Central,NO,,Vicepresidente del Banco Central,LISTA_ASISTENCIA,,SUJETO_ROL_NOMBRE,4,"El Vicepresidente, señor Jorge Desormeaux, comenta que el trasfondo de ello es que la salida de la crisis no será tan coordinada, por lo que van a producirse cierres de holguras más rápidos en el mundo emergente, a diferencia de las economías desarrolladas en que se centró la crisis, lo cual es confirmado por el señor Lehmann.",Análisis macroeconómico y discusión de política monetaria,debate,discusión monetaria,debate,NO,NO,NO,Rol según lista de asistencia: Vicepresidente del Banco Central,RPM-2009-10-13:2723:1,1,XLSX_ORIGINAL,NO,NO,RPM-2009-10-13:2723:B1,SIN_ALERTAS_AUTOMATICAS,,RPM-2009-10-13:T14,INICIO_EXPLICITO,,RPM-2009-10-13:2723:1
2723,ESTRUCTURAL,6c1656ea79dfc8aadf22e55e2946240537ea41123a38381ac103d4c164474988,Despues,3982,RPM-2009-10-13,2009-10-13 00:00:00,Jorge Desormeaux Jiménez,Jorge Desormeaux Jiménez,NO,Vicepresidente del Banco Central,Vicepresidente del Banco Central,NO,,Vicepresidente del Banco Central,LISTA_ASISTENCIA,,SUJETO_ROL_NOMBRE,4,"El Vicepresidente, señor Jorge Desormeaux, comenta que el trasfondo de ello es que la salida de la crisis no será tan coordinada, por lo que van a producirse cierres de holguras más rápidos en el mundo emergente, a diferencia de las economías desarrolladas en que se centró la crisis,",Análisis macroeconómico y discusión de política monetaria,debate,discusión monetaria,debate,NO,NO,NO,Rol según lista de asistencia: Vicepresidente del Banco Central,RPM-2009-10-13:2723:1,1,XLSX_ORIGINAL,NO,NO,RPM-2009-10-13:2723:B1,PENDIENTE_REVISION,FINAL_SIN_PUNTUACION,RPM-2009-10-13:T14,INICIO_EXPLICITO,,RPM-2009-10-13:2723:1
2723,ESTRUCTURAL,6c1656ea79dfc8aadf22e55e2946240537ea41123a38381ac103d4c164474988,Despues,3983,RPM-2009-10-13,2009-10-13 00:00:00,Jorge Desormeaux Jiménez,Sergio Lehmann Beresi,SI,Vicepresidente del Banco Central,Gerente de Análisis Internacional,SI,,Gerente de Análisis Internacional,LISTA_ASISTENCIA,,CONTEXTO_REVISADO,4,lo cual es confirmado por el señor Lehmann.,Análisis macroeconómico y discusión de política monetaria,debate,discusión monetaria,debate,NO,SI,NO,Hablante por contexto documentado: HAB-20260908-L23-2723-285 (data/curation/revisiones_hablantes.json; no cotejo PDF); Rol según lista de asistencia: Gerente de Análisis Internacional,RPM-2009-10-13:2723:2,2,XLSX_ORIGINAL,NO,NO,RPM-2009-10-13:2723:B2,PENDIENTE_REVISION,DUPLICADO_NO_FORMULA,RPM-2009-10-13:T15,SIN_CONTINUIDAD_CONFIRMADA,,
2796,ESTRUCTURAL,d6eaa426df05adaf0e0c2ea82e392b02032cce05bc4fec86b388d2d0fcd311fa,Antes,4111,RPM-2009-11-12,2009-11-12 00:00:00,Sebastián Claro Edwards,Sebastián Claro Edwards,NO,Consejero,Consejero,NO,,Consejero,LISTA_ASISTENCIA,,SUJETO_ROL_NOMBRE,21,"El Consejero señor Sebastián Claro manifiesta que las cifras de actividad e inflación en Chile han estado en línea con las proyecciones de los últimos meses, lo que, en términos generales, valida las trayectorias de actividad e inflación para los próximos meses. Señala que, aun cuando la cifra de actividad del trimestre se corrigió a la baja, las cifras coyunturales sugieren que este es un fenómeno transitorio y que no afecta las perspectivas de mediano plazo, y sí hacen recordar la íncertidumbre en la velocidad de la recuperación, tanto del mundo como doméstica, consideración que ha estado en las decisiones de política monetaria. En relación con la inflación, sostiene que se sigue esperando a partir de comienzos del 2010 el retorno a cifras anuales positivas y que alcance niveles en torno a 3% a partir de comienzos del 2011. El señor Claro expresa que en las últimas semanas se ha producido una fuerte apreciación del peso que, siendo coherente con la depreciación generalizada del dólar de la cual el peso sorpresivamente se había abstraído por algún tiempo, ha sorprendido por su rapidez. Dada la evolución esperada del tipo de cambio real, a su juicio, no justifica un cambio en la dirección de la política monetaria, sino que confirma básicamente la trayectoria delineada en los últimos meses. Agrega que, a mediano plazo, no se puede descartar un escenario con presiones a la apreciación real derivadas de mayores precios de los commodities y flujos de capital, cuyas implicancias son complejas, en especial por la imposibilidad de la política monetaria para afectar la tendencia del tipo de cambio real. El señor Consejero manifiesta cierta preocupación por la evolución de los salarios, que en términos nominales han estado aumentando fuertemente y no parecen estar respondiendo dinámicamente al ciclo, lo que puede retrasar la recuperación del empleo y afectar los costos laborales. En lo grueso, indica que se justifica continuar con la estrategia de política monetaria trazada, que implica una tendencia gradual al alza de la TPM a partir del segundo trimestre del próximo año. El señor Claro estima que es el momento de introducir cambios a las medidas no convencionales, FLAP, debido a que este mecanismo se implementó en una circunstancia extraordinaria de incertidumbre, lo que mantenía las tasas de interés del mercado monetario muy por sobre lo que parecía razonable. Señala que esta situación ha cambiado y, aun cuando hoy las tasas sugieren una normalización más rápida de la política monetaria, las posibles explicaciones a este fenómeno son diferentes y con un escenario de recuperación que no las justifica. Indica que la incertidumbre sobre las perspectivas de inflación a mediano plazo subsiste y continuará existiendo en ambas direcciones, y que lo anterior no justifica la extensión de este mecanismo. Asimismo, expresa que es posible que las dudas sobre la duración de la FLAP y su mecanismo de desmantelamiento incidan en un incremento de las tasas cortas, ya que la posibilidad de eliminarla súbitamente, en caso que las condiciones cambien rápidamente, puede introducir pérdidas cuantiosas en muchos intermediarios financieros. En otras palabras, plantea que los mismos beneficios de la FLAP en términos de entregar mayor certidumbre sobre la trayectoria de tasas se logran dando claridad sobre su salida. El señor Consejero declara que las condiciones de mercado en los últimos meses desde la implementación de la FLAP han cambiado objetivamente, por lo que la simpleza y claridad en su desmantelamiento debiera contribuir a disminuir la incertidumbre sobre variaciones inesperadas en la trayectoria de la política monetaria en el corto plazo. Finalmente, sostiene que la eliminación o modificación de la FLAP no representa un compromiso sobre la trayectoria de tasas, aunque sí afecta los costos de modificarla. En otras palabras, y en su opinión, no hay un cambio en el juicio sobre las perspectivas de inflación o sobre la trayectoria de la TPM. Hace hincapié que este mensaje en la comunicación es fundamental para evitar una interpretación ruidosa de la decisión que se tome y que la simpleza y transparencia en la comunicación de la modificación de la FLAP contribuye a ello. Lo anterior, en su opinión, plantea la necesidad de comunicar hoy un cambio en la implementación de la FLAP. Señala que existen muchas posibles alternativas, y manifiesta que se encuentra disponible para evaluar algunas de ellas, priorizando un movimiento gradual para evitar sobrerreacciones en los mercados financieros, una calendarización para despejar la incertidumbre y un mensaje simple que desvincule la FLAP con la trayectoria de tasas. Hace presente que prefiere una comunicación que anuncie un cambio en la FLAP a 150 días, bajando 30 días por mes hasta extinguirse, pero que está disponible a anunciar hoy un calendario que entre en vigencia a partir de diciembre, esto es, que la duración de la FLAP sea de 150 días a continuación de la RPM de diciembre, y que se reduzca todos los meses 30 días. Así, la última FLAP a 30 días se ofrecería a mediados de abril. A continuación, es el turno del Consejero señor Enrique Marshall, quien comienza su exposición agradeciendo al staff por el apoyo brindado. El señor Consejero señala que las noticias del último mes no han cambiado significativamente el escenario perfilado en el último IPoM, pero han recordado que los riesgos de desviaciones siguen presentes.",Medidas complementarias de liquidez y mercado monetario,mercados_financieros,facilidad de liquidez,mercados_financieros,NO,NO,NO,Rol según lista de asistencia: Consejero,RPM-2009-11-12:2796:1,1,XLSX_ORIGINAL,NO,NO,RPM-2009-11-12:2796:B1,SIN_ALERTAS_AUTOMATICAS,,RPM-2009-11-12:T66,INICIO_EXPLICITO,,RPM-2009-11-12:2796:1
2796,ESTRUCTURAL,d6eaa426df05adaf0e0c2ea82e392b02032cce05bc4fec86b388d2d0fcd311fa,Antes,4112,RPM-2009-11-12,2009-11-12 00:00:00,Sebastián Claro Edwards,Enrique Marshall Rivera,SI,Consejero,Consejero,NO,,Consejero,LISTA_ASISTENCIA,,SUJETO_NOMBRE,21,"En el frente externo, el señor Enrique Marshall menciona que con diferencias y matices, la recuperación tiende a asentarse y que las perspectivas de crecimiento global se han revisado también levemente al alza. Destaca que los mercados financieros han seguido mostrando una consolidación de sus avances, lo que se advierte con particular intensidad en las economías emergentes, las que han experimentado importantes influjos de capital y una apreciación de sus monedas, no obstante lo cual, estos mercados muestran sensibilidad a las nuevas noticias y una volatilidad mayor que en meses anteriores. Agrega que en un contexto de recuperación de la actividad y depreciación del dólar, los precios de las materias primas han vuelto a subir, lo que, en su opinión, debe ser monitoreado con atención. Con todo, manifiesta que la economía mundial se muestra todavía frágil y vulnerable, ya que los países desarrollados enfrentan problemas estructurales, bien conocidos, que podrían limitar sus perspectivas de crecimiento en el mediano plazo, no obstante el empuje proveniente de las economías emergentes, y hace presente que dos temas agregan íncertidumbre al escenario global: la debilidad del dólar y el retiro de las políticas de estímulo, especialmente en los países desarrollados, por sus implicancias a nivel mundial. En el frente doméstico, el señor Consejero indica que los mercados financieros no han deparado sorpresas y siguen reflejando bastante normalidad, considerando la fase del ciclo por la que se atraviesa. En opinión del señor Marshall, donde sí han surgido noticias relevantes es en el mercado cambiario. Al respecto, señala que, por algunos meses, el peso se apartó de la tendencia apreciativa que mostraban las principales monedas de las economías emergentes, pero ha vuelto a ese derrotero, conducido principalmente por fundamentales. Plantea que este desarrollo tiene importantes efectos, directos e indirectos, sobre la inflación y, por lo tanto, debe ser monitoreado con mucha atención. El Consejero señor Marshall menciona que el crédito bancario se ha estabilizado. Las tasas de interés han alcanzado niveles próximos a sus promedios históricos y, en el margen, observan movimientos mixtos. Los ajustes inducidos por la política monetaria, en lo fundamental, parecen haber concluido y la magnitud del ajuste observado lleva a pensar que la moderación y la cautela permanecerán en este mercado por algún tiempo. Comenta que las cifras de demanda y actividad, evaluadas en perspectiva, dan cuenta de un proceso de recuperación, que no se aparta en forma apreciable de lo proyectado en el último IPoM. En su opinión, el último registro de Imacec, si bien sorprendió a la baja, no cambia dicho diagnóstico. Respecto del empleo, el señor Marshall manifiesta que vuelve a dar señales de estabilización. Las remuneraciones siguen mostrando poca sensibilidad a las condiciones del mercado laboral, lo que genera preocupación por sus implicancias para la recuperación. Al referirse a la inflación, señala que se mantiene baja y acotada. Los registros mensuales del último mes resultaron nulos para todas las medidas y, con ello, la variación anual del IPC se mantiene en territorio negativo y permanecería allí hasta fines de año. Sostiene que ello no cambia, en todo caso, las proyecciones de mediano plazo, que dan cuenta de una convergencia gradual hacia el 3%, y que esa misma visión es compartida por el mercado, cuyas expectativas de inflación se ubican en torno a la meta para un horizonte de mediano plazo. Sin embargo, destaca que los desarrollos del último mes vuelven a plantear cierta incertidumbre sobre la trayectoria de la inflación en el mediano plazo. El señor Consejero señala que la curva de expectativas para la TPM ha moderado su trayectoria en lo más reciente, pero se mantiene empinada, lo que refleja incertidumbre sobre el proceso de normalización de la política monetaria. En suma, el señor Marshall estima que el escenario macroeconómico no ha cambiado en forma significativa y, por tanto, la recomendación general de mantener un fuerte estímulo monetario permanece plenamente vigente. Sostiene también que sigue siendo válida la señal más específica que se entregó en meses anteriores, en el sentido que la TPM se mantendría en su actual nivel hasta el segundo trimestre del próximo año. En opinión del señor Consejero, el principal tema de esta Reunión no es el nivel ni la trayectoria futura de la TPM, sino las medidas complementarias y, en particular, la FLAP. Como se ha expresado reiteradamente, estas acciones fueron introducidas para reforzar la política monetaria y entregar una señal de permanencia del estímulo monetario y, en ese sentido, cumplieron bien su objetivo. No obstante, señala que estas medidas impusieron cierto grado de rigidez en la conducción de la política monetaria, al comprometer un nivel de TPM a plazos más largos que los habituales. A la luz de los desarrollos observados, que en lo fundamental están en línea con lo anticipado, se requiere, a su juicio, que la política monetaria vuelva a su formato acostumbrado y recupere todos los grados de libertad requeridos, lo que necesariamente supone el retiro de la FLAP, de manera que sus operaciones no se extiendan más allá del segundo trimestre del próximo año.",Medidas complementarias de liquidez y mercado monetario,mercados_financieros,facilidad de liquidez,mercados_financieros,NO,NO,NO,Rol según lista de asistencia: Consejero,RPM-2009-11-12:2796:2,2,XLSX_ORIGINAL,NO,NO,RPM-2009-11-12:2796:B2,SIN_ALERTAS_AUTOMATICAS,,RPM-2009-11-12:T67,INICIO_EXPLICITO,,RPM-2009-11-12:2796:2
2796,ESTRUCTURAL,d6eaa426df05adaf0e0c2ea82e392b02032cce05bc4fec86b388d2d0fcd311fa,Despues,4117,RPM-2009-11-12,2009-11-12 00:00:00,Sebastián Claro Edwards,Sebastián Claro Edwards,NO,Consejero,Consejero,NO,,Consejero,LISTA_ASISTENCIA,,SUJETO_ROL_NOMBRE,21,"El Consejero señor Sebastián Claro manifiesta que las cifras de actividad e inflación en Chile han estado en línea con las proyecciones de los últimos meses, lo que, en términos generales, valida las trayectorias de actividad e inflación para los próximos meses. Señala que, aun cuando la cifra de actividad del trimestre se corrigió a la baja, las cifras coyunturales sugieren que este es un fenómeno transitorio y que no afecta las perspectivas de mediano plazo, y sí hacen recordar la íncertidumbre en la velocidad de la recuperación, tanto del mundo como doméstica, consideración que ha estado en las decisiones de política monetaria. En relación con la inflación, sostiene que se sigue esperando a partir de comienzos del 2010 el retorno a cifras anuales positivas y que alcance niveles en torno a 3% a partir de comienzos del 2011. El señor Claro expresa que en las últimas semanas se ha producido una fuerte apreciación del peso que, siendo coherente con la depreciación generalizada del dólar de la cual el peso sorpresivamente se había abstraído por algún tiempo, ha sorprendido por su rapidez. Dada la evolución esperada del tipo de cambio real, a su juicio, no justifica un cambio en la dirección de la política monetaria, sino que confirma básicamente la trayectoria delineada en los últimos meses. Agrega que, a mediano plazo, no se puede descartar un escenario con presiones a la apreciación real derivadas de mayores precios de los commodities y flujos de capital, cuyas implicancias son complejas, en especial por la imposibilidad de la política monetaria para afectar la tendencia del tipo de cambio real. El señor Consejero manifiesta cierta preocupación por la evolución de los salarios, que en términos nominales han estado aumentando fuertemente y no parecen estar respondiendo dinámicamente al ciclo, lo que puede retrasar la recuperación del empleo y afectar los costos laborales. En lo grueso, indica que se justifica continuar con la estrategia de política monetaria trazada, que implica una tendencia gradual al alza de la TPM a partir del segundo trimestre del próximo año. El señor Claro estima que es el momento de introducir cambios a las medidas no convencionales, FLAP, debido a que este mecanismo se implementó en una circunstancia extraordinaria de incertidumbre, lo que mantenía las tasas de interés del mercado monetario muy por sobre lo que parecía razonable. Señala que esta situación ha cambiado y, aun cuando hoy las tasas sugieren una normalización más rápida de la política monetaria, las posibles explicaciones a este fenómeno son diferentes y con un escenario de recuperación que no las justifica. Indica que la incertidumbre sobre las perspectivas de inflación a mediano plazo subsiste y continuará existiendo en ambas direcciones, y que lo anterior no justifica la extensión de este mecanismo. Asimismo, expresa que es posible que las dudas sobre la duración de la FLAP y su mecanismo de desmantelamiento incidan en un incremento de las tasas cortas, ya que la posibilidad de eliminarla súbitamente, en caso que las condiciones cambien rápidamente, puede introducir pérdidas cuantiosas en muchos intermediarios financieros. En otras palabras, plantea que los mismos beneficios de la FLAP en términos de entregar mayor certidumbre sobre la trayectoria de tasas se logran dando claridad sobre su salida. El señor Consejero declara que las condiciones de mercado en los últimos meses desde la implementación de la FLAP han cambiado objetivamente, por lo que la simpleza y claridad en su desmantelamiento debiera contribuir a disminuir la incertidumbre sobre variaciones inesperadas en la trayectoria de la política monetaria en el corto plazo. Finalmente, sostiene que la eliminación o modificación de la FLAP no representa un compromiso sobre la trayectoria de tasas, aunque sí afecta los costos de modificarla. En otras palabras, y en su opinión, no hay un cambio en el juicio sobre las perspectivas de inflación o sobre la trayectoria de la TPM. Hace hincapié que este mensaje en la comunicación es fundamental para evitar una interpretación ruidosa de la decisión que se tome y que la simpleza y transparencia en la comunicación de la modificación de la FLAP contribuye a ello. Lo anterior, en su opinión, plantea la necesidad de comunicar hoy un cambio en la implementación de la FLAP. Señala que existen muchas posibles alternativas, y manifiesta que se encuentra disponible para evaluar algunas de ellas, priorizando un movimiento gradual para evitar sobrerreacciones en los mercados financieros, una calendarización para despejar la incertidumbre y un mensaje simple que desvincule la FLAP con la trayectoria de tasas. Hace presente que prefiere una comunicación que anuncie un cambio en la FLAP a 150 días, bajando 30 días por mes hasta extinguirse, pero que está disponible a anunciar hoy un calendario que entre en vigencia a partir de diciembre, esto es, que la duración de la FLAP sea de 150 días a continuación de la RPM de diciembre, y que se reduzca todos los meses 30 días. Así, la última FLAP a 30 días se ofrecería a mediados de abril.",Medidas complementarias de liquidez y mercado monetario,mercados_financieros,facilidad de liquidez,mercados_financieros,NO,NO,NO,Rol según lista de asistencia: Consejero,RPM-2009-11-12:2796:1,1,XLSX_ORIGINAL,NO,NO,RPM-2009-11-12:2796:B1,SIN_ALERTAS_AUTOMATICAS,,RPM-2009-11-12:T66,INICIO_EXPLICITO,,RPM-2009-11-12:2796:1
2796,ESTRUCTURAL,d6eaa426df05adaf0e0c2ea82e392b02032cce05bc4fec86b388d2d0fcd311fa,Despues,4118,RPM-2009-11-12,2009-11-12 00:00:00,Sebastián Claro Edwards,Enrique Marshall Rivera,SI,Consejero,Consejero,NO,,Consejero,LISTA_ASISTENCIA,,CONTEXTO_REVISADO,21,"A continuación, es el turno del Consejero señor Enrique Marshall, quien comienza su exposición agradeciendo al staff por el apoyo brindado. El señor Consejero señala que las noticias del último mes no han cambiado significativamente el escenario perfilado en el último IPoM, pero han recordado que los riesgos de desviaciones siguen presentes.",Medidas complementarias de liquidez y mercado monetario,mercados_financieros,facilidad de liquidez,mercados_financieros,NO,NO,NO,Hablante por contexto documentado: HAB-20260908-L23-2796-5098 (data/curation/revisiones_hablantes.json; no cotejo PDF); Rol según lista de asistencia: Consejero,RPM-2009-11-12:2796:2,2,XLSX_ORIGINAL,NO,NO,RPM-2009-11-12:2796:B2,SIN_ALERTAS_AUTOMATICAS,,RPM-2009-11-12:T67,SIN_CONTINUIDAD_CONFIRMADA,,
2796,ESTRUCTURAL,d6eaa426df05adaf0e0c2ea82e392b02032cce05bc4fec86b388d2d0fcd311fa,Despues,4119,RPM-2009-11-12,2009-11-12 00:00:00,Sebastián Claro Edwards,Enrique Marshall Rivera,SI,Consejero,Consejero,NO,,Consejero,LISTA_ASISTENCIA,,SUJETO_NOMBRE,21,"En el frente externo, el señor Enrique Marshall menciona que con diferencias y matices, la recuperación tiende a asentarse y que las perspectivas de crecimiento global se han revisado también levemente al alza. Destaca que los mercados financieros han seguido mostrando una consolidación de sus avances, lo que se advierte con particular intensidad en las economías emergentes, las que han experimentado importantes influjos de capital y una apreciación de sus monedas, no obstante lo cual, estos mercados muestran sensibilidad a las nuevas noticias y una volatilidad mayor que en meses anteriores. Agrega que en un contexto de recuperación de la actividad y depreciación del dólar, los precios de las materias primas han vuelto a subir, lo que, en su opinión, debe ser monitoreado con atención. Con todo, manifiesta que la economía mundial se muestra todavía frágil y vulnerable, ya que los países desarrollados enfrentan problemas estructurales, bien conocidos, que podrían limitar sus perspectivas de crecimiento en el mediano plazo, no obstante el empuje proveniente de las economías emergentes, y hace presente que dos temas agregan íncertidumbre al escenario global: la debilidad del dólar y el retiro de las políticas de estímulo, especialmente en los países desarrollados, por sus implicancias a nivel mundial. En el frente doméstico, el señor Consejero indica que los mercados financieros no han deparado sorpresas y siguen reflejando bastante normalidad, considerando la fase del ciclo por la que se atraviesa. En opinión del señor Marshall, donde sí han surgido noticias relevantes es en el mercado cambiario. Al respecto, señala que, por algunos meses, el peso se apartó de la tendencia apreciativa que mostraban las principales monedas de las economías emergentes, pero ha vuelto a ese derrotero, conducido principalmente por fundamentales. Plantea que este desarrollo tiene importantes efectos, directos e indirectos, sobre la inflación y, por lo tanto, debe ser monitoreado con mucha atención. El Consejero señor Marshall menciona que el crédito bancario se ha estabilizado. Las tasas de interés han alcanzado niveles próximos a sus promedios históricos y, en el margen, observan movimientos mixtos. Los ajustes inducidos por la política monetaria, en lo fundamental, parecen haber concluido y la magnitud del ajuste observado lleva a pensar que la moderación y la cautela permanecerán en este mercado por algún tiempo. Comenta que las cifras de demanda y actividad, evaluadas en perspectiva, dan cuenta de un proceso de recuperación, que no se aparta en forma apreciable de lo proyectado en el último IPoM. En su opinión, el último registro de Imacec, si bien sorprendió a la baja, no cambia dicho diagnóstico. Respecto del empleo, el señor Marshall manifiesta que vuelve a dar señales de estabilización. Las remuneraciones siguen mostrando poca sensibilidad a las condiciones del mercado laboral, lo que genera preocupación por sus implicancias para la recuperación. Al referirse a la inflación, señala que se mantiene baja y acotada. Los registros mensuales del último mes resultaron nulos para todas las medidas y, con ello, la variación anual del IPC se mantiene en territorio negativo y permanecería allí hasta fines de año. Sostiene que ello no cambia, en todo caso, las proyecciones de mediano plazo, que dan cuenta de una convergencia gradual hacia el 3%, y que esa misma visión es compartida por el mercado, cuyas expectativas de inflación se ubican en torno a la meta para un horizonte de mediano plazo. Sin embargo, destaca que los desarrollos del último mes vuelven a plantear cierta incertidumbre sobre la trayectoria de la inflación en el mediano plazo. El señor Consejero señala que la curva de expectativas para la TPM ha moderado su trayectoria en lo más reciente, pero se mantiene empinada, lo que refleja incertidumbre sobre el proceso de normalización de la política monetaria. En suma, el señor Marshall estima que el escenario macroeconómico no ha cambiado en forma significativa y, por tanto, la recomendación general de mantener un fuerte estímulo monetario permanece plenamente vigente. Sostiene también que sigue siendo válida la señal más específica que se entregó en meses anteriores, en el sentido que la TPM se mantendría en su actual nivel hasta el segundo trimestre del próximo año. En opinión del señor Consejero, el principal tema de esta Reunión no es el nivel ni la trayectoria futura de la TPM, sino las medidas complementarias y, en particular, la FLAP. Como se ha expresado reiteradamente, estas acciones fueron introducidas para reforzar la política monetaria y entregar una señal de permanencia del estímulo monetario y, en ese sentido, cumplieron bien su objetivo. No obstante, señala que estas medidas impusieron cierto grado de rigidez en la conducción de la política monetaria, al comprometer un nivel de TPM a plazos más largos que los habituales. A la luz de los desarrollos observados, que en lo fundamental están en línea con lo anticipado, se requiere, a su juicio, que la política monetaria vuelva a su formato acostumbrado y recupere todos los grados de libertad requeridos, lo que necesariamente supone el retiro de la FLAP, de manera que sus operaciones no se extiendan más allá del segundo trimestre del próximo año.",Medidas complementarias de liquidez y mercado monetario,mercados_financieros,facilidad de liquidez,mercados_financieros,NO,NO,NO,Rol según lista de asistencia: Consejero,RPM-2009-11-12:2796:3,3,XLSX_ORIGINAL,NO,NO,RPM-2009-11-12:2796:B3,SIN_ALERTAS_AUTOMATICAS,,RPM-2009-11-12:T68,INICIO_EXPLICITO,,RPM-2009-11-12:2796:3
2797,TRAZABILIDAD,d7d91f455e8a3cfaba479daab07360e33c693c18cb5a50ec37bb476c884713ac,Antes,4113,RPM-2009-11-12,2009-11-12 00:00:00,Enrique Marshall Rivera,Enrique Marshall Rivera,NO,Consejero,Consejero,NO,,Consejero,LISTA_ASISTENCIA,,SUJETO_NOMBRE,24,"El señor Enrique Marshall plantea que las opciones para ello son varias y tienen costos y beneficios que deben ser debidamente sopesados. Expresa que su preferencia es por fijar y anunciar un calendario de reducción gradual del plazo de las operaciones a partir de diciembre, lo que se encuadra con las señales de TPM que se han entregado en el último tiempo. En todo caso, manifiesta su disposición a considerar fórmulas que apunten en la misma dirección y que conciten un amplio acuerdo en este Consejo. En relación con la oportunidad de la decisión, le parece al señor Consejero que es preferible hacerlo de inmediato, independiente que su aplicación sea más adelante. En su opinión, las cifras del último mes no sugieren un cambio en el escenario anticipado y, por tanto, reafirman la trayectoria para la TPM señalizada con antelación. En este cuadro, se puede explicar con mayor facilidad que el sentido y alcance de la decisión es retomar al formato habitual de la política monetaria y que cualquiera sea la decisión o el momento en que se adopte y comunique, esta generará algún ruido, pero, a su parecer, es mejor despejar este tema cuanto antes, ya que, a la larga, ello reducirá los costos del ineludible retorno al formato habitual de política monetaria. Por lo demás, indica que no le parece conveniente postergar una decisión para diciembre, cuando se deba entregar el próximo IPoM. En su opinión, es preferible tener este tema despejado y disponer de mayor libertad para evaluar el escenario futuro y tomar las decisiones que correspondan. Respecto de la decisión que se adoptará en esta Reunión, un punto critico para el señor Consejero es que no se interprete como el adelantamiento del proceso de ajuste, ni mucho menos como la validación del empinamiento de la curva de expectativas del mercado. Acota que para ello es clave que se exprese con claridad en el Comunicado. En suma, el Consejero señor Enrique Marshall vota por mantener la TPM en su actual nivel de 0,50% y, junto con ello, por proceder al retiro de la ALAR en los términos señalados e informar de esta decisión al mercado.",Acuerdo de Política Monetaria y comunicado oficial,acuerdo_comunicado,acuerdo y comunicado,acuerdo_comunicado,NO,NO,NO,Rol según lista de asistencia: Consejero,RPM-2009-11-12:2797:1,1,XLSX_ORIGINAL,NO,NO,RPM-2009-11-12:2797:B1,SIN_ALERTAS_AUTOMATICAS,,RPM-2009-11-12:T67,CONTINUIDAD_EXPLICITA,RPM-2009-11-12:2796:2,RPM-2009-11-12:2797:1
2797,TRAZABILIDAD,d7d91f455e8a3cfaba479daab07360e33c693c18cb5a50ec37bb476c884713ac,Despues,4120,RPM-2009-11-12,2009-11-12 00:00:00,Enrique Marshall Rivera,Enrique Marshall Rivera,NO,Consejero,Consejero,NO,,Consejero,LISTA_ASISTENCIA,,SUJETO_NOMBRE,24,"El señor Enrique Marshall plantea que las opciones para ello son varias y tienen costos y beneficios que deben ser debidamente sopesados. Expresa que su preferencia es por fijar y anunciar un calendario de reducción gradual del plazo de las operaciones a partir de diciembre, lo que se encuadra con las señales de TPM que se han entregado en el último tiempo. En todo caso, manifiesta su disposición a considerar fórmulas que apunten en la misma dirección y que conciten un amplio acuerdo en este Consejo. En relación con la oportunidad de la decisión, le parece al señor Consejero que es preferible hacerlo de inmediato, independiente que su aplicación sea más adelante. En su opinión, las cifras del último mes no sugieren un cambio en el escenario anticipado y, por tanto, reafirman la trayectoria para la TPM señalizada con antelación. En este cuadro, se puede explicar con mayor facilidad que el sentido y alcance de la decisión es retomar al formato habitual de la política monetaria y que cualquiera sea la decisión o el momento en que se adopte y comunique, esta generará algún ruido, pero, a su parecer, es mejor despejar este tema cuanto antes, ya que, a la larga, ello reducirá los costos del ineludible retorno al formato habitual de política monetaria. Por lo demás, indica que no le parece conveniente postergar una decisión para diciembre, cuando se deba entregar el próximo IPoM. En su opinión, es preferible tener este tema despejado y disponer de mayor libertad para evaluar el escenario futuro y tomar las decisiones que correspondan. Respecto de la decisión que se adoptará en esta Reunión, un punto critico para el señor Consejero es que no se interprete como el adelantamiento del proceso de ajuste, ni mucho menos como la validación del empinamiento de la curva de expectativas del mercado. Acota que para ello es clave que se exprese con claridad en el Comunicado. En suma, el Consejero señor Enrique Marshall vota por mantener la TPM en su actual nivel de 0,50% y, junto con ello, por proceder al retiro de la ALAR en los términos señalados e informar de esta decisión al mercado.",Acuerdo de Política Monetaria y comunicado oficial,acuerdo_comunicado,acuerdo y comunicado,acuerdo_comunicado,NO,NO,NO,Rol según lista de asistencia: Consejero,RPM-2009-11-12:2797:1,1,XLSX_ORIGINAL,NO,NO,RPM-2009-11-12:2797:B1,SIN_ALERTAS_AUTOMATICAS,,RPM-2009-11-12:T68,CONTINUIDAD_EXPLICITA,RPM-2009-11-12:2796:3,RPM-2009-11-12:2797:1
2885,ESTRUCTURAL,6faf2896f7f4092243cdaaec6972b86807b1bcc205912dabe81816183624ab6f,Antes,4261,RPM-2010-01-14,2010-01-14 00:00:00,Manuel Marfán Lewis,José De Gregorio Rebeco,SI,Vicepresidente del Banco Central,Presidente del Banco Central,SI,,Presidente del Banco Central,LISTA_ASISTENCIA,,SUJETO_ROL_SESION,23,"El señor Presidente concede la palabra al Vicepresidente, señor Manuel Marfán, quien agradece el análisis del staff y declara hacer suyo el listado de antecedentes del punto 2 de la Minuta de Opciones, a la que añade los siguientes comentarios.",Acuerdo de Política Monetaria y comunicado oficial,acuerdo_comunicado,acuerdo y comunicado,acuerdo_comunicado,NO,NO,NO,Rol según lista de asistencia: Presidente del Banco Central,RPM-2010-01-14:2885:1,1,XLSX_ORIGINAL,NO,NO,RPM-2010-01-14:2885:B1,SIN_ALERTAS_AUTOMATICAS,,RPM-2010-01-14:T56,INICIO_EXPLICITO,,RPM-2010-01-14:2885:1
2885,ESTRUCTURAL,6faf2896f7f4092243cdaaec6972b86807b1bcc205912dabe81816183624ab6f,Antes,4262,RPM-2010-01-14,2010-01-14 00:00:00,Manuel Marfán Lewis,Manuel Marfán Lewis,NO,Vicepresidente del Banco Central,Vicepresidente del Banco Central,NO,,Vicepresidente del Banco Central,LISTA_ASISTENCIA,,SUJETO_NOMBRE,23,"En primer término, el señor Manuel Marfán señala que las principales economías han mantenido, en lo grueso, las perspectivas de hace un mes, y que hay ciertas economías de menor tamaño relativo que han comenzado a exhibir mayor vulnerabilidad y que requieren más atención, como es el caso en América Latina de Argentina y Venezuela, y en la Zona Euro, de España y, especialmente, Grecia e Islandia. Menciona que esta es una visión a las que se añadieron hace un mes atrás. En general, manifiesta que las principales economías han evitado una recesión profunda sobre la base de combinaciones de política inéditamente expansivas, las que son sostenibles en el corto plazo, pero no en el largo plazo. Por lo mismo, a su juicio, a medida que avanza el tiempo se acorta el plazo para retirar las políticas expansivas, a la vez que no parece que esas economías y sus sistemas financieros puedan todavía sostenerse sobre la base de fundamentos del Estado. En lo interno, el señor Manuel Marfán indica que el escenario central del último IPoM, como señala la Minuta de Opciones, sigue siendo el más probable. Con todo, agrega que los riesgos de la inflación parecen haber transitado del equilibrio hacia un sesgo a la baja. El señor Marfán declara compartir el análisis de la Minuta de Opciones en cuanto a la decisión de mantener la TPM en su nivel actual, y que lo que cabe decidir es más bien el contenido del comunicado. Al respecto, señala que no mencionaría el fortalecimiento del peso ni las menores perspectivas de inflación subyacente, principalmente para no introducir modificaciones al contenido del mismo como una señal, mientras que sí eliminaría la comparación que se hizo en el comunicado anterior y que es inédita, por lo menos durante el tiempo que ha estado en el Consejo, respecto de la trayectoria futura esperada para la TPM y su relación con las expectativas y los precios financieros, estimando que es conveniente retirarla. Finalmente, el señor Vicepresidente menciona que modificaría la referencia sobre las condiciones crediticias, señalando que se han vuelto menos estrechas. En todo lo demás, incluyendo las referencias a las FLAP, sugiere mantener el comunicado tal como hace un mes atrás. En consecuencia, el Vicepresidente, señor Manuel Marfán, vota por mantener la TPM en su nivel actual, modificando en el margen los contenidos del comunicado. Para concluir con la votación,.",Acuerdo de Política Monetaria y comunicado oficial,acuerdo_comunicado,acuerdo y comunicado,acuerdo_comunicado,NO,NO,NO,Rol según lista de asistencia: Vicepresidente del Banco Central,RPM-2010-01-14:2885:2,2,XLSX_ORIGINAL,NO,NO,RPM-2010-01-14:2885:B2,SIN_ALERTAS_AUTOMATICAS,,RPM-2010-01-14:T57,INICIO_EXPLICITO,,RPM-2010-01-14:2885:2
2885,ESTRUCTURAL,6faf2896f7f4092243cdaaec6972b86807b1bcc205912dabe81816183624ab6f,Despues,4268,RPM-2010-01-14,2010-01-14 00:00:00,Manuel Marfán Lewis,José De Gregorio Rebeco,SI,Vicepresidente del Banco Central,Presidente del Banco Central,SI,,Presidente del Banco Central,LISTA_ASISTENCIA,,SUJETO_ROL_SESION,23,"El señor Presidente concede la palabra al Vicepresidente, señor Manuel Marfán,",Acuerdo de Política Monetaria y comunicado oficial,acuerdo_comunicado,acuerdo y comunicado,acuerdo_comunicado,NO,NO,NO,Rol según lista de asistencia: Presidente del Banco Central,RPM-2010-01-14:2885:1,1,XLSX_ORIGINAL,NO,NO,RPM-2010-01-14:2885:B1,PENDIENTE_REVISION,FINAL_SIN_PUNTUACION,RPM-2010-01-14:T56,INICIO_EXPLICITO,,RPM-2010-01-14:2885:1
2885,ESTRUCTURAL,6faf2896f7f4092243cdaaec6972b86807b1bcc205912dabe81816183624ab6f,Despues,4269,RPM-2010-01-14,2010-01-14 00:00:00,Manuel Marfán Lewis,Manuel Marfán Lewis,NO,Vicepresidente del Banco Central,Vicepresidente del Banco Central,NO,,Vicepresidente del Banco Central,LISTA_ASISTENCIA,,CONTEXTO_REVISADO,23,"quien agradece el análisis del staff y declara hacer suyo el listado de antecedentes del punto 2 de la Minuta de Opciones, a la que añade los siguientes comentarios.",Acuerdo de Política Monetaria y comunicado oficial,acuerdo_comunicado,acuerdo y comunicado,acuerdo_comunicado,NO,NO,NO,Hablante por contexto documentado: HAB-20260908-L23-2885-79 (data/curation/revisiones_hablantes.json; no cotejo PDF); Rol según lista de asistencia: Vicepresidente del Banco Central,RPM-2010-01-14:2885:2,2,XLSX_ORIGINAL,NO,NO,RPM-2010-01-14:2885:B2,SIN_ALERTAS_AUTOMATICAS,,RPM-2010-01-14:T57,SIN_CONTINUIDAD_CONFIRMADA,,
2885,ESTRUCTURAL,6faf2896f7f4092243cdaaec6972b86807b1bcc205912dabe81816183624ab6f,Despues,4270,RPM-2010-01-14,2010-01-14 00:00:00,Manuel Marfán Lewis,Manuel Marfán Lewis,NO,Vicepresidente del Banco Central,Vicepresidente del Banco Central,NO,,Vicepresidente del Banco Central,LISTA_ASISTENCIA,,SUJETO_NOMBRE,23,"En primer término, el señor Manuel Marfán señala que las principales economías han mantenido, en lo grueso, las perspectivas de hace un mes, y que hay ciertas economías de menor tamaño relativo que han comenzado a exhibir mayor vulnerabilidad y que requieren más atención, como es el caso en América Latina de Argentina y Venezuela, y en la Zona Euro, de España y, especialmente, Grecia e Islandia. Menciona que esta es una visión a las que se añadieron hace un mes atrás. En general, manifiesta que las principales economías han evitado una recesión profunda sobre la base de combinaciones de política inéditamente expansivas, las que son sostenibles en el corto plazo, pero no en el largo plazo. Por lo mismo, a su juicio, a medida que avanza el tiempo se acorta el plazo para retirar las políticas expansivas, a la vez que no parece que esas economías y sus sistemas financieros puedan todavía sostenerse sobre la base de fundamentos del Estado. En lo interno, el señor Manuel Marfán indica que el escenario central del último IPoM, como señala la Minuta de Opciones, sigue siendo el más probable. Con todo, agrega que los riesgos de la inflación parecen haber transitado del equilibrio hacia un sesgo a la baja. El señor Marfán declara compartir el análisis de la Minuta de Opciones en cuanto a la decisión de mantener la TPM en su nivel actual, y que lo que cabe decidir es más bien el contenido del comunicado. Al respecto, señala que no mencionaría el fortalecimiento del peso ni las menores perspectivas de inflación subyacente, principalmente para no introducir modificaciones al contenido del mismo como una señal, mientras que sí eliminaría la comparación que se hizo en el comunicado anterior y que es inédita, por lo menos durante el tiempo que ha estado en el Consejo, respecto de la trayectoria futura esperada para la TPM y su relación con las expectativas y los precios financieros, estimando que es conveniente retirarla. Finalmente, el señor Vicepresidente menciona que modificaría la referencia sobre las condiciones crediticias, señalando que se han vuelto menos estrechas. En todo lo demás, incluyendo las referencias a las FLAP, sugiere mantener el comunicado tal como hace un mes atrás. En consecuencia, el Vicepresidente, señor Manuel Marfán, vota por mantener la TPM en su nivel actual, modificando en el margen los contenidos del comunicado. Para concluir con la votación,.",Acuerdo de Política Monetaria y comunicado oficial,acuerdo_comunicado,acuerdo y comunicado,acuerdo_comunicado,NO,NO,NO,Rol según lista de asistencia: Vicepresidente del Banco Central,RPM-2010-01-14:2885:3,3,XLSX_ORIGINAL,NO,NO,RPM-2010-01-14:2885:B3,PENDIENTE_REVISION,TEXTO_DANADO_POR_COTEJAR,RPM-2010-01-14:T58,INICIO_EXPLICITO,,RPM-2010-01-14:2885:3
2963,ESTRUCTURAL,5567715eb46c86e662055abeefb12a1ebca409436b0855cca660939b99647e8d,Antes,4390,RPM-2010-02-11,2010-02-11 00:00:00,Sebastián Claro Edwards,Sebastián Claro Edwards,NO,Consejero,Consejero,NO,,Consejero,LISTA_ASISTENCIA,,SUJETO_ROL_NOMBRE,25,"El Consejero señor Sebastián Claro señala que las últimas cifras conocidas, tanto en el ámbito nacional como internacional, son, grosso modo, coherentes con las perspectivas planteadas en los últimos meses. Sin embargo, cree que existen varias novedades que son relevantes de recalcar, que, aun cuando no afectan la decisión de hoy, si pueden alterar el escenario en adelante. En el ámbito externo, indica que los mercados internacionales han mostrado mayor volatilidad en las últimas semanas, asociada principalmente a los problemas de endeudamiento en algunos países europeos. Agrega que esto explica, probablemente, la corrección de los precios de algunos commodities y el fortalecimiento del dólar a nivel mundial. Al mismo tiempo, menciona que se han ido consolidando las perspectivas de recuperación en diversas economías y que las expectativas de crecimiento siguen altas por los próximos trimestres. En su opinión, este es un tema a seguir con cuidado. A nivel local, destaca que la cifra de actividad estuvo algo por sobre lo esperado, y que lo que más llamó la atención fue la generalidad en los componentes que explican la mayor actividad, que anteriormente había estado concentrado en sectores puntuales. En todo caso, estima que, por ahora, no se perciben desviaciones importantes respecto del escenario base en esta materia. El señor Sebastián Claro manifiesta que el crédito doméstico comienza a dar mayores muestras de dinamismo, lo que es una fenómeno positivo, no solo porque puede estar reflejando mejores perspectivas por parte de los demandantes de crédito, sino que también mayor disposición de la banca a tomar posiciones menos líquidas y más riesgosas en sus activos. En todo caso, expresa que otras medidas, como los agregados M2 y M3, muestran todavía tasas de crecimiento acotadas. A continuación, el señor Claro subraya que el registro de inflación de enero sorprendió significativamente al alza, afectado por cambios metodológicos y por un aumento inesperado en costos financieros, que, aparentemente, van más allá del efecto anticipado del impuesto de timbres y estampillas. Agrega que las cifras de inflación subyacente no mostraron sorpresas importantes. En su opinión, la principal novedad de esta cifra es que la trayectoria futura de inflación está sujeta a una importante varianza. Manifiesta que ya sea por cambios metodológicos, que vienen sucediendo desde el año pasado y son difíciles de anticipar, como por efectos de las fluctuaciones cambiarías, la trayectoria de inflación en adelante presenta bastante incertidumbre, y que una muestra de ello es que la inflación en doce meses proyectada en noviembre del año pasado para abril del 2010 era de 1,2%, cifra que cayó a 0,3% en enero y volvió a subir a 1,2% en febrero. Esta incertidumbre, prosigue, se ve alimentada por la evolución del dólar, que tuvo una importante valoración respecto del peso en el último tiempo, tanto por razones externas como por razones domésticas. Destaca que la incertidumbre en este punto es grande y que un nivel persistente del tipo de cambio más depreciado puede tener impacto inflacionario. Añade que aun cuando es razonable pensar que el impacto de los ajustes domésticos en las posiciones de monedas no tiene efecto duradero sobre el tipo de cambio real, su efecto sobre el tipo de cambio nominal y el nivel de precios podría ser más duradero. Por otra parte, el Consejero señor Sebastián Claro hace presente que la inflación subyacente ha seguido controlada y que las proyecciones sugieren registros anuales bajos por los próximos meses. Sin embargo, sostiene que la fuerte caída en la inflación subyacente en Chile difiere de la evolución de índices similares para otros países con similares características, con similares caídas en el producto y con evoluciones cambiarías parecidas, lo que sugiere que un componente no menor de la variación en la inflación subyacente en Chile tiene un componente doméstico que es difícil de explicar. A la luz de la incipiente dinámica al alza en los índices de precios en algunos países, esto. en su opinión, abre una interrogante sobre la trayectoria del IPCX1 en los próximos trimestres y sobre el fundamento de suponer cierto aislamiento en la trayectoria interna con la de otros países. Para finalizar, el señor Claro manifiesta estimar que la evolución de los salarios nominales confirma en parte esta inquietud. En razón de lo expuesto, el Consejero señor Sebastián Claro vota por mantener la TPM en su nivel actual y continuar con el proceso de eliminación de la FLAP, tal como estaba anticipado. Prosiguiendo con la votación, es el turno del Consejero señor Enrique Marshall, quien, en primer término y como de costumbre, agradece al staff por el apoyo brindado.",Votación y fundamentos de la decisión de política monetaria,decision_tpm,votación tpm,decision_tpm,NO,NO,NO,Rol según lista de asistencia: Consejero,RPM-2010-02-11:2963:1,1,XLSX_ORIGINAL,NO,NO,RPM-2010-02-11:2963:B1,SIN_ALERTAS_AUTOMATICAS,,RPM-2010-02-11:T121,INICIO_EXPLICITO,,RPM-2010-02-11:2963:1
2963,ESTRUCTURAL,5567715eb46c86e662055abeefb12a1ebca409436b0855cca660939b99647e8d,Despues,4398,RPM-2010-02-11,2010-02-11 00:00:00,Sebastián Claro Edwards,Sebastián Claro Edwards,NO,Consejero,Consejero,NO,,Consejero,LISTA_ASISTENCIA,,SUJETO_ROL_NOMBRE,25,"El Consejero señor Sebastián Claro señala que las últimas cifras conocidas, tanto en el ámbito nacional como internacional, son, grosso modo, coherentes con las perspectivas planteadas en los últimos meses. Sin embargo, cree que existen varias novedades que son relevantes de recalcar, que, aun cuando no afectan la decisión de hoy, si pueden alterar el escenario en adelante. En el ámbito externo, indica que los mercados internacionales han mostrado mayor volatilidad en las últimas semanas, asociada principalmente a los problemas de endeudamiento en algunos países europeos. Agrega que esto explica, probablemente, la corrección de los precios de algunos commodities y el fortalecimiento del dólar a nivel mundial. Al mismo tiempo, menciona que se han ido consolidando las perspectivas de recuperación en diversas economías y que las expectativas de crecimiento siguen altas por los próximos trimestres. En su opinión, este es un tema a seguir con cuidado. A nivel local, destaca que la cifra de actividad estuvo algo por sobre lo esperado, y que lo que más llamó la atención fue la generalidad en los componentes que explican la mayor actividad, que anteriormente había estado concentrado en sectores puntuales. En todo caso, estima que, por ahora, no se perciben desviaciones importantes respecto del escenario base en esta materia. El señor Sebastián Claro manifiesta que el crédito doméstico comienza a dar mayores muestras de dinamismo, lo que es una fenómeno positivo, no solo porque puede estar reflejando mejores perspectivas por parte de los demandantes de crédito, sino que también mayor disposición de la banca a tomar posiciones menos líquidas y más riesgosas en sus activos. En todo caso, expresa que otras medidas, como los agregados M2 y M3, muestran todavía tasas de crecimiento acotadas. A continuación, el señor Claro subraya que el registro de inflación de enero sorprendió significativamente al alza, afectado por cambios metodológicos y por un aumento inesperado en costos financieros, que, aparentemente, van más allá del efecto anticipado del impuesto de timbres y estampillas. Agrega que las cifras de inflación subyacente no mostraron sorpresas importantes. En su opinión, la principal novedad de esta cifra es que la trayectoria futura de inflación está sujeta a una importante varianza. Manifiesta que ya sea por cambios metodológicos, que vienen sucediendo desde el año pasado y son difíciles de anticipar, como por efectos de las fluctuaciones cambiarías, la trayectoria de inflación en adelante presenta bastante incertidumbre, y que una muestra de ello es que la inflación en doce meses proyectada en noviembre del año pasado para abril del 2010 era de 1,2%, cifra que cayó a 0,3% en enero y volvió a subir a 1,2% en febrero. Esta incertidumbre, prosigue, se ve alimentada por la evolución del dólar, que tuvo una importante valoración respecto del peso en el último tiempo, tanto por razones externas como por razones domésticas. Destaca que la incertidumbre en este punto es grande y que un nivel persistente del tipo de cambio más depreciado puede tener impacto inflacionario. Añade que aun cuando es razonable pensar que el impacto de los ajustes domésticos en las posiciones de monedas no tiene efecto duradero sobre el tipo de cambio real, su efecto sobre el tipo de cambio nominal y el nivel de precios podría ser más duradero. Por otra parte, el Consejero señor Sebastián Claro hace presente que la inflación subyacente ha seguido controlada y que las proyecciones sugieren registros anuales bajos por los próximos meses. Sin embargo, sostiene que la fuerte caída en la inflación subyacente en Chile difiere de la evolución de índices similares para otros países con similares características, con similares caídas en el producto y con evoluciones cambiarías parecidas, lo que sugiere que un componente no menor de la variación en la inflación subyacente en Chile tiene un componente doméstico que es difícil de explicar. A la luz de la incipiente dinámica al alza en los índices de precios en algunos países, esto. en su opinión, abre una interrogante sobre la trayectoria del IPCX1 en los próximos trimestres y sobre el fundamento de suponer cierto aislamiento en la trayectoria interna con la de otros países. Para finalizar, el señor Claro manifiesta estimar que la evolución de los salarios nominales confirma en parte esta inquietud. En razón de lo expuesto, el Consejero señor Sebastián Claro vota por mantener la TPM en su nivel actual y continuar con el proceso de eliminación de la FLAP, tal como estaba anticipado.",Votación y fundamentos de la decisión de política monetaria,decision_tpm,votación tpm,decision_tpm,NO,NO,NO,Rol según lista de asistencia: Consejero,RPM-2010-02-11:2963:1,1,XLSX_ORIGINAL,NO,NO,RPM-2010-02-11:2963:B1,SIN_ALERTAS_AUTOMATICAS,,RPM-2010-02-11:T121,INICIO_EXPLICITO,,RPM-2010-02-11:2963:1
2963,ESTRUCTURAL,5567715eb46c86e662055abeefb12a1ebca409436b0855cca660939b99647e8d,Despues,4399,RPM-2010-02-11,2010-02-11 00:00:00,Sebastián Claro Edwards,Enrique Marshall Rivera,SI,Consejero,Consejero,NO,,Consejero,LISTA_ASISTENCIA,,CONTEXTO_REVISADO,25,"Prosiguiendo con la votación, es el turno del Consejero señor Enrique Marshall, quien, en primer término y como de costumbre, agradece al staff por el apoyo brindado.",Votación y fundamentos de la decisión de política monetaria,decision_tpm,votación tpm,decision_tpm,NO,NO,NO,Hablante por contexto documentado: HAB-20260908-L23-2963-4569 (data/curation/revisiones_hablantes.json; no cotejo PDF); Rol según lista de asistencia: Consejero,RPM-2010-02-11:2963:2,2,XLSX_ORIGINAL,NO,NO,RPM-2010-02-11:2963:B2,SIN_ALERTAS_AUTOMATICAS,,RPM-2010-02-11:T122,SIN_CONTINUIDAD_CONFIRMADA,,
2964,CONTINUIDAD_REVISADA,13a5691d5dda81a9fe178ed3b9c098ed7842a7a672ef2039eff8cce2a89615ee,Antes,4391,RPM-2010-02-11,2010-02-11 00:00:00,Enrique Marshall Rivera,Enrique Marshall Rivera,NO,Consejero,Consejero,NO,,Consejero,LISTA_ASISTENCIA,,SUJETO_NOMBRE,27,"El señor Enrique Marshall señala que las noticias del último mes, si bien no configuran un cambio relevante en el escenario base, requieren de un cuidadoso análisis por sus posibles implicancias futuras. En el frente externo, indica que se ha producido un aumento en la percepción de riesgo, con efectos en los mercados financieros y cambiarios. Como ha ocurrido en ocasiones anteriores, menciona que, marcados también por la búsqueda de refugio, el dólar se ha apreciado, que las tasas de retorno de los bonos de Estados Unidos y de otros países desarrollados se han corregido a la baja, que las primas de riesgo se han elevado y que los precios de las materias primas han caído. El señor Marshall sostiene que, por el momento, los efectos no parecen alcanzar a la economía real, precisando que la recuperación de la actividad se sigue visualizando como bastante sólida, mientras que las proyecciones de crecimiento en adelante no sufren modificaciones significativas. Los riesgos, sin embargo, han aumentado y han adquirido un sesgo a la baja, lo que, por cierto, requiere ser monitoreado. El señor Consejero hace presente que los desarrollos observados en los mercados financieros y cambiarios en el último mes han puesto de relieve la todavía frágil posición en que se encuentra la economía mundial y el arduo camino que aún queda por recorrer para dejar definitivamente atrás la crisis. En ese contexto, señala que despiertan preocupación los efectos que producirá el retiro de las políticas de apoyo y estímulo. En el frente interno, el señor Enrique Marshall menciona que los mercados de instrumentos largos han experimentado ajustes, que resultan coherentes con las noticias del último mes, pero que no implican cambios muy significativos en las expectativas. Afirma que donde sí ha habido novedades es en el mercado cambiarlo, ya que el peso, como casi todas las monedas, se ha depreciado significativamente en el transcurso del último mes. En su opinión, ello respondería, en parte, a la apreciación generalizada del dólar en los mercados internacionales y, en parte, a factores internos. Sostiene que si bien el tipo de cambio no se ubica actualmente en un nivel muy distinto al que se consideró para elaborar proyecciones en meses anteriores, los riesgos de que su trayectoria se desvíe han aumentado, por lo que esta es una materia que requiere un cuidadoso seguimiento por sus implicancias para la política monetaria. El Consejero señor Marshall destaca a continuación que el crédito bancario muestra un repunte en el último mes, lo que si bien es alentador, se requieren más datos para poder confirmar que este habría entrado en un proceso de franco repunte o recuperación. Llama la atención que, al mismo tiempo, las tasas de interés hayan experimentado alzas importantes en prácticamente todos los segmentos. A su juicio, ello podría estar indicando una recuperación de la demanda por crédito, especialmente por parte de clientes con un perfil de riesgo más alto, pero también podría responder a expectativas de tasas de captación más elevadas en adelante. Al respecto, manifiesta que las implicancias de política son distintas en uno y otro caso. Al proseguir, el señor Enrique Marshall se refiere a las cifras de actividad del último mes, que sorprendieron con un registro superior al esperado, pero que, más allá de ello, confirmaron que la economía se encuentra en clara recuperación. Señala que este proceso estaría conducido principalmente por una vigorosa expansión de la demanda interna, ya que, en efecto, esta última estaría creciendo a ritmo bastante elevado, muy por sobre el del producto, fenómeno que se observa en el período anterior a la detonación de la crisis en 2008. El señor Marshall hace presente que si bien el crecimiento se muestra bastante en línea con lo previsto en el último IPoM, esta evolución de la demanda lleva a pensar que los riesgos para el crecimiento, que parecían bastante equilibrados dos meses atrás, resultan hoy más bien sesgados al alza. Indica que las cifras provenientes del mercado laboral son positivas, pero que dan cuenta de una recuperación todavía bastante débil y que, incluso, el crecimiento del empleo estuvo por debajo al del mes anterior. El Consejero señor Marshall destaca luego que la inflación mensual de enero también sorprendió con un registro superior al esperado, debido, fundamentalmente, a factores puntuales y a cambios en la metodología de cálculo. Agrega que la inflación subyacente estuvo dentro de lo previsto y se mantiene baja. En cuanto a las expectativas de inflación de corto plazo, señala que se han ajustado levemente al alza y que las de mediano plazo apuntan con claridad a una convergencia a la meta, conducida principalmente por la recuperación de la actividad y la demanda. En ese sentido, manifiesta que la probabilidad de un escenario de inflación baja por tiempo prolongado ha disminuido significativamente. Advierte, sin embargo, que persiste bastante incertidumbre sobre la trayectoria futura de la inflación, y menciona que las noticias del último mes han reforzado esa percepción. Las expectativas para la TPM, prosigue, no han variado significativamente, especialmente para los plazos más cortos, añadiendo que el mercado mantiene su percepción de que el ciclo de ajuste se iniciaría a fines del segundo trimestre o, a lo más, en el tercer trimestre de este año. En suma, el señor Enrique Marshall señala que el escenario macroeconómico muestra perspectivas de crecimiento e inflación no muy distintas a las visualizadas con anterioridad, lo que conduce a reafirmar las señales de política que el Consejo ha entregado en los últimos meses. Hace presente que si bien los riesgos tanto para el crecimiento como para la inflación muestran un sesgo al alza, los cursos de evolución futura permanecen todavía muy abiertos, motivo por el cual lo que corresponde, por el momento, es monitorear estos desarrollos. Por todo lo anterior, el Consejero señor Enrique Marshall manifiesta que su voto es por mantener la TPM en su actual nivel de 0,50%.",Votación y fundamentos de la decisión de política monetaria,decision_tpm,votación tpm,decision_tpm,NO,NO,NO,Rol según lista de asistencia: Consejero,RPM-2010-02-11:2964:1,1,XLSX_ORIGINAL,NO,NO,RPM-2010-02-11:2964:B1,SIN_ALERTAS_AUTOMATICAS,,RPM-2010-02-11:T122,INICIO_EXPLICITO,,RPM-2010-02-11:2964:1
2964,CONTINUIDAD_REVISADA,13a5691d5dda81a9fe178ed3b9c098ed7842a7a672ef2039eff8cce2a89615ee,Despues,4400,RPM-2010-02-11,2010-02-11 00:00:00,Enrique Marshall Rivera,Enrique Marshall Rivera,NO,Consejero,Consejero,NO,,Consejero,LISTA_ASISTENCIA,,SUJETO_NOMBRE,27,"El señor Enrique Marshall señala que las noticias del último mes, si bien no configuran un cambio relevante en el escenario base, requieren de un cuidadoso análisis por sus posibles implicancias futuras. En el frente externo, indica que se ha producido un aumento en la percepción de riesgo, con efectos en los mercados financieros y cambiarios. Como ha ocurrido en ocasiones anteriores, menciona que, marcados también por la búsqueda de refugio, el dólar se ha apreciado, que las tasas de retorno de los bonos de Estados Unidos y de otros países desarrollados se han corregido a la baja, que las primas de riesgo se han elevado y que los precios de las materias primas han caído. El señor Marshall sostiene que, por el momento, los efectos no parecen alcanzar a la economía real, precisando que la recuperación de la actividad se sigue visualizando como bastante sólida, mientras que las proyecciones de crecimiento en adelante no sufren modificaciones significativas. Los riesgos, sin embargo, han aumentado y han adquirido un sesgo a la baja, lo que, por cierto, requiere ser monitoreado. El señor Consejero hace presente que los desarrollos observados en los mercados financieros y cambiarios en el último mes han puesto de relieve la todavía frágil posición en que se encuentra la economía mundial y el arduo camino que aún queda por recorrer para dejar definitivamente atrás la crisis. En ese contexto, señala que despiertan preocupación los efectos que producirá el retiro de las políticas de apoyo y estímulo. En el frente interno, el señor Enrique Marshall menciona que los mercados de instrumentos largos han experimentado ajustes, que resultan coherentes con las noticias del último mes, pero que no implican cambios muy significativos en las expectativas. Afirma que donde sí ha habido novedades es en el mercado cambiarlo, ya que el peso, como casi todas las monedas, se ha depreciado significativamente en el transcurso del último mes. En su opinión, ello respondería, en parte, a la apreciación generalizada del dólar en los mercados internacionales y, en parte, a factores internos. Sostiene que si bien el tipo de cambio no se ubica actualmente en un nivel muy distinto al que se consideró para elaborar proyecciones en meses anteriores, los riesgos de que su trayectoria se desvíe han aumentado, por lo que esta es una materia que requiere un cuidadoso seguimiento por sus implicancias para la política monetaria. El Consejero señor Marshall destaca a continuación que el crédito bancario muestra un repunte en el último mes, lo que si bien es alentador, se requieren más datos para poder confirmar que este habría entrado en un proceso de franco repunte o recuperación. Llama la atención que, al mismo tiempo, las tasas de interés hayan experimentado alzas importantes en prácticamente todos los segmentos. A su juicio, ello podría estar indicando una recuperación de la demanda por crédito, especialmente por parte de clientes con un perfil de riesgo más alto, pero también podría responder a expectativas de tasas de captación más elevadas en adelante. Al respecto, manifiesta que las implicancias de política son distintas en uno y otro caso. Al proseguir, el señor Enrique Marshall se refiere a las cifras de actividad del último mes, que sorprendieron con un registro superior al esperado, pero que, más allá de ello, confirmaron que la economía se encuentra en clara recuperación. Señala que este proceso estaría conducido principalmente por una vigorosa expansión de la demanda interna, ya que, en efecto, esta última estaría creciendo a ritmo bastante elevado, muy por sobre el del producto, fenómeno que se observa en el período anterior a la detonación de la crisis en 2008. El señor Marshall hace presente que si bien el crecimiento se muestra bastante en línea con lo previsto en el último IPoM, esta evolución de la demanda lleva a pensar que los riesgos para el crecimiento, que parecían bastante equilibrados dos meses atrás, resultan hoy más bien sesgados al alza. Indica que las cifras provenientes del mercado laboral son positivas, pero que dan cuenta de una recuperación todavía bastante débil y que, incluso, el crecimiento del empleo estuvo por debajo al del mes anterior. El Consejero señor Marshall destaca luego que la inflación mensual de enero también sorprendió con un registro superior al esperado, debido, fundamentalmente, a factores puntuales y a cambios en la metodología de cálculo. Agrega que la inflación subyacente estuvo dentro de lo previsto y se mantiene baja. En cuanto a las expectativas de inflación de corto plazo, señala que se han ajustado levemente al alza y que las de mediano plazo apuntan con claridad a una convergencia a la meta, conducida principalmente por la recuperación de la actividad y la demanda. En ese sentido, manifiesta que la probabilidad de un escenario de inflación baja por tiempo prolongado ha disminuido significativamente. Advierte, sin embargo, que persiste bastante incertidumbre sobre la trayectoria futura de la inflación, y menciona que las noticias del último mes han reforzado esa percepción. Las expectativas para la TPM, prosigue, no han variado significativamente, especialmente para los plazos más cortos, añadiendo que el mercado mantiene su percepción de que el ciclo de ajuste se iniciaría a fines del segundo trimestre o, a lo más, en el tercer trimestre de este año. En suma, el señor Enrique Marshall señala que el escenario macroeconómico muestra perspectivas de crecimiento e inflación no muy distintas a las visualizadas con anterioridad, lo que conduce a reafirmar las señales de política que el Consejo ha entregado en los últimos meses. Hace presente que si bien los riesgos tanto para el crecimiento como para la inflación muestran un sesgo al alza, los cursos de evolución futura permanecen todavía muy abiertos, motivo por el cual lo que corresponde, por el momento, es monitorear estos desarrollos. Por todo lo anterior, el Consejero señor Enrique Marshall manifiesta que su voto es por mantener la TPM en su actual nivel de 0,50%.",Votación y fundamentos de la decisión de política monetaria,decision_tpm,votación tpm,decision_tpm,NO,NO,NO,Rol según lista de asistencia: Consejero,RPM-2010-02-11:2964:1,1,XLSX_ORIGINAL,NO,NO,RPM-2010-02-11:2964:B1,SIN_ALERTAS_AUTOMATICAS,,RPM-2010-02-11:T122,CONTINUIDAD_REVISADA,RPM-2010-02-11:2963:2,RPM-2010-02-11:2964:1
3051,ESTRUCTURAL,cd1706769a902c4ffc65b86187964e3a837deb0d81887164c950004e6775c149,Antes,4523,RPM-2010-04-15,2010-04-15 00:00:00,Manuel Marfán Lewis,Manuel Marfán Lewis,NO,Vicepresidente del Banco Central,Vicepresidente del Banco Central,NO,,Vicepresidente del Banco Central,LISTA_ASISTENCIA,,SUJETO_ROL_NOMBRE,11,"El Vicepresidente, señor Manuel Marfán, pregunta si el aumento de precios de los alimentos reportados es el resultado de cotizaciones efectuadas por la Gerencia de Análisis Macroeconómico, lo cual es confirmado por el señor Soto. El señor Marfán continúa, declarando que no se puede descartar que la inflación que se va a observar probablemente en abril haya ocurrido en marzo, habida cuenta que en marzo se imputó una variación de cero en la zona donde probablemente los precios experimentaron un alza más significativa.",Evolución de mercados financieros y tipo de cambio,mercados_financieros,mercados financieros,mercados_financieros,NO,NO,NO,Rol según lista de asistencia: Vicepresidente del Banco Central,RPM-2010-04-15:3051:1,1,XLSX_ORIGINAL,NO,NO,RPM-2010-04-15:3051:B1,SIN_ALERTAS_AUTOMATICAS,,RPM-2010-04-15:T41,INICIO_EXPLICITO,,RPM-2010-04-15:3051:1
3051,ESTRUCTURAL,cd1706769a902c4ffc65b86187964e3a837deb0d81887164c950004e6775c149,Antes,4524,RPM-2010-04-15,2010-04-15 00:00:00,Manuel Marfán Lewis,Claudio Soto Gamboa,SI,Vicepresidente del Banco Central,Gerente de Análisis Macroeconómico,SI,,Gerente de Análisis Macroeconómico,LISTA_ASISTENCIA,,SUJETO_NOMBRE,11,"El señor Soto aclara que eso también está considerándose en la proyección. Por último, el señor Claudio Soto indica que en el caso de los arriendos se observaron aumentos que no fueron reflejados en el IPC, y que hacia finales de marzo se observaron aumentos importantes, que también se están considerando en la proyección. Para complementar el diagnóstico respecto de la inflación, el señor Soto menciona que las expectativas empresariales apuntan a un significativo aumento de la misma. En cuanto a la proyección, el Gerente de Análisis Macroeconómico informa que se están considerando trayectorias de la gasolina que son virtualmente las mismas que se tenían para el cierre del IPoM. Destaca que desde entonces no ha habido muchas novedades, por lo que los principales supuestos son muy similares a los considerados en ese Informe. Al respecto, detalla que el tipo de cambio se ha apreciado un poco desde entonces; que el supuesto del precio del petróleo es exactamente el mismo que el del IPoM, pero que los precios spot de gasolinas son algo mayores en el mercado doméstico, modificando un poco su trayectoria; y que en el caso de perecibles, la trayectoria también es muy similar a lo que se tenía para el cierre del IPoM. Respecto del vestuario, el señor Claudio Soto explica que en la proyección se está considerando algo de estacionalidad, ya que no se están contemplando bajas tan fuertes en julio como las registradas el año pasado; que sí se prevé un aumento estacional hacia agosto, que coincidiría con el patrón estacional observado el año pasado; y que se descartaría el patrón estacional de septiembre de años anteriores, mes en que los precios del vestuario aumentaban significativamente.",Evolución de mercados financieros y tipo de cambio,mercados_financieros,mercados financieros,mercados_financieros,NO,NO,NO,Rol según lista de asistencia: Gerente de Análisis Macroeconómico,RPM-2010-04-15:3051:2,2,XLSX_ORIGINAL,NO,NO,RPM-2010-04-15:3051:B2,SIN_ALERTAS_AUTOMATICAS,,RPM-2010-04-15:T42,INICIO_EXPLICITO,,RPM-2010-04-15:3051:2
3051,ESTRUCTURAL,cd1706769a902c4ffc65b86187964e3a837deb0d81887164c950004e6775c149,Antes,4525,RPM-2010-04-15,2010-04-15 00:00:00,Manuel Marfán Lewis,Pablo García Silva,SI,Vicepresidente del Banco Central,Gerente de División Estudios,SI,,Gerente de División Estudios,LISTA_ASISTENCIA,,SUJETO_ROL_SESION,11,"El Gerente de División Estudios comenta que, respecto de vestuario, el INE cambió los puntos de recolección de precios y dejó de suavizar la serie. Hace presente que, hasta ahora, la Gerencia a su cargo más bien adjudica a lo segundo el principal efecto de lo que había ocurrido en dicha materia.",Evolución de mercados financieros y tipo de cambio,mercados_financieros,mercados financieros,mercados_financieros,NO,NO,NO,Rol según lista de asistencia: Gerente de División Estudios,RPM-2010-04-15:3051:3,3,XLSX_ORIGINAL,NO,NO,RPM-2010-04-15:3051:B3,SIN_ALERTAS_AUTOMATICAS,,RPM-2010-04-15:T43,INICIO_EXPLICITO,,RPM-2010-04-15:3051:3
3051,ESTRUCTURAL,cd1706769a902c4ffc65b86187964e3a837deb0d81887164c950004e6775c149,Despues,4532,RPM-2010-04-15,2010-04-15 00:00:00,Manuel Marfán Lewis,Manuel Marfán Lewis,NO,Vicepresidente del Banco Central,Vicepresidente del Banco Central,NO,,Vicepresidente del Banco Central,LISTA_ASISTENCIA,,SUJETO_ROL_NOMBRE,11,"El Vicepresidente, señor Manuel Marfán, pregunta si el aumento de precios de los alimentos reportados es el resultado de cotizaciones efectuadas por la Gerencia de Análisis Macroeconómico,",Evolución de mercados financieros y tipo de cambio,mercados_financieros,mercados financieros,mercados_financieros,NO,NO,NO,Rol según lista de asistencia: Vicepresidente del Banco Central,RPM-2010-04-15:3051:1,1,XLSX_ORIGINAL,NO,NO,RPM-2010-04-15:3051:B1,PENDIENTE_REVISION,FINAL_SIN_PUNTUACION,RPM-2010-04-15:T41,INICIO_EXPLICITO,,RPM-2010-04-15:3051:1
3051,ESTRUCTURAL,cd1706769a902c4ffc65b86187964e3a837deb0d81887164c950004e6775c149,Despues,4533,RPM-2010-04-15,2010-04-15 00:00:00,Manuel Marfán Lewis,Claudio Soto Gamboa,SI,Vicepresidente del Banco Central,Gerente de Análisis Macroeconómico,SI,,Gerente de Análisis Macroeconómico,LISTA_ASISTENCIA,,CONTEXTO_REVISADO,11,lo cual es confirmado por el señor Soto.,Evolución de mercados financieros y tipo de cambio,mercados_financieros,mercados financieros,mercados_financieros,NO,NO,NO,Hablante por contexto documentado: HAB-20260908-L23-3051-189 (data/curation/revisiones_hablantes.json; no cotejo PDF); Rol según lista de asistencia: Gerente de Análisis Macroeconómico,RPM-2010-04-15:3051:2,2,XLSX_ORIGINAL,NO,NO,RPM-2010-04-15:3051:B2,SIN_ALERTAS_AUTOMATICAS,,RPM-2010-04-15:T42,SIN_CONTINUIDAD_CONFIRMADA,,
3051,ESTRUCTURAL,cd1706769a902c4ffc65b86187964e3a837deb0d81887164c950004e6775c149,Despues,4534,RPM-2010-04-15,2010-04-15 00:00:00,Manuel Marfán Lewis,Manuel Marfán Lewis,NO,Vicepresidente del Banco Central,Vicepresidente del Banco Central,NO,,Vicepresidente del Banco Central,LISTA_ASISTENCIA,,SUJETO_NOMBRE,11,"El señor Marfán continúa, declarando que no se puede descartar que la inflación que se va a observar probablemente en abril haya ocurrido en marzo, habida cuenta que en marzo se imputó una variación de cero en la zona donde probablemente los precios experimentaron un alza más significativa.",Evolución de mercados financieros y tipo de cambio,mercados_financieros,mercados financieros,mercados_financieros,NO,NO,NO,Rol según lista de asistencia: Vicepresidente del Banco Central,RPM-2010-04-15:3051:3,3,XLSX_ORIGINAL,NO,NO,RPM-2010-04-15:3051:B3,SIN_ALERTAS_AUTOMATICAS,,RPM-2010-04-15:T43,INICIO_EXPLICITO,,RPM-2010-04-15:3051:3
3051,ESTRUCTURAL,cd1706769a902c4ffc65b86187964e3a837deb0d81887164c950004e6775c149,Despues,4535,RPM-2010-04-15,2010-04-15 00:00:00,Manuel Marfán Lewis,Claudio Soto Gamboa,SI,Vicepresidente del Banco Central,Gerente de Análisis Macroeconómico,SI,,Gerente de Análisis Macroeconómico,LISTA_ASISTENCIA,,SUJETO_NOMBRE,11,"El señor Soto aclara que eso también está considerándose en la proyección. Por último, el señor Claudio Soto indica que en el caso de los arriendos se observaron aumentos que no fueron reflejados en el IPC, y que hacia finales de marzo se observaron aumentos importantes, que también se están considerando en la proyección. Para complementar el diagnóstico respecto de la inflación, el señor Soto menciona que las expectativas empresariales apuntan a un significativo aumento de la misma. En cuanto a la proyección, el Gerente de Análisis Macroeconómico informa que se están considerando trayectorias de la gasolina que son virtualmente las mismas que se tenían para el cierre del IPoM. Destaca que desde entonces no ha habido muchas novedades, por lo que los principales supuestos son muy similares a los considerados en ese Informe. Al respecto, detalla que el tipo de cambio se ha apreciado un poco desde entonces; que el supuesto del precio del petróleo es exactamente el mismo que el del IPoM, pero que los precios spot de gasolinas son algo mayores en el mercado doméstico, modificando un poco su trayectoria; y que en el caso de perecibles, la trayectoria también es muy similar a lo que se tenía para el cierre del IPoM. Respecto del vestuario, el señor Claudio Soto explica que en la proyección se está considerando algo de estacionalidad, ya que no se están contemplando bajas tan fuertes en julio como las registradas el año pasado; que sí se prevé un aumento estacional hacia agosto, que coincidiría con el patrón estacional observado el año pasado; y que se descartaría el patrón estacional de septiembre de años anteriores, mes en que los precios del vestuario aumentaban significativamente.",Evolución de mercados financieros y tipo de cambio,mercados_financieros,mercados financieros,mercados_financieros,NO,NO,NO,Rol según lista de asistencia: Gerente de Análisis Macroeconómico,RPM-2010-04-15:3051:4,4,XLSX_ORIGINAL,NO,NO,RPM-2010-04-15:3051:B4,SIN_ALERTAS_AUTOMATICAS,,RPM-2010-04-15:T44,INICIO_EXPLICITO,,RPM-2010-04-15:3051:4
3051,ESTRUCTURAL,cd1706769a902c4ffc65b86187964e3a837deb0d81887164c950004e6775c149,Despues,4536,RPM-2010-04-15,2010-04-15 00:00:00,Manuel Marfán Lewis,Pablo García Silva,SI,Vicepresidente del Banco Central,Gerente de División Estudios,SI,,Gerente de División Estudios,LISTA_ASISTENCIA,,SUJETO_ROL_SESION,11,"El Gerente de División Estudios comenta que, respecto de vestuario, el INE cambió los puntos de recolección de precios y dejó de suavizar la serie. Hace presente que, hasta ahora, la Gerencia a su cargo más bien adjudica a lo segundo el principal efecto de lo que había ocurrido en dicha materia.",Evolución de mercados financieros y tipo de cambio,mercados_financieros,mercados financieros,mercados_financieros,NO,NO,NO,Rol según lista de asistencia: Gerente de División Estudios,RPM-2010-04-15:3051:5,5,XLSX_ORIGINAL,NO,NO,RPM-2010-04-15:3051:B5,SIN_ALERTAS_AUTOMATICAS,,RPM-2010-04-15:T45,INICIO_EXPLICITO,,RPM-2010-04-15:3051:5
3186,ESTRUCTURAL,65a440f8ebabefcb64efd154c3e8bc226708372a0611c86f931a7f47e7e71a77,Antes,4709,RPM-2010-06-15,2010-06-15 00:00:00,Sebastián Claro Edwards,Sebastián Claro Edwards,NO,Consejero,Consejero,NO,,Consejero,LISTA_ASISTENCIA,,SUJETO_ROL_NOMBRE,14,"El Consejero señor Sebastián Claro, en tanto, pregunta si esto corresponde a un exceso de demanda de dinero, lo que es confirmado por el señor Claudio Soto.",Análisis de actividad económica doméstica y demanda,actividad_interna,actividad interna,actividad_interna,NO,NO,NO,Rol según lista de asistencia: Consejero,RPM-2010-06-15:3186:1,1,XLSX_ORIGINAL,NO,NO,RPM-2010-06-15:3186:B1,SIN_ALERTAS_AUTOMATICAS,,RPM-2010-06-15:T63,INICIO_EXPLICITO,,RPM-2010-06-15:3186:1
3186,ESTRUCTURAL,65a440f8ebabefcb64efd154c3e8bc226708372a0611c86f931a7f47e7e71a77,Despues,4720,RPM-2010-06-15,2010-06-15 00:00:00,Sebastián Claro Edwards,Sebastián Claro Edwards,NO,Consejero,Consejero,NO,,Consejero,LISTA_ASISTENCIA,,SUJETO_ROL_NOMBRE,14,"El Consejero señor Sebastián Claro, en tanto, pregunta si esto corresponde a un exceso de demanda de dinero,",Análisis de actividad económica doméstica y demanda,actividad_interna,actividad interna,actividad_interna,NO,NO,NO,Rol según lista de asistencia: Consejero,RPM-2010-06-15:3186:1,1,XLSX_ORIGINAL,NO,NO,RPM-2010-06-15:3186:B1,PENDIENTE_REVISION,FINAL_SIN_PUNTUACION,RPM-2010-06-15:T63,INICIO_EXPLICITO,,RPM-2010-06-15:3186:1
3186,ESTRUCTURAL,65a440f8ebabefcb64efd154c3e8bc226708372a0611c86f931a7f47e7e71a77,Despues,4721,RPM-2010-06-15,2010-06-15 00:00:00,Sebastián Claro Edwards,Claudio Soto Gamboa,SI,Consejero,Gerente de Análisis Macroeconómico,SI,,Gerente de Análisis Macroeconómico,LISTA_ASISTENCIA,,CONTEXTO_REVISADO,14,lo que es confirmado por el señor Claudio Soto.,Análisis de actividad económica doméstica y demanda,actividad_interna,actividad interna,actividad_interna,NO,SI,NO,Hablante por contexto documentado: HAB-20260908-L23-3186-109 (data/curation/revisiones_hablantes.json; no cotejo PDF); Rol según lista de asistencia: Gerente de Análisis Macroeconómico,RPM-2010-06-15:3186:2,2,XLSX_ORIGINAL,NO,NO,RPM-2010-06-15:3186:B2,PENDIENTE_REVISION,DUPLICADO_NO_FORMULA,RPM-2010-06-15:T64,SIN_CONTINUIDAD_CONFIRMADA,,
3268,ESTRUCTURAL,ab4d4c2de94f94b06e0f718a60498c38f7f8b33a07f53fa751ae73338d5f974d,Antes,4823,RPM-2010-07-15,2010-07-15 00:00:00,Manuel Marfán Lewis,Manuel Marfán Lewis,NO,Vicepresidente del Banco Central,Vicepresidente del Banco Central,NO,,Vicepresidente del Banco Central,LISTA_ASISTENCIA,,SUJETO_ROL_NOMBRE,19,"El Vicepresidente señor Manuel Marfán manifiesta que, comparando la curva forward presentada con la distribuida por la Gerencia División de Operaciones Financieras, hay algunas diferencias. En primer término, señala que, de acuerdo con un cálculo simple, la expectativa para la TPM a diciembre que se obtiene de la curva forward debiera ser 3,44 ó 3,5% y no 3,25% como acaba de señalarse, lo que es confirmado por el señor Claudio Soto. En opinión del señor Vicepresidente, esa diferencia es relevante por dos razones. En primer término, porque lo que arroja la Encuesta de Operadores Financieros y la forward es prácticamente lo mismo, pero no así si esta última aumenta las expectativas en 25 puntos base. Agrega que si se supone que es probable que todos los meses se acuerde un alza de tasa, la diferencia será que ellos esperarían que hubiera un alza de 50 puntos base adicional, respecto de lo contemplado por la Gerencia División de Estudios. Al respecto, consulta cuál es el origen de las diferencias.",Acuerdo de Política Monetaria y comunicado oficial,acuerdo_comunicado,acuerdo y comunicado,acuerdo_comunicado,NO,NO,NO,Rol según lista de asistencia: Vicepresidente del Banco Central,RPM-2010-07-15:3268:1,1,XLSX_ORIGINAL,NO,NO,RPM-2010-07-15:3268:B1,SIN_ALERTAS_AUTOMATICAS,,RPM-2010-07-15:T78,INICIO_EXPLICITO,,RPM-2010-07-15:3268:1
3268,ESTRUCTURAL,ab4d4c2de94f94b06e0f718a60498c38f7f8b33a07f53fa751ae73338d5f974d,Antes,4824,RPM-2010-07-15,2010-07-15 00:00:00,Manuel Marfán Lewis,Pablo García Silva,SI,Vicepresidente del Banco Central,Gerente de División Estudios,SI,,Gerente de División Estudios,LISTA_ASISTENCIA,,SUJETO_ROL_SESION,19,"El Gerente de División Estudios manifiesta que la diferencia fundamental radica en que la curva expuesta se calcula para el tramo largo, de dos a más años, con los BCP, aun cuando se sabe que los BCP con la swap no están perfectamente arbitrados. De hecho, indica que la concavidad de la swap de aquí a un año es mayor que la concavidad de la curva forward referida, lo que refleja que el punto de llegada de la swap debiera estar por debajo del punto de llegada de los BCP y forward. Añade que, de hecho, los operadores y los analistas efectúan apuestas respecto del grado de concavidad de la curva y ello forma parte del debate de la trayectoria de la TPM. No habiendo más comentarios,.",Acuerdo de Política Monetaria y comunicado oficial,acuerdo_comunicado,acuerdo y comunicado,acuerdo_comunicado,NO,NO,NO,Rol según lista de asistencia: Gerente de División Estudios,RPM-2010-07-15:3268:2,2,XLSX_ORIGINAL,NO,NO,RPM-2010-07-15:3268:B2,SIN_ALERTAS_AUTOMATICAS,,RPM-2010-07-15:T79,INICIO_EXPLICITO,,RPM-2010-07-15:3268:2
3268,ESTRUCTURAL,ab4d4c2de94f94b06e0f718a60498c38f7f8b33a07f53fa751ae73338d5f974d,Despues,4835,RPM-2010-07-15,2010-07-15 00:00:00,Manuel Marfán Lewis,Manuel Marfán Lewis,NO,Vicepresidente del Banco Central,Vicepresidente del Banco Central,NO,,Vicepresidente del Banco Central,LISTA_ASISTENCIA,,SUJETO_ROL_NOMBRE,19,"El Vicepresidente señor Manuel Marfán manifiesta que, comparando la curva forward presentada con la distribuida por la Gerencia División de Operaciones Financieras, hay algunas diferencias. En primer término, señala que, de acuerdo con un cálculo simple, la expectativa para la TPM a diciembre que se obtiene de la curva forward debiera ser 3,44 ó 3,5% y no 3,25% como acaba de señalarse,",Acuerdo de Política Monetaria y comunicado oficial,acuerdo_comunicado,acuerdo y comunicado,acuerdo_comunicado,NO,NO,NO,Rol según lista de asistencia: Vicepresidente del Banco Central,RPM-2010-07-15:3268:1,1,XLSX_ORIGINAL,NO,NO,RPM-2010-07-15:3268:B1,PENDIENTE_REVISION,FINAL_SIN_PUNTUACION,RPM-2010-07-15:T78,INICIO_EXPLICITO,,RPM-2010-07-15:3268:1
3268,ESTRUCTURAL,ab4d4c2de94f94b06e0f718a60498c38f7f8b33a07f53fa751ae73338d5f974d,Despues,4836,RPM-2010-07-15,2010-07-15 00:00:00,Manuel Marfán Lewis,Claudio Soto Gamboa,SI,Vicepresidente del Banco Central,Gerente de Análisis Macroeconómico,SI,,Gerente de Análisis Macroeconómico,LISTA_ASISTENCIA,,CONTEXTO_REVISADO,19,lo que es confirmado por el señor Claudio Soto.,Acuerdo de Política Monetaria y comunicado oficial,acuerdo_comunicado,acuerdo y comunicado,acuerdo_comunicado,NO,SI,NO,Hablante por contexto documentado: HAB-20260908-L23-3268-389 (data/curation/revisiones_hablantes.json; no cotejo PDF); Rol según lista de asistencia: Gerente de Análisis Macroeconómico,RPM-2010-07-15:3268:2,2,XLSX_ORIGINAL,NO,NO,RPM-2010-07-15:3268:B2,PENDIENTE_REVISION,DUPLICADO_NO_FORMULA,RPM-2010-07-15:T79,SIN_CONTINUIDAD_CONFIRMADA,,
3268,ESTRUCTURAL,ab4d4c2de94f94b06e0f718a60498c38f7f8b33a07f53fa751ae73338d5f974d,Despues,4837,RPM-2010-07-15,2010-07-15 00:00:00,Manuel Marfán Lewis,Manuel Marfán Lewis,NO,Vicepresidente del Banco Central,Vicepresidente del Banco Central,NO,,Vicepresidente del Banco Central,LISTA_ASISTENCIA,,CONTEXTO_REVISADO,19,"En opinión del señor Vicepresidente, esa diferencia es relevante por dos razones. En primer término, porque lo que arroja la Encuesta de Operadores Financieros y la forward es prácticamente lo mismo, pero no así si esta última aumenta las expectativas en 25 puntos base. Agrega que si se supone que es probable que todos los meses se acuerde un alza de tasa, la diferencia será que ellos esperarían que hubiera un alza de 50 puntos base adicional, respecto de lo contemplado por la Gerencia División de Estudios. Al respecto, consulta cuál es el origen de las diferencias.",Acuerdo de Política Monetaria y comunicado oficial,acuerdo_comunicado,acuerdo y comunicado,acuerdo_comunicado,NO,NO,NO,Hablante por contexto documentado: HAB-20260908-L23-3268-437 (data/curation/revisiones_hablantes.json; no cotejo PDF); Rol según lista de asistencia: Vicepresidente del Banco Central,RPM-2010-07-15:3268:3,3,XLSX_ORIGINAL,NO,NO,RPM-2010-07-15:3268:B3,SIN_ALERTAS_AUTOMATICAS,,RPM-2010-07-15:T80,SIN_CONTINUIDAD_CONFIRMADA,,
3268,ESTRUCTURAL,ab4d4c2de94f94b06e0f718a60498c38f7f8b33a07f53fa751ae73338d5f974d,Despues,4838,RPM-2010-07-15,2010-07-15 00:00:00,Manuel Marfán Lewis,Pablo García Silva,SI,Vicepresidente del Banco Central,Gerente de División Estudios,SI,,Gerente de División Estudios,LISTA_ASISTENCIA,,SUJETO_ROL_SESION,19,"El Gerente de División Estudios manifiesta que la diferencia fundamental radica en que la curva expuesta se calcula para el tramo largo, de dos a más años, con los BCP, aun cuando se sabe que los BCP con la swap no están perfectamente arbitrados. De hecho, indica que la concavidad de la swap de aquí a un año es mayor que la concavidad de la curva forward referida, lo que refleja que el punto de llegada de la swap debiera estar por debajo del punto de llegada de los BCP y forward. Añade que, de hecho, los operadores y los analistas efectúan apuestas respecto del grado de concavidad de la curva y ello forma parte del debate de la trayectoria de la TPM. No habiendo más comentarios,.",Acuerdo de Política Monetaria y comunicado oficial,acuerdo_comunicado,acuerdo y comunicado,acuerdo_comunicado,NO,NO,NO,Rol según lista de asistencia: Gerente de División Estudios,RPM-2010-07-15:3268:4,4,XLSX_ORIGINAL,NO,NO,RPM-2010-07-15:3268:B4,PENDIENTE_REVISION,TEXTO_DANADO_POR_COTEJAR,RPM-2010-07-15:T81,INICIO_EXPLICITO,,RPM-2010-07-15:3268:4
3439,ESTRUCTURAL,af8af8bbb415f9946753f73e005344afa9b802348263a68a8868921bc9f8e1c9,Antes,5073,RPM-2010-10-14,2010-10-14 00:00:00,Beltrán de Ramón Acevedo,Beltrán de Ramón Acevedo,NO,Gerente de División Operaciones Financieras,Gerente de División Operaciones Financieras,NO,,Gerente de División Operaciones Financieras,LISTA_ASISTENCIA,,SUJETO_ROL_NOMBRE,4,"El Gerente de División Operaciones Financieras señor Beltrán de Ramón informa que dicho promedio se encuentra en el rango que va de 10 a 20 puntos base, lo cual es confirmado por el señor Felipe Jaque, quien explica, además, que dicho promedio es particularmente bajo para el Spread Libor - OIS a tres meses y que hoy está algo por sobre el rango estándar de 25 puntos base, aproximadamente. Añade que las primas de liquidez a doce meses están algo más altas respecto de lo que normalmente se paga de prima en tasas interbancarias a ese plazo.",Acuerdo de Política Monetaria y comunicado oficial,acuerdo_comunicado,acuerdo y comunicado,acuerdo_comunicado,NO,NO,NO,Rol según lista de asistencia: Gerente de División Operaciones Financieras,RPM-2010-10-14:3439:1,1,XLSX_ORIGINAL,NO,NO,RPM-2010-10-14:3439:B1,SIN_ALERTAS_AUTOMATICAS,,RPM-2010-10-14:T11,INICIO_EXPLICITO,,RPM-2010-10-14:3439:1
3439,ESTRUCTURAL,af8af8bbb415f9946753f73e005344afa9b802348263a68a8868921bc9f8e1c9,Antes,5074,RPM-2010-10-14,2010-10-14 00:00:00,Beltrán de Ramón Acevedo,Felipe Jaque,SI,Gerente de División Operaciones Financieras,Gerente de Análisis Internacional (S),SI,,Gerente de Análisis Internacional (S),LISTA_ASISTENCIA,,SUJETO_NOMBRE,4,"El señor Felipe Jaque prosigue, señalando que las expectativas de tasas de instancia monetaria de los analistas y las que se derivan de las trayectorias implícitas en los contratos futuros se han ajustado a la baja respecto de la Reunión anterior, salvo en las economías desarrolladas, donde los analistas ya incorporaron todos los ajustes a la trayectoria de TPM esperada para los próximos meses. Agrega que, de acuerdo con ellos, habría un ajuste a la baja en América Latina y Europa emergente, sobre todo en el primer semestre del 2011, y, en menor medida, en Asia y también en Oceania, que comprende Nueva Zelanda y Australia. En cuanto a las proyecciones implícitas en los contratos futuros, el señor Felipe Jaque hace notar que se advierte nuevamente un ajuste a la baja en el último mes. Detalla que el Reino Unido se aplana y que Estados Unidos se vuelve a aplanar respecto del mes pasado, lo que, de alguna forma, está en línea con el arbitraje que se esperaría después de que la tasa a dos años llegara a estos mínimos históricos. En materia de paridades, el señor Felipe Jaque destaca que el dólar continuó depreciándose de manera generalizada en el mes, gatillando una serie de intervenciones de distinta índole en los mercados cambiarlos de algunas economías, como control de capital e intervención en el mercado spot de algunas economías emergentes. Al respecto, señala que un foco en economías desarrolladas muestra que si bien los niveles nominales de los tipos de cambio, en particular del yen, se ven bastante bajos respecto de los promedios históricos, los niveles reales están levemente por sobre su media histórica de las últimas dos décadas, por lo que, de alguna manera, las presiones a la depreciación del yen, como se podría inferir del análisis bilateral nominal, no son tales. Indica que ello pone de relieve que los desalineamientos que se observan hoy no son tan marcados cuando se revisa la evolución del tipo de cambio real.",Acuerdo de Política Monetaria y comunicado oficial,acuerdo_comunicado,acuerdo y comunicado,acuerdo_comunicado,NO,NO,NO,Rol según lista de asistencia: Gerente de Análisis Internacional (S),RPM-2010-10-14:3439:2,2,XLSX_ORIGINAL,NO,NO,RPM-2010-10-14:3439:B2,SIN_ALERTAS_AUTOMATICAS,,RPM-2010-10-14:T12,INICIO_EXPLICITO,,RPM-2010-10-14:3439:2
3439,ESTRUCTURAL,af8af8bbb415f9946753f73e005344afa9b802348263a68a8868921bc9f8e1c9,Despues,5087,RPM-2010-10-14,2010-10-14 00:00:00,Beltrán de Ramón Acevedo,Beltrán de Ramón Acevedo,NO,Gerente de División Operaciones Financieras,Gerente de División Operaciones Financieras,NO,,Gerente de División Operaciones Financieras,LISTA_ASISTENCIA,,SUJETO_ROL_NOMBRE,4,"El Gerente de División Operaciones Financieras señor Beltrán de Ramón informa que dicho promedio se encuentra en el rango que va de 10 a 20 puntos base,",Acuerdo de Política Monetaria y comunicado oficial,acuerdo_comunicado,acuerdo y comunicado,acuerdo_comunicado,NO,NO,NO,Rol según lista de asistencia: Gerente de División Operaciones Financieras,RPM-2010-10-14:3439:1,1,XLSX_ORIGINAL,NO,NO,RPM-2010-10-14:3439:B1,PENDIENTE_REVISION,FINAL_SIN_PUNTUACION,RPM-2010-10-14:T11,INICIO_EXPLICITO,,RPM-2010-10-14:3439:1
3439,ESTRUCTURAL,af8af8bbb415f9946753f73e005344afa9b802348263a68a8868921bc9f8e1c9,Despues,5088,RPM-2010-10-14,2010-10-14 00:00:00,Beltrán de Ramón Acevedo,Felipe Jaque,SI,Gerente de División Operaciones Financieras,Gerente de Análisis Internacional (S),SI,,Gerente de Análisis Internacional (S),LISTA_ASISTENCIA,,CONTEXTO_REVISADO,4,"lo cual es confirmado por el señor Felipe Jaque, quien explica, además, que dicho promedio es particularmente bajo para el Spread Libor - OIS a tres meses y que hoy está algo por sobre el rango estándar de 25 puntos base, aproximadamente. Añade que las primas de liquidez a doce meses están algo más altas respecto de lo que normalmente se paga de prima en tasas interbancarias a ese plazo.",Acuerdo de Política Monetaria y comunicado oficial,acuerdo_comunicado,acuerdo y comunicado,acuerdo_comunicado,NO,NO,NO,Hablante por contexto documentado: HAB-20260908-L23-3439-153 (data/curation/revisiones_hablantes.json; no cotejo PDF); Rol según lista de asistencia: Gerente de Análisis Internacional (S),RPM-2010-10-14:3439:2,2,XLSX_ORIGINAL,NO,NO,RPM-2010-10-14:3439:B2,SIN_ALERTAS_AUTOMATICAS,,RPM-2010-10-14:T12,SIN_CONTINUIDAD_CONFIRMADA,,
3439,ESTRUCTURAL,af8af8bbb415f9946753f73e005344afa9b802348263a68a8868921bc9f8e1c9,Despues,5089,RPM-2010-10-14,2010-10-14 00:00:00,Beltrán de Ramón Acevedo,Felipe Jaque,SI,Gerente de División Operaciones Financieras,Gerente de Análisis Internacional (S),SI,,Gerente de Análisis Internacional (S),LISTA_ASISTENCIA,,SUJETO_NOMBRE,4,"El señor Felipe Jaque prosigue, señalando que las expectativas de tasas de instancia monetaria de los analistas y las que se derivan de las trayectorias implícitas en los contratos futuros se han ajustado a la baja respecto de la Reunión anterior, salvo en las economías desarrolladas, donde los analistas ya incorporaron todos los ajustes a la trayectoria de TPM esperada para los próximos meses. Agrega que, de acuerdo con ellos, habría un ajuste a la baja en América Latina y Europa emergente, sobre todo en el primer semestre del 2011, y, en menor medida, en Asia y también en Oceania, que comprende Nueva Zelanda y Australia. En cuanto a las proyecciones implícitas en los contratos futuros, el señor Felipe Jaque hace notar que se advierte nuevamente un ajuste a la baja en el último mes. Detalla que el Reino Unido se aplana y que Estados Unidos se vuelve a aplanar respecto del mes pasado, lo que, de alguna forma, está en línea con el arbitraje que se esperaría después de que la tasa a dos años llegara a estos mínimos históricos. En materia de paridades, el señor Felipe Jaque destaca que el dólar continuó depreciándose de manera generalizada en el mes, gatillando una serie de intervenciones de distinta índole en los mercados cambiarlos de algunas economías, como control de capital e intervención en el mercado spot de algunas economías emergentes. Al respecto, señala que un foco en economías desarrolladas muestra que si bien los niveles nominales de los tipos de cambio, en particular del yen, se ven bastante bajos respecto de los promedios históricos, los niveles reales están levemente por sobre su media histórica de las últimas dos décadas, por lo que, de alguna manera, las presiones a la depreciación del yen, como se podría inferir del análisis bilateral nominal, no son tales. Indica que ello pone de relieve que los desalineamientos que se observan hoy no son tan marcados cuando se revisa la evolución del tipo de cambio real.",Acuerdo de Política Monetaria y comunicado oficial,acuerdo_comunicado,acuerdo y comunicado,acuerdo_comunicado,NO,NO,NO,Rol según lista de asistencia: Gerente de Análisis Internacional (S),RPM-2010-10-14:3439:3,3,XLSX_ORIGINAL,NO,NO,RPM-2010-10-14:3439:B3,SIN_ALERTAS_AUTOMATICAS,,RPM-2010-10-14:T13,INICIO_EXPLICITO,,RPM-2010-10-14:3439:3
3646,ESTRUCTURAL,814cf096601a91a0820c3a5d75b7811bcd0847ef1ff182490537520175ba1866,Antes,5331,RPM-2011-01-13,2011-01-13 00:00:00,Sebastián Claro Edwards,Sebastián Claro Edwards,NO,Consejero,Consejero,NO,,Consejero,LISTA_ASISTENCIA,,SUJETO_ROL_NOMBRE,3,"El Consejero señor Sebastián Claro plantea que los vaivenes que exhiben las tasas largas en Alemania estarían determinados por el estrés financiero en Europa, ya que los datos de esa economía han sido bastante positivos en el margen, lo cual es confirmado por el Gerente de Análisis Internacional señor Sergio Lehmann.",Evolución de mercados financieros y tipo de cambio,mercados_financieros,mercados financieros,mercados_financieros,NO,NO,NO,Rol según lista de asistencia: Consejero,RPM-2011-01-13:3646:1,1,XLSX_ORIGINAL,NO,NO,RPM-2011-01-13:3646:B1,SIN_ALERTAS_AUTOMATICAS,,RPM-2011-01-13:T4,INICIO_EXPLICITO,,RPM-2011-01-13:3646:1
3646,ESTRUCTURAL,814cf096601a91a0820c3a5d75b7811bcd0847ef1ff182490537520175ba1866,Antes,5332,RPM-2011-01-13,2011-01-13 00:00:00,Sebastián Claro Edwards,Sergio Lehmann Beresi,SI,Consejero,Gerente de Análisis Internacional,SI,,Gerente de Análisis Internacional,LISTA_ASISTENCIA,,SUJETO_NOMBRE,3,"El señor Lehmann continúa, indicando que en materia de monedas, el euro tendió a depreciarse durante el mes, y que el yen no registró variación. Añade que las monedas de las economías emergentes se apreciaron, pero con cierta heterogeneidad, detallando que las latinoamericanas se mostraron estables, en general, y que las de Asia emergente registraron una apreciación algo más persistente que las de Europa emergente, ya que estas últimas se depreciaron durante unas semanas y luego volvieron a apreciarse. En cuanto a los tipos de cambio real, señala que se observan bastante estables en general. Complementando esta misma materia, manifiesta que al revisar la variación de las paridades con respecto a diferentes fechas hitos, correspondientes, en este caso, a la RPM de diciembre y a diciembre de 2009, 2008 y 2007, destaca la depreciación de 4,4% que registró el peso chileno desde la última RPM, así como la experimentada por la nueva lira turca y el forint de Hungría, y se observa que en el resto de las economías de la muestra predominan las apreciaciones, encabezadas por el peso colombiano, cuya variación respecto al dólar alcanzó a -3,1% en el último mes.",Evolución de mercados financieros y tipo de cambio,mercados_financieros,mercados financieros,mercados_financieros,NO,NO,NO,Rol según lista de asistencia: Gerente de Análisis Internacional,RPM-2011-01-13:3646:2,2,XLSX_ORIGINAL,NO,NO,RPM-2011-01-13:3646:B2,SIN_ALERTAS_AUTOMATICAS,,RPM-2011-01-13:T5,INICIO_EXPLICITO,,RPM-2011-01-13:3646:2
3646,ESTRUCTURAL,814cf096601a91a0820c3a5d75b7811bcd0847ef1ff182490537520175ba1866,Antes,5333,RPM-2011-01-13,2011-01-13 00:00:00,Sebastián Claro Edwards,Sebastián Claro Edwards,NO,Consejero,Consejero,NO,,Consejero,LISTA_ASISTENCIA,,SUJETO_ROL_NOMBRE,3,El Consejero señor Sebastián Claro consulta si Turquía y Hungría adoptaron alguna medida especial.,Evolución de mercados financieros y tipo de cambio,mercados_financieros,mercados financieros,mercados_financieros,NO,NO,NO,Rol según lista de asistencia: Consejero,RPM-2011-01-13:3646:3,3,XLSX_ORIGINAL,NO,NO,RPM-2011-01-13:3646:B3,SIN_ALERTAS_AUTOMATICAS,,RPM-2011-01-13:T6,INICIO_EXPLICITO,,RPM-2011-01-13:3646:3
3646,ESTRUCTURAL,814cf096601a91a0820c3a5d75b7811bcd0847ef1ff182490537520175ba1866,Despues,5346,RPM-2011-01-13,2011-01-13 00:00:00,Sebastián Claro Edwards,Sebastián Claro Edwards,NO,Consejero,Consejero,NO,,Consejero,LISTA_ASISTENCIA,,SUJETO_ROL_NOMBRE,3,"El Consejero señor Sebastián Claro plantea que los vaivenes que exhiben las tasas largas en Alemania estarían determinados por el estrés financiero en Europa, ya que los datos de esa economía han sido bastante positivos en el margen,",Evolución de mercados financieros y tipo de cambio,mercados_financieros,mercados financieros,mercados_financieros,NO,NO,NO,Rol según lista de asistencia: Consejero,RPM-2011-01-13:3646:1,1,XLSX_ORIGINAL,NO,NO,RPM-2011-01-13:3646:B1,PENDIENTE_REVISION,FINAL_SIN_PUNTUACION,RPM-2011-01-13:T4,INICIO_EXPLICITO,,RPM-2011-01-13:3646:1
3646,ESTRUCTURAL,814cf096601a91a0820c3a5d75b7811bcd0847ef1ff182490537520175ba1866,Despues,5347,RPM-2011-01-13,2011-01-13 00:00:00,Sebastián Claro Edwards,Sergio Lehmann Beresi,SI,Consejero,Gerente de Análisis Internacional,SI,,Gerente de Análisis Internacional,LISTA_ASISTENCIA,,CONTEXTO_REVISADO,3,lo cual es confirmado por el Gerente de Análisis Internacional señor Sergio Lehmann.,Evolución de mercados financieros y tipo de cambio,mercados_financieros,mercados financieros,mercados_financieros,NO,NO,NO,Hablante por contexto documentado: HAB-20260908-L23-3646-234 (data/curation/revisiones_hablantes.json; no cotejo PDF); Rol según lista de asistencia: Gerente de Análisis Internacional,RPM-2011-01-13:3646:2,2,XLSX_ORIGINAL,NO,NO,RPM-2011-01-13:3646:B2,SIN_ALERTAS_AUTOMATICAS,,RPM-2011-01-13:T5,SIN_CONTINUIDAD_CONFIRMADA,,
3646,ESTRUCTURAL,814cf096601a91a0820c3a5d75b7811bcd0847ef1ff182490537520175ba1866,Despues,5348,RPM-2011-01-13,2011-01-13 00:00:00,Sebastián Claro Edwards,Sergio Lehmann Beresi,SI,Consejero,Gerente de Análisis Internacional,SI,,Gerente de Análisis Internacional,LISTA_ASISTENCIA,,SUJETO_NOMBRE,3,"El señor Lehmann continúa, indicando que en materia de monedas, el euro tendió a depreciarse durante el mes, y que el yen no registró variación. Añade que las monedas de las economías emergentes se apreciaron, pero con cierta heterogeneidad, detallando que las latinoamericanas se mostraron estables, en general, y que las de Asia emergente registraron una apreciación algo más persistente que las de Europa emergente, ya que estas últimas se depreciaron durante unas semanas y luego volvieron a apreciarse. En cuanto a los tipos de cambio real, señala que se observan bastante estables en general. Complementando esta misma materia, manifiesta que al revisar la variación de las paridades con respecto a diferentes fechas hitos, correspondientes, en este caso, a la RPM de diciembre y a diciembre de 2009, 2008 y 2007, destaca la depreciación de 4,4% que registró el peso chileno desde la última RPM, así como la experimentada por la nueva lira turca y el forint de Hungría, y se observa que en el resto de las economías de la muestra predominan las apreciaciones, encabezadas por el peso colombiano, cuya variación respecto al dólar alcanzó a -3,1% en el último mes.",Evolución de mercados financieros y tipo de cambio,mercados_financieros,mercados financieros,mercados_financieros,NO,NO,NO,Rol según lista de asistencia: Gerente de Análisis Internacional,RPM-2011-01-13:3646:3,3,XLSX_ORIGINAL,NO,NO,RPM-2011-01-13:3646:B3,SIN_ALERTAS_AUTOMATICAS,,RPM-2011-01-13:T6,INICIO_EXPLICITO,,RPM-2011-01-13:3646:3
3646,ESTRUCTURAL,814cf096601a91a0820c3a5d75b7811bcd0847ef1ff182490537520175ba1866,Despues,5349,RPM-2011-01-13,2011-01-13 00:00:00,Sebastián Claro Edwards,Sebastián Claro Edwards,NO,Consejero,Consejero,NO,,Consejero,LISTA_ASISTENCIA,,SUJETO_ROL_NOMBRE,3,El Consejero señor Sebastián Claro consulta si Turquía y Hungría adoptaron alguna medida especial.,Evolución de mercados financieros y tipo de cambio,mercados_financieros,mercados financieros,mercados_financieros,NO,NO,NO,Rol según lista de asistencia: Consejero,RPM-2011-01-13:3646:4,4,XLSX_ORIGINAL,NO,NO,RPM-2011-01-13:3646:B4,SIN_ALERTAS_AUTOMATICAS,,RPM-2011-01-13:T7,INICIO_EXPLICITO,,RPM-2011-01-13:3646:4
3775,METADATOS_Y_ADVERTENCIA,efc7ea6aa75fa4b21ad023b66e2b2591557bc4266f130bd44428582b35cbcb9c,Antes,5478,RPM-2011-02-17,2011-02-17 00:00:00,José De Gregorio Rebeco,José De Gregorio Rebeco,NO,Presidente del Banco Central,Presidente del Banco Central,NO,,Presidente del Banco Central,LISTA_ASISTENCIA,,SUJETO_ROL_NOMBRE,13,"El Presidente señor José De Gregorio plantea que a contar de marzo del año 2010 se han creado cuatrocientos cincuenta mil empleos, es decir, seiscientos mil en doce meses, lo cual es confirmado por el señor Rodrigo Cerda. Concluye, en consecuencia, que habida consideración que la productividad del año 2010 será la de menor crecimiento en la historia de Chile, el incremento en la creación de empleo va a explicar el dinamismo del consumo.",Evolución del mercado laboral y empleo,mercado_laboral,mercado laboral,mercado_laboral,NO,NO,NO,Rol según lista de asistencia: Presidente del Banco Central,RPM-2011-02-17:3775:1,1,XLSX_ORIGINAL,NO,NO,RPM-2011-02-17:3775:B1,SIN_ALERTAS_AUTOMATICAS,,RPM-2011-02-17:T63,INICIO_EXPLICITO,,RPM-2011-02-17:3775:1
3775,METADATOS_Y_ADVERTENCIA,efc7ea6aa75fa4b21ad023b66e2b2591557bc4266f130bd44428582b35cbcb9c,Despues,5494,RPM-2011-02-17,2011-02-17 00:00:00,José De Gregorio Rebeco,José De Gregorio Rebeco,NO,Presidente del Banco Central,Presidente del Banco Central,NO,,Presidente del Banco Central,LISTA_ASISTENCIA,,SUJETO_ROL_NOMBRE,13,"El Presidente señor José De Gregorio plantea que a contar de marzo del año 2010 se han creado cuatrocientos cincuenta mil empleos, es decir, seiscientos mil en doce meses, lo cual es confirmado por el señor Rodrigo Cerda. Concluye, en consecuencia, que habida consideración que la productividad del año 2010 será la de menor crecimiento en la historia de Chile, el incremento en la creación de empleo va a explicar el dinamismo del consumo.",Evolución del mercado laboral y empleo,mercado_laboral,mercado laboral,mercado_laboral,NO,NO,NO,Rol según lista de asistencia: Presidente del Banco Central,RPM-2011-02-17:3775:1,1,XLSX_ORIGINAL,NO,NO,RPM-2011-02-17:3775:B1,PENDIENTE_REVISION,HABLANTES_POR_DELIMITAR,RPM-2011-02-17:T63,INICIO_EXPLICITO,,RPM-2011-02-17:3775:1
3843,ESTRUCTURAL,836754415e1b53d602e81a5f4b72f762061731208aaf1f80bce8e096cfeaf38e,Antes,5560,RPM-2011-03-17,2011-03-17 00:00:00,Enrique Marshall Rivera,Enrique Marshall Rivera,NO,Consejero,Consejero,NO,,Consejero,LISTA_ASISTENCIA,,SUJETO_ROL_NOMBRE,9,"El Consejero señor Enrique Marshall enfatiza que se debe tener presente que esa información está atrasada y que el hecho de considerar la inflación promedio diluye el problema en cierta medida. En su opinión, las expectativas a fin de año reflejarían de mejor forma la situación inflacionaria, lo cual es rebatido por el señor Luis Óscar Herrera, quien sostiene que, en general, las expectativas no son muy sensibles a ello. El Consejero señor Enrique Marshall acota que la transmisión del shock petrolero a los IPC de cado uno de los países varía significativamente, ya que algunos aplican subsidios, otros tienen mecanismos similares al Sipco o adoptan otras medidas.",Análisis de la inflación y expectativas inflacionarias,inflacion,inflación,inflacion,NO,NO,NO,Rol según lista de asistencia: Consejero,RPM-2011-03-17:3843:1,1,XLSX_ORIGINAL,NO,NO,RPM-2011-03-17:3843:B1,SIN_ALERTAS_AUTOMATICAS,,RPM-2011-03-17:T34,INICIO_EXPLICITO,,RPM-2011-03-17:3843:1
3843,ESTRUCTURAL,836754415e1b53d602e81a5f4b72f762061731208aaf1f80bce8e096cfeaf38e,Despues,5576,RPM-2011-03-17,2011-03-17 00:00:00,Enrique Marshall Rivera,Enrique Marshall Rivera,NO,Consejero,Consejero,NO,,Consejero,LISTA_ASISTENCIA,,SUJETO_ROL_NOMBRE,9,"El Consejero señor Enrique Marshall enfatiza que se debe tener presente que esa información está atrasada y que el hecho de considerar la inflación promedio diluye el problema en cierta medida. En su opinión, las expectativas a fin de año reflejarían de mejor forma la situación inflacionaria,",Análisis de la inflación y expectativas inflacionarias,inflacion,inflación,inflacion,NO,NO,NO,Rol según lista de asistencia: Consejero,RPM-2011-03-17:3843:1,1,XLSX_ORIGINAL,NO,NO,RPM-2011-03-17:3843:B1,PENDIENTE_REVISION,FINAL_SIN_PUNTUACION,RPM-2011-03-17:T34,INICIO_EXPLICITO,,RPM-2011-03-17:3843:1
3843,ESTRUCTURAL,836754415e1b53d602e81a5f4b72f762061731208aaf1f80bce8e096cfeaf38e,Despues,5577,RPM-2011-03-17,2011-03-17 00:00:00,Enrique Marshall Rivera,Luis Óscar Herrera Barriga,SI,Consejero,Gerente de División Estudios,SI,,Gerente de División Estudios,LISTA_ASISTENCIA,,CONTEXTO_REVISADO,9,"lo cual es rebatido por el señor Luis Óscar Herrera, quien sostiene que, en general, las expectativas no son muy sensibles a ello.",Análisis de la inflación y expectativas inflacionarias,inflacion,inflación,inflacion,NO,NO,NO,Hablante por contexto documentado: HAB-20260908-L23-3843-294 (data/curation/revisiones_hablantes.json; no cotejo PDF); Rol según lista de asistencia: Gerente de División Estudios,RPM-2011-03-17:3843:2,2,XLSX_ORIGINAL,NO,NO,RPM-2011-03-17:3843:B2,SIN_ALERTAS_AUTOMATICAS,,RPM-2011-03-17:T35,SIN_CONTINUIDAD_CONFIRMADA,,
3843,ESTRUCTURAL,836754415e1b53d602e81a5f4b72f762061731208aaf1f80bce8e096cfeaf38e,Despues,5578,RPM-2011-03-17,2011-03-17 00:00:00,Enrique Marshall Rivera,Enrique Marshall Rivera,NO,Consejero,Consejero,NO,,Consejero,LISTA_ASISTENCIA,,SUJETO_ROL_NOMBRE,9,"El Consejero señor Enrique Marshall acota que la transmisión del shock petrolero a los IPC de cado uno de los países varía significativamente, ya que algunos aplican subsidios, otros tienen mecanismos similares al Sipco o adoptan otras medidas.",Análisis de la inflación y expectativas inflacionarias,inflacion,inflación,inflacion,NO,NO,NO,Rol según lista de asistencia: Consejero,RPM-2011-03-17:3843:3,3,XLSX_ORIGINAL,NO,NO,RPM-2011-03-17:3843:B3,SIN_ALERTAS_AUTOMATICAS,,RPM-2011-03-17:T36,INICIO_EXPLICITO,,RPM-2011-03-17:3843:3
4182,ESTRUCTURAL,41b0815e44cf335ab40fcb0b28d749a55be9c6b642a0063ed33b73ea0058780c,Antes,5947,RPM-2011-07-14,2011-07-14 00:00:00,José De Gregorio Rebeco,José De Gregorio Rebeco,NO,Presidente del Banco Central,Presidente del Banco Central,NO,,Presidente del Banco Central,LISTA_ASISTENCIA,,SUJETO_ROL_NOMBRE,12,"El Presidente señor José De Gregorio indica que las condiciones de demanda de créditos de consumo están mejorando, lo cual es confirmado por el señor Claudio Soto, quien acota que las condiciones de oferta están cercanas a cero, lo que significa que no hay cambios respecto del trimestre anterior.",Análisis de actividad económica doméstica y demanda,actividad_interna,actividad interna,actividad_interna,NO,NO,NO,Rol según lista de asistencia: Presidente del Banco Central,RPM-2011-07-14:4182:1,1,XLSX_ORIGINAL,NO,NO,RPM-2011-07-14:4182:B1,SIN_ALERTAS_AUTOMATICAS,,RPM-2011-07-14:T66,INICIO_EXPLICITO,,RPM-2011-07-14:4182:1
4182,ESTRUCTURAL,41b0815e44cf335ab40fcb0b28d749a55be9c6b642a0063ed33b73ea0058780c,Despues,5965,RPM-2011-07-14,2011-07-14 00:00:00,José De Gregorio Rebeco,José De Gregorio Rebeco,NO,Presidente del Banco Central,Presidente del Banco Central,NO,,Presidente del Banco Central,LISTA_ASISTENCIA,,SUJETO_ROL_NOMBRE,12,"El Presidente señor José De Gregorio indica que las condiciones de demanda de créditos de consumo están mejorando,",Análisis de actividad económica doméstica y demanda,actividad_interna,actividad interna,actividad_interna,NO,NO,NO,Rol según lista de asistencia: Presidente del Banco Central,RPM-2011-07-14:4182:1,1,XLSX_ORIGINAL,NO,NO,RPM-2011-07-14:4182:B1,PENDIENTE_REVISION,FINAL_SIN_PUNTUACION,RPM-2011-07-14:T66,INICIO_EXPLICITO,,RPM-2011-07-14:4182:1
4182,ESTRUCTURAL,41b0815e44cf335ab40fcb0b28d749a55be9c6b642a0063ed33b73ea0058780c,Despues,5966,RPM-2011-07-14,2011-07-14 00:00:00,José De Gregorio Rebeco,Claudio Soto Gamboa,SI,Presidente del Banco Central,Gerente de Análisis Macroeconómico,SI,,Gerente de Análisis Macroeconómico,LISTA_ASISTENCIA,,CONTEXTO_REVISADO,12,"lo cual es confirmado por el señor Claudio Soto, quien acota que las condiciones de oferta están cercanas a cero, lo que significa que no hay cambios respecto del trimestre anterior.",Análisis de actividad económica doméstica y demanda,actividad_interna,actividad interna,actividad_interna,NO,NO,NO,Hablante por contexto documentado: HAB-20260908-L23-4182-115 (data/curation/revisiones_hablantes.json; no cotejo PDF); Rol según lista de asistencia: Gerente de Análisis Macroeconómico,RPM-2011-07-14:4182:2,2,XLSX_ORIGINAL,NO,NO,RPM-2011-07-14:4182:B2,SIN_ALERTAS_AUTOMATICAS,,RPM-2011-07-14:T67,SIN_CONTINUIDAD_CONFIRMADA,,
4470,ESTRUCTURAL,f3126dd95e950b2596e2405c74085bdc3731fcc05842ec25c6acd700013550a1,Antes,6319,RPM-2011-12-13,2011-12-13 00:00:00,Rodrigo Vergara Montes,Rodrigo Vergara Montes,NO,Presidente del Banco Central,Presidente del Banco Central,NO,,Presidente del Banco Central,LISTA_ASISTENCIA,,SUJETO_ROL_NOMBRE,5,"El Presidente señor Rodrigo Vergara plantea que los antecedentes expuestos permiten señalar que la situación es algo menos negativa, lo cual es confirmado por el señor Lehmann.",deliberación de política monetaria y balance de riesgos,riesgos,deliberación rpm,debate,NO,NO,NO,Rol según lista de asistencia: Presidente del Banco Central,RPM-2011-12-13:4470:1,1,XLSX_ORIGINAL,NO,NO,RPM-2011-12-13:4470:B1,SIN_ALERTAS_AUTOMATICAS,,RPM-2011-12-13:T12,INICIO_EXPLICITO,,RPM-2011-12-13:4470:1
4470,ESTRUCTURAL,f3126dd95e950b2596e2405c74085bdc3731fcc05842ec25c6acd700013550a1,Despues,6338,RPM-2011-12-13,2011-12-13 00:00:00,Rodrigo Vergara Montes,Rodrigo Vergara Montes,NO,Presidente del Banco Central,Presidente del Banco Central,NO,,Presidente del Banco Central,LISTA_ASISTENCIA,,SUJETO_ROL_NOMBRE,5,"El Presidente señor Rodrigo Vergara plantea que los antecedentes expuestos permiten señalar que la situación es algo menos negativa,",deliberación de política monetaria y balance de riesgos,riesgos,deliberación rpm,debate,NO,NO,NO,Rol según lista de asistencia: Presidente del Banco Central,RPM-2011-12-13:4470:1,1,XLSX_ORIGINAL,NO,NO,RPM-2011-12-13:4470:B1,PENDIENTE_REVISION,FINAL_SIN_PUNTUACION,RPM-2011-12-13:T12,INICIO_EXPLICITO,,RPM-2011-12-13:4470:1
4470,ESTRUCTURAL,f3126dd95e950b2596e2405c74085bdc3731fcc05842ec25c6acd700013550a1,Despues,6339,RPM-2011-12-13,2011-12-13 00:00:00,Rodrigo Vergara Montes,Sergio Lehmann Beresi,SI,Presidente del Banco Central,Gerente de Análisis Internacional,SI,,Gerente de Análisis Internacional,LISTA_ASISTENCIA,,CONTEXTO_REVISADO,5,lo cual es confirmado por el señor Lehmann.,deliberación de política monetaria y balance de riesgos,riesgos,deliberación rpm,debate,NO,SI,NO,Hablante por contexto documentado: HAB-20260908-L23-4470-133 (data/curation/revisiones_hablantes.json; no cotejo PDF); Rol según lista de asistencia: Gerente de Análisis Internacional,RPM-2011-12-13:4470:2,2,XLSX_ORIGINAL,NO,NO,RPM-2011-12-13:4470:B2,PENDIENTE_REVISION,DUPLICADO_NO_FORMULA,RPM-2011-12-13:T13,SIN_CONTINUIDAD_CONFIRMADA,,
5168,ESTRUCTURAL,f60e1de9b4fde7a0e4e993f2528427b6c6d794c1a10e4942eb2cb6738898ac07,Antes,7141,RPM-2012-11-13,2012-11-13 00:00:00,Manuel Marfán Lewis,Manuel Marfán Lewis,NO,Vicepresidente del Banco Central,Vicepresidente del Banco Central,NO,,Vicepresidente del Banco Central,LISTA_ASISTENCIA,,SUJETO_ROL_SESION,7,"El Vicepresidente observa que Chile pasa del rango amarillo a naranjo en el cuarto trimestre del año en curso, por lo que conforme a ese gráfico comenzará a crecer por sobre su tendencia. Ello es corroborado por el señor Sergio Lehmann, quien acota que se prevé que se mantendrá dicho rango representado por el color naranjo durante el primer trimestre del año 2013.",Análisis macroeconómico y discusión de política monetaria,debate,discusión monetaria,debate,NO,NO,NO,Rol según lista de asistencia: Vicepresidente del Banco Central,RPM-2012-11-13:5168:1,1,XLSX_ORIGINAL,NO,NO,RPM-2012-11-13:5168:B1,SIN_ALERTAS_AUTOMATICAS,,RPM-2012-11-13:T6,INICIO_EXPLICITO,,RPM-2012-11-13:5168:1
5168,ESTRUCTURAL,f60e1de9b4fde7a0e4e993f2528427b6c6d794c1a10e4942eb2cb6738898ac07,Despues,7161,RPM-2012-11-13,2012-11-13 00:00:00,Manuel Marfán Lewis,Manuel Marfán Lewis,NO,Vicepresidente del Banco Central,Vicepresidente del Banco Central,NO,,Vicepresidente del Banco Central,LISTA_ASISTENCIA,,SUJETO_ROL_SESION,7,"El Vicepresidente observa que Chile pasa del rango amarillo a naranjo en el cuarto trimestre del año en curso, por lo que conforme a ese gráfico comenzará a crecer por sobre su tendencia.",Análisis macroeconómico y discusión de política monetaria,debate,discusión monetaria,debate,NO,NO,NO,Rol según lista de asistencia: Vicepresidente del Banco Central,RPM-2012-11-13:5168:1,1,XLSX_ORIGINAL,NO,NO,RPM-2012-11-13:5168:B1,SIN_ALERTAS_AUTOMATICAS,,RPM-2012-11-13:T6,INICIO_EXPLICITO,,RPM-2012-11-13:5168:1
5168,ESTRUCTURAL,f60e1de9b4fde7a0e4e993f2528427b6c6d794c1a10e4942eb2cb6738898ac07,Despues,7162,RPM-2012-11-13,2012-11-13 00:00:00,Manuel Marfán Lewis,Sergio Lehmann Beresi,SI,Vicepresidente del Banco Central,Gerente de Análisis Internacional,SI,,Gerente de Análisis Internacional,LISTA_ASISTENCIA,,CONTEXTO_REVISADO,7,"Ello es corroborado por el señor Sergio Lehmann, quien acota que se prevé que se mantendrá dicho rango representado por el color naranjo durante el primer trimestre del año 2013.",Análisis macroeconómico y discusión de política monetaria,debate,discusión monetaria,debate,NO,NO,NO,Hablante por contexto documentado: HAB-20260908-L23-5168-188 (data/curation/revisiones_hablantes.json; no cotejo PDF); Rol según lista de asistencia: Gerente de Análisis Internacional,RPM-2012-11-13:5168:2,2,XLSX_ORIGINAL,NO,NO,RPM-2012-11-13:5168:B2,SIN_ALERTAS_AUTOMATICAS,,RPM-2012-11-13:T7,SIN_CONTINUIDAD_CONFIRMADA,,
5639,ESTRUCTURAL,5d084c290d4085c96a520ca38de79ec0b1e166079d6bb2be5c079a8bcb4cd896,Antes,7687,RPM-2013-07-11,2013-07-11 00:00:00,Rodrigo Vergara Montes,Rodrigo Vergara Montes,NO,Presidente del Banco Central,Presidente del Banco Central,NO,,Presidente del Banco Central,LISTA_ASISTENCIA,,SUJETO_ROL_NOMBRE,2,"El Presidente señor Rodrigo Vergara comenta que el gobierno portugués no ha descartado el otorgamiento de un nuevo conjunto de medidas de apoyo por parte de las instituciones internacionales, reflejando la complejidad de su situación, lo que es corroborado por el señor Sergio Lehmann, quien precisa, además, que si bien esa noticia generó una reacción positiva en los mercados, los EMBI y los spreads se han mantenido elevados y más altos que hace un mes atrás, dando cuenta que esta tensión política se ha visto reflejada en los indicadores financieros de ese país. Otra noticia que ha tenido efectos en el plano económico la constituye la situación de Egipto, en que continúa la tensión política tras el golpe de Estado. Hace notar que a pesar que este país no es un productor importante de petróleo, el mayor riesgo derivado del efecto de estas tensiones sobre la situación en el Medio Oriente ha generado presiones al alza en su precio.",Análisis del escenario macroeconómico internacional,escenario_internacional,escenario internacional,escenario_internacional,NO,NO,NO,Rol según lista de asistencia: Presidente del Banco Central,RPM-2013-07-11:5639:1,1,XLSX_ORIGINAL,NO,NO,RPM-2013-07-11:5639:B1,SIN_ALERTAS_AUTOMATICAS,,RPM-2013-07-11:T4,INICIO_EXPLICITO,,RPM-2013-07-11:5639:1
5639,ESTRUCTURAL,5d084c290d4085c96a520ca38de79ec0b1e166079d6bb2be5c079a8bcb4cd896,Despues,7708,RPM-2013-07-11,2013-07-11 00:00:00,Rodrigo Vergara Montes,Rodrigo Vergara Montes,NO,Presidente del Banco Central,Presidente del Banco Central,NO,,Presidente del Banco Central,LISTA_ASISTENCIA,,SUJETO_ROL_NOMBRE,2,"El Presidente señor Rodrigo Vergara comenta que el gobierno portugués no ha descartado el otorgamiento de un nuevo conjunto de medidas de apoyo por parte de las instituciones internacionales, reflejando la complejidad de su situación,",Análisis del escenario macroeconómico internacional,escenario_internacional,escenario internacional,escenario_internacional,NO,NO,NO,Rol según lista de asistencia: Presidente del Banco Central,RPM-2013-07-11:5639:1,1,XLSX_ORIGINAL,NO,NO,RPM-2013-07-11:5639:B1,PENDIENTE_REVISION,FINAL_SIN_PUNTUACION,RPM-2013-07-11:T4,INICIO_EXPLICITO,,RPM-2013-07-11:5639:1
5639,ESTRUCTURAL,5d084c290d4085c96a520ca38de79ec0b1e166079d6bb2be5c079a8bcb4cd896,Despues,7709,RPM-2013-07-11,2013-07-11 00:00:00,Rodrigo Vergara Montes,Sergio Lehmann Beresi,SI,Presidente del Banco Central,Gerente de Análisis Internacional,SI,,Gerente de Análisis Internacional,LISTA_ASISTENCIA,,CONTEXTO_REVISADO,2,"lo que es corroborado por el señor Sergio Lehmann, quien precisa, además, que si bien esa noticia generó una reacción positiva en los mercados, los EMBI y los spreads se han mantenido elevados y más altos que hace un mes atrás, dando cuenta que esta tensión política se ha visto reflejada en los indicadores financieros de ese país. Otra noticia que ha tenido efectos en el plano económico la constituye la situación de Egipto, en que continúa la tensión política tras el golpe de Estado. Hace notar que a pesar que este país no es un productor importante de petróleo, el mayor riesgo derivado del efecto de estas tensiones sobre la situación en el Medio Oriente ha generado presiones al alza en su precio.",Análisis del escenario macroeconómico internacional,escenario_internacional,escenario internacional,escenario_internacional,NO,NO,NO,Hablante por contexto documentado: HAB-20260908-L23-5639-235 (data/curation/revisiones_hablantes.json; no cotejo PDF); Rol según lista de asistencia: Gerente de Análisis Internacional,RPM-2013-07-11:5639:2,2,XLSX_ORIGINAL,NO,NO,RPM-2013-07-11:5639:B2,SIN_ALERTAS_AUTOMATICAS,,RPM-2013-07-11:T5,SIN_CONTINUIDAD_CONFIRMADA,,
5643,ESTRUCTURAL,f8078bfaacc4be58cba84bad406feda84e9ef0876478d6d5bcaada03ee1b890a,Antes,7691,RPM-2013-07-11,2013-07-11 00:00:00,Claudio Soto Gamboa,Claudio Soto Gamboa,NO,Gerente de Análisis Macroeconómico,Gerente de Análisis Macroeconómico,NO,,Gerente de Análisis Macroeconómico,LISTA_ASISTENCIA,,SUJETO_ROL_NOMBRE,4,El Gerente de Análisis Macroeconómico señor Claudio Soto indica que se proporcionará esta información al término de la presentación del escenario internacional. y,Análisis del escenario macroeconómico internacional,escenario_internacional,escenario internacional,escenario_internacional,NO,NO,NO,Rol según lista de asistencia: Gerente de Análisis Macroeconómico,RPM-2013-07-11:5643:1,1,XLSX_ORIGINAL,NO,NO,RPM-2013-07-11:5643:B1,PENDIENTE_REVISION,FINAL_SIN_PUNTUACION,RPM-2013-07-11:T8,INICIO_EXPLICITO,,RPM-2013-07-11:5643:1
5643,ESTRUCTURAL,f8078bfaacc4be58cba84bad406feda84e9ef0876478d6d5bcaada03ee1b890a,Antes,7692,RPM-2013-07-11,2013-07-11 00:00:00,Claudio Soto Gamboa,Joaquín Vial Ruiz-Tagle,SI,Gerente de Análisis Macroeconómico,Consejero,SI,,Consejero,LISTA_ASISTENCIA,,SUJETO_ROL_NOMBRE,4,"El Consejero señor Joaquín Vial destaca que todas las regiones exhiban flujos de capitales negativos, lo que en su opinión daría cuenta de que los inversionistas están retirando sus posiciones de los mercados internacionales y regresando a sus países de origen, lo cual es confirmado por el señor Sergio Lehmann.",Análisis del escenario macroeconómico internacional,escenario_internacional,escenario internacional,escenario_internacional,NO,NO,NO,Rol según lista de asistencia: Consejero,RPM-2013-07-11:5643:2,2,XLSX_ORIGINAL,NO,NO,RPM-2013-07-11:5643:B2,SIN_ALERTAS_AUTOMATICAS,,RPM-2013-07-11:T9,INICIO_EXPLICITO,,RPM-2013-07-11:5643:2
5643,ESTRUCTURAL,f8078bfaacc4be58cba84bad406feda84e9ef0876478d6d5bcaada03ee1b890a,Despues,7713,RPM-2013-07-11,2013-07-11 00:00:00,Claudio Soto Gamboa,Claudio Soto Gamboa,NO,Gerente de Análisis Macroeconómico,Gerente de Análisis Macroeconómico,NO,,Gerente de Análisis Macroeconómico,LISTA_ASISTENCIA,,SUJETO_ROL_NOMBRE,4,El Gerente de Análisis Macroeconómico señor Claudio Soto indica que se proporcionará esta información al término de la presentación del escenario internacional. y,Análisis del escenario macroeconómico internacional,escenario_internacional,escenario internacional,escenario_internacional,NO,NO,NO,Rol según lista de asistencia: Gerente de Análisis Macroeconómico,RPM-2013-07-11:5643:1,1,XLSX_ORIGINAL,NO,NO,RPM-2013-07-11:5643:B1,PENDIENTE_REVISION,FINAL_SIN_PUNTUACION;TEXTO_DANADO_POR_COTEJAR,RPM-2013-07-11:T9,INICIO_EXPLICITO,,RPM-2013-07-11:5643:1
5643,ESTRUCTURAL,f8078bfaacc4be58cba84bad406feda84e9ef0876478d6d5bcaada03ee1b890a,Despues,7714,RPM-2013-07-11,2013-07-11 00:00:00,Claudio Soto Gamboa,Joaquín Vial Ruiz-Tagle,SI,Gerente de Análisis Macroeconómico,Consejero,SI,,Consejero,LISTA_ASISTENCIA,,SUJETO_ROL_NOMBRE,4,"El Consejero señor Joaquín Vial destaca que todas las regiones exhiban flujos de capitales negativos, lo que en su opinión daría cuenta de que los inversionistas están retirando sus posiciones de los mercados internacionales y regresando a sus países de origen,",Análisis del escenario macroeconómico internacional,escenario_internacional,escenario internacional,escenario_internacional,NO,NO,NO,Rol según lista de asistencia: Consejero,RPM-2013-07-11:5643:2,2,XLSX_ORIGINAL,NO,NO,RPM-2013-07-11:5643:B2,PENDIENTE_REVISION,FINAL_SIN_PUNTUACION,RPM-2013-07-11:T10,INICIO_EXPLICITO,,RPM-2013-07-11:5643:2
5643,ESTRUCTURAL,f8078bfaacc4be58cba84bad406feda84e9ef0876478d6d5bcaada03ee1b890a,Despues,7715,RPM-2013-07-11,2013-07-11 00:00:00,Claudio Soto Gamboa,Sergio Lehmann Beresi,SI,Gerente de Análisis Macroeconómico,Gerente de Análisis Internacional,SI,,Gerente de Análisis Internacional,LISTA_ASISTENCIA,,CONTEXTO_REVISADO,4,lo cual es confirmado por el señor Sergio Lehmann.,Análisis del escenario macroeconómico internacional,escenario_internacional,escenario internacional,escenario_internacional,NO,NO,NO,Hablante por contexto documentado: HAB-20260908-L23-5643-425 (data/curation/revisiones_hablantes.json; no cotejo PDF); Rol según lista de asistencia: Gerente de Análisis Internacional,RPM-2013-07-11:5643:3,3,XLSX_ORIGINAL,NO,NO,RPM-2013-07-11:5643:B3,SIN_ALERTAS_AUTOMATICAS,,RPM-2013-07-11:T11,SIN_CONTINUIDAD_CONFIRMADA,,
