Ciclos,ID_Padre,SHA256_Texto_Padre,Fecha,IDs_Antes,Actores_Antes,ID_Actual,Actor_Actual,Fuente_Actor,ID_Turno,Relacion_Turno,Alertas_Actuales,Texto_Actual
1,4562,e9c127cd946aaefebbd2c55f47f3c9f1a748a762a1e2dcf33941cf26e0779f69,2012-01-12,6322;6323,Luis Óscar Herrera Barriga;Consejo del Banco Central de Chile,6322,Luis Óscar Herrera Barriga,SUJETO_ROL_NOMBRE,RPM-2012-01-12:T55,INICIO_EXPLICITO,,"El Gerente de División Estudios señor Luis Óscar Herrera señala que hay una discrepancia a nivel de demanda final. Precisa que en consumo, por ejemplo, esta se observa entre los oferentes y los demandantes finales. Al respecto, comenta que, en general, las cifras provenientes de los demandantes finales, sean estas de solicitudes de crédito, compras, compras de bienes durables o compras en el comercio, se mantienen relativamente con mayor dinamismo, mientras que las de los oferentes, esto es, bancos, oferentes de crédito o las empresas como importadores de bienes de consumo, se observan señales de mayor cautela. En consecuencia, hay cierta discrepancia en la demanda de los consumidores, que se mantiene, mientras que algunas señales por parte de los productores podrían anticipar una desaceleración en los próximos meses. Con respecto a las condiciones financieras, concuerda con que es difícil saber cuál es la normalidad, razón por la cual se está en proceso de descubrimiento de cuáles son las condiciones apropiadas hacia adelante. Agrega que, desde el punto de vista del grado de entusiasmo o pesimismo que existe en los mercados financieros, sí es un factor relevante para efectos de la tasa de interés, ya que el entusiasmo de los mercados financieros genera una situación de demanda más expansiva y condiciones para el endeudamiento más favorables, que tiene implicancias para la tasa de política monetaria."
1,4562,e9c127cd946aaefebbd2c55f47f3c9f1a748a762a1e2dcf33941cf26e0779f69,2012-01-12,6322;6323,Luis Óscar Herrera Barriga;Consejo del Banco Central de Chile,6323,Rodrigo Vergara Montes,SUJETO_ROL_NOMBRE,RPM-2012-01-12:T56,INICIO_EXPLICITO,,"Al no haber consultas o comentarios adicionales, el Presidente señor Rodrigo Vergara suspende la presente Reunión hasta las 16:00 horas."
1,4562,e9c127cd946aaefebbd2c55f47f3c9f1a748a762a1e2dcf33941cf26e0779f69,2012-01-12,6322;6323,Luis Óscar Herrera Barriga;Consejo del Banco Central de Chile,6324,Consejo del Banco Central de Chile,ACTA/META,RPM-2012-01-12:T57,INSTITUCIONAL,,"Siendo las 16:00 horas, se reanuda la Reunión de Política Monetaria N° 181, incorporándose a ella el Ministro de Hacienda señor Felipe Larraín."
1,4638,964b0a39992aab0babc3d2c77acba6b40a2be035a48fbe346972e82cd205e7aa,2012-02-14,6401;6402,Kevin Cowan Logan;Consejo del Banco Central de Chile,6402,Kevin Cowan Logan,SUJETO_ROL_NOMBRE,RPM-2012-02-14:T66,INICIO_EXPLICITO,,"El Gerente de División Política Financiera señor Kevin Cowan señala que los spreads de las tasas de los créditos de consumo y comerciales no registran, aparentemente, cambios materiales. En su opinión, las variaciones que se advierten en las tasas de interés se relacionan más con los costos de captación de fondos. Hace presente que ello se observó con intensidad durante los años 2008 y 2009."
1,4638,964b0a39992aab0babc3d2c77acba6b40a2be035a48fbe346972e82cd205e7aa,2012-02-14,6401;6402,Kevin Cowan Logan;Consejo del Banco Central de Chile,6403,Rodrigo Vergara Montes,SUJETO_ROL_NOMBRE,RPM-2012-02-14:T67,INICIO_EXPLICITO,,"Al no haber consultas o comentarios adicionales, el Presidente señor Rodrigo Vergara suspende la presente Reunión para reanudarla a las 16 horas."
1,4638,964b0a39992aab0babc3d2c77acba6b40a2be035a48fbe346972e82cd205e7aa,2012-02-14,6401;6402,Kevin Cowan Logan;Consejo del Banco Central de Chile,6404,Consejo del Banco Central de Chile,ACTA/META,RPM-2012-02-14:T68,INSTITUCIONAL,,"Siendo las 16:00 horas, se reanuda la Reunión de Política Monetaria N° 182, incorporándose a ella el Ministro de Hacienda señor Felipe Larraín."
2,4745,0252c2442e6457a3d39674411a551523d97254e5979562c46cba155260b671d6,2012-04-17,6527,Claudio Soto Gamboa,6529,Claudio Soto Gamboa,SUJETO_ROL_NOMBRE,RPM-2012-04-17:T17,INICIO_EXPLICITO,,"El Gerente de Análisis Macroeconómico señor Claudio Soto plantea que para determinarlo, lo central es que el pivote elegido considere un año normal o en el que la brecha estuvo cerrada. Explica que al elaborar el heat map, se promedia toda la muestra y se asume que en ella, la brecha estuvo precisamente cerrada, y que de acuerdo con ello, los datos correspondientes a los últimos tres a cuatro trimestres dan cuenta de que, efectivamente, la brecha habría estado más abierta en dicho período."
2,4745,0252c2442e6457a3d39674411a551523d97254e5979562c46cba155260b671d6,2012-04-17,6527,Claudio Soto Gamboa,6530,Sergio Lehmann Beresi,CONTEXTO_REVISADO,RPM-2012-04-17:T18,SIN_CONTINUIDAD_CONFIRMADA,,"Al proseguir con su presentación, el Gerente de Análisis Internacional señor Sergio Lehmann se refiere a las proyecciones en materia de crecimiento. Sobre el particular, señala que al utilizar modelos de factores dinámicos, que consideran entre doscientas y trescientas variables, se obtiene que el crecimiento del primer trimestre de la Zona Euro, los Estados Unidos y Japón estaría ligeramente por sobre lo que contemplan el IPoM y Bloomberg, y que ello se asocia fundamentalmente a indicadores de confianza recientes, que muestran una visión algo más optimista en este sentido. A continuación,."
1,4833,1b372af6d512f39ef8da975d8ce2d995c01430f729caf443b15b50033bf83cb8,2012-05-17,6634;6635,Claudio Soto Gamboa;Consejo del Banco Central de Chile,6637,Claudio Soto Gamboa,SUJETO_ROL_NOMBRE,RPM-2012-05-17:T47,INICIO_EXPLICITO,,"El Gerente de Análisis Macroeconómico señor Claudio Soto informa que una comparación de precios de vestuario en el mundo da cuenta de que en Chile se registra una caída mayor que en otros países. Incluso, cita que en el caso de Japón, economía que no registra inflación, mantiene precios de vestuario estables."
1,4833,1b372af6d512f39ef8da975d8ce2d995c01430f729caf443b15b50033bf83cb8,2012-05-17,6634;6635,Claudio Soto Gamboa;Consejo del Banco Central de Chile,6638,Rodrigo Vergara Montes,SUJETO_ROL_NOMBRE,RPM-2012-05-17:T48,INICIO_EXPLICITO,,"Al no haber más comentarios, el Presidente señor Rodrigo Vergara suspende la Reunión y deja constancia que ella se reiniciará a las 15:30 horas."
1,4833,1b372af6d512f39ef8da975d8ce2d995c01430f729caf443b15b50033bf83cb8,2012-05-17,6634;6635,Claudio Soto Gamboa;Consejo del Banco Central de Chile,6639,Consejo del Banco Central de Chile,ACTA/META,RPM-2012-05-17:T49,INSTITUCIONAL,,"Siendo las 15:30 horas, se reanuda la Reunión de Política Monetaria N° 185, incorporándose a esta Sesión el Ministro de Hacienda señor Felipe Larraín y el Asesor de ese Ministerio señor Rodrigo Cerda."
2,4857,ed90a120df786f1d483f542c5980ccee01f8d5c404114355dc61facf0f8e96d5,2012-06-14,6661;6662,Rodrigo Vergara Montes;Sergio Lehmann Beresi,6665,Rodrigo Vergara Montes,SUJETO_ROL_NOMBRE,RPM-2012-06-14:T8,INICIO_EXPLICITO,FINAL_SIN_PUNTUACION,El Presidente señor Rodrigo Vergara consulta por la situación de Rusia
2,4857,ed90a120df786f1d483f542c5980ccee01f8d5c404114355dc61facf0f8e96d5,2012-06-14,6661;6662,Rodrigo Vergara Montes;Sergio Lehmann Beresi,6666,Joaquín Vial Ruiz-Tagle,CONTEXTO_REVISADO,RPM-2012-06-14:T9,SIN_CONTINUIDAD_CONFIRMADA,,"y sobre este aspecto, el Consejero señor Joaquín Vial manifiesta que el plan de expansión impulsado por el Presidente Putin ha generado dudas sobre la sostenibilidad fiscal de esa economía, especialmente en el contexto actual en que ha disminuido el precio del petróleo. Añade que es probable que esa economía enfrente además serios problemas derivados de sus exportaciones de gas, cuyo principal destino es Europa y cuyos contratos están indexados al precio del petróleo."
2,4857,ed90a120df786f1d483f542c5980ccee01f8d5c404114355dc61facf0f8e96d5,2012-06-14,6661;6662,Rodrigo Vergara Montes;Sergio Lehmann Beresi,6667,Sergio Lehmann Beresi,SUJETO_NOMBRE,RPM-2012-06-14:T10,INICIO_EXPLICITO,,"En materia de actividad, el señor Sergio Lehmann señala que los indicadores confirman una moderación de ella en Estados Unidos de América y un retroceso en Europa. Especifica que en el caso particular de Estados Unidos de América, el dato de producción industrial del mes de abril fue algo mejor que lo esperado, que las ventas se mantienen sin variación y que el mercado laboral exhibe señales de desaceleración, mientras que en la Zona Euro, si bien la producción industrial fue algo mejor que lo anticipado, igualmente da cuenta de una contracción. Agrega que Japón también exhibe datos más bien negativos en el margen y que en China, los datos del sector externo fueron mejores que lo anticipado, pero las ventas minoristas y la producción industrial se encuentran por debajo de lo previsto. Con respecto a las encuestas de consumidores y empresas, menciona que la situación es mixta. A título ejemplar, comenta que el ISM de servicios norteamericano fue mejor que lo anticipado, no así en el manufacturero, y que en Alemania y Japón, los resultados fueron más negativos que lo previsto. En relación con la producción industrial por región, indica que retrocede en el margen, particularmente en las economías emergentes, y que no registra mayor variación en las economías desarrolladas. Menciona que los PMI de las distintas regiones también se han desacelerado, influidos por China en el caso de las economías emergentes y por Europa en las desarrolladas. Con respecto a las economías emergentes, destaca que Brasil tiene los PMI manufacturero y de servicios por debajo del pivote, y que en materia de PMI manufacturero, la única excepción la constituye México, que registra un aumento en el margen. Al continuar con su presentación, el señor Sergio Lehmann hace presente que el mercado laboral norteamericano ha perdido dinamismo. Sobre el particular, precisa que la tasa de desempleo aumentó ligeramente, que la creación de empleo se ha desacelerado y que los indicadores de subsidio de desempleo muestran un ligero incremento en el margen, en línea con esta percepción de un mercado laboral menos dinámico. Añade que de acuerdo con el ISM subíndice empleo, esta desaceleración persistiría en los próximos meses. Con respecto a Europa, informa que su situación está lejos de resolverse y que, de hecho, existen claras divergencias entre las economías core y las periféricas. En cuanto a las ventas minoristas, especifica que se encuentran en terreno negativo desde el año 2010; que Alemania mostró aumentos, pero que ahora registra un ligero retroceso; y que las economías Core ex - Alemania figuran sin mayor variación. Agrega que la producción industrial se desacelera en toda Europa; que la inflación es mayor en las economías periféricas; y que los salarios aumentan en Alemania y algo menos en las economías Core ex – Alemania. En cuanto a América Latina, expresa que se advierten desaceleraciones importantes en producción industrial, particularmente en el caso de Brasil; que las ventas minoristas repuntan en esta economía y se desaceleran en los otros países analizados, esto es, México y Colombia; que el PMI manufacturero también se desacelera y que la confianza de consumidores es positiva en Brasil y más moderada en Colombia y México."
1,4885,567a3ffd5653adc55367c85578c622e4605d9d7dbc266b5b560030b195cca299,2012-06-14,6690;6691,Luis Óscar Herrera Barriga;Consejo del Banco Central de Chile,6695,Luis Óscar Herrera Barriga,SUJETO_NOMBRE,RPM-2012-06-14:T37,INICIO_EXPLICITO,,"El señor Luis Óscar Herrera agrega que tampoco se advierten problemas de liquidez en el ámbito interno ni externo. En materia de inflación, destaca que en el IPoM del mes de junio en curso se dejará claramente establecido que la evolución reciente de la inflación ha sido consecuencia de los cambios en los precios volátiles y no de una modificación de tendencia y que, por lo tanto, el mercado sigue ajustado, planteando algunos riesgos de mediado plazo."
1,4885,567a3ffd5653adc55367c85578c622e4605d9d7dbc266b5b560030b195cca299,2012-06-14,6690;6691,Luis Óscar Herrera Barriga;Consejo del Banco Central de Chile,6696,Rodrigo Vergara Montes,SUJETO_ROL_NOMBRE,RPM-2012-06-14:T38,INICIO_EXPLICITO,,"Al no formularse otros comentarios, el Presidente señor Rodrigo Vergara suspende la Reunión y deja constancia que ella se reiniciará a las 15:30 horas para tratar las opciones de Política Monetaria."
1,4885,567a3ffd5653adc55367c85578c622e4605d9d7dbc266b5b560030b195cca299,2012-06-14,6690;6691,Luis Óscar Herrera Barriga;Consejo del Banco Central de Chile,6697,Consejo del Banco Central de Chile,ACTA/META,RPM-2012-06-14:T39,INSTITUCIONAL,,"Siendo las 15:30 horas, se reanuda la Reunión de Política Monetaria N° 186, incorporándose a esta Sesión el Ministro de Hacienda señor Felipe Larraín y el Asesor de ese Ministerio señor Rodrigo Cerda."
2,4941,daadfa2182aa9d4d37d5cc72237af3e914ca3862ca627468f93bcae57253e7af,2012-07-12,6748,Luis Óscar Herrera Barriga,6754,Luis Óscar Herrera Barriga,SUJETO_NOMBRE,RPM-2012-07-12:T42,INICIO_EXPLICITO,,"El señor Luis Óscar Herrera acota que la apreciación que registra el peso chileno en el último mes es comparable con la de las monedas de Perú, Brasil, Australia, Sudáfrica y México, en razón de la existencia de un elemento común en el grupo de países indicados, que es el de ser exportadores de materias primas."
2,4941,daadfa2182aa9d4d37d5cc72237af3e914ca3862ca627468f93bcae57253e7af,2012-07-12,6748,Luis Óscar Herrera Barriga,6755,Claudio Soto Gamboa,CONTEXTO_REVISADO,RPM-2012-07-12:T43,SIN_CONTINUIDAD_CONFIRMADA,,"Al proseguir con su exposición, el Gerente de Análisis Macroeconómico se refiere a la inflación. Al respecto, destaca que el último dato, de -0,3%, sorprendió de manera importante al mercado y a nivel interno, a pesar de que el mercado había ajustado su proyección en esa dirección durante el mismo mes con motivo de la caída en los precios de los combustibles y que los indicadores disponibles internamente anticipaban una inflación en torno a 0%, inferior a la proyectada. Informa que las sorpresas se explican por la caída significativa de los combustibles, así como también por otros componentes del IPC. De hecho, menciona que el componente subyacente que excluye combustibles y alimentos sorprendió en casi tres décimas a la baja, dos de las cuales obedecen a bienes transables. Acota, a título ejemplar, que los precios de automóviles experimentaron caídas significativas, contrariamente a lo anticipado, dada la depreciación que había registrado el tipo de cambio, y que los precios de medicamentos y otros productos asociados al mismo también anotaron disminuciones, así como también la carne, que se incluye en componente resto de los alimentos. En lo que se refiere a las perspectivas inflacionarias, expresa que no se ha modificado el diagnóstico para la parte no transable de la inflación subyacente, ya que se esperan tasas de crecimiento interanuales en torno a 5%, cayendo levemente, aun cuando en la parte transable, algunos elementos determinan una trayectoria más atenuada, como es el caso de los medicamentos y la apreciación del tipo de cambio. Destaca que en la parte de combustibles hubo sorpresas a la baja, explicadas por el precio de las gasolinas. Agrega que si bien los últimos registros dan cuenta de pequeños cambios en la trayectoria a la baja, por cuanto la evolución de los precios internacionales podría incidir en el corto plazo, hacia el mediano plazo, las perspectivas anticipan un precio de la gasolina menor que el proyectado en la RPM anterior, lo cual también constituye una presión para un ajuste a la baja en la proyección de inflación."
1,4955,7c077d26995fc6d1feb941523b1bcb79a9319e90cd911cab29d6023a7f79192c,2012-07-12,6763;6764,Enrique Marshall Rivera;Consejo del Banco Central de Chile,6770,Enrique Marshall Rivera,SUJETO_ROL_NOMBRE,RPM-2012-07-12:T58,INICIO_EXPLICITO,,"El Consejero señor Enrique Marshall hace notar que los resultados de la citada encuesta son más bien planos, porque es respondida por economistas, no así los de la Encuesta de Operadores Financieros, que refleja la opinión de operadores que se desempeñan en el negocio financiero."
1,4955,7c077d26995fc6d1feb941523b1bcb79a9319e90cd911cab29d6023a7f79192c,2012-07-12,6763;6764,Enrique Marshall Rivera;Consejo del Banco Central de Chile,6771,Rodrigo Vergara Montes,SUJETO_ROL_NOMBRE,RPM-2012-07-12:T59,INICIO_EXPLICITO,,"Al no formularse otros comentarios, el Presidente señor Rodrigo Vergara suspende la presente Reunión y deja constancia que ella se reiniciará a las 15:30 horas para tratar las opciones de política monetaria."
1,4955,7c077d26995fc6d1feb941523b1bcb79a9319e90cd911cab29d6023a7f79192c,2012-07-12,6763;6764,Enrique Marshall Rivera;Consejo del Banco Central de Chile,6772,Consejo del Banco Central de Chile,ACTA/META,RPM-2012-07-12:T60,INSTITUCIONAL,,"Siendo las 15:30 horas, se reanuda la Reunión de Política Monetaria N° 188, incorporándose a esta Sesión el Ministro de Hacienda señor Felipe Larraín."
1,5022,f9165e4dc6a0d27386017db111629ee5750cac23347adca0dde739be1daa06c3,2012-08-16,6832;6833,Kevin Cowan Logan;Consejo del Banco Central de Chile,6840,Kevin Cowan Logan,SUJETO_NOMBRE,RPM-2012-08-16:T48,INICIO_EXPLICITO,,"El señor Kevin Cowan informa que la Gerencia de División a su cargo y la Gerencia de División Estadísticas se encuentran efectuando un estudio acerca de los patrones de financiamiento del exterior de las empresas. Anticipa que, en general, se percibe que la mayor parte de las empresas mantiene acceso al financiamiento externo, pero con alguna alza de costos y que, en todo caso, el trabajo mencionado será presentado al Consejo tan pronto se encuentre concluido."
1,5022,f9165e4dc6a0d27386017db111629ee5750cac23347adca0dde739be1daa06c3,2012-08-16,6832;6833,Kevin Cowan Logan;Consejo del Banco Central de Chile,6841,Rodrigo Vergara Montes,SUJETO_ROL_NOMBRE,RPM-2012-08-16:T49,INICIO_EXPLICITO,,"Al no formularse otros comentarios, el Presidente señor Rodrigo Vergara suspende la presente Reunión y deja constancia que ella se reiniciará a las 15:30 horas para tratar las opciones de política monetaria."
1,5022,f9165e4dc6a0d27386017db111629ee5750cac23347adca0dde739be1daa06c3,2012-08-16,6832;6833,Kevin Cowan Logan;Consejo del Banco Central de Chile,6842,Consejo del Banco Central de Chile,ACTA/META,RPM-2012-08-16:T50,INSTITUCIONAL,,"Siendo las 15:30 horas, se reanuda la Reunión de Política Monetaria N° 189, incorporándose a esta Sesión el Ministro de Hacienda señor Felipe Larraín."
1,5076,565c5fa45a56c21b69e504a1c1b82e5e581d8e9dcba4cda9acf1fd978bba1de0,2012-09-13,6890;6891,Luis Óscar Herrera Barriga;Consejo del Banco Central de Chile,6899,Luis Óscar Herrera Barriga,SUJETO_ROL_NOMBRE,RPM-2012-09-13:T38,INICIO_EXPLICITO,,"El Gerente de División Estudios señor Luis Óscar Herrera señala que los datos disponibles dan cuenta de una desaceleración de la actividad. No obstante, agrega que tales antecedentes se observan con un grado de cautela, por cuanto algunos indicadores en el margen llevan a considerar que se mantendrá el crecimiento a tasas elevadas e incluso proyectan una reaceleración en los próximos trimestres, especialmente en un contexto en que han mejorado las condiciones financieras externas, lo que facilitará la disponibilidad de financiamiento externo y contribuirá a mejorar el optimismo, con la consiguiente incidencia en los indicadores internos. Por lo expuesto, comparte lo indicado precedentemente en orden a que ello constituye un factor de preocupación para el Banco. En lo concerniente al comentario metodológico sobre la materialización de las presiones inflacionarias, manifiesta que, en definitiva, son presiones sobre los instrumentos de política y que se materializan en acciones que se ejercen con tales instrumentos y en efectos colaterales sobre el nivel general de las tasas de interés y de otras variables relativas al crédito. Por último, y en relación con los temas que han ido adquiriendo más relevancia en los análisis internos y de riesgos, esto es, la cuenta corriente y la evolución del tipo de cambio real, coincide en que ellos generan evidentemente una complicación para la política monetaria, al no ser capaz de mantener simultáneamente una suerte de equilibrio interno y un equilibrio externo por medio de un solo instrumento. Deja constancia que un esquema de metas de inflación tiene mayor énfasis en el equilibrio interno al conservar las brechas internas cerradas y, de esa forma, mantener el control de la inflación, pero en cuanto al nivel de la cuenta corriente y el tipo de cambio real, existen una serie de factores externos que van a influir sobre ello y que de materializarse los eventuales desajustes que se generarían, no podrán ser resueltos por medio de medidas de política monetaria."
1,5076,565c5fa45a56c21b69e504a1c1b82e5e581d8e9dcba4cda9acf1fd978bba1de0,2012-09-13,6890;6891,Luis Óscar Herrera Barriga;Consejo del Banco Central de Chile,6900,Rodrigo Vergara Montes,SUJETO_ROL_NOMBRE,RPM-2012-09-13:T39,INICIO_EXPLICITO,,"Al no formularse otros comentarios, el Presidente señor Rodrigo Vergara suspende la presente Reunión y deja constancia que ella se reiniciará a las 15:30 horas para tratar las opciones de política monetaria."
1,5076,565c5fa45a56c21b69e504a1c1b82e5e581d8e9dcba4cda9acf1fd978bba1de0,2012-09-13,6890;6891,Luis Óscar Herrera Barriga;Consejo del Banco Central de Chile,6901,Consejo del Banco Central de Chile,ACTA/META,RPM-2012-09-13:T40,INSTITUCIONAL,,"Siendo las 15:30 horas, se reanuda la Reunión de Política Monetaria N° 190, incorporándose a esta Sesión el Subsecretario de Hacienda señor Julio Dittborn."
1,5141,1c277b5ca4c4acf60478d7bf39503621d96b3e7739ed69fa061086effc6f08be,2012-10-18,6963;6964,Enrique Marshall Rivera;Consejo del Banco Central de Chile,6973,Enrique Marshall Rivera,SUJETO_ROL_NOMBRE,RPM-2012-10-18:T49,INICIO_EXPLICITO,,"El Consejero señor Enrique Marshall destaca que los antecedentes expuestos consignan que las empresas bancarias informan la existencia de mayores restricciones crediticias para el sector inmobiliario, lo que refleja precisamente una señal que el Banco entregó en este sentido, por lo que estima que ello resulta auspicioso en el contexto de la política que implementa el Banco. Además, plantea la conveniencia de monitorear el comportamiento de las tasas de colocación de los créditos de consumo correspondientes al segmento de hasta 200 Unidades de Fomento, que registran un alza cercana a los 15 puntos porcentuales en el curso de los últimos meses, la que es similar a las observadas en períodos de crisis, como ocurrió a fines de los años noventa. Hace presente que este significativo incremento de las tasas de interés de tales créditos podría obedecer a un tema de medición o también a un credit crunch relevante, esto es, a una contracción del crédito derivada de movimientos de la curva de oferta y también de la demanda, que lleva a los bancos a otorgar créditos a este segmento específico a altas tasas de interés, porque perciben un riesgo muy elevado en dicho sector. En su opinión, ello constituiría un cambio significativo, por lo que solicita que se precise la dimensión en que ambas hipótesis explicarían la importante alza que registran estas tasas de interés."
1,5141,1c277b5ca4c4acf60478d7bf39503621d96b3e7739ed69fa061086effc6f08be,2012-10-18,6963;6964,Enrique Marshall Rivera;Consejo del Banco Central de Chile,6974,Rodrigo Vergara Montes,SUJETO_ROL_NOMBRE,RPM-2012-10-18:T50,INICIO_EXPLICITO,,"Al no formularse otros comentarios, el Presidente señor Rodrigo Vergara suspende la presente Reunión y deja constancia que ella se reiniciará a las 15:30 horas para analizar las opciones de política monetaria."
1,5141,1c277b5ca4c4acf60478d7bf39503621d96b3e7739ed69fa061086effc6f08be,2012-10-18,6963;6964,Enrique Marshall Rivera;Consejo del Banco Central de Chile,6975,Consejo del Banco Central de Chile,ACTA/META,RPM-2012-10-18:T51,INSTITUCIONAL,,"Siendo las 15:30 horas, se reanuda la Reunión de Política Monetaria N° 191, incorporándose a esta Sesión el Ministro de Hacienda señor Felipe Larraín."
1,5207,a18dcbbf60469ed7fe6f2caca3fc2e1736ab328521972e128ce461e513f97096,2012-11-13,7032;7033,Claudio Soto Gamboa;Consejo del Banco Central de Chile,7043,Claudio Soto Gamboa,ROL+NOMBRE,RPM-2012-11-13:T46,SIN_CONTINUIDAD_CONFIRMADA,ATRIBUCION_HEURISTICA_LEGADA,"El Gerente de Análisis Macroeconómico señor Claudio procede a responder las consultas y comentarios formulados por los señores Consejeros. En relación con la cuenta corriente y la minería, recuerda que en Sesión de Pre Consejo se presentaron algunos cálculos que reflejan que un punto de la cuenta corriente podría asociarse a la sobreinversión que se registra en minería en el último tiempo. En segundo término, comparte la apreciación de la existencia de un escenario complejo en la relación entre inflación y brecha, agregando que, en su opinión, la parte cambiaría ha contribuido a contener las presiones inflacionarias. De hecho, explica que la inflación de bienes ha sorprendido a la baja, no así la de servicios, atendido que la primera se encuentra más ligada al tipo de cambio. Agrega que al efectuar estimaciones de curvas de Phillips, da como resultado que en los últimos trimestres la brecha producto ha perdido significancia en relación a un año atrás, lo cual, de alguna manera, explica la desconexión que se observa entre la inflación y la brecha. Por último, indica que dentro de las próximas semanas se presentará un diagnóstico más completo sobre esta materia en Sesión de Pre Consejo. En lo concerniente a las exportaciones y su relación con el actual ciclo económico, señala que en un contexto de debilidad mundial, las cifras sobre exportaciones no resultan ser tan negativas este año, en razón de que gran parte corresponden a exportaciones mineras, cuyo ciclo de producción se encuentra aparentemente más disociado del ciclo de actividad mundial. En lo atinente a la política fiscal, expresa que bajo la premisa que el presupuesto del presente año se cumplirá íntegramente, debería observarse una reaceleración del gasto levemente más intensa hacia fines del año. Agrega que, en todo caso, ha sorprendido que haya estado bastante baja la parte extrapresupuestaria, con tasas de crecimiento negativas, al menos la tasa de crecimiento del tercer trimestre. Asimismo, para el último trimestre de este año también se anticipa una ejecución más débil de esa parte del presupuesto."
1,5207,a18dcbbf60469ed7fe6f2caca3fc2e1736ab328521972e128ce461e513f97096,2012-11-13,7032;7033,Claudio Soto Gamboa;Consejo del Banco Central de Chile,7044,Rodrigo Vergara Montes,SUJETO_ROL_NOMBRE,RPM-2012-11-13:T47,INICIO_EXPLICITO,,"Al no formularse otros comentarios, el Presidente señor Rodrigo Vergara suspende la presente Reunión y deja constancia que ella se reiniciará a las 16:00 horas para analizar las opciones de política monetaria."
1,5207,a18dcbbf60469ed7fe6f2caca3fc2e1736ab328521972e128ce461e513f97096,2012-11-13,7032;7033,Claudio Soto Gamboa;Consejo del Banco Central de Chile,7045,Consejo del Banco Central de Chile,ACTA/META,RPM-2012-11-13:T48,INSTITUCIONAL,,"Siendo las 16:00 horas, se reanuda la Reunión de Política Monetaria N° 192."
1,5313,2c4168b49100aafd940012a22a8c363c36c76316c77041fe40160993ddbaecd5,2013-01-17,7149;7150,Luis Óscar Herrera Barriga;Consejo del Banco Central de Chile,7161,Luis Óscar Herrera Barriga,ROL+NOMBRE,RPM-2013-01-17:T49,SIN_CONTINUIDAD_CONFIRMADA,ATRIBUCION_HEURISTICA_LEGADA,"El Gerente de División Estudios señor Luis Óscar Herrera se compromete a actualizar el análisis realizado al efecto con ocasión del último IPoM y a presentarlo próximamente en una reunión de coyuntura. Con respecto al tema inflacionario mencionado precedentemente, precisa que los bajos niveles comenzaron a observarse en el último trimestre del ejercicio. De hecho, recuerda que a inicios del año 2012, la inflación en doce meses llegaba a 4% y que luego fluctuó hasta llegar a 3% en el mes de octubre último. Agrega que en los últimos meses, contrario a lo esperado, sorprendió la caída experimentada por la inflación subyacente. Hace presente que dicha caída sería de carácter transitorio y que entre los factores que la explican figuran la apreciación cambiaría y el hecho que la respuesta de la inflación al ciclo económico ocurre con rezago. Enfatiza que la hipótesis de trabajo es que esta situación se va a normalizar, atendida la condición más bien transitoria del fenómeno anotado. Asimismo, plantea que también podrían existir factores de carácter más permanente relacionados con la productividad, en caso de presentarse un quiebre en la tendencia de crecimiento del producto. En este sentido, indica que de considerarse en la proyección de inflación un mayor crecimiento de la productividad, ello conduciría a sobrestimar el crecimiento de la inflación y, por ende, dicho fenómeno podría permanecer por más tiempo en la estimación del Banco. Explica que una mayor productividad debiera ser coherente con la observación de otros factores, como en el caso de los márgenes comerciales y las utilidades de las empresas, en cuanto a que de existir un incremento de la productividad se obtendría un mayor margen con los mismos insumos, lo que posteriormente podría traspasarse a precios. En este sentido, indica que en materia de márgenes comerciales actualmente se advierte una reducción de los mismos, lo cual no calzaría con la hipótesis de aumento de la productividad. Por ende, concluye resaltando la conveniencia de continuar revisando la evidencia que se vaya acumulando al respecto, para efectos de permitir la validación de las hipótesis de trabajo empleadas."
1,5313,2c4168b49100aafd940012a22a8c363c36c76316c77041fe40160993ddbaecd5,2013-01-17,7149;7150,Luis Óscar Herrera Barriga;Consejo del Banco Central de Chile,7162,Rodrigo Vergara Montes,SUJETO_ROL_NOMBRE,RPM-2013-01-17:T50,INICIO_EXPLICITO,,"Al no formularse otros comentarios, siendo la 13.05 horas, el Presidente señor Rodrigo Vergara suspende la presente Reunión y deja constancia que ella se reiniciará a las 15:30 horas para tratar las opciones de política monetaria."
1,5313,2c4168b49100aafd940012a22a8c363c36c76316c77041fe40160993ddbaecd5,2013-01-17,7149;7150,Luis Óscar Herrera Barriga;Consejo del Banco Central de Chile,7163,Consejo del Banco Central de Chile,ACTA/META,RPM-2013-01-17:T51,INSTITUCIONAL,,"Siendo las 15:30 horas, se reanuda la Reunión de Política Monetaria N° 194, incorporándose a esta Sesión el Ministro de Hacienda señor Felipe Larraín."
3,5368,c59749928089388f0205f435ea8a61a82e3567ec9fe72f8885a1c462726abeab,2013-02-14,7210,Luis Óscar Herrera Barriga,7223,Luis Óscar Herrera Barriga,SUJETO_NOMBRE,RPM-2013-02-14:T41,INICIO_EXPLICITO,,"El señor Luis Óscar Herrera precisa que atendido el proceso de profundización financiera en el tiempo, estos gráficos tienen por objeto mostrar la relevancia de las tasas de crecimiento de los créditos bancarios como fuente de financiamiento de la demanda interna."
3,5368,c59749928089388f0205f435ea8a61a82e3567ec9fe72f8885a1c462726abeab,2013-02-14,7210,Luis Óscar Herrera Barriga,7224,Miguel Fuentes Díaz,CONTEXTO_REVISADO,RPM-2013-02-14:T42,SIN_CONTINUIDAD_CONFIRMADA,,"Al proseguir con su presentación, el señor Miguel Fuentes indica que las expectativas, tanto de consumidores como de empresarios, se mantienen bastante optimistas. Destaca la persistencia de esta visión en los empresarios del sector construcción y que por otra parte, los consumidores siguen considerando que el periodo actual es el más propicio del último año para adquirir artículos para el hogar. En lo atinente al comportamiento específico de los componentes de la demanda agregada, plantea en primer término, que el consumo habitual ha incrementado sus tasas de crecimiento en doce meses y ha tendido a acelerarse hacia el término del año, en línea con el aumento de la masa salarial. A su vez, explica que la masa salarial se ha incrementado por el crecimiento de los salarios y el empleo y, además, por los bajos registros inflacionarios de fines del año pasado que se traducen en un alza de los salarios reales. En términos del consumo de durables, resalta que su mayor crecimiento obedece a un repunte en las ventas de automóviles, tal como se observa en el gráfico derecho de la lámina N° 48 de la presentación."
1,5381,b1fdddf60d723b61662ff39beb6dfdb45aa0b8e5620bf2d20ba48e5eecdb7e0e,2013-02-14,7224,Rodrigo Vergara Montes,7238,Rodrigo Vergara Montes,SUJETO_ROL_NOMBRE,RPM-2013-02-14:T55,INICIO_EXPLICITO,,"El Presidente señor Rodrigo Vergara agradece la presentación del Gerente de Análisis Macroeconómico Subrogante señor Miguel Fuentes. Al no formularse otros comentarios, el Presidente señor Rodrigo Vergara suspende la presente Reunión y deja constancia que ella se reiniciará a las 15:30 horas para tratar las opciones de política monetaria."
1,5381,b1fdddf60d723b61662ff39beb6dfdb45aa0b8e5620bf2d20ba48e5eecdb7e0e,2013-02-14,7224,Rodrigo Vergara Montes,7239,Consejo del Banco Central de Chile,ACTA/META,RPM-2013-02-14:T56,INSTITUCIONAL,,"A las 15:30 horas, se reanuda la Reunión de Política Monetaria N° 195, incorporándose a esta Sesión el Ministro de Hacienda señor Felipe Larraín."
1,5381,b1fdddf60d723b61662ff39beb6dfdb45aa0b8e5620bf2d20ba48e5eecdb7e0e,2013-02-14,7224,Rodrigo Vergara Montes,7240,Rodrigo Vergara Montes,SUJETO_ROL_NOMBRE,RPM-2013-02-14:T57,INICIO_EXPLICITO,,"El Presidente señor Rodrigo Vergara deja constancia que la Reunión de Política Monetaria de agosto de 2013 se efectuará el día 13 de ese mes y, a continuación, concede la palabra al Gerente de División Estudios señor Luis Óscar Herrera para que presente al Consejo las Opciones de Política Monetaria que se han considerado para esta oportunidad."
3,5417,0b110bda9616e8ae883f11941a200a9a2e9fa9dbf59505decb1561693a02c268,2013-03-14,7262,Enrique Marshall Rivera,7278,Enrique Marshall Rivera,SUJETO_ROL_NOMBRE,RPM-2013-03-14:T16,INICIO_EXPLICITO,,"El Consejero señor Enrique Marshall observa que la caída de los precios de los commodities constituye un fenómeno bastante generalizado. A su juicio, podría obedecer a los movimientos financieros aludidos precedentemente o, tal vez, al inicio de un proceso de normalización de la economía mundial en que estos precios tienden también a normalizarse."
3,5417,0b110bda9616e8ae883f11941a200a9a2e9fa9dbf59505decb1561693a02c268,2013-03-14,7262,Enrique Marshall Rivera,7279,Rodrigo Vergara Montes,CONTEXTO_REVISADO,RPM-2013-03-14:T17,SIN_CONTINUIDAD_CONFIRMADA,,"No habiendo más consultas ni comentarios en lo concerniente al escenario internacional, el Presidente señor Rodrigo Vergara da paso a la exposición del escenario interno, a cargo del Gerente de Análisis Macroeconómico señor Claudio Soto."
3,5418,b74340bdc7d1fa131ad89e97b76f2f652be063b36fde65b1bbe1478e738876b1,2013-03-14,7263,Claudio Soto Gamboa,7280,Claudio Soto Gamboa,SUJETO_ROL_NOMBRE,RPM-2013-03-14:T18,INICIO_EXPLICITO,FINAL_SIN_PUNTUACION,"El Gerente de Análisis Macroeconómico señor Claudio Soto inicia su presentación refiriéndose a los hechos destacados del escenario interno. En primer término, expresa que la actividad ha crecido levemente por sobre lo esperado, impulsada en lo más reciente por la minería. En segundo lugar, plantea que la demanda interna del año 2012 sorprendió al alza, fundamentalmente por la inversión fija y por el repunte del consumo privado en línea con la expansión de la masa salarial. Asimismo, manifiesta que las inflaciones total y subyacente han sido inferiores a lo esperado, ubicándose la primera por debajo del 2% y la subyacente, bajo el 1%. Agrega que las expectativas de mediano plazo para la inflación se han mantenido en torno a la meta de 3% anual. Indica, además, que la paridad peso-dólar se ha mantenido en niveles similares a los observados en la Reunión pasada, pero más apreciada en términos multilaterales y reales. A título de último hecho destacado del mes, señala que el mercado espera que la tasa de política monetaria permanezca en torno al nivel actual por varios trimestres y que se inicie un moderado ascenso a fines de este año o comienzos del próximo. El señor Claudio Soto consigna que el PIB creció 5,6% en el año 2012 y la demanda interna en 7,1%. Hace presente que en lo relativo a los datos de IMACEC conocidos previamente, las sorpresas más importantes a fines del año estuvieron vinculadas principalmente a los sectores de recursos naturales, específicamente, al crecimiento significativo de la minería. Agrega que la demanda también se corrigió de manera importante respecto de lo proyectado en el IPoM del mes de diciembre último, destacando la revisión del consumo, que finalizó el año con un dinamismo elevado, como también de la inversión, sobre todo aquella en maquinarias y equipos. Asimismo, menciona que las correcciones del PIB Resto fueron menores en la segunda parte del año, marginalmente al alza en el cuarto trimestre y a la baja en el segundo y tercer trimestre. De esta forma, indica que, en términos anuales, el PIB Resto no presenta mayores cambios que lo anticipado. Añade que la velocidad en el margen tampoco fue particularmente elevada. De hecho, consigna que destacó la velocidad del segundo trimestre, mientras que la del tercero y del cuarto trimestre estuvieron más bien alineadas con el crecimiento del PIB potencial. El señor Claudio Soto resalta que las tasas de crecimiento de la demanda han presentado una trayectoria al alza y que las velocidades implícitas de la demanda final han sido bastante elevadas, en torno a 10% en los últimos dos trimestres, impulsadas tanto por la inversión como por el consumo. Destaca que en el margen, el dato de IMACEC también sorprendió al alza en el mes de enero, al anotar un crecimiento de 6,7%, superior al 6,2% anticipado. Con ello, señala que la proyección se ha revisado al alza debido al incremento que exhibe el sector recursos naturales, no así el sector Resto, cuyo comportamiento ha llevado a corregir la proyección del PIB Resto levemente a la baja para la primera parte del presente año. Indica que el crecimiento de IMACEC antedicho no es coherente con el cierre de Cuentas Nacionales"
3,5418,b74340bdc7d1fa131ad89e97b76f2f652be063b36fde65b1bbe1478e738876b1,2013-03-14,7263,Claudio Soto Gamboa,7281,Ricardo Vicuña Poblete,CONTEXTO_REVISADO,RPM-2013-03-14:T19,SIN_CONTINUIDAD_CONFIRMADA,,"y en este sentido, el Gerente de División Estadísticas señor Ricardo Vicuña precisa que la revisión marginal de este dato es de dos décimas, desde 6,7% a 6,5%."
3,5418,b74340bdc7d1fa131ad89e97b76f2f652be063b36fde65b1bbe1478e738876b1,2013-03-14,7263,Claudio Soto Gamboa,7282,Claudio Soto Gamboa,SUJETO_NOMBRE,RPM-2013-03-14:T20,INICIO_EXPLICITO,,"El señor Claudio Soto señala que en el contexto de la revisión de Cuentas Nacionales, destaca la corrección al alza del consumo, explicada fundamentalmente por el indicador de ventas del comercio minorista del INE, que tiene una trayectoria ascendente, y también por el repunte en las tasas de crecimiento de la masa salarial, impulsado a su vez por un mayor crecimiento de los salarios reales. Asimismo, menciona que los últimos datos sugieren que se mantendrá el dinamismo de la demanda. En este sentido, comenta que los datos de importaciones correspondientes al primer bimestre del año fueron elevados, particularmente en el mes de enero, oportunidad en que se registró un crecimiento de 20% en términos reales. Agrega que las exportaciones de dicho mes también fueron elevadas, mientras que en febrero sorprendieron en la dirección opuesta, sobre todo los envíos mineros. En lo concerniente a la minería, plantea que el IMACEC del sector registró un crecimiento de 10,2% en el mes de enero, al anotar los niveles de producción más altos en 10 años para dicho mes. Precisa que ello se explica fundamentalmente por el avance de un proyecto de la empresa minera La Escondida que se conoció hacia fines del 2012, específicamente el proyecto Ore Access que entró en operación. Señala, además, que los menores niveles de producción exhibidos por dicha empresa minera durante el año 2012 se debieron a cambios en los procesos y a la implementación del proyecto antedicho; por lo tanto, durante el presente ejercicio deberían observarse niveles muy superiores a los registrados el año pasado. En todo caso, precisa que en las proyecciones se considera que los planes de producción de Codelco no crecerán en términos anuales respecto al año 2012, porque el yacimiento Collahuasi ha tenido un desempeño bastante bajo y no existen elementos que permitan esperar una reversión en el corto plazo. En síntesis, manifiesta que el sector minero crecerá alrededor de 4% este año, cifra superior al 2% previsto en el IPoM de diciembre último. En lo relativo al rubro inmobiliario y de edificación, comenta que los indicadores de demanda de insumos y empleo se han desacelerado a partir de niveles elevados, lo que podría sugerir alguna moderación en el sector construcción. En todo caso, advierte que esta evidencia no solo es de carácter preliminar, sino que además algo contradictoria con otros indicadores como el de ventas de viviendas, que siguen bastante dinámicas y cuyo componente sobre aquellas que se encuentran en proceso de construcción refleja que aún existe bastante actividad futura para cubrir esas ventas. En concordancia con lo anterior, señala que las expectativas de las empresas del sector construcción se mantienen muy optimistas a pesar de registrar cierta moderación, y que siguen siendo las más optimistas entre los sectores analizados. Por otra parte, indica que las expectativas de los consumidores siguen repuntando, lo cual ha tenido una correlación con la trayectoria del consumo y sugiere que su dinámica podría seguir elevada en los próximos trimestres. Al proseguir con su presentación, el señor Claudio Soto plantea que las condiciones financieras son algo más favorables que las exhibidas hace algunos meses. Sin embargo, se aprecian ciertas reversiones en el margen del índice sintético de riesgo para Chile en el mes de enero pasado, explicado en parte importante por un cierto aumento del EMBI. En relación con las tasas de las colocaciones, señala que exhiben alzas en algunos segmentos, como es el caso de las tasas de las colocaciones comerciales y de consumo pertenecientes al tramo entre 90 y 360 días, mientras que las correspondientes a los créditos hipotecarios muestran alzas marginales. Además, hace notar que las colocaciones exhiben una trayectoria descendente, especialmente las de consumo, que se mantendría en los próximos meses; que las colocaciones hipotecarias continúan bastante estables y no registrarían cambios en adelante; que los créditos comerciales presentan una desaceleración algo más tenue que los de consumo; y que los referentes a comercio exterior muestran un rebote, principalmente asociado al mayor dinamismo de las importaciones. \ Asimismo, destaca que la tasa de desempleo alcanzó el mínimo de 6% principalmente por factores estacionales. Agrega que la tasa de crecimiento del empleo se ubicó en torno a 1,5% en el período agosto-septiembre y que a partir de esa fecha ha registrado un cierto repunte en el crecimiento del empleo, alcanzando actualmente cifras cercanas al 2%. Hace presente que la mayor creación del empleo se explica fundamentalmente por el aumento del empleo asalariado, tanto agrícola como de los sectores comercio y servicios. En materia de proyecciones, resalta la corrección del dato de demanda interna correspondiente al cuarto trimestre de 2012 desde 6,7% a 8,2%, que es la más importante respecto de lo contemplado en la Reunión previa, y que se explica en parte por la corrección del consumo desde 6,5% a 7,3%. Añade que también se ha revisado al alza el componente de inversión, tanto en construcción como en maquinarias y equipos, razón por la cual se ha reevaluado la proyección de la demanda interna para el primer trimestre de este año desde 7,3% hasta un 8%, así como también la del consumo privado desde 6,1% a 7,3%."
1,5435,34fa4a1097cadde33d7b21fa5e4e7b4656e839c6290806252253ca78494a9ed2,2013-03-14,7280,Kevin Cowan Logan,7299,Kevin Cowan Logan,ROL+NOMBRE,RPM-2013-03-14:T35,SIN_CONTINUIDAD_CONFIRMADA,ATRIBUCION_HEURISTICA_LEGADA,"El Gerente de División Política Financiera señor Kevin Cowan alude a los riesgos financieros, señalando que se dispone de instrumentos de primer nivel. En particular, indica que en el último Informe de Estabilidad Financiera se identificaron dos riesgos, el derivado de la banca mediana en el sector inmobiliario y el relativo a la flexibilidad cambiaría y las tasas de interés. En cuanto al primero, menciona que la Superintendencia de Bancos e Instituciones Financieras cuenta con herramientas específicas para abordar el riesgo inmobiliario, que se califican de primer nivel. En ese sentido, estima que es importante transmitir el análisis que se ha efectuado en el Comité de Estabilidad Financiera sobre la materia y que el avance de los planteamientos de esa Superintendencia sobre la forma de ir abordando estos riesgos constituye una medida que se puede calificar en ese nivel. En cuanto al tema de la flexibilidad cambiaría y las tasas de interés, plantea que resulta relativamente evidente que el interés por los activos chilenos y el consiguiente ingreso de capitales al país no es solo función de las tasas libres de riesgo externas. En su opinión, la discusión se centra actualmente en que más allá de los programas de Quantitative Easing y otras medidas, la perspectiva del retorno y riesgo sobre otros activos en las economías desarrolladas pueden tener efectos relevantes sobre la demanda de otros activos, tales como renta fija y renta variable. Por consiguiente, en la medida que la economía norteamericana se recupere, se podría advertir una menor demanda de no residentes por activos en Chile, lo cual debería tenerse presente en la oportunidad en que se definan las opciones de política, por cuanto hay ciertos márgenes que pueden abrirse conforme el escenario base siga mejorando. Por último, el señor Kevin Cowan manifiesta compartir la visión de que el escenario de riesgo sigue siendo muy complejo, porque la situación política financiera en Europa es de larga resolución. No obstante, estima que el escenario base ha mejorado en el margen y que, en ese contexto, se genera un espacio que debería ser objeto de análisis en el marco del próximo IPoM."
1,5435,34fa4a1097cadde33d7b21fa5e4e7b4656e839c6290806252253ca78494a9ed2,2013-03-14,7280,Kevin Cowan Logan,7300,Rodrigo Vergara Montes,SUJETO_ROL_NOMBRE,RPM-2013-03-14:T36,INICIO_EXPLICITO,,"Al no formularse otros comentarios, siendo la 13:25 horas, el Presidente señor Rodrigo Vergara suspende la presente Reunión y deja constancia que ella se reiniciará a las 15:30 horas para tratar las opciones de política monetaria."
1,5435,34fa4a1097cadde33d7b21fa5e4e7b4656e839c6290806252253ca78494a9ed2,2013-03-14,7280,Kevin Cowan Logan,7301,Consejo del Banco Central de Chile,ACTA/META,RPM-2013-03-14:T37,INSTITUCIONAL,,"A las 15:30 horas, se reanuda la Reunión de Política Monetaria N° 196, incorporándose a esta Sesión el Ministro de Hacienda señor Felipe Larraín."
1,5498,064278e3d4db9839e6847954db8734516c42038f26b2302423a3f678e9ce4ee5,2013-04-11,7348,Rodrigo Vergara Montes,7369,Rodrigo Vergara Montes,SUJETO_ROL_NOMBRE,RPM-2013-04-11:T47,INICIO_EXPLICITO,,"El Presidente señor Rodrigo Vergara agradece la presentación del Gerente de Análisis Macroeconómico señor Claudio Soto. Al no formularse otros comentarios, siendo la 13:15 horas, el Presidente señor Rodrigo Vergara suspende la presente Reunión y deja constancia que ella se reiniciará a las 15:30 horas para tratar las opciones de política monetaria."
1,5498,064278e3d4db9839e6847954db8734516c42038f26b2302423a3f678e9ce4ee5,2013-04-11,7348,Rodrigo Vergara Montes,7370,Consejo del Banco Central de Chile,ACTA/META,RPM-2013-04-11:T48,INSTITUCIONAL,,"A las 15:30 horas, se reanuda la Reunión de Política Monetaria N° 197, incorporándose a esta Sesión el Ministro de Hacienda señor Felipe Larraín."
1,5498,064278e3d4db9839e6847954db8734516c42038f26b2302423a3f678e9ce4ee5,2013-04-11,7348,Rodrigo Vergara Montes,7371,Rodrigo Vergara Montes,SUJETO_ROL_NOMBRE,RPM-2013-04-11:T49,INICIO_EXPLICITO,,"El Presidente señor Rodrigo Vergara deja constancia que la Reunión de Política Monetaria de octubre de 2013 se efectuará el día 17 de ese mes. A continuación, concede la palabra al Gerente de División Estudios señor Luis Óscar Herrera a fin de que presente al Consejo las Opciones de Política Monetaria que se han considerado en esta oportunidad."
1,5548,3e048d600b1e43dc30d64b5fc9ee391299a28db162385f96384582640846650a,2013-05-16,7401,Luis Óscar Herrera Barriga,7424,Luis Óscar Herrera Barriga,SUJETO_ROL_NOMBRE,RPM-2013-05-16:T32,INICIO_EXPLICITO,,"El Gerente de División Estudios señor Luis Óscar Herrera señala que dentro del diagnóstico de la coyuntura actual, no se puede desconocer que los últimos datos constituyen una sorpresa negativa, pero se trata de señales muy recientes y contradictorias en el caso de algunos indicadores que son más volátiles. Por lo tanto, se podría afirmar que la economía ha entrado en una trayectoria de desaceleración, cuya velocidad se desconoce, pero que otorga un grado mayor de seguridad acerca de que la convergencia deseada comienza a materializarse. En segundo término, hace presente que la sorpresa de carácter más permanente y duradero proviene de la inflación. Menciona que las expectativas inflacionarias no son todavía muy claras, porque difieren entre las reflejadas por las encuestas y los distintos precios financieros. Hace notar que estos últimos tienen implícita una inflación por debajo de la meta que de consolidarse daría cuenta de que hay una restricción no deseada de la política monetaria, en términos de que están aumentando las tasas de interés reales. Agrega que también son relevantes las rebajas de tasas de interés adoptadas por otras economías, lo que se traduce en que nuestra TPM sea más alta y restrictiva en términos relativos, con las consiguientes consecuencias cambiarias. A título de síntesis, expresa que más allá de las recientes señales de desaceleración del producto, es preciso destacar la persistencia de los bajos registros inflacionarios."
1,5548,3e048d600b1e43dc30d64b5fc9ee391299a28db162385f96384582640846650a,2013-05-16,7401,Luis Óscar Herrera Barriga,7425,Rodrigo Vergara Montes,SUJETO_ROL_NOMBRE,RPM-2013-05-16:T33,INICIO_EXPLICITO,,"Al no formularse otros comentarios, siendo la 13:25 horas, el Presidente señor Rodrigo Vergara suspende la presente Reunión y deja constancia que ella se reiniciará a las 15:30 horas para tratar las opciones de política monetaria."
1,5548,3e048d600b1e43dc30d64b5fc9ee391299a28db162385f96384582640846650a,2013-05-16,7401,Luis Óscar Herrera Barriga,7426,Consejo del Banco Central de Chile,ACTA/META,RPM-2013-05-16:T34,INSTITUCIONAL,,"A las 15:30 horas, se reanuda la Reunión de Política Monetaria N° 198, incorporándose a esta Sesión el Ministro de Hacienda señor Felipe Larraín."
1,5548,3e048d600b1e43dc30d64b5fc9ee391299a28db162385f96384582640846650a,2013-05-16,7401,Luis Óscar Herrera Barriga,7427,Rodrigo Vergara Montes,CONTEXTO_REVISADO,RPM-2013-05-16:T35,SIN_CONTINUIDAD_CONFIRMADA,,"Antes de procederse a la presentación de las Opciones de Política Monetaria que la Gerencia de División Estudios ha considerado en esta oportunidad, el Presidente señor Rodrigo Vergara concede la palabra al Gerente de Análisis Internacional señor Sergio Lehmann para que se refiera a las razones específicas que motivaron la rebaja de las tasas de política monetaria acordadas por el Banco de la Reserva de Australia y el Banco de Israel."
1;3,5615,4c88687d18bd0feb3553676f8ce31543c1cf9ee21e25b50458025844d64d8952,2013-06-13,7472,Luis Óscar Herrera Barriga,7498,Luis Óscar Herrera Barriga,SUJETO_ROL_NOMBRE,RPM-2013-06-13:T49,INICIO_EXPLICITO,,"El Gerente de División Estudios señor Luis Óscar Herrera señala que la sorpresa negativa en materia de actividad y demanda se ha concentrado en los componentes más volátiles, esto es, maquinarias, equipos e inventarios, razón por la cual las proyecciones del segundo semestre no contemplan una reversión de ello, manteniéndose la trayectoria anterior, por lo que en otros términos, no se ha traspasado esa información a un ajuste de dichas proyecciones. Sin perjuicio de ello, reconoce que ha aumentado el riesgo en orden a que ciertos efectos sorpresa vuelvan a repetirse en el segundo semestre, entre otras razones, por el deterioro que exhibe el escenario externo. Plantea que a partir de ello, deberían observarse efectos adicionales sobre el empleo, la confianza y el consumo. Agrega que la depreciación del tipo de cambio también debiera incidir en el consumo de durables e importaciones y en cuanto a la rapidez con que podrían materializarse los ajustes antedichos, expresa que estos no serían graduales, porque el consumo se sustenta sobre fundamentos sólidos. Por último, alude a la inflación y sobre el particular, señala que resulta poco probable que se registre un quiebre brusco de expectativas o de la inflación, porque existen algunas correcciones pendientes, la brecha es apretada y se suma la depreciación reciente del tipo de cambio. En consecuencia, si bien el escenario que de ello se deriva otorga un plazo para reaccionar y determinar cuál de estos escenarios se está materializando, reconoce que la economía enfrenta un riesgo mayor y que ninguna de las sorpresas mencionadas se encuentra incorporada en las proyecciones actuales."
1;3,5615,4c88687d18bd0feb3553676f8ce31543c1cf9ee21e25b50458025844d64d8952,2013-06-13,7472,Luis Óscar Herrera Barriga,7499,Claudio Soto Gamboa,CONTEXTO_REVISADO,RPM-2013-06-13:T50,SIN_CONTINUIDAD_CONFIRMADA,,"Antes de concluir la Sesión, el Gerente de Análisis Macroeconómico señor Claudio Soto precisa que el crecimiento de las importaciones en el mes de abril alcanzó a 12% en términos nominales y a 16% en términos reales, y que de acuerdo con la proyección para el mes de mayo, sería también mayor en términos reales."
1;3,5615,4c88687d18bd0feb3553676f8ce31543c1cf9ee21e25b50458025844d64d8952,2013-06-13,7472,Luis Óscar Herrera Barriga,7500,Rodrigo Vergara Montes,SUJETO_ROL_NOMBRE,RPM-2013-06-13:T51,INICIO_EXPLICITO,,"Al no formularse otros comentarios, siendo la 13:35 horas, el Presidente señor Rodrigo Vergara suspende la presente Reunión y deja constancia que ella se reiniciará a las 15:30 horas para tratar lo referente a las opciones de política monetaria."
1;3,5615,4c88687d18bd0feb3553676f8ce31543c1cf9ee21e25b50458025844d64d8952,2013-06-13,7472,Luis Óscar Herrera Barriga,7501,Consejo del Banco Central de Chile,ACTA/META,RPM-2013-06-13:T52,INSTITUCIONAL,,"A las 15:30 horas, se reanuda la Reunión de Política Monetaria N° 199, incorporándose a esta Sesión el Ministro de Hacienda señor Felipe Larraín."
1,5679,274f8299e095563480bed1918bc43ce9c873cc5f4f72e6488cb2b048bdd11720,2013-07-11,7539,Claudio Soto Gamboa,7568,Claudio Soto Gamboa,SUJETO_ROL_NOMBRE,RPM-2013-07-11:T46,INICIO_EXPLICITO,,"El Gerente de Análisis Macroeconómico señor Claudio Soto solicita la palabra para resaltar que los temas relativos a las bases de comparación y el efecto de días hábiles incorporarán volatilidad al IMACEC. Anticipa que en el mes de junio, dicho índice estaría en torno a 4% y supone una variación mes a mes importante ascendente a 1,3%, atribuible fundamentalmente a la recuperación de la minería. Comenta, además, que esta cifra contempla como supuesto la reversión de algunos problemas que han estado incidiendo en el sector industria, que serían de carácter transitorio, tales como las ventas de celulosa y otros temas relacionados con ENAP. Por último, anticipa que en el mes de julio se registraría una variación mes a mes de solo 0,1% y una variación interanual de 5,6%, porque a un número mayor de días hábiles se sumará una baja de la base de comparación del año 2012. En consecuencia, es importante tener presente que la variación de 5,6% antedicha no implicará un rebote de la actividad, sino que se produce únicamente por efectos base y de días hábiles que estarán presentes en el próximo registro. Acota que en el mes de agosto próximo, se observaría nuevamente un dato menor."
1,5679,274f8299e095563480bed1918bc43ce9c873cc5f4f72e6488cb2b048bdd11720,2013-07-11,7539,Claudio Soto Gamboa,7569,Rodrigo Vergara Montes,SUJETO_ROL_NOMBRE,RPM-2013-07-11:T47,INICIO_EXPLICITO,,"Al no formularse otros comentarios, siendo la 13:20 horas, el Presidente señor Rodrigo Vergara suspende la presente Reunión y deja constancia que ella se reiniciará a las 15:30 horas para tratar lo referente a las opciones de política monetaria."
1,5679,274f8299e095563480bed1918bc43ce9c873cc5f4f72e6488cb2b048bdd11720,2013-07-11,7539,Claudio Soto Gamboa,7570,Consejo del Banco Central de Chile,ACTA/META,RPM-2013-07-11:T48,INSTITUCIONAL,,"A las 15:30 horas, se reanuda la Reunión de Política Monetaria N° 200, incorporándose a esta Sesión el Ministro de Hacienda señor Felipe Larraín."
1,5738,98fe39a34510b0db7dc0a161944516f07263b50fb12a021d4fbdf638f9b5ec2d,2013-08-13,7605,Luis Óscar Herrera Barriga,7636,Luis Óscar Herrera Barriga,SUJETO_NOMBRE,RPM-2013-08-13:T43,INICIO_EXPLICITO,,"El señor Luis Óscar Herrera agrega que el tema central en este período es el alto crecimiento de la demanda interna en sectores intensivos en empleo, lo que tiende a generar aumentos de salarios reales o apreciación del tipo de cambio real, como también, transferencias de mayores recursos al sector privado, lo que se ha traducido en un mayor dinamismo del consumo privado sin necesidad de recurrir a endeudamiento. Además, lo expresado permite estimar que en este ciclo, el ajuste del consumo será más lento que lo ocurrido en ciclos anteriores, oportunidad en que estuvo sustentado por endeudamiento, por lo que en esta ocasión su evolución será más acorde con la que exhiba el mercado del trabajo."
1,5738,98fe39a34510b0db7dc0a161944516f07263b50fb12a021d4fbdf638f9b5ec2d,2013-08-13,7605,Luis Óscar Herrera Barriga,7637,Rodrigo Vergara Montes,SUJETO_ROL_NOMBRE,RPM-2013-08-13:T44,INICIO_EXPLICITO,,"Al no formularse otros comentarios, siendo la 13:25 horas, el Presidente señor Rodrigo Vergara suspende la presente Reunión y deja constancia que ella se reiniciará a las 16:00 horas para tratar lo referente a las opciones de política monetaria."
1,5738,98fe39a34510b0db7dc0a161944516f07263b50fb12a021d4fbdf638f9b5ec2d,2013-08-13,7605,Luis Óscar Herrera Barriga,7638,Consejo del Banco Central de Chile,ACTA/META,RPM-2013-08-13:T45,INSTITUCIONAL,,"A las 16:00 horas, se reanuda la Reunión de Política Monetaria N° 201."
1,5798,8b1df80a7bb846bf15393ea2eff2b9d768e131f3391c0cf843efd3da13ee2c0d,2013-09-12,7669,Luis Óscar Herrera Barriga,7702,Luis Óscar Herrera Barriga,SUJETO_NOMBRE,RPM-2013-09-12:T45,INICIO_EXPLICITO,,"El señor Luis Óscar Herrera plantea que constituye un tema de preocupación la discrepancia entre los datos de demanda final y la evolución del comercio exterior y el producto. En efecto, la desaceleración de existencias ha generado algunas dudas respecto de su sustentabilidad, porque no se ha detectado que ella responda a una intención de reducir inventarios, sino que más bien podría ser de carácter casual y, por lo tanto, se podría observar algún rebote en las cifras de actividad o en las de exportaciones. Lo expresado corresponde a una señal de cautela ante el planteamiento referente a la mantención del dinamismo del consumo privado como un factor de riesgo, ya que en la medida que se ha ido concentrando en este componente de variación de existencias, es posible que en el corto plazo se abra un nuevo frente de riesgo."
1,5798,8b1df80a7bb846bf15393ea2eff2b9d768e131f3391c0cf843efd3da13ee2c0d,2013-09-12,7669,Luis Óscar Herrera Barriga,7703,Rodrigo Vergara Montes,SUJETO_ROL_NOMBRE,RPM-2013-09-12:T46,INICIO_EXPLICITO,,"Al no formularse otros comentarios, siendo las 13:15 horas, el Presidente señor Rodrigo Vergara suspende la presente Reunión y deja constancia que ella se reiniciará a las 15:30 horas para tratar lo referente a las opciones de política monetaria. H ^ ."
1,5798,8b1df80a7bb846bf15393ea2eff2b9d768e131f3391c0cf843efd3da13ee2c0d,2013-09-12,7669,Luis Óscar Herrera Barriga,7704,Consejo del Banco Central de Chile,ACTA/META,RPM-2013-09-12:T47,INSTITUCIONAL,,"A las 15:30 horas, se reanuda la Reunión de Política Monetaria N° 202."
1,5842,5d7f273245562a93171345326c88b12001d2e0833b04610cf8de9604d8b6da99,2013-10-17,7715,Claudio Raddatz Kiefer,7750,Claudio Raddatz Kiefer,SUJETO_ROL_NOMBRE,RPM-2013-10-17:T30,INICIO_EXPLICITO,,"El Gerente de Investigación Económica señor Claudio Raddatz menciona que las proyecciones y los escenarios de mediano plazo asociados con el escenario externo y el ciclo de inversión parecen bastante claros. Sin perjuicio de ello, hace notar el riesgo de más corto plazo asociado a nuestras proyecciones sobre la evolución de la economía, si se considera la dirección que han tenido las sorpresas producidas en materia de empleo y la masa salarial, así como de los componentes de la demanda en el último trimestre. En su opinión, estas sorpresas introducen algún riesgo en el corto plazo, que debería ser considerado."
1,5842,5d7f273245562a93171345326c88b12001d2e0833b04610cf8de9604d8b6da99,2013-10-17,7715,Claudio Raddatz Kiefer,7751,Rodrigo Vergara Montes,SUJETO_ROL_NOMBRE,RPM-2013-10-17:T31,INICIO_EXPLICITO,,"Al no formularse otros comentarios, siendo la 13:10 horas, el Presidente señor Rodrigo Vergara suspende la presente Reunión y deja constancia que ella se reiniciará a las 15:30 horas para tratar lo referente a las opciones de política monetaria."
1,5842,5d7f273245562a93171345326c88b12001d2e0833b04610cf8de9604d8b6da99,2013-10-17,7715,Claudio Raddatz Kiefer,7752,Consejo del Banco Central de Chile,ACTA/META,RPM-2013-10-17:T32,INSTITUCIONAL,,"A las 15:30 horas, se reanuda la Reunión de Política Monetaria N°203, incorporándose a esta Sesión el Ministro de Hacienda señor Felipe Larraín."
1,5884,c46ddb7b7f3f9c013d0f301c430da95c831b09fd41dae3fab8f4b1c83829ed58,2013-11-19,7759,Claudio Soto Gamboa,7796,Claudio Soto Gamboa,ROL+NOMBRE,RPM-2013-11-19:T27,SIN_CONTINUIDAD_CONFIRMADA,ATRIBUCION_HEURISTICA_LEGADA,"El Gerente de Análisis Macroeconómico señor Claudio Soto procede a dar respuesta a los temas planteados precedentemente. En relación con el crecimiento del crédito, expuesto por el Consejero señor Sebastián Claro, señala que no se aprecia una disrupción clara y en este contexto, hace presente que si bien se produjeron cambios regulatorios, así como ajustes a la baja en las velocidades que incidieron en las tasas de crecimiento de los créditos de consumo, no se advierte una caída que pueda calificarse de significativa. Consigna que actualmente la tasa de crecimiento de créditos es menor, ya que las que se observaron en el período 2011 - 2012 reflejaron la recuperación de la economía post crisis y, por lo tanto, resulta natural esperar tasas de crecimiento mayores. Por su parte, los créditos comerciales, en cambio, sí exhiben caídas en sus tasas de crecimiento, asociadas más bien a un cambio en la composición del financiamiento. En lo concerniente a la balanza comercial, deja constancia del compromiso de esa Gerencia a revisar las cifras correspondientes al período noviembre y diciembre. Sobre este aspecto, expresa que el año pasado, las cifras de exportaciones del mes de octubre estuvieron distorsionadas por el paro portuario del mes anterior, lo cual hace compleja la lectura de los datos del presente año. Además, atendida la sorpresiva alza de las exportaciones que se produjo en el tercer trimestre, se ha supuesto que los niveles de inventarios de minería no les permitirían crecer mayormente hacia fines de año, lo que podría diferir del patrón histórico. En lo referente al tema cambiario, informa que los supuestos de corto plazo consideran un tipo de cambio estable, cuyo efecto es acotado hasta ahora en las proyecciones, pero atendida la magnitud de la depreciación registrada últimamente, es posible que algunos componentes subyacentes puedan exhibir una inflación mayor. Finalmente, informa que en lo atinente al gasto fiscal, la ejecución del presupuesto ha estado más bien acorde con lo programado y que, como es habitual, se espera una aceleración en su grado de ejecución en los meses restantes, de manera que se cumpla conforme a lo proyectado."
1,5884,c46ddb7b7f3f9c013d0f301c430da95c831b09fd41dae3fab8f4b1c83829ed58,2013-11-19,7759,Claudio Soto Gamboa,7797,Rodrigo Vergara Montes,SUJETO_ROL_NOMBRE,RPM-2013-11-19:T28,INICIO_EXPLICITO,,"Al no formularse otros comentarios, siendo las 13:05 horas, el Presidente señor Rodrigo Vergara suspende la presente Reunión y deja constancia que ella se reiniciará a las 15:30 horas para tratar lo referente a las opciones de política monetaria."
1,5884,c46ddb7b7f3f9c013d0f301c430da95c831b09fd41dae3fab8f4b1c83829ed58,2013-11-19,7759,Claudio Soto Gamboa,7798,Consejo del Banco Central de Chile,ACTA/META,RPM-2013-11-19:T29,INSTITUCIONAL,,"A las 15:30 horas, se reanuda la Reunión de Política Monetaria N° 204."
2,5910,832b9d1155ccb16fe1e5d60f5758a23665c91f3f250cbf79f6cae618eb6b5507,2013-12-12,7786,Joaquín Vial Ruiz-Tagle,7825,Joaquín Vial Ruiz-Tagle,SUJETO_ROL_NOMBRE,RPM-2013-12-12:T6,INICIO_EXPLICITO,,"El Consejero señor Joaquín Vial comenta que el gobierno argentino, junto con alcanzar un acuerdo con la empresa Repsol, habría tenido acercamientos con el Club de París, y que a ello se suma que el Fondo Monetario Internacional emitió un comunicado en que informa sobre el plazo que habría otorgado a ese país para corregir sus estadísticas en materia de inflación."
2,5910,832b9d1155ccb16fe1e5d60f5758a23665c91f3f250cbf79f6cae618eb6b5507,2013-12-12,7786,Joaquín Vial Ruiz-Tagle,7826,Sergio Lehmann Beresi,CONTEXTO_REVISADO,RPM-2013-12-12:T7,SIN_CONTINUIDAD_CONFIRMADA,,"Por último, el señor Sergio Lehmann consigna que las recientes protestas persiguen mejoras salariales y que la huelga de la policía ha facilitado que se efectúen saqueos en algunas provincias de ese país. Al proseguir con su presentación, menciona las principales noticias en materia de actividad y precios. En primer término, indica que el PIB de Estados Unidos de América del tercer trimestre del año alcanzó a 3,6% trimestre a trimestre anualizado, superando las expectativas y la primera entrega de este dato; y destaca el incremento de los inventarios y que el Beige Book apunta a mejoras en los sectores manufacturero e inmobiliario. En lo atinente a la Zona Euro, manifiesta que el crecimiento fue de 0,3% trimestre a trimestre anualizado, pero destaca que el dinamismo de la inversión y de las exportaciones netas ha comenzado a incidir negativamente. En Japón, el PIB registró un crecimiento menor que lo informado preliminarmente, que se explica por una menor inversión bruta e indicadores de corto plazo bajo las expectativas. En su opinión, estos resultados habrían incentivado la adopción del conjunto de medidas económicas anunciado recientemente en dicho país. Además, resalta que en las economías avanzadas, el PMI manufacturero vuelve a expandirse por sobre las expectativas, mientras que en las emergentes muestra un grado de estancamiento. Latinoamérica, por su parte, exhibe resultados mixtos, ya que el PIB de Brasil cae y el de México se expande, aun cuando se mantiene la tendencia a una moderación de la actividad. Agrega que la Zona Euro revierte su tendencia a la deflación y Japón acelera su inflación. Por último, indica que la Organización para la Cooperación y el Desarrollo Económicos, OCDE, redujo las proyecciones de crecimiento mundial y advirtió sobre riesgos de carácter financiero y fragilidad de las economías."
1,5942,aa9e2ccd8ee40f98786a8d33e24523978a1700c27831a5e110264885f01cfa60,2013-12-12,7818,Luis Óscar Herrera Barriga,7858,Luis Óscar Herrera Barriga,SUJETO_NOMBRE,RPM-2013-12-12:T39,INICIO_EXPLICITO,,"El señor Luis Óscar Herrera manifiesta que esa diferencia se debe a que el impulso inicial de depreciación lo originó la salida de los NDF, lo cual genera distorsiones en el mercado que hacen más atractivo a los fondos de pensiones invertir en el exterior y a las empresas obtener crédito en Chile, en lugar de hacerlo en el extranjero. En cuanto a la inflación, señala que el alza reciente obedece a un ajuste de precios relativos; y que desde una perspectiva de mediano y largo plazo, tanto las expectativas como las proyecciones internas y privadas la atribuyen a elementos transitorios."
1,5942,aa9e2ccd8ee40f98786a8d33e24523978a1700c27831a5e110264885f01cfa60,2013-12-12,7818,Luis Óscar Herrera Barriga,7859,Rodrigo Vergara Montes,SUJETO_ROL_NOMBRE,RPM-2013-12-12:T40,INICIO_EXPLICITO,,"Al no formularse otros comentarios, siendo las 13:00 horas, el Presidente señor Rodrigo Vergara suspende la presente Reunión y deja constancia que ella se reiniciará a las 15:30 horas para tratar lo referente a las opciones de política monetaria."
1,5942,aa9e2ccd8ee40f98786a8d33e24523978a1700c27831a5e110264885f01cfa60,2013-12-12,7818,Luis Óscar Herrera Barriga,7860,Consejo del Banco Central de Chile,ACTA/META,RPM-2013-12-12:T41,INSTITUCIONAL,,"A las 15:30 horas, se reanuda la Reunión de Política Monetaria N° 205, incorporándose a esta Sesión el Ministro de Hacienda señor Felipe Larraín."
1,5991,74becdbf6d4ca32f59b425ce9aeb847784d75b257ac9857a970b200a4229ba60,2014-01-16,7869,Claudio Soto Gamboa,7911,Claudio Soto Gamboa,ROL+NOMBRE,RPM-2014-01-16:T29,SIN_CONTINUIDAD_CONFIRMADA,ATRIBUCION_HEURISTICA_LEGADA,"El Gerente de Análisis Macroeconómico señor Claudio Soto alude al rebote de las proyecciones de crecimiento. Sobre el particular, expresa que si bien la reciente desaceleración obedece en parte a hechos puntuales y transitorios, como el cierre de plantas en algunos sectores, ella responde principalmente a una evaluación de los fundamentos del ciclo que se presenta con bastante incertidumbre y riesgos. Sin embargo, el dinamismo del consumo y la desacumulación de inventarios sugieren mayor actividad en los meses venideros, pero sujeta a riesgos de importancia. Plantea que la depreciación del tipo de cambio real debería favorecer a algunos sectores y que la disminución registrada por la industria se debería revertir en aquellos sectores que están recuperando competitividad. En consecuencia, existen argumentos que sugieren un mayor dinamismo futuro, con ciertos riesgos. Por último, señala que las expectativas de inflación no han variado mayormente desde la Reunión pasada, pero sí se advierte un grado de confusión en el mercado por el cambio de canasta del INE, que se espera sea transitorio, mientras se alcanza una cabal comprensión de sus modificaciones y funcionamiento. Deja constancia que los distintos análisis efectuados internamente sugieren que la nueva canasta implicará un sesgo al alza en algunos casos y en otros, a la baja."
1,5991,74becdbf6d4ca32f59b425ce9aeb847784d75b257ac9857a970b200a4229ba60,2014-01-16,7869,Claudio Soto Gamboa,7912,Rodrigo Vergara Montes,SUJETO_ROL_NOMBRE,RPM-2014-01-16:T30,INICIO_EXPLICITO,,"Al no formularse otros comentarios, siendo las 13:15 horas, el Presidente señor Rodrigo Vergara suspende la presente Reunión y deja constancia que ella se reiniciará a las 15:30 horas para tratar lo referente a las opciones de política monetaria."
1,5991,74becdbf6d4ca32f59b425ce9aeb847784d75b257ac9857a970b200a4229ba60,2014-01-16,7869,Claudio Soto Gamboa,7913,Consejo del Banco Central de Chile,ACTA/META,RPM-2014-01-16:T31,INSTITUCIONAL,,"A las 15:30 horas, se reanuda la Reunión de Política Monetaria N° 206."
1,6039,24abb2fea2e8c2d8720d616e5d5e4f9a54e0e61191d92af65312aadd7228cfa0,2014-02-18,7918;7919;7920,Rodrigo Vergara Montes;Felipe Larraín Bascuñán;Rodrigo Vergara Montes,7962,Rodrigo Vergara Montes,SUJETO_ROL_NOMBRE,RPM-2014-02-18:T32,INICIO_EXPLICITO,,"El Presidente señor Rodrigo Vergara, antes de concluir esta primera parte de la Reunión de Política Monetaria, señala que es la última oportunidad en que el señor Rodrigo Cerda asiste a estas Sesiones en calidad de Asesor del Ministro de Hacienda, razón por la que le agradece, en nombre suyo y del Consejo, su apoyo, análisis y disposición a colaborar con esta Institución. Asimismo, hace propicia esta oportunidad para desearle el mayor éxito en sus nuevas funciones. Al no formularse otros comentarios, siendo las 13:30 horas, el Presidente señor Rodrigo Vergara suspende la presente Reunión y deja constancia que ella se reiniciará a las 15:30 horas para tratar lo referente a las opciones de política monetaria."
1,6039,24abb2fea2e8c2d8720d616e5d5e4f9a54e0e61191d92af65312aadd7228cfa0,2014-02-18,7918;7919;7920,Rodrigo Vergara Montes;Felipe Larraín Bascuñán;Rodrigo Vergara Montes,7963,Consejo del Banco Central de Chile,ACTA/META,RPM-2014-02-18:T33,INSTITUCIONAL,,"A las 15:30 horas, se reanuda la Reunión de Política Monetaria N° 207, incorporándose a esta Sesión el Ministro de Hacienda señor Felipe Larraín."
1,6039,24abb2fea2e8c2d8720d616e5d5e4f9a54e0e61191d92af65312aadd7228cfa0,2014-02-18,7918;7919;7920,Rodrigo Vergara Montes;Felipe Larraín Bascuñán;Rodrigo Vergara Montes,7964,Rodrigo Vergara Montes,SUJETO_ROL_NOMBRE,RPM-2014-02-18:T34,INICIO_EXPLICITO,,"El Presidente señor Rodrigo Vergara señala que la de hoy es la última Reunión de Política Monetaria a la que asiste el señor Felipe Larraín en carácter de Ministro de Hacienda, motivo por el cual, en nombre propio y del Consejo, le agradece su presencia en las sesiones de Política Monetaria, sus análisis y opiniones, que en algunas oportunidades presentaron diferencias que son normales en el ejercicio de estas funciones, así como su valioso aporte."
1,6039,24abb2fea2e8c2d8720d616e5d5e4f9a54e0e61191d92af65312aadd7228cfa0,2014-02-18,7918;7919;7920,Rodrigo Vergara Montes;Felipe Larraín Bascuñán;Rodrigo Vergara Montes,7965,Felipe Larraín Bascuñán,SUJETO_ROL_NOMBRE,RPM-2014-02-18:T35,INICIO_EXPLICITO,,"El Ministro señor Felipe Larraín agradece las palabras del señor Presidente y la cooperación prestada por todas las personas que asisten a estas sesiones y destaca la relevancia de contar con un Banco Central autónomo en cuyo contexto el Ministerio de Hacienda y esta Institución pueden discrepar ocasionalmente, pero siempre buscando el mejor interés del país y la combinación de políticas macroeconómicas que es reconocida en el mundo."
1,6039,24abb2fea2e8c2d8720d616e5d5e4f9a54e0e61191d92af65312aadd7228cfa0,2014-02-18,7918;7919;7920,Rodrigo Vergara Montes;Felipe Larraín Bascuñán;Rodrigo Vergara Montes,7966,Rodrigo Vergara Montes,SUJETO_ROL_NOMBRE,RPM-2014-02-18:T36,INICIO_EXPLICITO,,"A continuación, el Presidente señor Rodrigo Vergara deja constancia que la Reunión de Política Monetaria de agosto de 2014 se efectuará el día jueves 14 de ese mes y concede la palabra al Gerente de Análisis Macroeconómico señor Claudio Soto a fin de que presente al Consejo las Opciones de Política Monetaria que se han considerado en esta oportunidad."
2,6050,aa3b8de83d90ddc05d5a0e66e459d25f761d9b761b1cdea0d360a5467c7c568d,2014-02-18,7931,Rodrigo Vergara Montes,7977,Rodrigo Vergara Montes,SUJETO_ROL_NOMBRE,RPM-2014-02-18:T46,INICIO_EXPLICITO,,"El Presidente señor Rodrigo Vergara agradece la presentación del Consejero señor Pablo García y, a continuación, concede la palabra al Consejero señor Joaquín Vial."
2,6050,aa3b8de83d90ddc05d5a0e66e459d25f761d9b761b1cdea0d360a5467c7c568d,2014-02-18,7931,Rodrigo Vergara Montes,7978,Joaquín Vial Ruiz-Tagle,CONTEXTO_REVISADO,RPM-2014-02-18:T47,SIN_CONTINUIDAD_CONFIRMADA,FINAL_SIN_PUNTUACION,"En el plano internacional, indica que lo más destacable es que el escenario de actividad va más o menos en línea con el panorama delineado en el último IPoM. Sin embargo, hace notar tres elementos que se comienzan a perfilar con más fuerza. En primer término, los riesgos sobre la economía china vinculados con su sistema financiero parecen ir en aumento. En efecto, en un plazo de pocas semanas se han observado ya dos rescates de empresas emisoras de deuda intermediadas fuera de los balances bancarios, siendo el mayor riesgo que esto derive en un freno brusco del crédito y, con ello, del crecimiento de la economía china. En segundo lugar, señala que en el último tiempo se ha visto que países como Brasil han intervenido en el mercado cambiario y subido las tasas de interés, sin embargo sus monedas se han apreciado; o como en el caso de Perú, cuya tasa de interés de largo plazo sigue subiendo, a pesar de bajas en su TPM. A su juicio, todo ello sugiere que el entorno externo está poniendo nuevos límites a la política monetaria y que su situación debe ser monítoreada con cuidado para sacar lecciones apropiadas para nuestro caso. Por último, expresa que si bien el precio del cobre ha fluctuado en una banda acotada en los últimos meses, ha habido sorpresas importantes que resultan difíciles de interpretar. En este sentido, si bien los inventarios caen en la Bolsa de Londres, ellos han aumentado fuertemente en Shanghái, lo cual coincide a su vez con aumentos de las importaciones de cobre de China, que no parecen consistentes con los datos de actividad de ese país. En resumen, manifiesta que la tendencia general se mantiene, pero hay suficientes razones como para pensar que los riesgos no han desaparecido, ni mucho menos. A todo lo anterior se agrega un panorama de tensiones políticas desbordadas en Ucrania y Venezuela, que se suman a los puntos de tensión y conflicto ya existentes. En lo referente al plano local, consigna que la desaceleración ha sido algo mayor que lo previsto y la sorpresa parece concentrarse en la inversión, en particular, en el componente de Obras de Infraestructura, que incluye tanto construcciones como importaciones de maquinarias y equipos. En su opinión, ello parece tener su origen en la terminación de algunos grandes proyectos mineros y energéticos, que coincide con postergaciones de otros, así como con una caída muy significativa de la Inversión Pública en la última parte del año pasado. Sin embargo, informa que las proyecciones de la Corporación de Bienes de Capital sugieren que este componente debería experimentar una recuperación en el curso del año. Por otra parte, el empleo, el consumo, y más recientemente, las colocaciones bancarias, muestran bastante fortaleza. A nivel de sectores, llama la atención sobre la recuperación que se observa en el margen en actividades como servicios empresariales y la propia industria manufacturera, que en el año 2013 tuvieron un desempeño muy pobre. En este cuadro, estima que las opciones planteadas por la Gerencia de División Estudios son las correctas, y que si bien varios de los antecedentes mencionados anteriormente podrían sugerir la conveniencia de esperar algo más para reducir la TPM, su voto en esta ocasión es por bajarla a 4,25% en respuesta a la rebaja en las proyecciones de actividad, para ser consistentes con el sesgo del último Comunicado, y para evitar una sorpresa difícil de interpretar por el mercado. A título de reflexión final, el Consejero señor Joaquín Vial plantea que si bien lo más probable es que el próximo movimiento de la tasa sea a la baja, no le parece que ello deba ocurrir de inmediato. En este sentido, su impresión es que ya se ha entrado en un territorio en que la política monetaria tiene un claro sesgo expansivo, lo que se refleja en las tasas de interés de largo plazo. Además, los diferenciales de tasas respecto de otros países relevantes se han reducido significativamente. Por otra parte, si bien el déficit en cuenta corriente ha disminuido, sigue siendo elevado dada la menor tolerancia que muestran los mercados financieros internacionales con las economías"
2,6050,aa3b8de83d90ddc05d5a0e66e459d25f761d9b761b1cdea0d360a5467c7c568d,2014-02-18,7931,Rodrigo Vergara Montes,7979,Rodrigo Vergara Montes,SUJETO_ROL_NOMBRE,RPM-2014-02-18:T48,INICIO_EXPLICITO,,"El Presidente señor Rodrigo Vergara agradece la presentación del Consejero señor Joaquín Vial y, a continuación, concede la palabra al Consejero señor Sebastián Claro."
1,6093,f49672b25fef6fda749e7ad5a4e1e166e310376dcac2fa88989b5afa2b6be22b,2014-03-13,7979,Luis Óscar Herrera Barriga,8027,Luis Óscar Herrera Barriga,ROL+NOMBRE,RPM-2014-03-13:T40,SIN_CONTINUIDAD_CONFIRMADA,ATRIBUCION_HEURISTICA_LEGADA,"El Gerente de División Estudios señor Luis Óscar Herrera procede a responder las consultas y comentarios. En primer término, informa que esa Gerencia de División efectuará un análisis referido al pass through para efectos de determinar, entre otros aspectos, su magnitud, evolución en el tiempo y su variación ante diferentes condiciones, como shocks internos de portafolio o shocks de depreciación de carácter endógeno a una desaceleración de la economía que lleva involucrado un ajuste en la política monetaria. Agrega que también se debe tener presente que las variables tienen distintas velocidades de sobrerreacción al tipo de cambio respecto de sus niveles de más largo plazo. Asimismo, se debe considerar que algunos componentes de la demanda, como aquellos que tienen una lógica de stock, concentran sus ajustes en el corto plazo y luego se normalizan, sin mediar un cambio o mejora de importancia. Aquellos componentes que tienen un carácter más inercial, como el consumo y el gasto fiscal, registran un ajuste más lento. En su opinión, en la medida que el mercado de crédito continúa funcionando en forma normal, permite suavizar este tipo de elementos. En cuanto al sector industrial, confirma que parte de la sustitución de importaciones ha ido desapareciendo, pero, a diferencia de las empresas ligadas al cobre, destaca que las perspectivas se algunas empresas, como las agroexportadoras y forestales, han mejorado. De hecho, consigna alguna expansión del sector forestal. Por último, adelanta que un próximo estudio abordará el impacto de las depreciaciones del tipo de cambio sobre las exportaciones agrícolas e industriales, desagregadas por mercado y por países."
1,6093,f49672b25fef6fda749e7ad5a4e1e166e310376dcac2fa88989b5afa2b6be22b,2014-03-13,7979,Luis Óscar Herrera Barriga,8028,Rodrigo Vergara Montes,SUJETO_ROL_NOMBRE,RPM-2014-03-13:T41,INICIO_EXPLICITO,,"Al no formularse otros comentarios, siendo las 14:05 horas, el Presidente señor Rodrigo Vergara suspende la presente Reunión y deja constancia que ella se reiniciará a las 16:00 horas para tratar lo referente a las opciones de política monetaria."
1,6093,f49672b25fef6fda749e7ad5a4e1e166e310376dcac2fa88989b5afa2b6be22b,2014-03-13,7979,Luis Óscar Herrera Barriga,8029,Consejo del Banco Central de Chile,ACTA/META,RPM-2014-03-13:T42,INSTITUCIONAL,,"A las 16:00 horas, se reanuda la Reunión de Política Monetaria N° 208, incorporándose a esta Sesión el Ministro de Hacienda señor Alberto Arenas."
1,6163,b78e43d2474fb5990b165eae82f83bb4be4d077b0debddef9be73b0b96783443,2014-04-17,8063,Matías Bernier Bórquez,8113,Matías Bernier Bórquez,SUJETO_NOMBRE,RPM-2014-04-17:T59,INICIO_EXPLICITO,,"El señor Matías Bernier precisa que se anticipa una variación de 0,16% para el mes de abril y de 0,22% para mayo. En opinión del Consejero señor Pablo García, se estaría produciendo un cambio marginal en la trayectoria esperada de la política monetaria, no solo en el corto plazo, hasta un nivel de 3,75% o de 3,5%, sino que también un aplanamiento de la curva con posterioridad. En consecuencia, el actual escenario de menor crecimiento no estaría incidiendo mayormente en el estímulo inmediato, sino que en la trayectoria posterior, que anticipa un alza de tasas a fin de año o a principios del próximo, generándose una diferencia con las expectativas que se extraen de las encuestas. A su juicio, la discusión de política monetaria debería centrarse en la trayectoria de la tasa rectora a mediano plazo, más que en una rebaja inmediata que ya no es objeto de discusión."
1,6163,b78e43d2474fb5990b165eae82f83bb4be4d077b0debddef9be73b0b96783443,2014-04-17,8063,Matías Bernier Bórquez,8114,Rodrigo Vergara Montes,SUJETO_ROL_NOMBRE,RPM-2014-04-17:T60,INICIO_EXPLICITO,,"Al no formularse otros comentarios, siendo las 13:25 horas, el Presidente señor Rodrigo Vergara suspende la presente Reunión y deja constancia que ella se reiniciará a las 16:00 horas para tratar lo referente a las opciones de política monetaria."
1,6163,b78e43d2474fb5990b165eae82f83bb4be4d077b0debddef9be73b0b96783443,2014-04-17,8063,Matías Bernier Bórquez,8115,Consejo del Banco Central de Chile,ACTA/META,RPM-2014-04-17:T61,INSTITUCIONAL,,"A las 16:00 horas, se reanuda la Reunión de Política Monetaria N° 209, incorporándose a esta Sesión el Ministro de Hacienda señor Alberto Arenas."
1,6220,3cae19d09f06ede8137d2127248f076a65747e908ea8db8d5676b77add4f7859,2014-05-15,8126,Luis Óscar Herrera Barriga,8178,Luis Óscar Herrera Barriga,SUJETO_ROL_NOMBRE,RPM-2014-05-15:T43,INICIO_EXPLICITO,,"El Gerente de División Estudios señor Luis Óscar Herrera manifiesta que de acuerdo con los antecedentes disponibles, se observa sistemáticamente que en los ciclos positivos, el empleo aumenta y el de cuenta propia cae, y viceversa, y que el efecto del empleo por cuenta propia es bastante incierto."
1,6220,3cae19d09f06ede8137d2127248f076a65747e908ea8db8d5676b77add4f7859,2014-05-15,8126,Luis Óscar Herrera Barriga,8179,Rodrigo Vergara Montes,SUJETO_ROL_NOMBRE,RPM-2014-05-15:T44,INICIO_EXPLICITO,,"Al no formularse otros comentarios, siendo las 13:30 horas, el Presidente señor Rodrigo Vergara suspende la presente Reunión y deja constancia que ella se reiniciará a las 16:00 horas para tratar lo referente a las opciones de política monetaria."
1,6220,3cae19d09f06ede8137d2127248f076a65747e908ea8db8d5676b77add4f7859,2014-05-15,8126,Luis Óscar Herrera Barriga,8180,Consejo del Banco Central de Chile,ACTA/META,RPM-2014-05-15:T45,INSTITUCIONAL,,"A las 16:00 horas, se reanuda la Reunión de Política Monetaria N° 210, incorporándose a esta Sesión el Subsecretario de Hacienda señor Alejandro Micco."
1,6276,d4b9939386482238cd961bcef27c83595260d532ce8dcf269481050f9f3583db,2014-06-12,8194,Enrique Marshall Rivera,8248,Enrique Marshall Rivera,SUJETO_ROL_NOMBRE,RPM-2014-06-12:T49,INICIO_EXPLICITO,,"El Vicepresidente señor Enrique Marshall expresa que en el ámbito interno se advierte una actividad ligeramente más débil, que se prolonga; expectativas de movimientos de tasa similares a las observadas en el mes de marzo; y algo más de inflación, pero que sería de carácter transitorio. Agrega que el último registro de inflación ha sido tranquilizador en el sentido que no han surgido nuevos elementos que la impulsen; no obstante, se anticipa un período no tan breve con inflaciones altas, lo cual genera un grado de tensión. En síntesis, estima que el panorama actual es similar al de los meses recientes."
1,6276,d4b9939386482238cd961bcef27c83595260d532ce8dcf269481050f9f3583db,2014-06-12,8194,Enrique Marshall Rivera,8249,Rodrigo Vergara Montes,SUJETO_ROL_NOMBRE,RPM-2014-06-12:T50,INICIO_EXPLICITO,,"Al no formularse otros comentarios, siendo las 13:25 horas, el Presidente señor Rodrigo Vergara suspende la presente Reunión y deja constancia que ella se reiniciará a las 16:00 horas para tratar lo referente a las opciones de política monetaria."
1,6276,d4b9939386482238cd961bcef27c83595260d532ce8dcf269481050f9f3583db,2014-06-12,8194,Enrique Marshall Rivera,8250,Consejo del Banco Central de Chile,ACTA/META,RPM-2014-06-12:T51,INSTITUCIONAL,,"A las 16:00 horas, se reanuda la Reunión de Política Monetaria N° 211, incorporándose a esta Sesión el Ministro de Hacienda señor Alberto Arenas."
2,6293,78b72ffce88b20cddbf81efeffddeea8b37ff6da0f0eebf4da79d0b4c97b0023,2014-06-12,8212,Rodrigo Vergara Montes,8268,Rodrigo Vergara Montes,SUJETO_ROL_NOMBRE,RPM-2014-06-12:T66,INSTITUCIONAL,FINAL_SIN_PUNTUACION,"El Presidente señor Rodrigo Vergara agradece el planteamiento efectuado por el Vicepresidente señor Enrique Marshall e inicia su intervención expresando su reconocimiento al staff por el excelente análisis que se ha presentado a consideración del Consejo. Manifiesta que en el escenario externo se aprecia una consolidación de la recuperación en el mundo avanzado, junto con un mejoramiento de las condiciones financieras internacionales que se refleja, entre otros aspectos, en bajas en premios soberanos y bancarios, el repunte de las bolsas de valores y los flujos de capital hacia economías emergentes. Plantea que la velocidad e intensidad de algunos de estos movimientos no deja de sorprender y llama a cierta cautela. En el ámbito interno, señala que el aspecto principal lo constituye que la inflación en doce meses se sitúe en 4,7%. En este sentido, indica que en el mes de mayo pasado, luego de varios meses, la inflación estuvo dentro del rango de las estimaciones, aunque en su parte superior. La dinámica inflacionaria ha sido mayor que la esperada y, si f /• bien se estima que es transitoria, evidentemente preocupa cuando, en promedio, el traspaso de la depreciación a precios parece haber sido algo superior a lo previsto y se ha extendido además a numerosos bienes y servicios. Asimismo, se espera que la inflación se mantenga por sobre 4% por varios meses para confluir a 3% el próximo año, lo que implica una postergación de la convergencia a la meta, que hasta hace un tiempo reciente se esperaba para fines de este año. Agrega que la inflación subyacente se sitúa cerca de la parte superior del rango de tolerancia, esperándose que se mantenga en ese nivel por algunos meses; y que las expectativas siguen ancladas en 3% anual en el horizonte de política. Consigna que el ritmo de crecimiento de la actividad sigue lento y que no se proyecta un repunte significativo en lo inmediato. A la conocida caída de la inversión se suma una desaceleración del consumo, en particular, el de bienes durables; y que esta desaceleración de la demanda ha implicado un mejoramiento en las cifras de cuenta corriente, cuyo déficit se estima que será significativamente menor al que se proyectaba hace algunos meses. El mercado laboral, por su parte, sigue sólido en términos de la tasa de desempleo, aunque se aprecia un menor dinamismo en el empleo asalariado, compensado por el mayor dinamismo en los empleos por cuenta propia. Añade que los salarios nominales muestran una tendencia al alza, aunque más moderada en el último dato. En el escenario expuesto, considera que las opciones que presenta la Gerencia de División de Estudios son las más razonables, aunque estima que la de mantener la TPM en su nivel actual se impone en esta oportunidad. El Presidente señor Rodrigo Vergara destaca que la TPM ya se ha disminuido en 100 puntos base desde el pasado mes de octubre y que las tasas de largo plazo se mantienen particularmente bajas. Además, los costos de fínanciamiento se encuentran en niveles que no se habían visto en varios años, e incluso en algunos casos se trata de mínimos históricos; las tasas de interés para los créditos hipotecarios se encuentran cerca de sus límites inferiores; los spreads en las tasas cortas son muy bajos, y existe amplia liquidez en el marcado. En su opinión, todo estos antecedentes llevan a concluir que la política monetaria más expansiva, junto a condiciones de mercado, están imprimiendo un impulso relevante a la economía. Agrega que llaman a actuar con cautela el hecho que la inflación sea superior a la esperada, que se sitúe sobre el rango meta y que se espere que se mantenga en esos niveles por varios meses, como asimismo, el riesgo de que alguna sorpresa imprevista pueda llevarnos incluso por sobre la cifra actual, En las actuales condiciones de desaceleración de la economía, considera que el riesgo inflacionario es bajo, pero no nulo, y que ello, más el impulso monetario ya en operación, hacen, en su opinión, que sea contraproducente entregar una señal de mayor relajamiento. Destaca que en materia de inflación son importantes las señales; ya que el Banco no puede arriesgarse a que las expectativas se desanclen, por lo que se debe entregar un mensaje claro al respecto. A su juicio, este es un momento importante para dar ese mensaje y es lo más apropiado que el Banco Central de Chile puede hacer para lograr un crecimiento sostenible en el largo plazo. Por el contrario, estima que una baja de la tasa rectora en esta oportunidad podría entregar una señal equívoca. Por lo demás, considera que en las actuales circunstancias, esperar un tiempo antes de seguir dando mayor estímulo monetario representa los beneficios antes mencionados y no produce grandes efectos porque, como se comentó, las condiciones de tasas de interés a los distintos plazos ya son expansivas Por los motivos antedichos, manifiesta que su voto es por mantener la Tasa de Política Monetaria en 4,0% anual y el sesgo expansivo del último Comunicado. En consecuencia, conforme a lo manifestado por los señores Consejeros, el Presidente señor Rodrigo Vergara señala que se acuerda por cuatro votos a favor y uno en contra, mantener la Tasa de Política Monetaria en 4,0% anual. Como es tradicional para el caso de producirse votos disidentes, el Presidente señor Rodrigo Vergara consulta al Consejero señor Pablo García si desea sumarse a la votación de la mayoría de los señores Consejeros"
2,6293,78b72ffce88b20cddbf81efeffddeea8b37ff6da0f0eebf4da79d0b4c97b0023,2014-06-12,8212,Rodrigo Vergara Montes,8269,Pablo García Silva,CONTEXTO_REVISADO,RPM-2014-06-12:T67,SIN_CONTINUIDAD_CONFIRMADA,,"y en este sentido, el Consejero señor Pablo García reitera su decisión de mantener su voto en orden a rebajar la TPM en 25 puntos base, a 3,75% anual."
2,6293,78b72ffce88b20cddbf81efeffddeea8b37ff6da0f0eebf4da79d0b4c97b0023,2014-06-12,8212,Rodrigo Vergara Montes,8270,Rodrigo Vergara Montes,SUJETO_ROL_NOMBRE,RPM-2014-06-12:T68,INSTITUCIONAL,,"En razón de lo expuesto, el Presidente señor Rodrigo Vergara deja constancia que se acuerda por cuatro votos a favor y uno en contra, mantener la Tasa de Política Monetaria en 4,0% anual."
1,6326,fcba5ee6c66f458fe8a39a0c1a45c114c3d1666883eae5475cc5487ea0ebae3c,2014-07-15,8247,Miguel Fuentes Díaz,8305,Miguel Fuentes Díaz,ROL+NOMBRE,RPM-2014-07-15:T33,SIN_CONTINUIDAD_CONFIRMADA,ATRIBUCION_HEURISTICA_LEGADA,"El Gerente de Análisis Macroeconómico señor Miguel Fuentes procede a responder las consultas y comentarios. En relación con la pregunta del Consejero señor Sebastián Claro sobre la incidencia del consumo y de la inversión en la desaceleración de la actividad, manifiesta que la evolución del consumo tiene una incidencia mayor, porque su participación en la demanda agregada también lo es. Precisa que la revisión del consumo del segundo trimestre, desde 2,9 a 2,8%, responde principalmente al consumo de servicios, que ha exhibido un menor dinamismo de manera persistente; y que la inversión se ha revisado a la baja para el presente año desde el -0,8% contemplado en el IPoM del mes de junio a un - 1,1%, pero esta corrección tiene una incidencia mucho menor en la demanda agregada que la del consumo. Por otra parte, señala que el tema relacionado con las brechas se seguirá analizando con miras al próximo IPoM. En cuanto a la evaluación de corto plazo de la inflación, señala que el bajo registro del mes de junio no se ha traducido en una corrección relevante; y en lo que concierne a la inflación de servicios, se ha asumido que la caída es transitoria, tanto por el efecto de los gastos comunes, las tarifas de los taxis y algunos elementos vinculados a salarios, como los del servicio doméstico. En consecuencia, no se advierten cambios en el escenario de corto plazo, como tampoco una corrección relevante en el ítem core o un cambio en la proyección importante en ese sentido. Con respecto a la corrección del PIB, aclara que la revisión a la baja del sector agrícola, en torno a cuatro puntos porcentuales en el segundo trimestre, tiene una incidencia menor que la revisión del consumo de servicios y de la inversión. En lo concerniente al Mecanismo de Estabilización de Precios de los Combustibles, Mepco, manifiesta que de acuerdo con las simulaciones que se han realizado internamente, este mecanismo reduciría la volatilidad de los precios de las gasolinas en el corto plazo, al suavizar las alzas y las bajas de precios, porque su propósito es el de evitar fluctuaciones relevantes en el precio de las gasolinas. Agrega que este mecanismo tendría alguna incidencia en la inflación final en la medida que entre en vigencia en diciembre o enero próximo, pero en el horizonte contemplado internamente no afectará la inflación acumulada al mes de diciembre."
1,6326,fcba5ee6c66f458fe8a39a0c1a45c114c3d1666883eae5475cc5487ea0ebae3c,2014-07-15,8247,Miguel Fuentes Díaz,8306,Rodrigo Vergara Montes,SUJETO_ROL_NOMBRE,RPM-2014-07-15:T34,INICIO_EXPLICITO,,"Al no formularse otros comentarios, siendo las 13:50 horas, el Presidente señor Rodrigo Vergara suspende la presente Reunión y deja constancia que ella se reiniciará a las 16:00 horas para tratar lo referente a las opciones de política monetaria."
1,6326,fcba5ee6c66f458fe8a39a0c1a45c114c3d1666883eae5475cc5487ea0ebae3c,2014-07-15,8247,Miguel Fuentes Díaz,8307,Consejo del Banco Central de Chile,ACTA/META,RPM-2014-07-15:T35,INSTITUCIONAL,,"A las 16:00 horas, se reanuda la Reunión de Política Monetaria N° 212, incorporándose a esta Sesión el Subsecretario de Hacienda señor Alejandro Micco."
1,6373,e9163ed90e5bbe91660ac35aedf8832be9459ec262daa3c2b2b6bbbdb2c00852,2014-08-14,8299,Rodrigo Vergara Montes,8359,Rodrigo Vergara Montes,SUJETO_ROL_NOMBRE,RPM-2014-08-14:T34,INICIO_EXPLICITO,,"El Presidente señor Rodrigo Vergara agradece la exposición del Gerente de Análisis Macroeconómico señor Miguel Fuentes, y al no formularse consultas ni comentarios, siendo las 13:27 horas, suspende la presente Reunión y deja constancia que ella se reiniciará a las 16:00 horas para tratar lo referente a las opciones de política monetaria."
1,6373,e9163ed90e5bbe91660ac35aedf8832be9459ec262daa3c2b2b6bbbdb2c00852,2014-08-14,8299,Rodrigo Vergara Montes,8360,Consejo del Banco Central de Chile,ACTA/META,RPM-2014-08-14:T35,INSTITUCIONAL,,"A las 16:00 horas, se reanuda la Reunión de Política Monetaria N° 213, incorporándose a esta Sesión el Subsecretario de Hacienda señor Alejandro Micco."
1,6373,e9163ed90e5bbe91660ac35aedf8832be9459ec262daa3c2b2b6bbbdb2c00852,2014-08-14,8299,Rodrigo Vergara Montes,8361,Rodrigo Vergara Montes,SUJETO_ROL_NOMBRE,RPM-2014-08-14:T36,INICIO_EXPLICITO,,"El Presidente señor Rodrigo Vergara deja constancia que la Reunión de Política Monetaria de febrero de 2015 se efectuará el día jueves 12 de ese mes y, a continuación, concede la palabra al Gerente de Análisis Macroeconómico señor Miguel Fuentes a fin de que presente al Consejo las Opciones de Política Monetaria que se han considerado en esta oportunidad."
2,6389,4898419e1d1993245db9d7df4ec2a96387497ce3ffd8071b52a11d5736714864,2014-08-14,8317;8318,Rodrigo Vergara Montes;Consejo del Banco Central de Chile,8379,Rodrigo Vergara Montes,SUJETO_ROL_NOMBRE,RPM-2014-08-14:T52,INICIO_EXPLICITO,,"El Presidente señor Rodrigo Vergara agradece el planteamiento expuesto por el Vicepresidente señor Enrique Marshall e inicia su intervención expresando su reconocimiento al staff por el excelente análisis consignado precedentemente. En lo concerniente al escenario externo, señala que las noticias positivas se concentran en Estados Unidos de América y con menor fuerza en China. En efecto, el primero tuvo un fuerte crecimiento en el segundo trimestre y China creció algo más que lo esperado en igual período, aunque presenta en el margen algunos indicadores más débiles. En Europa, en tanto, la recuperación sigue lenta, mientras que Japón sorprendió negativamente con su PIB del segundo trimestre. Agrega que el precio de las materias primas, con vaivenes, presentó, en general, una leve disminución. Con todo, no parece haber cambios sustanciales en el escenario externo frente a la Reunión pasada. Manifiesta que en el ámbito interno, la mayor sorpresa estuvo dada por la actividad del mes de junio, muy inferior a lo previsto, y también por la debilidad de la demanda interna, mayormente en inversión pero también en consumo, y que con ello, se cierra un segundo trimestre que ha estado significativamente por debajo de lo proyectado tanto en actividad como en demanda. Añade que las expectativas empresariales y de consumidores siguen deteriorándose; que la inflación estuvo en torno a lo esperado o algo marginalmente mayor en el mes de julio, con lo que llegó a 4,5% en doce meses; que el IPCSAE está algo por debajo de 4%; y que todo ello no cambia el diagnóstico que las mayores inflaciones corresponden a un fenómeno transitorio, derivado, en lo fundamental, de la depreciación del peso. Plantea que el anclaje de las expectativas en 3% así lo demuestra. Expresa que el Banco Central ha seguido, en forma decidida y persistente, imprimiéndole mayor impulso monetario a la economía. En su opinión, el Consejo debería seguir en esa senda por un tiempo aún, hasta sentirse conforme con un nivel que le permita hacer una pausa y ver cómo está decantando la situación. Indica que el peso, por su parte, se ha seguido depreciando, y que uno de los efectos esperados de una política monetaria más expansiva es una mayor depreciación, la que tiene impacto sobre la inflación por un tiempo. A su juicio, el problema sería si ello adquiere cierta persistencia. A este respecto, se debe tener presente que el tipo de cambio real está significativamente por arriba de sus promedios de las últimas décadas. Menciona que las tasas de largo plazo están en gran medida en mínimos históricos o cercanos a ellos, lo que indica que el impulso monetario está incidiendo desde hace ya un buen tiempo en las condiciones de mercado. No obstante, es preciso tener claro que si bien la política monetaria es una herramienta importante, y por eso mismo se ha usado y se seguirá utilizando, sería imprudente e ilusorio pensar que por sí sola puede alterar significativamente variables que están en buena forma determinadas, entre otros, por factores exógenos, como la situación externa o el ciclo minero, y/o por expectativas. Por último, manifiesta que el mercado laboral se mantiene con tasas de desempleo relativamente bajas, aunque subiendo, y con un alza en los salarios nominales. No obstante, se consolidan señales que permiten proyectar mayor debilidad en este mercado en adelante. En este contexto, considera que las opciones que presenta la Gerencia de División Estudios son apropiadas. No obstante, en su opinión, la de bajar 25 puntos base se impone claramente en esta ocasión. En este sentido, estima que la opción de mantener es poco coherente con los datos de actividad que se han ido conociendo, los que deberían tener un efecto de menores presiones inflacionarias a futuro. Plantea que aunque un mayor tiempo permitiría ciertamente tener más conocimiento sobre la persistencia de los aumentos de precios y salarios, no es menos cierto que la evidencia acumulada es suficiente para hacer estimaciones al menos preliminares sobre estos efectos. A juicio del Presidente señor Rodrigo Vergara, si bien es razonable considerar la opción de bajar 50 puntos base, implica un cambio de estrategia cuando ya la TPM está en niveles que son claramente expansivos, lo que la hace una opción inferior en las actuales condiciones a una reducción de 25 puntos base. Implicaría, además, una suerte de precipitación en un proceso de mayor estímulo monetario, que ya tiene un buen tiempo y que ha sido gradual, por lo que un cambio abrupto podría dar señales equívocas. Además, como se consigna en la minuta de opciones, sería difícil de explicar sin un análisis detallado de las condiciones macroeconómicas, lo que se hará en unos días en el IPoM del mes de septiembre. Por los motivos antedichos, expresa que su voto es por bajar la tasa de política monetaria en 25 puntos base, para llevarla a 3,5%, y por mantener el sesgo expansivo del último Comunicado."
2,6389,4898419e1d1993245db9d7df4ec2a96387497ce3ffd8071b52a11d5736714864,2014-08-14,8317;8318,Rodrigo Vergara Montes;Consejo del Banco Central de Chile,8380,Pablo García Silva,CONTEXTO_REVISADO,RPM-2014-08-14:T53,SIN_CONTINUIDAD_CONFIRMADA,,"Antes de finalizar el proceso de votación, el Consejero señor Pablo García, en respuesta a la consulta del Presidente señor Rodrigo Vergara, manifiesta que en esta oportunidad se inclina por una reducción de la tasa de política monetaria de 25 puntos base."
2,6389,4898419e1d1993245db9d7df4ec2a96387497ce3ffd8071b52a11d5736714864,2014-08-14,8317;8318,Rodrigo Vergara Montes;Consejo del Banco Central de Chile,8381,Rodrigo Vergara Montes,SUJETO_ROL_NOMBRE,RPM-2014-08-14:T54,INSTITUCIONAL,,"En consecuencia, el Presidente señor Rodrigo Vergara deja constancia que se acuerda por unanimidad de los señores Consejeros reducir la tasa de política monetaria en 25 puntos base, a 3,5% anual."
2,6389,4898419e1d1993245db9d7df4ec2a96387497ce3ffd8071b52a11d5736714864,2014-08-14,8317;8318,Rodrigo Vergara Montes;Consejo del Banco Central de Chile,8382,Consejo del Banco Central de Chile,ACTA/META,RPM-2014-08-14:T55,INSTITUCIONAL,,"Conforme a la votación unánime efectuada por los señores Consejeros, el Consejo adoptó el siguiente Acuerdo: N° 213-01-140814 - Tasa de Política Monetaria En su reunión mensual de política monetaria, el Consejo del Banco Central de Chile acordó reducir la tasa de interés de política monetaria en 25 puntos base, a 3,5% anual. Al concluir la Reunión, se procede a dar lectura al texto del Comunicado, que es del siguiente tenor: Comunicado “En su reunión mensual de política monetaria, el Consejo del Banco Central de Chile acordó reducir la tasa de interés de política monetaria en 25 puntos base, a 3,5% anual. En el ámbito externo, los antecedentes recientes confirman las perspectivas de recuperación de Estados Unidos, a la vez que el crecimiento de la Eurozona ha perdido fuerza. Las proyecciones de crecimiento para Asia emergente permanecen estables, mientras que en América Latina se han revisado a la baja. Las condiciones financieras externas continúan favorables, pero han mostrado cierto deterioro en las últimas semanas. Los precios de las materias primas han disminuido, incluyendo los del cobre y combustibles. Los antecedentes de la economía local muestran que el ritmo de expansión de la actividad y la demanda se ha reducido con mayor intensidad a lo previsto. A la caída de la inversión se ha sumado una desaceleración más marcada del consumo privado. Si bien se observan señales de menor dinamismo del mercado laboral, la tasa de desempleo se mantiene baja. La inflación llegó en julio a 4,5% anual. El crecimiento en doce meses de los salarios nominales aumentó. Las expectativas de inflación de mediano plazo se mantienen en torno a 3%. El escenario más probable sigue considerando que la inflación se mantendrá por algunos meses por sobre el límite superior del rango de tolerancia para retornar luego a la meta, evolución que se continuará monitoreando con especial atención. El Consejo evaluará la posibilidad de introducir recortes adicionales de la TPM de acuerdo a la evolución de las condiciones macroeconómicas internas y externas, y sus implicancias para las perspectivas inflacionarias. Al mismo tiempo, reafirma su compromiso de conducir la política monetaria con flexibilidad, de manera que la inflación proyectada se ubique en 3% en el horizonte de política."""
1,6422,2576430e78a19a28eec433c5419f51d43bd4fc7c02a1fc1d63383ff2552deeee,2014-09-11,8357,Miguel Fuentes Díaz,8421,Miguel Fuentes Díaz,SUJETO_NOMBRE,RPM-2014-09-11:T38,INICIO_EXPLICITO,,"El señor Miguel Fuentes señala que los datos de la Asociación Chilena de Seguridad y de las AFP, que tienen algún rezago, dan cuenta de una aceleración de los salarios en doce meses del orden de 8%. En consecuencia, este incremento sería generalizado, razón por la que se seguirá con atención. Hace presente que la depreciación cambiaría es materia de preocupación para efectos de proyectar la inflación de corto plazo y que, de hecho, se han incorporado mayores incrementos de precios en aquellas líneas específicas donde se produce un traspaso bastante directo de la depreciación del tipo de cambio. Agrega que después de las sorpresas inflacionarias de comienzos de año, la evolución de los precios de bienes que excluyen a los cigarrillos ha estado bastante en línea con lo anticipado, y que algunos alimentos que sorprendieron al alza comenzaron a mostrar una caída, lo que podría constituir un indicador de menor demanda. Acota que este tema continuará siendo objeto de especial análisis en adelante."
1,6422,2576430e78a19a28eec433c5419f51d43bd4fc7c02a1fc1d63383ff2552deeee,2014-09-11,8357,Miguel Fuentes Díaz,8422,Rodrigo Vergara Montes,SUJETO_ROL_NOMBRE,RPM-2014-09-11:T39,INICIO_EXPLICITO,,"Al no formularse otros comentarios, siendo las 13:35 horas, el Presidente señor Rodrigo Vergara suspende la presente Reunión y deja constancia que ella se reiniciará a las 16:00 horas para tratar lo referente a las opciones de política monetaria."
1,6422,2576430e78a19a28eec433c5419f51d43bd4fc7c02a1fc1d63383ff2552deeee,2014-09-11,8357,Miguel Fuentes Díaz,8423,Consejo del Banco Central de Chile,ACTA/META,RPM-2014-09-11:T40,INSTITUCIONAL,,"A las 16:00 horas, se reanuda la Reunión de Política Monetaria N° 214, incorporándose a esta Sesión el Ministro de Hacienda señor Alberto Arenas."
1,6466,83aa822ef5ce6276f04623fd7bdaa6ce0628002f41fa61b0da03ecafd42ab8b4,2014-10-16,8407,Pablo García Silva,8473,Pablo García Silva,SUJETO_ROL_NOMBRE,RPM-2014-10-16:T31,INICIO_EXPLICITO,,"El Consejero señor Pablo García considera que la distinción que hace el Vicepresidente señor Enrique Marshall entre el corto y el mediano plazo debe ser destacada. Asimismo, que el Consejo debiera manifestar su preocupación por los actuales niveles de inflación. Plantea que el escenario del último IPoM consigna dos timings de efectos contrapuestos: por una parte, que en el corto plazo, el shock inflacionario no tendrá efectos persistentes, ya que se están generando holguras; y, por otra parte, que hacia el mediano plazo, esto es, hacia fines del próximo año y el fin del horizonte de proyección, la recuperación de la economía, que comenzará a ocupar nuevamente las holguras, evitará una caída significativa de la inflación por debajo de la meta. En su opinión, hoy día, las noticias apuntan más bien a riesgos por el lado del timing del proceso inflacionario, esto es, si se materializará un escenario de ciclo de mayores alzas, materia que se deberá seguir evaluando."
1,6466,83aa822ef5ce6276f04623fd7bdaa6ce0628002f41fa61b0da03ecafd42ab8b4,2014-10-16,8407,Pablo García Silva,8474,Rodrigo Vergara Montes,SUJETO_ROL_NOMBRE,RPM-2014-10-16:T32,INICIO_EXPLICITO,,"Al no formularse otros comentarios, siendo las 13:30 horas, el Presidente señor Rodrigo Vergara suspende la presente Reunión y deja constancia que ella se reiniciará a las 16:00 horas para tratar lo referente a las opciones de política monetaria."
1,6466,83aa822ef5ce6276f04623fd7bdaa6ce0628002f41fa61b0da03ecafd42ab8b4,2014-10-16,8407,Pablo García Silva,8475,Consejo del Banco Central de Chile,ACTA/META,RPM-2014-10-16:T33,INSTITUCIONAL,,"A las 16:00 horas, se reanuda la Reunión de Política Monetaria N° 215, incorporándose a esta Sesión el Ministro de Hacienda señor Alberto Arenas."
1,6505,fa5742308ae4d2bb9e981ce8c6772bbfc3cc0aa3d8daf53795769e8c6068b3e9,2014-11-18,8451,Alberto Naudon Dell'Oro,8519,Alberto Naudon Dell'Oro,ROL+NOMBRE,RPM-2014-11-18:T23,SIN_CONTINUIDAD_CONFIRMADA,ATRIBUCION_HEURISTICA_LEGADA,"El Gerente de División Estudios señor Alberto Naudon precede a responder las consultas y comentarios. En primer término, indica que la incertidumbre de la proyección es muy significativa, como queda de manifiesto al observar el franchart. En todo caso, comenta que la incertidumbre es menor para la inflación core, razón por la que los análisis se enfocan mayormente en esta variable y no en la inflación headline. En segundo lugar, señala que, en su opinión, no somos muy mecánicos respecto del uso de la brecha. Sobre este aspecto, manifiesta que la brecha, si bien es uno de los elementos considerados para realizar las proyecciones, no es el más importante y, por lo tanto, no determina completamente dichas proyecciones. De hecho, el utilizar los modelos MAS y MEP por separado apunta justamente a ello. El MEP es un modelo que depende mucho de la brecha, y es por ello que con este modelo la actividad e inflación son más bajas hacia adelante; el modelo MAS, en cambio, no la considera. Es más, si se calculara la brecha implícita en el MAS, esta sería positiva y, por lo tanto, la relativa baja inflación que tiene ese otro modelo no está explicada por la brecha, sino que por otros elementos. Sin perjuicio, de considerar no ser mecánicos respecto del uso de la brecha, señala que se podría avanzar en tratar de encontrar nuevos elementos y nuevas explicaciones de lo que está aconteciendo en la economía. A su juicio, es muy relevante efectuar el ejercicio de revisar en detalle lo que acontece con el IPC, atendida la importancia de entender la naturaleza de las distintas sorpresas para informar correctamente los modelos de proyección en adelante. En este sentido, plantea que es muy distinto cometer un error producto de un juicio equivocado que cometerlo por hechos exógenos identificables fácilmente y que no se repetirían en el futuro. Hace presente que el IPoM del mes de marzo, la estimación de la inflación core era de 2,8%, pero se corrigió fuertemente en el Informe siguiente hasta 3,7% debido a un error de juicio. En efecto, se consideró que las sorpresas inflacionarias negativas observadas especialmente en los meses de enero y febrero iban a ser de carácter persistente, atendidas las condiciones cíclicas de la economía en ese entonces, pero no lo fueron. Hubo un error de juicio, porque la inflación fue mayor en todos los bienes, no solamente en algunos componentes puntuales. Por el contrario, desde el mes de junio a la fecha, período en que la estimación de la inflación core se ha revisado desde 3,7 a 4,1%, hay un grado de error de juicio, pero concentrado básicamente en elementos puntuales. En su opinión, esa diferencia en la naturaleza de la sorpresa es esencial para efectos de las proyecciones del próximo IPoM. Expresa que, a diferencia de lo que ocurrió con ocasión de los Informes de junio o septiembre, las sorpresas inflacionarias, si bien son de importancia, no cambian de ninguna manera esencial el encuadre macro general."
1,6505,fa5742308ae4d2bb9e981ce8c6772bbfc3cc0aa3d8daf53795769e8c6068b3e9,2014-11-18,8451,Alberto Naudon Dell'Oro,8520,Rodrigo Vergara Montes,SUJETO_ROL_NOMBRE,RPM-2014-11-18:T24,INICIO_EXPLICITO,,"Al no formularse otros comentarios, siendo las 13:35 horas, el Presidente señor Rodrigo Vergara suspende la presente Reunión y deja constancia que ella se reiniciará a las 16:00 horas para tratar lo referente a las opciones de política monetaria."
1,6505,fa5742308ae4d2bb9e981ce8c6772bbfc3cc0aa3d8daf53795769e8c6068b3e9,2014-11-18,8451,Alberto Naudon Dell'Oro,8521,Consejo del Banco Central de Chile,ACTA/META,RPM-2014-11-18:T25,INSTITUCIONAL,,"A las 16:00 horas, se reanuda la Reunión de Política Monetaria Nº 216, incorporándose a esta Sesión el Subsecretario de Hacienda señor Alejandro Micco."
1,6534,317192a5e076cd84ea56f9d80c7cdfe610290054fd58db9fa08a841966341da0,2014-12-11,8484,Rodrigo Vergara Montes,8554,Rodrigo Vergara Montes,SUJETO_ROL_NOMBRE,RPM-2014-12-11:T18,INICIO_EXPLICITO,,"El Presidente señor Rodrigo Vergara señala que la fuerte caída del precio del petróleo constituye una muy buena noticia para la inflación, pero como ocurre con la mayoría de los shocks de oferta, la reacción de política es menos intensa que cuando se trata de shocks de demanda. De hecho, el Consejo relajó la política monetaria a pesar a que la inflación en doce meses superaba el 4%; luego, siguiendo la misma lógica, también debería aplicarla en el sentido inverso. Al no formularse otros comentarios, siendo las 13:30 horas, el Presidente señor Rodrigo Vergara suspende la presente Reunión y deja constancia que ella se reiniciará a las 16:00 horas para tratar lo referente a las opciones de política monetaria."
1,6534,317192a5e076cd84ea56f9d80c7cdfe610290054fd58db9fa08a841966341da0,2014-12-11,8484,Rodrigo Vergara Montes,8555,Consejo del Banco Central de Chile,ACTA/META,RPM-2014-12-11:T19,INSTITUCIONAL,,"A las 16:00 horas, se reanuda la Reunión de Política Monetaria Nº 217, incorporándose a esta Sesión el Ministro de Hacienda señor Alberto Arenas."
1,6534,317192a5e076cd84ea56f9d80c7cdfe610290054fd58db9fa08a841966341da0,2014-12-11,8484,Rodrigo Vergara Montes,8556,Rodrigo Vergara Montes,SUJETO_ROL_NOMBRE,RPM-2014-12-11:T20,INICIO_EXPLICITO,,"El Presidente señor Rodrigo Vergara deja constancia que la Reunión de Política Monetaria de junio de 2015 se efectuará el día jueves 11 de ese mes y, a continuación, concede la palabra al Gerente de División Estudios señor Alberto Naudon a fin de que presente al Consejo las Opciones de Política Monetaria que se han considerado en esta oportunidad."
2,6561,6997135a713ec558fe41c0ce9d7272dc80d036ac2569619ea9e6bdb027a3c51c,2015-01-15,8513,Joaquín Vial Ruiz-Tagle,8585,Joaquín Vial Ruiz-Tagle,SUJETO_ROL_NOMBRE,RPM-2015-01-15:T13,INICIO_EXPLICITO,,"El Consejero señor Joaquín Vial estima que el precio de largo plazo sería cercano a US$2,8 la libra, pero dificulta que alcance dicho nivel en el mediano plazo. Expresa que los ciclos del cobre han sido de 4 a 5 años, pero el último escapó de todos los patrones históricos. En segundo término, hace notar la correlación existente entre los precios de todos de metales analizados y el petróleo, todos los cuales exhiben retrocesos. A su juicio, si bien puede haber problemas de oferta en algún mercado, es difícil pensar que estos se extienden a todos estos commodities, razón por la que considera que es un tema de demanda el que subyace claramente a esta caída de precios. En su opinión, es preciso analizar los balances de cobre con mucha cautela, porque a partir del año 2009 ha sido difícil medirlos por la enorme cantidad de inventarios fuera de bolsa en China, de los cuales no se tiene evidencia fidedigna. Además, advierte sobre el nivel de incertidumbre en relación con el funcionamiento de estos mercados de metales, en particular, con la preponderancia que ha ganado China no solamente en términos de consumo, sino que también de producción, al convertirse en el segundo productor de cobre de mina del mundo. El Consejero señor Joaquín Vial resalta la importancia de no subestimar los efectos de esta fuerte caída del precio del cobre, como tampoco la competencia que enfrenta nuestro mercado, porque puede inducir a errores de política de relevancia. Por último, indica que las variaciones del precio del cobre no son de carácter especulativo. Por definición, los inventarios determinan el precio de este metal, porque se comporta como un activo financiero."
2,6561,6997135a713ec558fe41c0ce9d7272dc80d036ac2569619ea9e6bdb027a3c51c,2015-01-15,8513,Joaquín Vial Ruiz-Tagle,8586,Miguel Fuentes Díaz,CONTEXTO_REVISADO,RPM-2015-01-15:T14,SIN_CONTINUIDAD_CONFIRMADA,,"Al continuar con su presentación, el señor Miguel Fuentes se refiere a los mercados financieros de las economías emergentes, señalando que han empeorado desde la Reunión anterior, empujados por la incertidumbre política y económica en Grecia y Rusia. Asimismo, indica que la caída de los precios de commodities han deteriorado las expectativas sobre estos mercados, en particular sobre aquellos que son productores de materias primas. Añade que las monedas de estas economías se han depreciado, llevando a algunos bancos centrales latinoamericanos a adoptar medidas para mitigar esta pérdida de valor. Comenta que los datos de alta frecuencia dan cuenta de salidas de capitales desde las economías emergentes en los dos últimos meses, y que a ello se ha sumado una caída en el tramo largo de las tasas en las economías desarrolladas, que sería reflejo de un flight to quality. Hace presente que el strong dollar se afianza como uno de los elementos que estará presente en el escenario del año 2015 por la clara divergencia entre las políticas monetarias de la Zona Euro y Estados Unidos de América y, en particular, porque la probabilidad de que se adopte un programa de Quantitative Easing en la reunión del Banco Central Europeo del próximo jueves 22 es cada vez mayor; por la caída de las expectativas de inflación en la Eurozona; y por la decisión de la Corte Europea de Justicia que eliminó, en principio, uno de los riesgos legales que impedía adoptar esta política. Indica que a ello se suma que los datos de actividad siguen apuntando a la mayor fortaleza relativa de la economía de Estados Unidos de América frente a la europea. Además, plantea que los mercados financieros se han movido a la baja y con mayor intensidad en las economías emergentes, en un contexto de aumento de la volatilidad de las monedas; de los EMBI spread, en especial los de América Latina; y de los precios de los commodities. Hace notar que una de las fuentes de esta debilidad ha sido Rusia, que enfrenta un shock externo de importancia debido a la caída del precio del petróleo y sanciones internacionales por el conflicto con Ucrania. Sostiene que la fuente de la incertidumbre es de carácter financiero, en el sentido que si bien los stocks de deuda no son tan significativos en relación con las reservas, no está claro cuál es la contraparte, lo que podría generar algún grado de incertidumbre en los mercados. Indica que ello ha sido acompañado de una calificación de deuda que ha bajado y que se encuentra a un escalón de ser considerada basura; y de algunas medidas, como la eliminación de la banda cambiaría, que han contribuido a mitigar la fuerte depreciación que se observó a comienzos de esta crisis, esto es, a fines del mes de diciembre último. 7 i A este respecto, resalta que los indicadores financieros rusos han sufrido un deterioro evidente frente a la última RPM. En efecto, el rublo se ha depreciado y las tasas y los CDS han subido, atendida la caída del precio del petróleo, la imposición de sanciones geopolíticas este mes y el surgimiento de algunas dudas sobre su sistema financiero. Añade que el Banco Central ruso ha implementado algunos planes de rescate y ha adoptado nuevas exigencias de liquidez y ha endurecido la regulación de las entidades sistémicas con el fin de evitar problemas financieros de importancia. En todo caso, plantea que los efectos de las tensiones en Rusia han sido bastante acotadas en las economías desarrolladas de Europa, no así en las economías emergentes, en especial en América Latina, donde los premios por riesgo han tenido un movimiento muy similar al observado en dicho país. Agrega que los efectos bancarios también han sido relativamente acotados hasta el momento. Sobre el particular, comenta que un banco austríaco y otro húngaro presentan un grado de exposición mayor a Rusia, pero los CDS de ambos países no exhiben movimientos muy apreciables en las últimas semanas. Informa que otras noticias han estado marcadas por las especulaciones en torno a un Grexit, esto es, la salida de Grecia de la Zona Euro tras el llamado a elecciones anticipadas que se celebrarán el domingo 25 del mes en curso. Ello ha tenido un impacto acotado en los mercados financieros de la periferia de la Eurozona. A continuación,."
1,6583,acedeb2b9d6036c08c05ed5c2cabca880a1eaea8b9aee88c3e7d956deb12be96,2015-01-15,8536,Pablo García Silva,8609,Pablo García Silva,SUJETO_ROL_NOMBRE,RPM-2015-01-15:T36,INICIO_EXPLICITO,,"El Consejero señor Pablo García resalta que para el mes de mayo, la proyección de la inflación subyacente en doce meses se ha revisado al alza en tres décimas, como resultado de los mayores precios del transporte y de los cigarrillos, y efectos cambíanos en general. La proyección de la inflación total, en cambio, disminuye en cuatro décimas, lo que implica siete décimas menos por efecto de los combustibles."
1,6583,acedeb2b9d6036c08c05ed5c2cabca880a1eaea8b9aee88c3e7d956deb12be96,2015-01-15,8536,Pablo García Silva,8610,Enrique Marshall Rivera,CONTEXTO_REVISADO,RPM-2015-01-15:T37,SIN_CONTINUIDAD_CONFIRMADA,,"A juicio del Vicepresidente señor Enrique Marshall, es preciso ser cautelosos y no aparecer siguiendo la inflación subyacente."
1,6583,acedeb2b9d6036c08c05ed5c2cabca880a1eaea8b9aee88c3e7d956deb12be96,2015-01-15,8536,Pablo García Silva,8611,Rodrigo Vergara Montes,SUJETO_ROL_NOMBRE,RPM-2015-01-15:T38,INICIO_EXPLICITO,,"Al no formularse otros comentarios, siendo las 13:35 horas, el Presidente señor Rodrigo Vergara suspende la presente Reunión y deja constancia que ella se reiniciará a las 16:00 horas para tratar lo referente a las opciones de política monetaria."
1,6583,acedeb2b9d6036c08c05ed5c2cabca880a1eaea8b9aee88c3e7d956deb12be96,2015-01-15,8536,Pablo García Silva,8612,Consejo del Banco Central de Chile,ACTA/META,RPM-2015-01-15:T39,INSTITUCIONAL,,"A las 16:00 horas, se reanuda la Reunión de Política Monetaria N° 218, incorporándose a esta Sesión el Ministro de Hacienda señor Alberto Arenas."
1,6625,a96f2bfff642579dd2a3f1ca86ee386ecf79854dff36d31b0fc5ed6be069de63,2015-02-12,8585,Alberto Naudon Dell'Oro,8661,Alberto Naudon Dell'Oro,SUJETO_ROL_NOMBRE,RPM-2015-02-12:T34,INICIO_EXPLICITO,,"El Gerente de la División Estudios señor Alberto Naudon precisa que en el último IPoM se trabajó con una brecha de actividad levemente superior a 2%, cuyo impacto principal se da en las proyecciones de inflación de mediano plazo hacia adelante. Señala que en el corto plazo, el impacto de la brecha tiene menor relevancia y que es más determinante lo que ocurra en el mercado laboral. Destaca que el segundo elemento relevante es la elasticidad relativamente baja entre brecha de actividad e inflación, que está entre 0,2 - 0,3, que hace difícil explicar que esta mayor inflación se deba a un fenómeno de brecha. Agrega que los errores en la medición de inflación han estado ligados mayormente a elementos asociados a tipo de cambio, tanto en bienes como en servicios, y que, adicionalmente, se ha producido un shock cambiario, con aumentos sostenidos del tipo de cambio en los últimos doce meses. A su juicio, ello puede tener dos efectos: la presencia de shocks adicionales, y una percepción de aumento sostenido del tipo de cambio por parte de personas y empresas, que provoca un traspaso más rápido. Por último, menciona que en la proyección de inflación de corto plazo se toma en cuenta el tipo de cambio nominal, dado que la mayoría de los precios están fijados en dólares, incluyendo los de bienes. Para el mediano plazo, en cambio, se utiliza el tipo de cambio real que, en definitiva, es lo relevante. Por ello, afirma que la convergencia de mediano plazo de la inflación no está en riesgo, pero será más lenta por el mayor impacto del tipo de cambio nominal en el corto plazo."
1,6625,a96f2bfff642579dd2a3f1ca86ee386ecf79854dff36d31b0fc5ed6be069de63,2015-02-12,8585,Alberto Naudon Dell'Oro,8662,Rodrigo Vergara Montes,SUJETO_ROL_NOMBRE,RPM-2015-02-12:T35,INICIO_EXPLICITO,,"Al no formularse otros comentarios, siendo las 14:00, el Presidente señor Rodrigo Vergara suspende la presente Reunión y deja constancia que se reiniciará a las 16:00 horas para tratar lo referente a las opciones de política monetaria."
1,6625,a96f2bfff642579dd2a3f1ca86ee386ecf79854dff36d31b0fc5ed6be069de63,2015-02-12,8585,Alberto Naudon Dell'Oro,8663,Consejo del Banco Central de Chile,ACTA/META,RPM-2015-02-12:T36,INSTITUCIONAL,,"A las 16:00 horas, se reanuda la Reunión de Política Monetaria N° 219, incorporándose a esta Sesión el Ministro de Hacienda Subrogante señor Alejandro Micco Aguayo."
1,6678,92f2d3b40c28251a809ed5ef2cc24271c586c2aa585f7142a1f9713a87c5a2b7,2015-03-19,8642,Rodrigo Vergara Montes,8720,Rodrigo Vergara Montes,SUJETO_ROL_NOMBRE,RPM-2015-03-19:T41,INICIO_EXPLICITO,,"Al no formularse otros comentarios, siendo las 13:40 horas, el Presidente señor Rodrigo Vergara suspende la presente Reunión y deja constancia que se reiniciará a las 16:00 horas para tratar lo referente a las opciones de política monetaria."
1,6678,92f2d3b40c28251a809ed5ef2cc24271c586c2aa585f7142a1f9713a87c5a2b7,2015-03-19,8642,Rodrigo Vergara Montes,8721,Consejo del Banco Central de Chile,ACTA/META,RPM-2015-03-19:T42,INSTITUCIONAL,,"A las 16:00 horas, se reanuda la Reunión de Política Monetaria N° 220, incorporándose a esta Sesión el Ministro de Hacienda señor Alberto Arenas."
1,6678,92f2d3b40c28251a809ed5ef2cc24271c586c2aa585f7142a1f9713a87c5a2b7,2015-03-19,8642,Rodrigo Vergara Montes,8722,Rodrigo Vergara Montes,SUJETO_ROL_NOMBRE,RPM-2015-03-19:T43,INICIO_EXPLICITO,,"El Presidente señor Rodrigo Vergara deja constancia que la Reunión de Política Monetaria de septiembre de 2015 se efectuará el día martes 15 de ese mes y, a continuación, concede la palabra al Gerente de División Estudios señor Alberto Naudon a fin de que presente al Consejo las Opciones de Política Monetaria que se han considerado en esta oportunidad."
2,6730,7497dcc7bd14aa65490c317507fbcaa047c620719f7d9fb03e3dab3bae641760,2015-04-16,8697;8698,Beltrán de Ramón Acevedo;Alberto Naudon Dell'Oro,8777,Beltrán de Ramón Acevedo,SUJETO_NOMBRE,RPM-2015-04-16:T40,INICIO_EXPLICITO,,"El señor Beltran de Ramón señala que los forwards reflejan el diferencial de tasas esperado, no así las expectativas de tipo de cambio."
2,6730,7497dcc7bd14aa65490c317507fbcaa047c620719f7d9fb03e3dab3bae641760,2015-04-16,8697;8698,Beltrán de Ramón Acevedo;Alberto Naudon Dell'Oro,8778,Claudio Soto Gamboa,CONTEXTO_REVISADO,RPM-2015-04-16:T41,SIN_CONTINUIDAD_CONFIRMADA,FINAL_SIN_PUNTUACION,"El Asesor Macroeconómico del Ministerio de Hacienda señor Claudio Soto expresa que el dato spot es el mejor predictor del tipo de cambio futuro, y que se debe ser cautelosos con la información que entregan las encuestas, porque responde a timings distintos. B A N C O C E N T R A L D E C H I L E"
2,6730,7497dcc7bd14aa65490c317507fbcaa047c620719f7d9fb03e3dab3bae641760,2015-04-16,8697;8698,Beltrán de Ramón Acevedo;Alberto Naudon Dell'Oro,8779,Alberto Naudon Dell'Oro,SUJETO_NOMBRE,RPM-2015-04-16:T42,INICIO_EXPLICITO,,El señor Alberto Naudon hace presente que los puntos forward reflejan básicamente el diferencial de tasas hoy día más que una expectativa del valor del tipo de cambio en el futuro. Añade que existe consenso en el mercado en cuanto a que la apreciación que estamos viendo en estos días sería de carácter temporal.
1,6741,afed52653db76a9bd9149028d807508d57e9382042bc1b88b934dc65de94bf99,2015-04-16,8711,Alberto Naudon Dell'Oro,8792,Alberto Naudon Dell'Oro,SUJETO_NOMBRE,RPM-2015-04-16:T55,INICIO_EXPLICITO,,"El señor Alberto Naudon señala que los datos FECU y COCHILCO para 2014 están disponibles y que los correspondientes al año 2013 subestimaron el verdadero valor de la inversión minera de dicho ejercicio, en términos nominales y como porcentaje del PIB. Con respecto a la consulta formulada por el Consejero señor Joaquín Vial sobre el traspaso de la menor inflación a salarios nominales, señala que si bien no se cuenta con el dato exacto de rezago, se estima que tardaría entre 2 y 3 trimestres en manifestarse. Por último, plantea en que la evolución del crédito es un tema preocupante, que está en línea con otros elementos incorporados en el análisis que reflejan que la demanda interna no está mostrando señales de crecimiento."
1,6741,afed52653db76a9bd9149028d807508d57e9382042bc1b88b934dc65de94bf99,2015-04-16,8711,Alberto Naudon Dell'Oro,8793,Rodrigo Vergara Montes,SUJETO_ROL_NOMBRE,RPM-2015-04-16:T56,INICIO_EXPLICITO,,"Al no formularse otros comentarios, siendo las 13:50 horas, el Presidente señor Rodrigo Vergara suspende la presente Reunión y deja constancia que se reiniciará a las 16:00 horas para tratar lo referente a las opciones de política monetaria."
1,6741,afed52653db76a9bd9149028d807508d57e9382042bc1b88b934dc65de94bf99,2015-04-16,8711,Alberto Naudon Dell'Oro,8794,Consejo del Banco Central de Chile,ACTA/META,RPM-2015-04-16:T57,INSTITUCIONAL,,"A las 16:00 horas, se reanuda la Reunión de Política Monetaria N° 221, incorporándose el Periodista señor Jaime Troncoso en representación del Gerente de Comunicaciones señor Luis Alvarez."
1,6793,7f0a49f87d1c1a09fc4e7522b390e461b8ff5c4af79a50e79138dd2ded9af93a,2015-05-14,8771,Alberto Naudon Dell'Oro,8854,Alberto Naudon Dell'Oro,SUJETO_NOMBRE,RPM-2015-05-14:T45,INICIO_EXPLICITO,,"El señor Alberto Naudon destaca tres aspectos sobre los cuales se está trabajando y cuyos resultados serán presentados al Consejo en cuanto se disponga de información más acabada. En primer lugar, señala que las proyecciones del próximo IPoM consideran una lenta convergencia de los salarios nominales hacia fines de año y dan cuenta de que esta variable no incide en las revisiones a la baja de ia inflación. Al respecto, precisa que el crecimiento de los salarios nominales se corrige de 7,1 a 6,5% para fines de 2015, por encima sobre su promedio histórico. Con relación al tipo de cambio real, reconoce la dificultad de explicar su rápida apreciación reciente —del orden de 4% real— , en especial en un contexto donde los términos de intercambio se han deteriorado y las condiciones financieras externas, en términos de tasas, son algo más estrictas. Hace presente que en razón de ello, se espera una depreciación real a mediano plazo, confirmando que la proyección de inflación no se basa en una apreciación real hacia adelante. En materia de brechas, manifiesta que la proyección no se basa en brechas extremadamente amplias que pudieran presionar la inflación a la baja. En este sentido, indica que el driver principal en este ciclo y en las proyecciones es la evolución cambiaría. De hecho, plantea que en el modelo MEP, donde las brechas aparecen más estancadas, estas llegan a 2.3% y comienzan a cerrase a finales de año. En el modelo MAS, en tanto, hay un shock de oferta negativo de importancia, que sería equivalente a tener un PIB potencial menor, razón por la que tampoco da cuenta de una brecha tan grande y que se amplía. Por último, expresa que las proyecciones internas de inflación no descansan en una caída de los salarios nominales, en que las brechas se van a ampliar o que son extremadamente grandes, como tampoco en una apreciación real del tipo de cambio. Luego, si bien se reconocen estos riesgos y, por tanto, se trabaja en mitigarlos, no constituyen los principales drivers en dichas proyecciones."
1,6793,7f0a49f87d1c1a09fc4e7522b390e461b8ff5c4af79a50e79138dd2ded9af93a,2015-05-14,8771,Alberto Naudon Dell'Oro,8855,Rodrigo Vergara Montes,SUJETO_ROL_NOMBRE,RPM-2015-05-14:T46,INICIO_EXPLICITO,,"Al no formularse otros comentarios, siendo las 13:35 horas, el Presidente señor Rodrigo Vergara suspende la presente Reunión y deja constancia que ella se reiniciará a las 16:00 horas para tratar lo referente a las opciones de política monetaria."
1,6793,7f0a49f87d1c1a09fc4e7522b390e461b8ff5c4af79a50e79138dd2ded9af93a,2015-05-14,8771,Alberto Naudon Dell'Oro,8856,Consejo del Banco Central de Chile,ACTA/META,RPM-2015-05-14:T47,INSTITUCIONAL,,"A las 16:00 horas, se reanuda la Reunión de Política Monetaria N° 222, incorporándose a la Sesión el Ministro de Hacienda señor Rodrigo Valdés."
1,6852,69880d3568806bde9569757064b748bb867812e01b3a2be450f57d843eb8c340,2015-06-11,8837,Beltrán de Ramón Acevedo,8922,Beltrán de Ramón Acevedo,SUJETO_NOMBRE,RPM-2015-06-11:T46,INICIO_EXPLICITO,,"El señor Beltran de Ramón plantea que el comportamiento del tipo de cambio se explica mayormente por movimientos de flujos. Hace notar que en las economías que no suelen intervenir su mercado cambiario, como es el caso de Chile y en menor medida Australia, se observa una nula volatilidad en las tasas y una alta volatilidad en paridades, mientras que en aquellos países que intervienen en dicho mercado, como Perú, Indonesia o Turquía, se advierte la situación opuesta."
1,6852,69880d3568806bde9569757064b748bb867812e01b3a2be450f57d843eb8c340,2015-06-11,8837,Beltrán de Ramón Acevedo,8923,Rodrigo Vergara Montes,SUJETO_ROL_NOMBRE,RPM-2015-06-11:T47,INICIO_EXPLICITO,,"Al no formularse otros comentarios, siendo las 13:05 horas, el Presidente señor Rodrigo Vergara suspende la presente Reunión y deja constancia que ella se reiniciará a las 15:30 horas para tratar lo referente a las opciones de política monetaria."
1,6852,69880d3568806bde9569757064b748bb867812e01b3a2be450f57d843eb8c340,2015-06-11,8837,Beltrán de Ramón Acevedo,8924,Consejo del Banco Central de Chile,ACTA/META,RPM-2015-06-11:T48,INSTITUCIONAL,,"A las 15:30 horas, se reanuda la Reunión de Política Monetaria N° 223."
1,6904,e39547d170bf30de1099ac1522f7953749413b138b948aa0546dd007ab0a6d3f,2015-07-14,8896,Alberto Naudon Dell'Oro,8983,Alberto Naudon Dell'Oro,NOMBRE+VERBO,RPM-2015-07-14:T42,SIN_CONTINUIDAD_CONFIRMADA,ATRIBUCION_HEURISTICA_LEGADA,"El señor Alberto Naudon procede a responder los comentarios formulados por los señores Consejeros. Con respecto al mercado laboral, se procura transmitir la idea que el deterioro de este mercado era esperado y que ahora ha comenzado a materializarse. Agrega que la visión de la normalidad del mercado laboral es compartida en un contexto en que la economía se ha debilitado. Asimismo, se compromete a ser cuidadosos en el uso de ios adjetivos. En materia de inflación y tipo de cambio, reconoce lo complejo que ha resultado para la Gerencia de División Estudios la sistemática postergación de la caída de la inflación, anunciada Reunión tras Reunión, señalando que el principal riesgo de ello radica en el desanclaje de las expectativas. A este respecto, destaca que dicho riesgo sería acotado, porque el mercado califica el alza de la inflación como un fenómeno temporal que se explica por movimientos cambíanos, en línea con la visión interna. Plantea que es natural cuestionarse si ios supuestos utilizados en el análisis de la inflación han sido los correctos, concluyéndose que su evolución ha estado asociada al tipo de cambio y que las revisiones de las proyecciones han respondido a sucesivas sorpresas del tipo de cambio, cuya evolución ha sido muy difícil de anticipar. En adelante, señala el tema central de análisis para el próximo IPoM será si el TCR es el adecuado. Por último, en relación con el traspaso del tipo de cambio a inflación, reitera que la volatilidad del TCN incide principalmente en la inflación de corto plazo, que es el plazo en que el TCN es empíricamente más relevante; y que hacia adelante se espera una convergencia por efecto de una desaceleración de la actividad y por la contribución del tipo de cambio real."
1,6904,e39547d170bf30de1099ac1522f7953749413b138b948aa0546dd007ab0a6d3f,2015-07-14,8896,Alberto Naudon Dell'Oro,8984,Rodrigo Vergara Montes,SUJETO_ROL_NOMBRE,RPM-2015-07-14:T43,INICIO_EXPLICITO,,"Al no formularse otros comentarios, siendo las 13:45 horas, el Presidente señor Rodrigo Vergara suspende la presente Reunión y que se reiniciará a las 16:00 horas para tratar lo referente a las opciones de política monetaria."
1,6904,e39547d170bf30de1099ac1522f7953749413b138b948aa0546dd007ab0a6d3f,2015-07-14,8896,Alberto Naudon Dell'Oro,8985,Consejo del Banco Central de Chile,ACTA/META,RPM-2015-07-14:T44,INSTITUCIONAL,,"A las 16:00 horas, se reanuda la Reunión de Política Monetaria N° 224, incorporándose a esta Sesión el Ministro de Hacienda señor Rodrigo Valdés."
1,6961,0a06d07a7a7a5bf16918d7b53ab646dcd5a5278ac8cbaf389f1f8dd6c7e0f9ce,2015-08-13,8958,Enrique Marshall Rivera,9047,Enrique Marshall Rivera,SUJETO_ROL_NOMBRE,RPM-2015-08-13:T47,INICIO_EXPLICITO,,"El Vicepresidente señor Enrique Marshall manifiesta que la discusión refleja una coyuntura compleja. En su opinión, la comunicación de nuestra sensación de incomodidad frente a una inflación alta debe mantenerse. Comparte que el riesgo de desanclaje es acotado; no obstante, la confianza en el Banco Central y en su esquema de política tiene definiciones que no corresponde relajar repentinamente. A su juicio, se debe ser cuidadoso a la hora de entregar al mercado una señal de preocupación, para evitar movimientos indeseados de la curva de tasas."
1,6961,0a06d07a7a7a5bf16918d7b53ab646dcd5a5278ac8cbaf389f1f8dd6c7e0f9ce,2015-08-13,8958,Enrique Marshall Rivera,9048,Rodrigo Vergara Montes,SUJETO_ROL_NOMBRE,RPM-2015-08-13:T48,INICIO_EXPLICITO,,"Al no formularse otros comentarios, siendo las 13:50 horas, el Presidente señor Rodrigo Vergara suspende la presente Reunión e informa que se reiniciará a las 16:00 horas para tratar lo referente a las opciones de política monetaria."
1,6961,0a06d07a7a7a5bf16918d7b53ab646dcd5a5278ac8cbaf389f1f8dd6c7e0f9ce,2015-08-13,8958,Enrique Marshall Rivera,9049,Consejo del Banco Central de Chile,ACTA/META,RPM-2015-08-13:T49,INSTITUCIONAL,,"A las 16:00 horas, se reanuda la Reunión de Política Monetaria N° 225, incorporándose a esta Sesión el Ministro de Hacienda señor Rodrigo Valdés."
1,7035,42a8241977dca0d73c343b458795cf1295f785a602d35f6e4fd75b0ecae8123c,2015-09-15,9039,Alberto Naudon Dell'Oro,9130,Alberto Naudon Dell'Oro,SUJETO_NOMBRE,RPM-2015-09-15:T62,INICIO_EXPLICITO,,"El señor Alberto Naudon señala que el cambio en las expectativas de inflación es motivo de preocupación, porque más allá de su volatilidad, se intensificaron este mes debido a la permanencia en el tiempo de los altos registros inflacionarios. Precisa que el que las expectativas de inflación aumenten no es sinónimo de desanclaje; que se advierte una sensación de que la inflación es más alta, que ha tendido a incidir en su persistencia y dificulta su descenso; y que utilizar el término desanclaje da una connotación más fuerte que la que se pretende dar. Manifiesta no compartir lo expresado en cuanto a que el último IPoM haya incidido directamente en el aumento en las expectativas inflacionarias del mercado. En su opinión, el mercado más bien ha ido cambiando su visión en cuanto a que el tamaño de la brecha y su efecto son menores, porque en dicho Informe se consignó una brecha muy distinta de la que tenían algunos analistas. Por otra parte, según se desprende de conversaciones sostenidas con algunos analistas de la plaza, la sorpresa inflacionaria de agosto estaría asociada mayormente al componente SAE que a frutas y verduras, como fue el caso de la proyección interna. Agrega que la visión del mercado da cuenta de mayor inflación por segundo mes consecutivo y, por tanto, hay una preocupación genuina en el mercado en cuanto a que la inflación será más persistente que la anticipada tres meses atrás, lo que se refleja en las encuestas. Señala que en materia de seguros de inflación, cuesta entender que el mercado vea una fuerte corrección de la inflación en los próximos doce meses, porque ello significaría pasar de una inflación anual de 5 a 3% en dicho plazo. Hace notar que las encuestas reflejan una caída de la inflación a 3,5% en los próximos doce meses y, curiosamente, su mantención en dicho nivel por los doce meses siguientes, en un contexto en que el mercado es más pesimista que nosotros en materia de actividad para el próximo año En su opinión, una de las explicaciones posibles —que se está analizando— es que la persistencia de la inflación en un ciclo marginalmente benigno como el actual es mayor que la persistencia promedio, en parte porque el ajuste del mercado del trabajo es mucho más gradual. Asimismo, hace presente que las estimaciones internas incluyen episodios históricos donde el ajuste de la actividad ha sido importante, lo que de alguna forma podría estar dando una señal equivocada respecto de la persistencia de los procesos inflacionarios. De ahí la relevancia de determinar el impacto sobre las expectativas a uno y dos años. Resalta que se reconoce una alta persistencia de la inflación y un bajo impacto de la brecha en su reducción; y que su convergencia se explica porque los efectos base asociados al tipo de cambio que subyacen al aumento de la inflación de bienes se disipan en un horizonte de doce meses, provocando una fuerte caída de la inflación hacia el año 2017, no así en 2016. El señor Alberto Naudon indica que la reciente apreciación del tipo de cambio y la caída del precio del petróleo son elementos que contribuyen a la convergencia; que hay riesgos de corto plazo, como la situación de Brasil y China y la decisión de la Reserva Federal; y que a mediano plazo, el riesgo de mayor persistencia será objeto de mayor monitoreo. En relación con la TPM, estima delicado validar el alza de 50 puntos base que consigna el mercado, mayor que el que se estima necesario internamente, considerando especialmente que las actuales condiciones de demanda y de actividad son algo peores en el margen y los riesgos son no menores en materia del mercado del trabajo. En cuanto a la Regla de Taylor, señala que su impresión es que la política monetaria es más expansiva de lo que esta sugiere, comprometiéndose a realizar el ejercicio sugerido. A modo de comentarios finales, indica que el principal ajuste consignado en el último IPoM corresponde al del sector minería, cuya proyección de crecimiento en diciembre de 2014 se ubicaba en torno a 4%, mucho mayor que lo que se prevé en la actualidad. Agrega que para el PIB Resto, se estimaba entonces una tasa de crecimiento anual en torno a 3%, y terminará el año con un registro algo por sobre el 2%."
1,7035,42a8241977dca0d73c343b458795cf1295f785a602d35f6e4fd75b0ecae8123c,2015-09-15,9039,Alberto Naudon Dell'Oro,9131,Rodrigo Vergara Montes,SUJETO_ROL_NOMBRE,RPM-2015-09-15:T63,INICIO_EXPLICITO,,"Al no formularse otros comentarios y siendo las 13:55 horas, el Presidente señor Rodrigo Vergara suspende la presente Reunión e informa que se reiniciará a las 16:00 horas para tratar lo referente a las opciones de política monetaria."
1,7035,42a8241977dca0d73c343b458795cf1295f785a602d35f6e4fd75b0ecae8123c,2015-09-15,9039,Alberto Naudon Dell'Oro,9132,Consejo del Banco Central de Chile,ACTA/META,RPM-2015-09-15:T64,INSTITUCIONAL,,"A las 16:00 horas, se reanuda la Reunión de Política Monetaria N° 226, incorporándose a esta Sesión el Subsecretario de Hacienda señor Alejandro Micco."
2,7044,a18f11885095308e3c4b1c9cda53385293007b83d07a0d64627aca95c9be10d1,2015-09-15,9050,Rodrigo Vergara Montes,9143,Rodrigo Vergara Montes,SUJETO_ROL_NOMBRE,RPM-2015-09-15:T75,INSTITUCIONAL,FINAL_SIN_PUNTUACION,"El Presidente señor Rodrigo Vergara agradece el planteamiento expuesto por el Vicepresidente señor Sebastián Claro e inicia su intervención expresando su reconocimiento al staff por el excelente análisis consignado precedentemente. Indica que en el ámbito externo, sigue la incertidumbre en China y otros emergentes, pero en la actualidad el foco está en la decisión de la Reserva Federal de esta semana. En lo concerniente al frente interno, señala que las noticias de inflación siguen sorprendiendo negativamente, mientras que la actividad y el empleo, si algo, lo hicieron positivamente. En todo caso, se espera que estas últimas dos variables muestren algún deterioro en los meses que vienen. Expresa que la Reunión de hoy es particularmente importante, porque el Consejo tiene dos opciones que, en su opinión, son válidas y ninguna se impone claramente sobre la otra. Acota que hay razones para inclinarse por una y otra, lo que no hace fácil la decisión. Hace presente que la opción de mantener la tasa se basa primordialmente en sostener una cierta coherencia con el IPoM, sin reaccionar a datos que pueden ser puntuales m validar una curva de tasas de interés muy por sobre la que teníamos en dicho Informe. También, en que las expectativas a dos años siguen ancladas en 3%, más allá de algunas mediciones que muestran algún aumento en estas expectativas. Por último, en que si bien la brecha es pequeña y no esperamos que se amplíe en forma significativa, ayudará en algo a mitigar futuras presiones inflacionarias. Agrega que en nuestro escenario tampoco hay una depreciación significativa del peso a futuro. Plantea que la opción de subir dice relación con que ya es evidente que para que la inflación converja a 3% en el horizonte de proyección es necesario retirar algo del significativo impulso monetario actual; que mientras antes se haga esto, damos una señal mayor de nuestra vocación antiinflacionaria; que los riesgos de una depreciación adicional con efectos sobre la inflación no son menores; que, aunque aún no importantes, hay algunos indicios de expectativas a dos años que se han ido moviendo hacia arriba, lo que en sí constituye un riesgo para nuestro objetivo inflacionario; que la inflación, por ya un año y medio arriba de la parte superior de nuestro rango meta, es en sí un riesgo para las expectativas inflacionarias; que la brecha es pequeña y no ayudará mucho en el proceso antiinflacionario; que los salarios y costos laborales unitarios siguen creciendo por arriba de los compatibles con una inflación de 3%; y que el mercado laboral sigue dinámico. Finalmente, y no menos importante, que el impulso monetario que actualmente hemos dado a la economía es sustancial y que en este escenario puede ser excesivo para el logro de nuestro objetivo. En su opinión, son argumentos contundentes en ambos sentidos, por lo que más allá de si se decide o no subir la TPM en esta Reunión, el Comunicado debe ser muy claro en cuanto a que, en un horizonte muy próximo, esa será la dirección de la política. En otras palabras, debe haber un sesgo claro de aumento de tasas. Reitera que una ventaja de la opción de aumentar la TPM hoy es que muestra una decisión muy clara de no permitir sorpresas inflacionarias a mediano plazo y así reducir los riesgos que la actual situación conlleva. Con todo, cree que un sesgo claro en el sentido de no dejar dudas que transitaremos en esa senda es un sustituto de aquello, con las ventajas mencionadas previamente. En razón de lo expuesto, el Presidente señor Rodrigo Vergara se adhiere a la opción de mantener la TPM en 3%, en el entendido que se modificará el sesgo del Comunicado en la dirección antedicha. En consecuencia, conforme a lo manifestado por los señores Consejeros, el Presidente señor Rodrigo Vergara señala que se acuerda por tres votos a favor y uno en contra, mantener la Tasa de Política Monetaria en 3% anual. Como es tradicional para el caso de producirse votos disidentes, el Presidente señor Rodrigo Vergara consulta al Consejero señor Joaquín Vial si desea sumarse a la votación de la mayoría de los señores Consejeros"
2,7044,a18f11885095308e3c4b1c9cda53385293007b83d07a0d64627aca95c9be10d1,2015-09-15,9050,Rodrigo Vergara Montes,9144,Joaquín Vial Ruiz-Tagle,CONTEXTO_REVISADO,RPM-2015-09-15:T76,SIN_CONTINUIDAD_CONFIRMADA,,"y, en ese sentido, el Consejero señor Joaquín Vial reitera su decisión de mantener su voto en orden a aumentar la TPM en 25 puntos base, a 3,25% anual."
2,7044,a18f11885095308e3c4b1c9cda53385293007b83d07a0d64627aca95c9be10d1,2015-09-15,9050,Rodrigo Vergara Montes,9145,Rodrigo Vergara Montes,SUJETO_ROL_NOMBRE,RPM-2015-09-15:T77,INSTITUCIONAL,,"En razón de lo expuesto, el Presidente señor Rodrigo Vergara deja constancia que se acuerda por tres votos a favor y uno en contra, mantener la Tasa de Política Monetaria en 3% anual."
2,7092,23fecca5de4ed9de666ddc1686e35c961ec14ac86cea55afdc7e996ba34f8567,2015-10-15,9102,Alberto Naudon Dell'Oro,9197,Alberto Naudon Dell'Oro,SUJETO_NOMBRE,RPM-2015-10-15:T50,INICIO_EXPLICITO,,"El señor Alberto Naudon indica que si bien las condiciones de oferta son algo menos holgadas que en trimestres anteriores, el panorama no dista de lo que se esperaría del ciclo; por lo tanto, el principal driver de las bajas tasas y el bajo nivel de crecimiento de los créditos sigue siendo la debilidad de la demanda. Luego, la visión principal sigue siendo de condiciones financieras relativamente holgadas y de ausencia de problemas mayores en el mercado del crédito."
2,7092,23fecca5de4ed9de666ddc1686e35c961ec14ac86cea55afdc7e996ba34f8567,2015-10-15,9102,Alberto Naudon Dell'Oro,9198,Miguel Fuentes Díaz,CONTEXTO_REVISADO,RPM-2015-10-15:T51,SIN_CONTINUIDAD_CONFIRMADA,,"Al finalizar su presentación, el señor Miguel Fuentes menciona que las expectativas de TPM implícitas en los activos financieros han convergido desde la última Reunión a la visión del IPoM, y que las encuestas muestran algún grado de disenso respecto de los movimientos para esta Reunión. En particular, la encuesta Bloomberg está más sesgada hacia un alza; la EEE, a una mantención; y la EOF está dividida entre una mantención y un incremento de 25 puntos base."
1,7097,cacd0a1e72bd1731918dca5a3a1a3dad08af2233be1cc709f0fd0632bcc833e9,2015-10-15,9108,Rodrigo Vergara Montes,9204,Rodrigo Vergara Montes,SUJETO_ROL_NOMBRE,RPM-2015-10-15:T57,INICIO_EXPLICITO,,"El Presidente señor Rodrigo Vergara agradece los comentarios del Ministro de Hacienda señor Rodrigo Valdés, manifiesta que se ha tomado debida nota de ellos y serán considerados en análisis posteriores. Enfatiza que la conducción de la política no se basa en los desarrollos observados en un mes en particular, sino que en una visión de mediano plazo de la economía; por lo tanto, se mantiene vigente el escenario contemplado en el último IPoM, más allá de algunas volatilidades mes a mes. En materia de brecha, estima que es difícil pensar en una brecha muy alta, atendida la nueva estimación de PIB potencial. Destaca que el ajuste en Chile ha sido positivo y se compara favorablemente con ajustes pasados, ya que en lugar de una recesión, hemos tenido un período de crecimiento —aunque modesto— y, por sobre todo, un ajuste del mercado laboral que ha sido benigno. Lo expresado, gracias a la contribución extraordinariamente importante de la política monetaria. Con respecto a la expansividad de la política monetaria, si bien entiende las dudas que puede generar su medición, manifiesta que la tasa de interés real de corto plazo es muy negativa, lo que deja en evidencia su nivel de expansividad. De hecho, alude a un ejercicio comparado que da cuenta de que nuestra tasa de interés real de corto plazo es por lejos la más negativa de la región, y que sería superada únicamente por las tasas de algunas economías avanzadas de Europa y Estados Unidos de América. Al finalizar su intervención, el Presidente señor Rodrigo Vergara reafirma que la expansividad de nuestra política monetaria es un hecho positivo per se, sin perjuicio de lo cual, y tal como fue expresado en el último IPoM, se deberá evaluar si su magnitud es la adecuada en el contexto actual. Al no formularse otros comentarios y siendo las 13:50 horas, el Presidente señor Rodrigo Vergara suspende la presente Reunión e informa que se reiniciará a las 16:00 horas para tratar lo referente a las opciones de política monetaria."
1,7097,cacd0a1e72bd1731918dca5a3a1a3dad08af2233be1cc709f0fd0632bcc833e9,2015-10-15,9108,Rodrigo Vergara Montes,9205,Consejo del Banco Central de Chile,ACTA/META,RPM-2015-10-15:T58,INSTITUCIONAL,,"A las 16:00 horas, se reanuda la Reunión de Política Monetaria N° 227, incorporándose a esta Sesión el Ministro de Hacienda señor Rodrigo Valdés."
1,7097,cacd0a1e72bd1731918dca5a3a1a3dad08af2233be1cc709f0fd0632bcc833e9,2015-10-15,9108,Rodrigo Vergara Montes,9206,Rodrigo Vergara Montes,SUJETO_ROL_NOMBRE,RPM-2015-10-15:T59,INICIO_EXPLICITO,,"El Presidente señor Rodrigo Vergara deja constancia que la Reunión de Política Monetaria de abril de 2016 se efectuará el día martes 12 de ese mes y, a continuación, concede la palabra al Gerente de División Estudios señor Alberto Naudon a fin de que presente al Consejo las Opciones de Política Monetaria que se han considerado en esta oportunidad."
1,7145,01ce61b991ad66011b9a2ceacb77fda1aa688a4d12779d35e5f930d3fe4040fa,2015-11-12,9161,Alberto Naudon Dell'Oro,9259,Alberto Naudon Dell'Oro,SUJETO_ROL_NOMBRE,RPM-2015-11-12:T39,INICIO_EXPLICITO,,"El Gerente de División Estudios señor Alberto Naudon recuerda que con ocasión del IPoM del mes de septiembre, la División fue criticada por su grado de optimismo. Al respecto, hace notar que las cifras conocidas desde entonces han estado más bien en línea con el escenario previsto y, de hecho, justificaron la decisión de reducir el estímulo monetario. En todo caso, si bien los últimos datos han sido buenos, los riesgos respecto de las proyecciones internas siguen siendo más a la baja que al alza."
1,7145,01ce61b991ad66011b9a2ceacb77fda1aa688a4d12779d35e5f930d3fe4040fa,2015-11-12,9161,Alberto Naudon Dell'Oro,9260,Rodrigo Vergara Montes,SUJETO_ROL_NOMBRE,RPM-2015-11-12:T40,INICIO_EXPLICITO,,"Al no formularse comentarios adicionales y siendo las 13:50 horas, el Presidente señor Rodrigo Vergara suspende la Sesión y recuerda que esta se reanudará a las 16:00 horas."
1,7145,01ce61b991ad66011b9a2ceacb77fda1aa688a4d12779d35e5f930d3fe4040fa,2015-11-12,9161,Alberto Naudon Dell'Oro,9261,Consejo del Banco Central de Chile,ACTA/META,RPM-2015-11-12:T41,INSTITUCIONAL,,"A las 16:00 horas, se reanuda la Reunión de Política Monetaria N° 227, incorporándose a esta Sesión el Subsecretario de Hacienda señor Alejandro Micco."
1,7209,28308d5654c0a8f3b04663410a58e371a77be9f795e1ffbc998281e37dd39409,2015-12-17,9237,Rodrigo Vergara Montes,9337,Rodrigo Vergara Montes,SUJETO_ROL_NOMBRE,RPM-2015-12-17:T61,INICIO_EXPLICITO,,"El Presidente señor Rodrigo Vergara hace notar que nuestra proyección de inflación para el 2016 difiere en una décima de la del mes de septiembre; luego, no sería sorpresiva para el mercado. Indica que la diferencia entre la proyección interna y la de mercado se ha dado desde hace algún tiempo y responde a evaluaciones distintas de las variables que inciden en ella, como el tipo de cambio; y si bien no pretende que el Banco cuente con mejor información que el mercado con el fin de hacer mejores proyecciones, hace notar que ambas han subestimando la inflación en el último tiempo, pero el Banco lo ha hecho en menor medida. Al no formularse comentarios adicionales y siendo las 13:50 horas, el Presidente señor Rodrigo Vergara suspende la Sesión y recuerda que se reanudará a las 16:00 horas."
1,7209,28308d5654c0a8f3b04663410a58e371a77be9f795e1ffbc998281e37dd39409,2015-12-17,9237,Rodrigo Vergara Montes,9338,Consejo del Banco Central de Chile,ACTA/META,RPM-2015-12-17:T62,INSTITUCIONAL,,"A las 16:00 horas, se reanuda la Reunión de Política Monetaria N° 229, incorporándose a esta Sesión el Ministro de Hacienda subrogante señor Alejandro Micco."
1,7209,28308d5654c0a8f3b04663410a58e371a77be9f795e1ffbc998281e37dd39409,2015-12-17,9237,Rodrigo Vergara Montes,9339,Rodrigo Vergara Montes,SUJETO_ROL_NOMBRE,RPM-2015-12-17:T63,INICIO_EXPLICITO,,"El Presidente señor Rodrigo Vergara deja constancia que la Reunión de Política Monetaria de junio de 2016 se efectuará el día jueves 16 de ese mes y, a continuación, concede la palabra al Gerente de División Estudios señor Alberto Naudon a fin de que presente al Consejo las Opciones de Política Monetaria que se han considerado en esta oportunidad."
