Tipo_Cambio,ID_Padre,SHA256_Texto_Padre,Fecha,IDs_Antes,Actores_Antes,ID_Actual,Actor_Actual,Fuente_Actor,Tipo_Acta,ID_Turno,Relacion_Turno,Alertas_Actuales,Texto_Actual
METADATOS_ATRIBUCION,178,652f4f30978b72c57dba90549181aedf6c1e6c6dfcdc80b4c72295d2868a45c4,2005-03-10,179;180,Rodrigo Valdés Pulido;Vittorio Corbo Lioi,179,Rodrigo Valdés Pulido,CONTEXTO_REVISADO,,RPM-2005-03-10:T27,SIN_CONTINUIDAD_CONFIRMADA,,"A l respecto, el señor Gerente de División señala que; 1. En la reunión de política monetaria de febrero, el Consejo decidió aumentar la tasa de interés de política en 25 puntos base a 2,75%. En esta decisión se consideró que las distintas mediciones de la tendencia inflacionaria seguían aumentando gradualmente, que el cierre de las brechas de capacidad seguía progresando y se mantenía un marcado estímulo monetario. El ajuste de la tasa de política monetaria era coherente con la estrategia de normalización pausada del impulso monetario iniciada en septiembre del año pasado y reafirmaba lo previsto en el Informe de Política Monetaria de enero, al mismo tiempo que reducía el riesgo de ajustes abruptos en el futuro. 2. La minuta de antecedentes preparada para esta reunión da cuenta de que se sigue desarrollando un cuadro macroeconómico similar al previsto en el Informe de Política Monetaria, el que incluye un ritmo de crecimiento de la actividad mayor que el crecimiento potencial y una inflación de tendencia que gradualmente vuelve al rango meta gracias a una normalización pausada de la política monetaria. 3. En efecto, los últimos antecedentes disponibles confirman que la inflación de tendencia sigue aumentando lentamente, a pesar de los vaivenes que exhibe la inflación mensual, los que se explican por cambios en las tarifas reguladas. A su vez, las distintas medidas de expectativas de inflación han continuado normalizándose, llegando a cerca de 3% las de m ayor plazo, mientras los costos laborales y las remuneraciones también han repuntado levemente. Por su parte, el crecimiento de la actividad y del empleo presentan velocidades de expansión instantánea algo menores que en meses pasados, pero aum entos anuales aún superiores a sus tendencias. Los indicadores de consumo se mantienen robustos, al igual que las expectativas de hogares y empresas. Las mayores diferencias con respecto al escenario base se dan en las importaciones de bienes de capital, que siguen sorprendiendo al no dar muestras de atenuar su marcado dinamismo, y en los precios del cobre y del petróleo, que se han mantenido por encima de lo proyectado, lo que motiva revisiones al alza de sus trayectorias esperadas. También resalta el aumento de las tasas de interés de largo plazo en Estados Unidos de América. 4. Con estos antecedentes, considerando el aumento de la tasa de interés de la reunión pasada, las opciones más plausibles son mantener la tasa de política monetaria o aum entarla en 25 puntos base. 5. Al aum entar su sintonía con el último escenario de proyecciones, los antecedentes acum ulados son coherentes con mantener la estrategia de normalización pausada de la política monetaria aplicada desde septiembre pasado. El escenario alternativo de persistencia en las noticias positivas de actividad, por encima del escenario central — que se discutió en el último par de meses y que podría justificar un leve aumento del ritmo de normalización— , parece ahora algo menos probable. En el otro extremo, las novedades tam poco apoyan la idea de reducir el ritmo de normalización. De hecho, la inflación continúa un curso como el previsto, en un escenario que incluye una gradual normalización de la política monetaria. 6. Como se ha discutido en otras oportunidades, en la estrategia de normalización pausada de la política monetaria tienen cabida tanto alzas sucesivas durante algunos meses como pausas en otros, siendo la acumulación de antecedentes mes a mes un elemento fundam ental para definir el ritmo preciso de los ajustes. En este marco, luego de dos mes consecutivos en que se aumentó la tasa de política monetaria, es posible justificar m antener la tasa de política monetaria. La ausencia de novedades mayores en la trayectoria de la inflación y de la actividad apoyan esta alternativa, al igual que la moderación del rápido crecimiento que exhibian algunos indicadores de actividad y empleo. El hecho de que los costos laborales continúen en una trayectoria acotada igualmente sugiere que se puede realizar una pausa. Finalmente, el riesgo de que tres alzas sucesivas se interpreten como un aumento del ritmo de normalización por encima del que se ha considerado como adecuado para el escenario más probable, también respalda esta opción. 7. Por otra parte, también es posible justificar un aumento de la tasa de política monetaria si se pondera más el riesgo de que persistan los mayores precios del petróleo y del cobre, con presiones de costo directas del primero y un posible panorama de mayor actividad del segundo. A esto se suma el vigor que muestran las importaciones de bienes de capital, que pueden señalar un ciclo expansivo de la economía más pronunciado. Sin embargo, considerando que la inflación actualmente se ubica cerca del piso del rango meta, se puede argumentar que no es necesario tomar acciones preventivas ante riesgos que aún no se materializan y cuyos efectos cuantitativos sobre la inflación dependen críticamente de sus consecuencias sobre terceras variables, incluyendo el tipo de cambio, el PIB efectivo y el potencial, 8. También es posible justificar un aumento de la tasa de política monetaria en esta reunión considerando que la política monetaria continúa siendo considerablemente expansiva a pesar de los ajustes ya realizados. Por ejemplo, las tasas reajustables a cinco y diez años han disminuido cerca de 60 puntos base desde fines de diciembre, mientras la compensación inflacionaria ha aumentado entre 50 puntos base y 80 puntos base, según el plazo, desde comienzos de enero. Con todo, cabe destacar que durante el último mes la curva forward sí ha mostrado un desplazamiento acotado, cercano a 25 puntos base para el horizonte de política. 9. Finalmente, cabe destacar que para esta reunión la mayoría de las encuestas indican que poco más de la mitad de los agentes interrogados no espera cambios de la tasa de política monetaria, por lo que la mantención no debería tener consecuencias mayores sobre los precios de los activos y las expectativas futuras de política monetaria. La excepción es la encuesta a mesas de dinero del Banco Central de Chile, en que una mayoría espera un aumento de 25 puntos base."
METADATOS_ATRIBUCION,178,652f4f30978b72c57dba90549181aedf6c1e6c6dfcdc80b4c72295d2868a45c4,2005-03-10,179;180,Rodrigo Valdés Pulido;Vittorio Corbo Lioi,180,Vittorio Corbo Lioi,SUJETO_ROL_NOMBRE,,RPM-2005-03-10:T28,INICIO_EXPLICITO,,"El Presidente, don Vittorio Corbo ofrece la palabra para comentarios."
METADATOS_ATRIBUCION,214,59621219a98a0640a272d6c40555e25b621ab0acb45f9f293dbb4dd1bdf9f092,2005-04-07,248;249;250;251;252,Vittorio Corbo Lioi;Consejo del Banco Central de Chile;Vittorio Corbo Lioi;Rodrigo Valdés Pulido;Vittorio Corbo Lioi,248,Vittorio Corbo Lioi,SUJETO_ROL_NOMBRE,,RPM-2005-04-07:T45,INICIO_EXPLICITO,,"El Presidente, señor Vittorio Corbo, suspende la Sesión a las 12,50 horas e informa que la misma se reanudará a las 16,00 horas."
METADATOS_ATRIBUCION,214,59621219a98a0640a272d6c40555e25b621ab0acb45f9f293dbb4dd1bdf9f092,2005-04-07,248;249;250;251;252,Vittorio Corbo Lioi;Consejo del Banco Central de Chile;Vittorio Corbo Lioi;Rodrigo Valdés Pulido;Vittorio Corbo Lioi,249,Consejo del Banco Central de Chile,ACTA/META,META_SESION,RPM-2005-04-07:T46,INSTITUCIONAL,,"Siendo las 16,00 horas, se reanuda la Sesión de Política Monetaria N° 76, con la incorporación de la Ministra de Hacienda Subrogante, señora María Eugenia Wagner Brizzi y de la señora Bernardita Piedrabuena Keymer, Asesora del Ministerio de Hacienda. Se deja constancia que no se encuentra presente en la Sala, la Secretaria Ejecutiva del Gabinete de la Presidencia, señora Cecilia Feliú Carrizo."
METADATOS_ATRIBUCION,214,59621219a98a0640a272d6c40555e25b621ab0acb45f9f293dbb4dd1bdf9f092,2005-04-07,248;249;250;251;252,Vittorio Corbo Lioi;Consejo del Banco Central de Chile;Vittorio Corbo Lioi;Rodrigo Valdés Pulido;Vittorio Corbo Lioi,250,Vittorio Corbo Lioi,SUJETO_ROL_NOMBRE,,RPM-2005-04-07:T47,INICIO_EXPLICITO,,"A continuación el Presidente don Vittorio Corbo solicita al Gerente de División Estudios, don Rodrigo Valdés, que presente las Opciones de Política Monetaria."
METADATOS_ATRIBUCION,214,59621219a98a0640a272d6c40555e25b621ab0acb45f9f293dbb4dd1bdf9f092,2005-04-07,248;249;250;251;252,Vittorio Corbo Lioi;Consejo del Banco Central de Chile;Vittorio Corbo Lioi;Rodrigo Valdés Pulido;Vittorio Corbo Lioi,251,Rodrigo Valdés Pulido,CONTEXTO_REVISADO,,RPM-2005-04-07:T48,SIN_CONTINUIDAD_CONFIRMADA,,"Al respecto, el señor Gerente de División señala que: 1. En la reunión de política monetaria de marzo, el Consejo decidió mantener la tasa de interés de política en 2,75%. En esta decisión se consideró que la inflación y el crecimiento de la actividad tenían un comportamiento coherente con el panorama previsto en el último Informe de Política Monetaria. Por un lado, si bien las velocidades de expansión instantánea eran algo menores que en meses pasados, el crecimiento era sólido y mayor que el de tendencia, apoyado por un entorno internacional favorable y condiciones monetarias en Chile que continuaban siendo claramente expansivas. Por otro lado, más allá de los vaivenes que originaban los cambios de algunas tarifas reguladas, las distintas mediciones de la tendencia inflacionaria seguían aumentando gradualmente, en línea con las proyecciones. Se comunicó expresamente que la decisión de mantener la tasa de política monetaria en esa oportunidad no modificaba la expectativa de reducción pausada del impulso monetario. i 2. La minuta de antecedentes preparada para esta reunión da cuenta de que la marcha de la economía continúa siendo similar a la prevista en el Informe de Política Monetaria, incluyendo un ritmo de crecimiento de la actividad mayor que el crecimiento potencial y una inflación de tendencia que gradualmente vuelve al rango meta. 3. En efecto, los últimos antecedentes disponibles confirman que la inflación de tendencia sigue aumentando gradualmente, más allá de los vaivenes que provoca el alza del precio del petróleo sobre la inflación mensual, tanto por su incidencia directa como a través de las tarifas reguladas. A ello se agrega un aumento en la tasa de crecimiento anual de los salarios y la detención de la caída en doce meses de los costos laborales unitarios. Por su parte, más allá de fenómenos puntuales en algunos sectores de recursos naturales y efectos calendario, el crecimiento de la actividad continúa sólido. Al mismo tiempo, la atenuación de las inusitadas tasas de expansión instantánea que exhibían el empleo y las importaciones de bienes de capital en meses pasados, así como la moderación de las expectativas de hogares y empresas, hacen menos probable el escenario de riesgo de crecimiento muy por encima del escenario central. Las mayores diferencias con respecto al escenario base se siguen dando en los precios del cobre y del petróleo, que se han mantenido por encima de lo proyectado, lo que motiva nuevas revisiones al alza de sus trayectorias esperadas. 4. Con estos antecedentes, las opciones a analizar son aumentar la tasa de política monetaria, en una magnitud a evaluar, o mantenerla en su nivel actual. 5. Al mantener su sintonía con el último escenario de proyecciones, los antecedentes acumulados son coherentes con mantener la estrategia de normalización pausada de la política monetaria iniciada en septiembre pasado. Un escenario de crecimiento por encima del escenario central —que se analizó a fines del año pasado y que podía justificar un leve aumento del ritmo de normalización— parece ahora algo menos probable. 6. En el otro extremo, las novedades permiten descartar la idea de reducir el ritmo de normalización. Las distintas medidas de la tendencia inflacionaria han continuado aumentando gradualmente por más de nueve meses, y la inflación subyacente IPCX1 ha seguido un curso similar al previsto en las proyecciones. Considerando que la política monetaria sigue siendo claramente expansiva, es necesario continuar con su normalización para asegurar el control sostenible de la inflación y del crecimiento. A esto se agregan los inesperadamente altos precios a los que ha llegado el petróleo, que mecánicamente tienen una incidencia sobre el nivel de precios, pero cuyos efectos de segunda vuelta sobre la inflación requieren de especial atención. Si bien estos mayores precios constituyen un shock de oferta, cuya respuesta de política puede ser distinta a la de un shock de demanda cuando existe credibilidad, es difícil argumentar que debe acompañarse de una política más expansiva. 7. Como se ha analizado en otras ocasiones, la oportunidad precisa de los aumentos de la tasa de política monetaria dependen críticamente de la acumulación de antecedentes. En particular, en esta reunión se justifica aumentar la tasa de política monetaria si se considera que el escenario central se continúa validando y este escenario incluye la gradual normalización de la política monetaria. A esto se suma el mayor dinamismo que exhiben los salarios, los efectos que tienen los mejores términos de intercambio que está enfrentando la economía nacional gracias al mayor precio del cobre, y el hecho de que las tasas de interés en UF de mediano y largo plazo continúan en niveles bajos. Una decisión de este tipo, además, evita arriesgar la necesidad de alzas mayores en el futuro. 8. En principio, se podría argumentar a favor de mantener la tasa de política monetaria si se ponderara más que la velocidad de crecimiento de la economía ha disminuido en los últimos meses desde niveles elevados, que el PIB de tendencia parece estar creciendo más rápidamente gracias a la inversión y la mayor fuerza de trabajo, y que los costos laborales unitarios continúan bien contenidos, incluso considerando que el crecimiento de los salarios es mayor, pues siguen en niveles acotados. No obstante, como se ha discutido en otras oportunidades, el hecho de que las medidas de la tendencia inflacionaria vayan todas simultáneamente en aumento, no valida la hipótesis de que las holguras sean mayores. Adicionalmente, también se podría justificar la mantención en caso de que se deseara indicar que el ritmo pausado puede incluir pausas más prolongadas que un mes. 9. Respecto del monto del ajuste en la tasa de política monetaria, se estima que la opción más adecuada en esta oportunidad es de 25 puntos base. En efecto, es difícil justificar un alza mayor cuando los riesgos de un escenario de dinamismo “excesivo” han disminuido y las expectativas de inflación se mantienen bien contenidas. Asimismo, se estima que analizar un alza mayor a 25 puntos base, tiene más que ver con la posibilidad de señalar la decisión más probable de la próxima reunión, tema en sí mismo importante. La decisión efectiva, sin embargo, dependerá de los antecedentes nuevos que se acumulen hasta esa fecha, incluyendo el análisis que se realizará para el Informe de Política Monetaria. 10. Finalmente, cabe destacar que para esta reunión todas las encuestas indican una expectativa mayoritaria de alza de 25 puntos base, por lo que un alza de esa magnitud no debería tener consecuencias en la estructura de precios financieros."
METADATOS_ATRIBUCION,214,59621219a98a0640a272d6c40555e25b621ab0acb45f9f293dbb4dd1bdf9f092,2005-04-07,248;249;250;251;252,Vittorio Corbo Lioi;Consejo del Banco Central de Chile;Vittorio Corbo Lioi;Rodrigo Valdés Pulido;Vittorio Corbo Lioi,252,Vittorio Corbo Lioi,SUJETO_ROL_NOMBRE,,RPM-2005-04-07:T49,INICIO_EXPLICITO,,"El Presidente, don Vittorio Corbo ofrece la palabra para comentarios."
METADATOS_ATRIBUCION,288,20574c48f323e6f7e46f4215ce96d7c77224a84faddb02e2faa31fc1aea7e754,2005-06-09,341;342;343;344;345;346;347,Vittorio Corbo Lioi;Consejo del Banco Central de Chile;Vittorio Corbo Lioi;Rodrigo Valdés Pulido;Vittorio Corbo Lioi;Klaus Schmidt-Hebbel Dunker;Esteban Jadresic Marinovic,341,Vittorio Corbo Lioi,SUJETO_ROL_NOMBRE,,RPM-2005-06-09:T21,INICIO_EXPLICITO,,"El Presidente, señor Vittorio Corbo, suspende la Sesión a las 13:10 horas e informa que la misma se reanudará a las 16:00 horas."
METADATOS_ATRIBUCION,288,20574c48f323e6f7e46f4215ce96d7c77224a84faddb02e2faa31fc1aea7e754,2005-06-09,341;342;343;344;345;346;347,Vittorio Corbo Lioi;Consejo del Banco Central de Chile;Vittorio Corbo Lioi;Rodrigo Valdés Pulido;Vittorio Corbo Lioi;Klaus Schmidt-Hebbel Dunker;Esteban Jadresic Marinovic,342,Consejo del Banco Central de Chile,ACTA/META,META_SESION,RPM-2005-06-09:T22,INSTITUCIONAL,,"Siendo las 16:00 horas, se reanuda la Sesión de Política Monetaria N° 79. Se deja constancia que no se encuentra presente en la Sala, la Secretaria Ejecutiva del Gabinete de la Presidencia, señora Cecilia Feliú Carrizo."
METADATOS_ATRIBUCION,288,20574c48f323e6f7e46f4215ce96d7c77224a84faddb02e2faa31fc1aea7e754,2005-06-09,341;342;343;344;345;346;347,Vittorio Corbo Lioi;Consejo del Banco Central de Chile;Vittorio Corbo Lioi;Rodrigo Valdés Pulido;Vittorio Corbo Lioi;Klaus Schmidt-Hebbel Dunker;Esteban Jadresic Marinovic,343,Vittorio Corbo Lioi,SUJETO_ROL_NOMBRE,,RPM-2005-06-09:T23,INICIO_EXPLICITO,,"A continuación el Presidente don Vittorio Corbo solicita al Gerente de División Estudios, don Rodrigo Valdés, que presente las Opciones de Política Monetaria."
METADATOS_ATRIBUCION,288,20574c48f323e6f7e46f4215ce96d7c77224a84faddb02e2faa31fc1aea7e754,2005-06-09,341;342;343;344;345;346;347,Vittorio Corbo Lioi;Consejo del Banco Central de Chile;Vittorio Corbo Lioi;Rodrigo Valdés Pulido;Vittorio Corbo Lioi;Klaus Schmidt-Hebbel Dunker;Esteban Jadresic Marinovic,344,Rodrigo Valdés Pulido,CONTEXTO_REVISADO,,RPM-2005-06-09:T24,SIN_CONTINUIDAD_CONFIRMADA,,"Al respecto, el señor Gerente de División señala que; 1. En la reunión de política monetaria de mayo, el Consejo decidió aumentar la tasa de interés de política en 25 puntos base, a 3,25%. En esta decisión se consideró que el crecimiento de la actividad, aunque más atenuado que en trimestres pasados, seguía siendo superior a su tendencia y que, más allá de movimientos inusuales en precios específicos y de la incidencia directa que tiene el alza del precio del petróleo, la tendencia inflacionaria seguía aumentando gradualmente, en línea con lo previsto. 2. Los antecedentes acumulados desde la última reunión muestran que las condiciones externas, tanto reales como financieras, se mantienen favorables. Las tasas de interés de largo plazo de las principales economías han disminuido. Si bien los precios del petróleo y del cobre han vuelto a aumentar en las últimas semanas, ello no modifica el escenario promedio esperado para este año. 3. Internamente, el crecimiento de la actividad sigue siendo sólido, por encima del crecimiento del PIB de tendencia, y la heterogeneidad sectorial se ha ido atenuando, especialmente entre los sectores no ligados a recursos naturales. La demanda interna ha seguido creciendo a tasas elevadas, y sus distintos componentes aparentemente están en trayectorias coherentes con el escenario central de proyecciones. Las cifras del mercado laboral han continuado mostrando un panorama positivo. Varias de las fuentes de riesgos para el escenario de crecimiento —abastecimiento de gas natural, hidrología, dinámica de los inventarios y del consumo— se han debilitado algo. 4. Las condiciones financieras internas siguen siendo claramente expansivas, lo que se aprecia en el alto crecimiento de los agregados de crédito y dinero y en el nivel de las tasas de interés. 5. Con respecto a los precios, la inflación mensual del IPC superó la proyección por más de dos décimas, mientras que el IPCX1 estuvo en línea con lo esperado. Las medidas de la tendencia de la inflación anual siguen aumentando gradualmente, mientras los costos laborales unitarios se mantienen bien contenidos, a pesar del mayor aumento de los salarios por hora. 6. Con los antecedentes disponibles, las opciones que parecen más plausibles para esta reunión son aumentar la tasa de política monetaria en 25 puntos base o mantenerla en su nivel actual. 7. La sintonía de los antecedentes con el escenario central de proyecciones es coherente con mantener la estrategia aplicada desde septiembre pasado. En particular, el aumento progresivo de la tendencia inflacionaria dentro de lo previsto y el hecho de que el crecimiento de la actividad continúa sobre su tendencia apoyan la necesidad de continuar con la normalización pausada de la política monetaria, la que aún es claramente expansiva. Como se ha discutido en otras oportunidades, en un mes particular tanto un alza acotada como una mantención de la tasa de política monetaria son congruentes con esta estrategia. Para diferenciar en esta oportunidad entre ambas opciones es pertinente revisar las noticias más importantes y aspectos tácticos. 8. Respecto de lo supuesto en el escenario central de proyecciones, la importancia de las novedades es acotada. Sin embargo, se puede justificar aumentar la tasa de política monetaria en esta reunión por las noticias de relativa mayor fortaleza de la actividad en el segundo trimestre, la atenuación de algunos riesgos a la baja en el escenario de crecimiento y el que la inflación del IPC haya seguido aumentando algo más que lo proyectado (aunque por razones puntuales bien identificadas relacionadas con tarifas), situación que también se reflejó en el IPCX. Como se ha comentado otras veces, un alza en esta oportunidad haría más probable que los ajustes posteriores sean más graduales. 9. Por su parte, otras de las noticias del mes también podrían justificar postergar el alza de la tasa de política monetaria. En particular, el que los costos laborales unitarios parecen continuar disminuyendo en 12 meses una vez que se considera la productividad por hora, en momentos en que además la velocidad de expansión del IPCX1 se ubica cerca del piso del rango meta, apoya la opción de pausar este mes. La trayectoria que han tenido las tasas de interés internacionales de largo plazo también favorecen esta opción. 10. Desde el punto de vista táctico, se podría justificar mantener la tasa de política monetaria si se evaluara que tres alzas consecutivas arriesgan que se las interprete como un aumento del ritmo de normalización por encima del que se ha considerado adecuado para el escenario más probable. Este riesgo, sin embargo, no parece tan serio cuando se considera que mientras una mayoría relativa de las expectativas supone un alza de tasas para esta reunión, la trayectoria esperada de las tasas para los próximos meses no ha sufrido mayores cambios. Quizás el riesgo más relevante sea validar —incluso exacerbar— la trayectoria de corto plazo de las tasas de mercado, que están por encima de una trayectoria esperada de la tasa de política monetaria coherente con el escenario base. El riesgo opuesto, que ante una mantención de la tasa de política monetaria se interprete que el ritmo de normalización ha cambiado, también es acotado y se puede abordar directamente en el comunicado, como se ha hecho en otros momentos de pausa."
METADATOS_ATRIBUCION,288,20574c48f323e6f7e46f4215ce96d7c77224a84faddb02e2faa31fc1aea7e754,2005-06-09,341;342;343;344;345;346;347,Vittorio Corbo Lioi;Consejo del Banco Central de Chile;Vittorio Corbo Lioi;Rodrigo Valdés Pulido;Vittorio Corbo Lioi;Klaus Schmidt-Hebbel Dunker;Esteban Jadresic Marinovic,345,Vittorio Corbo Lioi,SUJETO_ROL_NOMBRE,,RPM-2005-06-09:T25,INICIO_EXPLICITO,,"El Presidente, don Vittorio Corbo ofrece la palabra para comentarios."
METADATOS_ATRIBUCION,288,20574c48f323e6f7e46f4215ce96d7c77224a84faddb02e2faa31fc1aea7e754,2005-06-09,341;342;343;344;345;346;347,Vittorio Corbo Lioi;Consejo del Banco Central de Chile;Vittorio Corbo Lioi;Rodrigo Valdés Pulido;Vittorio Corbo Lioi;Klaus Schmidt-Hebbel Dunker;Esteban Jadresic Marinovic,346,Klaus Schmidt-Hebbel Dunker,SUJETO_ROL_NOMBRE,,RPM-2005-06-09:T26,INICIO_EXPLICITO,,"El señor Gerente de Investigación Económica, señor Klaus Schmidt-Hebbel, señala que el aún intenso impulso monetario actual, reflejado en una tasa de interés real de corto plazo ex ante cercana a 0%; la proyección de cierre completo de la brecha del producto hacia el final del horizonte de política; los rezagos con que actúa la política monetaria; la proyección central de la normalización de la tasa de dicha política en el escenario base del Banco, hasta llegar a una tasa neutral de 7,5% a comienzos del año 2008 (y no antes); el incremento de ahí derivado de la tasa de política monetaria en 31 puntos base mensuales en el segundo trimestre, supuesto de trabajo interno que se traduce a proyectar un incremento promedio de 22,5 puntos base en cada una de las reuniones de política monetaria del año 2005, desde ahora y hasta diciembre de ese año; el alza significativa de las tasas forward de mercado - aunque ellas pueden tener un componente, ciertamente incierto - de ruido coyuntural; el aumento marginal en las expectativas de inflación de los encuestados y el aumento significativo de las compensaciones inflacionarias - nuevamente posiblemente alteradas coyunturalmente por un shock de portafolio o por el alza en inflaciones mensuales recientes, también de carácter incierto; el consenso de 100% en un alza de 25 puntos base de la tasa de política monetaria en las mesas de dinero encuestadas, y considerando fundamentalmente, las proyecciones de inflación del escenario base del Banco, consistentes con todo lo anterior, que muestra una joroba en la inflación, llegando a 3,2% (IPC) y 3,5% (IPCX) al término del horizonte de política, producto de una gestión monetaria conservadora y pausada, reflejada en la inercia que exhibe la regla de política monetaria, concluye el señor Gerente mencionado, que la opción de alza de 25 puntos base domina inambiguamente a la mantención de la tasa de política monetaria en esta oportunidad."
METADATOS_ATRIBUCION,288,20574c48f323e6f7e46f4215ce96d7c77224a84faddb02e2faa31fc1aea7e754,2005-06-09,341;342;343;344;345;346;347,Vittorio Corbo Lioi;Consejo del Banco Central de Chile;Vittorio Corbo Lioi;Rodrigo Valdés Pulido;Vittorio Corbo Lioi;Klaus Schmidt-Hebbel Dunker;Esteban Jadresic Marinovic,347,Esteban Jadresic Marinovic,SUJETO_ROL_NOMBRE,,RPM-2005-06-09:T27,INICIO_EXPLICITO,,"V Interviene el Gerente de División Internacional, señor Esteban Jadresic para señalar, que compartiendo el análisis que presenta la Gerencia de División Estudios le llama sobre todo la atención los datos que se están presentando sobre costos laborales unitarios. Indica que con la reducción de la jornada laboral tendría que haberse producido un aumento de tales costos, sin embargo se está viendo lo contrarío, en un contexto en que, esos costos están creciendo muy por debajo de lo que sería consistente con una situación de estado estacionario para la inflación de 3%. Estima que este elemento es bien llamativo y que, frente a este, las demás novedades presentada en esta reunión son de importancia relativamente menor. Con todo, le parece importante destacar que el IPCX1 está en línea con lo esperado previamente y que las expectativas del mercado, respecto a las tasas, deben descontarse por las distorsiones que existen. Concluye que, en este contexto y dentro del marco general de normalización pausada de la tasa de interés de política monetaria, una mantención de tasas de interés resulta más coherente con los antecedentes disponibles."
METADATOS_ATRIBUCION,305,ae317d3bc1c17cc39e2b4b6fedfae96160a059370cea65e08f36cdf854e88df0,2005-07-12,392;393;394;395;396;397;398;399,Vittorio Corbo Lioi;Consejo del Banco Central de Chile;Vittorio Corbo Lioi;Rodrigo Valdés Pulido;Vittorio Corbo Lioi;Luis Óscar Herrera Barriga;Esteban Jadresic Marinovic;Vittorio Corbo Lioi,392,Vittorio Corbo Lioi,SUJETO_ROL_NOMBRE,,RPM-2005-07-12:T35,INICIO_EXPLICITO,,"El Presidente, señor Vittorio Corbo, suspende la Sesión a las 13:00 horas e informa que la misma se reanudará a las 16:00 horas."
METADATOS_ATRIBUCION,305,ae317d3bc1c17cc39e2b4b6fedfae96160a059370cea65e08f36cdf854e88df0,2005-07-12,392;393;394;395;396;397;398;399,Vittorio Corbo Lioi;Consejo del Banco Central de Chile;Vittorio Corbo Lioi;Rodrigo Valdés Pulido;Vittorio Corbo Lioi;Luis Óscar Herrera Barriga;Esteban Jadresic Marinovic;Vittorio Corbo Lioi,393,Consejo del Banco Central de Chile,ACTA/META,META_SESION,RPM-2005-07-12:T36,INSTITUCIONAL,,"Siendo las 16:00 horas, se reanuda la Sesión de Política Monetaria N° 80."
METADATOS_ATRIBUCION,305,ae317d3bc1c17cc39e2b4b6fedfae96160a059370cea65e08f36cdf854e88df0,2005-07-12,392;393;394;395;396;397;398;399,Vittorio Corbo Lioi;Consejo del Banco Central de Chile;Vittorio Corbo Lioi;Rodrigo Valdés Pulido;Vittorio Corbo Lioi;Luis Óscar Herrera Barriga;Esteban Jadresic Marinovic;Vittorio Corbo Lioi,394,Vittorio Corbo Lioi,SUJETO_ROL_SESION,,RPM-2005-07-12:T37,INICIO_EXPLICITO,FINAL_SIN_PUNTUACION,"El señor Presidente deja constancia que el señor Ministro de Hacienda don Nicolás Eyzaguirre Guzmán y la Asesora Macroeconómica del Ministerio de Hacienda, doña Bernardita Piedrabuena Keymer, le han comunicado que no podrán asistir a la reunión de la tarde. A continuación, el Presidente don Vittorio Corbo solicita al Gerente de División Estudios, don Rodrigo Valdés, que presente las Opciones de Política Monetaria. if"
METADATOS_ATRIBUCION,305,ae317d3bc1c17cc39e2b4b6fedfae96160a059370cea65e08f36cdf854e88df0,2005-07-12,392;393;394;395;396;397;398;399,Vittorio Corbo Lioi;Consejo del Banco Central de Chile;Vittorio Corbo Lioi;Rodrigo Valdés Pulido;Vittorio Corbo Lioi;Luis Óscar Herrera Barriga;Esteban Jadresic Marinovic;Vittorio Corbo Lioi,395,Rodrigo Valdés Pulido,CONTEXTO_REVISADO,,RPM-2005-07-12:T38,SIN_CONTINUIDAD_CONFIRMADA,,"El señor Gerente de División mencionado informa lo siguiente: 1 . En la reunión de política monetaria de junio, el Consejo decidió mantener la tasa de interés de política en 3,25%. En esta decisión se consideró que la inflación y la actividad económica exhibían un comportamiento coherente con el panorama previsto en el último Informe de Política Monetaria, lo cual validaba la estrategia de ajustes pausados de la tasa de política monetaria. Se evaluó que mantener la tasa de política monetaria en esa reunión era razonable dada esta estrategia, y se comunicó que dicha decisión no modificaba la expectativa de ajustes pausados adicionales. 2. Los antecedentes acumulados desde la última reunión muestran que las condiciones externas, tanto reales como financieras, se mantienen favorables. Los precios del petróleo y del cobre han seguido bastante más altos que los proyectados en el escenario base del Informe de Política Monetaria. 3. Internamente, el crecimiento de la actividad continúa por encima del crecimiento del PIB de tendencia y consolida la expectativa de obtener en el segundo trimestre un resultado superior al proyectado en el Informe de Política Monetaria pasado. Esto ocurre en un cuadro en que las condiciones monetarias siguen siendo marcadamente expansivas, la formación de capital fijo ha vuelto a sorprender por su intensidad y el empleo continúa expandiéndose a tasas elevadas. Los riesgos (negativos) de origen interno para la actividad continúan atenuándose. 4. La inflación efectiva del IPC ha sido mayor a lo esperado y la proyección de inflación anual del IPC para los próximos meses ha aumentado. Ello se explica por novedades en el precio del petróleo, mayores tarifas en algunos servicios públicos y mayores precios de ciertos productos perecibles. El IPCX1, en tanto, ha seguido hasta ahora la trayectoria esperada, y las distintas medidas de la tendencia inflacionaria no muestran una aceleración adicional, aunque varias siguen aumentando gradualmente. Hacia delante —y en particular en el horizonte de proyección de 12 a 24 meses— además del cierre de holguras que se estaría concretando algo más rápido que lo previsto, la inflación dependerá de cómo se propaguen los shocks mencionados. 5. Con los antecedentes disponibles, es difícil justificar una opción distinta a aumentar la tasa de política monetaria en 25 puntos base. 6. Se puede descartar la opción de mantener la tasa de política monetaria, considerando aspectos tanto de fondo como tácticos. Individualmente y en conjunto, las novedades apuntan hacia mayores presiones inflacionarias, lo que reafirma la necesidad de continuar normalizando la tasa de política monetaria y permite descartar la idea de reducir el ritmo de normalización. Incluso, el hecho de que el cierre de holguras parece progresar algo más rápidamente y que hay incertidumbre respecto de la intensidad (y no del signo) de la propagación de los shocks en algunos precios específicos, podría justificar un leve aumento de la velocidad de normalización. Desde el punto de vista táctico, luego de mantener la tasa de política monetaria en la reunión anterior, una segunda mantención consecutiva parece incoherente incluso con la idea de reafirmar un ritmo de normalización pausado. Ello también permite descartar esta opción. 8. En el otro extremo, es difícil justificar un alza de más de 25 puntos base, por razones principalmente tácticas. Un aumento de magnitud podría señalar un cambio de la estrategia de normalización pausada, estrategia que, pausas más pausas menos, aún parece coherente con el panorama macroeconómico. En particular, el aumento progresivo de la tendencia inflacionaria sigue dentro de lo previsto, los costos laborales unitarios parecen continuar disminuyendo en 12 meses una vez que se considera la productividad por hora, y aún está por verse cómo se transmitirán al resto de la economía los cambios de precios observados. Esta transmisión podría ser menor de lo que muestra la experiencia histórica, dada la credibilidad de la meta de inflación, credibilidad que en todo caso es endógena y debe ser cautelada. Además, aunque las noticias apuntan a que existen mayores riesgos de que sea necesario hacer ajustes menos pausados o graduales, estos riesgos son hasta ahora acotados. 9. Desde el punto de vista de los efectos que puede tener la decisión de política en la estructura de tasas y otros precios financieros, cabe destacar que las expectativas apuntan para esta reunión, en forma casi unánime, a un aumento de 25 puntos base. Por lo tanto, un aumento de esa magnitud no debería tener mayores consecuencias en dichos precios. 10. indica el señor Gerente de División mencionado, que finalmente, considerando la comunicación que se ha realizado hasta el momento y la secuencia de cambios efectivos de la tasa de política monetaria, un alza de 25 puntos base no es particularmente informativa respecto de la posible trayectoria futura de la tasa de política monetaria. Solo aclara que no se estaría disminuyendo el ritmo de normalización. De evaluarse necesario indicar algo más, cabría considerar cuánto énfasis sacar del concepto pausado o incluir explícitamente el tema en la minuta de la reunión de política monetaria."
METADATOS_ATRIBUCION,305,ae317d3bc1c17cc39e2b4b6fedfae96160a059370cea65e08f36cdf854e88df0,2005-07-12,392;393;394;395;396;397;398;399,Vittorio Corbo Lioi;Consejo del Banco Central de Chile;Vittorio Corbo Lioi;Rodrigo Valdés Pulido;Vittorio Corbo Lioi;Luis Óscar Herrera Barriga;Esteban Jadresic Marinovic;Vittorio Corbo Lioi,396,Vittorio Corbo Lioi,SUJETO_ROL_NOMBRE,,RPM-2005-07-12:T39,INICIO_EXPLICITO,,"El Presidente, don Vittorio Corbo ofrece la palabra para comentarios."
METADATOS_ATRIBUCION,305,ae317d3bc1c17cc39e2b4b6fedfae96160a059370cea65e08f36cdf854e88df0,2005-07-12,392;393;394;395;396;397;398;399,Vittorio Corbo Lioi;Consejo del Banco Central de Chile;Vittorio Corbo Lioi;Rodrigo Valdés Pulido;Vittorio Corbo Lioi;Luis Óscar Herrera Barriga;Esteban Jadresic Marinovic;Vittorio Corbo Lioi,397,Luis Óscar Herrera Barriga,SUJETO_ROL_NOMBRE,,RPM-2005-07-12:T40,INICIO_EXPLICITO,FINAL_SIN_PUNTUACION,"El Gerente de División Política Financiera, don Luis Oscar Herrera, señala que concuerda con la opción que ofrece la División de Estudios, en cuanto a la recomendación de elevar la Tasa Promedio Mensual en 25 puntos base. A su juicio, justifica esta opinión en los siguientes elementos del escenario macro. Primero, las brechas de capacidad se están cerrando algo más rápido de lo anticipado, sin que se observe retrasos en las recuperaciones del consumo y, por el contrario, en el caso de la inversión éstas continúan desarrollándose en forma más bien dinámica. Segundo, se ha materializado uno de los principales riesgos negativos que se presentaban en el escenario externo, esto es, el precio del petróleo. Sin embargo, su impacto sobre la actividad global interna hoy día parece ser menor, o bien ha sido compensado por otros shocks de signo contrario, tales como el cobre y el clima. Tercero, indica, que aunque la inflación está evolucionando algo más rápido que lo esperado, se anticipa una aceleración adicional que obedece exclusivamente a los shocks de oferta. Por el contrario, agrega que las expectativas inflacionarias se mantienen bien ancladas, el componente más duro de la inflación todavía está evolucionando bajo el 2%, aunque espera que vaya en una trayectoria de convergencia de 3%. Por lo tanto, los riesgos de propagación de estos shocks puntuales no parecen ser inminentes, aunque hay que reconocer que hoy día podrían tener un mayor riesgo porque una situación de holguras de capacidad más estrecha y un crecimiento de la demanda más rápido, facilita la transmisión de shocks de costos a precios. Finalmente, menciona que le parece también importante destacar que los mercados financieros han ido procesando en forma adecuada las novedades económicas recientes, o sea, se ha observado un leve repunte de la curva de tasas en pesos. En el caso de la curva corta, se han despejado ciertos factores de liquidez que distorsionan un poco la interpretación. Sin embargo, cree que la apreciación general tanto en Chile como en el exterior, es que ante estas situaciones de ¥"
METADATOS_ATRIBUCION,305,ae317d3bc1c17cc39e2b4b6fedfae96160a059370cea65e08f36cdf854e88df0,2005-07-12,392;393;394;395;396;397;398;399,Vittorio Corbo Lioi;Consejo del Banco Central de Chile;Vittorio Corbo Lioi;Rodrigo Valdés Pulido;Vittorio Corbo Lioi;Luis Óscar Herrera Barriga;Esteban Jadresic Marinovic;Vittorio Corbo Lioi,398,Esteban Jadresic Marinovic,SUJETO_ROL_NOMBRE,,RPM-2005-07-12:T41,INICIO_EXPLICITO,,"El Gerente de División Internacional, señor Esteban Jadresic, indica que también comparte el análisis y la recomendación central que ha hecho la Gerencia de División Estudios. Le parece que es coherente con varios factores, especialmente, con el hecho que aunque ha habido sorpresas en el IPC, por el precio de alimentos perecibles, petróleo, tarifas y que el IPCX1 está en torno a lo esperado, en el rango del 1% y 2%, pudiera pensarse que, con el mayor dinamismo en la actividad y el empleo también dinámico, se podría justificar un aumento más rápido en la Tasa de Política Monetaria. Sin embargo, tal como lo señaló en la última reunión de política monetaria, le siguen llamando la atención las tasas de interés de los costos laborales unitarios en doce meses, a pesar que la reducción de la jornada laboral de comienzos de año debió haber incrementado algo los costos, lo que contrasta, por ejemplo, con lo que se puede observar en Estados Unidos de América, donde los costos laborales unitarios crecen a un ritmo del 3% en un contexto de inflación creciendo al 3% y, subyacente, del orden del 2%. En este contexto, le parece que sería conveniente profundizar el análisis de este fenómeno, en particular buscando identificar si es que esto se debe a factores transitorios o que reflejarían debilidad en los antecedentes estadísticos que se miran para evaluar el costo laboral unitario o alternativamente, la persistencia de holguras mas significativas que lo que se ha evaluado en el mercado laboral, que pudieran llevar en contrario a subrayar el término pausado en el proceso de normalización de tasas."
METADATOS_ATRIBUCION,305,ae317d3bc1c17cc39e2b4b6fedfae96160a059370cea65e08f36cdf854e88df0,2005-07-12,392;393;394;395;396;397;398;399,Vittorio Corbo Lioi;Consejo del Banco Central de Chile;Vittorio Corbo Lioi;Rodrigo Valdés Pulido;Vittorio Corbo Lioi;Luis Óscar Herrera Barriga;Esteban Jadresic Marinovic;Vittorio Corbo Lioi,399,Vittorio Corbo Lioi,SUJETO_ROL_NOMBRE,,RPM-2005-07-12:T42,INICIO_EXPLICITO,,"El Presidente señor Vittorio Corbo, señala que entonces la preocupación es por la dinámica de los costos unitarios laborales y hasta qué punto se mide bien lo que está verdaderamente pasando con problemas estadísticos."
METADATOS_ATRIBUCION,351,12b2b8d5bcf3ff9c80fce347a385be482406fc0bd46c8bdd5131277755a2edc9,2005-08-11,448;449,Vittorio Corbo Lioi;Rodrigo Valdés Pulido,448,Vittorio Corbo Lioi,SUJETO_ROL_NOMBRE,,RPM-2005-08-11:T40,INICIO_EXPLICITO,,"A continuación, el Presidente don Vittorio Corbo solicita al Gerente de División Estudios, don Rodrigo Valdés, que presente las Opciones de Política Monetaria."
METADATOS_ATRIBUCION,351,12b2b8d5bcf3ff9c80fce347a385be482406fc0bd46c8bdd5131277755a2edc9,2005-08-11,448;449,Vittorio Corbo Lioi;Rodrigo Valdés Pulido,449,Rodrigo Valdés Pulido,CONTEXTO_REVISADO,,RPM-2005-08-11:T41,SIN_CONTINUIDAD_CONFIRMADA,,El señor Gerente de División mencionado informa lo siguiente:
METADATOS_ATRIBUCION,390,84ee6aeebcd6c0deccdff8e52e5d0f7107c001c5b6b3eb4607956769100e71f8,2005-09-08,488,Rodrigo Valdés Pulido,488,Rodrigo Valdés Pulido,CONTEXTO_REVISADO,,RPM-2005-09-08:T23,SIN_CONTINUIDAD_CONFIRMADA,,"El señor Gerente de División mencionado informa lo siguiente: En la reunión de política monetaria de agosto, el Consejo decidió aumentar la tasa de interés de política en 25 puntos base hasta un nivel de 3,75%. En la decisión se consideró que el crecimiento de la actividad seguía por encima de su tendencia y el gasto interno se expandía de manera robusta, en particular la inversión, que continuaba creciendo vigorosamente. La inflación del IPC se había ubicado sobre 3% antes de lo previsto —principalmente por la incidencia de alzas en los precios de los combustibles y algunas tarifas reguladas— , y las distintas medidas de la tendencia inflacionaria continuaban normalizándose. Los antecedentes acumulados desde la última reunión son mixtos. En el lado externo, los precios del petróleo y del cobre han vuelto a sorprender, ubicándose ambos por encima de lo proyectado. Ello ha sido particularmente notorio en el caso de la gasolina, como efecto del huracán Katrina. Nuevamente se han ajustado al alza las proyecciones del precio del petróleo, aunque su implicancia sobre la trayectoria de la inflación es menor, en vista de los nuevos mecanismos de estabilización de precios. Además, en lo más reciente los precios del crudo y derivados han vuelto a descender. El crecimiento de la actividad en julio fue bastante inferior al esperado para el mes y el verificado en meses pasados, evaluándose por ahora que este resultado tiene un importante componente transitorio y concentrado en gran medida en la minería. Controlando por el efecto calendario, el crecimiento continúa algo por encima de su tendencia, empujado por el PIB excluidos los sectores ligados a los recursos naturales. Además, el gasto Interno, en particular la inversión en capital fijo y la creación de empleos, sigue con un dinamismo sostenido. La inflación IPC no fue muy distinta a la proyectada hace un mes, pero la variación mensual del IPCX1 fue dos décimas menor. Aún así, las distintas medidas de la tendencia inflacionaria continúan aumentando gradualmente y se ubican entre 2% y 4% anual. Los costos laborales unitarios continúan comprimidos. Sin embargo, ha habido una novedad importante en las expectativas de inflación capturadas por encuestas y por la compensación inflacionaria. Con la excepción de la encuesta a analistas, que mantuvo la expectativa de inflación a 2 años, las demás medidas han aumentado entre 20 y 45 puntos base dependiendo del plazo y fuente, incluyendo los más largos. En los mercados financieros se siguen verificando condiciones monetarias expansivas. Específicamente, el crédito y los agregados monetarios continúan creciendo a tasas anuales elevadas, mientras que las tasas de interés reajustables se ubican en niveles aún más reducidos que hace un mes. Las tasas de interés de largo plazo en Estados Unidos de América también han disminuido. Con los antecedentes disponibles, señala el señor Valdés, que es difícil justificar una opción distinta a aumentar la tasa de política monetaria en 25 puntos base. Se podría argumentar que mantener la tasa de política monetaria en su nivel actual sería un seguro contra la eventual presencia de un punto de inflexión en el proceso de cierre de holguras, que a su vez podría acotar la trayectoria de precios hacia delante. Ello además se sumaría al panorama de costos laborales contenidos, que de por sí acota las presiones inflacionarias actuales, y el reducido registro de variación del IPCX1, que podría estar dando cuenta del escenario de riesgo identificado en el último Informe de Política Monetaria, referido al posible aumento más débil de la inflación subyacente en el corto plazo. Sin embargo, hay varios argumentos en contra de mantener. De partida, la información disponible es más coherente con la evaluación de que el cierre de holguras continuará progresando. La fortaleza del gasto interno y del mercado laboral y la concentración de las noticias de actividad en sectores específicos apoyan este diagnóstico. A ello se suma la clara expansividad de las condiciones monetarias que se mantendrá aun si se aumenta la tasa de política monetaria. Adicionalmente, mantener la tasa de política monetaria no parece apropiado cuando está tan distante de las distintas medidas de neutralidad, los indicadores de la tendencia inflacionaria siguen aumentando y se ubican en el rango meta, y las expectativas de inflación se ubican en o por encima de 3% según el plazo y la fuente. Por último, en conjunto, los antecedentes acumulados no modifican las proyecciones internas de inflación de corto plazo (si bien la inflación del IPCX1 se ha corregido marginalmente por antecedentes puntuales). En el extremo opuesto, se podría argumentar a favor de un aumento de 50 puntos base en la reunión de hoy en vista del incremento relevante de casi todas las medidas de inflación esperada, que se da en un momento en que la política monetaria continúa siendo claramente expansiva y la tendencia inflacionaria ya está alineada con la meta. Como se discutió el mes pasado, un ajuste de este tipo ofrece un seguro frente a nuevas sorpresas inflacionarias y sus eventuales efectos de segunda vuelta. Sin embargo, señala el señor Valdés, que al igual que en el caso de la mantención, hay buenos argumentos en contra de un aumento mayor a 25 puntos base. De partida, el aumento de expectativas de inflación en las encuestas no se aleja del mismo escenario del Informe de Política Monetaria. Más aún, no se puede descartar que corresponda a la asimilación de este último por parte del mercado. La misma reacción de las tasas de interés de mercado, además, está en línea con un aumento de 25 puntos base en esta reunión y siguientes (y no de 50 puntos base). Por otro lado, la evolución del IPCX1 y de los costos laborales dan espacio para que la normalización de la política monetaria continúe gradualmente. Así, los antecedentes apoyarían aumentar la tasa de política monetaria en 25 puntos base en esta reunión. Esta acción permite seguir normalizando las condiciones monetarias de manera que, en el escenario más probable, la inflación proyectada a 12-24 meses se ubique en torno a 3%. Desde el punto de vista táctico, también hay argumentos que favorecen la opción de 25 puntos base. De hecho, es el aumento mayoritariamente esperado por el mercado y no se ven motivos para intentar sorprender esta evaluación. En particular, un aumento de 50 puntos base luego de dos aumentos consecutivos de 25 puntos base darían cuenta de un importante endurecimiento de la política monetaria. Además de su efecto en precios financieros, incluido el tipo de cambio, es un cambio que sería difícil de explicar y arriesga que se confunda con que el Banco Central de Chile cuenta con antecedentes que el mercado no tiene. La mantención de la tasa de política monetaria sería igualmente muy difícil de explicar. Por último, cabe destacar que las novedades del mes parecen agregar más incertidumbre que la habitual a la evaluación de la marcha de la economía. Fenómenos como los efectos que pueda tener finalmente el huracán Katrina, los signos aislados de debilidad en la actividad interna en julio y el aumento de las expectativas de inflación abren escenarios nuevos para los cuales pueden requerirse mayores grados de libertad para la política monetaria. Por lo mismo, la práctica frecuente de evaluar sólo dos opciones podría implícitamente comunicar al público sesgos que, a posteriori, pueden ser perjudiciales."
METADATOS_ATRIBUCION,438,ddf1a5e42cc6d95d375bad3861c88fee58dd8e8bd07e78b33f13e8143e68fc3b,2005-10-11,537,Rodrigo Valdés Pulido,537,Rodrigo Valdés Pulido,CONTEXTO_REVISADO,,RPM-2005-10-11:T38,SIN_CONTINUIDAD_CONFIRMADA,,"El señor Gerente de División mencionado informa lo siguiente: En la reunión de política monetaria de septiembre, el Consejo decidió aumentar la tasa de interés de política en 25 puntos base hasta un nivel de 4%. En la decisión se consideró que, aunque el crecimiento de la actividad interna en julio se había atenuado con respecto a los meses previos, debido a factores probablemente pasajeros, el gasto interno continuaba robusto. Las condiciones monetarias eran claramente expansivas y, a pesar de que el precio del petróleo se mantenía elevado, el entorno internacional seguía siendo favorable. La inflación anual del IPC y las distintas medidas de la tendencia inflacionaria se ubicaban dentro del rango meta de 2% a 4%, mientras las expectativas privadas de inflación habían aumentado, especialmente a plazos de un año y menos, alineándose con las proyecciones de inflación del IPoM. Señala el señor Valdés, que los antecedentes acumulados desde la última reunión continúan siendo mixtos respecto del escenario base del IPoM. En el lado externo, los precios del petróleo y del cobre han vuelto a sorprender, ubicándose ambos por encima de lo proyectado, aunque el primero ha descendido bastante en los últimos días. El crecimiento esperado de los socios comerciales para el 2005 y el 2006 ha aumentado algunas décimas y se aprecian mayores presiones inflacionarias en economías desarrolladas, lo que ha impulsado al alza las tasas de interés de mediano y largo plazo. A pesar de ello, las condiciones financieras para países emergentes siguen favorables. Indica que en el lado interno, el crecimiento de la actividad en agosto y otros indicadores reafirman la idea de que en el tercer trimestre la expansión del producto y del gasto interno seria menor que lo proyectado. Este desempeño estaría muy ligado al sector minería y, en menor medida, al consumo. Con todo, la actividad continúa creciendo por encima de su tendencia, el crecimiento del empleo es robusto y la inversión crece a tasas elevadas, mientras continúa la expansividad de las condiciones financieras, especialmente del crédito. La inflación IPC fue bastante mayor que la prevista, aunque por la influencia de factores específicos y probablemente transitorios. Por su parte, la inflación del IPCX1 estuvo muy cerca de lo proyectado y las medidas de la tendencia inflacionaria continúan aumentando, a un ritmo algo mayor que en meses pasados. A pesar de que las mayores ganancias de productividad que se advirtieron en el primer semestre no han continuado al mismo ritmo, el crecimiento de los costos laborales unitarios continúa reducido. El tipo de cambio real de los últimos 10 días se ubica cerca de 2% por debajo del supuesto de trabajo implícito en las proyecciones del IPoM. La compensación inflacionaria a plazos mayores ha disminuido marginalmente, mientras que las encuestas de expectativas de inflación a un año plazo nuevamente aumentaron y se ubican entre 3,3% y 3,6%,y la compensación por encima de estos valores. En su opinión, con los antecedentes disponibles, es difícil justificar una opción distinta de aumentar la TPM en 25 puntos base. El comportamiento de la inflación subyacente IPCX1, el aumento gradual de las otras medidas de la tendencia inflacionaria, y el hecho de que las holguras de actividad sigan disminuyendo a una velocidad no muy diferente de la proyectada sustentan la idea de continuar con la estrategia de reducción del impulso monetario. Ello permite aproximar la política monetaria hacia una instancia más neutral, elemento necesario para que la inflación pueda mantenerse anclada a la meta de manera sostenible una vez que cesen los efectos de las brechas de actividad y otros shocks. Ahora bien, como siempre, la oportunidad de los ajustes depende crucialmente de la información que se acumule. Así, podría argumentarse que, luego de tres alzas consecutivas en la TPM, y considerando tanto el efecto esperado en la inflación del realineamiento reciente del TCR, en caso de ser persistente, como del menor ritmo de expansión de la actividad del tercer trimestre, sería posible hacer una pausa. Sin embargo, la inflación del IPC de 1%, aunque bastante explicada por factores puntuales y de oferta, amerita alguna reacción de política para justamente prevenir que estos shocks den paso a mayores expectativas de inflación, mayor crecimiento de los costos laborales y otros mecanismos de propagación. Evitar aumentar la expansividad de la política monetaria es una acción en este sentido, en particular si se considera que las expectativas de inflación a horizontes intermedios, como un año, han aumentado en torno a 25 puntos base respecto de las prevalecientes hace un mes. Además, cabe mencionar que buena parte del relativamente menor empuje del PIB se relaciona a factores de sectores de recursos naturales que pueden tener un correlato menos evidente con presiones de precios ulteriores. Por el contrario, el gasto interno sigue con una expansión robusta. También podría argumentarse que un alza más agresiva que 25 puntos base ayudaría a evitar riesgos de desanclaje de expectativas luego de la mayor inflación observada. Ello, sin embargo, tiene dos inconvenientes. Primero, tiene el riesgo de ser una sobrerreacción a un dato puntual de inflación que se explica por factores específicos — cambios de precios de perecibles y combustibles— que no deberían tener por sí mismos un efecto persistente en la tendencia inflacionaria. Incluso, el efecto derivado de los perecibles debería revertirse. A ello se suma el que hay relativamente pocas novedades entre los factores que tienen un efecto más duradero en la inflación, aparte de la velocidad de aumento de los CLU, y el posible efecto contractivo del mayor precio del petróleo sobre el consumo. Segundo, considerando que las expectativas de inflación a mayores plazos no dan muestras de un aumento, un incremento agresivo de la TPM daría cuenta de una reacción de política algo distinta del foco en el horizonte de 12 a 24 meses que se ha desarrollado progresivamente. Finalmente, considerando que un aumento de 25 puntos base es ampliamente esperado por el mercado, un alza de esa magnitud no debería afectar mayormente la estructura de precios de activos, incluyendo el tipo de cambio y sería coherente con el alza de tasas de mercado de las últimas semanas."
METADATOS_ATRIBUCION,492,911d907bfc1ef4ac5d4d090d87356cb587c3e824d9f45a5ed3b84a0640ff62b9,2005-11-10,593,Rodrigo Valdés Pulido,593,Rodrigo Valdés Pulido,CONTEXTO_REVISADO,,RPM-2005-11-10:T43,SIN_CONTINUIDAD_CONFIRMADA,,"El señor Gerente de División informa lo siguiente: 1. En la reunión de política monetaria de octubre, el Consejo decidió aumentar la tasa de interés de política en 25 puntos base hasta un nivel de 4,25%. Señala el señor Valdés, que en la decisión se consideró que, si bien el crecimiento era algo menor que lo previsto, la demanda interna mantenía un elevado dinamismo, más notorio en la inversión que en el consumo, y las condiciones monetarias en Chile continuaban siendo claramente expansivas. La inflación había sido sorpresivamente alta por la incidencia de precios específicos, pero las medidas de inflación subyacente seguían aumentando en línea con lo previsto. 2. Las principales novedades desde la última reunión son las siguientes. En el lado externo, si bien continúa un panorama favorable para la economía chilena, con mejores términos de intercambio por el aumento del precio del cobre y la disminución del precio del petróleo, y un crecimiento mundial elevado, las tasas de interés internacionales siguieron aumentando y los riesgos parecen ser mayores. 3. En el lado interno, el crecimiento interanual de la actividad en septiembre confirmó que la expansión del tercer trimestre fue menor que la proyectada en el IPoM, aunque sin un debilitamiento adicional al identificado el mes pasado. Las revisiones al alza del primer semestre sí implican una desaceleración mayor que la anticipada, aunque el crecimiento anual sigue por sobre su tendencia. La demanda interna, en cambio, se ve incluso más dinámica que lo previsto en el IPoM. El panorama para el consumo del segundo semestre ha mejorado, acercándose a lo previsto en el IPoM. Además, respecto de lo esperado en meses pasados, existiría mayor formación bruta de capital en el cuarto trimestre. 4. En el lado financiero interno, lo más notorio fue el alza de las tasas de interés de mediano y largo plazo y un empinamiento adicional de la estructura de tasas de corto plazo. Ello reduce la expansividad de las condiciones monetarias, la que en todo caso es aún considerable. El crédito continúa creciendo a tasas elevadas. 5. La inflación IPC nuevamente superó la prevista, aunque otra vez por la influencia de factores específicos y probablemente transitorios. Las medidas subyacentes estuvieron más cerca de lo proyectado. Se espera un aumento adicional de la inflación anual en el corto plazo, que debiera ser transitorio. Las expectativas de inflación, medidas a través de encuestas a analistas, a operadores de mesas y por la compensación inflacionaria, recogen este patrón y han disminuido respecto del mes pasado, alineándose en torno a 3% para horizontes de un año y más. 6. Con los antecedentes disponibles, al igual que en los últimos meses, es difícil justificar una opción distinta de aumentar la TPM en 25 puntos base. 7. También en esta oportunidad, se puede justificar un aumento de la TPM, considerando que los niveles actuales de la TPM están por debajo de cualquier medida neutral, la economía ya no requiere de un impulso intenso, y este ajuste conviene realizarlo de manera gradual. Indica, que el aumento de la inflación subyacente hacia el centro del rango meta, el incremento de las otras medidas de tendencia inflacionaria, y el hecho de que las holguras de actividad sigan disminuyendo, sustentan esta idea. 8. Agrega, que a pesar de lo anterior, podría argumentarse que, luego de cuatro alzas consecutivas en la TPM, este mes puede ser momento de una pausa considerando (i) la reducción del impulso monetario que envuelve el aumento de tasas de interés de mercado y (ii) el hecho de que la inflación subyacente esté marginalmente por debajo de lo proyectado en el IPoM y la actividad siga un patrón algo menos dinámico que el proyectado. En efecto, las proyecciones del último IPoM, al igual que las expectativas de mercado vigentes en ese momento, consideraban una trayectoria de la TPM menos rápida que cinco alzas mensuales consecutivas, al mismo tiempo que las noticias acumuladas sobre inflación subyacente y actividad no parecen apoyar un empinamiento de esta trayectoria. Indica el señor Gerente, que desde septiembre, sin embargo, la inflación del IPC ha estado bastante por encima de las proyecciones, hecho que ha requerido modificar esta trayectoria de tasas de manera de asegurar la mantención de expectativas bien ancladas. El que las tasas de mercado hayan aumentado, justamente refleja este hecho y no validarlas podría arriesgar su adecuado comportamiento. Además, dado que la TPM está por debajo de cualquier estimación neutral, un aumento de la tasa hoy, en un cuadro en que las brechas se copan progresivamente y la inflación subyacente aumenta gradualmente, reduce la probabilidad de tener que realizar ajustes más fuertes en el futuro. 9. También se podría argumentar a favor de un alza de 50 puntos base a partir de (i) el nivel que ha alcanzado la inflación anual —en particular, el hecho de que se ubique por encima del rango meta— ; (ii) el dinamismo que muestra el gasto interno; y (iii) los riesgos que, en este cuadro de mayor ritmo de aumento de precios, se desanclen las expectativas de inflación y se den efectos mayores de segunda vuelta. Un argumento diferente para eventualmente acelerar el ritmo de aumento de tasas, o descartar la mantención, se refiere a un eventual agotamiento de las brechas de capacidad más rápido que lo previsto. El hecho de que el gasto interno siga pujante, pero que el crecimiento de la actividad no lo acompañe, podría ser un síntoma de ello. También lo es el aumento en la tasa de crecimiento de los salarios nominales, la evidencia casuística de menor disponibilidad de mano de obra específica en algunos sectores, la disminución de las tasas de desempleo desestacionalizadas y el vigor con que se expande la inversión. 10. Estas consideraciones, sin embargo, no parecen suficientes. En primer lugar, el aumento inesperado de la inflación obedece a factores puntuales y probablemente transitorios. De hecho, algunos shocks, como el de los precios de los combustibles, se han estado revirtiendo. Además, no es evidente que se requiera una acción de política más agresiva por el solo hecho de que la inflación traspase los bordes del rango meta. El gasto, por su parte, no se aleja sustancialmente del escenario base del IPoM, mientras que en el último mes las expectativas de inflación se han acercado al centro del rango meta, lo que en principio aleja los riesgos de desanclaje mencionados. En segundo lugar, un escenario de brechas notoriamente más contraídas debería materializarse en un aumento de la inflación subyacente, situación sobre la cual hasta ahora no hay evidencia. 11. Finalmente, señala el señor Valdés, que se puede justificar un aumento de 25 puntos base, considerando que es un movimiento coherente con continuar normalizando la política monetaria, y que la normalización es necesaria para mantener la trayectoria de la inflación en torno a 3% en el mediano plazo. Señala que un movimiento de esta magnitud y en esta oportunidad, parece adecuado, considerando que el buen comportamiento de las expectativas de inflación no es independiente de las expectativas que forman los agentes respecto de la reacción de la política monetaria. Estas expectativas justamente consideran aumentos sucesivos de la TPM de 25 puntos base. Además, considerando que un aumento de 25 puntos base es ampliamente esperado por el mercado según se aprecia casi unánimemente en las encuestas, un alza de esa magnitud no debería afectar mayormente la estructura de precios de activos, incluyendo el tipo de cambio."
METADATOS_ATRIBUCION,557,2929bc31ec92d588298f14da36ba897530c6f447334efdfefaef77596c8d21fe,2006-01-12,701,Rodrigo Valdés Pulido,701,Rodrigo Valdés Pulido,CONTEXTO_REVISADO,,RPM-2006-01-12:T30,SIN_CONTINUIDAD_CONFIRMADA,,"El señor Gerente de División mencionado informa lo siguiente: 1. En la reunión de política monetaria de diciembre, el Consejo decidió mantener la tasa de interés en 4,5% anual. En esa decisión se consideró que, si bien el entorno externo relevante para la economía chilena seguía siendo muy favorable, la expansión reciente de la actividad era menor que en meses pasados, mientras la inflación anual del IPC y su proyección de corto plazo descendían, influidas por la rápida normalización del precio de los combustibles y la significativa apreciación del peso. Se justificó esta pausa en la trayectoria de normalización de la política monetaria por las noticias de actividad, tipo de cambio y precios, y sus implicancias sobre la trayectoria esperada de la inflación. 2. Hace presente el señor Valdés, que las principales novedades desde la última reunión son las siguientes: El panorama externo se mantiene muy favorable, especialmente por la persistencia del elevado precio del cobre, el afianzamiento de proyecciones de crecimiento robusto de la actividad mundial y convenientes condiciones financieras para países emergentes. No obstante, en los últimos días el precio del petróleo ha vuelto a aumentar. 3. En el país, señala que luego de algunos meses en que la actividad tuvo una desaceleración, los datos más recientes apuntan que este fenómeno habría tenido un importante componente transitorio. En efecto, liderado por un repunte de la industria, la estimación de crecimiento del cuarto trimestre de 2005 aumentó medio punto, con lo que el crecimiento del año habría sido 6,3%. 4. La tasa anual de generación de empleos volvió a disminuir, e incluso el empleo desestacionalizado cayó en los últimos meses, aunque explicado por el comportamiento del componente por cuenta propia. El empleo asalariado, por el contrario, sigue creciendo con fuerza. La tasa de desempleo desestacionalizada tuvo un leve aumento luego de la sostenida caída que exhibió desde octubre de 2004. La tasa de crecimiento de los costos laborales unitarios sigue aumentando, reflejando tanto el efecto de la mayor inflación de los últimos meses como el de una menor expansión de la productividad. 5. Las condiciones financieras en Chile se mantienen considerablemente expansivas. De hecho, la ya alta tasa de crecimiento del crédito continúa aumentando, en particular los préstamos a empresas, mientras el crecimiento de los agregados monetarios ha vuelto a repuntar, en especial el del M1A. Luego de la significativa apreciación de noviembre, el peso ha mostrado una leve depreciación respecto de! dólar (equivalente a 1,5% en los tres días previos a cada reunión). Aun así, en términos reales continúa por debajo de varias proyecciones de largo plazo coherentes con términos de intercambio normales. 6. La inflación del IPC y la de las medidas subyacentes IPCX e IPCX1 fueron similares a lo proyectado hace un mes. La tendencia inflacionaria y las expectativas de inflación a plazos más largos están en línea con el centro del rango meta. 7. Las proyecciones preparadas para el Informe de Política Monetaria de enero consideran que, luego de un repunte adicional, el crecimiento de la actividad gradualmente converge al del PIB de tendencia. A su vez, la inflación subyacente mostraría un aumento transitorio y acotado durante los próximos dos años, mientras la inflación del IPC disminuiría hacia el centro del rango meta, ayudada por la baja esperada del precio de los combustibles, con algunos vaivenes que reflejan el efecto de bases de comparación. Señala el señor Gerente de División Estudios, que todo esto ocurre bajo el supuesto de normalización gradual de la política monetaria y de las condiciones externas, así como de una moderada depreciación del peso en términos reales. En concreto, indica que se proyecta un crecimiento del PIB de 5,8% para el 2006 y una inflación promedio de 3,2% el 2006 y 2,8% el 2007. 8. Con los antecedentes disponibles, y al igual que el mes pasado, las opciones que le parecen más plausibles son mantener la Tasa de Política Monetaria en su nivel actual o aumentarla en 25 puntos base. 9. Señala, que ambas opciones son coherentes con el escenario central de proyecciones que incluye, como supuesto de trabajo, entre cuatro y cinco alzas de la Tasa de Política Monetaria durante los próximos doce meses. Indica, que tanto una pausa como un incremento en esta oportunidad permiten implementar esta trayectoria. Por lo mismo, no le parece que exista un argumento categórico a favor de una u otra opción. 10. Por un lado, al igual que el mes pasado, se puede argumentar a favor de aumentar la Tasa de Política Monetaria considerando (i) que todavía está por debajo de niveles de tasas que se evalúan como neutrales; (¡i) que la economía ya no requiere de un impulso importante y (iii) la conveniencia de realizar este ajuste de manera gradual. La evaluación actual de que las brechas de capacidad están en proceso de coparse, la tendencia inflacionaria se encuentra en torno a 3% y el crecimiento de los costos laborales unitarios continúa marchando hacia los niveles coherentes con la meta, constituyen, en su opinión, argumentos que apoyan la idea de que la economía no requiere de un estímulo especial. 11. En esta oportunidad, además, el argumento de llevar la política monetaria hacia la neutralidad ha cobrado algo más de importancia debido al robusto comportamiento reciente de los agregados monetarios y del crédito. Ello da cuenta del riesgo de que la política monetaria esté siendo más expansiva de lo supuesto en el escenario central. Señala que a esto se agrega el riesgo de que una segunda pausa se entienda como un cambio significativo en la trayectoria de tasas, aplanando la curva de rendimiento, o que sea difícil de entender, ya que solo algunos días después se darán noticias de que la economía habría superado los cálculos de los analistas para el 2005. 12. Otro riesgo que podría justificar un aumento de la Tasa de Política Monetaria es el nivel que ha alcanzado el precio del petróleo en los días recientes y, especialmente, la posibilidad de que no se materialice la disminución de precios supuesta en el escenario central de proyecciones. 13. Por último, señala que cabe mencionar que el cambio de ritmo de ajustes desde cinco alzas consecutivas, seguidas de dos pausas es difícil de explicar, e incluso podría entenderse como una sobrerreacción del Banco Central de Chile a noticias transitorias, cuando el escenario macroeconómico parece no tener mayores modificaciones. Cree el señor Valdés, que se debe recordar, sin embargo, que en el ínterin sí se enfrentó un shock de precios específicos, que tuvo algún impacto en las expectativas de inflación y que hizo recomendable una disminución más rápida del impulso monetario. Le parece que los ajustes pasados son precisamente los que posibilitan hoy ajustes más graduales. 14. Por otro lado, estima que a favor de la mantención se puede argumentar que el propio ritmo de ajustes previsto en el escenario central de proyecciones y por el propio mercado para los siguientes meses, supone algunas pausas consecutivas. Una en esta reunión, por lo tanto, no implica ajustes futuros más rápidos ni eleva la inflación proyectada por sobre el centro del rango meta. 15. Cree que mantener la tasa también permite esperar que se tenga más información, de manera de corroborar que la desaceleración del tercer trimestre y el mes de octubre fue efectivamente transitoria. Señala el señor Gerente de División Estudios, que hasta ahora se tiene sólo un mes de datos coherentes con este diagnóstico y podría valorarse tener más información al respecto. La solidez del gasto interno, por su parte, se ha orientado básicamente a mayores importaciones de bienes durables y maquinaria y equipos, por lo que no ha tensionado la capacidad productiva. 16. Finalmente, estima que si bien el tipo de cambio ha mostrado una depreciación marginal en los últimos días, se mantiene por debajo de los valores supuestos para las proyecciones. Ello abre la posibilidad de que la fortaleza del peso sea más persistente y el riesgo de que las presiones inflacionarias sean algo menores que las consideradas en el escenario central. Además, en la medida en que se evalúe que el nivel que ha alcanzado el tipo de cambio puede reflejar algún grado de sobrerreacción, y ésta tiene consecuencias negativas para la economía, existiría a su juicio, otra justificación para mantener la Tasa de Política Monetaria en esta oportunidad. 17. Hace presente el señor Valdés, que para esta reunión las expectativas del mercado están inusualmente divididas, aunque se inclinan algo más a un alza que a una mantención. Ello implica que cualquiera sea la decisión, ésta a su parecer debería tener algún efecto en los precios financieros, situación que se podría moderar a través de la redacción del comunicado."
METADATOS_ATRIBUCION,587,b8d468c7a57de79ef3307ce0cb7da39ffad243f8462fde54d9cd830bd9eed57a,2006-02-09,742;743;744;745;746;747;748;749;750;751;752;753,Vittorio Corbo Lioi;Pablo García Silva;Nicolás Eyzaguirre Guzmán;Pablo García Silva;Manuel Marfán Lewis;Vittorio Corbo Lioi;Nicolás Eyzaguirre Guzmán;Vittorio Corbo Lioi;Consejo del Banco Central de Chile;Vittorio Corbo Lioi;Rodrigo Valdés Pulido;Vittorio Corbo Lioi,742,Vittorio Corbo Lioi,SUJETO_ROL_NOMBRE,,RPM-2006-02-09:T24,INICIO_EXPLICITO,,"El Presidente, señor Vittorio Corbo, señala que una hipótesis es que se ha producido un ajuste de stock, que ha disminuido la velocidad de ese consumo, lo que también fue considerado en el IPoM."
METADATOS_ATRIBUCION,587,b8d468c7a57de79ef3307ce0cb7da39ffad243f8462fde54d9cd830bd9eed57a,2006-02-09,742;743;744;745;746;747;748;749;750;751;752;753,Vittorio Corbo Lioi;Pablo García Silva;Nicolás Eyzaguirre Guzmán;Pablo García Silva;Manuel Marfán Lewis;Vittorio Corbo Lioi;Nicolás Eyzaguirre Guzmán;Vittorio Corbo Lioi;Consejo del Banco Central de Chile;Vittorio Corbo Lioi;Rodrigo Valdés Pulido;Vittorio Corbo Lioi,743,Pablo García Silva,SUJETO_NOMBRE,,RPM-2006-02-09:T25,INICIO_EXPLICITO,,"En términos de empleo y el nivel de éste, señala el señor García que continuó cayendo en la última medición, pero ello responde a la dinámica bastante anómala del empleo por cuenta propia; el empleo asalariado, sigue creciendo con bastante fuerza."
METADATOS_ATRIBUCION,587,b8d468c7a57de79ef3307ce0cb7da39ffad243f8462fde54d9cd830bd9eed57a,2006-02-09,742;743;744;745;746;747;748;749;750;751;752;753,Vittorio Corbo Lioi;Pablo García Silva;Nicolás Eyzaguirre Guzmán;Pablo García Silva;Manuel Marfán Lewis;Vittorio Corbo Lioi;Nicolás Eyzaguirre Guzmán;Vittorio Corbo Lioi;Consejo del Banco Central de Chile;Vittorio Corbo Lioi;Rodrigo Valdés Pulido;Vittorio Corbo Lioi,744,Nicolás Eyzaguirre Guzmán,SUJETO_ROL_SESION,,RPM-2006-02-09:T26,INICIO_EXPLICITO,,Consulta el señor Ministro si el empleo asalariado se sigue acelerando o está en una velocidad alta pero constante.
METADATOS_ATRIBUCION,587,b8d468c7a57de79ef3307ce0cb7da39ffad243f8462fde54d9cd830bd9eed57a,2006-02-09,742;743;744;745;746;747;748;749;750;751;752;753,Vittorio Corbo Lioi;Pablo García Silva;Nicolás Eyzaguirre Guzmán;Pablo García Silva;Manuel Marfán Lewis;Vittorio Corbo Lioi;Nicolás Eyzaguirre Guzmán;Vittorio Corbo Lioi;Consejo del Banco Central de Chile;Vittorio Corbo Lioi;Rodrigo Valdés Pulido;Vittorio Corbo Lioi,745,Pablo García Silva,SUJETO_NOMBRE,,RPM-2006-02-09:T27,INICIO_EXPLICITO,,"A lo anterior, el señor García señala que el empleo asalariado ha tenido un leve aplanamiento en las últimas cifras con que se cuenta."
METADATOS_ATRIBUCION,587,b8d468c7a57de79ef3307ce0cb7da39ffad243f8462fde54d9cd830bd9eed57a,2006-02-09,742;743;744;745;746;747;748;749;750;751;752;753,Vittorio Corbo Lioi;Pablo García Silva;Nicolás Eyzaguirre Guzmán;Pablo García Silva;Manuel Marfán Lewis;Vittorio Corbo Lioi;Nicolás Eyzaguirre Guzmán;Vittorio Corbo Lioi;Consejo del Banco Central de Chile;Vittorio Corbo Lioi;Rodrigo Valdés Pulido;Vittorio Corbo Lioi,746,Manuel Marfán Lewis,SUJETO_ROL_NOMBRE,,RPM-2006-02-09:T28,INICIO_EXPLICITO,,"El Consejero señor Marfán señala que quiere aprovechar esta oportunidad para felicitar al Ministro señor Nicolás Eyzaguirre por su gestión en el Ministerio de Hacienda, ya que ha efectuado un gran servicio al país, que ha sido reconocido por todos, por lo que quiere en esta ocasión dejar constancia explícita de ello."
METADATOS_ATRIBUCION,587,b8d468c7a57de79ef3307ce0cb7da39ffad243f8462fde54d9cd830bd9eed57a,2006-02-09,742;743;744;745;746;747;748;749;750;751;752;753,Vittorio Corbo Lioi;Pablo García Silva;Nicolás Eyzaguirre Guzmán;Pablo García Silva;Manuel Marfán Lewis;Vittorio Corbo Lioi;Nicolás Eyzaguirre Guzmán;Vittorio Corbo Lioi;Consejo del Banco Central de Chile;Vittorio Corbo Lioi;Rodrigo Valdés Pulido;Vittorio Corbo Lioi,747,Vittorio Corbo Lioi,SUJETO_ROL_NOMBRE,,RPM-2006-02-09:T29,INICIO_EXPLICITO,,"El Presidente señor Vittorio Corbo, indica que este reconocimiento lo ha efectuado como Presidente del Banco Central en muchas ocasiones, tanto en Chile como en el extranjero. Agrega, que se ha tenido una política ordenada, que aunque viene de largo tiempo, la introducción de la regla fiscal ha permitido tener indicadores objetivos, y en esa materia reconoce la labor desarrollada por el señor Ministro de Hacienda, y que todo el Consejo así lo estima."
METADATOS_ATRIBUCION,587,b8d468c7a57de79ef3307ce0cb7da39ffad243f8462fde54d9cd830bd9eed57a,2006-02-09,742;743;744;745;746;747;748;749;750;751;752;753,Vittorio Corbo Lioi;Pablo García Silva;Nicolás Eyzaguirre Guzmán;Pablo García Silva;Manuel Marfán Lewis;Vittorio Corbo Lioi;Nicolás Eyzaguirre Guzmán;Vittorio Corbo Lioi;Consejo del Banco Central de Chile;Vittorio Corbo Lioi;Rodrigo Valdés Pulido;Vittorio Corbo Lioi,748,Nicolás Eyzaguirre Guzmán,SUJETO_ROL_NOMBRE,,RPM-2006-02-09:T30,INICIO_EXPLICITO,,"El Ministro señor Eyzaguirre, señala que ha existido una buena coordinación con el Banco Central, especialmente porque se ha compartido el modelo, la misma forma de ver el marco macroeconómico, aunque siempre van a existir matices, pero es bueno que así sea para enriquecer la discusión. Sin embargo, cuando se comparte la misma forma de mirar la economía, el trabajo se hace grato y productivo. Agrega que hacia delante tiene una pequeña preocupación en el diseño de la regla fiscal y las presiones que puedan producirse por el superávit existente. Piensa que una gran contribución sería usar esos excedentes para capitalizar al Banco Central de Chile, que constituiría desde el punto de vista de la economía política, una protección de esos superávit."
METADATOS_ATRIBUCION,587,b8d468c7a57de79ef3307ce0cb7da39ffad243f8462fde54d9cd830bd9eed57a,2006-02-09,742;743;744;745;746;747;748;749;750;751;752;753,Vittorio Corbo Lioi;Pablo García Silva;Nicolás Eyzaguirre Guzmán;Pablo García Silva;Manuel Marfán Lewis;Vittorio Corbo Lioi;Nicolás Eyzaguirre Guzmán;Vittorio Corbo Lioi;Consejo del Banco Central de Chile;Vittorio Corbo Lioi;Rodrigo Valdés Pulido;Vittorio Corbo Lioi,749,Vittorio Corbo Lioi,SUJETO_ROL_NOMBRE,,RPM-2006-02-09:T31,INICIO_EXPLICITO,,"El Presidente, señor Vittorio Corbo, suspende la Sesión a las 13:30 horas e informa que la misma se reanudará a las 16:00 horas."
METADATOS_ATRIBUCION,587,b8d468c7a57de79ef3307ce0cb7da39ffad243f8462fde54d9cd830bd9eed57a,2006-02-09,742;743;744;745;746;747;748;749;750;751;752;753,Vittorio Corbo Lioi;Pablo García Silva;Nicolás Eyzaguirre Guzmán;Pablo García Silva;Manuel Marfán Lewis;Vittorio Corbo Lioi;Nicolás Eyzaguirre Guzmán;Vittorio Corbo Lioi;Consejo del Banco Central de Chile;Vittorio Corbo Lioi;Rodrigo Valdés Pulido;Vittorio Corbo Lioi,750,Consejo del Banco Central de Chile,ACTA/META,META_SESION,RPM-2006-02-09:T32,INSTITUCIONAL,,"Siendo las 16:00 horas, se reanuda la Sesión de Política Monetaria N° 89."
METADATOS_ATRIBUCION,587,b8d468c7a57de79ef3307ce0cb7da39ffad243f8462fde54d9cd830bd9eed57a,2006-02-09,742;743;744;745;746;747;748;749;750;751;752;753,Vittorio Corbo Lioi;Pablo García Silva;Nicolás Eyzaguirre Guzmán;Pablo García Silva;Manuel Marfán Lewis;Vittorio Corbo Lioi;Nicolás Eyzaguirre Guzmán;Vittorio Corbo Lioi;Consejo del Banco Central de Chile;Vittorio Corbo Lioi;Rodrigo Valdés Pulido;Vittorio Corbo Lioi,751,Vittorio Corbo Lioi,SUJETO_ROL_SESION,,RPM-2006-02-09:T33,INICIO_EXPLICITO,,"El señor Presidente deja constancia que no se encuentran presentes en la Sala, el Ministro de Hacienda, señor Nicolás Eyzaguirre G., y su Asesora Macroeconómica, señora Bernardita Piedrabuena, quienes han excusado su asistencia, en razón de las funciones que les corresponde en sus respectivos cargos . A continuación, el Presidente, don Vittorio Corbo, solicita al Gerente de División Estudios, don Rodrigo Valdés, que presente las Opciones de Política Monetaria."
METADATOS_ATRIBUCION,587,b8d468c7a57de79ef3307ce0cb7da39ffad243f8462fde54d9cd830bd9eed57a,2006-02-09,742;743;744;745;746;747;748;749;750;751;752;753,Vittorio Corbo Lioi;Pablo García Silva;Nicolás Eyzaguirre Guzmán;Pablo García Silva;Manuel Marfán Lewis;Vittorio Corbo Lioi;Nicolás Eyzaguirre Guzmán;Vittorio Corbo Lioi;Consejo del Banco Central de Chile;Vittorio Corbo Lioi;Rodrigo Valdés Pulido;Vittorio Corbo Lioi,752,Rodrigo Valdés Pulido,CONTEXTO_REVISADO,,RPM-2006-02-09:T34,SIN_CONTINUIDAD_CONFIRMADA,TEXTO_DANADO_POR_COTEJAR,"El señor Gerente de División mencionado informa lo siguiente: En la reunión de política monetaria de enero, el Consejo decidió, por segundo mes consecutivo, mantener la tasa de interés en 4,5% anual. En esa decisión se consideró que, en el escenario más probable, se requerían incrementos adicionales de la tasa de interés en los meses venideros para alcanzar una inflación en torno a 3% anual en el horizonte habitual de política. Señala el señor Gerente de División, que estos incrementos, sin embargo, podían esperar. Señala que la inflación anual se ubicaba dentro del rango meta y las medidas de inflación subyacente IPCX e IPCX1 se mantenían por debajo de 3% anual. Agrega que otros indicadores de la tendencia inflacionaria y las distintas medidas de expectativas de inflación continuaban bien ancladas. La actividad, por su parte, retomaba un ritmo de crecimiento por encima de su tendencia, mientras el entorno externo pertinente para la economía chilena seguía siendo favorable y las condiciones financieras internas continuaban expansivas. Menciona el señor Valdés que, desde la última reunión, el panorama macroeconómico ha sufrido modificaciones bastante acotadas, siendo las principales novedades las siguientes: El panorama externo se mantiene muy favorable. El precio del cobre ha seguido mostrando aumentos inesperados, las perspectivas de crecimiento de la actividad mundial continúan elevadas y las condiciones financieras para países emergentes se mantienen convenientes. Por otra parte, indica que el precio del petróleo aumentó en las últimas semanas situación que se ha revertido en los últimos días, al igual que con otras materias primas, al tiempo que se han intensificado algunos riesgos en ese mercado. En el país los datos más recientes confirman que la desaceleración del tercer trimestre habría tenido un importante componente transitorio. De hecho, la industria ha continuado su repunte, aunque en el comercio se ha visto menor dinamismo. Indica que se mantienen las estimaciones de crecimiento del PIB para el 2005, analizadas en el IPoM. La demanda interna presenta una moderación relevante de su tasa de crecimiento, aproximadamente, en línea con lo esperado, concentrándose los cambios más importantes en la inversión en maquinaria y en la compra de durables, automóviles, en particular. Menciona también el señor Gerente, que siguiendo el patrón de los últimos meses, la tasa anual de generación de empleos disminuyó y el número absoluto de empleos, desestacionalizado, también declinó. Detrás de este resultado, indica, siguen dinámicas contrapuestas entre el componente cuenta propia, que se contrae, y el asalariado, que se expande con vigor. Señala que la tasa de desempleo desestacionalizada tuvo un nuevo aumento leve (hasta 7,9%). Asimismo, como se esperaba, la tasa de crecimiento de los costos laborales unitarios sigue incrementándose gradualmente. La expansividad de las condiciones financieras ha persistido, e incluso ha aumentado levemente por la disminución de las tasas de interés reajustables, situación que se ha moderado en lo más reciente. La tasa de crecimiento del crédito y de los agregados, se mantiene elevada. Señala el señor Valdés, que luego de la significativa apreciación del Agrega que, la inflación del IPC y la de las medidas subyacentes IPCX e IPCX1 estuvieron por encima de lo proyectado. Si bien los datos efectivos de inflación, así como nuevos supuestos para el precio del petróleo y tipo de cambio, elevan las proyecciones de inflación de corto plazo en varias décimas, no parecen existir antecedentes suficientes para modificar el escenario central de mediano plazo. Las expectativas de inflación a distintos plazos, se ubican en torno al centro del rango meta. Con los antecedentes disponibles, es difícil justificar como una opción plausible para esta reunión una distinta de aumentar la tasa de política monetaria en 25 puntos base. El hecho de que el cuadro macroeconómico esté progresando según lo previsto, apoya la necesidad de aumentar la tasa de política monetaria en la reunión de hoy. En lo fundamental, las proyecciones de mediano plazo requieren continuar normalizando gradualmente la política monetaria. La tendencia inflacionaria y las expectativas se ubican en la actualidad en torno a 3%; la tasa de política monetaria se encuentra por debajo de niveles que se evalúan como neutrales las holguras que subsisten no son significativas y la economía continúa su dinámica de expansión por encima de su tendencia, y parece dejar atrás la desaceleración del tercer trimestre de 2005. En suma, señala el señor Valdés que la economía no parece requerir de la tracción que actualmente proveen las condiciones financieras, situación que podría intensificarse de postergarse esta alza luego de dos pausas seguidas, lo cual arriesgaría la necesidad de tener ajustes más agresivos en el futuro. Por otra parte, hace presente, que dos argumentos que se podrían plantear para mantener la tasa de política monetaria en la reunión de hoy son la moderación de la tasa de crecimiento que muestran algunos componentes de la demanda interna, y el menor dinamismo en la creación de empleo agregado. Si bien lo primero es una situación esperada en el escenario central, no se puede descartar que estas moderaciones sean más acentuadas que lo anticipado. Sin embargo, el menor crecimiento del gasto interno es saludable si se considera que la ampliación de la diferencia entre ingreso y gasto del sector privado podría suscitar una incipiente preocupación. La menor creación de empleo, por su parte, sigue asociada al componente de empleo por cuenta propia, mientras las distintas fuentes de información muestran que el empleo asalariado continúa creciendo con fuerza, al igual que el indicador de vacantes. Comenta el señor Valdés, que en el lado opuesto, también podría argumentarse a favor de aumentar la tasa de política monetaria en más de 25 puntos base, los riesgos que involucra para el escenario central de precios la mayor inflación efectiva, el aumento de algunas medidas de la tendencia inflacionaria, en particular del IPCF12-24, y el comportamiento del precio del petróleo. A ello se agrega, la inesperada persistencia de los elevados precios del cobre, que podrían implicar un mayor ajuste hacia arriba del precio de largo plazo de este metal, y la consiguiente expansión del gasto de gobierno el año 2007, con un efecto cambiarlo que mitigaría en algo los efectos inflacionarios del mayor gasto. Sin embargo, cree que cabe considerar que un aumento de la tasa de política monetaria de más de 25 puntos base sería contradictorio con la estrategia de ajustes graduales, resultaría especialmente difícil de explicar, y podría dar pie a múltiples interpretaciones. Por lo tanto, de evaluarse como relevantes los riesgos mencionados, lo que en sí es discutible porque puede argumentarse que es prematuro tomar acciones de política ante estos focos de riesgo dado que se desconoce su real magnitud y efectos, lo que cabría sería realizar ajustes de la tasa de política monetaria más seguidos, y no un aumento mayor en esta reunión. Concluye el señor Gerente de División Estudios, que aunque hay bastante variabilidad entre las distintas encuestas, ellas en general señalan que una mayoría importante de los participantes de mercado y analistas, esperan un alza de 25 puntos base en esta reunión. Un alza de esta magnitud, por lo tanto, no debería tener grandes efectos sobre los precios financieros y es relativamente fácil de explicar."
METADATOS_ATRIBUCION,587,b8d468c7a57de79ef3307ce0cb7da39ffad243f8462fde54d9cd830bd9eed57a,2006-02-09,742;743;744;745;746;747;748;749;750;751;752;753,Vittorio Corbo Lioi;Pablo García Silva;Nicolás Eyzaguirre Guzmán;Pablo García Silva;Manuel Marfán Lewis;Vittorio Corbo Lioi;Nicolás Eyzaguirre Guzmán;Vittorio Corbo Lioi;Consejo del Banco Central de Chile;Vittorio Corbo Lioi;Rodrigo Valdés Pulido;Vittorio Corbo Lioi,753,Vittorio Corbo Lioi,SUJETO_ROL_NOMBRE,,RPM-2006-02-09:T35,INICIO_EXPLICITO,,"El Presidente señor Vittorio Corbo, ofrece la palabra a los asistentes para comentarios."
METADATOS_ATRIBUCION,615,4f372c1c6f371baec6e2e29993f339a7509232a67cb724f97f4627363077daf8,2006-03-16,789,Rodrigo Valdés Pulido,789,Rodrigo Valdés Pulido,CONTEXTO_REVISADO,,RPM-2006-03-16:T24,SIN_CONTINUIDAD_CONFIRMADA,,"El señor Gerente de División mencionado informó lo siguiente:
1.
En la reunión de política monetaria de febrero, el Consejo decidió, luego de dos pausas
consecutivas, aumentar la tasa de interés en 25pb hasta 4,75% anual. En esa decisión
se consideró que el entorno externo relevante para la economía chilena era muy
favorable, las condiciones financieras internas seguían expansivas y la actividad
continuaba creciendo a un ritmo por encima de su tendencia. Aunque se esperaba que la
inflación anual continuara sobre 4% en el corto plazo, se mantenía la perspectiva de una
convergencia hacia 3% en el curso de este año, coherente con el escenario central del
último Informe de Política Monetaria.
2.
Desde la última reunión, el panorama macroeconómico se mantiene bastante en línea
con el delineado en el IPoM, aunque la revisión de cifras oficiales dificulta algo una
evaluación precisa. Las novedades más importantes son las siguientes:
3.
El panorama externo se ha vuelto incluso más favorable que el proyectado en el
escenario central del Informe. El precio del cobre se mantiene elevado, han aumentado
algo las perspectivas del ya alto crecimiento de la actividad mundial y las condiciones
financieras para economías emergentes siguen siendo convenientes.
4.
En el país, el crecimiento del PIB en 2005.IV alcanzó 5,8%, marginalmente más que el
esperado con anterioridad, mientras las proyecciones para 2006.1 se han elevado en tres
décimas respecto del IPoM, sin cambios en su velocidad de expansión.
La demanda
interna habría crecido 2005.IV 10,1%, en torno a un punto por encima y a una velocidad
de expansión significativamente mayor que las proyecciones previas, lo
que en buena
parte se explica por un mayor consumo. En 2006.1, la demanda interna estaría creciendo
casi 8%, más de dos puntos por encima y a una velocidad mayor de las estimaciones
previas. En todo caso, se mantiene el panorama de una moderación del ritmo de
crecimiento de la demanda interna.
Incluso
la desaceleración de la FBCF estaría
progresando algo más rápido que lo proyectado.
5.
En el mercado laboral, la tasa anual de generación de empleos aumentó luego de varios
meses de disminución, al igual que el número absoluto de empleos (desestacionalizado).
El empleo asalariado sigue expandiéndose con vigor, mientras que la volatilidad del
empleo por cuenta propia ha dominado la dinámica del empleo total.
La tasa de
desempleo desestacionalizada tuvo un nuevo aumento leve (hasta 8% desde el mínimo
de 7,7% en octubre pasado). La tasa de crecimiento de los costos laborales unitarios
sigue incrementándose, influida por el rápido crecimiento del empleo asalariado y salarios
nominales que presentan una leve reducción en su tasa de crecimiento.
6.
La expansividad de las condiciones financieras persiste, aunque en el último mes las
tasas efectivas de colocación tuvieron un aumento significativo. La tasa de crecimiento
del crédito y de los agregados monetarios se mantiene elevada. En términos reales, el
peso se ha mantenido como hace un mes.
7.
La inflación del IPC se ubicó en febrero bastante por debajo de lo esperado el mes
anterior, fundamentalmente por la incidencia de bajas en combustibles y perecibles. La
inflación IPCX1 estuvo muy cerca de lo proyectado, bastante en línea con el escenario
del IPoM. Con esto, la proyección de inflación de corto plazo sigue algo por encima de la
proyectada en el Informe, básicamente como consecuencia del escenario de mayores
precios de combustibles. Las expectativas de inflación a distintos plazos se ubican en
torno al centro del rango meta. 8.
Con los antecedentes disponibles, las opciones que parecen plausibles para esta reunión
son mantener o aumentar la TPM en 25pb.
9.
Considerando que las novedades no parecen cambiar en lo fundamental el panorama
macroeconómico discutido en los últimos dos meses, la estrategia de normalización
pausada de la TPM sigue siendo la más adecuada. En efecto, la tendencia inflacionaria y
las expectativas se ubican hoy en torno a 3%, las holguras que subsisten no son
significativas y la economía continúa su dinámica de expansión por encima de su
tendencia. Dado que la TPM se encuentra por debajo de niveles que se evalúan como
neutrales, para mantener este cuadro de inflación y expectativas bien ancladas es
necesario continuar retirando el estímulo monetario que persiste, trayectoria que también
esperan los mercados.
En esta reunión particular, considerando las novedades
acumuladas y los cambios en la TPM decididos en meses pasados, tanto una pausa
como un aumento parecen coherentes con esta estrategia.
10.
Desde el punto de vista del escenario central, los argumentos a favor de aumentar la
TPM incluyen la solidez del entorno externo (incluyendo la perspectiva de mayores tasas
de interés), la ratificación de que la desaceleración de 2005.111 fue en efecto transitoria, la
mayor fuerza que estaría teniendo el consumo privado y el crecimiento que están
mostrando los costos laborales unitarios.
Por el contrario, argumentos para mantener
son la desaceleración que presenta la inversión, el que las medidas y expectativas de
inflación se encuentren bien alineadas con la meta, el comportamiento de los salarios y el
aumento de las tasas de colocación.
Ninguno de estos argumentos parece tener
suficiente peso para determinar qué opción es más indicada.
11.
Desde el punto de vista del análisis de riesgos, hay varios que podrían favorecer la
opción de aumentar la TPM hoy. Adelantar (“front load”) ajustes que se espera realizar
en el futuro permite mitigar el riesgo de tener que realizar ajustes más abruptos después.
En particular, a los riesgos de que no se materialice la disminución esperada en el precio
del petróleo y del cobre, se suman en esta oportunidad las renovadas preocupaciones
por la inflación global e, internamente, la dinámica del consumo privado, que en la
medida que continúe, generaría una mayor presión inflacionaria futura. Cabe notar que
algunas medidas de la tendencia inflacionaria futura han continuado aumentando (en
particular el IPCF12-24).
Como se ha discutido en otras reuniones, la inesperada
persistencia de los elevados precios del cobre podría implicar un mayor ajuste hacia
arriba del precio de largo plazo de este metal y la consiguiente expansión del gasto de
gobierno el 2007 (con un efecto cambiarlo que mitigaría en algo los efectos inflacionarios
del mayor gasto).
12.
Sin embargo, adelantar ajustes también impone algunos riesgos. Además de que no se
materialicen los riesgos que de partida motivan una acción de política preventiva, una
nueva alza consecutiva de la TPM podría exacerbar el alza de tasas de colocación y/o el
ajuste que está teniendo la inversión.
13.
Por último, desde el punto de implementación de una estrategia de normalización
pausada, la mantención parece más fácil de justificar que el alza. Pasar de dos pausas
consecutivas a dos alzas consecutivas podría ser considerado incoherente con esta
estrategia, e incluso dar cuenta de un cambio en el escenario macroeconómico. Esto se
exacerba considerando que, en su mayoría, las expectativas de los participantes de
mercado y analistas para esta reunión son de mantención. Además de estos problemas
de comprensión de la medida, un alza, por ser inesperada, podría tener un efecto notorio
en la estructura de precios financieros."
METADATOS_ATRIBUCION,727,bd50b967cae2dde601931f5df0eac5638ddfd6bec2cdea185dae705309046d4d,2006-06-15,970;971;972;973,Vittorio Corbo Lioi;Consejo del Banco Central de Chile;Vittorio Corbo Lioi;Rodrigo Valdés Pulido,970,Vittorio Corbo Lioi,SUJETO_ROL_SESION,,RPM-2006-06-15:T54,INICIO_EXPLICITO,,"Al respecto, el señor Presidente hace presente que se tomó nota de lo solicitado
por el Consejero señor Manuel Marfán y encarga que se estudie el tema.
El Presidente, señor Vittorio Corbo, suspende la Sesión a las 13:15 horas e
informa que la misma se reanudará a las 16:00 horas."
METADATOS_ATRIBUCION,727,bd50b967cae2dde601931f5df0eac5638ddfd6bec2cdea185dae705309046d4d,2006-06-15,970;971;972;973,Vittorio Corbo Lioi;Consejo del Banco Central de Chile;Vittorio Corbo Lioi;Rodrigo Valdés Pulido,971,Consejo del Banco Central de Chile,ACTA/META,META_SESION,RPM-2006-06-15:T55,INSTITUCIONAL,,"Siendo las 16:15 horas, se reanuda la Sesión de Política Monetaria N° 94.
Se integra a la Sesión de Política Monetaria, el Ministro de Hacienda señor
Andrés Velasco Srañes."
METADATOS_ATRIBUCION,727,bd50b967cae2dde601931f5df0eac5638ddfd6bec2cdea185dae705309046d4d,2006-06-15,970;971;972;973,Vittorio Corbo Lioi;Consejo del Banco Central de Chile;Vittorio Corbo Lioi;Rodrigo Valdés Pulido,972,Vittorio Corbo Lioi,SUJETO_ROL_NOMBRE,,RPM-2006-06-15:T56,INICIO_EXPLICITO,,"A continuación, el Presidente, don Vittorio Corbo, solicita al Gerente de División
Estudios, don Rodrigo Valdés, que presente las Opciones de Política Monetaria."
METADATOS_ATRIBUCION,727,bd50b967cae2dde601931f5df0eac5638ddfd6bec2cdea185dae705309046d4d,2006-06-15,970;971;972;973,Vittorio Corbo Lioi;Consejo del Banco Central de Chile;Vittorio Corbo Lioi;Rodrigo Valdés Pulido,973,Rodrigo Valdés Pulido,CONTEXTO_REVISADO,,RPM-2006-06-15:T57,SIN_CONTINUIDAD_CONFIRMADA,,El señor Gerente de División mencionado informó lo siguiente:
METADATOS_ATRIBUCION,836,f6c87594bd2e8c0945c17eafc889714341875b919c4fb095fb6e6a028575deb0,2006-09-07,1114,Sergio Lehmann Beresi,1114,Sergio Lehmann Beresi,CONTEXTO_REVISADO,,RPM-2006-09-07:T8,SIN_CONTINUIDAD_CONFIRMADA,CARGO_EN_DISCURSO_POR_VERIFICAR,"En respuesta a dicha consulta, el Gerente de Análisis Financiero señor
Lehmann, señala que la información entregada incorpora los últimos precios que se conocen
dentro de la proyección para el mes de septiembre. Agrega, que los precios de los últimos tres
días sugieren una trayectoria bastante plana para llegar a un promedio el próximo año de
US$ 68."
METADATOS_ATRIBUCION,1605,b62522063c66e20f9c9c424c845098b7079843bc53472db8da841b0ac9940c9b,2007-12-13,2134;2135,José De Gregorio Rebeco;Pablo García Silva,2134,José De Gregorio Rebeco,SUJETO_ROL_SESION,,RPM-2007-12-13:T63,INICIO_EXPLICITO,,El señor Presidente ofrece la palabra al Gerente de División Política Financiera señor Pablo García Silva.
METADATOS_ATRIBUCION,1605,b62522063c66e20f9c9c424c845098b7079843bc53472db8da841b0ac9940c9b,2007-12-13,2134;2135,José De Gregorio Rebeco;Pablo García Silva,2135,Pablo García Silva,CONTEXTO_REVISADO,,RPM-2007-12-13:T64,SIN_CONTINUIDAD_CONFIRMADA,,"El señor Gerente de División señala que concuerda con las opciones de la Gerencia de División Estudios en términos que, al igual que en meses recientes, las opciones más plausibles para esta Reunión de Política Monetaria son la mantención o el aumento de la Tasa de Política Monetaria en 25 puntos base. Entre estas dos opciones, en su opinión lo más pertinente es implementar un incremento de 25 puntos en esta Reunión y señala que, de los argumentos que se han planteado, el que le hace más sentido es que un aumento acotado de esa magnitud permite disminuir la probabilidad de pérdida de credibilidad en la capacidad de! Banco Central de Chile de devolver la inflación a la meta en un tiempo prudente. Respecto a este tema en particular, tiene las siguientes cuatro observaciones: Primero, menciona que es importante indicar que se está bastante lejos de que se materialice una situación de pérdida de credibilidad. Comenta que basta con señalar que la inflación en doce meses que se tiene hoy día es casi un punto superior al costo de financiamiento nominal que el Banco Central enfrenta en el mercado a los plazos más largos. Agrega que cuando se discute el tema de la credibilidad, no hay que concentrase en la situación dicotómica de pérdida o no pérdida, porque ello es muy poco informativo, sino que en una perspectiva de riesgos. Cree que ese solo aspecto permite descartar que se esté frente a una situación severa de pérdida de credibilidad. En ese sentido, señala el señor Gerente de División que el hecho que las compensaciones inflacionarias privadas a diversos plazos se hayan desplazado de forma paralela, superando ya por un tiempo el 3% a plazos relativamente largos, puede ser indicativo que la volatilidad percibida a futuro de la inflación se ha acrecentado, y que quizás, también se ha incrementado la probabilidad de ubicarse con registros inflacionarios por sobre el 3% por un tiempo prolongado. Sería ideal, comenta, para cuantificar estos aspectos, contar con información de mercado sobre las características de la distribución de expectativas de inflación que permita estudiar sus valores extremos. Adicionalmente, agrega el señor Pablo García que aunque se desconocen los mecanismos a través de los cuales se transita hacia una situación de pérdida de credibilidad, estima que es correcto argumentar que la probabilidad de que esta situación se dé, depende del tiempo en que se esté desviados de la meta, así como de la magnitud de dicha desviación. Por lo demás, indica, por el lado de costos y salarios, el espacio en el mercado laboral se ha tendido a disipar. Considera el señor Gerente que es importante distinguir en la discusión, aspectos vinculados a la credibilidad, de temas vinculados a la reputación antinflacionaria del Banco Central de Chile. En efecto, señala que no es necesario que lo último se cuestione para perder credibilidad, sino que basta con que se extienda la percepción de que el Banco Central de Chile no estima que su instrumental monetario puede devolver la inflación a la meta en un tiempo prudente, y por lo tanto decide no actuar. Como siempre, menciona el señor Gerente, hay consideraciones que podrían contrapesar las razones para realizar un alza preventiva de 25 puntos base. Sin embargo, no cree que ellas sean particularmente relevantes en la actualidad. Indica que una de esas consideraciones es la probabilidad que se induzca un sesgo contractivo a la política monetaria. Estima que la probabilidad que ello sea así es muy reducida, por varias razones. En primer lugar, indica que el nivel de tasas reales de largo plazo hoy, es el mismo que hace seis meses atrás, luego, los aumentos de la Tasa de Política Monetaria en el segundo semestre no han cambiado el impulso monetario. En otras palabras, menciona que desde mediados de año a esta fecha, la inflación anual se ha incrementado en más de cuatro puntos porcentuales, ciertamente con una ampliación de holguras que puede estimarse a lo más, entre medio punto y un punto, mientras que la Tasa de Política Monetaria se ha incrementado en 75 puntos base. Comenta el señor Gerente que difícilmente se podría argumentar que lo anterior ha más que compensado las novedades conjuntas de inflación y crecimiento. Otra consideración que agrega el señor Gerente de División, es la probabilidad de errar, particularmente en el entorno externo incierto que se ve hoy en día. En ese sentido, estima que el potencial costo de un aumento de 25 puntos base es muy pequeño, y probablemente menor que el costo de no subir ahora y tener quizás, que actuar agresivamente en el futuro. Además, señala que la Tasa de Política Monetaria está ubicada a lo más en la parte baja de los rangos estimados de tasa neutral. Finalmente, estima el señor Pablo García que en términos tácticos, el hecho que el mercado no anticipe de manera mayoritaria un aumento, juega a favor de esta medida preventiva, al potenciar la señal que el Banco Central de Chile no está cómodo con los actuales niveles inflacionarios. En la misma línea, estima que por ello no sería necesario comunicar un sesgo en el comunicado, sino que bastaría con mantener una instancia neutral en el mismo."
METADATOS_ATRIBUCION,1607,3606ac7493bd04bd6fab572e45bc728be7842902df9481774957c2c4b25d5f69,2007-12-13,2138;2139,José De Gregorio Rebeco;Esteban Jadresic Marinovic,2138,José De Gregorio Rebeco,SUJETO_ROL_SESION,,RPM-2007-12-13:T67,INICIO_EXPLICITO,,El señor Presidente ofrece la palabra al Gerente de División Operaciones Financieras señor Esteban Jadresic Marinovic.
METADATOS_ATRIBUCION,1607,3606ac7493bd04bd6fab572e45bc728be7842902df9481774957c2c4b25d5f69,2007-12-13,2138;2139,José De Gregorio Rebeco;Esteban Jadresic Marinovic,2139,Esteban Jadresic Marinovic,CONTEXTO_REVISADO,,RPM-2007-12-13:T68,SIN_CONTINUIDAD_CONFIRMADA,,"Señala el señor Gerente de División que sin duda la decisión de hoy es difícil y que las alternativas relevantes son las que ha planteado la Gerencia de División Estudios. Agrega que no va a repetir las noticias del mes porque ya se ha abundado sobre el tema. Solamente quiere decir que a su juicio hay dos riesgos principales que considerar y balancear en esta decisión. Por una parte, menciona el riesgo que la sorpresa inflacionaria acumulada genere efectos de segunda vuelta y un eventual desanclaje de expectativas, tal como lo señaló el señor Pablo García. Comenta que esta situación no se ha producido todavía, pero puede darse y por lo tanto, puede que la inflación también empiece a irse para arriba. Por otra parte, indica que está el riesgo del deterioro de la situación financiera internacional, en particular que los mercados crediticios y monetarios lleven a una desaceleración fuerte de la economía internacional, y en parte, también de la economía doméstica e incremente las holguras de capacidad en nuestro país con el consecuente aumento de la inflación en plazos más largos. Estima el señor Jadresic que la decisión a tomar es difícil y que hay serios riesgos en cada caso. Señala que adoptándose cualquiera de las opciones y lo que pueda ser necesario hacer por la Política Monetaria en meses posteriores, si se aumenta la tasa de interés y se da la situación de deterioro internacional, será preciso revertir ese aumento de tasa de interés. En el caso que se mantenga la tasa de interés y la expectativa de inflación de segunda vuelta termine siendo más alta, será preciso arrepentirse de no haber usado este tiempo para empezar desde ya a combatir el desarrollo de la inflación de expectativas. En este contexto de serias dudas añade el señor Jadresic que ciertamente hay que balancear ambas cosas, y le hace fuerza la sabiduría popular que dice “ante la duda abstente” y bajo esas condiciones, tiende a recomendar en el margen una política más parsimoniosa y valorar, como dijo el señor Klaus Schmidt-Hebbel, la opción de esperar. Dicho eso y si se tomara ese camino, señala que es muy importante cómo se comunicará esta decisión al público y precisa que en particular, se debe señalar un fuerte compromiso del Banco con el control de la inflación."
METADATOS_ATRIBUCION,2036,2bd6724033b82362ea10dd5c01cdf76f81602b599756d04bd9e7abd5261ecaa5,2008-08-14,2798,Pablo García Silva,2798,Pablo García Silva,CONTEXTO_REVISADO,,RPM-2008-08-14:T86,SIN_CONTINUIDAD_CONFIRMADA,,"El Gerente de División Estudios mencionado señala que en la última Reunión de Política Monetaria, el Consejo acordó subir la tasa de interés de política monetaria en 50 puntos base, hasta 7,25% anual, dado el deterioro que había experimentado el panorama inflacionario y para asegurar la convergencia de la inflación hacia el 3%. Asimismo, indica que se reafirmó el compromiso de conducir la política monetaria de manera de reducir la elevada inflación actual hacia 3% en el horizonte de política, señalando que ello resulta esencial para alinear la dinámica inflacionaria con el objetivo de estabilidad de precios. Agrega el señor García que aunque se mencionó que la trayectoria futura de la Tasa de Política Monetaria dependería de la nueva información que se acumulara y de sus implicancias sobre la inflación proyectada, se indicó que en el escenario más probable serían necesarios ajustes adicionales para asegurar la convergencia de la inflación a la meta. Agrega el señor Gerente de División Estudios, que desde dicha Reunión, las principales noticias que se han acumulado son las siguientes. En primer término, que en el ámbito internacional, a las preocupaciones por la elevada inflación y sus riesgos se agregó una percepción más negativa para el crecimiento mundial. Con ello, no se anticipan cambios en las políticas monetarias de las economías desarrolladas en el corto plazo. En segundo lugar, que el precio del petróleo ha retrocedido de manera importante, hasta niveles similares a los de hace cuatro meses, y algo similar ha ocurrido con el precio del cobre y de otros productos básicos; y, tercero, que las últimas cifras nacionales de actividad superaron en algo las proyecciones previas, lo que reafirma el panorama de crecimiento para el año entre 4% y 5%. Indica que si algo, el sesgo a la baja contemplado anteriormente se ha tendido a disipar, pues se siguen esperando registros de crecimiento interanuales superiores a 5% para el segundo semestre. Indica también el señor García, que el peso se ha depreciado después de la última Reunión de Política Monetaria hasta niveles del orden de $ 515 por dólar en los últimos días. Hace mención que la inflación de junio volvió a sorprender al alza y aunque fue en una magnitud relativamente acotada comparada con las sorpresas de meses anteriores, el diagnóstico a partir de la información detallada de precios y de las distintas medidas de inflación subyacente, indican una propagación mayor de la inflación pasada y de los mayores costos a precios finales. Asimismo, indica el Gerente de División Estudios señor García que los mayores registros inflacionarios de julio llevan a corregir al alza en más de un punto porcentual la proyección a diciembre de la última Reunión de Política Monetaria. Comenta el señor García que a plazos más largos, las expectativas privadas de inflación se han mantenido relativamente estables. Menciona también, que el mercado anticipa de forma muy mayoritaria un incremento de la Tasa de Política Monetaria de 50 puntos base en esta ocasión, con incrementos adicionales que la lleven hasta 8-8,25% en unos meses más. Indica el señor García que los antecedentes sugieren la necesidad de ajustar nuevamente la Tasa de Política Monetaria en esta ocasión. Agrega que al igual que en la Reunión pasada, se estima que un aumento de 25 puntos base es insuficiente para el deteriorado panorama inflacionario, por lo que se considera que las opciones más plausibles para esta Reunión son aumentar la Tasa de Política Monetaria en 50 o en 75 puntos base. Señala el Gerente de División Estudios que de forma similar a la Reunión pasada, los criterios relevantes para ponderar una u otra opción son tres: (i) la magnitud del ajuste monetario requerido para que la inflación converja a 3% en los horizontes deseados; (ii) la evaluación de la credibilidad del Banco, tanto respecto de su compromiso antiinflacionario como de su capacidad de lograr una reducción de la inflación; (iii) la temporalidad con la que este ajuste se desea implementar. Menciona el señor García que respecto del primer tema, el diagnóstico de que el ajuste monetario del mes pasado requería de aumentos posteriores se ha tendido a validar tanto con la información coyuntural (de mayor crecimiento, inflación elevada y un peso más depreciado, y a pesar del menor precio del petróleo) como por las perspectivas de mayor inflación de corto plazo consideradas en los antecedentes. Hace presente el señor García que con respecto al segundo punto, aunque no se han observado desviaciones adicionales de las expectativas de inflación, y que el mercado sigue anticipando aumentos adicionales de la Tasa de Política Monetaria, en la medida en que se considere que debiese darse una convergencia más rápida de las expectativas a la meta, se puede justificar un aumento más agresivo de la Tasa de Política Monetaria en la actualidad. Por otra parte, indica que en el balance de las opciones entre 50 y 75 puntos base, en esta ocasión incide significativamente la discusión respecto de la temporalidad de la aplicación de los ajustes monetarios. Menciona que aunque existen menos dudas respecto de que un incremento de 50 puntos base esta vez con una elevada probabilidad requiere ser continuado en meses próximos con alzas adicionales, un aumento más agresivo puede inducir efectos que amplifiquen de manera excesiva el impacto de los ajustes en la Tasa de Política Monetaria, principalmente si se da en un contexto de mayor debilidad global en los próximos trimestres. Comenta que este riesgo se reduce al contemplar la posibilidad de un aumento de 50 puntos base con la incorporación de un sesgo. Menciona el Gerente de División Estudios, que al igual que en ocasiones anteriores, la comunicación global de la política monetaria requerida en las actuales circunstancias, que con alta probabilidad sugiere más de 50 puntos base de mayores tasas de interés, puede ser informada de manera bastante clara en el Comunicado mediante un sesgo, sin la necesidad de tomar hoy acciones de política más agresivas. Por lo anterior, señala el señor Gerente de División Estudios que el principal aspecto comunicacional o táctico, en esta ocasión, es que el mercado anticipa de forma muy mayoritaria un ajuste al alza de la Tasa de Política Monetaria de 50 puntos base, por lo que un ajuste mayor podría ser sorpresivo. Agrega que de forma similar, el mercado espera aumentos posteriores, por lo que la exclusión de un sesgo sería también sorpresivo. Finalmente, hace presente el señor Gerente de División Estudios que un aumento de 75 puntos base puede ser confuso en términos de señalizar la dirección futura de la política monetaria. Estima que un aumento de 50 puntos base permite esperar a tener y analizar toda la información que se desprenderá de la preparación del IPoM de septiembre, y a partir de la cual se puede tener mayor claridad respecto de cuál es el tamaño más preciso del ajuste monetario requerido hacia delante y a qué velocidad se deberá implementar."
ESTRUCTURAL,2489,8228c25429875ed16687a057b116aecbd0e53a440d3e1351858d9604a239bf87,2009-04-09,3470;3471;3472;3473,Andrés Velasco Brañes;José De Gregorio Rebeco;Consejo del Banco Central de Chile;José De Gregorio Rebeco,3470,Andrés Velasco Brañes,SUJETO_ROL_SESION,,RPM-2009-04-09:T125,INICIO_EXPLICITO,,"El señor Ministro de Hacienda señala que hizo la distinción entre sectores homogéneos y no homogéneos. Señala que Asimet es especialmente dramático, ya que Asimet prácticamente tiene dos clientes, la minería en Chile que les dejó de comprar, y el resto de América Latina que también les dejó de comprar. Es difícil imaginar que los productos de Asimet los vengan a buscar de mercados avanzados."
ESTRUCTURAL,2489,8228c25429875ed16687a057b116aecbd0e53a440d3e1351858d9604a239bf87,2009-04-09,3470;3471;3472;3473,Andrés Velasco Brañes;José De Gregorio Rebeco;Consejo del Banco Central de Chile;José De Gregorio Rebeco,3471,José De Gregorio Rebeco,SUJETO_ROL_NOMBRE,,RPM-2009-04-09:T126,INICIO_EXPLICITO,,"Finalmente, el Presidente señor José De Gregorio señala que quiere hacer un punto respecto a lo dicho por el Vicepresidente señor Jorge Desormeaux y el Consejero señor Enrique Marshall. Indica que si se piensa el ajuste de la economía chilena, es cierto que cuando hay una crisis de confianza todo el mundo se asusta. Sin embargo, indica que no cree que existan crisis de confianza permanentes, no es que la gente desconfíe para siempre. Llega un momento en que la gente empieza a ver los fundamentos y dice que la verdad es que Chile no es Estados Unidos, afortunadamente en esta oportunidad. Chile no es Irlanda, afortunadamente vamos a decir. Tampoco es del Báltico. Ello lo lleva a tener una visión optimista, dentro de un escenario muy malo. Agrega que no obstante, el Consejero señor Marshall levantó un punto que nunca lo ha podido calibrar, pero que sí considera que tiene mucho que ver con la lentitud del ajuste de la recuperación pasada. Tiene que ver con que llega un momento en que muchos consumidores se sobre-endeudan, sin llegar a niveles peligrosos, pero se sobre-endeudan y luego, un periodo como éste lo eligen para consolidar sus deudas, y pasan dos años en los que no se endeudan."
ESTRUCTURAL,2489,8228c25429875ed16687a057b116aecbd0e53a440d3e1351858d9604a239bf87,2009-04-09,3470;3471;3472;3473,Andrés Velasco Brañes;José De Gregorio Rebeco;Consejo del Banco Central de Chile;José De Gregorio Rebeco,3472,José De Gregorio Rebeco,SUJETO_ROL_NOMBRE,,RPM-2009-04-09:T126,CONTINUIDAD_EXPLICITA,,"Siendo las 13:40 horas, el Presidente señor José De Gregorio pone término a la sesión de la mañana de la Reunión de Política Monetaria y comunica que la parte de la tarde se reanuda a las 16:00 horas."
ESTRUCTURAL,2489,8228c25429875ed16687a057b116aecbd0e53a440d3e1351858d9604a239bf87,2009-04-09,3470;3471;3472;3473,Andrés Velasco Brañes;José De Gregorio Rebeco;Consejo del Banco Central de Chile;José De Gregorio Rebeco,3473,Consejo del Banco Central de Chile,ACTA/META,META_SESION,RPM-2009-04-09:T127,INSTITUCIONAL,FINAL_SIN_PUNTUACION,"N° 137, Siendo las 16:00 horas, se reanuda la Sesión de Política Monetaria"
ESTRUCTURAL,2489,8228c25429875ed16687a057b116aecbd0e53a440d3e1351858d9604a239bf87,2009-04-09,3470;3471;3472;3473,Andrés Velasco Brañes;José De Gregorio Rebeco;Consejo del Banco Central de Chile;José De Gregorio Rebeco,3474,José De Gregorio Rebeco,SUJETO_ROL_NOMBRE,,RPM-2009-04-09:T128,INICIO_EXPLICITO,,"El Presidente señor José De Gregorio fija la Reunión de Política Monetaria del mes de octubre de 2009, para el día 13 de dicho mes."
SOLO_TRAZABILIDAD,2490,c58910b473817dd8ab08354194fe19d6e9911f403fcbc422eab6871e45ddd0ac,2009-04-09,3474;3475,José De Gregorio Rebeco;Pablo García Silva,3475,José De Gregorio Rebeco,SUJETO_ROL_SESION,,RPM-2009-04-09:T128,CONTINUIDAD_EXPLICITA,,"El señor Presidente ofrece la palabra al Gerente de División Estudios señor Pablo García, para que presente las Opciones de Política Monetaria para esta Reunión."
SOLO_TRAZABILIDAD,2490,c58910b473817dd8ab08354194fe19d6e9911f403fcbc422eab6871e45ddd0ac,2009-04-09,3474;3475,José De Gregorio Rebeco;Pablo García Silva,3476,Pablo García Silva,SUJETO_ROL_SESION,,RPM-2009-04-09:T129,INICIO_EXPLICITO,,"El señor Gerente de División Estudios comienza señalando que, a juicio de esa Gerencia, las consideraciones principales a tomar en cuenta en esta Reunión de Política Monetaria son tres: el mensaje de política monetaria implícito en el comunicado anterior, las expectativas del mercado y la incorporación de los antecedentes coyunturales. Respecto del primer punto, el señor García recuerda que en la discusión de la última reunión de política monetaria se señaló que aunque era probable que se requirieran nuevas reducciones de la TPM, en tal escenario dichas reducciones serían más acordes con la frecuencia y magnitud de los movimientos efectuados históricamente. Ello naturalmente restringe el universo de opciones posibles a cuatro: la mantención, o bien una reducción en 25, 50 ó 75 puntos base de la TPM. En cuanto a la primera opción, es decir la mantención de la tasa actual, los antecedentes coyunturales reflejan, a pesar de sus matices, la existencia de un entorno macro debilitado, lo que permite descartar a la mantención de la TPM como una opción plausible para esta reunión. Respecto de las distintas alternativas de reducción de la TPM, el Gerente de División Estudios indica que la ampliación de la brecha en el margen, pero con estabilidad en las expectativas de inflación de mediano plazo, sugiere mecánicamente un nivel para la TPM que no está obviamente por debajo de lo esperado por la mayoría del mercado para los próximos meses (en torno al 1,5%). Por ello, una reducción de 75 puntos base en este momento llevaría la TPM a un nivel que sugeriría un cierto sesgo neutral, a menos que se desee afectar la estructura de tasas y dar la señal de que las reducciones van a continuar en los próximos meses. Es indudable que no se puede descartar a priori dicho escenario. Sin embargo, la comunicación de una estrategia de política monetaria de ese tipo (con reducciones por debajo de lo que espera el mercado para los próximos meses) requiere tener mayor precisión sobre los contornos del entorno macro, en particular las perspectivas inflacionarias con el 2010 y principios del 2011, que se elaborarán en el IPoM. El Señor García menciona que, adicionalmente, es razonable preguntarse si una reducción de 75 puntos base está o no dentro de los patrones históricos y por tanto considerarse si las reducciones de esa magnitud realizadas en el año 2002 fueron medidas inusuales. En su opinión, no es evidente que se pueda justificar en una u otra dirección, o al menos que el mercado perciba de manera inequívoca que ése sea el caso. Estos antecedentes conducen a ponderar menos la opción de reducir la TMP en 75 puntos base, versus una reducción de 50 puntos base, bajo el criterio de no dar lugar a confusión sobre si la política monetaria sigue o no los patrones históricos, y, por tanto, si se ha producido un nuevo quiebre en la comunicación de la política monetaria respecto al último comunicado. Añade, el señor Gerente de División Estudios, que, a partir de la discusión que antecede, parece razonable seguir imprimiendo un sesgo a la política monetaria, en el sentido que no se pueden descartar nuevas reducciones luego de la reunión de hoy (reducciones que de hecho ya están implícitas en el consenso de mercado). Una reducción del 50 puntos base permitiría mantener el sesgo. El señor Pablo García continúa señalando que, una reducción de 25 puntos base, en tanto, sería sorpresiva para el mercado, no sólo porque no está dentro de las alternativas consideradas como plausibles. En efecto, una estrategia de política monetaria que converge a un nivel objetivo para la TPM debería, bajo certidumbre, ir gradualmente hacia la reducción de la magnitud de sus movimientos. Por ello, mecánicamente se puede esperar que cualquier decisión que se adopte en esta reunión llevará a expectativas de movimientos más acotados en el futuro, por lo que una reducción de 25 puntos base puede señalizar que ha concluido el proceso de relajamiento monetario, lo que parece incongruente con el actual escenario de holguras de capacidad. Añade que se podría acompañar una decisión como la indicada, con un mensaje que realce en mayor medida la incertidumbre en la que está situada la economía en la actualidad, o que imprima un sesgo más explícito hacia delante. Sin embargo, estos últimos mensajes darían naturalmente pie a diversas interpretaciones que pueden ser confusas. Por consiguiente, concluye el señor Gerente de División Estudios, desde el punto de vista comunicacional, una reducción de 50 puntos base no sería sorpresiva, pero una reducción de 25 ó 75 puntos base sí podría dar una señal de un escenario bastante distinto al que considera el mercado. Es indudable que ello puede ser, finalmente, el caso al momento de elaborar las proyecciones de mediano plazo, pero tal es un diagnóstico que parece prematuro adelantar en esta reunión, puesto que aún no se construye. En este sentido, agrega el señor García, una reducción de 50 puntos, con un sesgo similar al del mes pasado, le da más flexibilidad al accionar de la política monetaria en los próximos meses que una reducción de 25 ó 75 puntos base."
ESTRUCTURAL,2538,ba193e9d9d081c6016b241441619908695da897d4903a4dcbb84152ba5e3b726,2009-05-07,3561;3562,Enrique Marshall Rivera;Consejo del Banco Central de Chile,3562,Enrique Marshall Rivera,SUJETO_ROL_NOMBRE,,RPM-2009-05-07:T69,INICIO_EXPLICITO,,"El Consejero señor Enrique Marshall señala que el mercado está esperando inflaciones un poco más arriba de lo que el Banco estaba indicando en sus proyecciones, tanto en el corto como en el mediano plazo."
ESTRUCTURAL,2538,ba193e9d9d081c6016b241441619908695da897d4903a4dcbb84152ba5e3b726,2009-05-07,3561;3562,Enrique Marshall Rivera;Consejo del Banco Central de Chile,3563,José De Gregorio Rebeco,SUJETO_ROL_NOMBRE,,RPM-2009-05-07:T70,INICIO_EXPLICITO,,"Siendo las 13:00 horas, el Presidente señor José De Gregorio pone término a la sesión de la mañana de la Reunión de Política Monetaria y comunica que la parte de la tarde se reanuda a las 16:30 horas."
ESTRUCTURAL,2538,ba193e9d9d081c6016b241441619908695da897d4903a4dcbb84152ba5e3b726,2009-05-07,3561;3562,Enrique Marshall Rivera;Consejo del Banco Central de Chile,3564,Consejo del Banco Central de Chile,ACTA/META,META_SESION,RPM-2009-05-07:T71,INSTITUCIONAL,,"Siendo las 16:30 horas, se reanuda la Sesión de Política Monetaria N° 138."
ESTRUCTURAL,3269,445405ded961630c8adf14a97808353da4cb503509b96ef3991f63d8545c6df3,2010-07-15,4768;4769,José De Gregorio Rebeco;Consejo del Banco Central de Chile,4770,José De Gregorio Rebeco,SUJETO_ROL_NOMBRE,,RPM-2010-07-15:T80,INICIO_EXPLICITO,,el Presidente señor José De Gregorio da por finalizada la sesión de la mañana a las 13:10 horas.
ESTRUCTURAL,3269,445405ded961630c8adf14a97808353da4cb503509b96ef3991f63d8545c6df3,2010-07-15,4768;4769,José De Gregorio Rebeco;Consejo del Banco Central de Chile,4771,José De Gregorio Rebeco,SUJETO_ROL_NOMBRE,,RPM-2010-07-15:T81,INICIO_EXPLICITO,,"Siendo las 16:00 horas, el Presidente señor José De Gregorio abre la sesión de la tarde y da la bienvenida al Ministro de Hacienda Subrogante señor Rodrigo Álvarez, quien asiste por primera vez a una Reunión de Política Monetaria. A continuación,."
