ID_Padre,Tipo,SHA256_Texto_Padre,Version,ID,Id_Sesion,Fecha,Actor_Original,Actor_Final,Actor_Corregido,Rol_Fuente,Rol_Final,Rol_Corregido,Rol_Detectado_Texto,Rol_Lista_Asistencia,Fuente_Rol,Tipo_Acta,Fuente_Actor,Página,Texto,Tema_Original,Tema_Categoria,Palabra_Clave_Original,Palabra_Clave_Categoria,Texto_Truncado,Duplicado_Exacto,Duplicado_Formula,Nota,ID_Intervencion,Numero_Segmento,Fuente_Texto,Duplicado_Exacto_Origen,Duplicado_Formula_Origen,ID_Bloque_Texto,Estado_Revision,Motivos_Revision,ID_Turno,Relacion_Turno,ID_Antecedente_Continuidad,ID_Ancla_Actor
1386,ESTRUCTURAL,e3444165d87d43ac1a872fea40b0041ade54d08005d67119304dd892a6927009,Antes,1832,RPM-2007-08-09,2007-08-09 00:00:00,Vittorio Corbo Lioi,Vittorio Corbo Lioi,NO,Presidente del Banco Central,Presidente del Banco Central,NO,,Presidente del Banco Central,LISTA_ASISTENCIA,,SUJETO_ROL_NOMBRE,14,"El Presidente señor Vittorio Corbo consulta cómo cerró el cobre en la Bolsa de Londres en el día de hoy, señalando el señor Lehmann que la cifra fue de 3,48 dólares la libra. A continuación, el Presidente don Vittorio Corbo solicita al Gerente de División E studios que presente las Opciones de Política Monetaria.",Acuerdo de Política Monetaria y comunicado oficial,acuerdo_comunicado,acuerdo y comunicado,acuerdo_comunicado,NO,NO,NO,Rol según lista de asistencia: Presidente del Banco Central,RPM-2007-08-09:1386:1,1,XLSX_ORIGINAL,NO,NO,RPM-2007-08-09:1386:B1,SIN_ALERTAS_AUTOMATICAS,,RPM-2007-08-09:T42,INICIO_EXPLICITO,,RPM-2007-08-09:1386:1
1386,ESTRUCTURAL,e3444165d87d43ac1a872fea40b0041ade54d08005d67119304dd892a6927009,Antes,1833,RPM-2007-08-09,2007-08-09 00:00:00,Vittorio Corbo Lioi,Rodrigo Valdés Pulido,SI,Presidente del Banco Central,Gerente de División Estudios,SI,,Gerente de División Estudios,LISTA_ASISTENCIA,,SUJETO_ROL_NOMBRE,14,"Menciona el Gerente de División Estudios señor Rodrigo Valdés que en la R eunión de Política Monetaria de julio, el Consejo acordó aumentar la tasa de interés de política m onetaria en 25 puntos base hasta 5,25% anual, luego de mantenerla en cada una de las reuniones desde febrero pasado. Indica que en la última Reunión se consideró que ello era coherente con holguras de capacidad menores que las previstas en el último IPoM y que resultaba necesario para que la inflación proyectada en torno a dos años se ubicara en 3%. Agrega el señor Valdés que se consideró además, que la inflación estaba por encima de lo proyectado, influida por el precio de los combustibles y por el alza de los alimentos. Por último, señala que se mantuvo un sesgo contractivo en el comunicado, con un horizonte de alzas de tasas “en ios próximos meses”.",Acuerdo de Política Monetaria y comunicado oficial,acuerdo_comunicado,acuerdo y comunicado,acuerdo_comunicado,NO,NO,NO,Rol según lista de asistencia: Gerente de División Estudios,RPM-2007-08-09:1386:2,2,XLSX_ORIGINAL,NO,NO,RPM-2007-08-09:1386:B2,SIN_ALERTAS_AUTOMATICAS,,RPM-2007-08-09:T43,INICIO_EXPLICITO,,RPM-2007-08-09:1386:2
1386,ESTRUCTURAL,e3444165d87d43ac1a872fea40b0041ade54d08005d67119304dd892a6927009,Despues,1832,RPM-2007-08-09,2007-08-09 00:00:00,Vittorio Corbo Lioi,Vittorio Corbo Lioi,NO,Presidente del Banco Central,Presidente del Banco Central,NO,,Presidente del Banco Central,LISTA_ASISTENCIA,,SUJETO_ROL_NOMBRE,14,"El Presidente señor Vittorio Corbo consulta cómo cerró el cobre en la Bolsa de Londres en el día de hoy,",Acuerdo de Política Monetaria y comunicado oficial,acuerdo_comunicado,acuerdo y comunicado,acuerdo_comunicado,NO,NO,NO,Rol según lista de asistencia: Presidente del Banco Central,RPM-2007-08-09:1386:1,1,XLSX_ORIGINAL,NO,NO,RPM-2007-08-09:1386:B1,PENDIENTE_REVISION,FINAL_SIN_PUNTUACION,RPM-2007-08-09:T42,INICIO_EXPLICITO,,RPM-2007-08-09:1386:1
1386,ESTRUCTURAL,e3444165d87d43ac1a872fea40b0041ade54d08005d67119304dd892a6927009,Despues,1833,RPM-2007-08-09,2007-08-09 00:00:00,Vittorio Corbo Lioi,Sergio Lehmann Beresi,SI,Presidente del Banco Central,Gerente de Análisis Internacional,SI,,Gerente de Análisis Internacional,LISTA_ASISTENCIA,,CONTEXTO_REVISADO,14,"señalando el señor Lehmann que la cifra fue de 3,48 dólares la libra.",Acuerdo de Política Monetaria y comunicado oficial,acuerdo_comunicado,acuerdo y comunicado,acuerdo_comunicado,NO,NO,NO,Hablante por contexto documentado: HAB-20260908-L22-1386-105 (data/curation/revisiones_hablantes.json; no cotejo PDF); Rol según lista de asistencia: Gerente de Análisis Internacional,RPM-2007-08-09:1386:2,2,XLSX_ORIGINAL,NO,NO,RPM-2007-08-09:1386:B2,SIN_ALERTAS_AUTOMATICAS,,RPM-2007-08-09:T43,SIN_CONTINUIDAD_CONFIRMADA,,
1386,ESTRUCTURAL,e3444165d87d43ac1a872fea40b0041ade54d08005d67119304dd892a6927009,Despues,1834,RPM-2007-08-09,2007-08-09 00:00:00,Vittorio Corbo Lioi,Vittorio Corbo Lioi,NO,Presidente del Banco Central,Presidente del Banco Central,NO,,Presidente del Banco Central,LISTA_ASISTENCIA,,SUJETO_ROL_NOMBRE,14,"A continuación, el Presidente don Vittorio Corbo solicita al Gerente de División E studios que presente las Opciones de Política Monetaria.",Acuerdo de Política Monetaria y comunicado oficial,acuerdo_comunicado,acuerdo y comunicado,acuerdo_comunicado,NO,NO,NO,Rol según lista de asistencia: Presidente del Banco Central,RPM-2007-08-09:1386:3,3,XLSX_ORIGINAL,NO,NO,RPM-2007-08-09:1386:B3,SIN_ALERTAS_AUTOMATICAS,,RPM-2007-08-09:T44,INICIO_EXPLICITO,,RPM-2007-08-09:1386:3
1386,ESTRUCTURAL,e3444165d87d43ac1a872fea40b0041ade54d08005d67119304dd892a6927009,Despues,1835,RPM-2007-08-09,2007-08-09 00:00:00,Vittorio Corbo Lioi,Rodrigo Valdés Pulido,SI,Presidente del Banco Central,Gerente de División Estudios,SI,,Gerente de División Estudios,LISTA_ASISTENCIA,,SUJETO_ROL_NOMBRE,14,"Menciona el Gerente de División Estudios señor Rodrigo Valdés que en la R eunión de Política Monetaria de julio, el Consejo acordó aumentar la tasa de interés de política m onetaria en 25 puntos base hasta 5,25% anual, luego de mantenerla en cada una de las reuniones desde febrero pasado. Indica que en la última Reunión se consideró que ello era coherente con holguras de capacidad menores que las previstas en el último IPoM y que resultaba necesario para que la inflación proyectada en torno a dos años se ubicara en 3%. Agrega el señor Valdés que se consideró además, que la inflación estaba por encima de lo proyectado, influida por el precio de los combustibles y por el alza de los alimentos. Por último, señala que se mantuvo un sesgo contractivo en el comunicado, con un horizonte de alzas de tasas “en ios próximos meses”.",Acuerdo de Política Monetaria y comunicado oficial,acuerdo_comunicado,acuerdo y comunicado,acuerdo_comunicado,NO,NO,NO,Rol según lista de asistencia: Gerente de División Estudios,RPM-2007-08-09:1386:4,4,XLSX_ORIGINAL,NO,NO,RPM-2007-08-09:1386:B4,SIN_ALERTAS_AUTOMATICAS,,RPM-2007-08-09:T45,INICIO_EXPLICITO,,RPM-2007-08-09:1386:4
1387,TRAZABILIDAD,285a93ceb954361fb2fe28b8b89f8dc2705d591bcb9a47525adef12bf836890f,Antes,1834,RPM-2007-08-09,2007-08-09 00:00:00,Rodrigo Valdés Pulido,Rodrigo Valdés Pulido,NO,Ministro de Hacienda,Gerente de División Estudios,SI,,Gerente de División Estudios,LISTA_ASISTENCIA,,SUJETO_NOMBRE,14,"El señor Rodrigo Valdés menciona que con el análisis efectuado hasta ahora, le parece que las opciones más plausibles para esta reunión son aumentar la tasa de política m onetaria en 25 puntos base o en 50 puntos base, habiendo méritos para ambas opciones. Agrega el señor Gerente de División que desde la Reunión anterior, las principales novedades son las siguientes; • En el lado externo, la mayor noticia fue la ampliación de los spreads de riesgo de crédito en diferentes mercados, a partir del nerviosismo que ha generado la situación de los préstamos hipotecarios en Estados Unidos. Ello también provocó volatilidad y ajustes en bolsas, premios soberanos y paridades. Si bien las proyecciones de crecimiento mundial se ajustan marginalmente al alza, la relativa debilidad de los indicadores coyunturales en Estados Unidos de América y un eventual deterioro de las condiciones crediticias podrían reducirlas en los próximos meses. • Los precios del cobre y del petróleo se mantienen altos, cerca de US$ 3,5- 3,6 la libra y US$ 72-75 el barril, respectivamente. Señala que ello motiva una importante revisión al alza en sus precios proyectados para el año en curso y en especial para el 2008. • En el mercado financiero interno, el cambio más notorio fue el nuevo empinamiento de la cun/a de rendimiento en su plazo más corto, luego del elevado IPC de julio. Los precios financieros reflejan una Tasa de Política Monetaria de entre 6 y 6,25% a fines de año, cerca de 25 puntos base más que el mes pasado. Las tasas de interés nominales de mediano y largo plazo tuvieron un ajuste al alza, mientras que en UF se mantienen en niveles similares a los de hace un mes, pero con importantes vaivenes. Por el lado de los agregados monetarios, crediticios y de las tasas cobradas por el sistema, no hay grandes noticias, manteniéndose las condiciones financieras favorables y el peso se ha mantenido relativamente estable. • La actividad del segundo trimestre habría crecido cerca de 6%, 3-4 puntos por sobre lo proyectado en el IPoM, aunque similar a lo proyectado hace un mes. Excluyendo recursos naturales, el crecimiento del producto habría sido de 6,4%, 1V4 puntos sobre lo proyectado en el IPoM. Con ello se estima que el nivel de actividad sería similar a su nivel de tendencia. • En el mercado laboral continúa una alta creación anual de empleos y vuelve a sorprender el bajo desempleo, que llega a 6,2% desestacionalizado. La encuesta trimestral de la Universidad de Chile entrega un cuadro comparable. • Una vez más, en junio la inflación fue considerablemente mayor que la proyectada, también por aumentos inesperados de los precios de algunos alimentos, en especial los perecibles e ítems específicos del rubro alimentos del IPCX1. El panorama de inflación de corto plazo vuelve a corregirse al alza y se ubica muy por encima del proyectado en el escenario base del IPoM anterior y en la última Reunión de Política Monetaria. Las medidas alternativas de tendencia inflacionaria volvieron a aumentar levemente y se ubican entre 3% y 4%. • Los indicadores de expectativas de inflación del sector privado reflejan estos cambios, con alzas marcadas a plazos cortos. Las expectativas de inflación de mayor plazo se ubican cerca de 3%. Si bien algunos indicadores de expectativas de mediano y largo plazo son algo mayores que 3%, no se encuentran sobre los niveles alcanzados en episodios anteriores de inflación elevada. • La discrepancia entre CMO e IREM se mantiene, al igual que el panorama relativamente benigno por el lado de los costos salariales. Menciona el Gerente de División Estudios que con los antecedentes disponibles, las opciones más plausibles para esta reunión son aumentar la Tasa de Política Monetaria en 25 puntos base o en 50 puntos base. Señala el Gerente de División Estudios que en la Reunión de Política Monetaria anterior, se analizó cómo el cierre de holguras se produjo más rápido que lo proyectado, y que el hecho que la tendencia inflacionaria se ubicara algo sobre 3%, hacía necesario ajustar la Tasa de Política Monetaria de manera de reducir el estímulo que provee la política monetaria. En todo caso, agrega, cuán rápido llevar la Tasa de Política Monetaria a su nivel neutral, las distintas estimaciones de la Tasa de Política Monetaria neutral la ubican por encima de 6%, era una pregunta de implementación y dependía, entre otros factores, de la evaluación de si esta situación de menores brechas persistiría. Por encima de esto, además, se enfrentaba un shock de precios de alimentos inusualmente intenso, cuya persistencia era difícil de precisar y que, sumado al elevado precio de los combustibles, implicaba un riesgo por eventuales efectos de segunda vuelta y desanclaje de expectativas. En ese cuadro, la estrategia de aumentos de la Tasa de Política Monetaria podría tener que acelerarse de manera de prevenir estos efectos de segunda vuelta. Comenta el señor Gerente que el análisis anterior sigue siendo válido e implica que es necesario continuar aumentando la Tasa de Política Monetaria, sin perjuicio de la necesidad de considerar aspectos de implementación para decidir la dosis y la oportunidad. De hecho, las cifras de actividad y demanda refuerzan el cuadro de cierre de holguras discutido el mes pasado. Por otra parte, agrega que las novedades en el lado de la inflación sí modifican el panorama de inflación de corto plazo. En particular, señala que la profundización del shock de precios de alimentos y, en alguna medida de energía, intensifican el panorama de inflación elevada en el corto plazo. Agrega que se proyecta que la inflación superará el 5% por algunos meses, reflejando tanto efectos base, inflación ya materializada, como una mayor inflación proyectada para el corto plazo, del orden de 1% acumulado en los próximos 3 meses, mayor que lo proyectado hace un mes. De esta manera, indica el señor Gerente que se puede justificar un alza de 25 puntos base aún sin las novedades que se han tenido durante el último mes. Con las novedades, en particular el registro de inflación muy por encima de las expectativas, se puede argumentar que un alza de 25 puntos base es el ajuste mínimo de la Tasa de Política Monetaria para esta Reunión. Comenta don Rodrigo Valdés que se puede justificar un aumento de 50 puntos base, considerando que en el escenario más probable, de todas formas será necesario aumentar la Tasa de Política Monetaria en los siguientes meses para reducir el estímulo monetario que prevalece, y que un ajuste de esta magnitud envía una señal más potente de compromiso con la estabilidad de precios, en particular cuando el mercado espera mayoritariamente un aumento de 25 puntos base. Señala que esto puede ser apropiado, considerando que si bien las expectativas de inflación a mayores plazos del sistema financiero se mantienen cerca de 3% y no muestran mayor diferencia con episodios anteriores en que la inflación ha excedido la meta, la inflación estará por algunos meses muy por sobre 3% y existe mayor visibilidad pública de las alzas de precios. Esto último agrega, ya se refleja en encuestas a hogares y empresas y en el tratamiento que la prensa le da al tema. Además, esta situación, sumada a la aparente inexistencia de holguras relevantes, en particular el bajo desempleo, podría alimentar efectos de segunda vuelta en salarios y otros precios e incluso hacer peligrar el anclaje de expectativas. Menciona que un alza más agresiva de la Tasa de Política Monetaria ayudaría a temperar estos riesgos. Por otro lado indica el señor Gerente de División, un aumento mayor de 25 puntos base tiene algunas desventajas. Primero, si bien no se perciben holguras, debe tomarse en cuenta que el alza de la inflación está focalizada en una gama acotada de productos. Por ejemplo, si se excluyen los alimentos del IPCX1, lo que deja una canasta que representa el 51% del IPC total, este indicador tiene un aumento anual menor de 2,5% y una tendencia estable. Si se excluyen alimentos y energía del IPC, lo que deja una canasta que representa el 68% del total, se llega a una inflación menor de 2% y con tendencia reciente a la baja. Existe por lo tanto el riesgo que, de revertirse el precio de los productos que han sufrido alzas inusuales, la inflación disminuya relativamente rápido. En segundo lugar, menciona el señor Valdés, la situación de turbulencia y ajuste en los mercados financieros internacionales genera un grado importante de incertidumbre respecto del curso más apropiado para la política monetaria. Por ejemplo, agrega, podría darse un cuadro futuro de debilidad cíclica global, que requiera de una política más acomodaticia, con lo que podría ser recomendable seguir un curso de ajustes menos intensos a la espera de mayor información. En tercer lugar señala el señor Rodrigo Valdés, al ser un ajuste mayor que el esperado, un alza de 50 puntos base podría leerse como una reacción a perspectivas inflacionarias de corto y mediano plazo mayores que las que tiene el mercado, con el consiguiente efecto en las tasas de interés y el tipo de cambio. Indica que con todo, las proyecciones internas de inflación de corto plazo son algo mayores que las que maneja el mercado. Por último, menciona el Gerente de División Estudios que es probable que la comunicación de aumentos de la Tasa de Política Monetaria más acotados, pero continuados, sea menos compleja que la alternativa de un aumento más significativo en esta reunión. En particular, no está claro qué tipo de sesgo entregar en el caso de un aumento de 50 puntos base. En cambio, un aumento de 25 puntos base y reforzar el sesgo de las últimas reuniones, por ejemplo a través de comunicar la posibilidad de aumentos de la Tasa de Política Monetaria más frecuentes, e incluso mayores si se percibe un desanclaje de expectativas, debería ser fácilmente comprendido.",Evolución de mercados financieros y tipo de cambio,mercados_financieros,mercados financieros,mercados_financieros,NO,NO,NO,Rol según lista de asistencia: Gerente de División Estudios,RPM-2007-08-09:1387:1,1,XLSX_ORIGINAL,NO,NO,RPM-2007-08-09:1387:B1,SIN_ALERTAS_AUTOMATICAS,,RPM-2007-08-09:T43,CONTINUIDAD_EXPLICITA,RPM-2007-08-09:1386:2,RPM-2007-08-09:1387:1
1387,TRAZABILIDAD,285a93ceb954361fb2fe28b8b89f8dc2705d591bcb9a47525adef12bf836890f,Despues,1836,RPM-2007-08-09,2007-08-09 00:00:00,Rodrigo Valdés Pulido,Rodrigo Valdés Pulido,NO,Ministro de Hacienda,Gerente de División Estudios,SI,,Gerente de División Estudios,LISTA_ASISTENCIA,,SUJETO_NOMBRE,14,"El señor Rodrigo Valdés menciona que con el análisis efectuado hasta ahora, le parece que las opciones más plausibles para esta reunión son aumentar la tasa de política m onetaria en 25 puntos base o en 50 puntos base, habiendo méritos para ambas opciones. Agrega el señor Gerente de División que desde la Reunión anterior, las principales novedades son las siguientes; • En el lado externo, la mayor noticia fue la ampliación de los spreads de riesgo de crédito en diferentes mercados, a partir del nerviosismo que ha generado la situación de los préstamos hipotecarios en Estados Unidos. Ello también provocó volatilidad y ajustes en bolsas, premios soberanos y paridades. Si bien las proyecciones de crecimiento mundial se ajustan marginalmente al alza, la relativa debilidad de los indicadores coyunturales en Estados Unidos de América y un eventual deterioro de las condiciones crediticias podrían reducirlas en los próximos meses. • Los precios del cobre y del petróleo se mantienen altos, cerca de US$ 3,5- 3,6 la libra y US$ 72-75 el barril, respectivamente. Señala que ello motiva una importante revisión al alza en sus precios proyectados para el año en curso y en especial para el 2008. • En el mercado financiero interno, el cambio más notorio fue el nuevo empinamiento de la cun/a de rendimiento en su plazo más corto, luego del elevado IPC de julio. Los precios financieros reflejan una Tasa de Política Monetaria de entre 6 y 6,25% a fines de año, cerca de 25 puntos base más que el mes pasado. Las tasas de interés nominales de mediano y largo plazo tuvieron un ajuste al alza, mientras que en UF se mantienen en niveles similares a los de hace un mes, pero con importantes vaivenes. Por el lado de los agregados monetarios, crediticios y de las tasas cobradas por el sistema, no hay grandes noticias, manteniéndose las condiciones financieras favorables y el peso se ha mantenido relativamente estable. • La actividad del segundo trimestre habría crecido cerca de 6%, 3-4 puntos por sobre lo proyectado en el IPoM, aunque similar a lo proyectado hace un mes. Excluyendo recursos naturales, el crecimiento del producto habría sido de 6,4%, 1V4 puntos sobre lo proyectado en el IPoM. Con ello se estima que el nivel de actividad sería similar a su nivel de tendencia. • En el mercado laboral continúa una alta creación anual de empleos y vuelve a sorprender el bajo desempleo, que llega a 6,2% desestacionalizado. La encuesta trimestral de la Universidad de Chile entrega un cuadro comparable. • Una vez más, en junio la inflación fue considerablemente mayor que la proyectada, también por aumentos inesperados de los precios de algunos alimentos, en especial los perecibles e ítems específicos del rubro alimentos del IPCX1. El panorama de inflación de corto plazo vuelve a corregirse al alza y se ubica muy por encima del proyectado en el escenario base del IPoM anterior y en la última Reunión de Política Monetaria. Las medidas alternativas de tendencia inflacionaria volvieron a aumentar levemente y se ubican entre 3% y 4%. • Los indicadores de expectativas de inflación del sector privado reflejan estos cambios, con alzas marcadas a plazos cortos. Las expectativas de inflación de mayor plazo se ubican cerca de 3%. Si bien algunos indicadores de expectativas de mediano y largo plazo son algo mayores que 3%, no se encuentran sobre los niveles alcanzados en episodios anteriores de inflación elevada. • La discrepancia entre CMO e IREM se mantiene, al igual que el panorama relativamente benigno por el lado de los costos salariales. Menciona el Gerente de División Estudios que con los antecedentes disponibles, las opciones más plausibles para esta reunión son aumentar la Tasa de Política Monetaria en 25 puntos base o en 50 puntos base. Señala el Gerente de División Estudios que en la Reunión de Política Monetaria anterior, se analizó cómo el cierre de holguras se produjo más rápido que lo proyectado, y que el hecho que la tendencia inflacionaria se ubicara algo sobre 3%, hacía necesario ajustar la Tasa de Política Monetaria de manera de reducir el estímulo que provee la política monetaria. En todo caso, agrega, cuán rápido llevar la Tasa de Política Monetaria a su nivel neutral, las distintas estimaciones de la Tasa de Política Monetaria neutral la ubican por encima de 6%, era una pregunta de implementación y dependía, entre otros factores, de la evaluación de si esta situación de menores brechas persistiría. Por encima de esto, además, se enfrentaba un shock de precios de alimentos inusualmente intenso, cuya persistencia era difícil de precisar y que, sumado al elevado precio de los combustibles, implicaba un riesgo por eventuales efectos de segunda vuelta y desanclaje de expectativas. En ese cuadro, la estrategia de aumentos de la Tasa de Política Monetaria podría tener que acelerarse de manera de prevenir estos efectos de segunda vuelta. Comenta el señor Gerente que el análisis anterior sigue siendo válido e implica que es necesario continuar aumentando la Tasa de Política Monetaria, sin perjuicio de la necesidad de considerar aspectos de implementación para decidir la dosis y la oportunidad. De hecho, las cifras de actividad y demanda refuerzan el cuadro de cierre de holguras discutido el mes pasado. Por otra parte, agrega que las novedades en el lado de la inflación sí modifican el panorama de inflación de corto plazo. En particular, señala que la profundización del shock de precios de alimentos y, en alguna medida de energía, intensifican el panorama de inflación elevada en el corto plazo. Agrega que se proyecta que la inflación superará el 5% por algunos meses, reflejando tanto efectos base, inflación ya materializada, como una mayor inflación proyectada para el corto plazo, del orden de 1% acumulado en los próximos 3 meses, mayor que lo proyectado hace un mes. De esta manera, indica el señor Gerente que se puede justificar un alza de 25 puntos base aún sin las novedades que se han tenido durante el último mes. Con las novedades, en particular el registro de inflación muy por encima de las expectativas, se puede argumentar que un alza de 25 puntos base es el ajuste mínimo de la Tasa de Política Monetaria para esta Reunión. Comenta don Rodrigo Valdés que se puede justificar un aumento de 50 puntos base, considerando que en el escenario más probable, de todas formas será necesario aumentar la Tasa de Política Monetaria en los siguientes meses para reducir el estímulo monetario que prevalece, y que un ajuste de esta magnitud envía una señal más potente de compromiso con la estabilidad de precios, en particular cuando el mercado espera mayoritariamente un aumento de 25 puntos base. Señala que esto puede ser apropiado, considerando que si bien las expectativas de inflación a mayores plazos del sistema financiero se mantienen cerca de 3% y no muestran mayor diferencia con episodios anteriores en que la inflación ha excedido la meta, la inflación estará por algunos meses muy por sobre 3% y existe mayor visibilidad pública de las alzas de precios. Esto último agrega, ya se refleja en encuestas a hogares y empresas y en el tratamiento que la prensa le da al tema. Además, esta situación, sumada a la aparente inexistencia de holguras relevantes, en particular el bajo desempleo, podría alimentar efectos de segunda vuelta en salarios y otros precios e incluso hacer peligrar el anclaje de expectativas. Menciona que un alza más agresiva de la Tasa de Política Monetaria ayudaría a temperar estos riesgos. Por otro lado indica el señor Gerente de División, un aumento mayor de 25 puntos base tiene algunas desventajas. Primero, si bien no se perciben holguras, debe tomarse en cuenta que el alza de la inflación está focalizada en una gama acotada de productos. Por ejemplo, si se excluyen los alimentos del IPCX1, lo que deja una canasta que representa el 51% del IPC total, este indicador tiene un aumento anual menor de 2,5% y una tendencia estable. Si se excluyen alimentos y energía del IPC, lo que deja una canasta que representa el 68% del total, se llega a una inflación menor de 2% y con tendencia reciente a la baja. Existe por lo tanto el riesgo que, de revertirse el precio de los productos que han sufrido alzas inusuales, la inflación disminuya relativamente rápido. En segundo lugar, menciona el señor Valdés, la situación de turbulencia y ajuste en los mercados financieros internacionales genera un grado importante de incertidumbre respecto del curso más apropiado para la política monetaria. Por ejemplo, agrega, podría darse un cuadro futuro de debilidad cíclica global, que requiera de una política más acomodaticia, con lo que podría ser recomendable seguir un curso de ajustes menos intensos a la espera de mayor información. En tercer lugar señala el señor Rodrigo Valdés, al ser un ajuste mayor que el esperado, un alza de 50 puntos base podría leerse como una reacción a perspectivas inflacionarias de corto y mediano plazo mayores que las que tiene el mercado, con el consiguiente efecto en las tasas de interés y el tipo de cambio. Indica que con todo, las proyecciones internas de inflación de corto plazo son algo mayores que las que maneja el mercado. Por último, menciona el Gerente de División Estudios que es probable que la comunicación de aumentos de la Tasa de Política Monetaria más acotados, pero continuados, sea menos compleja que la alternativa de un aumento más significativo en esta reunión. En particular, no está claro qué tipo de sesgo entregar en el caso de un aumento de 50 puntos base. En cambio, un aumento de 25 puntos base y reforzar el sesgo de las últimas reuniones, por ejemplo a través de comunicar la posibilidad de aumentos de la Tasa de Política Monetaria más frecuentes, e incluso mayores si se percibe un desanclaje de expectativas, debería ser fácilmente comprendido.",Evolución de mercados financieros y tipo de cambio,mercados_financieros,mercados financieros,mercados_financieros,NO,NO,NO,Rol según lista de asistencia: Gerente de División Estudios,RPM-2007-08-09:1387:1,1,XLSX_ORIGINAL,NO,NO,RPM-2007-08-09:1387:B1,SIN_ALERTAS_AUTOMATICAS,,RPM-2007-08-09:T45,CONTINUIDAD_EXPLICITA,RPM-2007-08-09:1386:4,RPM-2007-08-09:1387:1
1904,METADATOS_Y_ADVERTENCIA,66478e0a23cc34e2501610e55e243605202fc7b4e5f43e778523e3c4c244a174,Antes,2624,RPM-2008-06-10,2008-06-10 00:00:00,Beltrán de Ramón Acevedo,Beltrán de Ramón Acevedo,NO,Gerente de División Operaciones Financieras,Gerente de División Operaciones Financieras,NO,,Gerente de División Operaciones Financieras,LISTA_ASISTENCIA,,SUJETO_ROL_NOMBRE,24,"El Gerente de Mercados Financieros Nacionales señor Beltrán De Ramón manifiesta que desde la Reunión de Política Monetaria anterior, se han tenido las siguientes noticias inesperadas que han cambiado el panorama inflacionario que se enfrenta: a) La inflación proyectada por el Banco Central de Chile a diciembre pasó de 4,7% (IPoM) a 6,2% (Reunión de Política Monetaria de junio), esto es, 150 puntos base en menos de un mes. Los factores detrás de este aumento fueron ampliamente debatidos en la Reunión de la mañana. Sin embargo, consigna que la sorpresa en el IPC de mayo representa sólo un tercio de este aumento. b) Las expectativas de inflación medidas en encuestas y las compensaciones inflacionarias de los distintos instrumentos han subido significativamente, destacando que estas últimas han aumentado en aproximadamente 70 puntos base para los próximos doce meses y 85 puntos base para los siguientes doce meses. Si bien se sabe que estas compensaciones tienen premios, le parece que es ilustrativo observar que la proyección de inflación del mercado a diciembre está en 6,5%, no muy distinto a lo reportado por la Gerencia de División Estudios. Manifiesta el señor Gerente que por el lado de la actividad y salarios, no se observan elementos significativamente distintos a lo proyectado anteriormente. Señala que el conjunto de antecedentes anteriores, materializa un escenario de riesgos que es distinto al proyectado en el IPoM, el cual al mismo tiempo aleja al Banco Central de Chile del pronóstico de que la inflación va a converger al rango de meta a mediados del año 2009. El riesgo mayor, y es lo que se debe evitar, es que los aumentos de precios se hagan más persistentes y que los agentes se acostumbren a tener inflaciones altas por más de dos años, considerando que subió del 4% hace casi un año (julio 2007) y que en el mejor escenario en algo menos de un año más volvería a 4%. Este acostumbramiento, podría hacer que incluso la vuelta al rango meta se postergue hasta fines del año 2009, configurando dos años y medio de inflaciones por sobre el 4%. Con estos antecedentes, el Gerente señor De Ramón recomienda al Consejo un aumento de 50 puntos base en la Tasa de Política Monetaria en esta Reunión. Indica que un aumento de 25 puntos base sería visto como una respuesta inadecuada a un shock de inflación de magnitud y a expectativas de inflación que han subido significativamente y un aumento de 50 puntos base, hasta 6,75%, si bien es inesperado, está incorporado en la curva swap para los próximos dos o tres meses. Señala que si bien un aumento mayor a 50 puntos base debe eliminarse, para no distorsionar significativamente los precios, considera que no debe descartarse para nada realizar otros aumentos adicionales en los próximos meses, considerando que una sorpresa de 150 puntos base para el año 2008, como está considerado en el escenario de proyecciones de esta Reunión de Política Monetaria, es altamente probable si se cumple la proyección de la Gerencia de División Estudios y de los seguros de inflación. ■J",Evaluación de opciones de política monetaria,opciones_tpm,opciones tpm,opciones_tpm,NO,NO,NO,Rol según lista de asistencia: Gerente de División Operaciones Financieras,RPM-2008-06-10:1904:1,1,XLSX_ORIGINAL,NO,NO,RPM-2008-06-10:1904:B1,PENDIENTE_REVISION,FINAL_SIN_PUNTUACION,RPM-2008-06-10:T95,INICIO_EXPLICITO,,RPM-2008-06-10:1904:1
1904,METADATOS_Y_ADVERTENCIA,66478e0a23cc34e2501610e55e243605202fc7b4e5f43e778523e3c4c244a174,Antes,2625,RPM-2008-06-10,2008-06-10 00:00:00,Beltrán de Ramón Acevedo,Kevin Cowan Logan,SI,Gerente de División Operaciones Financieras,Gerente de División Política Financiera,SI,,Gerente de División Política Financiera,LISTA_ASISTENCIA,,CONTEXTO_REVISADO,24,"El Gerente de División Política l\/lonetaria señor Kevin Cowan señala que cree que las principales noticias desde la última Reunión de Política Monetaria son tres. En primer lugar, shocks a niveles de precios con potenciales impactos de segunda vuelta sobre la inflación, en particular el alza significativa que se ha observado en el precio internacional del petróleo spot y el registro de inflación para mayo significativamente más alta a la esperada en la Reunión de Política Monetaria anterior y por el mercado. En segundo lugar, shocks a la tasa de crecimiento esperada de precios externos claves, entre los cuales se incluye el alza en la inflación esperada para el petróleo en los próximos meses, y alzas en las tasas de inflación efectivas y esperadas en economías desarrolladas, en particular en los índices de precios productor que son intensivos en bienes transables y por lo tanto, una mejor medida en los precios externos relevantes para Chile. En tercer lugar, las alzas en las expectativas de inflación que mencionaba el señor Gerente de División Operaciones Financieras, en especial la expectativa de uno en uno, recogidas por las encuestas múltiples que realiza el Banco Central de Chile y los agentes. Indica que esos tres conjuntos de noticias sugieren un alza en la Tasa de Política Monetaria, tal como se discute en la Minuta de Opciones.",Evaluación de opciones de política monetaria,opciones_tpm,opciones tpm,opciones_tpm,NO,NO,NO,Hablante por contexto documentado: HAB-20260907-1904 (data/curation/revisiones_hablantes.json; no cotejo PDF); Rol según lista de asistencia: Gerente de División Política Financiera,RPM-2008-06-10:1904:2,2,XLSX_ORIGINAL,NO,NO,RPM-2008-06-10:1904:B2,SIN_ALERTAS_AUTOMATICAS,,RPM-2008-06-10:T96,SIN_CONTINUIDAD_CONFIRMADA,,
1904,METADATOS_Y_ADVERTENCIA,66478e0a23cc34e2501610e55e243605202fc7b4e5f43e778523e3c4c244a174,Despues,2626,RPM-2008-06-10,2008-06-10 00:00:00,Beltrán de Ramón Acevedo,Beltrán de Ramón Acevedo,NO,Gerente de División Operaciones Financieras,Gerente de División Operaciones Financieras,NO,,Gerente de División Operaciones Financieras,LISTA_ASISTENCIA,,SUJETO_ROL_NOMBRE,24,"El Gerente de Mercados Financieros Nacionales señor Beltrán De Ramón manifiesta que desde la Reunión de Política Monetaria anterior, se han tenido las siguientes noticias inesperadas que han cambiado el panorama inflacionario que se enfrenta: a) La inflación proyectada por el Banco Central de Chile a diciembre pasó de 4,7% (IPoM) a 6,2% (Reunión de Política Monetaria de junio), esto es, 150 puntos base en menos de un mes. Los factores detrás de este aumento fueron ampliamente debatidos en la Reunión de la mañana. Sin embargo, consigna que la sorpresa en el IPC de mayo representa sólo un tercio de este aumento. b) Las expectativas de inflación medidas en encuestas y las compensaciones inflacionarias de los distintos instrumentos han subido significativamente, destacando que estas últimas han aumentado en aproximadamente 70 puntos base para los próximos doce meses y 85 puntos base para los siguientes doce meses. Si bien se sabe que estas compensaciones tienen premios, le parece que es ilustrativo observar que la proyección de inflación del mercado a diciembre está en 6,5%, no muy distinto a lo reportado por la Gerencia de División Estudios. Manifiesta el señor Gerente que por el lado de la actividad y salarios, no se observan elementos significativamente distintos a lo proyectado anteriormente. Señala que el conjunto de antecedentes anteriores, materializa un escenario de riesgos que es distinto al proyectado en el IPoM, el cual al mismo tiempo aleja al Banco Central de Chile del pronóstico de que la inflación va a converger al rango de meta a mediados del año 2009. El riesgo mayor, y es lo que se debe evitar, es que los aumentos de precios se hagan más persistentes y que los agentes se acostumbren a tener inflaciones altas por más de dos años, considerando que subió del 4% hace casi un año (julio 2007) y que en el mejor escenario en algo menos de un año más volvería a 4%. Este acostumbramiento, podría hacer que incluso la vuelta al rango meta se postergue hasta fines del año 2009, configurando dos años y medio de inflaciones por sobre el 4%. Con estos antecedentes, el Gerente señor De Ramón recomienda al Consejo un aumento de 50 puntos base en la Tasa de Política Monetaria en esta Reunión. Indica que un aumento de 25 puntos base sería visto como una respuesta inadecuada a un shock de inflación de magnitud y a expectativas de inflación que han subido significativamente y un aumento de 50 puntos base, hasta 6,75%, si bien es inesperado, está incorporado en la curva swap para los próximos dos o tres meses. Señala que si bien un aumento mayor a 50 puntos base debe eliminarse, para no distorsionar significativamente los precios, considera que no debe descartarse para nada realizar otros aumentos adicionales en los próximos meses, considerando que una sorpresa de 150 puntos base para el año 2008, como está considerado en el escenario de proyecciones de esta Reunión de Política Monetaria, es altamente probable si se cumple la proyección de la Gerencia de División Estudios y de los seguros de inflación. ■J",Evaluación de opciones de política monetaria,opciones_tpm,opciones tpm,opciones_tpm,NO,NO,NO,Rol según lista de asistencia: Gerente de División Operaciones Financieras,RPM-2008-06-10:1904:1,1,XLSX_ORIGINAL,NO,NO,RPM-2008-06-10:1904:B1,PENDIENTE_REVISION,FINAL_SIN_PUNTUACION,RPM-2008-06-10:T95,INICIO_EXPLICITO,,RPM-2008-06-10:1904:1
1904,METADATOS_Y_ADVERTENCIA,66478e0a23cc34e2501610e55e243605202fc7b4e5f43e778523e3c4c244a174,Despues,2627,RPM-2008-06-10,2008-06-10 00:00:00,Beltrán de Ramón Acevedo,Kevin Cowan Logan,SI,Gerente de División Operaciones Financieras,Gerente de División Política Financiera,SI,,Gerente de División Política Financiera,LISTA_ASISTENCIA,,CONTEXTO_REVISADO,24,"El Gerente de División Política l\/lonetaria señor Kevin Cowan señala que cree que las principales noticias desde la última Reunión de Política Monetaria son tres. En primer lugar, shocks a niveles de precios con potenciales impactos de segunda vuelta sobre la inflación, en particular el alza significativa que se ha observado en el precio internacional del petróleo spot y el registro de inflación para mayo significativamente más alta a la esperada en la Reunión de Política Monetaria anterior y por el mercado. En segundo lugar, shocks a la tasa de crecimiento esperada de precios externos claves, entre los cuales se incluye el alza en la inflación esperada para el petróleo en los próximos meses, y alzas en las tasas de inflación efectivas y esperadas en economías desarrolladas, en particular en los índices de precios productor que son intensivos en bienes transables y por lo tanto, una mejor medida en los precios externos relevantes para Chile. En tercer lugar, las alzas en las expectativas de inflación que mencionaba el señor Gerente de División Operaciones Financieras, en especial la expectativa de uno en uno, recogidas por las encuestas múltiples que realiza el Banco Central de Chile y los agentes. Indica que esos tres conjuntos de noticias sugieren un alza en la Tasa de Política Monetaria, tal como se discute en la Minuta de Opciones.",Evaluación de opciones de política monetaria,opciones_tpm,opciones tpm,opciones_tpm,NO,NO,NO,Hablante por contexto documentado: HAB-20260907-1904 (data/curation/revisiones_hablantes.json; no cotejo PDF); Rol según lista de asistencia: Gerente de División Política Financiera,RPM-2008-06-10:1904:2,2,XLSX_ORIGINAL,NO,NO,RPM-2008-06-10:1904:B2,PENDIENTE_REVISION,CARGO_EN_DISCURSO_POR_VERIFICAR,RPM-2008-06-10:T96,SIN_CONTINUIDAD_CONFIRMADA,,
2463,ESTRUCTURAL,932c8060a6d66359f3194a5e74c215400bf23fe71e9eb2a3fb3e34a94f278636,Antes,3447,RPM-2009-04-09,2009-04-09 00:00:00,Luis Felipe Céspedes Cifuentes,Luis Felipe Céspedes Cifuentes,NO,Asesor del Ministro de Hacienda,Gerente de Investigación Económica,SI,,Gerente de Investigación Económica,LISTA_ASISTENCIA,,SUJETO_ROL_NOMBRE,12,"El Gerente de Investigación Económica señor Luis Felipe Céspedes explica que la vivienda social propiamente tal, es de alrededor de 80 mil unidades. El resto, es decir, las otras dos categorías que tienen parte de subsidio y parte de financiamiento privado, son aproximadamente 50 mil. En total suman en tomo a 120.000 a 130.000. El señor Céspedes indica que el dato que se presenta no incluye a las viviendas sociales propiamente tales. El señor i\/linistro señala que su suposición era que las personas que venden con subsidio, o compran o pierden el subsidio. Por lo tanto, es mucho menos sensible al ciclo, aún cuando sea parcial. Entonces, es mucho más puro el efecto cíclico que tendría la variación de las viviendas sin subsidio, o con un subsidio parcial menor. Este dato corresponde a esas dos categorías, esto es la categoría que tiene subsidio parcial o completamente privado. Las que son sociales propiamente tales no están incluidas acá.",Análisis macroeconómico y discusión de política monetaria,debate,discusión monetaria,debate,NO,NO,NO,Rol según lista de asistencia: Gerente de Investigación Económica,RPM-2009-04-09:2463:1,1,XLSX_ORIGINAL,NO,NO,RPM-2009-04-09:2463:B1,SIN_ALERTAS_AUTOMATICAS,,RPM-2009-04-09:T81,INICIO_EXPLICITO,,RPM-2009-04-09:2463:1
2463,ESTRUCTURAL,932c8060a6d66359f3194a5e74c215400bf23fe71e9eb2a3fb3e34a94f278636,Despues,3449,RPM-2009-04-09,2009-04-09 00:00:00,Luis Felipe Céspedes Cifuentes,Luis Felipe Céspedes Cifuentes,NO,Asesor del Ministro de Hacienda,Gerente de Investigación Económica,SI,,Gerente de Investigación Económica,LISTA_ASISTENCIA,,SUJETO_ROL_NOMBRE,12,"El Gerente de Investigación Económica señor Luis Felipe Céspedes explica que la vivienda social propiamente tal, es de alrededor de 80 mil unidades. El resto, es decir, las otras dos categorías que tienen parte de subsidio y parte de financiamiento privado, son aproximadamente 50 mil. En total suman en tomo a 120.000 a 130.000. El señor Céspedes indica que el dato que se presenta no incluye a las viviendas sociales propiamente tales.",Análisis macroeconómico y discusión de política monetaria,debate,discusión monetaria,debate,NO,NO,NO,Rol según lista de asistencia: Gerente de Investigación Económica,RPM-2009-04-09:2463:1,1,XLSX_ORIGINAL,NO,NO,RPM-2009-04-09:2463:B1,SIN_ALERTAS_AUTOMATICAS,,RPM-2009-04-09:T81,INICIO_EXPLICITO,,RPM-2009-04-09:2463:1
2463,ESTRUCTURAL,932c8060a6d66359f3194a5e74c215400bf23fe71e9eb2a3fb3e34a94f278636,Despues,3450,RPM-2009-04-09,2009-04-09 00:00:00,Luis Felipe Céspedes Cifuentes,Andrés Velasco Brañes,SI,Asesor del Ministro de Hacienda,Ministro de Hacienda,SI,,Ministro de Hacienda,LISTA_ASISTENCIA,,CONTEXTO_REVISADO,12,"El señor i\/linistro señala que su suposición era que las personas que venden con subsidio, o compran o pierden el subsidio. Por lo tanto, es mucho menos sensible al ciclo, aún cuando sea parcial. Entonces, es mucho más puro el efecto cíclico que tendría la variación de las viviendas sin subsidio, o con un subsidio parcial menor. Este dato corresponde a esas dos categorías, esto es la categoría que tiene subsidio parcial o completamente privado. Las que son sociales propiamente tales no están incluidas acá.",Análisis macroeconómico y discusión de política monetaria,debate,discusión monetaria,debate,NO,NO,NO,Hablante por contexto documentado: HAB-20260908-L22-2463-438 (data/curation/revisiones_hablantes.json; no cotejo PDF); Rol según lista de asistencia: Ministro de Hacienda,RPM-2009-04-09:2463:2,2,XLSX_ORIGINAL,NO,NO,RPM-2009-04-09:2463:B2,PENDIENTE_REVISION,TEXTO_DANADO_POR_COTEJAR,RPM-2009-04-09:T82,SIN_CONTINUIDAD_CONFIRMADA,,
2525,ESTRUCTURAL,14b7732969ad5775c30a340f52eed5dc4156899f2e059af8e842d97c672da293,Antes,3548,RPM-2009-05-07,2009-05-07 00:00:00,Andrés Velasco Brañes,Andrés Velasco Brañes,NO,Ministra de Hacienda (S),Ministro de Hacienda,SI,,Ministro de Hacienda,LISTA_ASISTENCIA,,SUJETO_ROL_NOMBRE,10,"El Ministro de Hacienda señor Andrés Velasco señala que hay elementos que se suman. Política monetaria; baja generalizada de lo que los bancos cobran, especialmente Banco Estado; y tercero, que el ahorro requerido por una familia es menor hasta 2000 UF porque subió el subsidio. Al respecto, el Consejero señor Enrique í\/larshall señala que también hay un movimiento por parte de inversionistas que, según la información que ha recibido, estarían comprando 30 ó 40 departamentos en un edificio. El Gerente de Análisis í\/lacroeconómico señala que la información que se presenta corresponde a datos trimestrales de Collect, que justamente refieren en parte algo que se mencionó. A fines de 2008 cayó la venta de viviendas en forma generalizada, observándose también en el último trimestre de 2008, una caída bastante significativa de las viviendas menores a 2 mil UF. Señala que parte de la recuperación de las ventas que se ha observado el primer trimestre de este año, corresponde justamente en ese segmento. Concluye que dicha información es coherente con el dato sobre permisos de edificación en que se ve un salto muy importante en permisos sobre todo en las viviendas pequeñas de hasta 2 mil UF aproximadamente. Al respecto, el señor Ministro de Hacienda destaca que es en ese nivel donde operan los subsidios.",Análisis de actividad económica doméstica y demanda,actividad_interna,actividad interna,actividad_interna,NO,NO,NO,Rol según lista de asistencia: Ministro de Hacienda,RPM-2009-05-07:2525:1,1,XLSX_ORIGINAL,NO,NO,RPM-2009-05-07:2525:B1,SIN_ALERTAS_AUTOMATICAS,,RPM-2009-05-07:T34,INICIO_EXPLICITO,,RPM-2009-05-07:2525:1
2525,ESTRUCTURAL,14b7732969ad5775c30a340f52eed5dc4156899f2e059af8e842d97c672da293,Antes,3549,RPM-2009-05-07,2009-05-07 00:00:00,Andrés Velasco Brañes,Claudio Soto Gamboa,SI,Ministra de Hacienda (S),Gerente de Análisis Macroeconómico,SI,,Gerente de Análisis Macroeconómico,LISTA_ASISTENCIA,,SUJETO_ROL_SESION,10,"Por ello, señala el Gerente de Análisis Macroeconómico, esta información es un poco más optimista hacia delante sobre todo porque los permisos entran en el cálculo de cuentas nacionales del sector construcción y además, porque considera una especie de promedio móvil y así, este aumento va a tener impacto en los meses venideros.",Análisis de actividad económica doméstica y demanda,actividad_interna,actividad interna,actividad_interna,NO,NO,NO,Rol según lista de asistencia: Gerente de Análisis Macroeconómico,RPM-2009-05-07:2525:2,2,XLSX_ORIGINAL,NO,NO,RPM-2009-05-07:2525:B2,SIN_ALERTAS_AUTOMATICAS,,RPM-2009-05-07:T35,INICIO_EXPLICITO,,RPM-2009-05-07:2525:2
2525,ESTRUCTURAL,14b7732969ad5775c30a340f52eed5dc4156899f2e059af8e842d97c672da293,Despues,3551,RPM-2009-05-07,2009-05-07 00:00:00,Andrés Velasco Brañes,Andrés Velasco Brañes,NO,Ministra de Hacienda (S),Ministro de Hacienda,SI,,Ministro de Hacienda,LISTA_ASISTENCIA,,SUJETO_ROL_NOMBRE,10,"El Ministro de Hacienda señor Andrés Velasco señala que hay elementos que se suman. Política monetaria; baja generalizada de lo que los bancos cobran, especialmente Banco Estado; y tercero, que el ahorro requerido por una familia es menor hasta 2000 UF porque subió el subsidio.",Análisis de actividad económica doméstica y demanda,actividad_interna,actividad interna,actividad_interna,NO,NO,NO,Rol según lista de asistencia: Ministro de Hacienda,RPM-2009-05-07:2525:1,1,XLSX_ORIGINAL,NO,NO,RPM-2009-05-07:2525:B1,SIN_ALERTAS_AUTOMATICAS,,RPM-2009-05-07:T34,INICIO_EXPLICITO,,RPM-2009-05-07:2525:1
2525,ESTRUCTURAL,14b7732969ad5775c30a340f52eed5dc4156899f2e059af8e842d97c672da293,Despues,3552,RPM-2009-05-07,2009-05-07 00:00:00,Andrés Velasco Brañes,Enrique Marshall Rivera,SI,Ministra de Hacienda (S),Consejero,SI,,Consejero,LISTA_ASISTENCIA,,CONTEXTO_REVISADO,10,"Al respecto, el Consejero señor Enrique í\/larshall señala que también hay un movimiento por parte de inversionistas que, según la información que ha recibido, estarían comprando 30 ó 40 departamentos en un edificio.",Análisis de actividad económica doméstica y demanda,actividad_interna,actividad interna,actividad_interna,NO,NO,NO,Hablante por contexto documentado: HAB-20260908-L22-2525-279 (data/curation/revisiones_hablantes.json; no cotejo PDF); Rol según lista de asistencia: Consejero,RPM-2009-05-07:2525:2,2,XLSX_ORIGINAL,NO,NO,RPM-2009-05-07:2525:B2,PENDIENTE_REVISION,NOMBRE_EN_DISCURSO_POR_VERIFICAR,RPM-2009-05-07:T35,SIN_CONTINUIDAD_CONFIRMADA,,
2525,ESTRUCTURAL,14b7732969ad5775c30a340f52eed5dc4156899f2e059af8e842d97c672da293,Despues,3553,RPM-2009-05-07,2009-05-07 00:00:00,Andrés Velasco Brañes,Claudio Soto Gamboa,SI,Ministra de Hacienda (S),Gerente de Análisis Macroeconómico,SI,,Gerente de Análisis Macroeconómico,LISTA_ASISTENCIA,,CONTEXTO_REVISADO,10,"El Gerente de Análisis í\/lacroeconómico señala que la información que se presenta corresponde a datos trimestrales de Collect, que justamente refieren en parte algo que se mencionó. A fines de 2008 cayó la venta de viviendas en forma generalizada, observándose también en el último trimestre de 2008, una caída bastante significativa de las viviendas menores a 2 mil UF. Señala que parte de la recuperación de las ventas que se ha observado el primer trimestre de este año, corresponde justamente en ese segmento. Concluye que dicha información es coherente con el dato sobre permisos de edificación en que se ve un salto muy importante en permisos sobre todo en las viviendas pequeñas de hasta 2 mil UF aproximadamente.",Análisis de actividad económica doméstica y demanda,actividad_interna,actividad interna,actividad_interna,NO,NO,NO,Hablante por contexto documentado: HAB-20260908-L22-2525-496 (data/curation/revisiones_hablantes.json; no cotejo PDF); Rol según lista de asistencia: Gerente de Análisis Macroeconómico,RPM-2009-05-07:2525:3,3,XLSX_ORIGINAL,NO,NO,RPM-2009-05-07:2525:B3,SIN_ALERTAS_AUTOMATICAS,,RPM-2009-05-07:T36,SIN_CONTINUIDAD_CONFIRMADA,,
2525,ESTRUCTURAL,14b7732969ad5775c30a340f52eed5dc4156899f2e059af8e842d97c672da293,Despues,3554,RPM-2009-05-07,2009-05-07 00:00:00,Andrés Velasco Brañes,Andrés Velasco Brañes,NO,Ministra de Hacienda (S),Ministro de Hacienda,SI,,Ministro de Hacienda,LISTA_ASISTENCIA,,CONTEXTO_REVISADO,10,"Al respecto, el señor Ministro de Hacienda destaca que es en ese nivel donde operan los subsidios.",Análisis de actividad económica doméstica y demanda,actividad_interna,actividad interna,actividad_interna,NO,NO,NO,Hablante por contexto documentado: HAB-20260908-L22-2525-1218 (data/curation/revisiones_hablantes.json; no cotejo PDF); Rol según lista de asistencia: Ministro de Hacienda,RPM-2009-05-07:2525:4,4,XLSX_ORIGINAL,NO,NO,RPM-2009-05-07:2525:B4,SIN_ALERTAS_AUTOMATICAS,,RPM-2009-05-07:T37,SIN_CONTINUIDAD_CONFIRMADA,,
2525,ESTRUCTURAL,14b7732969ad5775c30a340f52eed5dc4156899f2e059af8e842d97c672da293,Despues,3555,RPM-2009-05-07,2009-05-07 00:00:00,Andrés Velasco Brañes,Claudio Soto Gamboa,SI,Ministra de Hacienda (S),Gerente de Análisis Macroeconómico,SI,,Gerente de Análisis Macroeconómico,LISTA_ASISTENCIA,,SUJETO_ROL_SESION,10,"Por ello, señala el Gerente de Análisis Macroeconómico, esta información es un poco más optimista hacia delante sobre todo porque los permisos entran en el cálculo de cuentas nacionales del sector construcción y además, porque considera una especie de promedio móvil y así, este aumento va a tener impacto en los meses venideros.",Análisis de actividad económica doméstica y demanda,actividad_interna,actividad interna,actividad_interna,NO,NO,NO,Rol según lista de asistencia: Gerente de Análisis Macroeconómico,RPM-2009-05-07:2525:5,5,XLSX_ORIGINAL,NO,NO,RPM-2009-05-07:2525:B5,SIN_ALERTAS_AUTOMATICAS,,RPM-2009-05-07:T38,INICIO_EXPLICITO,,RPM-2009-05-07:2525:5
2674,ESTRUCTURAL,d0bf1f145f07f3db3c185f7076213df875edad8f8c7939c209fd9dbbdae088aa,Antes,3859,RPM-2009-08-13,2009-08-13 00:00:00,Claudio Soto Gamboa,Claudio Soto Gamboa,NO,Gerente de Análisis Macroeconómico,Gerente de Análisis Macroeconómico,NO,,Gerente de Análisis Macroeconómico,LISTA_ASISTENCIA,,SUJETO_NOMBRE,9,"El señor Claudio Soto continúa, señalando que la proyección contempla precios de la gasolina un poco más elevados que la semana anterior. De esta manera, su precio se aproximaría lentamente hacia los $ 600 de aquí a fines de año y luego se estancaría. Hace presente que, considerando todos los elementos disponibles para el análisis, se proyecta una inflación para agosto de 0%, con caídas en el IPC subyacente , ya que se estima que puede haber reducciones adicionales en los precios del equipamiento para la vivienda y también del vestuario, como consecuencia de un tema estacional. Dado lo anterior, la inflación en doce meses sería negativa el próximo mes y hasta diciembre y, según las proyecciones, diciembre cerraría con un -0,8%. En cuanto a la composición de la inflación, se advierte que los sectores resto no solo van contribuyendo cada vez menos a ella, sino que han comenzado a contribuir negativamente a la inflación en doce meses, mientras que los combustibles empiezan a hacerlo positivamente. En relación con este tema, el señor Soto indica finalmente que los modelos alternativos proyectan, en general, inflaciones a diciembre en un rango de entre -1 y -2%, aclarando que estas cifras son similares a las proyecciones del mercado, que están en -1%. Al proseguir con su exposición, el Gerente de Análisis Macroeconómico se refiere ahora a los mercados financieros. Respecto de las tasas, menciona que la noticia más destacada del mes es la caída importante de la tasa de los bonos a dos años, tanto los reales como los nominales, lo que explica el empinamiento adicional de la curva. Las tasas de colocaciones, por su parte, han seguido cayendo en el margen, aunque las correspondientes a las colocaciones de consumo a 90 y 360 días y a las letras de crédito, registran una leve alza. Agrega que la caída de estas tasas es significativa desde su peak, registrado durante la primera semana de diciembre del año pasado, cuya magnitud varía desde los casi 700 puntos base en el caso de la tasa de colocación de consumo a 90 y 360, hasta 1.400 puntos base en el caso de la de consumo de tres años y más. El Consejero señor Enrique í\/larshall plantea que esa comparación es un poco tramposa, ya que los riesgos de fondeo y de refinanciamiento a los bancos, presentes en el periodo octubre-noviembre más que durante la primera semana de diciembre citada, han desaparecido, en buena medida gracias a las acciones del Banco Central y del Ministerio de Hacienda. Luego, señala que resulta normal que haya una caída respecto de ese peak, simplemente porque desapareció un riesgo. El Gerente de Análisis Macroeconómico manifiesta que las tasas de colocación de consumo y comerciales del BancoEstado han sido más bajas que las del sistema hasta lo más reciente, pero que los últimos datos indican que ellas han aumentado y se aproximan a las del resto del sistema. Sus tasas hipotecarias, en cambio, no solo son más altas que las del sistema, porque el segmento al cual el BancoEstado presta es más riesgoso, sino que las caídas que registran son mucho más pronunciadas. Prosiguiendo con su presentación, el Gerente señor Claudio Soto menciona que los spreads entre las tasas de colocación y captación han aumentado y son comparables con otros episodios de stress financiero. Asimismo, indica que si bien estos siguen altos, han disminuido respecto del primer semestre del año pasado, que correspondió a la primera etapa de la crisis. Agrega que los spreads de las tasas a los diferentes plazos han subido y han tenido un comportamiento bastante volátil y que, a pesar de su volatilidad en el último tiempo, esta no ha sido muy distinta de la registrada en años anteriores. En cuanto al diferencial entre las tasas mínimas y máximas, hace presente que hay una tendencia creciente en su dispersión, la que probablemente se explica por la penetración del crédito a sectores que son más riesgosos. Explica que la tendencia es más bien secular, la que puede haberse intensificado a fines del año pasado por el aumento de la percepción de riesgo, pero que ha tendido ha retroceder en el margen.",Evolución de mercados financieros y tipo de cambio,mercados_financieros,mercados financieros,mercados_financieros,NO,NO,NO,Rol según lista de asistencia: Gerente de Análisis Macroeconómico,RPM-2009-08-13:2674:1,1,XLSX_ORIGINAL,NO,NO,RPM-2009-08-13:2674:B1,SIN_ALERTAS_AUTOMATICAS,,RPM-2009-08-13:T41,CONTINUIDAD_EXPLICITA,RPM-2009-08-13:2673:2,RPM-2009-08-13:2674:1
2674,ESTRUCTURAL,d0bf1f145f07f3db3c185f7076213df875edad8f8c7939c209fd9dbbdae088aa,Antes,3860,RPM-2009-08-13,2009-08-13 00:00:00,Claudio Soto Gamboa,Kevin Cowan Logan,SI,Gerente de Análisis Macroeconómico,Gerente de División Política Financiera,SI,,Gerente de División Política Financiera,LISTA_ASISTENCIA,,SUJETO_ROL_NOMBRE,9,"El Gerente de División Política Financiera señor Kevin Cowan aclara que el señor Claudio Soto se está refiriendo al promedio de la dispersión por banco, ya que por cada uno de ellos se calcula la dispersión y el promedio. Añade que no se considera el hecho de que cierto banco haya entrado al mercado y sea más bancarizador, sino que se toma lo que ha estado haciendo cada uno de ellos.",Evolución de mercados financieros y tipo de cambio,mercados_financieros,mercados financieros,mercados_financieros,NO,NO,NO,Rol según lista de asistencia: Gerente de División Política Financiera,RPM-2009-08-13:2674:2,2,XLSX_ORIGINAL,NO,NO,RPM-2009-08-13:2674:B2,SIN_ALERTAS_AUTOMATICAS,,RPM-2009-08-13:T42,INICIO_EXPLICITO,,RPM-2009-08-13:2674:2
2674,ESTRUCTURAL,d0bf1f145f07f3db3c185f7076213df875edad8f8c7939c209fd9dbbdae088aa,Antes,3861,RPM-2009-08-13,2009-08-13 00:00:00,Claudio Soto Gamboa,Igal Magendzo Weinberger,SI,Gerente de Análisis Macroeconómico,Asesor del Ministerio de Hacienda,SI,,Asesor del Ministerio de Hacienda,LISTA_ASISTENCIA,,SUJETO_ROL_NOMBRE,9,"El Asesor del Ministro de Hacienda, señor Igal Magendzo, refiriéndose a la afirmación de que la pendiente al alza es por la bancarización de los bancos más riesgosos, pregunta si ello significa que una caída implica una desbancarización.",Evolución de mercados financieros y tipo de cambio,mercados_financieros,mercados financieros,mercados_financieros,NO,NO,NO,Rol según lista de asistencia: Asesor del Ministerio de Hacienda,RPM-2009-08-13:2674:3,3,XLSX_ORIGINAL,NO,NO,RPM-2009-08-13:2674:B3,SIN_ALERTAS_AUTOMATICAS,,RPM-2009-08-13:T43,INICIO_EXPLICITO,,RPM-2009-08-13:2674:3
2674,ESTRUCTURAL,d0bf1f145f07f3db3c185f7076213df875edad8f8c7939c209fd9dbbdae088aa,Antes,3862,RPM-2009-08-13,2009-08-13 00:00:00,Claudio Soto Gamboa,Pablo García Silva,SI,Gerente de Análisis Macroeconómico,Gerente de División Estudios,SI,,Gerente de División Estudios,LISTA_ASISTENCIA,,SUJETO_ROL_SESION,9,"Al respecto, el Gerente de División de Estudios comenta que el problema radica en que este tipo de situaciones siempre se pueden leer en una dirección o en otra, porque también se podría decir que la bancarización aumentó a fines del año pasado o que probablemente no aumentó, por lo que el aumento de la pendiente a fines del año pasado no es porque entraron nuevos clientes al sistema.",Evolución de mercados financieros y tipo de cambio,mercados_financieros,mercados financieros,mercados_financieros,NO,NO,NO,Rol según lista de asistencia: Gerente de División Estudios,RPM-2009-08-13:2674:4,4,XLSX_ORIGINAL,NO,NO,RPM-2009-08-13:2674:B4,SIN_ALERTAS_AUTOMATICAS,,RPM-2009-08-13:T44,INICIO_EXPLICITO,,RPM-2009-08-13:2674:4
2674,ESTRUCTURAL,d0bf1f145f07f3db3c185f7076213df875edad8f8c7939c209fd9dbbdae088aa,Antes,3863,RPM-2009-08-13,2009-08-13 00:00:00,Claudio Soto Gamboa,Claudio Soto Gamboa,NO,Gerente de Análisis Macroeconómico,Gerente de Análisis Macroeconómico,NO,,Gerente de Análisis Macroeconómico,LISTA_ASISTENCIA,,SUJETO_ROL_NOMBRE,9,"El Gerente señor Claudio Soto menciona que, de hecho, hay un estancamiento en las colocaciones y que todavía no se ven signos de recuperación, salvo el caso de las colocaciones para la vivienda en Unidades de Fomento, que han mantenido un cierto dinamismo, ya que se han desacelerado de forma importante y luego han crecido a tasas comparables con las de mediados del año pasado. Luego, hace presente que la participación del BancoEstado en las colocaciones de consumo y comerciales presentan un fuerte aumento, especialmente estas últimas, mientras que el alza de las hipotecarias es menor, porque el mercado está bastante segmentado.",Evolución de mercados financieros y tipo de cambio,mercados_financieros,mercados financieros,mercados_financieros,NO,NO,NO,Rol según lista de asistencia: Gerente de Análisis Macroeconómico,RPM-2009-08-13:2674:5,5,XLSX_ORIGINAL,NO,NO,RPM-2009-08-13:2674:B5,SIN_ALERTAS_AUTOMATICAS,,RPM-2009-08-13:T45,INICIO_EXPLICITO,,RPM-2009-08-13:2674:5
2674,ESTRUCTURAL,d0bf1f145f07f3db3c185f7076213df875edad8f8c7939c209fd9dbbdae088aa,Antes,3864,RPM-2009-08-13,2009-08-13 00:00:00,Claudio Soto Gamboa,Enrique Marshall Rivera,SI,Gerente de Análisis Macroeconómico,Consejero,SI,,Consejero,LISTA_ASISTENCIA,,CONTEXTO_REVISADO,9,"En opinión del Consejero señor Enrique Marshall, es muy importante hacer un seguimiento de las operaciones hipotecarias, ya que son operaciones con horizontes más largos, donde hay un espacio importante para seguir bancarizando, por cuanto corresponden a operaciones en las que las personas están, normalmente, sustituyendo el arriendo por la adquisición de una vivienda. Respecto de las operaciones de consumo, en cambio, piensa que son operaciones bastante contaminadas, porque los bancos tienen que hacer los castigos muy rápidamente y ello puede llevar a que el sector caiga por un tiempo. Aclara que esas operaciones no desaparecen, ya que los clientes siguen debiéndole a los bancos, pero es dinero que sale de la contabilidad. Luego, señala que es relativamente normal que en un ciclo como el actual haya que centrar la atención en las operaciones hipotecarias, ya que si siguen cayendo se convierte en un tema de mucha preocupación. Agrega que el problema es que habrá que admitir ciertas noticias relativamente malas por factores contables, por factores de apalancamiento, debido a que son menores los espacios para que el crédito se recupere rápido.",Evolución de mercados financieros y tipo de cambio,mercados_financieros,mercados financieros,mercados_financieros,NO,NO,NO,Hablante por contexto documentado: HAB-20260908-2674 (data/curation/revisiones_hablantes.json; no cotejo PDF); Rol según lista de asistencia: Consejero,RPM-2009-08-13:2674:6,6,XLSX_ORIGINAL,NO,NO,RPM-2009-08-13:2674:B6,SIN_ALERTAS_AUTOMATICAS,,RPM-2009-08-13:T46,SIN_CONTINUIDAD_CONFIRMADA,,
2674,ESTRUCTURAL,d0bf1f145f07f3db3c185f7076213df875edad8f8c7939c209fd9dbbdae088aa,Antes,3865,RPM-2009-08-13,2009-08-13 00:00:00,Claudio Soto Gamboa,Claudio Soto Gamboa,NO,Gerente de Análisis Macroeconómico,Gerente de Análisis Macroeconómico,NO,,Gerente de Análisis Macroeconómico,LISTA_ASISTENCIA,,SUJETO_ROL_SESION,9,"Respecto del tipo de cambio, el Gerente de Análisis Macroeconómico informa que el peso se ha depreciado, a pesar del importante aumento observado en el precio del cobre desde la última RPM. Al respecto, recuerda lo mencionado por el Gerente de Análisis Internacional, sobre las medidas alternativas para el tipo de cambio real, que, en lugar del Indice de Precios Externos Relevantes (IPE), consideran los IVUM e IVUX sin cobre. Explica que si se mide el tipo de cambio real con el IVUM, se obtiene que está bastante apreciado, pero que se observa también una tendencia decreciente en el tiempo, porque el precio de las importaciones ha ido cayendo. Asimismo, si se analiza el tipo de cambio real, considerando los IVUX sin cobre, se ve que está más apreciado que el año pasado, pero no más que en los últimos cinco o seis años, y claramente más depreciado que antes de la crisis asiática.",Evolución de mercados financieros y tipo de cambio,mercados_financieros,mercados financieros,mercados_financieros,NO,NO,NO,Rol según lista de asistencia: Gerente de Análisis Macroeconómico,RPM-2009-08-13:2674:7,7,XLSX_ORIGINAL,NO,NO,RPM-2009-08-13:2674:B7,SIN_ALERTAS_AUTOMATICAS,,RPM-2009-08-13:T47,INICIO_EXPLICITO,,RPM-2009-08-13:2674:7
2674,ESTRUCTURAL,d0bf1f145f07f3db3c185f7076213df875edad8f8c7939c209fd9dbbdae088aa,Antes,3866,RPM-2009-08-13,2009-08-13 00:00:00,Claudio Soto Gamboa,Andrés Velasco Brañes,SI,Gerente de Análisis Macroeconómico,Ministro de Hacienda,SI,,Ministro de Hacienda,LISTA_ASISTENCIA,,SUJETO_ROL_SESION,9,"Al respecto, el señor Ministro de Hacienda señala que lo sorprendente de los últimos quince días es que el tipo de cambio se deprecie levemente, a pesar que los commodities suben, y que se comente que se habría activado el carry trade precisamente con Brasil Las tasas en Chile y en Brasil no han cambiado, agrega. Dado eso, pregunta por qué ello estaría ocurriendo si, al parecer, la tasa no se ha movido, y cuál es el market feeling al respecto.",Evolución de mercados financieros y tipo de cambio,mercados_financieros,mercados financieros,mercados_financieros,NO,NO,NO,Rol según lista de asistencia: Ministro de Hacienda,RPM-2009-08-13:2674:8,8,XLSX_ORIGINAL,NO,NO,RPM-2009-08-13:2674:B8,SIN_ALERTAS_AUTOMATICAS,,RPM-2009-08-13:T48,INICIO_EXPLICITO,,RPM-2009-08-13:2674:8
2674,ESTRUCTURAL,d0bf1f145f07f3db3c185f7076213df875edad8f8c7939c209fd9dbbdae088aa,Despues,3865,RPM-2009-08-13,2009-08-13 00:00:00,Claudio Soto Gamboa,Claudio Soto Gamboa,NO,Gerente de Análisis Macroeconómico,Gerente de Análisis Macroeconómico,NO,,Gerente de Análisis Macroeconómico,LISTA_ASISTENCIA,,SUJETO_NOMBRE,9,"El señor Claudio Soto continúa, señalando que la proyección contempla precios de la gasolina un poco más elevados que la semana anterior. De esta manera, su precio se aproximaría lentamente hacia los $ 600 de aquí a fines de año y luego se estancaría. Hace presente que, considerando todos los elementos disponibles para el análisis, se proyecta una inflación para agosto de 0%, con caídas en el IPC subyacente , ya que se estima que puede haber reducciones adicionales en los precios del equipamiento para la vivienda y también del vestuario, como consecuencia de un tema estacional. Dado lo anterior, la inflación en doce meses sería negativa el próximo mes y hasta diciembre y, según las proyecciones, diciembre cerraría con un -0,8%. En cuanto a la composición de la inflación, se advierte que los sectores resto no solo van contribuyendo cada vez menos a ella, sino que han comenzado a contribuir negativamente a la inflación en doce meses, mientras que los combustibles empiezan a hacerlo positivamente. En relación con este tema, el señor Soto indica finalmente que los modelos alternativos proyectan, en general, inflaciones a diciembre en un rango de entre -1 y -2%, aclarando que estas cifras son similares a las proyecciones del mercado, que están en -1%. Al proseguir con su exposición, el Gerente de Análisis Macroeconómico se refiere ahora a los mercados financieros. Respecto de las tasas, menciona que la noticia más destacada del mes es la caída importante de la tasa de los bonos a dos años, tanto los reales como los nominales, lo que explica el empinamiento adicional de la curva. Las tasas de colocaciones, por su parte, han seguido cayendo en el margen, aunque las correspondientes a las colocaciones de consumo a 90 y 360 días y a las letras de crédito, registran una leve alza. Agrega que la caída de estas tasas es significativa desde su peak, registrado durante la primera semana de diciembre del año pasado, cuya magnitud varía desde los casi 700 puntos base en el caso de la tasa de colocación de consumo a 90 y 360, hasta 1.400 puntos base en el caso de la de consumo de tres años y más.",Evolución de mercados financieros y tipo de cambio,mercados_financieros,mercados financieros,mercados_financieros,NO,NO,NO,Rol según lista de asistencia: Gerente de Análisis Macroeconómico,RPM-2009-08-13:2674:1,1,XLSX_ORIGINAL,NO,NO,RPM-2009-08-13:2674:B1,SIN_ALERTAS_AUTOMATICAS,,RPM-2009-08-13:T41,CONTINUIDAD_EXPLICITA,RPM-2009-08-13:2673:2,RPM-2009-08-13:2674:1
2674,ESTRUCTURAL,d0bf1f145f07f3db3c185f7076213df875edad8f8c7939c209fd9dbbdae088aa,Despues,3866,RPM-2009-08-13,2009-08-13 00:00:00,Claudio Soto Gamboa,Enrique Marshall Rivera,SI,Gerente de Análisis Macroeconómico,Consejero,SI,,Consejero,LISTA_ASISTENCIA,,CONTEXTO_REVISADO,9,"El Consejero señor Enrique í\/larshall plantea que esa comparación es un poco tramposa, ya que los riesgos de fondeo y de refinanciamiento a los bancos, presentes en el periodo octubre-noviembre más que durante la primera semana de diciembre citada, han desaparecido, en buena medida gracias a las acciones del Banco Central y del Ministerio de Hacienda. Luego, señala que resulta normal que haya una caída respecto de ese peak, simplemente porque desapareció un riesgo.",Evolución de mercados financieros y tipo de cambio,mercados_financieros,mercados financieros,mercados_financieros,NO,NO,NO,Hablante por contexto documentado: HAB-20260908-L22-2674-2117 (data/curation/revisiones_hablantes.json; no cotejo PDF); Rol según lista de asistencia: Consejero,RPM-2009-08-13:2674:2,2,XLSX_ORIGINAL,NO,NO,RPM-2009-08-13:2674:B2,PENDIENTE_REVISION,NOMBRE_EN_DISCURSO_POR_VERIFICAR,RPM-2009-08-13:T42,SIN_CONTINUIDAD_CONFIRMADA,,
2674,ESTRUCTURAL,d0bf1f145f07f3db3c185f7076213df875edad8f8c7939c209fd9dbbdae088aa,Despues,3867,RPM-2009-08-13,2009-08-13 00:00:00,Claudio Soto Gamboa,Claudio Soto Gamboa,NO,Gerente de Análisis Macroeconómico,Gerente de Análisis Macroeconómico,NO,,Gerente de Análisis Macroeconómico,LISTA_ASISTENCIA,,SUJETO_ROL_SESION,9,"El Gerente de Análisis Macroeconómico manifiesta que las tasas de colocación de consumo y comerciales del BancoEstado han sido más bajas que las del sistema hasta lo más reciente, pero que los últimos datos indican que ellas han aumentado y se aproximan a las del resto del sistema. Sus tasas hipotecarias, en cambio, no solo son más altas que las del sistema, porque el segmento al cual el BancoEstado presta es más riesgoso, sino que las caídas que registran son mucho más pronunciadas. Prosiguiendo con su presentación, el Gerente señor Claudio Soto menciona que los spreads entre las tasas de colocación y captación han aumentado y son comparables con otros episodios de stress financiero. Asimismo, indica que si bien estos siguen altos, han disminuido respecto del primer semestre del año pasado, que correspondió a la primera etapa de la crisis. Agrega que los spreads de las tasas a los diferentes plazos han subido y han tenido un comportamiento bastante volátil y que, a pesar de su volatilidad en el último tiempo, esta no ha sido muy distinta de la registrada en años anteriores. En cuanto al diferencial entre las tasas mínimas y máximas, hace presente que hay una tendencia creciente en su dispersión, la que probablemente se explica por la penetración del crédito a sectores que son más riesgosos. Explica que la tendencia es más bien secular, la que puede haberse intensificado a fines del año pasado por el aumento de la percepción de riesgo, pero que ha tendido ha retroceder en el margen.",Evolución de mercados financieros y tipo de cambio,mercados_financieros,mercados financieros,mercados_financieros,NO,NO,NO,Rol según lista de asistencia: Gerente de Análisis Macroeconómico,RPM-2009-08-13:2674:3,3,XLSX_ORIGINAL,NO,NO,RPM-2009-08-13:2674:B3,SIN_ALERTAS_AUTOMATICAS,,RPM-2009-08-13:T43,INICIO_EXPLICITO,,RPM-2009-08-13:2674:3
2674,ESTRUCTURAL,d0bf1f145f07f3db3c185f7076213df875edad8f8c7939c209fd9dbbdae088aa,Despues,3868,RPM-2009-08-13,2009-08-13 00:00:00,Claudio Soto Gamboa,Kevin Cowan Logan,SI,Gerente de Análisis Macroeconómico,Gerente de División Política Financiera,SI,,Gerente de División Política Financiera,LISTA_ASISTENCIA,,SUJETO_ROL_NOMBRE,9,"El Gerente de División Política Financiera señor Kevin Cowan aclara que el señor Claudio Soto se está refiriendo al promedio de la dispersión por banco, ya que por cada uno de ellos se calcula la dispersión y el promedio. Añade que no se considera el hecho de que cierto banco haya entrado al mercado y sea más bancarizador, sino que se toma lo que ha estado haciendo cada uno de ellos.",Evolución de mercados financieros y tipo de cambio,mercados_financieros,mercados financieros,mercados_financieros,NO,NO,NO,Rol según lista de asistencia: Gerente de División Política Financiera,RPM-2009-08-13:2674:4,4,XLSX_ORIGINAL,NO,NO,RPM-2009-08-13:2674:B4,SIN_ALERTAS_AUTOMATICAS,,RPM-2009-08-13:T44,INICIO_EXPLICITO,,RPM-2009-08-13:2674:4
2674,ESTRUCTURAL,d0bf1f145f07f3db3c185f7076213df875edad8f8c7939c209fd9dbbdae088aa,Despues,3869,RPM-2009-08-13,2009-08-13 00:00:00,Claudio Soto Gamboa,Igal Magendzo Weinberger,SI,Gerente de Análisis Macroeconómico,Asesor del Ministerio de Hacienda,SI,,Asesor del Ministerio de Hacienda,LISTA_ASISTENCIA,,SUJETO_ROL_NOMBRE,9,"El Asesor del Ministro de Hacienda, señor Igal Magendzo, refiriéndose a la afirmación de que la pendiente al alza es por la bancarización de los bancos más riesgosos, pregunta si ello significa que una caída implica una desbancarización.",Evolución de mercados financieros y tipo de cambio,mercados_financieros,mercados financieros,mercados_financieros,NO,NO,NO,Rol según lista de asistencia: Asesor del Ministerio de Hacienda,RPM-2009-08-13:2674:5,5,XLSX_ORIGINAL,NO,NO,RPM-2009-08-13:2674:B5,SIN_ALERTAS_AUTOMATICAS,,RPM-2009-08-13:T45,INICIO_EXPLICITO,,RPM-2009-08-13:2674:5
2674,ESTRUCTURAL,d0bf1f145f07f3db3c185f7076213df875edad8f8c7939c209fd9dbbdae088aa,Despues,3870,RPM-2009-08-13,2009-08-13 00:00:00,Claudio Soto Gamboa,Pablo García Silva,SI,Gerente de Análisis Macroeconómico,Gerente de División Estudios,SI,,Gerente de División Estudios,LISTA_ASISTENCIA,,SUJETO_ROL_SESION,9,"Al respecto, el Gerente de División de Estudios comenta que el problema radica en que este tipo de situaciones siempre se pueden leer en una dirección o en otra, porque también se podría decir que la bancarización aumentó a fines del año pasado o que probablemente no aumentó, por lo que el aumento de la pendiente a fines del año pasado no es porque entraron nuevos clientes al sistema.",Evolución de mercados financieros y tipo de cambio,mercados_financieros,mercados financieros,mercados_financieros,NO,NO,NO,Rol según lista de asistencia: Gerente de División Estudios,RPM-2009-08-13:2674:6,6,XLSX_ORIGINAL,NO,NO,RPM-2009-08-13:2674:B6,SIN_ALERTAS_AUTOMATICAS,,RPM-2009-08-13:T46,INICIO_EXPLICITO,,RPM-2009-08-13:2674:6
2674,ESTRUCTURAL,d0bf1f145f07f3db3c185f7076213df875edad8f8c7939c209fd9dbbdae088aa,Despues,3871,RPM-2009-08-13,2009-08-13 00:00:00,Claudio Soto Gamboa,Claudio Soto Gamboa,NO,Gerente de Análisis Macroeconómico,Gerente de Análisis Macroeconómico,NO,,Gerente de Análisis Macroeconómico,LISTA_ASISTENCIA,,SUJETO_ROL_NOMBRE,9,"El Gerente señor Claudio Soto menciona que, de hecho, hay un estancamiento en las colocaciones y que todavía no se ven signos de recuperación, salvo el caso de las colocaciones para la vivienda en Unidades de Fomento, que han mantenido un cierto dinamismo, ya que se han desacelerado de forma importante y luego han crecido a tasas comparables con las de mediados del año pasado. Luego, hace presente que la participación del BancoEstado en las colocaciones de consumo y comerciales presentan un fuerte aumento, especialmente estas últimas, mientras que el alza de las hipotecarias es menor, porque el mercado está bastante segmentado.",Evolución de mercados financieros y tipo de cambio,mercados_financieros,mercados financieros,mercados_financieros,NO,NO,NO,Rol según lista de asistencia: Gerente de Análisis Macroeconómico,RPM-2009-08-13:2674:7,7,XLSX_ORIGINAL,NO,NO,RPM-2009-08-13:2674:B7,SIN_ALERTAS_AUTOMATICAS,,RPM-2009-08-13:T47,INICIO_EXPLICITO,,RPM-2009-08-13:2674:7
2674,ESTRUCTURAL,d0bf1f145f07f3db3c185f7076213df875edad8f8c7939c209fd9dbbdae088aa,Despues,3872,RPM-2009-08-13,2009-08-13 00:00:00,Claudio Soto Gamboa,Enrique Marshall Rivera,SI,Gerente de Análisis Macroeconómico,Consejero,SI,,Consejero,LISTA_ASISTENCIA,,CONTEXTO_REVISADO,9,"En opinión del Consejero señor Enrique Marshall, es muy importante hacer un seguimiento de las operaciones hipotecarias, ya que son operaciones con horizontes más largos, donde hay un espacio importante para seguir bancarizando, por cuanto corresponden a operaciones en las que las personas están, normalmente, sustituyendo el arriendo por la adquisición de una vivienda. Respecto de las operaciones de consumo, en cambio, piensa que son operaciones bastante contaminadas, porque los bancos tienen que hacer los castigos muy rápidamente y ello puede llevar a que el sector caiga por un tiempo. Aclara que esas operaciones no desaparecen, ya que los clientes siguen debiéndole a los bancos, pero es dinero que sale de la contabilidad. Luego, señala que es relativamente normal que en un ciclo como el actual haya que centrar la atención en las operaciones hipotecarias, ya que si siguen cayendo se convierte en un tema de mucha preocupación. Agrega que el problema es que habrá que admitir ciertas noticias relativamente malas por factores contables, por factores de apalancamiento, debido a que son menores los espacios para que el crédito se recupere rápido.",Evolución de mercados financieros y tipo de cambio,mercados_financieros,mercados financieros,mercados_financieros,NO,NO,NO,Hablante por contexto documentado: HAB-20260908-2674 (data/curation/revisiones_hablantes.json; no cotejo PDF); Rol según lista de asistencia: Consejero,RPM-2009-08-13:2674:8,8,XLSX_ORIGINAL,NO,NO,RPM-2009-08-13:2674:B8,SIN_ALERTAS_AUTOMATICAS,,RPM-2009-08-13:T48,SIN_CONTINUIDAD_CONFIRMADA,,
2674,ESTRUCTURAL,d0bf1f145f07f3db3c185f7076213df875edad8f8c7939c209fd9dbbdae088aa,Despues,3873,RPM-2009-08-13,2009-08-13 00:00:00,Claudio Soto Gamboa,Claudio Soto Gamboa,NO,Gerente de Análisis Macroeconómico,Gerente de Análisis Macroeconómico,NO,,Gerente de Análisis Macroeconómico,LISTA_ASISTENCIA,,SUJETO_ROL_SESION,9,"Respecto del tipo de cambio, el Gerente de Análisis Macroeconómico informa que el peso se ha depreciado, a pesar del importante aumento observado en el precio del cobre desde la última RPM. Al respecto, recuerda lo mencionado por el Gerente de Análisis Internacional, sobre las medidas alternativas para el tipo de cambio real, que, en lugar del Indice de Precios Externos Relevantes (IPE), consideran los IVUM e IVUX sin cobre. Explica que si se mide el tipo de cambio real con el IVUM, se obtiene que está bastante apreciado, pero que se observa también una tendencia decreciente en el tiempo, porque el precio de las importaciones ha ido cayendo. Asimismo, si se analiza el tipo de cambio real, considerando los IVUX sin cobre, se ve que está más apreciado que el año pasado, pero no más que en los últimos cinco o seis años, y claramente más depreciado que antes de la crisis asiática.",Evolución de mercados financieros y tipo de cambio,mercados_financieros,mercados financieros,mercados_financieros,NO,NO,NO,Rol según lista de asistencia: Gerente de Análisis Macroeconómico,RPM-2009-08-13:2674:9,9,XLSX_ORIGINAL,NO,NO,RPM-2009-08-13:2674:B9,SIN_ALERTAS_AUTOMATICAS,,RPM-2009-08-13:T49,INICIO_EXPLICITO,,RPM-2009-08-13:2674:9
2674,ESTRUCTURAL,d0bf1f145f07f3db3c185f7076213df875edad8f8c7939c209fd9dbbdae088aa,Despues,3874,RPM-2009-08-13,2009-08-13 00:00:00,Claudio Soto Gamboa,Andrés Velasco Brañes,SI,Gerente de Análisis Macroeconómico,Ministro de Hacienda,SI,,Ministro de Hacienda,LISTA_ASISTENCIA,,SUJETO_ROL_SESION,9,"Al respecto, el señor Ministro de Hacienda señala que lo sorprendente de los últimos quince días es que el tipo de cambio se deprecie levemente, a pesar que los commodities suben, y que se comente que se habría activado el carry trade precisamente con Brasil Las tasas en Chile y en Brasil no han cambiado, agrega. Dado eso, pregunta por qué ello estaría ocurriendo si, al parecer, la tasa no se ha movido, y cuál es el market feeling al respecto.",Evolución de mercados financieros y tipo de cambio,mercados_financieros,mercados financieros,mercados_financieros,NO,NO,NO,Rol según lista de asistencia: Ministro de Hacienda,RPM-2009-08-13:2674:10,10,XLSX_ORIGINAL,NO,NO,RPM-2009-08-13:2674:B10,SIN_ALERTAS_AUTOMATICAS,,RPM-2009-08-13:T50,INICIO_EXPLICITO,,RPM-2009-08-13:2674:10
2692,ESTRUCTURAL,4c9dc196f3424759e6ed3258f6dc711bf2d4ac014fdb9ab0e20d1f512cdc181d,Antes,3893,RPM-2009-09-08,2009-09-08 00:00:00,José De Gregorio Rebeco,José De Gregorio Rebeco,NO,Presidente del Banco Central,Presidente del Banco Central,NO,,Presidente del Banco Central,LISTA_ASISTENCIA,,SUJETO_ROL_NOMBRE,4,"El Presidente De Gregorio consulta por el nivel normal de los inventarios en el mercado del cobre, respondiendo el señor Lehmann que estos han bordeado las 200 mil toneladas métricas, lo que es históricamente bajo en relación con lo observado en la primera mitad de esta década y en los 90, cuando eran cercanos a 600 mil toneladas métricas. De hecho, añade, luego de una caída, llegaron a ese nivel a principios de año, y ahora no hay certeza sobre cuál será el nivel de estabilidad.",Análisis del escenario macroeconómico internacional,escenario_internacional,escenario internacional,escenario_internacional,NO,NO,NO,Rol según lista de asistencia: Presidente del Banco Central,RPM-2009-09-08:2692:1,1,XLSX_ORIGINAL,NO,NO,RPM-2009-09-08:2692:B1,SIN_ALERTAS_AUTOMATICAS,,RPM-2009-09-08:T4,INICIO_EXPLICITO,,RPM-2009-09-08:2692:1
2692,ESTRUCTURAL,4c9dc196f3424759e6ed3258f6dc711bf2d4ac014fdb9ab0e20d1f512cdc181d,Antes,3894,RPM-2009-09-08,2009-09-08 00:00:00,José De Gregorio Rebeco,Sergio Lehmann Beresi,SI,Presidente del Banco Central,Gerente de Análisis Internacional,SI,,Gerente de Análisis Internacional,LISTA_ASISTENCIA,,SUJETO_ROL_SESION,4,"Para finalizar, el señor Gerente de Análisis Internacional menciona las principales proyecciones de los precios de los commodities para el 2009. Respecto del cobre, indica que es algo más alta respecto de un mes atrás, mientras que para el año 2010 no hay cambios significativos, proyectándose que alcanzará a 256 centavos de dólar la libra. En el caso de petróleo y gasolina tampoco se observan cambios importantes.",Análisis del escenario macroeconómico internacional,escenario_internacional,escenario internacional,escenario_internacional,NO,NO,NO,Rol según lista de asistencia: Gerente de Análisis Internacional,RPM-2009-09-08:2692:2,2,XLSX_ORIGINAL,NO,NO,RPM-2009-09-08:2692:B2,SIN_ALERTAS_AUTOMATICAS,,RPM-2009-09-08:T5,INICIO_EXPLICITO,,RPM-2009-09-08:2692:2
2692,ESTRUCTURAL,4c9dc196f3424759e6ed3258f6dc711bf2d4ac014fdb9ab0e20d1f512cdc181d,Despues,3901,RPM-2009-09-08,2009-09-08 00:00:00,José De Gregorio Rebeco,José De Gregorio Rebeco,NO,Presidente del Banco Central,Presidente del Banco Central,NO,,Presidente del Banco Central,LISTA_ASISTENCIA,,SUJETO_ROL_NOMBRE,4,"El Presidente De Gregorio consulta por el nivel normal de los inventarios en el mercado del cobre,",Análisis del escenario macroeconómico internacional,escenario_internacional,escenario internacional,escenario_internacional,NO,NO,NO,Rol según lista de asistencia: Presidente del Banco Central,RPM-2009-09-08:2692:1,1,XLSX_ORIGINAL,NO,NO,RPM-2009-09-08:2692:B1,PENDIENTE_REVISION,FINAL_SIN_PUNTUACION,RPM-2009-09-08:T4,INICIO_EXPLICITO,,RPM-2009-09-08:2692:1
2692,ESTRUCTURAL,4c9dc196f3424759e6ed3258f6dc711bf2d4ac014fdb9ab0e20d1f512cdc181d,Despues,3902,RPM-2009-09-08,2009-09-08 00:00:00,José De Gregorio Rebeco,Sergio Lehmann Beresi,SI,Presidente del Banco Central,Gerente de Análisis Internacional,SI,,Gerente de Análisis Internacional,LISTA_ASISTENCIA,,CONTEXTO_REVISADO,4,"respondiendo el señor Lehmann que estos han bordeado las 200 mil toneladas métricas, lo que es históricamente bajo en relación con lo observado en la primera mitad de esta década y en los 90, cuando eran cercanos a 600 mil toneladas métricas. De hecho, añade, luego de una caída, llegaron a ese nivel a principios de año, y ahora no hay certeza sobre cuál será el nivel de estabilidad.",Análisis del escenario macroeconómico internacional,escenario_internacional,escenario internacional,escenario_internacional,NO,NO,NO,Hablante por contexto documentado: HAB-20260908-L22-2692-99 (data/curation/revisiones_hablantes.json; no cotejo PDF); Rol según lista de asistencia: Gerente de Análisis Internacional,RPM-2009-09-08:2692:2,2,XLSX_ORIGINAL,NO,NO,RPM-2009-09-08:2692:B2,SIN_ALERTAS_AUTOMATICAS,,RPM-2009-09-08:T5,SIN_CONTINUIDAD_CONFIRMADA,,
2692,ESTRUCTURAL,4c9dc196f3424759e6ed3258f6dc711bf2d4ac014fdb9ab0e20d1f512cdc181d,Despues,3903,RPM-2009-09-08,2009-09-08 00:00:00,José De Gregorio Rebeco,Sergio Lehmann Beresi,SI,Presidente del Banco Central,Gerente de Análisis Internacional,SI,,Gerente de Análisis Internacional,LISTA_ASISTENCIA,,SUJETO_ROL_SESION,4,"Para finalizar, el señor Gerente de Análisis Internacional menciona las principales proyecciones de los precios de los commodities para el 2009. Respecto del cobre, indica que es algo más alta respecto de un mes atrás, mientras que para el año 2010 no hay cambios significativos, proyectándose que alcanzará a 256 centavos de dólar la libra. En el caso de petróleo y gasolina tampoco se observan cambios importantes.",Análisis del escenario macroeconómico internacional,escenario_internacional,escenario internacional,escenario_internacional,NO,NO,NO,Rol según lista de asistencia: Gerente de Análisis Internacional,RPM-2009-09-08:2692:3,3,XLSX_ORIGINAL,NO,NO,RPM-2009-09-08:2692:B3,SIN_ALERTAS_AUTOMATICAS,,RPM-2009-09-08:T6,INICIO_EXPLICITO,,RPM-2009-09-08:2692:3
2738,ESTRUCTURAL,c77c6791f2de6357fc00e6dfe4b3a8efbcde89739d90c1b37c74e1836b48e85a,Antes,3992,RPM-2009-10-13,2009-10-13 00:00:00,Claudio Soto Gamboa,Claudio Soto Gamboa,NO,Gerente de Análisis Macroeconómico,Gerente de Análisis Macroeconómico,NO,,Gerente de Análisis Macroeconómico,LISTA_ASISTENCIA,,SUJETO_NOMBRE,9,"El señor Claudio Soto prosigue, planteando que el perfil de los niveles del PIB en adelante es bastante similar al que se tenía en el último IPoM. Comenta que la noticia más destacada del mes es lo acontecido con el comercio, que se muestra bastante dinámico, lo que lleva a corregir de manera relevante la proyección para este sector. El perfil para el PIB resto, en tanto, se ve similar, si bien la recuperación que se esperaba para el cuarto trimestre se habría adelantado al tercero. Agrega que si se efectúa una comparación general entre lo que sucedió en el año 1998 y en el inicio de la actual crisis, se observa que hay una recuperación más acelerada en este episodio que en el anterior, salvo en el sector industria, que en esta oportunidad cayó más que en la crisis anterior. En este episodio, el sector construcción registró una disminución considerablemente menor y se está recuperando más lentamente también, destacando que lo expuesto correspondería a las dos diferencias esenciales entre esta crisis con respecto a la anterior, y aclarando que ello, obviamente, está influenciado por el período de comparación que se elija. Respecto del mercado laboral, el señor Gerente hace presente que se ha observado una suerte de estancamiento en la modificación de la tasa de desempleo, la que se ha mantenido en niveles cercanos a 10,8%, lo que es levemente más alto que la serie estadística desestacionalizada de desempleo. Añade que se evidencia un leve repunte en el dinamismo de la creación de empleos, explicado por los trabajadores independientes, ya que en el caso del sector asalariado todavía no se registra un repunte y, en el margen, se han registrado, de hecho, leves caídas en los niveles. A continuación, indica que los salarios nominales, en general, están creciendo entre 0,4 y 0,5% mes a mes ya por varios meses consecutivos, resaltando que en julio se registró un repunte importante, asociado a un tema estacional de reajuste que se produce a mediados de año. Con esto, y la caída de la inflación, los salarios reales deflactados utilizando el IPC han seguido aumentando. En cambio, señala que considerando como deflactor de los salarios el deflactor del PIB resto, datos que son de frecuencia trimestral y que contienen una proyección para el tercer trimestre del 2009, se aprecia un comportamiento distinto, con mayor estabilidad en el margen y no el aumento antes mencionado. El Gerente de Análisis Macroeconómico, señor Claudio Soto, refiriéndose ahora al IPC, informa que el IPC correspondiente a septiembre fue de 1%, variación que habla sido anticipada, ya que se conocía del aumento de las tarifas eléctricas por una recuperación del ajuste efectuado en agosto, además de la existencia de un factor estacional, en particular en el caso de transporte, que incluso registró un aumento en el precio de los automóviles más allá de lo previsto. Por otra parte, menciona la forma en que el INE está midiendo la canasta de precios, ya que en esta oportunidad, por primera vez se incorporaron los nuevos modelos de medición de los precios de automóviles, en que anteriormente solo se consideraba el valor de los autos nuevos y, a contar de esta fecha, también los precios de los modelos 2010. Agrega que en el caso de las tarifas eléctricas, el aumento fue inferior a una décima para la inflación total, resultando superior al previsto, haciendo presente que el Banco fue conservador en esta materia, atendidas la variaciones anteriores observadas, en circunstancias que para este período efectivamente hubo una disminución de tarifas equivalente a lo que correspondía, radicando allí la sorpresa. Asimismo, con el dato de septiembre, la velocidad del IPC sigue en rango negativo, con un cierto retroceso en lo remunerativo, y lo mismo con varias medidas de inflación subyacente, que están todavía con velocidades negativas. Para los próximos meses, el señor Claudio Soto informa que en las proyecciones se está considerando una trayectoria en el precio del petróleo más bien estable y que en el caso de la gasolina se prevén posibles disminuciones de índole menor en el margen, sobre todo pensando en la trayectoria que debiese tener el tipo de cambio, respecto de la cual se está trabajando con el supuesto de apreciación nominal respecto del dólar. En este sentido, la trayectoria del precio en pesos de las gasolinas es más o menos estable, agregando el señor Soto que en la última semana de marzo de 2010, si es que se produce la devolución completa del impuesto específico, su precio debería registrar un aumento importante. Por otra parte, respecto de los bienes perecibles, el señor Claudio Soto informa que tendría lugar la estacionalidad acostumbrada en materia de reducciones de precios de aquí a fin de año, comentando el Presidente, señor José De Gregorio, que en septiembre se presentó un shock usual, de 11,3%. Con ello, continúa el señor Gerente, se está proyectando un IPC de 0% para octubre y se mantienen las expectativas para el IPC a diciembre de -0,8%. Explica que desde hace varios meses se está proyectando un IPC de -0,8% para diciembre, añadiendo que hay varios elementos que se compensan, correspondientes a reducciones en la tarifa del agua potable de este mes, que deberían verse reflejadas en el IPCX; a que en noviembre se debería registrar una reducción en la tarifa eléctrica, producto de la fijación de precios que hubo, que va acompañada de una indexación; y a la incorporación de la estacionalidad que introduce la nueva medición de la canasta con el tema del vestuario, entre otros aspectos a considerar. En resumen, indica que se deberían observar variaciones mensuales del IPC de 0% o levemente negativas de aquí a fin de año, para estar cerrando en diciembre con un -0,8% y estar en febrero con variaciones anuales del IPC positivas.",Evolución de mercados financieros y tipo de cambio,mercados_financieros,mercados financieros,mercados_financieros,NO,NO,NO,Rol según lista de asistencia: Gerente de Análisis Macroeconómico,RPM-2009-10-13:2738:1,1,XLSX_ORIGINAL,NO,NO,RPM-2009-10-13:2738:B1,SIN_ALERTAS_AUTOMATICAS,,RPM-2009-10-13:T35,INICIO_EXPLICITO,,RPM-2009-10-13:2738:1
2738,ESTRUCTURAL,c77c6791f2de6357fc00e6dfe4b3a8efbcde89739d90c1b37c74e1836b48e85a,Antes,3993,RPM-2009-10-13,2009-10-13 00:00:00,Claudio Soto Gamboa,Manuel Marfán Lewis,SI,Gerente de Análisis Macroeconómico,Consejero,SI,,Consejero,LISTA_ASISTENCIA,,SUJETO_ROL_NOMBRE,9,"Al respecto, el Consejero señor Manuel Marfán recuerda que cada vez que se ha adoptado una nueva canasta para la medición del IPC, las mayores diferencias de los coeficientes de estacionalidad que se han ido incorporando a lo largo del tiempo han ocurrido en los meses de septiembre y octubre. De hecho, destaca que cada vez que hubo un cambio de canasta, en esos dos meses hubo sorpresas importantes.",Evolución de mercados financieros y tipo de cambio,mercados_financieros,mercados financieros,mercados_financieros,NO,NO,NO,Rol según lista de asistencia: Consejero,RPM-2009-10-13:2738:2,2,XLSX_ORIGINAL,NO,NO,RPM-2009-10-13:2738:B2,SIN_ALERTAS_AUTOMATICAS,,RPM-2009-10-13:T36,INICIO_EXPLICITO,,RPM-2009-10-13:2738:2
2738,ESTRUCTURAL,c77c6791f2de6357fc00e6dfe4b3a8efbcde89739d90c1b37c74e1836b48e85a,Despues,4001,RPM-2009-10-13,2009-10-13 00:00:00,Claudio Soto Gamboa,Claudio Soto Gamboa,NO,Gerente de Análisis Macroeconómico,Gerente de Análisis Macroeconómico,NO,,Gerente de Análisis Macroeconómico,LISTA_ASISTENCIA,,SUJETO_NOMBRE,9,"El señor Claudio Soto prosigue, planteando que el perfil de los niveles del PIB en adelante es bastante similar al que se tenía en el último IPoM. Comenta que la noticia más destacada del mes es lo acontecido con el comercio, que se muestra bastante dinámico, lo que lleva a corregir de manera relevante la proyección para este sector. El perfil para el PIB resto, en tanto, se ve similar, si bien la recuperación que se esperaba para el cuarto trimestre se habría adelantado al tercero. Agrega que si se efectúa una comparación general entre lo que sucedió en el año 1998 y en el inicio de la actual crisis, se observa que hay una recuperación más acelerada en este episodio que en el anterior, salvo en el sector industria, que en esta oportunidad cayó más que en la crisis anterior. En este episodio, el sector construcción registró una disminución considerablemente menor y se está recuperando más lentamente también, destacando que lo expuesto correspondería a las dos diferencias esenciales entre esta crisis con respecto a la anterior, y aclarando que ello, obviamente, está influenciado por el período de comparación que se elija. Respecto del mercado laboral, el señor Gerente hace presente que se ha observado una suerte de estancamiento en la modificación de la tasa de desempleo, la que se ha mantenido en niveles cercanos a 10,8%, lo que es levemente más alto que la serie estadística desestacionalizada de desempleo. Añade que se evidencia un leve repunte en el dinamismo de la creación de empleos, explicado por los trabajadores independientes, ya que en el caso del sector asalariado todavía no se registra un repunte y, en el margen, se han registrado, de hecho, leves caídas en los niveles. A continuación, indica que los salarios nominales, en general, están creciendo entre 0,4 y 0,5% mes a mes ya por varios meses consecutivos, resaltando que en julio se registró un repunte importante, asociado a un tema estacional de reajuste que se produce a mediados de año. Con esto, y la caída de la inflación, los salarios reales deflactados utilizando el IPC han seguido aumentando. En cambio, señala que considerando como deflactor de los salarios el deflactor del PIB resto, datos que son de frecuencia trimestral y que contienen una proyección para el tercer trimestre del 2009, se aprecia un comportamiento distinto, con mayor estabilidad en el margen y no el aumento antes mencionado. El Gerente de Análisis Macroeconómico, señor Claudio Soto, refiriéndose ahora al IPC, informa que el IPC correspondiente a septiembre fue de 1%, variación que habla sido anticipada, ya que se conocía del aumento de las tarifas eléctricas por una recuperación del ajuste efectuado en agosto, además de la existencia de un factor estacional, en particular en el caso de transporte, que incluso registró un aumento en el precio de los automóviles más allá de lo previsto. Por otra parte, menciona la forma en que el INE está midiendo la canasta de precios, ya que en esta oportunidad, por primera vez se incorporaron los nuevos modelos de medición de los precios de automóviles, en que anteriormente solo se consideraba el valor de los autos nuevos y, a contar de esta fecha, también los precios de los modelos 2010. Agrega que en el caso de las tarifas eléctricas, el aumento fue inferior a una décima para la inflación total, resultando superior al previsto, haciendo presente que el Banco fue conservador en esta materia, atendidas la variaciones anteriores observadas, en circunstancias que para este período efectivamente hubo una disminución de tarifas equivalente a lo que correspondía, radicando allí la sorpresa. Asimismo, con el dato de septiembre, la velocidad del IPC sigue en rango negativo, con un cierto retroceso en lo remunerativo, y lo mismo con varias medidas de inflación subyacente, que están todavía con velocidades negativas. Para los próximos meses, el señor Claudio Soto informa que en las proyecciones se está considerando una trayectoria en el precio del petróleo más bien estable y que en el caso de la gasolina se prevén posibles disminuciones de índole menor en el margen, sobre todo pensando en la trayectoria que debiese tener el tipo de cambio, respecto de la cual se está trabajando con el supuesto de apreciación nominal respecto del dólar. En este sentido, la trayectoria del precio en pesos de las gasolinas es más o menos estable, agregando el señor Soto que en la última semana de marzo de 2010, si es que se produce la devolución completa del impuesto específico, su precio debería registrar un aumento importante. Por otra parte, respecto de los bienes perecibles, el señor Claudio Soto informa que tendría lugar la estacionalidad acostumbrada en materia de reducciones de precios de aquí a fin de año,",Evolución de mercados financieros y tipo de cambio,mercados_financieros,mercados financieros,mercados_financieros,NO,NO,NO,Rol según lista de asistencia: Gerente de Análisis Macroeconómico,RPM-2009-10-13:2738:1,1,XLSX_ORIGINAL,NO,NO,RPM-2009-10-13:2738:B1,PENDIENTE_REVISION,FINAL_SIN_PUNTUACION,RPM-2009-10-13:T35,INICIO_EXPLICITO,,RPM-2009-10-13:2738:1
2738,ESTRUCTURAL,c77c6791f2de6357fc00e6dfe4b3a8efbcde89739d90c1b37c74e1836b48e85a,Despues,4002,RPM-2009-10-13,2009-10-13 00:00:00,Claudio Soto Gamboa,José De Gregorio Rebeco,SI,Gerente de Análisis Macroeconómico,Presidente del Banco Central,SI,,Presidente del Banco Central,LISTA_ASISTENCIA,,CONTEXTO_REVISADO,9,"comentando el Presidente, señor José De Gregorio, que en septiembre se presentó un shock usual, de 11,3%.",Evolución de mercados financieros y tipo de cambio,mercados_financieros,mercados financieros,mercados_financieros,NO,NO,NO,Hablante por contexto documentado: HAB-20260908-L22-2738-4744 (data/curation/revisiones_hablantes.json; no cotejo PDF); Rol según lista de asistencia: Presidente del Banco Central,RPM-2009-10-13:2738:2,2,XLSX_ORIGINAL,NO,NO,RPM-2009-10-13:2738:B2,SIN_ALERTAS_AUTOMATICAS,,RPM-2009-10-13:T36,SIN_CONTINUIDAD_CONFIRMADA,,
2738,ESTRUCTURAL,c77c6791f2de6357fc00e6dfe4b3a8efbcde89739d90c1b37c74e1836b48e85a,Despues,4003,RPM-2009-10-13,2009-10-13 00:00:00,Claudio Soto Gamboa,Claudio Soto Gamboa,NO,Gerente de Análisis Macroeconómico,Gerente de Análisis Macroeconómico,NO,,Gerente de Análisis Macroeconómico,LISTA_ASISTENCIA,,CONTEXTO_REVISADO,9,"Con ello, continúa el señor Gerente, se está proyectando un IPC de 0% para octubre y se mantienen las expectativas para el IPC a diciembre de -0,8%. Explica que desde hace varios meses se está proyectando un IPC de -0,8% para diciembre, añadiendo que hay varios elementos que se compensan, correspondientes a reducciones en la tarifa del agua potable de este mes, que deberían verse reflejadas en el IPCX; a que en noviembre se debería registrar una reducción en la tarifa eléctrica, producto de la fijación de precios que hubo, que va acompañada de una indexación; y a la incorporación de la estacionalidad que introduce la nueva medición de la canasta con el tema del vestuario, entre otros aspectos a considerar. En resumen, indica que se deberían observar variaciones mensuales del IPC de 0% o levemente negativas de aquí a fin de año, para estar cerrando en diciembre con un -0,8% y estar en febrero con variaciones anuales del IPC positivas.",Evolución de mercados financieros y tipo de cambio,mercados_financieros,mercados financieros,mercados_financieros,NO,NO,NO,Hablante por contexto documentado: HAB-20260908-L22-2738-4850 (data/curation/revisiones_hablantes.json; no cotejo PDF); Rol según lista de asistencia: Gerente de Análisis Macroeconómico,RPM-2009-10-13:2738:3,3,XLSX_ORIGINAL,NO,NO,RPM-2009-10-13:2738:B3,SIN_ALERTAS_AUTOMATICAS,,RPM-2009-10-13:T37,SIN_CONTINUIDAD_CONFIRMADA,,
2738,ESTRUCTURAL,c77c6791f2de6357fc00e6dfe4b3a8efbcde89739d90c1b37c74e1836b48e85a,Despues,4004,RPM-2009-10-13,2009-10-13 00:00:00,Claudio Soto Gamboa,Manuel Marfán Lewis,SI,Gerente de Análisis Macroeconómico,Consejero,SI,,Consejero,LISTA_ASISTENCIA,,SUJETO_ROL_NOMBRE,9,"Al respecto, el Consejero señor Manuel Marfán recuerda que cada vez que se ha adoptado una nueva canasta para la medición del IPC, las mayores diferencias de los coeficientes de estacionalidad que se han ido incorporando a lo largo del tiempo han ocurrido en los meses de septiembre y octubre. De hecho, destaca que cada vez que hubo un cambio de canasta, en esos dos meses hubo sorpresas importantes.",Evolución de mercados financieros y tipo de cambio,mercados_financieros,mercados financieros,mercados_financieros,NO,NO,NO,Rol según lista de asistencia: Consejero,RPM-2009-10-13:2738:4,4,XLSX_ORIGINAL,NO,NO,RPM-2009-10-13:2738:B4,SIN_ALERTAS_AUTOMATICAS,,RPM-2009-10-13:T38,INICIO_EXPLICITO,,RPM-2009-10-13:2738:4
2740,ESTRUCTURAL,7d0cbd59577b3903a6a8d96ec66f199202cb60a1cbe330121632893cfbc8a451,Antes,3995,RPM-2009-10-13,2009-10-13 00:00:00,Claudio Soto Gamboa,Claudio Soto Gamboa,NO,Gerente de Análisis Macroeconómico,Gerente de Análisis Macroeconómico,NO,,Gerente de Análisis Macroeconómico,LISTA_ASISTENCIA,,SUJETO_NOMBRE,11,"El señor Claudio Soto prosigue su exposición, aludiendo a una pregunta que surgió en una reunión de coyuntura de la semana anterior, sobre cómo la evaluación de las presiones inflacionarias futuras podría afectar el crecimiento de los agregados monetarios. Al respecto, hace referencia al modelo P*, que considera la relación entre la cantidad de dinero y las expectativas de inflación. Agrega que hay distintas versiones del modelo, algunas de las cuales utilizan como variable de control la meta de inflación y otras que no la ocupan. Explica que, en general, estos modelos muestran que existe la posibilidad de un rebote inflacionario, en que incluso la inflación podría situarse sobre el rango meta, para luego bajar al nivel esperado. Por último, acota que, en todo caso, el incremento de la inflación que estos modelos anticipan no es sustancialmente superior al rango de tolerancia de la meta de inflación. En cuanto a los mercados financieros, el señor Claudio Soto hace presente el aumento en las tasas nominales de mediano plazo a dos años, sobre todo la de los BCP-2, con algunas oscilaciones dentro del mes. Informa que, en general, las tasas nominales son más altas, en tanto que las tasas reales son más bajas en ese mismo horizonte, como también a otros plazos, ya que la de los BCU-5 también han caído y algo también las de los BCU-10. La pendiente de la curva nominal ha retrocedido, explicado por el aumento de las tasas a dos años, que no ha ido acompañado de un aumento en las tasas nominales a plazos más largos. Respecto de las tasas de colocación de mercado, indica que se han visto movimientos más bien mixtos, en general, agregando que hasta hace un tiempo se observaba que todas estas tasas disminuían mensualmente. Esta vez, por el contrario, algunas tasas han disminuido, en tanto otras han aumentado respecto del mes previo, en particular las tasas de colocación a treinta días, mientras que las a noventa días caen marginalmente y aumentan las de 90 a 360 días. En el caso de las tasas de colocación de consumo, menciona que caen las de 90 a 360 días, pero que las a tres años suben más respecto del registro mínimo que tuvieron hace dos meses. El señor Gerente agrega que se observan caídas adicionales en el spread de tasas de 30 a 90 días, pero que los correspondientes a tasas de 90 a 360 se mantienen en rangos que son altos comparados con lo que se registró hasta mediados del año 2008. En cuanto a cifras de colocaciones, el señor Claudio Soto informa que no se aprecia un claro repunte en algunos segmentos, pero sí en las colocaciones comerciales y para la vivienda, con menor intensidad en este último caso, mientras que las colocaciones para consumo se mantienen estables y las de comercio exterior retroceden en el margen. El tipo de cambio, por su parte, exhibe una depreciación, sobre todo en términos multilaterales. Agrega que con proyecciones para octubre y suponiendo que se mantiene el tipo de cambio que se habría observado en los últimos diez días terminados al día viernes 9 anterior, se tiene que el índice del tipo de cambio real estaría cercano a 100, por sobre el valor de equilibrio de largo plazo, esto es, en la parte superior del rango de valores considerados de equilibrio, y aproximadamente 4% más depreciado de lo que se tenía en el IPoM como cierre estadístico. El señor Soto explica que lo que está detrás de está depreciación es fundamentalmente lo que sucedió con la paridad del peso con respecto a otras monedas latinoamericanas. Hace presente que con respecto al dólar, el peso está más o menos estable, pero que se ha depreciado respecto de las otras monedas latinoamericanas y asiáticas, que es lo que está explicando esta depreciación del tipo de cambio real.",Evolución de mercados financieros y tipo de cambio,mercados_financieros,mercados financieros,mercados_financieros,NO,NO,NO,Rol según lista de asistencia: Gerente de Análisis Macroeconómico,RPM-2009-10-13:2740:1,1,XLSX_ORIGINAL,NO,NO,RPM-2009-10-13:2740:B1,SIN_ALERTAS_AUTOMATICAS,,RPM-2009-10-13:T38,INICIO_EXPLICITO,,RPM-2009-10-13:2740:1
2740,ESTRUCTURAL,7d0cbd59577b3903a6a8d96ec66f199202cb60a1cbe330121632893cfbc8a451,Antes,3996,RPM-2009-10-13,2009-10-13 00:00:00,Claudio Soto Gamboa,Andrés Velasco Brañes,SI,Gerente de Análisis Macroeconómico,Ministro de Hacienda,SI,,Ministro de Hacienda,LISTA_ASISTENCIA,,SUJETO_ROL_NOMBRE,11,"Al respecto, el Ministro de Hacienda señor Andrés Velasco solicita se haga referencia a la trayectoria de mercado para el tipo de cambio.",Evolución de mercados financieros y tipo de cambio,mercados_financieros,mercados financieros,mercados_financieros,NO,NO,NO,Rol según lista de asistencia: Ministro de Hacienda,RPM-2009-10-13:2740:2,2,XLSX_ORIGINAL,NO,NO,RPM-2009-10-13:2740:B2,SIN_ALERTAS_AUTOMATICAS,,RPM-2009-10-13:T39,INICIO_EXPLICITO,,RPM-2009-10-13:2740:2
2740,ESTRUCTURAL,7d0cbd59577b3903a6a8d96ec66f199202cb60a1cbe330121632893cfbc8a451,Antes,3997,RPM-2009-10-13,2009-10-13 00:00:00,Claudio Soto Gamboa,Claudio Soto Gamboa,NO,Gerente de Análisis Macroeconómico,Gerente de Análisis Macroeconómico,NO,,Gerente de Análisis Macroeconómico,LISTA_ASISTENCIA,,SUJETO_NOMBRE,11,"El señor Soto responde que hay antecedentes de salidas al exterior de las AFP para invertir, las que se están produciendo desde hace algunas semanas y que podrían coadyuvar a explicar lo que está sucediendo, acotando el señor Velasco que, entonces, correspondería estimar que luego que las AFP liquidaran sus inversiones en el exterior, se ha producido un progresivo retorno a esta clase de inversiones, pero muy por debajo de los límites máximos de inversión en el exterior.",Evolución de mercados financieros y tipo de cambio,mercados_financieros,mercados financieros,mercados_financieros,NO,NO,NO,Rol según lista de asistencia: Gerente de Análisis Macroeconómico,RPM-2009-10-13:2740:3,3,XLSX_ORIGINAL,NO,NO,RPM-2009-10-13:2740:B3,SIN_ALERTAS_AUTOMATICAS,,RPM-2009-10-13:T40,INICIO_EXPLICITO,,RPM-2009-10-13:2740:3
2740,ESTRUCTURAL,7d0cbd59577b3903a6a8d96ec66f199202cb60a1cbe330121632893cfbc8a451,Antes,3998,RPM-2009-10-13,2009-10-13 00:00:00,Claudio Soto Gamboa,Beltrán de Ramón Acevedo,SI,Gerente de Análisis Macroeconómico,Gerente de División Operaciones Financieras,SI,,Gerente de División Operaciones Financieras,LISTA_ASISTENCIA,,SUJETO_ROL_NOMBRE,11,"Con respecto a la pregunta del señor Ministro, el Gerente de División de Operaciones Financieras, señor Beltrán de Ramón, agrega que en las últimas semanas se ha revertido la tendencia de compra de dólares por parte de extranjeros, que podría asociarse a ello, pero de forma no tan significativa como en períodos anteriores, lo que habría mantenido el tipo de cambio en cerca de $550 en forma estable y constituye la explicación más probable. Aclara que hasta hace dos meses se observaban operaciones de carry trade. Después, a mediados de mes, cuando se rompió la correlación con el Real brasileño, estas operaciones se redujeron entre quinientos y mil millones de dólares.",Evolución de mercados financieros y tipo de cambio,mercados_financieros,mercados financieros,mercados_financieros,NO,NO,NO,Rol según lista de asistencia: Gerente de División Operaciones Financieras,RPM-2009-10-13:2740:4,4,XLSX_ORIGINAL,NO,NO,RPM-2009-10-13:2740:B4,SIN_ALERTAS_AUTOMATICAS,,RPM-2009-10-13:T41,INICIO_EXPLICITO,,RPM-2009-10-13:2740:4
2740,ESTRUCTURAL,7d0cbd59577b3903a6a8d96ec66f199202cb60a1cbe330121632893cfbc8a451,Despues,4006,RPM-2009-10-13,2009-10-13 00:00:00,Claudio Soto Gamboa,Claudio Soto Gamboa,NO,Gerente de Análisis Macroeconómico,Gerente de Análisis Macroeconómico,NO,,Gerente de Análisis Macroeconómico,LISTA_ASISTENCIA,,SUJETO_NOMBRE,11,"El señor Claudio Soto prosigue su exposición, aludiendo a una pregunta que surgió en una reunión de coyuntura de la semana anterior, sobre cómo la evaluación de las presiones inflacionarias futuras podría afectar el crecimiento de los agregados monetarios. Al respecto, hace referencia al modelo P*, que considera la relación entre la cantidad de dinero y las expectativas de inflación. Agrega que hay distintas versiones del modelo, algunas de las cuales utilizan como variable de control la meta de inflación y otras que no la ocupan. Explica que, en general, estos modelos muestran que existe la posibilidad de un rebote inflacionario, en que incluso la inflación podría situarse sobre el rango meta, para luego bajar al nivel esperado. Por último, acota que, en todo caso, el incremento de la inflación que estos modelos anticipan no es sustancialmente superior al rango de tolerancia de la meta de inflación. En cuanto a los mercados financieros, el señor Claudio Soto hace presente el aumento en las tasas nominales de mediano plazo a dos años, sobre todo la de los BCP-2, con algunas oscilaciones dentro del mes. Informa que, en general, las tasas nominales son más altas, en tanto que las tasas reales son más bajas en ese mismo horizonte, como también a otros plazos, ya que la de los BCU-5 también han caído y algo también las de los BCU-10. La pendiente de la curva nominal ha retrocedido, explicado por el aumento de las tasas a dos años, que no ha ido acompañado de un aumento en las tasas nominales a plazos más largos. Respecto de las tasas de colocación de mercado, indica que se han visto movimientos más bien mixtos, en general, agregando que hasta hace un tiempo se observaba que todas estas tasas disminuían mensualmente. Esta vez, por el contrario, algunas tasas han disminuido, en tanto otras han aumentado respecto del mes previo, en particular las tasas de colocación a treinta días, mientras que las a noventa días caen marginalmente y aumentan las de 90 a 360 días. En el caso de las tasas de colocación de consumo, menciona que caen las de 90 a 360 días, pero que las a tres años suben más respecto del registro mínimo que tuvieron hace dos meses. El señor Gerente agrega que se observan caídas adicionales en el spread de tasas de 30 a 90 días, pero que los correspondientes a tasas de 90 a 360 se mantienen en rangos que son altos comparados con lo que se registró hasta mediados del año 2008. En cuanto a cifras de colocaciones, el señor Claudio Soto informa que no se aprecia un claro repunte en algunos segmentos, pero sí en las colocaciones comerciales y para la vivienda, con menor intensidad en este último caso, mientras que las colocaciones para consumo se mantienen estables y las de comercio exterior retroceden en el margen. El tipo de cambio, por su parte, exhibe una depreciación, sobre todo en términos multilaterales. Agrega que con proyecciones para octubre y suponiendo que se mantiene el tipo de cambio que se habría observado en los últimos diez días terminados al día viernes 9 anterior, se tiene que el índice del tipo de cambio real estaría cercano a 100, por sobre el valor de equilibrio de largo plazo, esto es, en la parte superior del rango de valores considerados de equilibrio, y aproximadamente 4% más depreciado de lo que se tenía en el IPoM como cierre estadístico. El señor Soto explica que lo que está detrás de está depreciación es fundamentalmente lo que sucedió con la paridad del peso con respecto a otras monedas latinoamericanas. Hace presente que con respecto al dólar, el peso está más o menos estable, pero que se ha depreciado respecto de las otras monedas latinoamericanas y asiáticas, que es lo que está explicando esta depreciación del tipo de cambio real.",Evolución de mercados financieros y tipo de cambio,mercados_financieros,mercados financieros,mercados_financieros,NO,NO,NO,Rol según lista de asistencia: Gerente de Análisis Macroeconómico,RPM-2009-10-13:2740:1,1,XLSX_ORIGINAL,NO,NO,RPM-2009-10-13:2740:B1,SIN_ALERTAS_AUTOMATICAS,,RPM-2009-10-13:T40,INICIO_EXPLICITO,,RPM-2009-10-13:2740:1
2740,ESTRUCTURAL,7d0cbd59577b3903a6a8d96ec66f199202cb60a1cbe330121632893cfbc8a451,Despues,4007,RPM-2009-10-13,2009-10-13 00:00:00,Claudio Soto Gamboa,Andrés Velasco Brañes,SI,Gerente de Análisis Macroeconómico,Ministro de Hacienda,SI,,Ministro de Hacienda,LISTA_ASISTENCIA,,SUJETO_ROL_NOMBRE,11,"Al respecto, el Ministro de Hacienda señor Andrés Velasco solicita se haga referencia a la trayectoria de mercado para el tipo de cambio.",Evolución de mercados financieros y tipo de cambio,mercados_financieros,mercados financieros,mercados_financieros,NO,NO,NO,Rol según lista de asistencia: Ministro de Hacienda,RPM-2009-10-13:2740:2,2,XLSX_ORIGINAL,NO,NO,RPM-2009-10-13:2740:B2,SIN_ALERTAS_AUTOMATICAS,,RPM-2009-10-13:T41,INICIO_EXPLICITO,,RPM-2009-10-13:2740:2
2740,ESTRUCTURAL,7d0cbd59577b3903a6a8d96ec66f199202cb60a1cbe330121632893cfbc8a451,Despues,4008,RPM-2009-10-13,2009-10-13 00:00:00,Claudio Soto Gamboa,Claudio Soto Gamboa,NO,Gerente de Análisis Macroeconómico,Gerente de Análisis Macroeconómico,NO,,Gerente de Análisis Macroeconómico,LISTA_ASISTENCIA,,SUJETO_NOMBRE,11,"El señor Soto responde que hay antecedentes de salidas al exterior de las AFP para invertir, las que se están produciendo desde hace algunas semanas y que podrían coadyuvar a explicar lo que está sucediendo,",Evolución de mercados financieros y tipo de cambio,mercados_financieros,mercados financieros,mercados_financieros,NO,NO,NO,Rol según lista de asistencia: Gerente de Análisis Macroeconómico,RPM-2009-10-13:2740:3,3,XLSX_ORIGINAL,NO,NO,RPM-2009-10-13:2740:B3,PENDIENTE_REVISION,FINAL_SIN_PUNTUACION,RPM-2009-10-13:T42,INICIO_EXPLICITO,,RPM-2009-10-13:2740:3
2740,ESTRUCTURAL,7d0cbd59577b3903a6a8d96ec66f199202cb60a1cbe330121632893cfbc8a451,Despues,4009,RPM-2009-10-13,2009-10-13 00:00:00,Claudio Soto Gamboa,Andrés Velasco Brañes,SI,Gerente de Análisis Macroeconómico,Ministro de Hacienda,SI,,Ministro de Hacienda,LISTA_ASISTENCIA,,CONTEXTO_REVISADO,11,"acotando el señor Velasco que, entonces, correspondería estimar que luego que las AFP liquidaran sus inversiones en el exterior, se ha producido un progresivo retorno a esta clase de inversiones, pero muy por debajo de los límites máximos de inversión en el exterior.",Evolución de mercados financieros y tipo de cambio,mercados_financieros,mercados financieros,mercados_financieros,NO,NO,NO,Hablante por contexto documentado: HAB-20260908-L22-2740-4078 (data/curation/revisiones_hablantes.json; no cotejo PDF); Rol según lista de asistencia: Ministro de Hacienda,RPM-2009-10-13:2740:4,4,XLSX_ORIGINAL,NO,NO,RPM-2009-10-13:2740:B4,SIN_ALERTAS_AUTOMATICAS,,RPM-2009-10-13:T43,SIN_CONTINUIDAD_CONFIRMADA,,
2740,ESTRUCTURAL,7d0cbd59577b3903a6a8d96ec66f199202cb60a1cbe330121632893cfbc8a451,Despues,4010,RPM-2009-10-13,2009-10-13 00:00:00,Claudio Soto Gamboa,Beltrán de Ramón Acevedo,SI,Gerente de Análisis Macroeconómico,Gerente de División Operaciones Financieras,SI,,Gerente de División Operaciones Financieras,LISTA_ASISTENCIA,,SUJETO_ROL_NOMBRE,11,"Con respecto a la pregunta del señor Ministro, el Gerente de División de Operaciones Financieras, señor Beltrán de Ramón, agrega que en las últimas semanas se ha revertido la tendencia de compra de dólares por parte de extranjeros, que podría asociarse a ello, pero de forma no tan significativa como en períodos anteriores, lo que habría mantenido el tipo de cambio en cerca de $550 en forma estable y constituye la explicación más probable. Aclara que hasta hace dos meses se observaban operaciones de carry trade. Después, a mediados de mes, cuando se rompió la correlación con el Real brasileño, estas operaciones se redujeron entre quinientos y mil millones de dólares.",Evolución de mercados financieros y tipo de cambio,mercados_financieros,mercados financieros,mercados_financieros,NO,NO,NO,Rol según lista de asistencia: Gerente de División Operaciones Financieras,RPM-2009-10-13:2740:5,5,XLSX_ORIGINAL,NO,NO,RPM-2009-10-13:2740:B5,SIN_ALERTAS_AUTOMATICAS,,RPM-2009-10-13:T44,INICIO_EXPLICITO,,RPM-2009-10-13:2740:5
2863,ESTRUCTURAL,3e900aa0430e18190910f0635adc6556d09341f5ff665405a78757542314489b,Antes,4218,RPM-2010-01-14,2010-01-14 00:00:00,Manuel Marfán Lewis,Manuel Marfán Lewis,NO,Vicepresidente del Banco Central,Vicepresidente del Banco Central,NO,,Vicepresidente del Banco Central,LISTA_ASISTENCIA,,SUJETO_ROL_SESION,12,"El señor Vicepresidente consulta si esa reconstrucción permitió ver si se le habían quitado puntos al IPC, respondiendo el señor Soto que no, porque fue un suavizamiento.",Evolución de mercados financieros y tipo de cambio,mercados_financieros,mercados financieros,mercados_financieros,NO,NO,NO,Rol según lista de asistencia: Vicepresidente del Banco Central,RPM-2010-01-14:2863:1,1,XLSX_ORIGINAL,NO,NO,RPM-2010-01-14:2863:B1,SIN_ALERTAS_AUTOMATICAS,,RPM-2010-01-14:T28,INICIO_EXPLICITO,,RPM-2010-01-14:2863:1
2863,ESTRUCTURAL,3e900aa0430e18190910f0635adc6556d09341f5ff665405a78757542314489b,Antes,4219,RPM-2010-01-14,2010-01-14 00:00:00,Manuel Marfán Lewis,Claudio Soto Gamboa,SI,Vicepresidente del Banco Central,Gerente de Análisis Macroeconómico,SI,,Gerente de Análisis Macroeconómico,LISTA_ASISTENCIA,,SUJETO_NOMBRE,12,"Respecto de las sorpresas inflacionarias del mes, el señor Claudio Soto informa que se tiene la hipótesis que parte de la sorpresa que se tuvo en la proyección de inflación puede estar asociada a un traspaso de tipo de cambio quizás algo más rápido que el considerado anteriormente. Al respecto, señala que el índice de precios subió con la depreciación del tipo de cambio y que ha estado cayendo justamente junto con la apreciación. En el caso específico del vestuario, menciona que el índice tiene bastante volatilidad, y que subió en algún momento cuando el tipo de cambio comenzó a depreciarse, y ha estado cayendo con la caída del tipo de cambio. En cuanto a los precios de automóviles, que subió con la depreciación del tipo de cambio a mediados del año 2008, ha caído algo r últimamente, destacando que los autos pesaban 0,5% en la canasta antigua y ahora 5,7%, y que van a pasar a pesar 3,8 en la canasta nacional. A continuación,.",Evolución de mercados financieros y tipo de cambio,mercados_financieros,mercados financieros,mercados_financieros,NO,NO,NO,Rol según lista de asistencia: Gerente de Análisis Macroeconómico,RPM-2010-01-14:2863:2,2,XLSX_ORIGINAL,NO,NO,RPM-2010-01-14:2863:B2,SIN_ALERTAS_AUTOMATICAS,,RPM-2010-01-14:T29,INICIO_EXPLICITO,,RPM-2010-01-14:2863:2
2863,ESTRUCTURAL,3e900aa0430e18190910f0635adc6556d09341f5ff665405a78757542314489b,Despues,4230,RPM-2010-01-14,2010-01-14 00:00:00,Manuel Marfán Lewis,Manuel Marfán Lewis,NO,Vicepresidente del Banco Central,Vicepresidente del Banco Central,NO,,Vicepresidente del Banco Central,LISTA_ASISTENCIA,,SUJETO_ROL_SESION,12,"El señor Vicepresidente consulta si esa reconstrucción permitió ver si se le habían quitado puntos al IPC,",Evolución de mercados financieros y tipo de cambio,mercados_financieros,mercados financieros,mercados_financieros,NO,NO,NO,Rol según lista de asistencia: Vicepresidente del Banco Central,RPM-2010-01-14:2863:1,1,XLSX_ORIGINAL,NO,NO,RPM-2010-01-14:2863:B1,PENDIENTE_REVISION,FINAL_SIN_PUNTUACION,RPM-2010-01-14:T28,INICIO_EXPLICITO,,RPM-2010-01-14:2863:1
2863,ESTRUCTURAL,3e900aa0430e18190910f0635adc6556d09341f5ff665405a78757542314489b,Despues,4231,RPM-2010-01-14,2010-01-14 00:00:00,Manuel Marfán Lewis,Claudio Soto Gamboa,SI,Vicepresidente del Banco Central,Gerente de Análisis Macroeconómico,SI,,Gerente de Análisis Macroeconómico,LISTA_ASISTENCIA,,CONTEXTO_REVISADO,12,"respondiendo el señor Soto que no, porque fue un suavizamiento.",Evolución de mercados financieros y tipo de cambio,mercados_financieros,mercados financieros,mercados_financieros,NO,NO,NO,Hablante por contexto documentado: HAB-20260908-L22-2863-107 (data/curation/revisiones_hablantes.json; no cotejo PDF); Rol según lista de asistencia: Gerente de Análisis Macroeconómico,RPM-2010-01-14:2863:2,2,XLSX_ORIGINAL,NO,NO,RPM-2010-01-14:2863:B2,SIN_ALERTAS_AUTOMATICAS,,RPM-2010-01-14:T29,SIN_CONTINUIDAD_CONFIRMADA,,
2863,ESTRUCTURAL,3e900aa0430e18190910f0635adc6556d09341f5ff665405a78757542314489b,Despues,4232,RPM-2010-01-14,2010-01-14 00:00:00,Manuel Marfán Lewis,Claudio Soto Gamboa,SI,Vicepresidente del Banco Central,Gerente de Análisis Macroeconómico,SI,,Gerente de Análisis Macroeconómico,LISTA_ASISTENCIA,,SUJETO_NOMBRE,12,"Respecto de las sorpresas inflacionarias del mes, el señor Claudio Soto informa que se tiene la hipótesis que parte de la sorpresa que se tuvo en la proyección de inflación puede estar asociada a un traspaso de tipo de cambio quizás algo más rápido que el considerado anteriormente. Al respecto, señala que el índice de precios subió con la depreciación del tipo de cambio y que ha estado cayendo justamente junto con la apreciación. En el caso específico del vestuario, menciona que el índice tiene bastante volatilidad, y que subió en algún momento cuando el tipo de cambio comenzó a depreciarse, y ha estado cayendo con la caída del tipo de cambio. En cuanto a los precios de automóviles, que subió con la depreciación del tipo de cambio a mediados del año 2008, ha caído algo r últimamente, destacando que los autos pesaban 0,5% en la canasta antigua y ahora 5,7%, y que van a pasar a pesar 3,8 en la canasta nacional. A continuación,.",Evolución de mercados financieros y tipo de cambio,mercados_financieros,mercados financieros,mercados_financieros,NO,NO,NO,Rol según lista de asistencia: Gerente de Análisis Macroeconómico,RPM-2010-01-14:2863:3,3,XLSX_ORIGINAL,NO,NO,RPM-2010-01-14:2863:B3,SIN_ALERTAS_AUTOMATICAS,,RPM-2010-01-14:T30,INICIO_EXPLICITO,,RPM-2010-01-14:2863:3
2864,TRAZABILIDAD,48b5aa906a90da454033632a1beb27594f73879f047c779d91e253a317793c25,Antes,4220,RPM-2010-01-14,2010-01-14 00:00:00,Claudio Soto Gamboa,Claudio Soto Gamboa,NO,Gerente de Análisis Macroeconómico,Gerente de Análisis Macroeconómico,NO,,Gerente de Análisis Macroeconómico,LISTA_ASISTENCIA,,SUJETO_NOMBRE,13,"el señor Claudio Soto hace alusión a una descomposición del IPC entre transables y no transables. Aclara que si bien esta descomposición es algo arbitraria, indica que el IPC transable es el que ha estado cayendo más o menos en línea con lo que se ha observado en el tipo de cambio; de hecho, indica que si se hace un análisis más fino, se ve que aumentó en algún momento y que el último dato da cuenta de una caída. El nivel de IPC de no transables, en tanto, se mantiene relativamente estable.",Evolución de mercados financieros y tipo de cambio,mercados_financieros,mercados financieros,mercados_financieros,NO,NO,NO,Rol según lista de asistencia: Gerente de Análisis Macroeconómico,RPM-2010-01-14:2864:1,1,XLSX_ORIGINAL,NO,NO,RPM-2010-01-14:2864:B1,SIN_ALERTAS_AUTOMATICAS,,RPM-2010-01-14:T29,CONTINUIDAD_EXPLICITA,RPM-2010-01-14:2863:2,RPM-2010-01-14:2864:1
2864,TRAZABILIDAD,48b5aa906a90da454033632a1beb27594f73879f047c779d91e253a317793c25,Despues,4233,RPM-2010-01-14,2010-01-14 00:00:00,Claudio Soto Gamboa,Claudio Soto Gamboa,NO,Gerente de Análisis Macroeconómico,Gerente de Análisis Macroeconómico,NO,,Gerente de Análisis Macroeconómico,LISTA_ASISTENCIA,,SUJETO_NOMBRE,13,"el señor Claudio Soto hace alusión a una descomposición del IPC entre transables y no transables. Aclara que si bien esta descomposición es algo arbitraria, indica que el IPC transable es el que ha estado cayendo más o menos en línea con lo que se ha observado en el tipo de cambio; de hecho, indica que si se hace un análisis más fino, se ve que aumentó en algún momento y que el último dato da cuenta de una caída. El nivel de IPC de no transables, en tanto, se mantiene relativamente estable.",Evolución de mercados financieros y tipo de cambio,mercados_financieros,mercados financieros,mercados_financieros,NO,NO,NO,Rol según lista de asistencia: Gerente de Análisis Macroeconómico,RPM-2010-01-14:2864:1,1,XLSX_ORIGINAL,NO,NO,RPM-2010-01-14:2864:B1,SIN_ALERTAS_AUTOMATICAS,,RPM-2010-01-14:T30,CONTINUIDAD_EXPLICITA,RPM-2010-01-14:2863:3,RPM-2010-01-14:2864:1
2911,ESTRUCTURAL,757fea8bb62ce93702579737d1bcdf1fa3098d6355a72db4084310d9ee4c9755,Antes,4297,RPM-2010-02-11,2010-02-11 00:00:00,Rodrigo Vergara Montes,Rodrigo Vergara Montes,NO,Presidente del Banco Central,Consejero,SI,,Consejero,LISTA_ASISTENCIA,,SUJETO_ROL_NOMBRE,9,"El Consejero señor Rodrigo Vergara pregunta si este es el primer año en que se presenta una diferencia tan significativa, respondiendo el señor Soto que es efectivo.",Análisis macroeconómico y discusión de política monetaria,debate,discusión monetaria,debate,NO,NO,NO,Rol según lista de asistencia: Consejero,RPM-2010-02-11:2911:1,1,XLSX_ORIGINAL,NO,NO,RPM-2010-02-11:2911:B1,SIN_ALERTAS_AUTOMATICAS,,RPM-2010-02-11:T42,INICIO_EXPLICITO,,RPM-2010-02-11:2911:1
2911,ESTRUCTURAL,757fea8bb62ce93702579737d1bcdf1fa3098d6355a72db4084310d9ee4c9755,Despues,4310,RPM-2010-02-11,2010-02-11 00:00:00,Rodrigo Vergara Montes,Rodrigo Vergara Montes,NO,Presidente del Banco Central,Consejero,SI,,Consejero,LISTA_ASISTENCIA,,SUJETO_ROL_NOMBRE,9,"El Consejero señor Rodrigo Vergara pregunta si este es el primer año en que se presenta una diferencia tan significativa,",Análisis macroeconómico y discusión de política monetaria,debate,discusión monetaria,debate,NO,NO,NO,Rol según lista de asistencia: Consejero,RPM-2010-02-11:2911:1,1,XLSX_ORIGINAL,NO,NO,RPM-2010-02-11:2911:B1,PENDIENTE_REVISION,FINAL_SIN_PUNTUACION,RPM-2010-02-11:T42,INICIO_EXPLICITO,,RPM-2010-02-11:2911:1
2911,ESTRUCTURAL,757fea8bb62ce93702579737d1bcdf1fa3098d6355a72db4084310d9ee4c9755,Despues,4311,RPM-2010-02-11,2010-02-11 00:00:00,Rodrigo Vergara Montes,Claudio Soto Gamboa,SI,Presidente del Banco Central,Gerente de Análisis Macroeconómico,SI,,Gerente de Análisis Macroeconómico,LISTA_ASISTENCIA,,CONTEXTO_REVISADO,9,respondiendo el señor Soto que es efectivo.,Análisis macroeconómico y discusión de política monetaria,debate,discusión monetaria,debate,NO,NO,NO,Hablante por contexto documentado: HAB-20260908-L22-2911-122 (data/curation/revisiones_hablantes.json; no cotejo PDF); Rol según lista de asistencia: Gerente de Análisis Macroeconómico,RPM-2010-02-11:2911:2,2,XLSX_ORIGINAL,NO,NO,RPM-2010-02-11:2911:B2,PENDIENTE_REVISION,FRAGMENTO_BREVE,RPM-2010-02-11:T43,SIN_CONTINUIDAD_CONFIRMADA,,
2922,ESTRUCTURAL,e6c6e858397dc65aa768d976feb47dcc08939128562c07e174485853ba3f8de8,Antes,4313,RPM-2010-02-11,2010-02-11 00:00:00,José De Gregorio Rebeco,José De Gregorio Rebeco,NO,Presidente del Banco Central,Presidente del Banco Central,NO,,Presidente del Banco Central,LISTA_ASISTENCIA,,SUJETO_NOMBRE,12,"El señor José De Gregorio pregunta si el efecto base tampoco está contemplado en esta proyección, respondiendo el señor Claudio Soto que este sí se consideró en el momento en que se elaboró la minuta que circuló previamente, por cuanto al volver a estimarse este efecto, pasó de 0,22 a 0,4. El señor Presidente señala que, aparentemente, correspondería considerar que ese efecto base se puede calcular solo una vez cuando se tiene toda la trayectoria de este componente a nivel nacional.",Análisis macroeconómico y discusión de política monetaria,debate,discusión monetaria,debate,NO,NO,NO,Rol según lista de asistencia: Presidente del Banco Central,RPM-2010-02-11:2922:1,1,XLSX_ORIGINAL,NO,NO,RPM-2010-02-11:2922:B1,SIN_ALERTAS_AUTOMATICAS,,RPM-2010-02-11:T58,INICIO_EXPLICITO,,RPM-2010-02-11:2922:1
2922,ESTRUCTURAL,e6c6e858397dc65aa768d976feb47dcc08939128562c07e174485853ba3f8de8,Despues,4327,RPM-2010-02-11,2010-02-11 00:00:00,José De Gregorio Rebeco,José De Gregorio Rebeco,NO,Presidente del Banco Central,Presidente del Banco Central,NO,,Presidente del Banco Central,LISTA_ASISTENCIA,,SUJETO_NOMBRE,12,"El señor José De Gregorio pregunta si el efecto base tampoco está contemplado en esta proyección,",Análisis macroeconómico y discusión de política monetaria,debate,discusión monetaria,debate,NO,NO,NO,Rol según lista de asistencia: Presidente del Banco Central,RPM-2010-02-11:2922:1,1,XLSX_ORIGINAL,NO,NO,RPM-2010-02-11:2922:B1,PENDIENTE_REVISION,FINAL_SIN_PUNTUACION,RPM-2010-02-11:T59,INICIO_EXPLICITO,,RPM-2010-02-11:2922:1
2922,ESTRUCTURAL,e6c6e858397dc65aa768d976feb47dcc08939128562c07e174485853ba3f8de8,Despues,4328,RPM-2010-02-11,2010-02-11 00:00:00,José De Gregorio Rebeco,Claudio Soto Gamboa,SI,Presidente del Banco Central,Gerente de Análisis Macroeconómico,SI,,Gerente de Análisis Macroeconómico,LISTA_ASISTENCIA,,CONTEXTO_REVISADO,12,"respondiendo el señor Claudio Soto que este sí se consideró en el momento en que se elaboró la minuta que circuló previamente, por cuanto al volver a estimarse este efecto, pasó de 0,22 a 0,4.",Análisis macroeconómico y discusión de política monetaria,debate,discusión monetaria,debate,NO,NO,NO,Hablante por contexto documentado: HAB-20260908-L22-2922-98 (data/curation/revisiones_hablantes.json; no cotejo PDF); Rol según lista de asistencia: Gerente de Análisis Macroeconómico,RPM-2010-02-11:2922:2,2,XLSX_ORIGINAL,NO,NO,RPM-2010-02-11:2922:B2,SIN_ALERTAS_AUTOMATICAS,,RPM-2010-02-11:T60,SIN_CONTINUIDAD_CONFIRMADA,,
2922,ESTRUCTURAL,e6c6e858397dc65aa768d976feb47dcc08939128562c07e174485853ba3f8de8,Despues,4329,RPM-2010-02-11,2010-02-11 00:00:00,José De Gregorio Rebeco,José De Gregorio Rebeco,NO,Presidente del Banco Central,Presidente del Banco Central,NO,,Presidente del Banco Central,LISTA_ASISTENCIA,,SUJETO_ROL_SESION,12,"El señor Presidente señala que, aparentemente, correspondería considerar que ese efecto base se puede calcular solo una vez cuando se tiene toda la trayectoria de este componente a nivel nacional.",Análisis macroeconómico y discusión de política monetaria,debate,discusión monetaria,debate,NO,NO,NO,Rol según lista de asistencia: Presidente del Banco Central,RPM-2010-02-11:2922:3,3,XLSX_ORIGINAL,NO,NO,RPM-2010-02-11:2922:B3,SIN_ALERTAS_AUTOMATICAS,,RPM-2010-02-11:T61,INICIO_EXPLICITO,,RPM-2010-02-11:2922:3
2938,ESTRUCTURAL,c610b7fb81b3d20dbb15bd05877e5e6dfa512c7d3cf278bdd490e175b347da5c,Antes,4333,RPM-2010-02-11,2010-02-11 00:00:00,Manuel Marfán Lewis,Enrique Marshall Rivera,SI,Vicepresidente del Banco Central,Consejero,SI,,Consejero,LISTA_ASISTENCIA,,SUJETO_ROL_NOMBRE,14,"El Consejero señor Enrique Marshall consulta si ello genera consecuencias en el precio que está indexado, señalando el señor García que tendrá efectos en los",Evolución de mercados financieros y tipo de cambio,mercados_financieros,mercados financieros,mercados_financieros,NO,NO,NO,Rol según lista de asistencia: Consejero,RPM-2010-02-11:2938:1,1,XLSX_ORIGINAL,NO,NO,RPM-2010-02-11:2938:B1,PENDIENTE_REVISION,FINAL_SIN_PUNTUACION,RPM-2010-02-11:T78,INICIO_EXPLICITO,,RPM-2010-02-11:2938:1
2938,ESTRUCTURAL,c610b7fb81b3d20dbb15bd05877e5e6dfa512c7d3cf278bdd490e175b347da5c,Antes,4334,RPM-2010-02-11,2010-02-11 00:00:00,Manuel Marfán Lewis,Manuel Marfán Lewis,NO,Vicepresidente del Banco Central,Vicepresidente del Banco Central,NO,,Vicepresidente del Banco Central,LISTA_ASISTENCIA,,SUJETO_ROL_NOMBRE,14,"El Vicepresidente, señor Manuel Marfán, manifiesta que ha sido beneficioso que el cambio metodológico ocurra en un momento en que la inflación se encuentra baja, en dos puntos y medio bajo el límite inferior del rango meta, ya que ello contribuye a subir la inflación sin necesidad de hacer política monetaria. Señala que lo mismo ocurre con el comportamiento del tipo de cambio, que también está teniendo incidencia en la proyección. Agrega que el escenario alternativo era muy adverso, ya que si se seguía teniendo inflación a la baja y el Banco no disponía de otros instrumentos, se habría encontrado en una situación muy compleja.",Evolución de mercados financieros y tipo de cambio,mercados_financieros,mercados financieros,mercados_financieros,NO,NO,NO,Rol según lista de asistencia: Vicepresidente del Banco Central,RPM-2010-02-11:2938:2,2,XLSX_ORIGINAL,NO,NO,RPM-2010-02-11:2938:B2,SIN_ALERTAS_AUTOMATICAS,,RPM-2010-02-11:T79,INICIO_EXPLICITO,,RPM-2010-02-11:2938:2
2938,ESTRUCTURAL,c610b7fb81b3d20dbb15bd05877e5e6dfa512c7d3cf278bdd490e175b347da5c,Despues,4349,RPM-2010-02-11,2010-02-11 00:00:00,Manuel Marfán Lewis,Enrique Marshall Rivera,SI,Vicepresidente del Banco Central,Consejero,SI,,Consejero,LISTA_ASISTENCIA,,SUJETO_ROL_NOMBRE,14,"El Consejero señor Enrique Marshall consulta si ello genera consecuencias en el precio que está indexado,",Evolución de mercados financieros y tipo de cambio,mercados_financieros,mercados financieros,mercados_financieros,NO,NO,NO,Rol según lista de asistencia: Consejero,RPM-2010-02-11:2938:1,1,XLSX_ORIGINAL,NO,NO,RPM-2010-02-11:2938:B1,PENDIENTE_REVISION,FINAL_SIN_PUNTUACION,RPM-2010-02-11:T81,INICIO_EXPLICITO,,RPM-2010-02-11:2938:1
2938,ESTRUCTURAL,c610b7fb81b3d20dbb15bd05877e5e6dfa512c7d3cf278bdd490e175b347da5c,Despues,4350,RPM-2010-02-11,2010-02-11 00:00:00,Manuel Marfán Lewis,Pablo García Silva,SI,Vicepresidente del Banco Central,Gerente de División Estudios,SI,,Gerente de División Estudios,LISTA_ASISTENCIA,,CONTEXTO_REVISADO,14,señalando el señor García que tendrá efectos en los,Evolución de mercados financieros y tipo de cambio,mercados_financieros,mercados financieros,mercados_financieros,NO,NO,NO,Hablante por contexto documentado: HAB-20260908-L22-2938-106 (data/curation/revisiones_hablantes.json; no cotejo PDF); Rol según lista de asistencia: Gerente de División Estudios,RPM-2010-02-11:2938:2,2,XLSX_ORIGINAL,NO,NO,RPM-2010-02-11:2938:B2,PENDIENTE_REVISION,FINAL_SIN_PUNTUACION;TEXTO_DANADO_POR_COTEJAR,RPM-2010-02-11:T82,SIN_CONTINUIDAD_CONFIRMADA,,
2938,ESTRUCTURAL,c610b7fb81b3d20dbb15bd05877e5e6dfa512c7d3cf278bdd490e175b347da5c,Despues,4351,RPM-2010-02-11,2010-02-11 00:00:00,Manuel Marfán Lewis,Manuel Marfán Lewis,NO,Vicepresidente del Banco Central,Vicepresidente del Banco Central,NO,,Vicepresidente del Banco Central,LISTA_ASISTENCIA,,SUJETO_ROL_NOMBRE,14,"El Vicepresidente, señor Manuel Marfán, manifiesta que ha sido beneficioso que el cambio metodológico ocurra en un momento en que la inflación se encuentra baja, en dos puntos y medio bajo el límite inferior del rango meta, ya que ello contribuye a subir la inflación sin necesidad de hacer política monetaria. Señala que lo mismo ocurre con el comportamiento del tipo de cambio, que también está teniendo incidencia en la proyección. Agrega que el escenario alternativo era muy adverso, ya que si se seguía teniendo inflación a la baja y el Banco no disponía de otros instrumentos, se habría encontrado en una situación muy compleja.",Evolución de mercados financieros y tipo de cambio,mercados_financieros,mercados financieros,mercados_financieros,NO,NO,NO,Rol según lista de asistencia: Vicepresidente del Banco Central,RPM-2010-02-11:2938:3,3,XLSX_ORIGINAL,NO,NO,RPM-2010-02-11:2938:B3,SIN_ALERTAS_AUTOMATICAS,,RPM-2010-02-11:T83,INICIO_EXPLICITO,,RPM-2010-02-11:2938:3
3028,ESTRUCTURAL,dea83bfd06c62bbd74dbabf700eea4e5b95a74c58492ce6e853e916fd1d95c36,Antes,4469,RPM-2010-04-15,2010-04-15 00:00:00,José De Gregorio Rebeco,José De Gregorio Rebeco,NO,Presidente del Banco Central,Presidente del Banco Central,NO,,Presidente del Banco Central,LISTA_ASISTENCIA,,SUJETO_ROL_SESION,3,"El señor Presidente pregunta cuánto va a crecer Estados Unidos este año,",Análisis macroeconómico y discusión de política monetaria,debate,discusión monetaria,debate,NO,NO,NO,Rol según lista de asistencia: Presidente del Banco Central,RPM-2010-04-15:3028:1,1,XLSX_ORIGINAL,NO,NO,RPM-2010-04-15:3028:B1,PENDIENTE_REVISION,FINAL_SIN_PUNTUACION,RPM-2010-04-15:T6,INICIO_EXPLICITO,,RPM-2010-04-15:3028:1
3028,ESTRUCTURAL,dea83bfd06c62bbd74dbabf700eea4e5b95a74c58492ce6e853e916fd1d95c36,Antes,4470,RPM-2010-04-15,2010-04-15 00:00:00,José De Gregorio Rebeco,Sergio Lehmann Beresi,SI,Presidente del Banco Central,Gerente de Análisis Internacional,SI,,Gerente de Análisis Internacional,LISTA_ASISTENCIA,,SUJETO_NOMBRE,3,"a lo cual el señor Lehmann responde que se espera una cifra que oscila entre 2,5 y 3%.",Análisis macroeconómico y discusión de política monetaria,debate,discusión monetaria,debate,NO,NO,NO,Rol según lista de asistencia: Gerente de Análisis Internacional,RPM-2010-04-15:3028:2,2,XLSX_ORIGINAL,NO,NO,RPM-2010-04-15:3028:B2,SIN_ALERTAS_AUTOMATICAS,,RPM-2010-04-15:T7,INICIO_EXPLICITO,,RPM-2010-04-15:3028:2
3028,ESTRUCTURAL,dea83bfd06c62bbd74dbabf700eea4e5b95a74c58492ce6e853e916fd1d95c36,Antes,4471,RPM-2010-04-15,2010-04-15 00:00:00,José De Gregorio Rebeco,José De Gregorio Rebeco,NO,Presidente del Banco Central,Presidente del Banco Central,NO,,Presidente del Banco Central,LISTA_ASISTENCIA,,SUJETO_ROL_SESION,3,"El señor Presidente comenta que, entonces, en menos de un año se habría recuperado lo que se perdió el año pasado, acotando el señor Lehmann que ello sería efectivo, pero que la componente de consumo probablemente ha tenido una evolución más débil en comparación con otras recuperaciones.",Análisis macroeconómico y discusión de política monetaria,debate,discusión monetaria,debate,NO,NO,NO,Rol según lista de asistencia: Presidente del Banco Central,RPM-2010-04-15:3028:3,3,XLSX_ORIGINAL,NO,NO,RPM-2010-04-15:3028:B3,SIN_ALERTAS_AUTOMATICAS,,RPM-2010-04-15:T8,INICIO_EXPLICITO,,RPM-2010-04-15:3028:3
3028,ESTRUCTURAL,dea83bfd06c62bbd74dbabf700eea4e5b95a74c58492ce6e853e916fd1d95c36,Despues,4486,RPM-2010-04-15,2010-04-15 00:00:00,José De Gregorio Rebeco,José De Gregorio Rebeco,NO,Presidente del Banco Central,Presidente del Banco Central,NO,,Presidente del Banco Central,LISTA_ASISTENCIA,,SUJETO_ROL_SESION,3,"El señor Presidente pregunta cuánto va a crecer Estados Unidos este año,",Análisis macroeconómico y discusión de política monetaria,debate,discusión monetaria,debate,NO,NO,NO,Rol según lista de asistencia: Presidente del Banco Central,RPM-2010-04-15:3028:1,1,XLSX_ORIGINAL,NO,NO,RPM-2010-04-15:3028:B1,PENDIENTE_REVISION,FINAL_SIN_PUNTUACION,RPM-2010-04-15:T6,INICIO_EXPLICITO,,RPM-2010-04-15:3028:1
3028,ESTRUCTURAL,dea83bfd06c62bbd74dbabf700eea4e5b95a74c58492ce6e853e916fd1d95c36,Despues,4487,RPM-2010-04-15,2010-04-15 00:00:00,José De Gregorio Rebeco,Sergio Lehmann Beresi,SI,Presidente del Banco Central,Gerente de Análisis Internacional,SI,,Gerente de Análisis Internacional,LISTA_ASISTENCIA,,SUJETO_NOMBRE,3,"a lo cual el señor Lehmann responde que se espera una cifra que oscila entre 2,5 y 3%.",Análisis macroeconómico y discusión de política monetaria,debate,discusión monetaria,debate,NO,NO,NO,Rol según lista de asistencia: Gerente de Análisis Internacional,RPM-2010-04-15:3028:2,2,XLSX_ORIGINAL,NO,NO,RPM-2010-04-15:3028:B2,SIN_ALERTAS_AUTOMATICAS,,RPM-2010-04-15:T7,INICIO_EXPLICITO,,RPM-2010-04-15:3028:2
3028,ESTRUCTURAL,dea83bfd06c62bbd74dbabf700eea4e5b95a74c58492ce6e853e916fd1d95c36,Despues,4488,RPM-2010-04-15,2010-04-15 00:00:00,José De Gregorio Rebeco,José De Gregorio Rebeco,NO,Presidente del Banco Central,Presidente del Banco Central,NO,,Presidente del Banco Central,LISTA_ASISTENCIA,,SUJETO_ROL_SESION,3,"El señor Presidente comenta que, entonces, en menos de un año se habría recuperado lo que se perdió el año pasado,",Análisis macroeconómico y discusión de política monetaria,debate,discusión monetaria,debate,NO,NO,NO,Rol según lista de asistencia: Presidente del Banco Central,RPM-2010-04-15:3028:3,3,XLSX_ORIGINAL,NO,NO,RPM-2010-04-15:3028:B3,PENDIENTE_REVISION,FINAL_SIN_PUNTUACION,RPM-2010-04-15:T8,INICIO_EXPLICITO,,RPM-2010-04-15:3028:3
3028,ESTRUCTURAL,dea83bfd06c62bbd74dbabf700eea4e5b95a74c58492ce6e853e916fd1d95c36,Despues,4489,RPM-2010-04-15,2010-04-15 00:00:00,José De Gregorio Rebeco,Sergio Lehmann Beresi,SI,Presidente del Banco Central,Gerente de Análisis Internacional,SI,,Gerente de Análisis Internacional,LISTA_ASISTENCIA,,CONTEXTO_REVISADO,3,"acotando el señor Lehmann que ello sería efectivo, pero que la componente de consumo probablemente ha tenido una evolución más débil en comparación con otras recuperaciones.",Análisis macroeconómico y discusión de política monetaria,debate,discusión monetaria,debate,NO,NO,NO,Hablante por contexto documentado: HAB-20260908-L22-3028-275 (data/curation/revisiones_hablantes.json; no cotejo PDF); Rol según lista de asistencia: Gerente de Análisis Internacional,RPM-2010-04-15:3028:4,4,XLSX_ORIGINAL,NO,NO,RPM-2010-04-15:3028:B4,SIN_ALERTAS_AUTOMATICAS,,RPM-2010-04-15:T9,SIN_CONTINUIDAD_CONFIRMADA,,
3054,ESTRUCTURAL,1c7a9459194dcc212e5dc5bc1b0dfd9a7147133ae1587a141d5cd1e2f1c9fd8f,Antes,4511,RPM-2010-04-15,2010-04-15 00:00:00,Enrique Marshall Rivera,Enrique Marshall Rivera,NO,Consejero,Consejero,NO,,Consejero,LISTA_ASISTENCIA,,SUJETO_ROL_NOMBRE,12,"El Consejero señor Enrique Marshall consulta si el impacto en el IPC sería de 0.6% en caso que no se devuelva el impuesto de timbres y estampillas, respondiendo el señor Soto que eso es efectivo y que la variación mensual de 0,9% que se espera en julio obedece precisamente a ello.",Análisis de la inflación y expectativas inflacionarias,inflacion,inflación,inflacion,NO,NO,NO,Rol según lista de asistencia: Consejero,RPM-2010-04-15:3054:1,1,XLSX_ORIGINAL,NO,NO,RPM-2010-04-15:3054:B1,SIN_ALERTAS_AUTOMATICAS,,RPM-2010-04-15:T46,INICIO_EXPLICITO,,RPM-2010-04-15:3054:1
3054,ESTRUCTURAL,1c7a9459194dcc212e5dc5bc1b0dfd9a7147133ae1587a141d5cd1e2f1c9fd8f,Despues,4529,RPM-2010-04-15,2010-04-15 00:00:00,Enrique Marshall Rivera,Enrique Marshall Rivera,NO,Consejero,Consejero,NO,,Consejero,LISTA_ASISTENCIA,,SUJETO_ROL_NOMBRE,12,"El Consejero señor Enrique Marshall consulta si el impacto en el IPC sería de 0.6% en caso que no se devuelva el impuesto de timbres y estampillas,",Análisis de la inflación y expectativas inflacionarias,inflacion,inflación,inflacion,NO,NO,NO,Rol según lista de asistencia: Consejero,RPM-2010-04-15:3054:1,1,XLSX_ORIGINAL,NO,NO,RPM-2010-04-15:3054:B1,PENDIENTE_REVISION,FINAL_SIN_PUNTUACION,RPM-2010-04-15:T47,INICIO_EXPLICITO,,RPM-2010-04-15:3054:1
3054,ESTRUCTURAL,1c7a9459194dcc212e5dc5bc1b0dfd9a7147133ae1587a141d5cd1e2f1c9fd8f,Despues,4530,RPM-2010-04-15,2010-04-15 00:00:00,Enrique Marshall Rivera,Claudio Soto Gamboa,SI,Consejero,Gerente de Análisis Macroeconómico,SI,,Gerente de Análisis Macroeconómico,LISTA_ASISTENCIA,,CONTEXTO_REVISADO,12,"respondiendo el señor Soto que eso es efectivo y que la variación mensual de 0,9% que se espera en julio obedece precisamente a ello.",Análisis de la inflación y expectativas inflacionarias,inflacion,inflación,inflacion,NO,NO,NO,Hablante por contexto documentado: HAB-20260908-L22-3054-148 (data/curation/revisiones_hablantes.json; no cotejo PDF); Rol según lista de asistencia: Gerente de Análisis Macroeconómico,RPM-2010-04-15:3054:2,2,XLSX_ORIGINAL,NO,NO,RPM-2010-04-15:3054:B2,SIN_ALERTAS_AUTOMATICAS,,RPM-2010-04-15:T48,SIN_CONTINUIDAD_CONFIRMADA,,
3160,ESTRUCTURAL,dbf7ca2fb3db855f47511f8c6a8880091ba4e3ff878d7a73fe8dc26f9eb393c0,Antes,4661,RPM-2010-06-15,2010-06-15 00:00:00,Rodrigo Vergara Montes,Rodrigo Vergara Montes,NO,Presidente del Banco Central,Consejero,SI,,Consejero,LISTA_ASISTENCIA,,SUJETO_ROL_NOMBRE,10,"El Consejero señor Rodrigo Vergara comenta que la nueva serie de empleo le parece extraña, explicando el señor Pablo García que no se cuenta con el nuevo perfil estacional.",Evolución del mercado laboral y empleo,mercado_laboral,mercado laboral,mercado_laboral,NO,NO,NO,Rol según lista de asistencia: Consejero,RPM-2010-06-15:3160:1,1,XLSX_ORIGINAL,NO,NO,RPM-2010-06-15:3160:B1,SIN_ALERTAS_AUTOMATICAS,,RPM-2010-06-15:T36,INICIO_EXPLICITO,,RPM-2010-06-15:3160:1
3160,ESTRUCTURAL,dbf7ca2fb3db855f47511f8c6a8880091ba4e3ff878d7a73fe8dc26f9eb393c0,Despues,4680,RPM-2010-06-15,2010-06-15 00:00:00,Rodrigo Vergara Montes,Rodrigo Vergara Montes,NO,Presidente del Banco Central,Consejero,SI,,Consejero,LISTA_ASISTENCIA,,SUJETO_ROL_NOMBRE,10,"El Consejero señor Rodrigo Vergara comenta que la nueva serie de empleo le parece extraña,",Evolución del mercado laboral y empleo,mercado_laboral,mercado laboral,mercado_laboral,NO,NO,NO,Rol según lista de asistencia: Consejero,RPM-2010-06-15:3160:1,1,XLSX_ORIGINAL,NO,NO,RPM-2010-06-15:3160:B1,PENDIENTE_REVISION,FINAL_SIN_PUNTUACION,RPM-2010-06-15:T36,INICIO_EXPLICITO,,RPM-2010-06-15:3160:1
3160,ESTRUCTURAL,dbf7ca2fb3db855f47511f8c6a8880091ba4e3ff878d7a73fe8dc26f9eb393c0,Despues,4681,RPM-2010-06-15,2010-06-15 00:00:00,Rodrigo Vergara Montes,Pablo García Silva,SI,Presidente del Banco Central,Gerente de División Estudios,SI,,Gerente de División Estudios,LISTA_ASISTENCIA,,CONTEXTO_REVISADO,10,explicando el señor Pablo García que no se cuenta con el nuevo perfil estacional.,Evolución del mercado laboral y empleo,mercado_laboral,mercado laboral,mercado_laboral,NO,NO,NO,Hablante por contexto documentado: HAB-20260908-L22-3160-91 (data/curation/revisiones_hablantes.json; no cotejo PDF); Rol según lista de asistencia: Gerente de División Estudios,RPM-2010-06-15:3160:2,2,XLSX_ORIGINAL,NO,NO,RPM-2010-06-15:3160:B2,SIN_ALERTAS_AUTOMATICAS,,RPM-2010-06-15:T37,SIN_CONTINUIDAD_CONFIRMADA,,
3543,ESTRUCTURAL,70af36c1635ca68f3ad8000ba081c841671a239bc7faf68cd5a7ce47e7145938,Antes,5187,RPM-2010-11-16,2010-11-16 00:00:00,Rodrigo Vergara Montes,Rodrigo Vergara Montes,NO,Presidente del Banco Central,Consejero,SI,,Consejero,LISTA_ASISTENCIA,,SUJETO_ROL_NOMBRE,11,"El Consejero señor Rodrigo Vergara pregunta por la velocidad anualizada, respondiendo el señor Claudio Soto que es cercana a 80%.",Análisis macroeconómico y discusión de política monetaria,debate,discusión monetaria,debate,NO,NO,NO,Rol según lista de asistencia: Consejero,RPM-2010-11-16:3543:1,1,XLSX_ORIGINAL,NO,NO,RPM-2010-11-16:3543:B1,SIN_ALERTAS_AUTOMATICAS,,RPM-2010-11-16:T53,INICIO_EXPLICITO,,RPM-2010-11-16:3543:1
3543,ESTRUCTURAL,70af36c1635ca68f3ad8000ba081c841671a239bc7faf68cd5a7ce47e7145938,Despues,5207,RPM-2010-11-16,2010-11-16 00:00:00,Rodrigo Vergara Montes,Rodrigo Vergara Montes,NO,Presidente del Banco Central,Consejero,SI,,Consejero,LISTA_ASISTENCIA,,SUJETO_ROL_NOMBRE,11,"El Consejero señor Rodrigo Vergara pregunta por la velocidad anualizada,",Análisis macroeconómico y discusión de política monetaria,debate,discusión monetaria,debate,NO,NO,NO,Rol según lista de asistencia: Consejero,RPM-2010-11-16:3543:1,1,XLSX_ORIGINAL,NO,NO,RPM-2010-11-16:3543:B1,PENDIENTE_REVISION,FINAL_SIN_PUNTUACION,RPM-2010-11-16:T53,INICIO_EXPLICITO,,RPM-2010-11-16:3543:1
3543,ESTRUCTURAL,70af36c1635ca68f3ad8000ba081c841671a239bc7faf68cd5a7ce47e7145938,Despues,5208,RPM-2010-11-16,2010-11-16 00:00:00,Rodrigo Vergara Montes,Claudio Soto Gamboa,SI,Presidente del Banco Central,Gerente de Análisis Macroeconómico,SI,,Gerente de Análisis Macroeconómico,LISTA_ASISTENCIA,,CONTEXTO_REVISADO,11,respondiendo el señor Claudio Soto que es cercana a 80%.,Análisis macroeconómico y discusión de política monetaria,debate,discusión monetaria,debate,NO,NO,NO,Hablante por contexto documentado: HAB-20260908-L22-3543-73 (data/curation/revisiones_hablantes.json; no cotejo PDF); Rol según lista de asistencia: Gerente de Análisis Macroeconómico,RPM-2010-11-16:3543:2,2,XLSX_ORIGINAL,NO,NO,RPM-2010-11-16:3543:B2,SIN_ALERTAS_AUTOMATICAS,,RPM-2010-11-16:T54,SIN_CONTINUIDAD_CONFIRMADA,,
5061,ESTRUCTURAL,c1dd018b7749fd85c7fd4900d39e0beb0ff54cbe7d10dc18ecbfb4981cfdf693,Antes,6988,RPM-2012-09-13,2012-09-13 00:00:00,Rodrigo Vergara Montes,Rodrigo Vergara Montes,NO,Presidente del Banco Central,Presidente del Banco Central,NO,,Presidente del Banco Central,LISTA_ASISTENCIA,,SUJETO_ROL_NOMBRE,11,"El Presidente señor Rodrigo Vergara comenta la emisión de bonos efectuada por el Banco Santander, precisando el señor Kevin Cowan que la emisión fue realizada el día de ayer y que su monto alcanzó a US$750 millones.",Evolución de mercados financieros y tipo de cambio,mercados_financieros,mercados financieros,mercados_financieros,NO,NO,NO,Rol según lista de asistencia: Presidente del Banco Central,RPM-2012-09-13:5061:1,1,XLSX_ORIGINAL,NO,NO,RPM-2012-09-13:5061:B1,SIN_ALERTAS_AUTOMATICAS,,RPM-2012-09-13:T22,INICIO_EXPLICITO,,RPM-2012-09-13:5061:1
5061,ESTRUCTURAL,c1dd018b7749fd85c7fd4900d39e0beb0ff54cbe7d10dc18ecbfb4981cfdf693,Despues,7009,RPM-2012-09-13,2012-09-13 00:00:00,Rodrigo Vergara Montes,Rodrigo Vergara Montes,NO,Presidente del Banco Central,Presidente del Banco Central,NO,,Presidente del Banco Central,LISTA_ASISTENCIA,,SUJETO_ROL_NOMBRE,11,"El Presidente señor Rodrigo Vergara comenta la emisión de bonos efectuada por el Banco Santander,",Evolución de mercados financieros y tipo de cambio,mercados_financieros,mercados financieros,mercados_financieros,NO,NO,NO,Rol según lista de asistencia: Presidente del Banco Central,RPM-2012-09-13:5061:1,1,XLSX_ORIGINAL,NO,NO,RPM-2012-09-13:5061:B1,PENDIENTE_REVISION,FINAL_SIN_PUNTUACION,RPM-2012-09-13:T22,INICIO_EXPLICITO,,RPM-2012-09-13:5061:1
5061,ESTRUCTURAL,c1dd018b7749fd85c7fd4900d39e0beb0ff54cbe7d10dc18ecbfb4981cfdf693,Despues,7010,RPM-2012-09-13,2012-09-13 00:00:00,Rodrigo Vergara Montes,Kevin Cowan Logan,SI,Presidente del Banco Central,Gerente de División Política Financiera,SI,,Gerente de División Política Financiera,LISTA_ASISTENCIA,,CONTEXTO_REVISADO,11,precisando el señor Kevin Cowan que la emisión fue realizada el día de ayer y que su monto alcanzó a US$750 millones.,Evolución de mercados financieros y tipo de cambio,mercados_financieros,mercados financieros,mercados_financieros,NO,NO,NO,Hablante por contexto documentado: HAB-20260908-L22-5061-98 (data/curation/revisiones_hablantes.json; no cotejo PDF); Rol según lista de asistencia: Gerente de División Política Financiera,RPM-2012-09-13:5061:2,2,XLSX_ORIGINAL,NO,NO,RPM-2012-09-13:5061:B2,SIN_ALERTAS_AUTOMATICAS,,RPM-2012-09-13:T23,SIN_CONTINUIDAD_CONFIRMADA,,
5519,ESTRUCTURAL,0e1a264e2d635821c195362bc39dede8607e5d75195995becd8156722abfec71,Antes,7530,RPM-2013-05-16,2013-05-16 00:00:00,Sebastián Claro Edwards,Sebastián Claro Edwards,NO,Consejero,Consejero,NO,,Consejero,LISTA_ASISTENCIA,,SUJETO_ROL_NOMBRE,4,"El Consejero señor Sebastián Claro consulta acerca de los factores que han incidido en la fuerte depreciación del dólar australiano y neozelandés, precisando el señor Sergio Lehmann que los conforman las señales de preocupación por el tipo de cambio y un componente asociado a los términos de intercambio.",Evolución de mercados financieros y tipo de cambio,mercados_financieros,mercados financieros,mercados_financieros,NO,NO,NO,Rol según lista de asistencia: Consejero,RPM-2013-05-16:5519:1,1,XLSX_ORIGINAL,NO,NO,RPM-2013-05-16:5519:B1,SIN_ALERTAS_AUTOMATICAS,,RPM-2013-05-16:T4,INICIO_EXPLICITO,,RPM-2013-05-16:5519:1
5519,ESTRUCTURAL,0e1a264e2d635821c195362bc39dede8607e5d75195995becd8156722abfec71,Despues,7552,RPM-2013-05-16,2013-05-16 00:00:00,Sebastián Claro Edwards,Sebastián Claro Edwards,NO,Consejero,Consejero,NO,,Consejero,LISTA_ASISTENCIA,,SUJETO_ROL_NOMBRE,4,"El Consejero señor Sebastián Claro consulta acerca de los factores que han incidido en la fuerte depreciación del dólar australiano y neozelandés,",Evolución de mercados financieros y tipo de cambio,mercados_financieros,mercados financieros,mercados_financieros,NO,NO,NO,Rol según lista de asistencia: Consejero,RPM-2013-05-16:5519:1,1,XLSX_ORIGINAL,NO,NO,RPM-2013-05-16:5519:B1,PENDIENTE_REVISION,FINAL_SIN_PUNTUACION,RPM-2013-05-16:T4,INICIO_EXPLICITO,,RPM-2013-05-16:5519:1
5519,ESTRUCTURAL,0e1a264e2d635821c195362bc39dede8607e5d75195995becd8156722abfec71,Despues,7553,RPM-2013-05-16,2013-05-16 00:00:00,Sebastián Claro Edwards,Sergio Lehmann Beresi,SI,Consejero,Gerente de Análisis Internacional,SI,,Gerente de Análisis Internacional,LISTA_ASISTENCIA,,CONTEXTO_REVISADO,4,precisando el señor Sergio Lehmann que los conforman las señales de preocupación por el tipo de cambio y un componente asociado a los términos de intercambio.,Evolución de mercados financieros y tipo de cambio,mercados_financieros,mercados financieros,mercados_financieros,NO,NO,NO,Hablante por contexto documentado: HAB-20260908-L22-5519-147 (data/curation/revisiones_hablantes.json; no cotejo PDF); Rol según lista de asistencia: Gerente de Análisis Internacional,RPM-2013-05-16:5519:2,2,XLSX_ORIGINAL,NO,NO,RPM-2013-05-16:5519:B2,SIN_ALERTAS_AUTOMATICAS,,RPM-2013-05-16:T5,SIN_CONTINUIDAD_CONFIRMADA,,
5872,ESTRUCTURAL,4a7f5819440fe8c2e3b2ee86e83c4c19be37baec8cf6d2c527341cd053d4c7b8,Antes,7936,RPM-2013-11-19,2013-11-19 00:00:00,Manuel Marfán Lewis,Manuel Marfán Lewis,NO,Vicepresidente del Banco Central,Vicepresidente del Banco Central,NO,,Vicepresidente del Banco Central,LISTA_ASISTENCIA,,SUJETO_ROL_NOMBRE,13,"El Vicepresidente señor Manuel Marfán consulta si la reducción de existencias corresponde a bienes exportables o de otra clase, respondiendo el señor Claudio Soto que su gran componente es minería, pero también proviene del sector industrial.",Análisis macroeconómico y discusión de política monetaria,debate,discusión monetaria,debate,NO,NO,NO,Rol según lista de asistencia: Vicepresidente del Banco Central,RPM-2013-11-19:5872:1,1,XLSX_ORIGINAL,NO,NO,RPM-2013-11-19:5872:B1,SIN_ALERTAS_AUTOMATICAS,,RPM-2013-11-19:T16,INICIO_EXPLICITO,,RPM-2013-11-19:5872:1
5872,ESTRUCTURAL,4a7f5819440fe8c2e3b2ee86e83c4c19be37baec8cf6d2c527341cd053d4c7b8,Despues,7959,RPM-2013-11-19,2013-11-19 00:00:00,Manuel Marfán Lewis,Manuel Marfán Lewis,NO,Vicepresidente del Banco Central,Vicepresidente del Banco Central,NO,,Vicepresidente del Banco Central,LISTA_ASISTENCIA,,SUJETO_ROL_NOMBRE,13,"El Vicepresidente señor Manuel Marfán consulta si la reducción de existencias corresponde a bienes exportables o de otra clase,",Análisis macroeconómico y discusión de política monetaria,debate,discusión monetaria,debate,NO,NO,NO,Rol según lista de asistencia: Vicepresidente del Banco Central,RPM-2013-11-19:5872:1,1,XLSX_ORIGINAL,NO,NO,RPM-2013-11-19:5872:B1,PENDIENTE_REVISION,FINAL_SIN_PUNTUACION,RPM-2013-11-19:T16,INICIO_EXPLICITO,,RPM-2013-11-19:5872:1
5872,ESTRUCTURAL,4a7f5819440fe8c2e3b2ee86e83c4c19be37baec8cf6d2c527341cd053d4c7b8,Despues,7960,RPM-2013-11-19,2013-11-19 00:00:00,Manuel Marfán Lewis,Claudio Soto Gamboa,SI,Vicepresidente del Banco Central,Gerente de Análisis Macroeconómico,SI,,Gerente de Análisis Macroeconómico,LISTA_ASISTENCIA,,CONTEXTO_REVISADO,13,"respondiendo el señor Claudio Soto que su gran componente es minería, pero también proviene del sector industrial.",Análisis macroeconómico y discusión de política monetaria,debate,discusión monetaria,debate,NO,NO,NO,Hablante por contexto documentado: HAB-20260908-L22-5872-128 (data/curation/revisiones_hablantes.json; no cotejo PDF); Rol según lista de asistencia: Gerente de Análisis Macroeconómico,RPM-2013-11-19:5872:2,2,XLSX_ORIGINAL,NO,NO,RPM-2013-11-19:5872:B2,SIN_ALERTAS_AUTOMATICAS,,RPM-2013-11-19:T17,SIN_CONTINUIDAD_CONFIRMADA,,
6813,ESTRUCTURAL,95bd9656b1c309956ba2978a9361ad024f6349403e0b002caccbdd9258adbc98,Antes,9084,RPM-2015-06-11,2015-06-11 00:00:00,Rodrigo Vergara Montes,Rodrigo Vergara Montes,NO,Presidente del Banco Central,Presidente del Banco Central,NO,,Presidente del Banco Central,LISTA_ASISTENCIA,,SUJETO_ROL_NOMBRE,2,"El Presidente señor Rodrigo Vergara hace presente que la clasificación de riesgo de Grecia fue rebajada nuevamente, precisando el señor Diego Gianelli que la agencia Standard & Poor’s bajó recientemente desde CCC+ a CCC la calificación de su deuda soberana.",Acuerdo de Política Monetaria y comunicado oficial,acuerdo_comunicado,acuerdo y comunicado,acuerdo_comunicado,NO,NO,NO,Rol según lista de asistencia: Presidente del Banco Central,RPM-2015-06-11:6813:1,1,XLSX_ORIGINAL,NO,NO,RPM-2015-06-11:6813:B1,SIN_ALERTAS_AUTOMATICAS,,RPM-2015-06-11:T4,INICIO_EXPLICITO,,RPM-2015-06-11:6813:1
6813,ESTRUCTURAL,95bd9656b1c309956ba2978a9361ad024f6349403e0b002caccbdd9258adbc98,Antes,9085,RPM-2015-06-11,2015-06-11 00:00:00,Rodrigo Vergara Montes,Diego Gianelli Gómez,SI,Presidente del Banco Central,Jefe del Departamento Análisis Internacional,SI,,Jefe del Departamento Análisis Internacional,LISTA_ASISTENCIA,,SUJETO_NOMBRE,2,"El señor Gianelli prosigue con su presentación indicando que en el plano financiero, las tasas de interés de largo plazo exhibieron un retroceso luego de la última Reunión, seguido de un fuerte aumento. Sobre el particular, señala que este movimiento se explicaría por el sell-off observado a partir del sorpresivo dato de inflación en la Zona Euro, tres décimas mayor que lo anticipado, y la reacción del mercado al discurso del Presidente del Banco Central Europeo señor Mario Draghi, quien desestimó la importancia de la volatilidad financiera actual como preocupación prioritaria de ese organismo. Agrega que según la descomposición basada en Adrian para identificar los premios por plazo, estos movimientos de tasas habrían estado muy influidos por una descompresión de premios por plazo.",Acuerdo de Política Monetaria y comunicado oficial,acuerdo_comunicado,acuerdo y comunicado,acuerdo_comunicado,NO,NO,NO,Rol según lista de asistencia: Jefe del Departamento Análisis Internacional,RPM-2015-06-11:6813:2,2,XLSX_ORIGINAL,NO,NO,RPM-2015-06-11:6813:B2,SIN_ALERTAS_AUTOMATICAS,,RPM-2015-06-11:T5,INICIO_EXPLICITO,,RPM-2015-06-11:6813:2
6813,ESTRUCTURAL,95bd9656b1c309956ba2978a9361ad024f6349403e0b002caccbdd9258adbc98,Antes,9086,RPM-2015-06-11,2015-06-11 00:00:00,Rodrigo Vergara Montes,Rodrigo Vergara Montes,NO,Presidente del Banco Central,Presidente del Banco Central,NO,,Presidente del Banco Central,LISTA_ASISTENCIA,,SUJETO_ROL_NOMBRE,2,"El Presidente señor Rodrigo Vergara hace notar que en la Zona Euro los premios por plazo y la tasa efectiva de los bonos a 10 años serían iguales. Luego, de acuerdo con las expectativas, la tasa para los próximos 10 años sería igual a cero.",Acuerdo de Política Monetaria y comunicado oficial,acuerdo_comunicado,acuerdo y comunicado,acuerdo_comunicado,NO,NO,NO,Rol según lista de asistencia: Presidente del Banco Central,RPM-2015-06-11:6813:3,3,XLSX_ORIGINAL,NO,NO,RPM-2015-06-11:6813:B3,SIN_ALERTAS_AUTOMATICAS,,RPM-2015-06-11:T6,INICIO_EXPLICITO,,RPM-2015-06-11:6813:3
6813,ESTRUCTURAL,95bd9656b1c309956ba2978a9361ad024f6349403e0b002caccbdd9258adbc98,Despues,9108,RPM-2015-06-11,2015-06-11 00:00:00,Rodrigo Vergara Montes,Rodrigo Vergara Montes,NO,Presidente del Banco Central,Presidente del Banco Central,NO,,Presidente del Banco Central,LISTA_ASISTENCIA,,SUJETO_ROL_NOMBRE,2,"El Presidente señor Rodrigo Vergara hace presente que la clasificación de riesgo de Grecia fue rebajada nuevamente,",Acuerdo de Política Monetaria y comunicado oficial,acuerdo_comunicado,acuerdo y comunicado,acuerdo_comunicado,NO,NO,NO,Rol según lista de asistencia: Presidente del Banco Central,RPM-2015-06-11:6813:1,1,XLSX_ORIGINAL,NO,NO,RPM-2015-06-11:6813:B1,PENDIENTE_REVISION,FINAL_SIN_PUNTUACION,RPM-2015-06-11:T4,INICIO_EXPLICITO,,RPM-2015-06-11:6813:1
6813,ESTRUCTURAL,95bd9656b1c309956ba2978a9361ad024f6349403e0b002caccbdd9258adbc98,Despues,9109,RPM-2015-06-11,2015-06-11 00:00:00,Rodrigo Vergara Montes,Diego Gianelli Gómez,SI,Presidente del Banco Central,Jefe del Departamento Análisis Internacional,SI,,Jefe del Departamento Análisis Internacional,LISTA_ASISTENCIA,,CONTEXTO_REVISADO,2,precisando el señor Diego Gianelli que la agencia Standard & Poor’s bajó recientemente desde CCC+ a CCC la calificación de su deuda soberana.,Acuerdo de Política Monetaria y comunicado oficial,acuerdo_comunicado,acuerdo y comunicado,acuerdo_comunicado,NO,NO,NO,Hablante por contexto documentado: HAB-20260908-L22-6813-116 (data/curation/revisiones_hablantes.json; no cotejo PDF); Rol según lista de asistencia: Jefe del Departamento Análisis Internacional,RPM-2015-06-11:6813:2,2,XLSX_ORIGINAL,NO,NO,RPM-2015-06-11:6813:B2,SIN_ALERTAS_AUTOMATICAS,,RPM-2015-06-11:T5,SIN_CONTINUIDAD_CONFIRMADA,,
6813,ESTRUCTURAL,95bd9656b1c309956ba2978a9361ad024f6349403e0b002caccbdd9258adbc98,Despues,9110,RPM-2015-06-11,2015-06-11 00:00:00,Rodrigo Vergara Montes,Diego Gianelli Gómez,SI,Presidente del Banco Central,Jefe del Departamento Análisis Internacional,SI,,Jefe del Departamento Análisis Internacional,LISTA_ASISTENCIA,,SUJETO_NOMBRE,2,"El señor Gianelli prosigue con su presentación indicando que en el plano financiero, las tasas de interés de largo plazo exhibieron un retroceso luego de la última Reunión, seguido de un fuerte aumento. Sobre el particular, señala que este movimiento se explicaría por el sell-off observado a partir del sorpresivo dato de inflación en la Zona Euro, tres décimas mayor que lo anticipado, y la reacción del mercado al discurso del Presidente del Banco Central Europeo señor Mario Draghi, quien desestimó la importancia de la volatilidad financiera actual como preocupación prioritaria de ese organismo. Agrega que según la descomposición basada en Adrian para identificar los premios por plazo, estos movimientos de tasas habrían estado muy influidos por una descompresión de premios por plazo.",Acuerdo de Política Monetaria y comunicado oficial,acuerdo_comunicado,acuerdo y comunicado,acuerdo_comunicado,NO,NO,NO,Rol según lista de asistencia: Jefe del Departamento Análisis Internacional,RPM-2015-06-11:6813:3,3,XLSX_ORIGINAL,NO,NO,RPM-2015-06-11:6813:B3,SIN_ALERTAS_AUTOMATICAS,,RPM-2015-06-11:T6,INICIO_EXPLICITO,,RPM-2015-06-11:6813:3
6813,ESTRUCTURAL,95bd9656b1c309956ba2978a9361ad024f6349403e0b002caccbdd9258adbc98,Despues,9111,RPM-2015-06-11,2015-06-11 00:00:00,Rodrigo Vergara Montes,Rodrigo Vergara Montes,NO,Presidente del Banco Central,Presidente del Banco Central,NO,,Presidente del Banco Central,LISTA_ASISTENCIA,,SUJETO_ROL_NOMBRE,2,"El Presidente señor Rodrigo Vergara hace notar que en la Zona Euro los premios por plazo y la tasa efectiva de los bonos a 10 años serían iguales. Luego, de acuerdo con las expectativas, la tasa para los próximos 10 años sería igual a cero.",Acuerdo de Política Monetaria y comunicado oficial,acuerdo_comunicado,acuerdo y comunicado,acuerdo_comunicado,NO,NO,NO,Rol según lista de asistencia: Presidente del Banco Central,RPM-2015-06-11:6813:4,4,XLSX_ORIGINAL,NO,NO,RPM-2015-06-11:6813:B4,SIN_ALERTAS_AUTOMATICAS,,RPM-2015-06-11:T7,INICIO_EXPLICITO,,RPM-2015-06-11:6813:4
7176,ESTRUCTURAL,39ff1da54432c2116084b41ece9d7cff21b0b53beeed0c1525cae2f711a634c0,Antes,9527,RPM-2015-12-17,2015-12-17 00:00:00,Joaquín Vial Ruiz-Tagle,Alberto Naudon Dell'Oro,SI,Consejero,Gerente de División Estudios,SI,,Gerente de División Estudios,LISTA_ASISTENCIA,,SUJETO_NOMBRE,7,"El señor Alberto Naudon reitera que no es habitual tener recesiones de esta intensidad y duración que no estén acompañadas de una crisis financiera, agregando el Consejero señor Joaquín Vial que una alternativa posible es que el sector público esté en quiebra.",Análisis macroeconómico y discusión de política monetaria,debate,discusión monetaria,debate,NO,NO,NO,Rol según lista de asistencia: Gerente de División Estudios,RPM-2015-12-17:7176:1,1,XLSX_ORIGINAL,NO,NO,RPM-2015-12-17:7176:B1,SIN_ALERTAS_AUTOMATICAS,,RPM-2015-12-17:T23,INICIO_EXPLICITO,,RPM-2015-12-17:7176:1
7176,ESTRUCTURAL,39ff1da54432c2116084b41ece9d7cff21b0b53beeed0c1525cae2f711a634c0,Despues,9552,RPM-2015-12-17,2015-12-17 00:00:00,Joaquín Vial Ruiz-Tagle,Alberto Naudon Dell'Oro,SI,Consejero,Gerente de División Estudios,SI,,Gerente de División Estudios,LISTA_ASISTENCIA,,SUJETO_NOMBRE,7,"El señor Alberto Naudon reitera que no es habitual tener recesiones de esta intensidad y duración que no estén acompañadas de una crisis financiera,",Análisis macroeconómico y discusión de política monetaria,debate,discusión monetaria,debate,NO,NO,NO,Rol según lista de asistencia: Gerente de División Estudios,RPM-2015-12-17:7176:1,1,XLSX_ORIGINAL,NO,NO,RPM-2015-12-17:7176:B1,PENDIENTE_REVISION,FINAL_SIN_PUNTUACION,RPM-2015-12-17:T23,INICIO_EXPLICITO,,RPM-2015-12-17:7176:1
7176,ESTRUCTURAL,39ff1da54432c2116084b41ece9d7cff21b0b53beeed0c1525cae2f711a634c0,Despues,9553,RPM-2015-12-17,2015-12-17 00:00:00,Joaquín Vial Ruiz-Tagle,Joaquín Vial Ruiz-Tagle,NO,Consejero,Consejero,NO,,Consejero,LISTA_ASISTENCIA,,CONTEXTO_REVISADO,7,agregando el Consejero señor Joaquín Vial que una alternativa posible es que el sector público esté en quiebra.,Análisis macroeconómico y discusión de política monetaria,debate,discusión monetaria,debate,NO,NO,NO,Hablante por contexto documentado: HAB-20260908-L22-7176-149 (data/curation/revisiones_hablantes.json; no cotejo PDF); Rol según lista de asistencia: Consejero,RPM-2015-12-17:7176:2,2,XLSX_ORIGINAL,NO,NO,RPM-2015-12-17:7176:B2,SIN_ALERTAS_AUTOMATICAS,,RPM-2015-12-17:T24,SIN_CONTINUIDAD_CONFIRMADA,,
