Tipo_Cambio,ID_Padre,SHA256_Texto_Padre,Fecha,IDs_Antes,Actores_Antes,ID_Actual,Actor_Actual,Fuente_Actor,Tipo_Acta,ID_Turno,Relacion_Turno,Alertas_Actuales,Texto_Actual
ESTRUCTURAL,2668,7696cae883f2ac1a8f1761e6a582e04c3f16b1697089534135a840419f6a5eb0,2009-08-13,3815;3816,José De Gregorio Rebeco;Claudio Soto Gamboa,3815,José De Gregorio Rebeco,SUJETO_ROL_NOMBRE,,RPM-2009-08-13:T29,INICIO_EXPLICITO,,"El Presidente señor De Gregorio expresa que siempre tiene dudas respecto de ese indicador, porque una vez que se ha declarado la intención de llevar a cabo proyectos para un determinado año, lo que es el catastro casi por definición, hay algunos que se empiezan a cancelar a medida que transcurre el tiempo, por lo que resulta natural una declinación de los mismos en los años más cercanos."
ESTRUCTURAL,2668,7696cae883f2ac1a8f1761e6a582e04c3f16b1697089534135a840419f6a5eb0,2009-08-13,3815;3816,José De Gregorio Rebeco;Claudio Soto Gamboa,3816,Pablo García Silva,CONTEXTO_REVISADO,,RPM-2009-08-13:T30,SIN_CONTINUIDAD_CONFIRMADA,,"El Gerente de División de Estudios comenta que ese patrón está determinado históricamente y que, dado que lo normal es que se estén incorporando proyectos para el futuro, siempre está subiendo la perspectiva de proyectos hacia dos o tres años más."
ESTRUCTURAL,2668,7696cae883f2ac1a8f1761e6a582e04c3f16b1697089534135a840419f6a5eb0,2009-08-13,3815;3816,José De Gregorio Rebeco;Claudio Soto Gamboa,3817,Claudio Soto Gamboa,SUJETO_ROL_SESION,,RPM-2009-08-13:T31,INICIO_EXPLICITO,,"El Gerente de Análisis Macroeconómico, en tanto, acota que hay una correlación bastante alta entre el stock de proyectos a lo largo de cinco años y el ciclo. Por otra parte, el señor Claudio Soto informa que las perspectivas de los empresarios en general muestran una cierta recuperación, destacando que no es solo el indicador del comercio el que exhibe una mayor recuperación, sino que es el único cuyo IMCE está sobre 50 puntos, esto es, que ya está en terreno positivo. Especial mención hace también del indicador de ventas de viviendas, el que ha mejorado de manera sostenida a lo largo del presente año, luego de la fuerte caída que experimentó a fines de 2008. Agrega que dicho repunte ha sido corroborado por la Cámara Chilena de la Construcción y Collect, y ha significado una caída importante en el número de meses necesarios para agotar los stocks, los que. de todas maneras, están por encima de los promedios de los últimos diez años. A continuación, el Gerente de Análisis Macroeconómico se refiere a una desagrupación entre viviendas de menos de 2.000 Unidades de Fomento y de más de 2.000 Unidades de Fomento, que incluyen casas y departamentos. Al respecto, señala que se observa que la caída en las ventas de fines de 2008 fue bastante generalizada, ya que no comprendió a un tipo de vivienda en particular. Al proseguir con su exposición, el Gerente señor Claudio Soto informa que se está proyectando un IMACEC en torno a -3% para julio, cifra que es algo mayor que lo que proyectaría el modelo con energía. Este último, índica, proyectó un -5% para junio, mientras que el IMACEC fue de -4%. Dada esa diferencia, de alguna manera se está considerando el juicio que viene de la otra parte del análisis para hacer la proyección de dicho índice; no es lo que sale directamente del modelo de energía, aclara. Luego, hace presente que la corrección de la proyección del PIB del segundo trimestre arroja una estimación de hasta -4,4%, mientras que la proyección para el tercer trimestre se está corrigiendo al alza, desde -2,1 hasta -1,7%. Informa que, en términos sectoriales, las correcciones más importantes en el tercer trimestre son en minería y en el sector resto y, dentro de este, fundamentalmente industria y comercio."
SOLO_METADATOS,2719,e01e62d856277cddd3c7424dee60af7bc206a93143b9d71622d0ebcebc9ddc19,2009-10-13,3921;3922,José De Gregorio Rebeco;Sergio Lehmann Beresi,3922,José De Gregorio Rebeco,SUJETO_ROL_NOMBRE,,RPM-2009-10-13:T7,INICIO_EXPLICITO,,"El Presidente, señor José De Gregorio, en tanto, complementa lo expuesto, indicando que parte de la venta de casas nuevas se refiere a enajenaciones efectuadas por los bancos correspondientes a aquellas que adquirieron con motivo de la crisis."
SOLO_METADATOS,2719,e01e62d856277cddd3c7424dee60af7bc206a93143b9d71622d0ebcebc9ddc19,2009-10-13,3921;3922,José De Gregorio Rebeco;Sergio Lehmann Beresi,3923,Sergio Lehmann Beresi,SUJETO_NOMBRE,,RPM-2009-10-13:T8,INICIO_EXPLICITO,,"El señor Lehmann concuerda con que ello constituye claramente un riesgo importante para el desarrollo de la economía americana el próximo año. De hecho, hace presente que los préstamos bancarios, tanto de consumo como comerciales, industriales e hipotecarios, están cayendo, precisamente porque uno de los riesgos importantes, como expresó el Gerente de División de Estudios, está asociado con el negocio de propiedades comerciales. Añade que la deuda hipotecaria comercial tendió a estabilizarse, pero que el último registro da cuenta de una caída, y que los préstamos hipotecarios comerciales se han tornado negativos, en el sentido que los préstamos que se conceden son inferiores a las amortizaciones que se están realizando, por lo que el flujo es negativo."
SOLO_METADATOS,2724,c5d864f739c9664cf1a51aa542e584e94a1d061eabae7d9db03bdd436552fdb2,2009-10-13,3930;3931,Pablo García Silva;Sergio Lehmann Beresi,3931,Pablo García Silva,SUJETO_NOMBRE,,RPM-2009-10-13:T16,INICIO_EXPLICITO,,"El señor Pablo García, en tanto, agrega que la diferencia se evidencia más en política monetaria que en política fiscal, en razón de que, en general, en esta última no se han aplicado nuevos estímulos de este carácter en ninguna economía."
SOLO_METADATOS,2724,c5d864f739c9664cf1a51aa542e584e94a1d061eabae7d9db03bdd436552fdb2,2009-10-13,3930;3931,Pablo García Silva;Sergio Lehmann Beresi,3932,Sergio Lehmann Beresi,SUJETO_ROL_SESION,,RPM-2009-10-13:T17,INICIO_EXPLICITO,,"El Gerente de Análisis Internacional continúa, informando que las tasas largas han tendido a disminuir, particularmente en Estados Unidos de América, y se muestran más estables en el caso de la zona Euro. Por su parte, las tasas de mediano plazo están más estables, en general, lo que está asociado a un mayor interés por invertir en Bonos del Tesoro que lo anticipado. Las licitaciones de bonos, explica, han sido particularmente exitosas y, junto con ello, la FED ha estado reafirmando, de alguna manera, que mantendría la tasa de política monetaria en los niveles actuales durante un largo período."
SOLO_METADATOS,2729,3d49ac2056f15fb707b4bc08367ae9ab56b264d5555f97d52886d21c500d0c4f,2009-10-13,3939,Jorge Desormeaux Jiménez,3940,Jorge Desormeaux Jiménez,SUJETO_ROL_NOMBRE,,RPM-2009-10-13:T23,INICIO_EXPLICITO,,"El Vicepresidente, señor Jorge Desormeaux, alude al recuento efectuado por el señor Pablo García sobre su visita a la última reunión del Fondo Monetario Internacional y del Banco Mundial, en que informó que algunos agentes manifestaban que el precio del petróleo podría reducirse drásticamente por aumentos de capacidad de producción. Al respecto, solicita que se profundice sobre este tema."
SOLO_METADATOS,2813,87671708adb0a3268da33a14e078073ba240fe989df2b0b6cd9c4c893dbb1929,2009-12-15,4088,Enrique Marshall Rivera,4089,Enrique Marshall Rivera,SUJETO_ROL_NOMBRE,,RPM-2009-12-15:T25,INICIO_EXPLICITO,,"El Consejero señor Enrique Marshall, en tanto, comenta que si bien hay una tendencia al alza, los distintos commodities tienen diferentes historias, ya que hoy día probablemente hay una fuerza muy grande tendiente a sustituir combustible en el mundo, que pone en perspectiva el movimiento del petróleo en adelante, mientras que el cobre parece muy dominado por el desarrollo de China y su importación desde esa economía."
SOLO_METADATOS,2986,c67843ec005e2c4237d17abe5ca4d210d8158bec6662c20d743f88d7060b9f3a,2010-03-18,4355,Sebastián Claro Edwards,4356,Sebastián Claro Edwards,SUJETO_ROL_NOMBRE,,RPM-2010-03-18:T27,INICIO_EXPLICITO,,"El Consejero señor Sebastián Claro llama la atención que, cuantitativamente hablando, el -0,2% de capital era el impacto en el trimestre y que si se tiene una caída del stock de capital de 2-3%, la elasticidad tiene que ser muy baja para llegar a ese -0,2%."
SOLO_METADATOS,3036,5bf137e41fcf6e2db1b7fd8cec27e237974fd8ea23877dc0dd5fcbd99c04dc9d,2010-04-15,4430,José De Gregorio Rebeco,4431,José De Gregorio Rebeco,SUJETO_ROL_SESION,,RPM-2010-04-15:T20,INICIO_EXPLICITO,,"El señor Presidente llama la atención sobre el peak que registraron las importaciones durante la tercera semana de marzo, ya que luego experimentaron una brusca caída."
SOLO_METADATOS,3059,aa3f6718fb185fec90ae4c4540deffa9c5fe69aedb2522835b479b1c4919a8b2,2010-04-15,4465,Sebastián Claro Edwards,4466,Sebastián Claro Edwards,SUJETO_ROL_NOMBRE,,RPM-2010-04-15:T54,INICIO_EXPLICITO,,"El Consejero señor Sebastián Claro alude a la inquietud expresada por el señor Marfán, manifestando que la compartía y que la habían discutido antes, pero que su lectura del tema de la inflación es que, efectivamente, si en vez del bimestre se considera el trimestre marzo, abril y mayo, la diferencia entre lo que se está suponiendo ahora y el IPoM es muy marginal. Recuerda que, originalmente, el supuesto que había sobre el efecto del terremoto en la inflación no necesariamente desaparecía el mes siguiente, sino que en dos meses o en el margen en tres meses y que, por lo tanto, lo que se está haciendo es correr ese mismo efecto en un mes, por lo que no hay un cambio estructural en la estimación respecto de lo que fue el impacto de la catástrofe."
SOLO_METADATOS,3131,2b2e5c99827186efa1ede163eeff250d07509d42d0fec09dfb550811656ee976,2010-06-15,4569;4570;4571,Sebastián Claro Edwards;Sergio Lehmann Beresi;José De Gregorio Rebeco,4570,Sebastián Claro Edwards,SUJETO_ROL_NOMBRE,,RPM-2010-06-15:T4,INICIO_EXPLICITO,,"El Consejero señor Sebastián Claro llama la atención que aun cuando el aumento que exhiben los CDS de los bancos norteamericanos durante la última semana es bastante significativo y muy similar al de los bancos europeos, la discusión no ha estado centrada necesariamente en la exposición de los bancos norteamericanos al nesgo soberano europeo o a los préstamos interbancarios europeos, sino que ha estado enfocada principalmente en los bancos de ese continente. Sobre el particular, pregunta qué podría estar explicando el aumento de los CDS de los bancos norteamericanos en este momento y si acaso la respuesta es que tienen mucha exposición a los bancos europeos en préstamos interbancarios."
SOLO_METADATOS,3131,2b2e5c99827186efa1ede163eeff250d07509d42d0fec09dfb550811656ee976,2010-06-15,4569;4570;4571,Sebastián Claro Edwards;Sergio Lehmann Beresi;José De Gregorio Rebeco,4571,Sergio Lehmann Beresi,SUJETO_NOMBRE,,RPM-2010-06-15:T5,INICIO_EXPLICITO,,"El señor Lehmann responde que, en su opinión, la exposición de los bancos norteamericanos es bastante limitada a lo que está ocurriendo en Europa, pero que, igualmente, se produce un cierto efecto de contagio. Agrega que, de hecho, la situación de los bancos americanos todavía sigue siendo frágil y que la estrechez de liquidez también se ha traducido, de alguna manera, en ios mercados americanos."
SOLO_METADATOS,3131,2b2e5c99827186efa1ede163eeff250d07509d42d0fec09dfb550811656ee976,2010-06-15,4569;4570;4571,Sebastián Claro Edwards;Sergio Lehmann Beresi;José De Gregorio Rebeco,4572,José De Gregorio Rebeco,SUJETO_ROL_NOMBRE,,RPM-2010-06-15:T6,INICIO_EXPLICITO,,"Con respecto al alza de los CDS, el Presidente, señor José De Gregorio, señala que debe tenerse presente que Europa venía registrando CDS más bajos y que luego experimentaron una fuerte alza. Destaca que con ese nivel, los bancos europeos enfrentan serios problemas y que los americanos simplemente colapsan."
SOLO_METADATOS,3152,83d4c625e16ed8cdce453a40e86555a64d70ed38c3385cf34969a1a45f23f3ad,2010-06-15,4597,Sebastián Claro Edwards,4598,Sebastián Claro Edwards,SUJETO_ROL_NOMBRE,,RPM-2010-06-15:T28,INICIO_EXPLICITO,,"El Consejero señor Sebastián Claro llama la atención sobre la dinámica semanal de las importaciones de consumo, que muestran un abultamiento estimado y cifras efectivas inferiores a lo proyectado, y consulta si acaso el abultamiento esperado no se materializó."
SOLO_METADATOS,3161,496b346628b36e8efe4f0a49d71c52b7284977e5cbc5187e3155a3c68e506f56,2010-06-15,4607,Enrique Marshall Rivera,4608,Enrique Marshall Rivera,SUJETO_ROL_NOMBRE,,RPM-2010-06-15:T37,INICIO_EXPLICITO,,"El Consejero señor Enrique Marshall, en tanto, consulta si hay cambios en las preguntas de la nueva encuesta."
SOLO_METADATOS,3186,65a440f8ebabefcb64efd154c3e8bc226708372a0611c86f931a7f47e7e71a77,2010-06-15,4633,Sebastián Claro Edwards,4634,Sebastián Claro Edwards,SUJETO_ROL_NOMBRE,,RPM-2010-06-15:T61,INICIO_EXPLICITO,,"El Consejero señor Sebastián Claro, en tanto, pregunta si esto corresponde a un exceso de demanda de dinero, lo que es confirmado por el señor Claudio Soto."
SOLO_METADATOS,3256,f183b1feaba61b7ad5ea401773b9058677852ba7b6b5dd6c8c47486bf49a6dba,2010-07-15,4729,Pablo García Silva,4730,Pablo García Silva,SUJETO_ROL_NOMBRE,,RPM-2010-07-15:T63,INICIO_EXPLICITO,,"El Gerente de División Estudios señor Pablo García, en tanto, acota que lo expresado por el señor Soto tiene por objetivo destacar que se está ante un proceso de inflación de alimentos X 1, que no es cuantitativamente parecido al registrado durante el período 2007-2008, pero que cualitativamente sí lo es."
ESTRUCTURAL,3298,dbc17baf722e6c766c8f8d697713f797fcd4a534930dce008c13ec5fa8a03021,2010-08-12,4787,Manuel Marfán Lewis,4788,Manuel Marfán Lewis,SUJETO_ROL_NOMBRE,,RPM-2010-08-12:T24,INICIO_EXPLICITO,,"El Vicepresidente señor Manuel Marfán plantea que hay que considerar que las elevadas tasas de crecimiento anual del Imacec obedecen, en parte, a una baja base de comparación. Aún más, sostiene que si se tuvieran tasas de crecimiento en 24 meses, quedaría en evidencia que el crecimiento sigue siendo reducido. Por esta razón, señala que habría que tener presente que el 2009 fue un año de recesión, por lo que estas cifras tan elevadas de crecimiento no debieran sorprender tanto, ya que forman parte de la recuperación de esa recesión."
ESTRUCTURAL,3298,dbc17baf722e6c766c8f8d697713f797fcd4a534930dce008c13ec5fa8a03021,2010-08-12,4787,Manuel Marfán Lewis,4789,Claudio Soto Gamboa,SUJETO_ROL_SESION,,RPM-2010-08-12:T25,INICIO_EXPLICITO,,"Con respecto al sector construcción, el Gerente de Análisis Macroeconómico llama la atención sobre su bajo dinamismo, agregando que la fuerte recuperación esperada luego del terremoto se habría postergado hacia finales de año. Sobre el particular, señala que se dispone de una serie de indicadores que, por un lado, dan cuenta de una importante postergación de proyectos públicos y que, por otra parte, muestran que las ventas de viviendas siguen bastante rezagadas, a pesar de que las bajas tasas de los créditos hipotecarios que se están ofreciendo hoy en día. Añade que otros indicadores sectoriales que se utilizan para hacer el seguimiento al sector, también exhiben caídas o no dan cuenta de una recuperación clara en adelante."
ESTRUCTURAL,3315,f01ccc15a4a4e8729c22c1be73c903c44a151b872713a01b36c5a49508f1c4e3,2010-08-12,4817;4818,Ricardo Vicuña Poblete;Claudio Soto Gamboa,4819,Ricardo Vicuña Poblete,SUJETO_ROL_NOMBRE,,RPM-2010-08-12:T54,INICIO_EXPLICITO,,"El Gerente de División Estadísticas señor Ricardo Vicuña explica que ese tipo de cosas se pueden limpiar, porque existe información de ocupación por número de horas."
ESTRUCTURAL,3315,f01ccc15a4a4e8729c22c1be73c903c44a151b872713a01b36c5a49508f1c4e3,2010-08-12,4817;4818,Ricardo Vicuña Poblete;Claudio Soto Gamboa,4820,Claudio Soto Gamboa,SUJETO_NOMBRE,,RPM-2010-08-12:T55,INICIO_EXPLICITO,,"El señor Claudia Soto, en tanto, agrega que los antecedentes de la Universidad de Chile, cuya metodología no ha cambiado y, por tanto , permite comparar las cifras en términos históricos, dan cuenta de que la tasa de desempleo se ubica algo por debajo de 9%, es decir, bajo el promedio histórico de esa encuesta que, en general, ha arrojado tasas de desempleo mucho más altas que las del INE. El señor Claudia Soto alude a un antecedente adicional, que dice relación con el efecto que podría estar teniendo la política fiscal en la dinámica del mercado laboral. Al respecto, informa que la Dipres publicó una serie de estadísticas sobre el número de empleos que se está generando, ya sea directamente en el sector público o indirectamente, y, en particular, los empleos que se estarían generando a partir de programas de inversión pública . De acuerdo con ello, precisa que el empleo con apoyo fiscal pasó de 1,5 a 5,5% del empleo total. El señor Soto comenta también que se llevó a cabo un par de ejercicios, que consideran lo que hubiese pasado con la tasa de desempleo si no hubiesen existido estos programas o esta generación de empleo. Señala que, en el caso extremo , se podría haber pensado que la tasa de desempleo no habría caído."
SOLO_METADATOS,3376,61a15ddf126fe458dafcdcf2d4f6fa271df2cfa0f1e90f314c21f570e939fc80,2010-09-16,4903,Pablo García Silva,4905,Pablo García Silva,SUJETO_ROL_NOMBRE,,RPM-2010-09-16:T47,INICIO_EXPLICITO,,"El Gerente de División Estudios señor Pablo García, en tanto, señala que hay un supuesto más profundo, que si se cree que durante los próximos sesenta años la economía chilena va a crecer sistemáticamente más que el promedio del mundo, algo se debe hacer para que la tasa sea más alta."
SOLO_METADATOS,3534,437444b8a064ec18314d72dd27f1eaab32b1cbbc3456b982a45c9ca7f4b12c90,2010-11-16,5111,Sebastián Claro Edwards,5113,Sebastián Claro Edwards,SUJETO_ROL_NOMBRE,,RPM-2010-11-16:T42,INICIO_EXPLICITO,,"El Consejero señor Sebastián Claro, en tanto, manifiesta que, para estos efectos es mejor tener como referencia el IPoM y los precios ahora algo más altos, ya que los futuros tienen ciertas distorsiones derivadas de los períodos de cosecha y almacenamiento, entre otros."
SOLO_METADATOS,3624,42fc5570d1b2fad06e4dd7404d4ff5945e67c35968ea958d55dc3c301b41b331,2010-12-16,5218;5219,Kevin Cowan Logan;Luis Felipe Céspedes Cifuentes,5220,Kevin Cowan Logan,SUJETO_ROL_NOMBRE,,RPM-2010-12-16:T46,INICIO_EXPLICITO,,El Gerente de División Política Financiera señor Kevin Cowan hace el alcance que los créditos a través de las mutuarias representan una fracción muy reducida del crédito hipotecario total.
SOLO_METADATOS,3624,42fc5570d1b2fad06e4dd7404d4ff5945e67c35968ea958d55dc3c301b41b331,2010-12-16,5218;5219,Kevin Cowan Logan;Luis Felipe Céspedes Cifuentes,5221,Luis Felipe Céspedes Cifuentes,SUJETO_ROL_NOMBRE,,RPM-2010-12-16:T47,INICIO_EXPLICITO,,"Por su parte, el Gerente de Investigación Económica señor Luis Felipe Céspedes plantea que lo que podría estar ocurriendo en esta etapa del ciclo es que se están vendiendo viviendas de menor valor y, por lo tanto, si bien el número de ventas sería mayor, el volumen de créditos sería más bajo."
SOLO_METADATOS,3854,d269d810d86b79fe1df9306d02627b6c0fafafad4d03528446e76c600a635fbd,2011-03-17,5481,Enrique Marshall Rivera,5483,Enrique Marshall Rivera,SUJETO_ROL_NOMBRE,,RPM-2011-03-17:T45,INICIO_EXPLICITO,,"El Consejero señor Enrique Marshall llama la atención sobre el patrón de crecimiento que se está observando, ya que, a su juicio, es igual al del año 2007, que generó cierta confusión, porque la demanda crecía mucho y el producto lo hacía moderadamente."
SOLO_METADATOS,3896,77027ba617f3f6adbc456f95480b15a036f0615293d034c4db1f222858c0521c,2011-04-12,5531,José De Gregorio Rebeco,5533,José De Gregorio Rebeco,SUJETO_ROL_NOMBRE,,RPM-2011-04-12:T4,INICIO_EXPLICITO,,"El Presidente señor José De Gregorio llama la atención sobre el PMI manufacturero de las economías avanzadas y emergentes, por cuanto el primero es superior al de los países emergentes, donde se observa aún mucha slack capacity."
SOLO_METADATOS,3930,5680ed04d3020cf771478c0dbe9b1ba161117822fdc850442a2f7f9953d12126,2011-04-12,5566,Claudio Soto Gamboa,5568,Claudio Soto Gamboa,SUJETO_NOMBRE,,RPM-2011-04-12:T39,INICIO_EXPLICITO,,"El señor Claudio Soto alude, además, a una noticia publicada en la prensa días atrás, sobre una significativa caída de las tarifas eléctricas durante el año 2012. Al respecto, señala que esta se asocia, precisamente, a la fuerte entrada de plantas a carbón, sobre todo en la Octava Región, que son bastante más eficientes que las que funcionan a petróleo y, por lo tanto, ello también se verá reflejado, de alguna manera, en el valor agregado de EGA en adelante."
SOLO_METADATOS,4067,0adfaeefb630514777ddb4c8189290b808050855b15bad3c344ea0b73037ce2c,2011-06-14,5722,Sebastián Claro Edwards,5724,Sebastián Claro Edwards,SUJETO_ROL_NOMBRE,,RPM-2011-06-14:T12,INICIO_EXPLICITO,,"El Consejero señor Sebastián Claro llama la atención sobre la evolución del IPC subyacente en Estados Unidos y en Europa, dada la debilidad del mercado laboral y de la actividad."
SOLO_METADATOS,4146,fb071c80197820506552cad3a86509c8ba362ed1fd94e3660ccf47338fd10e65,2011-07-14,5814,Sebastián Claro Edwards,5816,Sebastián Claro Edwards,SUJETO_ROL_NOMBRE,,RPM-2011-07-14:T29,INICIO_EXPLICITO,,"El Consejero señor Sebastián Claro alude al título de la lámina 19, que señala que “Italia y España entran con más fuerza en el radar de los inversionistas, por las abultadas necesidades de financiamiento en lo que resta de 2011 y 2012”. Al respecto, consulta por las novedades provenientes de la banca o de los gobiernos español e italiano que desencadenaron una salida de bonos tan significativa y que tuvieron este impacto en la actual crisis, en especial, dado su tamaño y relevancia en el concierto económico global. Manifiesta que con respecto a España, duda que sea la necesidad de abultar el financiamiento, porque su situación era muy conocida desde hace bastante tiempo, mientras que en cuanto a Italia, estima que los problemas entre su Primer Ministro y el Ministro de Finanzas, respecto del ajuste fiscal, podrían haber desencadenado ciertas dudas en los inversionistas."
SOLO_METADATOS,4161,bec89b775709961c221443ac4c10ca0d18f9b603de85b2c77518ad29fc374a67,2011-07-14,5830,José De Gregorio Rebeco,5832,José De Gregorio Rebeco,SUJETO_ROL_NOMBRE,,RPM-2011-07-14:T44,INICIO_EXPLICITO,,"El Presidente señor José De Gregorio alude a lo expresado por el Presidente de la Reserva Federal Ben Bernanke, quien manifestó que había opciones para evitar el default y alternativas para cumplir con los pagos comprometidos."
SOLO_METADATOS,4163,0dc4630e9d951deaefa1c7ee992ac6fc6e7cf39f5d3ed9246749e1e8dfe592fb,2011-07-14,5832,José De Gregorio Rebeco,5834,José De Gregorio Rebeco,SUJETO_ROL_NOMBRE,,RPM-2011-07-14:T46,INICIO_EXPLICITO,,El Presidente señor José de Gregorio resume que la situación europea no es promisoria y que Estados Unidos marcha con lentitud.
SOLO_METADATOS,4164,3ef3626867812057c079b4d424bd3d4cc08a8e8c9e4b531d3bd26dc2f004012d,2011-07-14,5833,Manuel Marfán Lewis,5835,Manuel Marfán Lewis,SUJETO_ROL_NOMBRE,,RPM-2011-07-14:T47,INICIO_EXPLICITO,,"El Vicepresidente señor Manuel Marfán alude a dos de los titulares de la lámina 3 de la presentación, específicamente a aquellos que señalan que los indicadores de actividad en las economías desarrolladas dan cuenta de un mayor crecimiento en el segundo trimestre y que las expectativas inflacionarias tienden a reducirse hacia el año 2012. Al respecto, expresa que para efectos del Acta de la presente Reunión, estima que es bueno señalar que, con la excepción del primero, la información disponible de carácter más cualitativo da cuenta de un panorama algo más riesgoso."
SOLO_METADATOS,4180,c7fd54d17118d536c46085492c8903f510926eaf9e76cbfa3aed74529b3e609d,2011-07-14,5849,Luis Óscar Herrera Barriga,5851,Luis Óscar Herrera Barriga,SUJETO_NOMBRE,,RPM-2011-07-14:T63,INICIO_EXPLICITO,,"El señor Luis Óscar Herrera, en tanto, aclara que las láminas aparecen sin leyendas."
SOLO_METADATOS,4230,ee1ead30c8eb1be19910592ba0d79b5cc788e2ea66262b350f02e963bfc2bf24,2011-08-18,5906;5907,José De Gregorio Rebeco;Sergio Lehmann Beresi,5908,José De Gregorio Rebeco,SUJETO_ROL_NOMBRE,,RPM-2011-08-18:T21,INICIO_EXPLICITO,,"El Presidente señor José De Gregorio hace el alcance que esa tasa corresponde a un promedio simple de Brasil, China, Chile, México y Corea."
SOLO_METADATOS,4230,ee1ead30c8eb1be19910592ba0d79b5cc788e2ea66262b350f02e963bfc2bf24,2011-08-18,5906;5907,José De Gregorio Rebeco;Sergio Lehmann Beresi,5909,Sergio Lehmann Beresi,SUJETO_NOMBRE,,RPM-2011-08-18:T22,INICIO_EXPLICITO,,"Además, el señor Sergio Lehmann aclara que las regiones están ponderadas a PPP. El señor Lehmann prosigue, comentando que el mercado inmobiliario continúa particularmente débil en Estados Unidos; que los precios de las viviendas se mantienen en niveles bajos, sin mostrar posteriores repuntes tras las angustias del bienio 2008 - 2009; y que las ventas de viviendas no solo se mantienen también particularmente débiles, sino que el dato conocido a comienzos de la jornada dio cuenta de una caída, revelando que este mercado sigue siendo uno de preocupación."
SOLO_METADATOS,4286,3ea2a22e3496b534cb9c50595c44673fb111ceb97b9aa284f4b8993c59f410dc,2011-09-15,5972,Rodrigo Vergara Montes,5974,Rodrigo Vergara Montes,SUJETO_ROL_NOMBRE,,RPM-2011-09-15:T5,INICIO_EXPLICITO,,"El Consejero señor Rodrigo Vergara alude al banco Société Générale, que ha estado liquidando activos en forma masiva para mejorar sus ratios."
SOLO_METADATOS,4354,8e4d2660b10563b25cc67473082dd962d8210507de932a2ad53390462f0c1685,2011-10-13,6066,Rodrigo Vergara Montes,6068,Rodrigo Vergara Montes,SUJETO_ROL_NOMBRE,,RPM-2011-10-13:T30,INICIO_EXPLICITO,,"El Consejero señor Rodrigo Vergara alude a una versión contradictoria conocida dos días atrás, que anticipaba un aumento del precio del cobre por una reducción en las posiciones en warrants."
SOLO_METADATOS,4355,988e505c0c2b28896a2c0117047de4f7a28a368f8550296dfb7abbc11390a776,2011-10-13,6067,Sebastián Claro Edwards,6069,Sebastián Claro Edwards,SUJETO_ROL_NOMBRE,,RPM-2011-10-13:T31,INICIO_EXPLICITO,,"El Consejero señor Sebastián Claro llama la atención sobre la evolución del oro, que ha registrado una caída en las últimas semanas y una reversión en los días recientes. Al respecto, menciona que ello obedecería a que los mayores costos de financiamiento y ciertos deleveraging han llevado a las instituciones financieras a colocar esas posiciones más que a vender los títulos de sus carteras que se encuentran muy castigados en los mercados financieros."
SOLO_METADATOS,4408,312361058f10953f0968c08f29acb5c6901b966260a812e10b5063e19c4cb249,2011-11-15,6130;6131,Rodrigo Vergara Montes;Sergio Lehmann Beresi,6132,Rodrigo Vergara Montes,SUJETO_ROL_NOMBRE,,RPM-2011-11-15:T11,INICIO_EXPLICITO,,El Consejero señor Rodrigo Vergara alude a una emisión de bonos italianos de corto plazo.
SOLO_METADATOS,4408,312361058f10953f0968c08f29acb5c6901b966260a812e10b5063e19c4cb249,2011-11-15,6130;6131,Rodrigo Vergara Montes;Sergio Lehmann Beresi,6133,Sergio Lehmann Beresi,SUJETO_NOMBRE,,RPM-2011-11-15:T12,INICIO_EXPLICITO,,"Al respecto, el señor Sergio Lehmann precisa que el día anterior, Italia colocó bonos con un spread de entre 6 y 7%, confirmando que las tasas de interés no retroceden y, en consecuencia, que las señales políticas no se reflejan aún en el mercado. El señor Lehmann continúa con su exposición, indicando que la volatilidad cae en el margen, pero permanece en niveles elevados. Con respecto a Estados Unidos, informa que el VIX se mantiene en torno al 30% y que los premios por riesgo corporativo han tendido a caer, a propósito de señales algo más positivas en materia de actividad. Hace presente que, en línea con esa percepción tal vez algo más positiva para Estados Unidos, particularmente lo que dice relación con la demanda interna y consumo, las bolsas de ese país han aumentado, mientras que en Europa se han observado mayores vaivenes, ya que tras una recuperación volvieron a retroceder. Agrega que las bolsas de los mercados emergentes registraron alzas, en línea con una lectura que da cuenta de una cierta recuperación de los flujos de capitales, que habían estado saliendo de manera algo sistemática en las últimas semanas. En materia de tasas de interés, el señor Sergio Lehmann señala que las tasas largas no han registrado variación en Estados Unidos y que en Alemania se advierten retrocesos importantes por un efecto flight to quality, por una necesidad de mantener posiciones en euros, y porque el mercado anticipó que el Banco Central Europeo (BCE) adoptaría una medida más relajada de política monetaria. De hecho, confirma que el BCE recortó la tasa rectora en 25 puntos base en su última reunión, al igual que el Banco de Australia, mientras que Indonesia y Brasil lo hicieron en 50 puntos base. Añade que el único país que acordó un aumento fue India, desde 8,25 a 8,50%, preocupada por la inflación que enfrenta esa economía. En cuanto a las trayectorias de tasas de política monetaria (TPM), informa que se mueven a la baja en Europa y en las economías emergentes. Sobre el particular, detalla que el cambio es bastante ligero en América Latina y algo más marcado en Asia y en Oceania, que recoge la visión de Australia sobre un escenario más complejo y que lo ha llevado, de hecho, a tomar la decisión de reducir su tasa en 25 puntos base. Añade que Europa emergente no registra cambios y que la Zona Euro, si bien exhibe un adelanto respecto de lo anticipado, muestra, a partir de los contratos futuros, una trayectoria futura muy similar a la observada en la Reunión anterior, esto es, un nuevo recorte de 25 puntos base en diciembre o enero próximo, hasta 1%. Respecto a movimientos de monedas, el señor Sergio Lehmann indica que el dólar mostró una ligera apreciación de 0,5% y el euro una depreciación de 1,1%, y que se observa una situación algo heterogénea en las economías emergentes, con algunas apreciaciones en algunos países de América Latina —Chile y Perú, particularmente—, depreciaciones en Colombia, Brasil y Argentina, y depreciaciones también en Israel y en Europa emergente."
ESTRUCTURAL,4415,9826d571e2ba93eff3a164a59522467693773ba281dff410abd39f2333cd7b28,2011-11-15,6139,Sebastián Claro Edwards,6141,Sebastián Claro Edwards,SUJETO_ROL_NOMBRE,,RPM-2011-11-15:T19,INICIO_EXPLICITO,,"El Consejero señor Sebastián Claro alude a un informe de Barclays que cuestiona la medida de brecha en Estados Unidos, que supone que en el período 2000, antes de la crisis, el crecimiento era tendencial y no consideraba que la economía estaba sobrecalentada. Explica que Barclays trata de rehacer esta brecha, argumentando que es significativamente menor que la oficial y explicaría el IPC subyacente, que no es tan bajo como algunos modelos sugerirían, en principio. Agrega que este mismo argumento podría aplicarse a Inglaterra, por sus niveles de inflación sostenidamente altos, y con menos claridad en el caso de Europa. Hace notar que este argumento estaría reflejando en algún grado que habría una magnitud de error que explicaría esta aparente dicotomía entre una brecha tan significativa y una inflación muy elevada, que no se explica solamente por el alza del petróleo."
ESTRUCTURAL,4415,9826d571e2ba93eff3a164a59522467693773ba281dff410abd39f2333cd7b28,2011-11-15,6139,Sebastián Claro Edwards,6142,Sergio Lehmann Beresi,CONTEXTO_REVISADO,,RPM-2011-11-15:T20,SIN_CONTINUIDAD_CONFIRMADA,,"En opinión del señor Sergio Lehmann, la percepción actual es que el PIB potencial de Estados Unidos es significativamente menor que el registrado antes de la crisis. De hecho, indica que los modelos, particularmente el GPM, que es el que se trabaja junto con el Fondo Monetario Internacional y algunos otros bancos centrales, están recogiendo un crecimiento del PIB potencial más cercano a 1,5 - 2% en lo inmediato, que es bastante menor que el observado entonces."
SOLO_METADATOS,4417,06331c1379a3a1c559b7681b1d9c2cb7b2c45974b33166c01fc34975c49a6ff8,2011-11-15,6143,Luis Óscar Herrera Barriga,6146,Luis Óscar Herrera Barriga,SUJETO_NOMBRE,,RPM-2011-11-15:T24,INICIO_EXPLICITO,,"El señor Luis Óscar Herrera corrobora lo planteado por el señor Presidente, en el sentido que la Reserva Federal y el Tesoro americano siguen completamente enfocados a políticas de demanda. Añade que los temas de oferta no son materia de discusión, como podría ser el caso de desajustes en el mercado laboral, esto es, que no calzan las habilidades que se necesitaban antes en el sector construcción con las requeridas ahora en el sector manufacturero y que, por lo tanto, es necesario reentrenar la fuerza de trabajo. En su opinión, ese tipo de factores podría estar afectando la movilidad en el mercado laboral y su capacidad para volver a crecer."
SOLO_METADATOS,4560,22ef9a1b7c8ce7868b5c634cf451f44e864c42bd3fb9fe6879ce32aeddfc0c89,2012-01-12,6320,Sebastián Claro Edwards,6323,Sebastián Claro Edwards,SUJETO_ROL_NOMBRE,,RPM-2012-01-12:T53,INICIO_EXPLICITO,,"El Consejero señor Sebastián Claro alude al énfasis puesto durante ya varios trimestres en la normalización de la actividad y de la demanda, del consumo e inversión, y en la perspectiva respecto a que durante este año 2012, estas variables registrarán una tasa de crecimiento bastante homogénea, de un dígito, salvo algunas excepciones. Al respecto, consulta sobre la evaluación que se tiene internamente en cuanto a la eventual materialización de las proyecciones de normalización del consumo y de los distintos ítems de inversión."
SOLO_METADATOS,4617,f1ea9451ad35d6b1de4525dc85811d701a995fa453425902af3019d809d375d5,2012-02-14,6381,Kevin Cowan Logan,6384,Kevin Cowan Logan,SUJETO_ROL_NOMBRE,,RPM-2012-02-14:T45,INICIO_EXPLICITO,,"El Gerente de División Política Financiera señor Kevin Cowan alude a la corrección al alza del crecimiento del sector construcción en el primer trimestre, desde 6,2 a 8,9%. Al respecto, consulta si tal alza corresponde a construcción residencial o no residencial."
SOLO_METADATOS,4636,2bfeb3457de062fb9c5c70ac2a2f24b6cb15c64939d69c93406ada14f77e44ba,2012-02-14,6400,Beltrán de Ramón Acevedo,6403,Beltrán de Ramón Acevedo,SUJETO_ROL_NOMBRE,,RPM-2012-02-14:T64,INICIO_EXPLICITO,,"El Gerente de División Operaciones Financieras señor Beltrán de Ramón alude a los problemas de liquidez registrados en el mes de diciembre de 2011, que, al parecer, no habrían afectado a las tasas de los créditos de consumo de corto plazo, pero sí al volumen de operaciones. Al respecto, solicita que se precise si su apreciación es correcta."
SOLO_METADATOS,4696,bcefdf1c62cc9ac6c8d754528374ff400e4adaef990f3469b9c5ac1f392105f0,2012-03-15,6468,Luis Óscar Herrera Barriga,6471,Luis Óscar Herrera Barriga,SUJETO_ROL_NOMBRE,,RPM-2012-03-15:T44,INICIO_EXPLICITO,,"El Gerente de División Estudios señor Luis Óscar Herrera hace el alcance que este indicador de riesgo interno no considera la tasa prime swap, que fue el indicador clave a fines del año pasado y que sí se ha relajado, aunque en el último mes también ha presentado un leve incremento."
SOLO_METADATOS,4737,a4dd12f01d4e218c85068e15e531941db7ea121d548694ddcda8480e6d87c867,2012-04-17,6520,Sebastián Claro Edwards,6523,Sebastián Claro Edwards,SUJETO_ROL_NOMBRE,,RPM-2012-04-17:T8,INICIO_EXPLICITO,,"El Consejero señor Sebastián Claro llama la atención en cuanto a que los últimos datos de Brasil e India son, comparativamente, más negativos que los de otras economías, y consulta si hay algún patrón común en la mayor desaceleración de estos dos países emergentes, ya sea en términos de consumo interno o de exportaciones a algunos países desarrollados. De hecho, comenta que este ha sido el argumento detrás de la reducción de la tasa de política monetaria, TPM, acordada por los indios, que fue de 50 puntos base, mayor que lo esperado."
SOLO_METADATOS,4743,4040cd13df0463aa710ca0dfff3b1e3476e5f83a9dc475d5aff71d7adc006929,2012-04-17,6526;6527,Sergio Lehmann Beresi;Rodrigo Cerda Norambuena,6529,Sergio Lehmann Beresi,SUJETO_NOMBRE,,RPM-2012-04-17:T14,INICIO_EXPLICITO,,"El señor Sergio Lehmann corrobora lo planteado por el señor Vicepresidente, precisando que de acuerdo con los datos antedichos, Chile figura con un crecimiento trimestre a trimestre de 4,5% en términos anualizados, cifra coincidente con la contemplada en el IPoM."
SOLO_METADATOS,4743,4040cd13df0463aa710ca0dfff3b1e3476e5f83a9dc475d5aff71d7adc006929,2012-04-17,6526;6527,Sergio Lehmann Beresi;Rodrigo Cerda Norambuena,6530,Rodrigo Cerda Norambuena,SUJETO_ROL_NOMBRE,,RPM-2012-04-17:T15,INICIO_EXPLICITO,,"El Asesor del Ministro de Hacienda, señor Rodrigo Cerda, consulta por la forma en que el Banco califica que el PIB crece sobre su tendencia."
ESTRUCTURAL,4801,3ff57ac853440e38fc98aa9c9e66e54e5af266536b67091ded46d8346d5cfeb5,2012-05-17,6600,Enrique Marshall Rivera,6603,Enrique Marshall Rivera,SUJETO_ROL_NOMBRE,,RPM-2012-05-17:T10,INICIO_EXPLICITO,,"El Consejero señor Enrique Marshall hace referencia a estadísticas sobre la relación entre préstamos y depósitos en distintas regiones del mundo, y de las cuales, en su opinión, surge con bastante claridad que en los bancos americanos dicha relación es bastante sólida, mientras que los bancos europeos tienen una relación de 125%, es decir, sus préstamos exceden su base de depósitos en un 25%. Asimismo, llama la atención que si bien la banca latinoamericana no presenta problemas, aparece también en una situación similar a la de los bancos europeos, dependiendo en gran medida de líneas de financiamiento del exterior. A su juicio, la conclusión que se puede extraer es que la banca europea deberá hacer ajustes muy significativos, porque actualmente no tiene acceso a financiamiento externo, sobre todo al financiamiento en dólares estadounidenses."
ESTRUCTURAL,4801,3ff57ac853440e38fc98aa9c9e66e54e5af266536b67091ded46d8346d5cfeb5,2012-05-17,6600,Enrique Marshall Rivera,6604,Rodrigo Vergara Montes,SUJETO_ROL_NOMBRE,,RPM-2012-05-17:T11,INICIO_EXPLICITO,,"Al respecto, el Presidente señor Rodrigo Vergara alude a datos del Bank for International Settlements, BIS, que dan cuenta de que Chile exhibe relaciones entre créditos y depósitos superiores a un 100%, esto es, porcentajes mayores a los de otros países de desarrollo similar."
ESTRUCTURAL,4801,3ff57ac853440e38fc98aa9c9e66e54e5af266536b67091ded46d8346d5cfeb5,2012-05-17,6600,Enrique Marshall Rivera,6605,Enrique Marshall Rivera,SUJETO_ROL_NOMBRE,,RPM-2012-05-17:T12,INICIO_EXPLICITO,,"El Consejero señor Enrique Marshall explica que ello obedece a que el sistema bancario chileno descansa, en parte, en el financiamiento externo, porque no tiene capacidad para captar dólares estadounidenses en el mercado local."
SOLO_METADATOS,4816,413fac5f67afdd2a4f9923d6b76d78367061bfdc7606e4ad72d31111aee50f16,2012-05-17,6616,Sebastián Claro Edwards,6621,Sebastián Claro Edwards,SUJETO_ROL_NOMBRE,,RPM-2012-05-17:T28,INICIO_EXPLICITO,,"El Consejero señor Sebastián Claro alude a dos temas tratados con ocasión del IPoM de diciembre último que, en su opinión, pueden ser relevantes de discutir en esta oportunidad. En lo referente al primero, recuerda que en esa fecha, el Consejo fue enfático en señalar que el escenario base consideraba turbulencias, una de las cuales podría ser la que se registra actualmente. En este sentido, expresa que se podría sostener que la actual situación aparecería como “simples turbulencias”; que ellas corresponderían a las consideradas en el escenario base; o que se han ido acumulando, dando origen a una situación aún más compleja. Hace presente que en esa oportunidad se estimó que aún sin esperar graves problemas financieros en Europa, las turbulencias de ese momento sí tendrían un impacto sobre la actividad local. Al respecto, indica que del análisis en perspectiva de lo acontecido, se puede concluir que, en general, la evaluación efectuada entonces no se ha materializado, ya que aparte de algunas tensiones puntuarles en algunos mercados, la crisis externa no ha afectado el dinamismo de la economía doméstica. Por último, consulta si se cuenta con una evaluación más detallada sobre las razones por las cuales las tensiones que se consideraron en esa oportunidad no impactaron mayormente a la economía local, así como acerca de las lecciones que se pueden obtener sobre esta materia, considerando que se aproxima la discusión del próximo IPoM correspondiente al mes de junio."
ESTRUCTURAL,4820,cc00d578cfb0a47c1a66275b42b91b78dad5746ea0a11628a5d107e6288babba,2012-05-17,6620;6621;6622,Manuel Marfán Lewis;Luis Óscar Herrera Barriga;Sergio Lehmann Beresi,6625,Manuel Marfán Lewis,SUJETO_ROL_NOMBRE,,RPM-2012-05-17:T32,INICIO_EXPLICITO,,"El Vicepresidente señor Manuel Marfán advierte que los últimos acontecimientos han elevado la probabilidad de salirse del escenario central. Además, estima que la probabilidad de una solución poco ordenada e inminente del problema financiero que aqueja a Europa también es significativamente alta. Asimismo, sugiere revisar cuidadosamente la situación de Estados Unidos de América, cuyos indicadores han generado optimismo y pesimismo de manera reiterada y sucesiva en los últimos meses. Al respecto, expresa que su hipótesis es que esa economía oscilará en torno a un crecimiento bajo por un período relativamente prolongado."
ESTRUCTURAL,4820,cc00d578cfb0a47c1a66275b42b91b78dad5746ea0a11628a5d107e6288babba,2012-05-17,6620;6621;6622,Manuel Marfán Lewis;Luis Óscar Herrera Barriga;Sergio Lehmann Beresi,6626,Luis Óscar Herrera Barriga,SUJETO_ROL_NOMBRE,,RPM-2012-05-17:T33,INICIO_EXPLICITO,,"En cuanto al comentario del Consejero señor Sebastián Claro, el Gerente de División Estudios señor Luis Óscar Herrera señala que el impacto que tuvieron los anuncios y la materialización de las inyecciones de liquidez por parte del Banco Central Europeo fue sustantivo sobre el panorama de mercado durante el primer trimestre de este año. A título de ejemplo, precisa que desde el cierre del IPoM de diciembre hasta marzo último, las bolsas aumentaron 15%, el VIX cayó desde 30% a 20% y los commodities repuntaron en un 15%. De esta manera, estima que las tensiones externas no se materializaron en la forma esperada y tuvieron una reversión mucho más rápida que lo anticipado. Sin perjuicio de ello, recalca que la evidencia de escasos efectos en el primer trimestre del presente año no debería llevar a descartar que esos impactos puedan ser más relevantes en el futuro."
ESTRUCTURAL,4820,cc00d578cfb0a47c1a66275b42b91b78dad5746ea0a11628a5d107e6288babba,2012-05-17,6620;6621;6622,Manuel Marfán Lewis;Luis Óscar Herrera Barriga;Sergio Lehmann Beresi,6627,Sergio Lehmann Beresi,SUJETO_NOMBRE,,RPM-2012-05-17:T34,INICIO_EXPLICITO,,"Finalmente, el señor Sergio Lehmann menciona que existen claras señales de desaceleración de las exportaciones asiáticas y añade que la Gerencia de Análisis Internacional a su cargo efectúa un análisis continuo respecto de su evolución."
ESTRUCTURAL,4820,cc00d578cfb0a47c1a66275b42b91b78dad5746ea0a11628a5d107e6288babba,2012-05-17,6620;6621;6622,Manuel Marfán Lewis;Luis Óscar Herrera Barriga;Sergio Lehmann Beresi,6628,Rodrigo Vergara Montes,SUJETO_ROL_NOMBRE,,RPM-2012-05-17:T35,INICIO_EXPLICITO,,"No habiendo más consultas ni comentarios respecto del escenario internacional, el Presidente señor Rodrigo Vergara da paso a la exposición del escenario interno, a cargo del Gerente de Análisis Macroeconómico señor Claudio Soto."
SOLO_METADATOS,4868,896656e97552bd131d5d01a43e3f498e16b60e96f896d6f0bca1200195697a24,2012-06-14,6678,Rodrigo Vergara Montes,6684,Rodrigo Vergara Montes,SUJETO_ROL_NOMBRE,,RPM-2012-06-14:T20,INICIO_EXPLICITO,,"El Presidente señor Rodrigo Vergara se suma a las prevenciones planteadas por los señores Consejeros. Expresa que, a su juicio, la única noticia positiva proviene de las exportaciones chinas, cuyo último registro da cuenta de un aumento significativo. En cuanto a Brasil, menciona que su depreciación obedeció a una decisión del Banco Central de ese país y que tuvo por objeto contribuir al fortalecimiento de su debilitada industria. A su juicio, ello amerita efectuar un estrecho seguimiento de su situación. No habiendo más consultas ni comentarios en lo concerniente al escenario internacional, el Presidente señor Rodrigo Vergara da paso a la exposición del escenario interno, a cargo del Gerente de Análisis Macroeconómico señor Claudio Soto."
SOLO_METADATOS,4932,ac2381139cbaad5ba1a41d6b8211b8bb3f55ac06daf8c1bd0401172fe7765b9e,2012-07-12,6745,Sebastián Claro Edwards,6751,Sebastián Claro Edwards,SUJETO_ROL_NOMBRE,,RPM-2012-07-12:T33,INICIO_EXPLICITO,,"El Consejero señor Sebastián Claro alude a dos grupos del sector comercio que tienen actualmente perspectivas distintas: por un lado, el retail para consumo, cuya percepción es de un cierto grado de normalización; y por el otro, las ferreterías y establecimientos dedicados a la venta de materiales para la construcción, que atraviesan por una época boyante."
SOLO_METADATOS,4934,c47ec203958df0aef505b005f1e883a428243af44e7d1a30f0e5fe792b91a0ac,2012-07-12,6747,Rodrigo Vergara Montes,6753,Rodrigo Vergara Montes,SUJETO_ROL_NOMBRE,,RPM-2012-07-12:T35,INICIO_EXPLICITO,,"El Presidente señor Rodrigo Vergara alude al sector construcción, cuya proyección de crecimiento para el segundo y tercer trimestre disminuye respecto de lo contemplado en IPoM del mes de junio pasado."
ESTRUCTURAL,4990,ec25a58ed0878c79dbcc3d21f76c862c82eb441c9d31a0637d3cc196934223f5,2012-08-16,6808,Enrique Marshall Rivera,6814,Enrique Marshall Rivera,SUJETO_ROL_NOMBRE,,RPM-2012-08-16:T16,INICIO_EXPLICITO,,"El Consejero señor Enrique Marshall es de opinión que corresponde reconocer que la situación política de Europa ha mejorado, en razón de que se ha estabilizado la situación política que motivó cambios de gobiernos y diversos procesos eleccionarios; y por otra parte, las encuestas muestran un alto apoyo a la Canciller alemana señora Angela Merkel y se ha otorgado un voto de confianza al gobierno italiano. En todo caso, plantea la necesidad de estar alertas a los acontecimientos del sector corporativo conocidos últimamente y a los posibles problemas que puedan derivar de ellos."
ESTRUCTURAL,4990,ec25a58ed0878c79dbcc3d21f76c862c82eb441c9d31a0637d3cc196934223f5,2012-08-16,6808,Enrique Marshall Rivera,6815,Rodrigo Vergara Montes,SUJETO_ROL_NOMBRE,,RPM-2012-08-16:T17,INICIO_EXPLICITO,,"No habiendo más consultas ni comentarios en lo concerniente al escenario internacional, el Presidente señor Rodrigo Vergara da paso a la exposición del escenario interno, a cargo del Gerente de Análisis Macroeconómico señor Claudio Soto."
SOLO_METADATOS,4998,33a94acba0093d50fa189b219d70253bfee9889c095fe22772a0dab42e6e738d,2012-08-16,6816,Claudio Soto Gamboa,6823,Claudio Soto Gamboa,SUJETO_ROL_NOMBRE,,RPM-2012-08-16:T25,INICIO_EXPLICITO,,"El Gerente de Análisis Macroeconómico señor Claudio Soto alude a dos antecedentes adicionales que dan cuenta de que esta acumulación de inventarios es deseada y que obedece más bien a una corrección en las perspectivas más negativas de ventas para este año. En primer término, indica que el IMCE de la parte de comercio muestra inventarios por sobre los deseados desde hace varios trimestres, mientras que el indicador para industrias registró una caída importante a comienzos del segundo trimestre, sugiriendo se habría generado una acumulación deseada de inventarios. Plantea que el segundo antecedente dice relación con los bienes durables, específicamente los automóviles. Sobre este aspecto, alude a las fuertes caídas de las importaciones a comienzos de año, previéndose probablemente ventas más débiles, pero que no obstante ello, las ventas continuaron bastante dinámicas y que, por tanto, se observó un repunte en las importaciones en los últimos meses, lo cual sugiere que hay una reacumulación de inventarios resto, previéndose ventas mayores que las anticipadas en esa época."
SOLO_METADATOS,5047,da64add2753844af02dc74cc5cb04a99dea269819abc740e89e305fbd762d282,2012-09-13,6869,Manuel Marfán Lewis,6876,Manuel Marfán Lewis,SUJETO_ROL_NOMBRE,,RPM-2012-09-13:T8,INICIO_EXPLICITO,,"El Vicepresidente señor Manuel Marfán alude a una serie de normas de carácter complementario asociadas al Mecanismo Europeo de Estabilidad, que facultan al Banco Central Europeo para ejercer una mayor regulación y supervisión a nivel de esa región, que le permitirían resguardarse de los riesgos que conlleva esta operación. Al respecto, expresa su preocupación por el hecho que, en principio, estas normas complementarias entrarían en operación a mediados del próximo año, esto es, en una fecha posterior a aquella en que se materializarían las compras de bonos y que, por lo tanto, el Banco Central Europeo no tendría las facultades necesarias para poder resguardar sus propios riesgos al efectuar tal operación de rescate."
ESTRUCTURAL,5065,f6c1606a59248b14aaad9bf2e01425d685d8dcae2cdaee5791d9ff28e62b29ca,2012-09-13,6887,Luis Opazo Roco,6894,Luis Opazo Roco,SUJETO_ROL_NOMBRE,,RPM-2012-09-13:T26,INICIO_EXPLICITO,,"El Gerente de Estabilidad Financiera señor Luis Opazo solicita la palabra para aportar antecedentes adicionales sobre los flujos de capitales. Sobre el particular, señala que en las últimas semanas, se observa tanto en Chile como en la totalidad de las economías emergentes que la renta variable decrece de manera bastante significativa. De hecho, indica que hasta dos semanas atrás, se acumularon entradas de capitales de renta variable de manera sistemática, pero que en las últimas semanas se revirtieron en cerca de US$1.600 millones, monto que es muy relevante para el período y la tendencia observada."
ESTRUCTURAL,5065,f6c1606a59248b14aaad9bf2e01425d685d8dcae2cdaee5791d9ff28e62b29ca,2012-09-13,6887,Luis Opazo Roco,6895,Rodrigo Vergara Montes,SUJETO_ROL_NOMBRE,,RPM-2012-09-13:T27,INICIO_EXPLICITO,,"No habiendo más consultas ni comentarios en lo concerniente al escenario internacional, el Presidente señor Rodrigo Vergara da paso a la exposición del escenario interno, a cargo del Gerente de Análisis Macroeconómico señor Claudio Soto."
ESTRUCTURAL,5079,aeb39a21685ff3a56030e233e2bb969d574fcb57c5d1b68628eac8cffe522e63,2012-09-13,6906,Manuel Marfán Lewis,6914,Manuel Marfán Lewis,SUJETO_ROL_NOMBRE,,RPM-2012-09-13:T46,INICIO_EXPLICITO,,"El Vicepresidente señor Manuel Marfán plantea que los participantes del Federal Open Market Committee de la Reserva Federal, FOMC, manifestaron que lo más probable es que la tasa de instancia monetaria no será modificada hasta el año 2015."
ESTRUCTURAL,5079,aeb39a21685ff3a56030e233e2bb969d574fcb57c5d1b68628eac8cffe522e63,2012-09-13,6906,Manuel Marfán Lewis,6915,Sergio Lehmann Beresi,SUJETO_NOMBRE,,RPM-2012-09-13:T47,INICIO_EXPLICITO,,"El señor Sergio Lehmann corrobora lo consignado por el Vicepresidente señor Manuel Marfán, agregando que si bien esta medida era esperada por el mercado, constituye un compromiso importante de la autoridad monetaria. Finalmente, manifiesta que el referido informativo entrega nuevas proyecciones de crecimiento, de empleo y tasas, y alude especialmente a un crecimiento esperado de la economía norteamericana inferior al anticipado un trimestre atrás."
ESTRUCTURAL,5113,a7963b1950bf868de0de303aba83eb3289c5a0df92d896a41f00753b62b536c6,2012-10-18,6944,Sergio Lehmann Beresi,6953,Sergio Lehmann Beresi,SUJETO_ROL_NOMBRE,,RPM-2012-10-18:T20,INICIO_EXPLICITO,,"El Gerente de Análisis Internacional señor Sergio Lehmann retoma su presentación, refiriéndose a los commodities. Sobre el particular, destaca la caída del precio de la gasolina, en torno a 11%, que se explica por un aumento significativo en la capacidad de refinación en el Golfo de México y por la mayor capacidad de extracción de petróleo. Añade que el petróleo WTI presenta una disminución de 5%, en tanto que el petróleo Brent, mucho más afectado por las mayores tensiones en Medio Oriente, no registra variación desde la última Reunión de Política Monetaria."
ESTRUCTURAL,5113,a7963b1950bf868de0de303aba83eb3289c5a0df92d896a41f00753b62b536c6,2012-10-18,6944,Sergio Lehmann Beresi,6954,Rodrigo Cerda Norambuena,SUJETO_ROL_NOMBRE,,RPM-2012-10-18:T21,INICIO_EXPLICITO,,"El Asesor del Ministro de Hacienda señor Rodrigo Cerda alude a un reciente comunicado emitido por Enap, que consigna únicamente la caída del precio de la gasolina Premium, no obstante, que los datos dan cuenta de que el precio de la gasolina de 93 octanos también registra un descenso brusco en el plazo de una semana, debido a un componente estacional que explica su caída por una sola vez."
ESTRUCTURAL,5113,a7963b1950bf868de0de303aba83eb3289c5a0df92d896a41f00753b62b536c6,2012-10-18,6944,Sergio Lehmann Beresi,6955,Sergio Lehmann Beresi,SUJETO_NOMBRE,,RPM-2012-10-18:T22,INICIO_EXPLICITO,,"El señor Sergio Lehmann confirma que la disminución del precio de la gasolina de 93 octanos responde a un componente estacional y que no debería revertirse por esa misma razón. Añade que el descenso brusco del precio de dicho combustible registrado en la última semana obedece principalmente a noticias sobre un significativo aumento de la capacidad de refinación por la entrada en operación de las refinerías que realizan sus labores de mantenimiento durante la época de huracanes. El señor Sergio Lehmann señala que el precio de los granos exhibe un movimiento algo heterogéneo, por cuanto el del arroz tendió a subir ligeramente, mientras que el del maíz y trigo disminuyeron debido a señales de una próxima campaña agrícola más positiva; que el precio de la soya anotó una disminución importante ante señales de mejores rendimientos y una cosecha más positiva; y que con ello, el índice agregado de granos y cereales muestra un claro descenso durante la última semana. En cuanto a los índices FAO, hace el alcance que corresponden al cierre del mes de septiembre y que por lo tanto, no recogen parte de las caídas registradas en las últimas semanas. Sobre esa base, menciona que si bien los índices FAO cereales como el de alimentos muestran un ligero aumento, es altamente probable que al cierre del mes de octubre exhiban a su vez una caída. En lo atinente al precio de los metales, indica que el movimiento es mixto. Destaca el incremento en el precio del hierro, asociado tanto a cierres de yacimientos en China dada su baja competitividad, como a algún componente de demanda relacionado con el programa de estímulo de gasto público en ese país, que ha llevado al precio de este metal a un nivel relativamente sostenible. Agrega que el precio del cobre no solo registra un ligero aumento, sino que durante la presente jornada ha registrado un alza adicional a propósito del dato de producción industrial de China, que fue algo mejor que lo anticipado. En lo referente a las perspectivas en materia de precios de metales, manifiesta que los futuros de cobre exhiben alzas y que el hierro se estabilizaría en torno a los US$120 la tonelada. Añade que los precios de alimentos disminuirían producto de la baja que han mostrado algunos bienes agrícolas y que no exhibirían mayor variación durante el bienio 2013 a 2014. Al concluir su presentación, el señor Sergio Lehmann informa que los futuros del petróleo Brent figuran sin cambios, los del petróleo WTI algo más bajos y que la trayectoria del precio de gasolina se aprecia más baja, con una tendencia que da cuenta de una suerte de normalización del precio de dicho combustible en relación al precio del petróleo, producto de un componente estacional que resulta importante al momento de determinarse los precios."
ESTRUCTURAL,5122,f38a0edb04e1c69ef7e3a4c8de6e242974d2cf89eb142e28ac7b37eb30396975,2012-10-18,6953,Luis Óscar Herrera Barriga,6964,Luis Óscar Herrera Barriga,SUJETO_ROL_NOMBRE,,RPM-2012-10-18:T31,INICIO_EXPLICITO,,"El Gerente de División Estudios señor Luis Óscar Herrera alude a Australia y Nueva Zelanda, en su carácter de economías productoras de commodities que actualmente están en un ciclo distinto del chileno. En su opinión, un aspecto importante que marca esa diferencia es que antes del año 2008, tanto Australia como Nueva Zelanda vivieron un período de burbuja inmobiliaria, de un crecimiento del endeudamiento privado del orden del 50%, y de aumentos de precios de viviendas similares a los observados en Estados Unidos de América, a lo que se agrega que durante los últimos dos años se encuentran en un proceso de ajuste. Hace presente que en Australia se observa actualmente una caída en los precios de viviendas, un aumento de la tasa de ahorro y que los consumidores privados han estado reduciendo su endeudamiento. En consecuencia, manifiesta que esas dos economías y Chile han tenido el mismo componente del ciclo de commodities, pero no así un componente de demanda interna por el lado del consumo, porque las dos primeras han heredado las consecuencias del período comprendido entre los años 2002 a 2008. En cuanto al precio del cobre, señala que los análisis internos de corto plazo tienden a poner mayor énfasis en los factores de demanda, que se han comportado en una dirección contraria a la del precio de este metal. En ese sentido, indica que si tres meses atrás se hubiese proyectado un menor crecimiento en China, se habría esperado que el precio del cobre fuera menor en la actualidad. En su opinión, ello lleva a analizar otros temas difíciles de identificar en el corto plazo, relativos a perspectivas de oferta o factores financieros asociados a los programas de estímulo anunciados recientemente y que también pueden generar efectos sobre esos precios. Por último, concuerda con que se han dado pasos efectivos y producido avances en Europa, como es el caso de las operaciones OMT del Banco Central Europeo, el ESM o los otros Fondos que cuentan con recursos prácticamente ilimitados, pero, por otra parte, los componentes quizás más sustantivos de fortalecimiento de la unión bancaria o de de la unión fiscal enfrentan aún un largo camino de negociación. En consecuencia, considera que las proyecciones del Fondo Monetario Internacional dan cuenta de que Europa, a pesar de la implementación de las medidas antedichas, no registrará una recuperación rápida de su crecimiento, sino que se mantendrá bastante plana en los trimestres venideros. Agrega que el Presidente del Banco Central Europeo señor Mario Draghi enfatizó que los indicadores financieros y la capitalización de la banca habían aumentando, pero luego reconoció que su distribución entre los países sigue siendo muy heterogénea. Por último, alude a un comentario que indica que España está avanzando porque ha aumentado su productividad laboral y que ello ha llevado a una disminución de los costos laborales unitarios. A su juicio, se trata de un comentario errado, porque solo tiene sentido para un nivel dado de empleo, no así cuando este se está contrayendo en forma significativa."
ESTRUCTURAL,5122,f38a0edb04e1c69ef7e3a4c8de6e242974d2cf89eb142e28ac7b37eb30396975,2012-10-18,6953,Luis Óscar Herrera Barriga,6965,Rodrigo Vergara Montes,SUJETO_ROL_NOMBRE,,RPM-2012-10-18:T32,INICIO_EXPLICITO,,"No habiendo más consultas ni comentarios en lo concerniente al escenario internacional, el Presidente señor Rodrigo Vergara da paso a la exposición del escenario interno, a cargo del Gerente de Análisis Macroeconómico señor Claudio Soto."
SOLO_METADATOS,5138,d1bf4b4c226cf08910e29a672c62d5f3e4851152f190ed9b37a12f7e7eec59f2,2012-10-18,6970,Sebastián Claro Edwards,6982,Sebastián Claro Edwards,SUJETO_ROL_NOMBRE,,RPM-2012-10-18:T49,INICIO_EXPLICITO,,"El Consejero señor Sebastián Claro alude al fuerte incremento registrado por los alimentos perecibles, que se atribuye a sequías y factores climáticos en general. En su opinión, estas alzas podrían multiplicarse fuertemente en el verano próximo, por corresponder al período en que se observan alzas significativas de precios de algunos productos. Sobre el particular, consulta si en la estimación de inflación de corto plazo correspondiente a fines de este año y comienzos del próximo, se ha considerado una normalización de estos precios o si podrían presentarse nuevas alzas."
ESTRUCTURAL,5178,ca16c4687f45db890aa0750c80f21f07cf95f163266d9e0d1a8f76ed8e15a216,2012-11-13,7013,Luis Óscar Herrera Barriga,7025,Luis Óscar Herrera Barriga,ROL+NOMBRE,,RPM-2012-11-13:T16,SIN_CONTINUIDAD_CONFIRMADA,ATRIBUCION_HEURISTICA_LEGADA,"El Gerente de División Estudios señor Luis Óscar Herrera procede a responder la consulta formulada por el Consejero señor Joaquín Vial, relativa al supuesto en materia fiscal contemplado en la proyección de crecimiento de la economía norteamericana. Al respecto, hace presente que las proyecciones internas consideran principalmente los datos de Consensus Forecasts, los que tienen implícito un ajuste fiscal del orden del 1% del PIB de ese país. En lo concerniente a los commodities y su relación con China, plantea que durante el segundo y tercer trimestre del presente año se observó una caída del precio del hierro atribuible al deterioro de las expectativas de crecimiento de esa economía, mientras que el precio del cobre aumentó desde US$3,40 la libra hasta US$3,80 la libra, y que, por el contrario, hoy se advierte que el precio del primer metal exhibe un alza superior a 5% en el último mes y el cobre una reducción de una magnitud similar. Por otra parte, alude a reportes sobre acumulación de inventarios y a que el gobierno chino considera iniciar un programa de compra de metales, preocupado por la situación financiera de los productores que mantendrían inventarios elevados. En su opinión, en el último mes se observa una corrección de precios respecto a los registrados en los dos trimestres previos. En relación con el aumento experimentado por la inflación en España en los últimos meses, indica que sería atribuible a una contribución muy importante de la inflación subyacente, la que se explica por alzas del IVA, transporte público, matrículas universitarias y tarifas municipales, luego de haberse aplicado por parte del Gobierno el plan de reducción de subvenciones, por lo que si se excluye ese componente, la inflación subyacente española disminuye y también lo hacen los costos laborales unitarios."
ESTRUCTURAL,5178,ca16c4687f45db890aa0750c80f21f07cf95f163266d9e0d1a8f76ed8e15a216,2012-11-13,7013,Luis Óscar Herrera Barriga,7026,Rodrigo Vergara Montes,SUJETO_ROL_NOMBRE,,RPM-2012-11-13:T17,INICIO_EXPLICITO,,"No habiendo más consultas ni comentarios en lo concerniente al escenario internacional, el Presidente señor Rodrigo Vergara da paso a la exposición del escenario interno, a cargo del Gerente de Análisis Macroeconómico señor Claudio Soto."
ESTRUCTURAL,5212,02c25d8e8a9ba21f879e2e90631a0891add07dd050b6817fd692baf7307a5b36,2012-11-13,7050,Luis Óscar Herrera Barriga,7063,Luis Óscar Herrera Barriga,SUJETO_ROL_NOMBRE,,RPM-2012-11-13:T51,CONTINUIDAD_EXPLICITA,DUPLICADO_NO_FORMULA,"El Gerente de División Estudios señor Luis Óscar Herrera concluye su exposición manifestando que conforme a las consideraciones expuestas, esa Gerencia propone al Consejo mantener la Tasa de Política Monetaria en su nivel actual."
ESTRUCTURAL,5212,02c25d8e8a9ba21f879e2e90631a0891add07dd050b6817fd692baf7307a5b36,2012-11-13,7050,Luis Óscar Herrera Barriga,7064,Rodrigo Vergara Montes,LECTOR_DOCUMENTO_REVISADO,,RPM-2012-11-13:T52,SIN_CONTINUIDAD_CONFIRMADA,,"Al proseguir con la Sesión, el señor Presidente informa que el Ministro de Hacienda señor Felipe Larraín, por intermedio de su Asesor señor Rodrigo Cerda, le ha hecho llegar su planteamiento por escrito, al que dará lectura a continuación:"
ESTRUCTURAL,5212,02c25d8e8a9ba21f879e2e90631a0891add07dd050b6817fd692baf7307a5b36,2012-11-13,7050,Luis Óscar Herrera Barriga,7065,Felipe Larraín Bascuñán,DOCUMENTO_ESCRITO_REVISADO,OPINION_ESCRITA,RPM-2012-11-13:T53,DOCUMENTO_PERSONAL,TEXTO_ESCRITO_LEIDO_POR_TERCERO,"“El escenario económico en el último mes sigue mostrando a nivel local el dinamismo de la actividad y la inflación bajo control. En el escenario externo no se observan grandes cambios, en el cual persisten los problemas fundamentales en Europa, en que han vuelto a surgir las tensiones por las discrepancias entre los Ministros de Finanzas de la Zona Euro y el Fondo Monetario Internacional sobre el plazo a conceder a Grecia para realizar los ajustes fiscales necesarios. De este modo, la percepción de riesgo ha subido ligeramente desde sus niveles en la última Reunión de Política Monetaria, lo que se refleja en que los CDS a 5 años en España se encuentran 78 puntos por sobre su nivel desde dicha fecha; los de Italia, 82 puntos mayor; y, en Francia, el aumento ha sido de 16 puntos. La producción industrial de la Zona Euro en el mes de agosto pasado decreció 2,9% en 12 meses, tras la caída de 2,8% del mes anterior. En este aspecto, destaca la caída anual de 5,2% en Italia y de 3,2% en España. En Alemania, el sector decreció 1,6%, mientras que en Francia, registró un modesto crecimiento de 0,3%. La economía de Estados Unidos de América muestra alguna mejoría, pero han surgido nuevas preocupaciones. De acuerdo al avance proporcionado por la Oficina de Análisis Económico, el crecimiento del tercer trimestre de 2012 se ubicó en 2% trimestral anualizado y desestacionalizado, acelerándose respecto al 1,3% del trimestre anterior. La creación mensual de empleo en octubre fue de 171 mil puestos, superando los 148 mil del mes anterior. En lo referente al sector industrial, el PMI manufacturero se ubicó en 51.7 puntos en octubre último, superior a los 51.5 del mes anterior, manteniéndose en zona de expansión. Pese a estos mejores indicadores han surgido preocupaciones sobre el ajuste fiscal que necesita hacer ese país y que en caso de no llegarse a acuerdo en el Congreso, se materializaría en forma abrupta a comienzos del año 2013, lo que podría traer importantes repercusiones para esa economía y el resto del mundo. En el mes de octubre la economía china mostró alguna mejoría en sus indicadores. La producción industrial creció 9,6% en 12 meses durante ese mes, tras un 9,2% en septiembre, mientras que las ventas minoristas crecieron 14,5%, frente al 14,2% de septiembre. Las exportaciones, en tanto, se aceleraron, con un crecimiento de 11,6% en el mes de octubre tras el 9,9% de septiembre y el 2,7% de agosto. Por otro lado, la inflación en octubre último se ubicó en 1,7% en 12 meses, tras el 1,9% del mes previo, otorgando mayor rango de maniobra a la autoridad para actuar. De acuerdo al último Consensus Forecasts la proyección de crecimiento para China en 2012 es de 7,7%, inferior al crecimiento de 9,3% de 2011. En definitiva, el escenario económico internacional actual sigue influido por los efectos de la crisis en la Zona Euro, aunque han surgido nuevos temores, lo que afecta a otras economías del mundo, en particular, a las economías emergentes. En el ámbito interno, la actividad económica se mantiene dinámica donde pese a contar con 4 días hábiles menos, el país alcanzó un crecimiento de 4,6% en septiembre, bastante superior a los pronósticos de mercado, que apuntaban a un incremento de 3,5%. Las expectativas de crecimiento para este año registran un incremento en la Encuesta de Expectativas Económicas del Banco Central de Chile, ya que en noviembre en curso, el crecimiento esperado para 2012 es de 5,2%, superior al 5,1% de la encuesta de octubre y el 5% de septiembre. El mercado laboral muestra una importante moderación en la creación de puestos de trabajo, aunque el reporte del trimestre julio a septiembre registró un crecimiento del empleo de 1,6%, acelerándose en relación al 1% del trimestre junio-agosto. Por su parte, los salarios reales continúan creciendo, por lo que la evolución de la masa salarial ha permitido sostener el crecimiento del consumo. Por otra parte, las importaciones de bienes de capital repuntaron en octubre, creciendo 24% en 12 meses, tras una disminución de 10,2% el mes previo. Sin embargo, el sector externo chileno sigue siendo afectado por la situación internacional. Al mes de octubre de 2012, las exportaciones de bienes acumulan una caída de 4% anual y a su vez, el valor de las exportaciones de bienes a Europa en septiembre disminuyó 2,5% en 12 meses, mientras que las destinadas a China, lo hicieron en 13,7%. De esta manera, se ha configurado un escenario local en donde la fortaleza de la demanda interna ha logrado contrarrestar los efectos negativos de la menor demanda externa. En cuanto a los precios, la inflación registró un incremento de 0.6% en octubre, llegando a un nivel de 2.9% en 12 meses. El citado aumento mensual fue influenciado fundamentalmente por alzas en la división de alimentos y bebidas no alcohólicas. Con todo, las medidas subyacentes se encuentran en niveles en torno a 2% y, por ende, continuamos en un escenario de inflación controlada. De hecho, a pesar de la inflación del mes de octubre pasado, las expectativas de inflación se mantienen contenidas. De acuerdo a la última Encuesta de Expectativas Económicas del Banco Central de Chile la inflación en noviembre sería de 0.1% mensual, y en diciembre de 0.2%, con lo que implícitamente, a fines de 2012 se ubicaría en 2.3% anual, cerca del piso del rango de tolerancia del Banco. Para fines de 2013 las expectativas se mantienen ancladas en 3% anual y por su parte, las compensaciones inflacionarias a 2 años se ubican en niveles de 2.58%. En este escenario, se sugiere mantener la tasa de política monetaria en su nivel actual y validar así las expectativas del mercado. La economía chilena muestra signos de resiliencia, pero no ha soslayado por completo el impacto de la recesión europea y la desaceleración de los mercados emergentes, así como la incertidumbre que aún persiste. En este contexto parece necesario mantener la pausa para continuar acumulando información acerca de la evolución económica internacional y su impacto sobre la economía nacional.”"
ESTRUCTURAL,5212,02c25d8e8a9ba21f879e2e90631a0891add07dd050b6817fd692baf7307a5b36,2012-11-13,7050,Luis Óscar Herrera Barriga,7066,Rodrigo Vergara Montes,LECTOR_DOCUMENTO_REVISADO,,RPM-2012-11-13:T54,SIN_CONTINUIDAD_CONFIRMADA,,"Concluida la lectura de la opinión formulada por el señor Ministro de Hacienda y para efectos de proseguir con la Sesión, el Presidente señor Rodrigo Vergara da paso a la votación y, en primer lugar, ofrece la palabra al Consejero señor Joaquín Vial."
SOLO_METADATOS,5229,813aaf1b2e373d4f15f5cf54e76bbb357fac154d9f4d5c4e7bf3c8344ff750d7,2012-12-13,7068,Sergio Lehmann Beresi,7084,Sergio Lehmann Beresi,SUJETO_NOMBRE,,RPM-2012-12-13:T7,INICIO_EXPLICITO,,"El señor Sergio Lehmann corrobora que las tasas de interés no solo han estado bastante planas, sino que llama la atención que estas no hayan registrado variaciones tras el anuncio de compra de bonos por la Reserva Federal, lo que sería atribuible a que parte del impacto asociado ya habría sido incorporado. En todo caso, hace notar que la ¡ncertidumbre reinante se ha traducido en un aumento bastante marginal de los CDS de Estados Unidos de América, que superan en la actualidad a los de Alemania y del Reino Unido. Agrega que las medidas antedichas tuvieron cierto grado de sorpresa, ya que ese tipo de información no estaba incorporada en las proyecciones internas y que ellas estarían reflejando algunas señales distintas de las que se extraen de los indicadores conocidos hasta esta fecha, generando un impacto en los mercados y dando cuenta de una lectura más negativa en términos de actividad."
ESTRUCTURAL,5243,835ecd08589bbb49a7e3ecc0327d7de5930ef121840a299874aac3d5f197d555,2012-12-13,7083,Enrique Marshall Rivera,7099,Enrique Marshall Rivera,ROL+NOMBRE,,RPM-2012-12-13:T21,SIN_CONTINUIDAD_CONFIRMADA,ATRIBUCION_HEURISTICA_LEGADA,"El Consejero señor Enrique Marshall, si bien admite que los riesgos persisten, estima que las condiciones para Chile siguen siendo relativamente positivas por el predominio de tasas de interés bajas, por cuanto además Estados Unidos de América mantiene un cierto nivel de crecimiento y la economía China también continúa creciendo. Precisa que el crecimiento en Estados Unidos de América es del orden del 2%, lo que implica uno nominal del orden del 4% o 5%, lo que por sí solo conduce al desapalancamiento de esa economía. En otros términos, plantea que en la medida que las tasas de interés sean iguales a 0% y el ingreso nominal crezca al 5%, ello conducirá en un período no demasiado extenso a un desapalancamiento importante. Agrega que lo central será que ese país mantenga tasas de crecimiento nominal del orden de 4 o 5%."
ESTRUCTURAL,5243,835ecd08589bbb49a7e3ecc0327d7de5930ef121840a299874aac3d5f197d555,2012-12-13,7083,Enrique Marshall Rivera,7100,Rodrigo Vergara Montes,SUJETO_ROL_NOMBRE,,RPM-2012-12-13:T22,INICIO_EXPLICITO,,"No habiendo más consultas ni comentarios en lo concerniente al escenario internacional, el Presidente señor Rodrigo Vergara da paso a la exposición del escenario interno, a cargo del Gerente de Análisis Macroeconómico señor Claudio Soto."
SOLO_METADATOS,5282,f51212eae1f78fc3502d17b9c8427e564e10671b1e36e9550ab3f8fe985d737d,2013-01-17,7128,Sebastián Claro Edwards,7145,Sebastián Claro Edwards,SUJETO_ROL_NOMBRE,,RPM-2013-01-17:T16,INICIO_EXPLICITO,,"El Consejero señor Sebastián Claro alude a las declaraciones del Presidente del Banco Central Europeo Mario Draghi que apuntan a que lo peor de la crisis ya pasó. En su opinión, reflejan un exceso de optimismo temprano, porque las noticias de las últimas semanas dan cuenta de que los avances en términos de integración bancaria se han visto obstaculizados; que Alemania ha retrocedido en cuanto al rol que le cabía en los fondos de rescate para la capitalización de la banca; y los datos de empleo y crecimiento no solo se han deteriorado en Alemania, sino que son aún más negativos en España."
ESTRUCTURAL,5286,2945a9a880aa7af5712d3c0773d384454ef9e6211db29c5f66c21850b351f7fe,2013-01-17,7132,Sergio Lehmann Beresi,7149,Sergio Lehmann Beresi,SUJETO_ROL_NOMBRE,,RPM-2013-01-17:T20,INICIO_EXPLICITO,FINAL_SIN_PUNTUACION,"El Gerente de Análisis Internacional señor Sergio Lehmann, refiriéndose al planteamiento del Vicepresidente señor Manuel Marfán sobre la conveniencia de monitorear las medidas cambiarías adoptadas por otros países, hace presente que esa Gerencia distribuye diariamente un monitor cambiario, que no solo da cuenta de los movimientos de las paridades en términos diarios y acumulados, sino que también destaca las medidas /y adoptadas por otras economías, como posibles intervenciones cambiarías o de otra índole. i"
ESTRUCTURAL,5286,2945a9a880aa7af5712d3c0773d384454ef9e6211db29c5f66c21850b351f7fe,2013-01-17,7132,Sergio Lehmann Beresi,7150,Rodrigo Vergara Montes,CONTEXTO_REVISADO,,RPM-2013-01-17:T21,SIN_CONTINUIDAD_CONFIRMADA,,"No habiendo más consultas ni comentarios en lo concerniente al escenario internacional, el Presidente señor Rodrigo Vergara da paso a la exposición del escenario interno, a cargo del Gerente de Análisis Macroeconómico señor Claudio Soto."
SOLO_METADATOS,5303,7d8b646a30b0e76dadab0d59d1508c302d3d196adc1581416da3426ed382d4f2,2013-01-17,7151,Sebastián Claro Edwards,7169,Sebastián Claro Edwards,SUJETO_ROL_NOMBRE,,RPM-2013-01-17:T40,INICIO_EXPLICITO,,"El Consejero señor Sebastián Claro alude a la situación compleja que plantea el comportamiento de la inflación en los meses recientes. Al respecto, enfatiza que los últimos registros han profundizado la idea que la mantención de una inflación total de 2% y una inflación subyacente de 1% es difícil de entender. En su opinión, esta situación amerita un seguimiento continuo, de manera de establecer el carácter transitorio o permanente del fenómeno, evitando de paso plantear derechamente un cambio de escenario."
ESTRUCTURAL,5360,eab669191a29177eebc03a13070ca3f0ae2aa083ae09e3a4b8cc336cb1cb4c48,2013-02-14,7215,Luis Óscar Herrera Barriga,7233,Luis Óscar Herrera Barriga,SUJETO_ROL_NOMBRE,,RPM-2013-02-14:T33,INICIO_EXPLICITO,FINAL_SIN_PUNTUACION,"El Gerente de División Estudios señor Luis Óscar Herrera comparte las aprehensiones planteadas por varios Consejeros acerca de la importancia que reviste la incertidumbre generada por los temas políticos, razón por la cual se reforzará el seguimiento por parte de esa Gerencia a los diversos eventos mencionados en la presentación. En relación con la capacidad de afectar la inflación, alude a su participación, junto a la de Canadá, Nueva Zelandia, Australia, Israel, Noruega, en una reciente reunión en el BIS del grupo de economías pequeñas, abiertas y avanzadas, en que se concluyó que el patrón común es que todas ellas tienen inflaciones bajas, principalmente importada; que todas ellas estaban percibiendo los impactos de la presión cambiaría sobre sus monedas y tenían inflaciones transables muy bajas o negativas. Además, se advirtió un grado mayor de escepticismo acerca de la capacidad de la política monetaria para manejar efectivamente las expectativas inflacionarias y poder encauzar la inflación. Agrega que los referidos personeros no anticipan una pronta normalización de dicha política y manifestaron su preocupación por las dificultades derivadas de que ello se incorpore en las expectativas y se torne de carácter más permanente. En opinión del señor Luis Óscar Herrera, los riesgos asociados a ello serían la contraparte de los riesgos y vulnerabilidades que se derivan del déficit de cuenta corriente. En este sentido, indica que en la medida que este déficit sea amplio y esté financiado por flujos de capital, la economía chilena se verá expuesta a una situación más vulnerable, no así en la medida que dicho déficit se encuentre financiado con capital y recursos propios. B A N C O C E N T R A L D E C H I L E"
ESTRUCTURAL,5360,eab669191a29177eebc03a13070ca3f0ae2aa083ae09e3a4b8cc336cb1cb4c48,2013-02-14,7215,Luis Óscar Herrera Barriga,7234,Rodrigo Vergara Montes,CONTEXTO_REVISADO,,RPM-2013-02-14:T34,SIN_CONTINUIDAD_CONFIRMADA,,"No habiendo más consultas ni comentarios en lo concerniente al escenario internacional, el Presidente señor Rodrigo Vergara da paso a la exposición del escenario interno, a cargo del Gerente de Análisis Macroeconómico Subrogante señor Miguel Fuentes."
SOLO_METADATOS,5372,62389e3945431e40221154643910f65d7f5190bf3dd1fd11e0aca9195c64b7e8,2013-02-14,7228,Miguel Fuentes Díaz,7247,Miguel Fuentes Díaz,SUJETO_NOMBRE,,RPM-2013-02-14:T47,INICIO_EXPLICITO,,"El señor Miguel Fuentes corrobora la aseveración anterior, indicando que las ventas en el Gran Santiago en el año 2012 superaron a las ventas promedio en una cifra cercana a 20%. Hace presente que el aumento de las ventas ha tenido como correlato una caída en los stocks disponibles para la venta, así como también en el número de meses para agotarlos. Agrega que continúa el predominio de las ventas de viviendas no terminadas, sustentando la proyección de que el componente de edificación seguiría mostrando tasas de crecimiento positivas, aunque algo menores que las exhibidas a fines del año pasado."
ESTRUCTURAL,5412,0337a96b6d939ef65fb94bfe8112b1042487a54992e92d0306be6f79fca00aff,2013-03-14,7273,Sebastián Claro Edwards,7292,Sebastián Claro Edwards,SUJETO_ROL_NOMBRE,,RPM-2013-03-14:T11,INICIO_EXPLICITO,,"El Consejero señor Sebastián Claro alude al hecho que la bolsa de valores norteamericana alcanzó recientemente su máximo nivel desde el año 2007. En su opinión, es probable que ello esté asociado en parte a una percepción sobre la recuperación más fuerte de la actividad y mayores utilidades de las empresas, como también, a la existencia y perspectivas de mantención de tasas de interés muy bajas por un tiempo prolongado. Plantea que atendido este comportamiento bursátil y la evolución que han tenido las monedas, el precio del cobre y los metales, no sería descartable que en el corto plazo estos movimientos tan bruscos reflejen reacciones financieras. Agrega que en un contexto de fuerte volatilidad, en que pueden producirse cambios bruscos en las tasas de descuento en periodos relativamente cortos, llama la atención la estabilidad de las tasas largas en Chile, especialmente aquellas provenientes de instrumentos en pesos, y también la del tipo de cambio. A su juicio, constituye una señal de estabilidad económica, pero al mismo tiempo podría estar sujeta a cambios frente a una mayor percepción de riesgos."
ESTRUCTURAL,5412,0337a96b6d939ef65fb94bfe8112b1042487a54992e92d0306be6f79fca00aff,2013-03-14,7273,Sebastián Claro Edwards,7293,Enrique Marshall Rivera,CONTEXTO_REVISADO,,RPM-2013-03-14:T12,SIN_CONTINUIDAD_CONFIRMADA,,"En opinión del Consejero señor Enrique Marshall, el escenario internacional no ha variado fundamentalmente. No obstante, plantea la conveniencia de seguir con atención varios elementos que podrían dar cuenta de mejores perspectivas, entre ellos, un cierto grado de rebalanceo en el portafolio de los inversionistas hacia renta variable; el aumento en el margen de las tasas largas; la apreciación del dólar estadounidense; la caída del VIX; y los reducidos efectos de la situación política reciente de Italia."
SOLO_METADATOS,5417,0b110bda9616e8ae883f11941a200a9a2e9fa9dbf59505decb1561693a02c268,2013-03-14,7278;7279,Enrique Marshall Rivera;Rodrigo Vergara Montes,7298,Enrique Marshall Rivera,SUJETO_ROL_NOMBRE,,RPM-2013-03-14:T17,INICIO_EXPLICITO,,"El Consejero señor Enrique Marshall observa que la caída de los precios de los commodities constituye un fenómeno bastante generalizado. A su juicio, podría obedecer a los movimientos financieros aludidos precedentemente o, tal vez, al inicio de un proceso de normalización de la economía mundial en que estos precios tienden también a normalizarse."
SOLO_METADATOS,5417,0b110bda9616e8ae883f11941a200a9a2e9fa9dbf59505decb1561693a02c268,2013-03-14,7278;7279,Enrique Marshall Rivera;Rodrigo Vergara Montes,7299,Rodrigo Vergara Montes,CONTEXTO_REVISADO,,RPM-2013-03-14:T18,SIN_CONTINUIDAD_CONFIRMADA,,"No habiendo más consultas ni comentarios en lo concerniente al escenario internacional, el Presidente señor Rodrigo Vergara da paso a la exposición del escenario interno, a cargo del Gerente de Análisis Macroeconómico señor Claudio Soto."
SOLO_METADATOS,5435,34fa4a1097cadde33d7b21fa5e4e7b4656e839c6290806252253ca78494a9ed2,2013-03-14,7299;7300;7301,Kevin Cowan Logan;Rodrigo Vergara Montes;Consejo del Banco Central de Chile,7319,Kevin Cowan Logan,SUJETO_ROL_NOMBRE,,RPM-2013-03-14:T36,INICIO_EXPLICITO,,"El Gerente de División Política Financiera señor Kevin Cowan alude a los riesgos financieros, señalando que se dispone de instrumentos de primer nivel. En particular, indica que en el último Informe de Estabilidad Financiera se identificaron dos riesgos, el derivado de la banca mediana en el sector inmobiliario y el relativo a la flexibilidad cambiaría y las tasas de interés. En cuanto al primero, menciona que la Superintendencia de Bancos e Instituciones Financieras cuenta con herramientas específicas para abordar el riesgo inmobiliario, que se califican de primer nivel. En ese sentido, estima que es importante transmitir el análisis que se ha efectuado en el Comité de Estabilidad Financiera sobre la materia y que el avance de los planteamientos de esa Superintendencia sobre la forma de ir abordando estos riesgos constituye una medida que se puede calificar en ese nivel. En cuanto al tema de la flexibilidad cambiaría y las tasas de interés, plantea que resulta relativamente evidente que el interés por los activos chilenos y el consiguiente ingreso de capitales al país no es solo función de las tasas libres de riesgo externas. En su opinión, la discusión se centra actualmente en que más allá de los programas de Quantitative Easing y otras medidas, la perspectiva del retorno y riesgo sobre otros activos en las economías desarrolladas pueden tener efectos relevantes sobre la demanda de otros activos, tales como renta fija y renta variable. Por consiguiente, en la medida que la economía norteamericana se recupere, se podría advertir una menor demanda de no residentes por activos en Chile, lo cual debería tenerse presente en la oportunidad en que se definan las opciones de política, por cuanto hay ciertos márgenes que pueden abrirse conforme el escenario base siga mejorando. Por último, el señor Kevin Cowan manifiesta compartir la visión de que el escenario de riesgo sigue siendo muy complejo, porque la situación política financiera en Europa es de larga resolución. No obstante, estima que el escenario base ha mejorado en el margen y que, en ese contexto, se genera un espacio que debería ser objeto de análisis en el marco del próximo IPoM."
SOLO_METADATOS,5435,34fa4a1097cadde33d7b21fa5e4e7b4656e839c6290806252253ca78494a9ed2,2013-03-14,7299;7300;7301,Kevin Cowan Logan;Rodrigo Vergara Montes;Consejo del Banco Central de Chile,7320,Rodrigo Vergara Montes,SUJETO_ROL_NOMBRE,,RPM-2013-03-14:T37,INICIO_EXPLICITO,,"Al no formularse otros comentarios, siendo la 13:25 horas, el Presidente señor Rodrigo Vergara suspende la presente Reunión y deja constancia que ella se reiniciará a las 15:30 horas para tratar las opciones de política monetaria."
SOLO_METADATOS,5435,34fa4a1097cadde33d7b21fa5e4e7b4656e839c6290806252253ca78494a9ed2,2013-03-14,7299;7300;7301,Kevin Cowan Logan;Rodrigo Vergara Montes;Consejo del Banco Central de Chile,7321,Consejo del Banco Central de Chile,ACTA/META,META_SESION,RPM-2013-03-14:T38,INSTITUCIONAL,,"A las 15:30 horas, se reanuda la Reunión de Política Monetaria N° 196, incorporándose a esta Sesión el Ministro de Hacienda señor Felipe Larraín."
SOLO_METADATOS,5473,15f5f06e654f768e6d6b48df3c2806c2c8986e6b623515a0161ae927e53881bd,2013-04-11,7342,Sebastián Claro Edwards,7362,Sebastián Claro Edwards,SUJETO_ROL_NOMBRE,,RPM-2013-04-11:T20,INICIO_EXPLICITO,,"El Consejero señor Sebastián Claro alude en primer término a las dudas que han surgido sobre los datos referidos a las exportaciones chinas. En su opinión, ello se suma a algunas noticias no muy positivas que pasará a comentar. La primera de ellas se relaciona con la rebaja de la clasificación de la deuda externa del gobierno chino denominada en yuanes, que es reflejo del deterioro de la cartera de crédito de varios bancos e instituciones no bancarias de ese país Sobre el particular, hace presente que luego de la considerable expansión del crédito en el año 2009, la banca no ha reconocido las pérdidas que pudieron haberse derivado de ello, como ha ocurrido en ciclos anteriores, cuando no solo hubo reconocimientos de pérdidas muy cuantiosas, sino que también una importante capitalización de la banca. Agrega que ello ha generado gran volatilidad y que de hecho, las acciones de los bancos chinos han disminuido de valor, reflejando que la realidad económica y financiera de ese país no sería tan sólida y próspera. Destaca la relevancia de lo expresado, en razón de que la disminución de las importaciones de commodities y de sus precios podría reflejar que la verdadera actividad y demanda en China serían más débiles que lo que las cifras indican. En segundo lugar, se refiere a la caída significativa que exhibe la bolsa de valores chilena en lo que ha transcurrido del presente año, así como también de otras bolsas de economías emergentes, tales como China, India y Brasil. En su opinión, este aspecto debe ser analizado con mayor profundidad. Por último, hace notar que la volatilidad y apreciación del peso chileno en las últimas dos o tres semanas ha sido inferior a la que exhiben las monedas de países emergentes, por lo que sería importante efectuar su seguimiento."
SOLO_METADATOS,5522,aaa1fe7ce32241462341e79427388d1d0d4721d55c7010a029bed81fa4bf357d,2013-05-16,7398,Manuel Marfán Lewis,7418,Manuel Marfán Lewis,SUJETO_ROL_NOMBRE,,RPM-2013-05-16:T7,INICIO_EXPLICITO,,"El Vicepresidente señor Manuel Marfán alude al sorprendente crecimiento japonés, de 3,5% registrado en el primer trimestre del presente año, y consulta si ello es atribuible a las denominadas Abenomics, esto es, los estímulos monetarios y fiscales introducidos por el gobierno del Primer Ministro Shinzo Abe y el Banco de Japón."
ESTRUCTURAL,5534,3c8226a91c676ea7c6798e8e7e76f289534e462537b7e7eb84822bcc215fcd8f,2013-05-16,7410,Sergio Lehmann Beresi,7430,Sergio Lehmann Beresi,SUJETO_NOMBRE,,RPM-2013-05-16:T18,INICIO_EXPLICITO,,El señor Sergio Lehmann señala que se procederá a revisar el texto de los comunicados emitidos por el Banco de la Reserva de Australia y el Banco de Israel.
ESTRUCTURAL,5534,3c8226a91c676ea7c6798e8e7e76f289534e462537b7e7eb84822bcc215fcd8f,2013-05-16,7410,Sergio Lehmann Beresi,7431,Rodrigo Vergara Montes,SUJETO_ROL_NOMBRE,,RPM-2013-05-16:T19,INICIO_EXPLICITO,,"No habiendo más consultas ni comentarios en lo concerniente al escenario internacional, el Presidente señor Rodrigo Vergara da paso a la exposición del escenario interno, a cargo del Gerente de Análisis Macroeconómico señor Claudio Soto."
ESTRUCTURAL,5589,60c0b62019e1388f2d4b00c17632d0e793624aec252a94e92aba919f8c6f0503,2013-06-13,7472,Luis Óscar Herrera Barriga,7493,Luis Óscar Herrera Barriga,SUJETO_ROL_NOMBRE,,RPM-2013-06-13:T24,INICIO_EXPLICITO,,"El Gerente de División Estudios señor Luis Óscar Herrera expresa su concordancia con los puntos planteados en las intervenciones anteriores. En efecto, se observa un escenario menos favorable para Chile, pero más normal en términos de su tendencia histórica, con menor crecimiento de nuestros socios comerciales y de términos de intercambio, como asimismo, un financiamiento externo algo más oneroso. Hace notar que aún no se advierten los mecanismos de amortiguación y las reacciones que genera este nuevo escenario. Por una parte, concuerda en que algunos de sus efectos pueden ser de carácter transitorio o constituir una sobrerreacción; y, por otra, que inciden de diversa forma en las distintas economías. A título ejemplar, plantea que aquellas economías emergentes que tienen escasa capacidad para reaccionar, como es el caso de Brasil e Indonesia, probablemente tendrán también poco espacio para amortiguar dichos efectos. El señor Luis Óscar Herrera estima que lo más sobresaliente desde la Reunión de Política Monetaria anterior es la posición agresiva que ha adoptado el mercado frente a la posible anticipación del retiro del estímulo monetario por parte de la Reserva Federal. A su juicio, dicho proceso será bastante gradual, ya que en el evento que se exacerben los efectos financieros que se derivan de ello, se generarían consecuencias en las decisiones que pueda adoptar dicho Organismo. Por lo tanto, habrá que esperar algunas señales en su próxima reunión o en intervenciones de sus personeros que puedan modificar la percepción acerca de un ajuste inminente y brusco de las condiciones. En su opinión, esta situación aparece algo más débil o contiene elementos de carácter transitorio frente a lo que han sido los ajustes de las economías emergentes y los términos de intercambio."
ESTRUCTURAL,5589,60c0b62019e1388f2d4b00c17632d0e793624aec252a94e92aba919f8c6f0503,2013-06-13,7472,Luis Óscar Herrera Barriga,7494,Rodrigo Vergara Montes,SUJETO_ROL_NOMBRE,,RPM-2013-06-13:T25,INICIO_EXPLICITO,,"No habiendo más consultas ni comentarios en lo concerniente al escenario internacional, el Presidente señor Rodrigo Vergara da paso a la exposición del escenario interno, a cargo del Gerente de Análisis Macroeconómico señor Claudio Soto."
SOLO_METADATOS,5605,5cbad232ea7177bc6234a5d8763d10d7c250f1110660dceb160ffa08275ddfc1,2013-06-13,7488,Matías Bernier Bórquez,7510,Matías Bernier Bórquez,SUJETO_ROL_NOMBRE,,RPM-2013-06-13:T40,INICIO_EXPLICITO,,"El Gerente de Mercados Nacionales señor Matías Bernier alude a una desviación que se produciría en el mes de junio y otra más relevante en el mes de septiembre, cercana a tres puntos base, ya que mientras el Banco proyecta para dicho mes una inflación de 0,8% mes a mes, el mercado la estima en 0,48%. / ."
SOLO_METADATOS,5657,442a21b5b9a451e0ee0b7e557a899e50f85fb565383818ffadda80336606f7ae,2013-07-11,7546,Enrique Marshall Rivera,7568,Enrique Marshall Rivera,SUJETO_ROL_NOMBRE,,RPM-2013-07-11:T24,INICIO_EXPLICITO,,"El Consejero señor Enrique Marshall alude a las medidas que ha comenzado a adoptar Perú para fines de frenar la depreciación de su moneda y que se relacionan con la dolarízación de su economía, lo que influye en que sus políticas sean menos flexibles que las que aplica el Banco, que han permitido que en Chile se haya podido sobrellevar sin grandes problemas una depreciación de su moneda."
ESTRUCTURAL,5662,f7a4494a7003b286eddde25741da674b84b44dee4031bf3557c3ad9a862613a1,2013-07-11,7551,Joaquín Vial Ruiz-Tagle,7573,Joaquín Vial Ruiz-Tagle,SUJETO_ROL_NOMBRE,,RPM-2013-07-11:T29,INICIO_EXPLICITO,,"El Consejero señor Joaquín Vial manifiesta que, en su opinión, la situación actual no resulta comparable con la expuesta precedentemente y que en todo caso, el credit crunch se produce principalmente con el crédito bancario, y que su efecto podría traducirse en un encarecimiento del costo de fondos para los bancos chilenos. Tratándose del mercado de bonos, en tanto, la alternativa sería la emisión de estos títulos en el mercado interno."
ESTRUCTURAL,5662,f7a4494a7003b286eddde25741da674b84b44dee4031bf3557c3ad9a862613a1,2013-07-11,7551,Joaquín Vial Ruiz-Tagle,7574,Rodrigo Vergara Montes,SUJETO_ROL_NOMBRE,,RPM-2013-07-11:T30,INICIO_EXPLICITO,,"No habiendo más consultas ni comentarios en lo concerniente al escenario internacional, el Presidente señor Rodrigo Vergara da paso a la exposición del escenario interno, a cargo del Gerente de Análisis Macroeconómico señor Claudio Soto."
ESTRUCTURAL,5717,d3747a05c28d3c716a683ed72e7676f2cf2dc16d243d0a9f57e54013609ea517,2013-08-13,7611,Claudio Soto Gamboa,7634,Claudio Soto Gamboa,SUJETO_ROL_NOMBRE,,RPM-2013-08-13:T18,INICIO_EXPLICITO,,"El Gerente de Análisis Macroeconómico señor Claudio Soto expresa que las exportaciones de Chile a Estados Unidos de América han crecido entre 20% y 30%, en términos reales, en los últimos meses. Precisa que la mayor parte de ellas corresponden a productos mineros y que los envíos de fruta también exhiben un repunte. Agrega que las exportaciones hacia China registraron tasas de crecimiento negativas unos meses atrás, pero que a partir del mes de abril presentan tasas de crecimiento del orden de 25%. Por último, destaca que se observa una clara reactivación en este sector y de hecho, señala que las exportaciones agrícolas a Estados Unidos de América, que anotaron tasas de crecimiento de 30% a fines del año pasado y comienzos del presente año, muestran una tasa de crecimiento promedio de 20%, aproximadamente, en los últimos tres meses, dando cuenta de un cambio ostensible de tendencia."
ESTRUCTURAL,5717,d3747a05c28d3c716a683ed72e7676f2cf2dc16d243d0a9f57e54013609ea517,2013-08-13,7611,Claudio Soto Gamboa,7635,Rodrigo Vergara Montes,SUJETO_ROL_NOMBRE,,RPM-2013-08-13:T19,INICIO_EXPLICITO,,"No habiendo más consultas ni comentarios en lo concerniente al escenario internacional, el Presidente señor Rodrigo Vergara da paso a la exposición del escenario interno, a cargo del Gerente de Análisis Macroeconómico señor Claudio Soto."
ESTRUCTURAL,5717,d3747a05c28d3c716a683ed72e7676f2cf2dc16d243d0a9f57e54013609ea517,2013-08-13,7611,Claudio Soto Gamboa,7636,Claudio Soto Gamboa,SUJETO_ROL_NOMBRE,,RPM-2013-08-13:T20,INICIO_EXPLICITO,,"El Gerente de Análisis Macroeconómico señor Claudio Soto inicia su presentación refiriéndose a los hechos destacados del escenario interno. Al respecto, indica que los datos de Cuentas Nacionales han revisado al alza el PIB y la demanda interna del primer trimestre, como también el consumo privado correspondiente al segundo trimestre. Agrega que si bien la sorpresa al alza en el consumo tendría un componente transitorio, se espera un mayor dinamismo para esta variable en el tercer trimestre del presente año. Por otra parte, menciona que las expectativas de consumidores y empresas han vuelto a retroceder, ubicándose estas últimas en terreno pesimista. Asimismo, los salarios han moderado su ritmo de expansión en un contexto en que el mercado laboral se mantiene estrecho. La inflación ha evolucionado de acuerdo con lo anticipado y se espera que al cierre del año ascienda a 2,6%, con leves revisiones al alza en el caso de combustibles y a la baja tratándose de componentes subyacentes y alimentos. A título de último hecho destacado del mes, expresa que la curva forward se ajusta a la baja desde la última Reunión y las encuestas siguen señalando que la Tasa de Política Monetaria debería bajar en los próximos meses. Sin embargo, para esta Reunión, el mercado espera que dicha tasa se mantenga en 5% anual, pero, a diferencia de Reuniones anteriores, no en forma unánime. En materia de actividad, da cuenta de la evolución reciente y las proyecciones. En este sentido, reitera lo referente a la revisión al alza del PIB correspondiente al primer trimestre, desde el 4,1% contemplado en el último IPoM a un 4,5%, explicada principalmente por el componente Resto, el que ha sido corregido al alza desde 3,3% a 3,9% por el comportamiento de la parte agrícola del PIB. Hace presente que el PIB del segundo trimestre se ha revisado a la baja en relación con lo consignado en el citado IPoM, por concepto de un menor dinamismo de la parte de recursos naturales. La demanda interna del primer trimestre ha sido revisada al alza, porque la corrección sobre el incremento del PIB en ese periodo se distribuye entre la mayor demanda final, el consumo y la demanda interna. Por su parte, la demanda interna del segundo trimestre se ha corregido a la baja respecto del IPoM del mes de junio y al alza desde la Reunión anterior, agregando que en lo concerniente al mes de julio aumenta desde un 6,3% a un 7,1%, lo que obedece fundamentalmente a lo ocurrido con el componente del consumo privado, desde un 6% a 7% en el último mes, explicado principalmente por la parte no durable. Sobre este aspecto, indica que, basados en información de Cuentas Nacionales, la sorpresa al alza de la parte de bienes no durables respondería a un componente transitorio asociado a la mayor producción agrícola que se trasladó a consumo, pero también a una componente de carácter levemente más persistente relacionado con la parte servicios que se corrige en esa dirección."
ESTRUCTURAL,5742,1e5c93a1f5085b5362cf4a20556e8f5888e5f33596984e2ccb1dd21ef0f80f8e,2013-08-13,7642,Luis Óscar Herrera Barriga,7667,Luis Óscar Herrera Barriga,SUJETO_ROL_NOMBRE,,RPM-2013-08-13:T49,CONTINUIDAD_EXPLICITA,,"El Gerente de División Estudios señor Luis Óscar Herrera concluye su presentación manifestando que el conjunto de consideraciones expuestas llevan a recomendar la opción de mantener la TPM en 5% anual en esta oportunidad, junto con continuar con el sesgo a la baja que se introdujo en el Comunicado de la Reunión anterior. Asimismo, esta recomendación coincide con la expectativa de consenso en el mercado para esta Reunión, por lo que no tendría mayores efectos sobre la curva de tasas de interés."
ESTRUCTURAL,5742,1e5c93a1f5085b5362cf4a20556e8f5888e5f33596984e2ccb1dd21ef0f80f8e,2013-08-13,7642,Luis Óscar Herrera Barriga,7668,Rodrigo Vergara Montes,LECTOR_DOCUMENTO_REVISADO,,RPM-2013-08-13:T50,SIN_CONTINUIDAD_CONFIRMADA,,"Al proseguir con la Sesión, el señor Presidente informa que el Ministro de Hacienda señor Felipe Larraín, por intermedio de su Asesor señor Rodrigo Cerda, le ha entregado su planteamiento por escrito, atendido que no podrá asistir a esta Sesión por razones propias de su cargo, por lo que procederá a darle lectura, de manera que quede inserto en el Acta respectiva:"
ESTRUCTURAL,5742,1e5c93a1f5085b5362cf4a20556e8f5888e5f33596984e2ccb1dd21ef0f80f8e,2013-08-13,7642,Luis Óscar Herrera Barriga,7669,Felipe Larraín Bascuñán,DOCUMENTO_ESCRITO_REVISADO,OPINION_ESCRITA,RPM-2013-08-13:T51,DOCUMENTO_PERSONAL,TEXTO_ESCRITO_LEIDO_POR_TERCERO,"“Aunque con relativa calma en los mercados financieros, el escenario económico internacional sigue mostrando un panorama incierto, con fluctuaciones relevantes en los precios de commodities, provocando mayor volatilidad en las economías exportadoras de estos productos. La Zona Euro continúa exhibiendo elevadas tasas de desempleo, en particular, en economías como Grecia, España y Portugal. Sin embargo, el dato de producción industrial de junio mostró un crecimiento de 0,3% anual, lo que implica el primer incremento anual desde octubre de 2011. En Estados Unidos de América, los datos de crecimiento trimestral del segundo cuarto del año mostraron una mejoría respecto al trimestre previo. En Japón, el crecimiento del segundo trimestre estuvo por debajo de las expectativas y se continúa ejecutando el programa que busca duplicar la base monetaria hacia fines de 2014 con el fin de estimular la actividad económica. En China, los síntomas de desaceleración se mantienen, con una tasa de crecimiento anual en el segundo trimestre de solo 7,5%, tras crecer 7,7% en el trimestre previo. Además, las exportaciones continúan creciendo a tasas debilitadas. Por su parte, la inflación en julio se mantuvo en 2,7% anual, igual que el mes previo. En este contexto, en los últimos meses, el Banco Central Europeo y países como México, Colombia, Hungría, Israel, Polonia, Rumania, Australia, Corea, India y Tailandia han actuado con previsión rebajando sus tasas de política monetaria, mientras que Estados Unidos de América y Japón continúan con sus tasas rectoras en niveles mínimos. En el ámbito interno, las cifras confirman un escenario de desaceleración. La actividad económica creció solo 4,1% durante el primer semestre, resultado bastante menor al 5,6% de 2012. El débil desempeño de la economía ha afectado las expectativas de crecimiento de los agentes. De acuerdo a la última Encuesta de Expectativas Económicas del Banco Central de Chile, se espera un crecimiento para 2013 de 4,3%, tras el 4,4% de la encuesta de julio y el 4,6% esperado en junio. El consumo sigue creciendo, sostenido por la creación de empleo y el aumento de los salarios reales. Sin embargo, en junio, el crecimiento de las remuneraciones reales se desaceleró en forma importante, al igual que indicadores como las ventas del comercio minorista. Y a julio, las colocaciones bancarias —fundamentalmente las de los créditos comerciales y de consumo—, se mantienen creciendo a tasas menores que las del primer trimestre de este año y mucho más bajas que las observadas a mediados de 2012. Si a esto se le suma una disminución en las expectativas económicas de los consumidores y empresariales, nos encontramos frente a un escenario que sugiere cierta desaceleración en el consumo privado. Los síntomas de una desaceleración de la inversión se siguen manifestando. De acuerdo al último Catastro de la Corporación de Bienes de Capital, la inversión proyectada en 2013 bajó a US$20.278 millones desde US$20.361 millones del catastro anterior. El IMACON se ha desacelerado drásticamente durante la primera mitad de 2013, pasando desde un crecimiento promedio de 10,6% en 2012 a una tasa de 4,8% el primer semestre de este año. Adicionalmente, la Inversión Extranjera Directa en Chile acumulada en doce meses registró una nueva caída en junio, pasando a US$25.809 millones desde US$27.619 millones en mayo, lo que significa una tasa de crecimiento anual de -11,4%, tras el 5,7% de mayo y el 50,1% de marzo, cuando se registró un record de IED en Chile de US$34.181 millones. La inflación registró una variación mensual de 0,3% en julio, llegando a un nivel de 2,2% en doce meses. La inflación subyacente también se mantiene acotada, ya que el IPCX y el IPCX1 se encuentran en niveles de 1,3% y 1,8%, respectivamente, lo que refleja que hay una contención generalizada de precios. Las expectativas de inflación apuntan a que este indicador se ubicaría en 2,5% a fines de 2013 y anclado en 3% hacia fines de 2014 de acuerdo a la última Encuesta de Expectativas Económicas del Banco Central de Chile. Por lo tanto, los datos nos muestran que la desaceleración económica continúa. Además, el mercado tiene internalizada una rebaja de la tasa de política monetaria en el corto plazo y, en este sentido, en la última Encuesta de Expectativas Económicas se espera que esta baje 25 puntos base el próximo mes y que lo siga haciendo dentro de los próximos meses. Considerando los rezagos con que opera la política monetaria, se sugiere comenzar lo antes posible un nuevo ciclo de reducción de la tasa rectora. Los riesgos que apuntan a un menor dinamismo se han intensificado, mientras que la inflación se mantiene en la parte baja del rango de tolerancia. Con este movimiento se contribuiría además a mantener un tipo de cambio competitivo, incentivando al sector exportador y permitiendo contrarrestar los efectos de una menor demanda agregada.”"
ESTRUCTURAL,5742,1e5c93a1f5085b5362cf4a20556e8f5888e5f33596984e2ccb1dd21ef0f80f8e,2013-08-13,7642,Luis Óscar Herrera Barriga,7670,Rodrigo Vergara Montes,LECTOR_DOCUMENTO_REVISADO,,RPM-2013-08-13:T52,SIN_CONTINUIDAD_CONFIRMADA,,"Concluida la lectura del planteamiento formulado por el señor Ministro de Hacienda y conforme al orden de esta Sesión, el Presidente señor Rodrigo Vergara da paso al proceso de votación de las opciones planteadas por la Gerencia de División Estudios y, en primer término, ofrece la palabra al Consejero señor Joaquín Vial."
SOLO_METADATOS,5769,824b323a4b036716b3422c02cb7354d92616a0fbf5eb4d60d9a770f24191114c,2013-09-12,7671,Luis Óscar Herrera Barriga,7699,Luis Óscar Herrera Barriga,SUJETO_NOMBRE,,RPM-2013-09-12:T14,INICIO_EXPLICITO,,"El señor Luis Óscar Herrera corrobora que los datos de México han sorprendido, y sobre el particular, indica que durante el primer trimestre esa economía resultó muy atractiva por los cambios políticos ocurridos en dicho país, lo que generó significativos ingresos de capitales y una consiguiente reacción de orden cambiario. Agrega que los datos más recientes dan cuenta de un menor crecimiento de esa economía, lo que es coincidente con un mal desempeño del sector manufacturero de Estados Unidos de América más vinculado con México en el primer semestre. En todo caso, plantea que las expectativas han comenzado a repuntar, lo que debiera traducirse en una recuperación de la actividad de ese país."
ESTRUCTURAL,5777,072aa09aa9f4250ac9bcdf96a82ae82e6ccfbf629179a962885d4f289270f10d,2013-09-12,7681,Sergio Lehmann Beresi,7709,Sergio Lehmann Beresi,SUJETO_ROL_NOMBRE,,RPM-2013-09-12:T24,INICIO_EXPLICITO,,"El Gerente de Análisis Internacional señor Sergio Lehmann hace presente que en esta ocasión no se incorporaron los gráficos relativos a los flujos de capitales, porque la información disponible presenta un rezago de entre una y dos semanas. En todo caso, confirma lo señalado por el señor Kevin Cowan en cuanto a que los movimientos hasta esa fecha daban cuenta de una salida importante de capitales en todas las regiones, siendo probable que en lo más reciente se haya producido un ingreso de capitales a las economías desarrolladas, ya que los indicadores financieros así lo sugieren. En lo atinente al precio del petróleo, expresa que Arabia Saudita ha manifestado su disposición a colocar el petróleo que sea necesario para efectos de suplir una eventual menor producción de Libia y de otros países del Medio Oriente, lo cual aseguraría el abastecimiento de dicho mercado."
ESTRUCTURAL,5777,072aa09aa9f4250ac9bcdf96a82ae82e6ccfbf629179a962885d4f289270f10d,2013-09-12,7681,Sergio Lehmann Beresi,7710,Rodrigo Vergara Montes,SUJETO_ROL_NOMBRE,,RPM-2013-09-12:T25,INICIO_EXPLICITO,,"No habiendo más consultas ni comentarios en lo concerniente al escenario internacional, el Presidente señor Rodrigo Vergara da paso a la exposición del escenario interno, a cargo del Gerente de Análisis Macroeconómico señor Claudio Soto."
SOLO_METADATOS,5794,71adddbc01e42d834ef075005208bbfe315e079eb8bfb28d8028bf2bc25fd90a,2013-09-12,7698,Manuel Marfán Lewis,7727,Manuel Marfán Lewis,SUJETO_ROL_NOMBRE,,RPM-2013-09-12:T42,INICIO_EXPLICITO,,"El Vicepresidente señor Manuel Marfán alude a la publicación que efectuó el Banco de un ranking del nivel de costos de la electricidad en Chile en relación con otros países, que causó gran impacto. A su juicio, se debe efectuar un análisis que tenga algún objetivo de orden comunicacional."
ESTRUCTURAL,5802,3cd9b09efad5a979c8de088ac80964335d66fe6cd83cb92874b49082feac2e2e,2013-09-12,7708,Luis Óscar Herrera Barriga,7737,Luis Óscar Herrera Barriga,SUJETO_ROL_NOMBRE,,RPM-2013-09-12:T50,CONTINUIDAD_EXPLICITA,,"El Gerente de División Estudios señor Luis Óscar Herrera concluye su presentación manifestando que el conjunto de consideraciones expuestas llevan a recomendar la opción de mantener la TPM en 5% anual en esta oportunidad, junto con continuar con el sesgo a la baja que se introdujo en el Comunicado de la Reunión anterior. Agrega que esta recomendación coincide con la expectativa de consenso o mayoritaria en el mercado para esta Reunión, por lo que no tendría mayores efectos sobre la curva de tasas de interés ni en otros precios financieros."
ESTRUCTURAL,5802,3cd9b09efad5a979c8de088ac80964335d66fe6cd83cb92874b49082feac2e2e,2013-09-12,7708,Luis Óscar Herrera Barriga,7738,Rodrigo Vergara Montes,LECTOR_DOCUMENTO_REVISADO,,RPM-2013-09-12:T51,SIN_CONTINUIDAD_CONFIRMADA,FINAL_SIN_PUNTUACION,"Al proseguir con la Sesión, el señor Presidente informa que el Ministro de Hacienda señor Felipe Larraín, por intermedio de su Asesor señor Rodrigo Cerda, le ha entregado su planteamiento por escrito, atendido que no podrá asistir a esta Sesión por razones propias de su cargo, de manera que procederá a darle lectura, con el objeto que quede inserto en el Acta de esta Sesión: ( ■"
ESTRUCTURAL,5802,3cd9b09efad5a979c8de088ac80964335d66fe6cd83cb92874b49082feac2e2e,2013-09-12,7708,Luis Óscar Herrera Barriga,7739,Felipe Larraín Bascuñán,DOCUMENTO_ESCRITO_REVISADO,OPINION_ESCRITA,RPM-2013-09-12:T52,DOCUMENTO_PERSONAL,TEXTO_ESCRITO_LEIDO_POR_TERCERO,"“El escenario económico internacional sigue mostrando un panorama incierto, con fluctuaciones relevantes en los mercados financieros y los precios de commodities, generando volatilidad en las economías exportadoras de estos productos. La Zona Euro mostró durante el segundo cuarto de este año el primer incremento trimestral positivo del PIB tras seis trimestres de caídas consecutivas. Estados Unidos de América lidera la recuperación del mundo desarrollado, con un crecimiento trimestral anualizado y desestacionalizado de 2,5% durante el segundo trimestre, tras una expansión de 1,1% el primero. En Japón, se revisó fuertemente al alza el crecimiento del segundo trimestre, desde 2,6% trimestral anualizado y desestacionalizado, a 3,8%. Pese a estas noticias auspiciosas, la situación de las economías desarrolladas sigue enmarcada dentro de un contexto de débil crecimiento. China ha mostrado síntomas de desaceleración en el último tiempo, con una tasa de crecimiento anual en el segundo trimestre de solo 7,5%, tras crecer 7,7% el trimestre previo. Sin embargo, la producción industrial del mes de agosto registró una aceleración, logrando un incremento de 10,4% anual, el mayor aumento en 17 meses. Las exportaciones también se aceleraron en ese mes respecto a los meses previos. Este rebalanceamiento del crecimiento mundial ha llevado a cambios en la dirección de los flujos de capitales, que han comenzado a retirarse de las economías emergentes. En el ámbito interno, las cifras siguen mostrando un escenario de desaceleración. La actividad económica creció solo 4,3% durante el primer semestre, resultado menor al 5,6% de 2012 y aunque en julio la economía mostró un crecimiento de 5,3%, el resultado estuvo por debajo de las expectativas del mercado. Este desempeño de la economía ha afectado paulatinamente las expectativas de crecimiento de los agentes. De acuerdo a la última Encuesta de Expectativas Económicas del Banco Central de Chile, se espera un crecimiento para 2013 de 4,3%, menor al 4,4% de la encuesta de julio y al 4,6% esperado en junio pasado El consumo sigue creciendo, sostenido por la robustez del mercado laboral. Sin embargo, las remuneraciones reales se están desacelerando en forma importante y las expectativas de los consumidores se han deteriorado. Las remuneraciones reales en julio crecieron 2,9% anual, tras un incremento de 3,8% en junio y 5% en mayo. El IPEC de agosto se ubicó en 50,4 puntos, apenas sobrepasando la zona de optimismo, en circunstancias que solo en abril de este año estaba en 59,2 y el componente de percepción de la situación personal actual de ese mismo periodo ha caído desde 53,2 a 42,9. Los síntomas de una desaceleración de la inversión se manifiestan con fuerza. Las importaciones de bienes de capital crecieron 0,2% en agosto, tras crecer 18,2% en julio. El IMACON se ha desacelerado durante la primera mitad de 2013, pasando desde un crecimiento promedio de 10,6% en 2012 a una tasa de 4,9% en los primeros siete meses de este año, lo que revela que ambos componentes de la inversión en capital fijo siguen mostrando síntomas de desaceleración. Adicionalmente, la Inversión Extranjera Directa en Chile acumulada en doce meses se ha reducido en términos interanuales. En julio, esta cifra alcanzó los US$26.576 millones, menor a los US$29.389 millones de julio de 2012, y también inferior a la cifra de marzo, cuando se registró un record de Inversión Extranjera Directa en Chile de US$33.540 millones. La inflación registró una variación mensual de 0,2% en agosto y de 2,2% en doce meses. En el resultado del mes agosto destacó el aumento en el precio de la gasolina, que tuvo la mayor incidencia en ese período. Además, es necesario destacar que la inflación de no transables fue de -0,1% mensual, por lo que el aumento del IPC en agosto se explica por la inflación de 0,5% en el componente de transables. / ' La inflación subyacente también se mantiene acotada, ya que el IPCX y el IPCX1 se encuentran en niveles de 1,6% y 2%, respectivamente, lo que refleja que hay una contención generalizada de precios. Las expectativas de inflación apuntan a que este indicador se ubicaría en 2,5% a fines de 2013 y anclado en 3% hacia fines de 2014 de acuerdo a la última Encuesta de Expectativas Económicas del Banco Central de Chile. Los datos nos muestran que la desaceleración económica sigue su curso en un contexto de inflación bajo control. El mercado tiene internalizada una rebaja de la tasa de política monetaria en el corto plazo, como se colige de la última Encuesta de Expectativas Económicas en que se espera que esta baje 25 puntos base hacia diciembre de 2013 y que tenga un segundo recorte de 25 puntos base a comienzos de 2014. Considerando los rezagos con que opera la política monetaria, se sugiere comenzar un nuevo ciclo de reducción de la tasa rectora. La inflación permanece en la parte baja del rango de tolerancia y con este movimiento se contribuiría además a mantener un tipo de cambio competitivo, incentivando al sector exportador y permitiendo contrarrestar los efectos de una menor demanda interna.”"
ESTRUCTURAL,5802,3cd9b09efad5a979c8de088ac80964335d66fe6cd83cb92874b49082feac2e2e,2013-09-12,7708,Luis Óscar Herrera Barriga,7740,Rodrigo Vergara Montes,LECTOR_DOCUMENTO_REVISADO,,RPM-2013-09-12:T53,SIN_CONTINUIDAD_CONFIRMADA,,"Concluida la lectura del planteamiento formulado por el señor Ministro de Hacienda y conforme al orden de esta Sesión, el Presidente señor Rodrigo Vergara da paso al proceso de votación de las opciones planteadas por la Gerencia de División Estudios y, en primer término, ofrece la palabra al Consejero señor Joaquín Vial."
SOLO_METADATOS,5822,6ae328fb600ab8ecadaf0873540047ef0f51da4f3045c9423480212acf58f19b,2013-10-17,7730,Joaquín Vial Ruiz-Tagle,7762,Joaquín Vial Ruiz-Tagle,SUJETO_ROL_NOMBRE,,RPM-2013-10-17:T10,INICIO_EXPLICITO,,"El Consejero señor Joaquín Vial alude a los problemas fiscales que ha enfrentado Estados Unidos de América en los últimos días, cuya solución ha sido de carácter transitorio. En su opinión, el calendario de fechas claves para la política fiscal y monetaria sugiere que se generará gran incertidumbre hasta el mes de febrero próximo, a menos que dichos problemas sean resueltos antes del vencimiento de los plazos fijados en cada caso. En lo relativo a los mercados financieros, en tanto, le sorprende la depreciación del dólar estadounidense frente a las principales monedas del mundo. En razón de lo anterior, estima que sería útil aventurar un juicio prospectivo acerca de los efectos de estos últimos sucesos en materia fiscal. Por otra parte, plantea que el alza de las tasas de interés de largo plazo de Estados Unidos de América y en el resto del mundo se detuvo en un punto más alto que los niveles observados a fines del año pasado, sugiriendo algún grado de sobreajuste que se suprimiría una vez que se anuncie la fecha en que podría comenzar el retiro del programa de estímulo cuantitativo. En lo referente a China, si bien los indicadores de inflación aún se ubican en niveles razonables, se están ajustando al alza con bastante rapidez, lo que a su juicio constituye un tema que debe tenerse presente. Por último, comenta que los personeros venezolanos con quienes se reunió recientemente estiman que los problemas en ese país podrían transformarse en una crisis en corto plazo."
ESTRUCTURAL,5827,23b1e4434fe9f6673ff191029c75f10abef24f184f297e2b9b6ecb682262164d,2013-10-17,7735,Luis Óscar Herrera Barriga,7767,Luis Óscar Herrera Barriga,SUJETO_ROL_NOMBRE,,RPM-2013-10-17:T15,INICIO_EXPLICITO,,"El Gerente de División Estudios señor Luis Óscar Herrera alude a las perspectivas en materia de tasas de interés en Estados Unidos de América. Sobre el particular, índica que en la reciente Reunión Anual organizada por el FMI y el Banco Mundial, representantes de la FED insistieron en que el alza de tasas será gradual y muy condicionada a los datos que se vayan conociendo en materia de empleo y, en especial, en términos de la participación laboral y creación de empleo. Señala que un tema distinto es el de orden financiero y en este aspecto, señala que la FED otorga gran importancia al hecho de respaldar las proyecciones del Federal Open Market Committee, FOMC, en materia de tasas de interés con la trayectoria que se observa en el mercado, y de dar señales que contribuyan a corregir cualquier eventual desalineamiento que se produzca entre ambas. En opinión del señor Luis Óscar Herrera, el motivo de mayor preocupación lo constituye el tema fiscal en Estados Unidos de América, porque su solución sería mucho más compleja que lo previsto. De hecho, resalta que el acuerdo logrado recientemente solo soluciona dichos problemas en el corto plazo, lo que se traduce en una fuente de preocupación especialmente para inversionistas, tales como los bancos centrales, en cuanto a sus decisiones de continuar adquiriendo bonos del Tesoro a la misma tasa de interés, atendido que se ha postergado la solución de los referidos temas fiscales con la incertidumbre que ello genera. Enfatiza que este factor concita mayor preocupación y tiene implicancias distintas a que la FED adquiera o deje de comprar instrumentos, porque al mismo tiempo pueden subir las tasas de interés y depreciarse el dólar estadounidense, en vez de apreciarse, por lo que estos desarrollos seguirán siendo objeto de seguimiento."
ESTRUCTURAL,5827,23b1e4434fe9f6673ff191029c75f10abef24f184f297e2b9b6ecb682262164d,2013-10-17,7735,Luis Óscar Herrera Barriga,7768,Rodrigo Vergara Montes,SUJETO_ROL_NOMBRE,,RPM-2013-10-17:T16,INICIO_EXPLICITO,,"No habiendo más consultas ni comentarios en lo concerniente al escenario internacional, el Presidente señor Rodrigo Vergara da paso a la exposición del escenario interno, a cargo del Gerente de Análisis Macroeconómico señor Claudio Soto."
ESTRUCTURAL,5870,3f7449ec86d2ce9bd2b12371354ce21b5864b0261d1a890082443bccbdcf290c,2013-11-19,7782,Sergio Lehmann Beresi,7815,Sergio Lehmann Beresi,SUJETO_NOMBRE,,RPM-2013-11-19:T13,INICIO_EXPLICITO,,"El señor Sergio Lehmann informa que para efectos del cálculo del precio de la gasolina, se introduce como insumo la trayectoria que se deriva de los precios futuros, los que incorporan la estacionalidad a la que hacía mención el señor Rodrigo Cerda. Sin perjuicio de ello, hace notar que siempre existe el riesgo de que el precio sea algo menor, como resultado de aumentos significativos en la oferta de petróleo y de la capacidad de refinación en Estados Unidos de América y, en este sentido, consigna que ello forma parte de los escenarios de riesgo que se están evaluando para efectos del próximo IPoM. Por último, indica que la trayectoria que está incorporada en las proyecciones de la inflación local contempla un incremento del precio de la gasolina producto de la estacionalidad en ese país."
ESTRUCTURAL,5870,3f7449ec86d2ce9bd2b12371354ce21b5864b0261d1a890082443bccbdcf290c,2013-11-19,7782,Sergio Lehmann Beresi,7816,Rodrigo Vergara Montes,SUJETO_ROL_NOMBRE,,RPM-2013-11-19:T14,INICIO_EXPLICITO,,"No habiendo más consultas ni comentarios en lo concerniente al escenario internacional, el Presidente señor Rodrigo Vergara da paso a la exposición del escenario interno, a cargo del Gerente de Análisis Macroeconómico señor Claudio Soto."
SOLO_METADATOS,5917,64752f452f1e3c9da9692a7e0712338a4ff59eaf5e2d99452dcd501791ef3942,2013-12-12,7833,Manuel Marfán Lewis,7867,Manuel Marfán Lewis,SUJETO_ROL_NOMBRE,,RPM-2013-12-12:T14,INICIO_EXPLICITO,,"El Vicepresidente señor Manuel Marfán alude a un conjunto de regresiones analizadas algunas semanas atrás, que daban cuenta de la forma en que las distintas economías se han ajustado a diversos acontecimientos, entre ellas, las relacionadas con el tapering y las expectativas de crecimiento de China. Por su parte, Chile no se había depreciado mayormente respecto del promedio de las economías, aun cuando la caída de su bolsa de valores en moneda nacional había sido mayor que el promedio, pero el efecto combinado lo situaba en una buena posición relativa. En su opinión, Chile comienza a sobresalir frente a las demás economías, porque el comportamiento bursátil no ha variado, mientras el tipo de cambio ha seguido depreciándose. Por esta razón, plantea la conveniencia de actualizar este análisis, ya que muestra los ajustes de cada economía y los promedios, lo que motiva a investigar las causas que explican cualquier desvío en relación al comportamiento promedio de ellas."
SOLO_METADATOS,5928,dc0a2b628419f08fcc3a5e9e60d5eb9e1b47d3943bce0b1c783ce278265df604,2013-12-12,7844,Rodrigo Vergara Montes,7878,Rodrigo Vergara Montes,SUJETO_ROL_NOMBRE,,RPM-2013-12-12:T25,INICIO_EXPLICITO,,"El Presidente señor Rodrigo Vergara alude a un análisis específico sobre el ciclo minero, a cargo de la Gerencia de División Estudios, y plantea la conveniencia de consignar separadamente la inversión minera en construcción, de aquella en maquinaria y equipos para fines de contar con una noción más precisa sobre sus magnitudes relativas."
ESTRUCTURAL,5976,35870bf9ead1e1afa00cc4df3791f7ed9788e15d3c4e5a1062a394783851e0df,2014-01-16,7895,Sergio Lehmann Beresi,7929,Sergio Lehmann Beresi,SUJETO_ROL_NOMBRE,,RPM-2014-01-16:T13,INICIO_EXPLICITO,,"El Gerente de Análisis Internacional señor Sergio Lehmann se refiere a la situación de la economía de Brasil, con motivo de la inquietud planteada por el Consejero señor Joaquín Vial. Sobre el particular, precisa que la inflación se ha mantenido relativamente alta, a pesar de exhibir un crecimiento débil por un período prolongado. Agrega que la tasa de interés está muy cerca del límite superior, razón por la cual el Banco Central de Brasil ha realizado un esfuerzo importante para tratar de reducirla y en el Comunicado de su última Reunión dio a entender que se acerca el término del ciclo de alza de tasas de interés, aunque ello dependerá del comportamiento de la inflación en los próximos meses."
ESTRUCTURAL,5976,35870bf9ead1e1afa00cc4df3791f7ed9788e15d3c4e5a1062a394783851e0df,2014-01-16,7895,Sergio Lehmann Beresi,7930,Rodrigo Vergara Montes,SUJETO_ROL_NOMBRE,,RPM-2014-01-16:T14,INICIO_EXPLICITO,,"No habiendo más consultas ni comentarios en io concerniente al escenario internacional, el Presidente señor Rodrigo Vergara da paso a la exposición del escenario interno, a cargo del Gerente de Análisis Macroeconómico señor Claudio Soto."
SOLO_METADATOS,5981,893c91d223a4b730fd135b1493936df7a2185d9d98030aaf57c921b3fc17551f,2014-01-16,7900,Kevin Cowan Logan,7935,Kevin Cowan Logan,SUJETO_ROL_NOMBRE,,RPM-2014-01-16:T19,INICIO_EXPLICITO,,"El Gerente de División Política Financiera señor Kevin Cowan alude a un estudio realizado por los economistas señores Oda, García y Calaní, en que se concluye que esta información es valiosa en carácter de predictor del consumo y de la inversión futura."
SOLO_METADATOS,5991,74becdbf6d4ca32f59b425ce9aeb847784d75b257ac9857a970b200a4229ba60,2014-01-16,7911;7912;7913,Claudio Soto Gamboa;Rodrigo Vergara Montes;Consejo del Banco Central de Chile,7946,Claudio Soto Gamboa,SUJETO_ROL_NOMBRE,,RPM-2014-01-16:T30,INICIO_EXPLICITO,,"El Gerente de Análisis Macroeconómico señor Claudio Soto alude al rebote de las proyecciones de crecimiento. Sobre el particular, expresa que si bien la reciente desaceleración obedece en parte a hechos puntuales y transitorios, como el cierre de plantas en algunos sectores, ella responde principalmente a una evaluación de los fundamentos del ciclo que se presenta con bastante incertidumbre y riesgos. Sin embargo, el dinamismo del consumo y la desacumulación de inventarios sugieren mayor actividad en los meses venideros, pero sujeta a riesgos de importancia. Plantea que la depreciación del tipo de cambio real debería favorecer a algunos sectores y que la disminución registrada por la industria se debería revertir en aquellos sectores que están recuperando competitividad. En consecuencia, existen argumentos que sugieren un mayor dinamismo futuro, con ciertos riesgos. Por último, señala que las expectativas de inflación no han variado mayormente desde la Reunión pasada, pero sí se advierte un grado de confusión en el mercado por el cambio de canasta del INE, que se espera sea transitorio, mientras se alcanza una cabal comprensión de sus modificaciones y funcionamiento. Deja constancia que los distintos análisis efectuados internamente sugieren que la nueva canasta implicará un sesgo al alza en algunos casos y en otros, a la baja."
SOLO_METADATOS,5991,74becdbf6d4ca32f59b425ce9aeb847784d75b257ac9857a970b200a4229ba60,2014-01-16,7911;7912;7913,Claudio Soto Gamboa;Rodrigo Vergara Montes;Consejo del Banco Central de Chile,7947,Rodrigo Vergara Montes,SUJETO_ROL_NOMBRE,,RPM-2014-01-16:T31,INICIO_EXPLICITO,,"Al no formularse otros comentarios, siendo las 13:15 horas, el Presidente señor Rodrigo Vergara suspende la presente Reunión y deja constancia que ella se reiniciará a las 15:30 horas para tratar lo referente a las opciones de política monetaria."
SOLO_METADATOS,5991,74becdbf6d4ca32f59b425ce9aeb847784d75b257ac9857a970b200a4229ba60,2014-01-16,7911;7912;7913,Claudio Soto Gamboa;Rodrigo Vergara Montes;Consejo del Banco Central de Chile,7948,Consejo del Banco Central de Chile,ACTA/META,META_SESION,RPM-2014-01-16:T32,INSTITUCIONAL,,"A las 15:30 horas, se reanuda la Reunión de Política Monetaria N° 206."
SOLO_METADATOS,5995,69db8264203bdf07f0debc00264d7ec0b33f1bad321e41fe16ee1b48c31bcd8b,2014-01-16,7917,Luis Óscar Herrera Barriga,7952,Luis Óscar Herrera Barriga,SUJETO_NOMBRE,,RPM-2014-01-16:T34,CONTINUIDAD_EXPLICITA,,"El señor Luis Óscar Herrera alude a lo señalado en la Reunión anterior, en orden a que en una economía como la chilena, con un tipo de cambio flexible y una alta participación de bienes importados en su canasta de consumo, es normal que se observe un aumento transitorio de los registros de inflación de corto plazo ante un escenario en que la demanda interna se debilita, disminuyen las tasas de interés internas y se deprecia la moneda. En todo caso, resalta la importancia de vigilar que los efectos de segunda vuelta de estos shocks sobre otros precios, salarios y expectativas se mantengan acotados. Señala que en la coyuntura actual no se han detectado efectos de importancia en las expectativas inflacionarias, salarios nominales o inflación de servicios; y que cabe esperar que estos efectos queden limitados en la medida que los agentes perciban que se está ampliando la situación de ventas, demanda y holguras en los mercados finales y de factores y, por ende, que ella no se restringe. En cuanto a las consideraciones tácticas de esta alternativa, plantea que la opinión de la mayoría de los analistas y operadores esperan que se mantenga la TPM, por lo que un riesgo de adoptar esta opción radicaría en que una sorpresa en este sentido se interprete como una señal de mayor preocupación acerca de la velocidad de desaceleración de la economía y que ello provoque una baja adicional de la curva de tasas de interés, más allá de lo anticipado en el escenario base del último IPoM, que tal como se expresara continúa vigente. En lo concerniente a la opción de mantener la TPM, señala que se puede justificar en que se ha observado una desaceleración paulatina de la economía chilena y que recientemente se han efectuado dos rebajas de la tasa rectora, que están operando y continuarán afectando gradualmente aquellos componentes de la demanda que son más sensibles al costo de financiamiento. Asimismo, el crédito continúa fluyendo en forma normal hacia los hogares y empresas; a su vez, el peso chileno se ha depreciado en términos reales, situándose en torno a sus promedios históricos, lo que también ayudará a rebalancear las fuentes de crecimiento de la economía; y, que si bien es evidente que se ha reducido el impulso de la inversión, principalmente relacionada con minería, otros componentes de la demanda, tales como el consumo, pueden continuar sustentando su crecimiento. A lo expresado se suma que la situación financiera de los consumidores es sana; sus ingresos laborales han continuado creciendo en un rango similar, aunque algo inferior a trimestres previos; y la confianza promedio se mantiene en un nivel optimista. Por otra parte, la situación de capacidad de las empresas es estrecha y, en algunos sectores, se anticipa una recuperación de inventarios. En todo caso, manifiesta que mantener la TPM en esta oportunidad es coherente con la posibilidad de agregar impulso monetario a la economía en un futuro cercano, incluso si ella evoluciona de acuerdo a lo contemplado en el IPoM. En este sentido, una pausa permitirá acumular mayores antecedentes sobre la tendencia de los datos de actividad e inflación, el impacto de los recortes que ya se han realizado y, de esta manera, poder graduar de mejor forma los ajustes futuros de la política monetaria. En lo atinente a las consideraciones tácticas sobre esta opción, menciona que la mayoría de los analistas y operadores encuestados anticipan precisamente que se mantendrá la TPM, aunque esperan reducciones en los próximos meses, lo que es concordante con el escenario anticipado en el IPoM, de manera que para no generar confusión acerca de las implicancias de una segunda pausa para la orientación futura de la política monetaria, de adoptarse esta decisión, se sugiere agregar un sesgo explícito a la baja al Comunicado que se difundirá al término de esta Reunión."
SOLO_METADATOS,5996,7ed033fdcee7792c62f70fddd1c1275ab56568b274bde101c75bb2abe301d7c5,2014-01-16,7918,Luis Óscar Herrera Barriga,7953,Luis Óscar Herrera Barriga,SUJETO_ROL_NOMBRE,,RPM-2014-01-16:T34,CONTINUIDAD_EXPLICITA,,"El Gerente de División Estudios señor Luis Óscar Herrera concluye su presentación manifestando que el conjunto de antecedentes expuestos llevan a recomendar en esta oportunidad la opción de mantener la Tasa de Política Monetaria en 4,5% anual, e introducir un sesgo explícito a la baja en el párrafo final del Comunicado, considerando que los antecedentes disponibles y las proyecciones de corto plazo indican que es probable que en los próximos meses sea necesario realizar uno o más recortes adicionales de la TPM para asegurar que la inflación permanezca en torno a la meta en el horizonte de política."
ESTRUCTURAL,6026,2724a5e90edfaf7a7130a3b0c4a5edf7e997020e5b1c2a6d1773d0f1f1bbe83e,2014-02-18,7949,Kevin Cowan Logan,7984,Kevin Cowan Logan,SUJETO_ROL_NOMBRE,,RPM-2014-02-18:T19,INICIO_EXPLICITO,,"El Gerente de División Política Financiera señor Kevin Cowan acota que lo tratado en cuanto a la depreciación relativa de Chile en relación a otras economías y las tasas largas, podría obedecer a la situación de nuestro país en cuanto registra una baja participación de inversionistas no residentes en sus mercados de deuda a largo plazo, a diferencia de sus mercados de deuda a corto plazo, en que su intervención indirecta vía derivados es elevada, lo cual se reflejaría en el análisis efectuado."
ESTRUCTURAL,6026,2724a5e90edfaf7a7130a3b0c4a5edf7e997020e5b1c2a6d1773d0f1f1bbe83e,2014-02-18,7949,Kevin Cowan Logan,7985,Rodrigo Vergara Montes,SUJETO_ROL_NOMBRE,,RPM-2014-02-18:T20,INICIO_EXPLICITO,,"No habiendo más consultas ni comentarios en lo concerniente al escenario internacional, el Presidente señor Rodrigo Vergara da paso a la exposición del escenario interno, a cargo del Gerente de Análisis Macroeconómico señor Claudio Soto."
ESTRUCTURAL,6080,1927366a7ca513fc5361b647012606e5c7aa9490c5a21a2b4f20112d69c696e5,2014-03-13,8014,Sergio Lehmann Beresi,8050,Sergio Lehmann Beresi,SUJETO_ROL_NOMBRE,,RPM-2014-03-13:T27,INICIO_EXPLICITO,,"El Gerente de Análisis Internacional señor Sergio Lehmann reconoce que en el caso del precio de la gasolina, el ajuste es bastante menor y también lo es en términos de proyecciones e incluso respecto del IPoM pasado, y se asocia a los movimientos del tipo de cambio."
ESTRUCTURAL,6080,1927366a7ca513fc5361b647012606e5c7aa9490c5a21a2b4f20112d69c696e5,2014-03-13,8014,Sergio Lehmann Beresi,8051,Rodrigo Vergara Montes,SUJETO_ROL_NOMBRE,,RPM-2014-03-13:T28,INICIO_EXPLICITO,,"No habiendo más consultas ni comentarios en lo concerniente al escenario internacional, el Presidente señor Rodrigo Vergara da paso a la exposición del escenario interno, a cargo del Gerente de Análisis Macroeconómico Interino señor Miguel Fuentes."
SOLO_METADATOS,6092,fddd8a31e4f07b00748334fe4186b85154ce9fc1015b72566bc84fc4095646ff,2014-03-13,8026,Sebastián Claro Edwards,8063,Sebastián Claro Edwards,SUJETO_ROL_NOMBRE,,RPM-2014-03-13:T40,INICIO_EXPLICITO,,"El Consejero señor Sebastián Claro alude a las dos fuerzas que determinarán los próximos registros de inflación; por una parte, la desaceleración de la actividad y del PIB resto y, por otra, la reacción de los precios a la depreciación de la moneda. En su opinión, es preciso formarse un juicio sobre la persistencia o no de estos dos fenómenos. En línea con lo planteado por el Consejero señor Pablo García, coincide con la necesidad de identificar los factores que explicarían la reaceleración de la actividad en el segundo semestre del presente año y, en particular, la contribución de las exportaciones y la demanda externa a ella. Por último, plantea la conveniencia de determinar la implicancia de la depreciación cambiaría sobre inflación hacia el mediano plazo."
ESTRUCTURAL,6132,68a61cc245d4b0016a56691a07783cea8250b557fa8669c20d277ba89cc7a4de,2014-04-17,8073;8074,Luis Óscar Herrera Barriga;Sergio Lehmann Beresi,8110,Luis Óscar Herrera Barriga,SUJETO_NOMBRE,,RPM-2014-04-17:T19,INICIO_EXPLICITO,,"El señor Luis Óscar Herrera hace notar el cambio en la composición de los inversionistas, tanto en el mercado estadounidense como en los emergentes, observándose un traspaso desde inversionistas institucionales a un mayor porcentaje de inversionistas retail, que toman posiciones de más corto plazo. A su juicio, ello podría introducir mayor volatilidad a los mercados."
ESTRUCTURAL,6132,68a61cc245d4b0016a56691a07783cea8250b557fa8669c20d277ba89cc7a4de,2014-04-17,8073;8074,Luis Óscar Herrera Barriga;Sergio Lehmann Beresi,8111,Sergio Lehmann Beresi,SUJETO_NOMBRE,,RPM-2014-04-17:T20,INICIO_EXPLICITO,,"En cuanto a China, el señor Sergio Lehmann estima que se encuentra en proceso la desaceleración de su economía. Expresa que si bien el crecimiento del primer trimestre fue ligeramente mayor que el anticipado, es concordante con lo consignado en el último IPoM y lo proyectado para el presente año. Por su parte, los datos coyunturales de comercio, que exhiben un grado mayor de volatilidad que lo esperado, también reafirman la desaceleración de esa economía. Agrega que los riesgos se mantienen y que las medidas de estímulo anunciadas por la autoridad son bastante acotadas y, de alguna manera, dan lugar a estimar que esta desaceleración se esté incorporando y sea parte del proceso natural de convergencia hacia un crecimiento más sostenido al largo plazo."
ESTRUCTURAL,6132,68a61cc245d4b0016a56691a07783cea8250b557fa8669c20d277ba89cc7a4de,2014-04-17,8073;8074,Luis Óscar Herrera Barriga;Sergio Lehmann Beresi,8112,Rodrigo Vergara Montes,SUJETO_ROL_NOMBRE,,RPM-2014-04-17:T21,INICIO_EXPLICITO,,"No habiendo más consultas ni comentarios en lo concerniente al escenario internacional, el Presidente señor Rodrigo Vergara da paso a la exposición del escenario interno, a cargo del Gerente de Análisis Macroeconómíco señor Miguel Fuentes."
ESTRUCTURAL,6192,a7de89248379321ffff9fc70d4c83b6c7b2bfd7c603763645a93958abf2bf284,2014-05-15,8147,Sergio Lehmann Beresi,8185,Sergio Lehmann Beresi,NOMBRE+VERBO,,RPM-2014-05-15:T12,SIN_CONTINUIDAD_CONFIRMADA,ATRIBUCION_HEURISTICA_LEGADA,"El señor Sergio Lehmann procede a responder las consultas y comentarios formulados por los señores Consejeros. En relación con el rebalanceo entre economías emergentes y desarrolladas manifiesta que en las primeras, los indicadores financieros exhiben mejoras, en el sentido que las bolsas de valores han subido, las monedas han tendido a apreciarse y los precios de los commodities registran alzas, pero los indicadores de actividad aún dan cuenta de que su debilidad se mantiene. En su opinión, los mercados anticipan que estas economías no continuarán deprimiéndose, sino que se recuperarán más adelante, gracias al impulso proveniente de la mejora que exhibe el mundo desarrollado, en particular de Estados Unidos de América. En lo concerniente a la inflación, plantea que el aumento en las proyecciones para América Latina está marcado por la mayor inflación que exhiben Brasil y Chile, que obedecerían a elementos cambiarios. Anticipa que un análisis más detallado sobre este aspecto será incluido en el próximo IPoM, Con respecto a las cuentas corrientes, recuerda que en una sesión de coyuntura se presentaron las proyecciones de cuenta corriente en el balance global, con mayor énfasis en algunas economías; y que como es habitual, se proporcionarán antecedentes sobre la materia antes del próximo IPoM, de manera que los señores Consejeros cuenten con información actualizada, particularmente de América Latina."
ESTRUCTURAL,6192,a7de89248379321ffff9fc70d4c83b6c7b2bfd7c603763645a93958abf2bf284,2014-05-15,8147,Sergio Lehmann Beresi,8186,Rodrigo Vergara Montes,SUJETO_ROL_NOMBRE,,RPM-2014-05-15:T13,INICIO_EXPLICITO,,"No habiendo más consultas ni comentarios en lo concerniente al escenario internacional, el Presidente señor Rodrigo Vergara da paso a la exposición del escenario interno, a cargo del Gerente de Análisis Macroeconómico señor Miguel Fuentes."
SOLO_METADATOS,6213,4ca38c6ed71ad9e8cadb8626bd0733bc6c30f4c05c91aabafbd334b6b3a278e7,2014-05-15,8171,Sebastián Claro Edwards,8210,Sebastián Claro Edwards,SUJETO_ROL_NOMBRE,,RPM-2014-05-15:T37,INICIO_EXPLICITO,,"El Consejero señor Sebastián Claro alude a un análisis sobre inflación presentado en una sesión de Pre Consejo, que concluye que el aumento de la inflación se explica mayoritariamente por el tipo de cambio, los salarios y los servicios vinculados a tipo de cambio e indexación. No obstante, en los gráficos que se contienen en la lámina N° 59, que tratan explicar de manera más casuística la sorpresa inflacionaria, esta no aparece muy asociada a ítems relacionados con salarios."
ESTRUCTURAL,6308,de05707a4bef7dfab0e52d8d551aee1072018d927d1a02e2af645345696ddeba,2014-07-15,8285,Pablo García Silva,8324,Pablo García Silva,SUJETO_ROL_NOMBRE,,RPM-2014-07-15:T13,INICIO_EXPLICITO,,"El Consejero señor Pablo García índica que desde el punto de vista del rebalanceo global, China y Estados Unidos de América siguen creciendo a tasas parecidas a las observadas en meses previos, lo que explicaría que los precios de commodities no presenten variaciones significativas y que las condiciones financieras sigan siendo laxas. No obstante, a pesar de que no se advierten cambios sustantivos en dichas economías, sí se han producido transformaciones muy significativas en otras economías emergentes, donde las perspectivas de crecimiento se han corregido de manera muy significativa, la depreciación de las monedas ha sido muy relevante y se han registrado cambios de precios relativos de importancia. Asimismo, hace referencia a un ciclo de inversión corporativa global muy débil. En efecto, la demanda por inversión a nivel global tuvo un leve rebote después de la crisis, pero rápidamente se estancó, en especial en economías emergentes como Chile y en menor grado en China. El Consejero señor Pablo García considera positivo que economías emergentes como la chilena estén ajustando sus balances externos, hayan depreciado sus monedas y estén desacelerando la actividad, el gasto y el crédito, atendida el alza de tasas que se proyecta para el próximo año. El lado negativo, en tanto, es que a pesar de que no se han materializado cambios significativos en las condiciones financieras, se ha producido un importante grado de ajuste en el crecimiento, en las tasas de interés domésticas y en el tipo de cambio; luego, mayor será este ajuste una vez que se concrete el alza de tasas externas. En consecuencia, si bien algunas economías emergentes se encuentran en mejor pie para enfrentar el alza de tasas, es posible que se produzca un ajuste aun mayor cuando Estados Unidos de América comience a subir su tasa rectora. En opinión del Presidente señor Rodrigo Vergara, resulta complejo hacer un balance del escenario internacional actual, toda vez que se observan aspectos positivos, pero también otros menos auspiciosos, y que además pueden variar repentinamente en uno u otro sentido. En cuanto a Estados Unidos de América, señala que las condiciones de financiamiento se mantienen muy positivas para su propio mercado y también para el resto del mundo, y que el mercado laboral ha dado sorpresas positivas. De hecho, destaca las últimas declaraciones de la Presidenta de la Reserva Federal señora Janet Yellen, quien, por primera vez, hizo referencia a la posibilidad de un avance más rápido en el mercado laboral, lo que podría traducirse en una anticipación del aumento de tasas antes y posibles efectos negativos sobre muchos países emergentes. Con respecto a China, manifiesta que los principales riesgos persisten, pero mantiene sus tasas de crecimiento en un nivel igual o levemente superior a lo anticipado. Europa, en cambio, exhibe un panorama más negativo, lo mismo que América Latina, donde las revisiones a la baja han sido significativas y reiteradas. Con todo, estima que las mejores noticias de Estados Unidos de América y China configuran un escenario en el margen algo más positivo. Además, hace notar la situación por la que atraviesa Perú, que en la medida que se consolide su desaceleración, explicada principalmente por el término del ciclo minero, sería semejante a la que se observó primero en Australia y luego en Chile. Acota que esta desaceleración es mucho mayor que la anticipada en dicho país. En materia de commodities, destaca que el precio del cobre es mayor que un mes atrás y que lo previsto; que de mantenerse, llevaría a una revisión de sus proyecciones; y que si bien su alza podría ser de carácter transitorio, también ha exhibido bastante resiliencia durante un período prolongado. Agrega que el precio de los alimentos han retrocedido y el del petróleo ha aumentado, y que este escenario de precios es algo más favorable para nuestra economía."
ESTRUCTURAL,6308,de05707a4bef7dfab0e52d8d551aee1072018d927d1a02e2af645345696ddeba,2014-07-15,8285,Pablo García Silva,8325,Rodrigo Vergara Montes,SUJETO_ROL_NOMBRE,,RPM-2014-07-15:T14,INICIO_EXPLICITO,,"No habiendo más consultas ni comentarios en lo concerniente al escenario internacional, el Presidente señor Rodrigo Vergara da paso a la exposición del escenario interno, a cargo del Gerente de Análisis Macroeconómico señor Miguel Fuentes."
SOLO_METADATOS,6321,a536380e6d37acafa0f245351017f2ac0657b44714dc1b5cf6b16b6413b21796,2014-07-15,8300,Sebastián Claro Edwards,8340,Sebastián Claro Edwards,SUJETO_ROL_NOMBRE,,RPM-2014-07-15:T29,INICIO_EXPLICITO,,"El Consejero señor Sebastián Claro alude a la corrección adicional de las proyecciones de crecimiento, explicada por el débil desempeño de la inversión y del consumo. A este respecto, consulta si la inversión es el componente que sustenta principalmente esa corrección, habida cuenta que el consumo no se ha desacelerado mayormente y que el consumo de durables ha retomado un cierto vigor. En materia de inflación, considera que las sorpresas inflacionarias son informativas, pero no lo suficientemente relevantes para modificar las proyecciones. En su opinión, el mercado sobrerreaciona inicialmente a ellas corrigiendo fuertemente las expectativas de inflación, pero las suaviza a medida que se van conociendo nuevos datos. Con todo, resalta que las proyecciones de corto plazo, tanto internas como del mercado, se mantengan entre 4,5 y 5% anual por varios meses y sean inferiores a 3% después del mes de diciembre, porque ello indica que tanto el Banco como el mercado consideran el aumento de la inflación de meses pasados como un fenómeno de carácter transitorio. Por otra parte, plantea la conveniencia de continuar profundizando la discusión sobre empleo y brechas de actividad, con miras al próximo IPoM. Por último, menciona que la pendiente de la curva de rendimiento se ha corregido al alza y sugiere que el mercado no anticipa una brecha muy significativa, sino que una desaceleración de la actividad que no necesariamente es tan desinflacionaria."
ESTRUCTURAL,6355,67e40ccd2475ffc51aaa44505bcaeed4d5ac2a921f3420c0d6c08c5d83da7058,2014-08-14,8339,Enrique Marshall Rivera,8379,Enrique Marshall Rivera,SUJETO_ROL_NOMBRE,,RPM-2014-08-14:T14,INICIO_EXPLICITO,,"El Vicepresidente señor Enrique Marshall expresa que en la medida que se mantenga la recuperación de la economía de Estados Unidos de América, nos situaremos en el escenario que se ha delineado internamente. Agrega que la visión general sigue descansando en esa economía, cuyo comportamiento se ha traducido en un fortalecimiento del dólar estadounidense, flujos de capitales hacia ese país y disminuciones de las tasas de interés. A su juicio, esta situación se mantendrá en los próximos trimestres."
ESTRUCTURAL,6355,67e40ccd2475ffc51aaa44505bcaeed4d5ac2a921f3420c0d6c08c5d83da7058,2014-08-14,8339,Enrique Marshall Rivera,8380,Rodrigo Vergara Montes,SUJETO_ROL_NOMBRE,,RPM-2014-08-14:T15,INICIO_EXPLICITO,,"No habiendo más consultas ni comentarios en lo concerniente al escenario internacional, el Presidente señor Rodrigo Vergara da paso a la exposición del escenario interno, a cargo del Gerente de Análisis Macroeconómico señor Miguel Fuentes."
SOLO_METADATOS,6396,c5d80824a267dcc5cacbc83f7221ea5b3354aae961d03f3d5140f759db0e2f98,2014-09-11,8389,Sebastián Claro Edwards,8430,Sebastián Claro Edwards,SUJETO_ROL_NOMBRE,,RPM-2014-09-11:T6,INICIO_EXPLICITO,,"El Consejero señor Sebastián Claro alude a recientes reportes que señalan que las cifras de importaciones y consumo de productos minerales, energía, acero y cobre han sido bastante débiles, y que los inventarios también han disminuido notoriamente, lo que llevaría a las autoridades a adoptar algunas medidas de estímulo."
ESTRUCTURAL,6404,6f575c37e6558bcf0cbc61758acb34a8a5139b307d58e423805c23983de52a8d,2014-09-11,8397,Alberto Naudon Dell'Oro,8438,Alberto Naudon Dell'Oro,SUJETO_ROL_NOMBRE,,RPM-2014-09-11:T14,INICIO_EXPLICITO,,"El Gerente de División Estudios señor Alberto Naudon, en respuesta al comentario formulado por el Consejero señor Sebastián Claro, manifiesta que la trayectoria de inflación de Chile es claramente distinta de la del promedio de América Latina no solo en los últimos datos, sino que con anterioridad también, cuando Chile tuvo registros inflacionarios mucho más bajos. Con respecto a las tasas de interés, señala que es importante tener en cuenta que en muchos países latinoamericanos hubo aumentos de tasas largas a principios de año, no así en Chile. Por lo tanto, hoy se estaría observando un fenómeno de convergencia más que de divergencia de nuestras tasas versus las del resto de América Latina."
ESTRUCTURAL,6404,6f575c37e6558bcf0cbc61758acb34a8a5139b307d58e423805c23983de52a8d,2014-09-11,8397,Alberto Naudon Dell'Oro,8439,Rodrigo Vergara Montes,SUJETO_ROL_NOMBRE,,RPM-2014-09-11:T15,INICIO_EXPLICITO,,"No habiendo más consultas ni comentarios en lo concerniente al escenario internacional, el Presidente señor Rodrigo Vergara da paso a la exposición del escenario interno, a cargo del Gerente de Análisis Macroeconómico señor Miguel Fuentes."
SOLO_METADATOS,6417,0c219f9053401e2bb8110b30918ccbfc2f7e47818088500100943ac27ea750fa,2014-09-11,8414,Sebastián Claro Edwards,8456,Sebastián Claro Edwards,SUJETO_ROL_NOMBRE,,RPM-2014-09-11:T32,INICIO_EXPLICITO,,"El Consejero señor Sebastián Claro alude al recuadro sobre pass through incorporado en el IPoM del mes de marzo último y plantea la conveniencia de que este análisis se haga con una frecuencia mayor. Lo expresado, porque el tipo de cambio se ha depreciado fuertemente en los últimos cinco o seis meses; no se cuenta con evidencia suficiente en Chile para validar la hipótesis que plantea que el ciclo aminora el pass through; y, en especial, porque se ha argumentado con fuerza que la significativa depreciación cambiaria en Chile está íntimamente relacionada con una trayectoria de tasas que ha sido distinta de la de otros países emergentes. En su opinión, si bien la posición cíclica de la economía apunta a que la inflación se moderará, también es posible que pueda alcanzar a 5% en doce meses. En lo concerniente a los salarios nominales, es de opinión que el mayor riesgo no radica en que su elevado nivel se traduzca en mayor inflación, sino que en una posible amplificación del ajuste del empleo."
ESTRUCTURAL,6491,d436dcfa251f2d0bafe4e1dd45a29755c5c2ecaa28ec5014bdd0a57c394339ec,2014-11-18,8505,Alberto Naudon Dell'Oro,8547,Alberto Naudon Dell'Oro,SUJETO_ROL_NOMBRE,,RPM-2014-11-18:T9,INICIO_EXPLICITO,,"El Gerente de División Estudios señor Alberto Naudon expresa que el comportamiento del precio del cobre y del petróleo en el largo plazo es un aspecto muy relevante, pero no afecta mayormente las proyecciones que se incorporarán en el próximo IPoM. Agrega que en el horizonte de proyección a dos años, los factores de oferta del mercado del petróleo contribuirán a la mantención de precios bajos; tratándose del cobre, en cambio, se observan variaciones que se asocian mayormente a factores de demanda."
ESTRUCTURAL,6491,d436dcfa251f2d0bafe4e1dd45a29755c5c2ecaa28ec5014bdd0a57c394339ec,2014-11-18,8505,Alberto Naudon Dell'Oro,8548,Rodrigo Vergara Montes,SUJETO_ROL_NOMBRE,,RPM-2014-11-18:T10,INICIO_EXPLICITO,,"No habiendo más consultas ni comentarios en lo concerniente al escenario internacional, el Presidente señor Rodrigo Vergara da paso a la exposición del escenario interno, a cargo del Gerente de Análisis Macroeconómico señor Miguel Fuentes."
ESTRUCTURAL,6530,563bd75f4a960704d95076f464c81bcf11b388e19b38a1e7019e46d5899cc2e0,2014-12-11,8549,Claudio Raddatz Kiefer,8592,Claudio Raddatz Kiefer,NOMBRE+VERBO,,RPM-2014-12-11:T13,SIN_CONTINUIDAD_CONFIRMADA,ATRIBUCION_HEURISTICA_LEGADA,"El Gerente de División Política Financiera señor Claudia Raddatz plantea algunas consideraciones en lo que respecta a los commodities y su relación con el mercado financiero. En su opinión, es muy difícil determinar canales financieros específicos para el efecto de los precios de los commodities, porque las variaciones de precios tienen efectos de riqueza, de términos de intercambio sobre los países que dependen de esa producción. Para Chile, tiene efectos reales a través del precio del cobre, así como también para los países productores de otros commodities. Agrega que esos efectos reales tienen consecuencias para la valoración de los activos que produce un país, el mercado de los bonos, los spreads y también para los stock markets. En consecuencia, hay canales de transmisión, pero gran parte de ellos van por el lado real de la economía que por uno puramente financiero."
ESTRUCTURAL,6530,563bd75f4a960704d95076f464c81bcf11b388e19b38a1e7019e46d5899cc2e0,2014-12-11,8549,Claudio Raddatz Kiefer,8593,Rodrigo Vergara Montes,SUJETO_ROL_NOMBRE,,RPM-2014-12-11:T14,INICIO_EXPLICITO,,"No habiendo más consultas ni comentarios en lo concerniente al escenario internacional, el Presidente señor Rodrigo Vergara da paso a la exposición del escenario interno, a cargo del Gerente de Análisis Macroeconómico señor Miguel Fuentes."
SOLO_METADATOS,6570,704f0a42aa997130620b899baaa246d0f443bd2eb01917eae6f0aead2fead39d,2015-01-15,8596,Joaquín Vial Ruiz-Tagle,8640,Joaquín Vial Ruiz-Tagle,SUJETO_ROL_NOMBRE,,RPM-2015-01-15:T23,INICIO_EXPLICITO,,"El Consejero señor Joaquín Vial alude a la mayor vulnerabilidad de América Latina y destaca la fuerte corrección de la cuenta corriente de Chile. En su opinión, las proyecciones de cuenta corriente de Argentina y Venezuela no son consistentes con la capacidad para satisfacer sus necesidades de financiamiento, razón por la que el panorama para ambas economías son más negativas para el presente año que lo que sugieren las cifras que se han expuesto. Hace notar que a ello se suma la situación de Brasil."
SOLO_METADATOS,6599,9509ea6bce01dcd8955ddfd9d40d5bf738ddcd23d5ee198b694df2fbdd228241,2015-02-12,8631,Rodrigo Vergara Montes,8675,Rodrigo Vergara Montes,SUJETO_ROL_NOMBRE,,RPM-2015-02-12:T4,INICIO_EXPLICITO,,El Presidente señor Rodrigo Vergara alude a recientes reportes que indican que la caída del precio del petróleo no tendría efecto alguno en la actividad mundial.
ESTRUCTURAL,6607,e37436bf247b8b247efede3083006048915bca183423e15aa2f4fb3c72b1a27d,2015-02-12,8639;8640;8641,Miguel Fuentes Díaz;Joaquín Vial Ruiz-Tagle;Miguel Fuentes Díaz,8683,Miguel Fuentes Díaz,SUJETO_NOMBRE,,RPM-2015-02-12:T12,INICIO_EXPLICITO,,"El señor Miguel Fuentes hace notar que los EMBI en los demás países europeos han tendido a reducirse; que el indicador de condiciones financieras de Chile también ha mostrado alguna caída; y que el VIX ha disminuido levemente frente al cierre de la RPM anterior. El señor Miguel Fuentes prosigue con su presentación haciendo referencia a los principales acontecimientos en materia de precios de commodities. En primer término, indica que los precios han tenido movimientos mixtos, destacando la recuperación del precio del petróleo y de la gasolina. Por su parte, el precio del cobre exhibe un alza en lo que va corrido de la presente jornada que lo situaría en un nivel similar al observado en la Reunión anterior; y los precios de alimentos, como los del trigo y arroz, han experimentado algunas caídas. Asimismo, destaca la perspectiva de una baja significativa en el precio de la carne en los mercados internacionales, impulsada por menores precios en Brasil, que suponen un impacto positivo en Chile dado que este país es nuestro principal proveedor de carne importada. Con respecto a los fundamentales del cobre, siguen mostrando un mercado relativamente estrecho en términos del balance de oferta y demanda, que es inconsistente con el ajuste de precios que se ha observado en lo más reciente. En este sentido, hace notar que el dato de importaciones de China del mes de enero es superior a los promedios históricos, pero menor que el del año pasado, cuando alcanzó el valor máximo desde el año 2010 por el traslado del Año Nuevo chino. Agrega que los inventarios en bolsa que se reportan en forma pública siguen mostrando alzas respecto de los valores, muy bajos, de fines del año pasado."
ESTRUCTURAL,6607,e37436bf247b8b247efede3083006048915bca183423e15aa2f4fb3c72b1a27d,2015-02-12,8639;8640;8641,Miguel Fuentes Díaz;Joaquín Vial Ruiz-Tagle;Miguel Fuentes Díaz,8684,Joaquín Vial Ruiz-Tagle,SUJETO_ROL_NOMBRE,,RPM-2015-02-12:T13,INICIO_EXPLICITO,,"A este respecto, el Consejero señor Joaquín Vial manifiesta su prevención en cuanto a la veracidad de las cifras de inventarios totales. De hecho, llama la atención sobre los datos recientes, ya que en el último mes y medio han subido desde 250.000 a 450.000 toneladas métricas."
ESTRUCTURAL,6607,e37436bf247b8b247efede3083006048915bca183423e15aa2f4fb3c72b1a27d,2015-02-12,8639;8640;8641,Miguel Fuentes Díaz;Joaquín Vial Ruiz-Tagle;Miguel Fuentes Díaz,8685,Miguel Fuentes Díaz,SUJETO_NOMBRE,,RPM-2015-02-12:T14,INICIO_EXPLICITO,,"El señor Miguel Fuentes alude también a las proyecciones de balance, que es relativamente ajustado para este año de acuerdo con los nuevos reportes del Copper Research Unit, CRU. Asimismo, hace presente que si bien las últimas proyecciones de precio se han ajustado a la baja, las realizadas por distintos bancos de inversión, excepto Goldman Sachs que anticipa un precio promedio de US$250 centavos la libra, lo sitúan entre US$280 y US$300 centavos la libra para el presente año, previéndose una recuperación a partir de la primera semana de marzo, cuando finalicen las celebraciones del Año Nuevo chino. Por otra parte, consigna que el precio del petróleo ha rebotado, impulsando los futuros. Resalta, en todo caso, que los pronósticos exhiben una mayor dispersión, reflejando la incertidumbre en cuanto al efecto de las reducciones de oferta sobre el precio y también los problemas de demanda. A título ejemplar, comenta que Barclays anticipa precios en torno a US$45 el barril para el presente año, mientras que otros bancos de inversión proyectan un repunte hasta valores en torno a US$70 el barril. Por último, hace notar el rebote que ha registrado el precio del petróleo Brent en las últimas dos semanas, debido a la explotación de un número menor de pozos en Estados Unidos de América. En este sentido, la decisión de la OPEP de dejar de restringir su producción con el objeto de afectar el precio del petróleo y sacar a los productores marginales del mercado, fundamentalmente de Estados Unidos de América, ha tendido a cumplirse y podría explicar el rebote del precio del crudo. El señor Miguel Fuentes prosigue con su presentación destacando las principales noticias en materia de actividad. En primer término, señala que el FMI recortó sus proyecciones de crecimiento mundial para el año 2015 desde 3,8% a 3,4%, y desde 4% a 3,7% para el año 2016, donde destacan los recortes para América Latina y China, que por primera vez crecería bajo 7% este y el próximo año. Agrega que en relación con las proyecciones consignadas en el último IPoM, el mercado se muestra más optimista respecto de Estados Unidos de América y algo más pesimista respecto de China y Latinoamérica. En segundo lugar, indica que el PIB de Estados Unidos de América del cuarto trimestre de 2014 alcanzó a 2,6% en términos anualizados, inferior al 3% esperado por el mercado, por una menor inversión y crecimiento externo: y que el consumo privado estaría impulsando la recuperación. Por su parte, los datos de empleo de los meses de noviembre y diciembre se corrigieron al alza, lo que fue muy bien recibido por el mercado. Con respecto a China, precisa que el PIB cerró el año 2014 en 7,4%, levemente por debajo de la meta, pero superior a lo anticipado. Resalta también el rebalanceo entre sectores de actividad, donde los más ligados al consumo exhiben mayor dinamismo y los relacionados con la inversión pierden preponderancia. Por último, comenta que en América Latina, las cifras más recientes ratifican la debilidad de la demanda; no obstante, el desempeño de la inflación se mantiene estable, salvo en México, donde se ha desacelerado. Agrega que en Brasil, las perspectivas se han corregido sistemáticamente a la baja, esperándose un crecimiento nulo o negativo y una inflación superior a 7% este año, esto es, por sobre el rango meta. A continuación, se refiere específicamente a América Latina, donde se advierte un cuadro de desaceleración de la actividad; la inflación no registra mayor variación, excepto en México, donde ha respondido mayormente al descenso del precio de los combustibles; las tasas de desempleo se mantienen bajas; y los indicadores de confianza del consumidor no repuntan. Al finalizar su presentación, el señor Miguel Fuentes menciona que Brasil terminó el año 2014 con un déficit primario levemente negativo, y que la meta de superávit primario que ha anunciado el nuevo gobierno de la Presidenta señora Dilma Rousseff contemplaría un alza de impuestos y una reducción de subsidios, en particular para la gasolina, lo que tendría efectos importantes sobre la inflación y la actividad."
SOLO_METADATOS,6663,73f177ba0a80d5e203c00552c57cd9582ab4d87d6fe32f6a1937515ac3324890,2015-03-19,8705,Rodrigo Vergara Montes,8749,Rodrigo Vergara Montes,SUJETO_ROL_NOMBRE,,RPM-2015-03-19:T26,INICIO_EXPLICITO,,"No habiendo más consultas ni comentarios en lo concerniente al escenario internacional, el Presidente señor Rodrigo Vergara da paso a la exposición del escenario interno a cargo del Gerente de Análisis Macroeconómico señor Miguel Fuentes."
SOLO_METADATOS,6701,e1f22ccc0bff3d4e8636ecaefaaf0c8aec3626c5ab3ed7354cbad1f70356ad52,2015-04-16,8746,Sebastián Claro Edwards,8790,Sebastián Claro Edwards,SUJETO_ROL_NOMBRE,,RPM-2015-04-16:T10,INICIO_EXPLICITO,,"El Consejero señor Sebastián Claro alude a una entrevista concedida por el Premier chino señor Li Keqiang al Financial Times, en que deja entrever la baja probabilidad de alcanzar una tasa de crecimiento de 7% este año, así como la poca disponibilidad de depreciar el renminbi."
ESTRUCTURAL,6715,d1ea037a7cf124f2be474e54b71dfb69e91190985a92218f249530085eaf5670,2015-04-16,8760,Alberto Naudon Dell'Oro,8804,Alberto Naudon Dell'Oro,SUJETO_NOMBRE,,RPM-2015-04-16:T24,INICIO_EXPLICITO,,"El señor Alberto Naudon plantea que el tipo de cambio real podría tener un efecto de más largo plazo, aspecto que será objeto de continua revisión. Indica que otro elemento importante a considerar es la inversión en la industria del petróleo, que se ha resentido significativamente y cuyo impacto y externalidades hacia otras actividades es algo poco claro aún y podría tener consecuencias de carácter algo más duradero. En síntesis, plantea que respecto del último IPoM no se cuenta aún con información adicional que haga necesario reevaluar la trayectoria de crecimiento de Estados Unidos de América. En lo que concierne a la actividad local, recuerda que en el IPoM se consignó un sesgo de crecimiento negativo, porque el nivel de incertidumbre respecto de la evolución de la economía china es muy alto. De manera similar, respecto de Estados Unidos de América, el escenario base considera que el dato sorpresivo del primer trimestre es de carácter puntual. Por último, menciona que Europa sigue teniendo riesgos a la baja, porque sus últimos datos son mejores, particularmente los asociados a confianza de consumidores y PMI. No obstante, es difícil anticipar la capacidad de las economías europeas de solidificar estas buenas noticias hacia una recuperación más sólida en el segundo trimestre, atendida especialmente la situación de Grecia. En consecuencia, de manera similar a lo consignado en el último IPoM, se estima que el mundo debería exhibir una mejora en el escenario base y que los riesgos están principalmente a la baja, lo cual está contemplado en el análisis interno."
ESTRUCTURAL,6715,d1ea037a7cf124f2be474e54b71dfb69e91190985a92218f249530085eaf5670,2015-04-16,8760,Alberto Naudon Dell'Oro,8805,Rodrigo Vergara Montes,SUJETO_ROL_NOMBRE,,RPM-2015-04-16:T25,INICIO_EXPLICITO,,"No habiendo más consultas ni comentarios en lo concerniente al escenario internacional, el Presidente señor Rodrigo Vergara da paso a la exposición del escenario interno."
SOLO_METADATOS,6732,6d40c0aaa7b0ead0d7136a37946af7a176e9e7d465b2b3b4743612909b5ba886,2015-04-16,8781,Rodrigo Vergara Montes,8826,Rodrigo Vergara Montes,SUJETO_ROL_NOMBRE,,RPM-2015-04-16:T45,INICIO_EXPLICITO,,"El Presidente señor Rodrigo Vergara alude a la noticia conocida el día de ayer, que consigna que el Panel de Expertos del Transporte ha sugerido aumentar en $30 la tarifa del Transantiago, y consulta por el efecto de esta alza en la inflación."
ESTRUCTURAL,6829,09edd0227cbe27e86a38eebc31bcf906d46030a92ff2e99d476bf6a59ca48c55,2015-06-11,8897,Diego Gianelli Gómez,8942,Diego Gianelli Gómez,SUJETO_NOMBRE,,RPM-2015-06-11:T21,INICIO_EXPLICITO,,"El señor Diego Gianelli informa que la extensión del bailout de Grecia vence a fin de mes, como también el pago de la cuota al FMI. Luego, debería haber algún tipo de acuerdo antes de esa fecha. Añade que las pensiones y temas vinculados con el nivel de austeridad que está dispuesto a aceptar el gobierno griego son los principales puntos en discusión."
ESTRUCTURAL,6829,09edd0227cbe27e86a38eebc31bcf906d46030a92ff2e99d476bf6a59ca48c55,2015-06-11,8897,Diego Gianelli Gómez,8943,Rodrigo Vergara Montes,SUJETO_ROL_NOMBRE,,RPM-2015-06-11:T22,INICIO_EXPLICITO,,"No habiendo más consultas ni comentarios en lo concerniente al escenario internacional, el Presidente señor Rodrigo Vergara da paso a la exposición del escenario interno."
ESTRUCTURAL,6884,e75d0d68e2b7bdd266de9d4b24c0b37a19d1c66bb2257d60f49094f0ca72cdb6,2015-07-14,8961,Alberto Naudon Dell'Oro,9007,Alberto Naudon Dell'Oro,NOMBRE+VERBO,,RPM-2015-07-14:T20,SIN_CONTINUIDAD_CONFIRMADA,ATRIBUCION_HEURISTICA_LEGADA,"El Gerente de la División Estudios señor Alberto Naudon adhiere a la mayoría de los comentarios expresados precedentemente, adelantando que serán temas relevantes a considerar en la discusión del próximo IPoM. En relación con Grecia, aclara que su intención no ha sido la de minimizar los riesgos, sino que resaltar que estos serían más acotados de lo previsto en la RPM previa; y si bien consiente en la probabilidad de ocurrencia de nuevos escenarios o problemas que sean motivo de preocupación y discusión, en su opinión, el panorama actual es más positivo que lo visualizado seis meses atrás y de una dimensión claramente distinta de lo observado en el periodo 2011-2012. Con respecto a China, no aprecia una relación directa entre la evolución de la bolsa y de la actividad, pero hace notar que la discusión sobre las acciones futuras del gobierno chino ha llevado al mercado a mirar el crecimiento de la economía con menos optimismo. De hecho, se advierte una discrepancia relevante entre las proyecciones de crecimiento de Consensus Forecast, de analistas más especializados y el Fondo Monetario Internacional, donde el primero prevé que la tasa de crecimiento de situará este año entre 6,8 y 7%, mientras que el Fondo Monetario estima que no superará el 6,3%. Por lo tanto, se ha abierto una discusión relevante respecto del crecimiento potencial de China, lo que tiene consecuencias mayores en el equilibrio general de la economía mundial, en particular sobre los commodities. En ese sentido, comparte la preocupación expresada por el Consejero señor Joaquín Vial en cuanto a que el precio del cobre tardará más de lo estimado en retomar sus niveles de más largo plazo, por factores financieros de mediano plazo y porque se está incubando una visión general más pesimista respecto de China. Al finalizar su intervención se refiere a las economías latinoamericanas, precisando que en esta oportunidad se quiso hacer notar que, de acuerdo con los datos disponibles al mes de junio, habrían cesado las persistentes y evidentes correcciones a la baja registradas en meses anteriores. Sin perjuicio de ello, enfatiza que las dudas sobre dichas economías siguen siendo muy grandes, porque no se advierte ningún ajuste significativo y, por tanto, sigue habiendo una fuente de riesgo, en particular respecto de Colombia, que exhibe un déficit fiscal de importancia, y también respecto de Brasil, por los problemas políticos que enfrenta, que podría llevar a ajustar las proyecciones de crecimiento para la región en el próximo IPoM."
ESTRUCTURAL,6884,e75d0d68e2b7bdd266de9d4b24c0b37a19d1c66bb2257d60f49094f0ca72cdb6,2015-07-14,8961,Alberto Naudon Dell'Oro,9008,Rodrigo Vergara Montes,SUJETO_ROL_NOMBRE,,RPM-2015-07-14:T21,INICIO_EXPLICITO,,"No habiendo más consultas ni comentarios en lo concerniente al escenario internacional, el Presidente señor Rodrigo Vergara da paso a la exposición del escenario interno."
ESTRUCTURAL,6926,6eedffb37bf071487155a8394e8fae4da94ec5eb0788056eb83512bc45b17613,2015-08-13,9009,Alberto Naudon Dell'Oro,9056,Alberto Naudon Dell'Oro,SUJETO_ROL_NOMBRE,,RPM-2015-08-13:T9,INICIO_EXPLICITO,,"El Gerente de la División Estudios señor Alberto Naudon anticipa que el próximo IPoM incorporará un análisis más acabado acerca del efecto de las últimas medidas adoptadas en China sobre la economía mundial. Manifiesta su prevención respecto de la incidencia de los precios de commodities en las proyecciones de crecimiento del PIB mundial, porque si bien los precios de todos ellos han caído por un factor común de carácter financiero, que está incorporado en el análisis, también hay elementos particulares que los afecta de distinta manera. A título ejemplar, señala que tratándose del precio del petróleo, un comportamiento idiosincrásico vinculado a factores de oferta más que al crecimiento mundial habría amplificado su caída; en el caso del cobre, su especial sensibilidad al crecimiento en China y a la composición de dicho crecimiento podría traducirse en variaciones de precio más significativas que las que registra el PIB mundial. Por tanto, reitera que el comportamiento de los precios de commodities forma parte del análisis preliminar realizado para al IPoM y enfatiza que la revisión de nuestras proyecciones no difieren mayormente de los ajustes a la proyección de crecimiento mundial. Respecto de la proyección de crecimiento mundial de 3,6%, que a priori podría parecer algo elevada, se sustenta en que Estados Unidos de América mostraría mejores cifras, tanto por los últimos datos conocidos como por un efecto base asociado; y Europa y Brasil exhibirían una recuperación. Por último, el señor Alberto Naudon plantea que si bien es importante establecer la coherencia existente entre el crecimiento del PIB y la evolución del precio de los commodities, también es preciso señalar que el análisis interno no da cuenta de discrepancias mayores entre el escenario proyectado por Consensus Forecast, algo más optimista que el interno, y las proyecciones internas para el precio de los commodities."
ESTRUCTURAL,6926,6eedffb37bf071487155a8394e8fae4da94ec5eb0788056eb83512bc45b17613,2015-08-13,9009,Alberto Naudon Dell'Oro,9057,Rodrigo Vergara Montes,SUJETO_ROL_NOMBRE,,RPM-2015-08-13:T10,INICIO_EXPLICITO,,"No habiendo más consultas ni comentarios en lo concerniente al escenario internacional, el Presidente señor Rodrigo Vergara da paso a la exposición del escenario interno. No habiendo más consultas ni comentarios en lo concerniente al escenario internacional, el Presidente señor Rodrigo Vergara da paso a la exposición del escenario interno."
SOLO_METADATOS,6988,5a6f66419aa4bb8ecaa685d40ca8f15737498a227bdd0836e407f3d131e5f75e,2015-09-15,9079,Sebastián Claro Edwards,9127,Sebastián Claro Edwards,SUJETO_ROL_NOMBRE,,RPM-2015-09-15:T12,INICIO_EXPLICITO,,"El Vicepresidente señor Sebastián Claro llama la atención sobre la apreciación del euro respecto del dólar y el aumento de los flujos de capitales desde Estados Unidos de América hacia Europa, porque, a priori, parecería ser algo incoherente desde la perspectiva de los fundamentos más reales. A este respecto, consulta si ello responde a un ajuste de carácter más bien técnico de anticipación a alzas de tasas en Estados Unidos de América y, por lo tanto, una medida para evitar pérdidas de capital, ya que en un contexto donde Europa anticiparía un cierto QE adicional y Estados Unidos de América se recupera, parecería no ser la decisión más acertada."
ESTRUCTURAL,7003,f2c909d3f32e6b968fe702565f2dc4cacef206a7cfb2cb50b18c4f510922c1cb,2015-09-15,9096,Rodrigo Alfaro,9144,Rodrigo Alfaro,SUJETO_ROL_NOMBRE,,RPM-2015-09-15:T29,INICIO_EXPLICITO,,"El Gerente de Estabilidad Financiera señor Rodrigo Alfaro agrega que la Encuesta Financiera presentada la semana pasada dio cuenta de una salida de capitales de Chile, tanto en renta fija como en renta variable."
ESTRUCTURAL,7003,f2c909d3f32e6b968fe702565f2dc4cacef206a7cfb2cb50b18c4f510922c1cb,2015-09-15,9096,Rodrigo Alfaro,9145,Rodrigo Vergara Montes,SUJETO_ROL_NOMBRE,,RPM-2015-09-15:T30,INICIO_EXPLICITO,,"No habiendo más consultas ni comentarios en lo concerniente al escenario internacional, el Presidente señor Rodrigo Vergara da paso a la exposición del escenario interno."
ESTRUCTURAL,7071,9acee9890ee2b9a1c7cf1640f7a958ca97c83fdd64b96f572c88fcff570983d6,2015-10-15,9176,Alberto Naudon Dell'Oro,9225,Alberto Naudon Dell'Oro,SUJETO_NOMBRE,,RPM-2015-10-15:T29,INICIO_EXPLICITO,,"El señor Alberto Naudon manifiesta coincidir con lo planteado por los señores Consejeros, enfatizando que el escenario base contemplado en el IPoM sigue vigente, aunque ha aumentado la probabilidad de ocurrencia de algunos riesgos consignados allí. Hace notar el buen cierre de mes, luego que las monedas se depreciaran en todos los países, los mercados bursátiles retrocedieran y que los CDS hayan registrado un aumento mayor en algún momento del mes, lo que da cuenta de la significativa volatilidad de los mercados financieros. En su opinión, la discrepancia entre la Reserva Federal y los mercados, y entre ese organismo y otros bancos centrales, incrementará esta tensión y acrecentará probablemente la volatilidad de los mercados. Destaca la decisión del Banco de Inglaterra de postergar el alza de su tasa rectora —la que no se materializaría antes de seis meses—, luego que, por largo tiempo, mantuviera la expectación respecto del momento en que la subiría. Estima que no es totalmente descartable que la Reserva Federal siga ese camino, esto es, que reconozca que hubo un cambio de escenario y que no subirá la tasa. Sin embargo, los antecedentes disponibles plantean que lo más probable es que la tensión continúe, debido a que su Presidenta y el Vicepresidente han manifestado explícitamente su preferencia por un alza. Por último, plantea que el escenario que genera mayor preocupación es aquel en que el Banco de Inglaterra, el Banco Central Europeo y el Banco de Japón aumentan su grado de expansividad, no así la Reserva Federal, porque ello generaría una secuencia de apreciación global del dólar, con consecuencias a la baja en precios de commodities y mayor volatilidad."
ESTRUCTURAL,7071,9acee9890ee2b9a1c7cf1640f7a958ca97c83fdd64b96f572c88fcff570983d6,2015-10-15,9176,Alberto Naudon Dell'Oro,9226,Rodrigo Vergara Montes,SUJETO_ROL_NOMBRE,,RPM-2015-10-15:T30,INICIO_EXPLICITO,,"No habiendo más consultas ni comentarios en lo concerniente al escenario internacional, el Presidente señor Rodrigo Vergara da paso a la exposición del escenario interno."
ESTRUCTURAL,7125,98eb62b766027b19efad46b3c97600325cd6d4a9529cd0a7e0d899e1d3054893,2015-11-12,9237,Alberto Naudon Dell'Oro,9287,Alberto Naudon Dell'Oro,NOMBRE+VERBO,,RPM-2015-11-12:T17,SIN_CONTINUIDAD_CONFIRMADA,ATRIBUCION_HEURISTICA_LEGADA,"El señor Alberto Naudon, acerca de la segunda tensión, plantea que los ciclos económicos de Zona Euro y Estados Unidos en el largo plazo muestran señales de recuperación y que dichas señales siguen siendo bastante más fuertes en Estados Unidos, en especial, por la evolución de la inflación. En su opinión, está latente la probabilidad de una profundización de la divergencia de política monetaria, que puede generar una apreciación global del dólar y afectar el precio de los commodities en el mediano plazo de manera negativa. Además, el cambio en la composición de crecimiento hacia el sector de servicios, en particular, de China, es otro punto de cautela en ese sentido. Resalta que persiste la preocupación sobre la economía brasileña y que, aunque los efectos de contagio directo de Brasil a Chile son relativamente acotados, en un contexto en que Colombia y Perú se pueden ver afectados, los efectos de contagio hacia Chile podrían ser mayores y esa es una fuente de riesgo relevante. Por último, precisa que es difícil que se produzca una recuperación mayor a la estimada para el precio del cobre, en atención a que la magnitud en la contracción esperada de la oferta no alcanzaría para aumentar los precios. Más bien, las firmas recortarían su producción para evitar caídas bajo los valores actuales ubicados en el percentil 90 de la curva de costo, que corresponde a un nivel donde los precios tienden a estabilizarse. Con todo, en un contexto de dólar más fuerte y dudas sobre China, anticipa que habrá una corrección relevante en la cifra estimada de producción de cobre para los próximos dos años con miras a la elaboración del próximo IPoM."
ESTRUCTURAL,7125,98eb62b766027b19efad46b3c97600325cd6d4a9529cd0a7e0d899e1d3054893,2015-11-12,9237,Alberto Naudon Dell'Oro,9288,Rodrigo Vergara Montes,SUJETO_ROL_NOMBRE,,RPM-2015-11-12:T18,INICIO_EXPLICITO,,"No existiendo otras consultas o comentarios, el Presidente señor Rodrigo Vergara da paso a la exposición del escenario interno."
ESTRUCTURAL,7179,4d798ca38f58d3cd625b68491e0219b965428df3166793bd9080221b037ad27f,2015-12-17,9301;9302,Sebastián Claro Edwards;Mario Marcel Cullell,9352,Sebastián Claro Edwards,SUJETO_ROL_NOMBRE,,RPM-2015-12-17:T25,INICIO_EXPLICITO,,"El Consejero señor Sebastián Claro alude al mensaje entregado por la Reserva Federal al comunicar el alza de su tasa rectora, indicando que, en su opinión, es bastante positivo, cauto y coherente con lo expresado en el mes de septiembre. Asimismo, destaca la convicción que transmitió su Presidenta señora Janet Yellen, un elemento que los mercados habrían recibido de buena manera. En segundo lugar, hace mención a la moneda china, manifestando que las autoridades de ese país difícilmente permitirán que registre una depreciación abrupta de 3 o 4%. No obstante, muchos analistas sugieren, y los datos de los últimos 10 o 15 días así lo demuestran, que se está avanzando en una depreciación gradual y secular del renminbi, que no sería raro que continúe. Además, hace notar la importancia del renminbi como determinante a seguir respecto del dólar multilateral y los posibles efectos de su depreciación sobre los commodities."
ESTRUCTURAL,7179,4d798ca38f58d3cd625b68491e0219b965428df3166793bd9080221b037ad27f,2015-12-17,9301;9302,Sebastián Claro Edwards;Mario Marcel Cullell,9353,Mario Marcel Cullell,SUJETO_ROL_NOMBRE,,RPM-2015-12-17:T26,INICIO_EXPLICITO,,"El Consejero señor Mario Marcel acota que la convicción con que se transmite una decisión de política es factible de medir revisando las votaciones. Expresa que la gran diferencia entre la decisión adoptada por la Reserva Federal y el Banco Central Europeo radica en que la primera fue por unanimidad, mientras que la del Banco Central Europeo fue muy dividida."
ESTRUCTURAL,7179,4d798ca38f58d3cd625b68491e0219b965428df3166793bd9080221b037ad27f,2015-12-17,9301;9302,Sebastián Claro Edwards;Mario Marcel Cullell,9354,Rodrigo Vergara Montes,SUJETO_ROL_NOMBRE,,RPM-2015-12-17:T27,INICIO_EXPLICITO,,"No habiendo más consultas ni comentarios en lo concerniente al escenario internacional, el Presidente señor Rodrigo Vergara da paso a la exposición del escenario interno."
