Tipo_Cambio,ID_Padre,SHA256_Texto_Padre,Fecha,IDs_Antes,Actores_Antes,ID_Actual,Actor_Actual,Fuente_Actor,Tipo_Acta,ID_Turno,Relacion_Turno,Alertas_Actuales,Texto_Actual
SOLO_METADATOS,38,86e5721e62bd17259186064afba811d40f72d6c6e20bbb99729ed36e51ee7221,2005-01-11,39,Rodrigo Valdés Pulido,39,Rodrigo Valdés Pulido,CONTEXTO_REVISADO,,RPM-2005-01-11:T37,SIN_CONTINUIDAD_CONFIRMADA,,"Al respecto, el señor Gerente de División señala que; 1. En la reunión de política monetaria de diciembre, el Consejo decidió mantener la tasa de interés de política en 2,25%. Con los antecedentes disponibles se concluía que, a diferencia de los meses previos, la actividad no tenía una aceleración adicional que las medidas de la tendencia inflacionaria seguían aumentando lentamente desde niveles reducidos y que el ritmo de aumento de los costos seguía siendo acotado. Se consideró que tanto subir como mantener la tasa de política monetaria era coherente con la estrategia de normalización pausada de la política monetaria, la cual no cambiaba con la información disponible. Se decidió que mantener la tasa era apropiado para justamente remarcar la gradualidad del proceso de normalización. En el comunicado respectivo, el Consejo reafirmó que, en el escenario más probable, continuaría reduciendo pausadamente el marcado estímulo monetario prevaleciente, de manera de mantener una trayectoria esperada para la inflación en torno a 3% anual en el horizonte habitual de política. 2. Los antecedentes acumulados desde la última reunión dan cuenta de que continúan las principales tendencias observadas en la economía nacional en los últimos meses, con una inflación acotada y una actividad más dinámica, todo ello en un entorno internacional favorable. En efecto, las cifras de crecimiento económico continúan altas y han sido algo superiores a las proyectadas. La inversión sigue aumentando en la tendencia de los últimos meses y, más allá de temas de registro de alta frecuencia, las exportaciones siguen creciendo con fuerza. La creación de empleo ha confirmado su dinamismo de los últimos tres meses y se aprecian expectativas positivas. En paralelo, las medidas de la tendencia inflacionaria siguen repuntado desde niveles reducidos, aunque la inflación subyacente IPCX1 una vez más se situó marginalmente por debajo de lo presupuestado. El ritmo de aum ento de los distintos costos sigue siendo sorprendentemente acotado, en particular los costos laborales unitarios privados, que caen en 12 meses en lo más reciente (y pesan casi 75% en la estructura de costos del IPCX1), y el tipo de cambio multilateral, que tuvo una disminución real cercana a 2,5% desde la última reunión (y pondera poco menos de 10% en ese mismo indicador). Finalmente, las distintas medidas de expectativas de inflación se mantienen por debajo de 3%, en particular la compensación inflacionaria en instrum entos financieros a distintos plazos. 3. De acuerdo con las proyecciones preparadas para el Informe de Política Monetaria, este cuadro de dinamismo del sector real, de inflación reducida aunque aumentando gradualmente, e incremento tenue de los costos implica que la inflación continuará siendo baja en el corto plazo, pero aumentará progresivamente más adelante. En particular, se espera que, en promedio, la inflación se ubique en el piso del rango meta en los próximos cuatro trimestres, para aumentar hacia 3% el año siguiente. Todo ello bajo el supuesto de trabajo de un aumento paulatino de la tasa de política monetaria. Los antecedentes acum ulados, por lo tanto, no parecen suficientes como para modificar la estrategia de normalización pausada de la política monetaria. De hecho, la trayectoria de la tasa de política monetaria implícita en las proyecciones no difiere mayormente de la considerada en las proyecciones de septiembre pasado. 4. Con estos antecedentes, y al igual que en los últimos meses, se puede descartar la opción de dism inuir la tasa de interés. A continuación, el señor Valdés analiza las opciones de mantenerla, o aumentarla en una magnitud a determinar. 5. Por un lado, la opción de no aumentar la tasa de política monetaria podría justificarse si se evalúa necesario una normalización más lenta a la contemplada en el escenario central de proyecciones, o incluso postergarla por un tiempo. Esto porque dos meses consecutivos sin aum entos no parecen coherentes con el ritmo utilizado como supuesto de trabajo en las proyecciones actuales, e incluso se alejan de lo implícito en las tasas de interés de m ercado para el mediano plazo, salvo que se considere como probable hacer aumentos significativos de la tasa de política monetaria más adelante, lo cual es en principio poco deseable. Sin aumentos más bruscos más adelante, una estrategia de normalización postergada implicaría una proyección de inflación en el escenario central más elevada, por encima de 3% para el mediano plazo, lo que hace poco recomendable esta opción. 6. Por otro lado, se podría argumentar a favor de un aumento mayor a 25 puntos base, tom ando en cuenta el dinamismo que está exhibiendo la economía, el que se acompaña con un considerable impulso monetario (refrendado en una tasa de interés real cercana a cero en un plazo de un año y un marcado crecimiento del crédito y de los agregados monetarios), y el hecho de que varios de los escenarios de riesgo configuran un balance posiblemente sesgado al alza hacia la inflación, especialmente en el mediano plazo. A ello se agrega que no es evidente que un aumento de esta magnitud sea contradictorio con el ritmo de normalización supuesto en las proyecciones, si más adelante hay pausas. Sin embargo, es discutible que un aumento como éste pueda entenderse como parte de un proceso pausado, especialmente después de que se mantuvo la tasa de política monetaria en condiciones que apuntaban a un panorama de mediano plazo similar al que se enfrenta en esta reunión. Por lo tanto, sería una dosis que, por coherencia temporal, parece excesiva. Además, en caso de estimarse como adecuada, es posible de repartir en más de una reunión. 7. Finalmente, un aumento de 25 puntos base en esta reunión es coherente con el ritmo de normalización considerado en las proyecciones, el que permite mantener la inflación proyectada en torno a 3% en el horizonte habitual de política."
SOLO_METADATOS,39,1287aaa3350ee8c3ba5cab088ac2a8af0e7c32d26319de0a9d61e6d50b5b4d4a,2005-01-11,40,Rodrigo Valdés Pulido,40,Rodrigo Valdés Pulido,CONTEXTO_REVISADO,,RPM-2005-01-11:T38,SIN_CONTINUIDAD_CONFIRMADA,,"Respecto de elementos de táctica, cabe mencionar que, dependiendo de la encuesta, una parte importante o una mayoría relativa del mercado y analistas, no espera un aumento en esta reunión, lo cual es una situación que se previó en la reunión de un mes atrás. Sin embargo, una eventual mantención de la tasa de política monetaria podría reafirmar una percepción errónea de que se persigue una normalización más lenta del estímulo monetario, o, aun peor, que una alta inflación mensual es un requisito previo a aumentar la tasa, cuando lo relevante para esta decisión son las proyecciones de mediano plazo. En todo caso, dadas las expectativas prevalecientes, cabe suponer que un alza de 25 puntos base tendrá algunos efectos en precios financieros, en el sentido opuesto a los que tuvo la decisión de la reunión pasada, cuando se esperaba un alza. Sin embargo, en la medida en que se mantenga la percepción de que la trayectoria de normalización seguirá siendo pausada y no ha cambiado mayormente, las magnitudes involucradas deberían ser acotadas."
SOLO_METADATOS,120,f33d3ed14fc7b8f112ba70a0ddd5e543a4b1f595ed6f70b8712974f13b356508,2005-02-10,121,Rodrigo Valdés Pulido,121,Rodrigo Valdés Pulido,CONTEXTO_REVISADO,,RPM-2005-02-10:T49,SIN_CONTINUIDAD_CONFIRMADA,,"Al respecto, el señor Gerente de División señala que: 1. En la reunión de política monetaria de enero, el Consejo decidió aumentar la tasa de interés de política en 25 puntos base, a 2,5%. Con los antecedentes disponibles se concluyó que continuaban las principales tendencias identificadas en meses recientes: una inflación acotada, con medidas subyacentes que aumentaban lentamente desde niveles reducidos, y una actividad cada vez más dinámica. La disminución de holguras resultante recomendaba seguir normalizando la política monetaria, la que continuaba siendo considerablemente expansiva. La inflación acotada, por su parte, permitía que el ritmo de ajustes de la tasa de interés siguiera siendo pausado. El aumento de la tasa de política monetaria en la reunión anterior era coherente con aportar señales respecto de este ritmo de normalización. 2. La minuta de antecedentes preparada para esta reunión, da cuenta de que continúan las principales tendencias mencionadas, aunque con novedades que indican un mayor crecimiento. El entorno internacional relevante se mantiene favorable, con un precio del cobre que ha persistido en niveles superiores a US$ 1,42 por libra, por encima de lo proyectado en la reunión anterior, y un precio del petróleo que también se mantiene elevado, aunque ha vuelto a los niveles observados antes de la reunión anterior. La de actividad interna creció 7,7% en diciembre, aproximadamente un punto porcentual más que lo previsto hace un mes. La inversión en maquinaria y equipos sigue aumentando en la tendencia de los últimos meses, sorprendiendo al no dar muestras de atenuar su marcado dinamismo. Los indicadores de consumo se mantienen robustos, mientras se aprecia un aumento en las últimas mediciones de las expectativas de los hogares. En el mercado laboral se confirma la mayor creación de empleos, a una tasa anualizada cercana a 7% durante la segunda mitad de 2004. 3. Por el lado de precios y costos, las medidas de la tendencia inflacionaria siguen aumentando lentamente, con la inflación subyacente IPCX1 en línea con las proyecciones del último Informe de Política Monetaria. Asimismo, la tasa de crecimiento anual de los costos laborales unitarios privados se mantiene negativa, situación que, en todo caso, no se ha profundizado. Por su parte, el tipo de cambio bilateral y multilateral ha mostrado un leve aumento durante el último mes, el que se ha revertido parcialmente en los últimos días. Finalmente, las distintas medidas de expectativas de inflación han aumentado, ubicándose cerca de 3% las de mayor plazo, incluyendo la compensación inflacionaria en instrumentos financieros a cinco y diez años. 4. Con estos antecedentes, considerando el aumento de la tasa de interés de la reunión pasada, las opciones más plausibles son mantener la tasa de política monetaria o aumentarla en 25 puntos base."
SOLO_METADATOS,121,1fd7df4fc59ff688edad4f37f6162a6b6f35d41ed40d4b10070de41079642ed9,2005-02-10,122,Rodrigo Valdés Pulido,122,Rodrigo Valdés Pulido,CONTEXTO_REVISADO,,RPM-2005-02-10:T50,SIN_CONTINUIDAD_CONFIRMADA,,"5. En principio, los antecedentes acumulados son coherentes con mantener la estrategia de normalización pausada de la política monetaria aplicada desde septiembre pasado, pues ellos parecen insuficientes para modificar de manera significativa el escenario macroeconómico más probable. Sin embargo, si el escenario alternativo de persistencia de las noticias positivas de actividad sigue cobrando importancia, se podría justificar aumentar levemente el ritmo de normalización, aumento que en todo caso podría seguir siendo gradual, en la medida que las presiones inflacionarias actuales se mantengan acotadas. Por lo tanto, las novedades permiten descartar la idea de reducir el ritmo de normalización porque, mientras la inflación siga un curso como el previsto, la situación de mayor crecimiento implicará un mayor uso de las holguras de capacidad que lo anticipado en las proyecciones. 6. Como se ha discutido en otras oportunidades, en esta estrategia de normalización pausada de la política monetaria tienen cabida tanto alzas sucesivas durante algunos meses como pausas en otros, siendo la acumulación de antecedentes mes a mes un elemento fundamental para definir el ritmo preciso. Así, luego de un mes en que se aumentó la tasa de política monetaria, en la estrategia de normalización pausada tienen cabida tanto la mantención de la tasa de política monetaria en esta reunión como un aumento de 25 puntos base. 7. La mayoría de los antecedentes coyunturales apoya un nuevo aumento de tasa de política monetaria en esta reunión. Como se ha visto, por el lado de la inflación efectiva hay relativamente pocas novedades, mientras que el mayor uso de las holguras de capacidad estaría progresando más rápidamente que lo previsto. A ello se suman mejores indicadores de expectativas de hogares y empresas. En este cuadro resulta recomendable continuar transitando hacia una política monetaria más neutral desde el actual nivel considerablemente expansivo, de manera de asegurar que, dados los rezagos que tiene dicha política, el estimulo monetario sea coherente con una inflación proyectada en 3% en el horizonte habitual de política de 12 a 24 meses. 8. Ahora bien, también sería posible justificar mantener la tasa de política monetaria en su nivel actual si se evaluara que detrás del mayor crecimiento existe una expansión especialmente vigorosa del producto potencial, comparable a la del producto efectivo — y, por lo tanto, un cierre de brechas menos pronunciado— y se ponderara más el reducido aumento de los costos laborales. Ambos efectos atenuarían las futuras presiones de precios. La validez de este cuadro, sin embargo, puede ser contrastada con el comportamiento de las medidas de la tendencia inflacionaria, las que deberían mostrar algún grado de estancamiento si las holguras efectivamente fuesen elevadas y persistentes. Aunque las medidas mencionadas siguen aumentando lentamente, todas ellas van en la misma dirección por alrededor de varios meses. 9. En la presente reunión, los elementos tácticos tienen mayor importancia que la habitual. Al respecto cabe considerar, que en los últimos meses la gradualidad del proceso de normalización se ha asociado con pausas en los cambios de la tasa de política monetaria mes por medio. Esta situación ha sido relativamente incorporada en la estructura de precios financieros prevaleciente y, en esta oportunidad, una mayoría relativa del mercado no espera un cambio en la tasa de política monetaria. En efecto, la encuesta a analistas del Banco Central de Chile reveló un expectativa mayoritaria de mantención de la tasa (aunque su fecha de cierre fue previa a la divulgación del Imacec), y las encuestas de los servicios informativos realizadas en el día de ayer también dan cuenta de una expectativa mayoritaria por la mantención de la misma. Un alza sucesiva rompería la secuencia descrita y, posiblemente, sería percibida como un leve aumento del ritmo de normalización."
SOLO_METADATOS,180,78a9eccfa0e38e54f4de38791765728007a3108bbd9cfe3642fa90e71e1851a7,2005-03-10,182,Sergio Lehmann Beresi,182,Sergio Lehmann Beresi,CONTEXTO_REVISADO,,RPM-2005-03-10:T30,SIN_CONTINUIDAD_CONFIRMADA,CARGO_EN_DISCURSO_POR_VERIFICAR,"El Gerente de Análisis Financiero, señor Sergio Lehmann, estima que es importante también poner sobre el tapete de la discusión algo que se mencionó en la reunión de la mañana que se refiere al balance de riesgo, que, al menos, desde el punto de vista de la División Internacional, es más bien negativo, desde el punto de vista de la inflación externa que, al parecer, puede presentar algunas presiones en ese sentido, así como también en lo referente al precio del petróleo, y por lo tanto, desde el punto de vista de la estrategia táctica habría que tomar en consideración esos escenarios de manera de no aparecer también sobrerreaccionando."
SOLO_METADATOS,264,f231d358e8696661d84e781d491c3c203cb72dfc51b5d624e3cda06e5c7d44be,2005-05-12,306,Rodrigo Valdés Pulido,306,Rodrigo Valdés Pulido,CONTEXTO_REVISADO,,RPM-2005-05-12:T42,SIN_CONTINUIDAD_CONFIRMADA,,"Al respecto, el señor Gerente de División señala que: 1. En la reunión de política monetaria de abril, el Consejo decidió aumentar la tasa de interés de política en 25 puntos base a 3%. En esta decisión se consideró que, más allá de cierta volatilidad en la inflación mensual, provocada por los aumentos en el precio internacional del petróleo, las distintas mediciones de la tendencia inflacionaria seguían aumentando gradualmente. Por su parte, el gasto interno continuaba exhibiendo una expansión robusta, mientras el crecimiento de la actividad mostraba una intensidad un poco menor que en trimestres pasados. Este escenario era apoyado por condiciones monetarias en Chile que continuaban siendo claramente expansivas y por un entorno internacional favorable, pero cuyos riesgos se habían incrementado. 2. Los antecedentes acumulados desde la última reunión muestran que las condiciones externas se mantienen favorables, aunque al igual que el mes pasado se aprecian focos de incertidumbre más marcados. Los precios del petróleo y del cobre han descendido marginalmente en las últimas semanas desde sus elevados niveles, pero dentro de lo esperado en el escenario central del mes pasado. 3. Respecto de las condiciones internas, el crecimiento de la actividad sigue siendo sólido, por encima del PIB de tendencia, aunque con bastante diversidad sectorial y confirmando un ritmo de expansión menos intenso que durante el primer semestre del 2004. Sorprendió la debilidad relativa del crecimiento industrial, que se ha compensado con el mayor empuje de comercio y construcción. La demanda interna ha seguido creciendo a tasas elevadas, con una inversión fija que sigue expandiéndose con vigor y aparentemente con mayor acumulación de inventarios y crecimiento del consumo. Las cifras del mercado laboral han vuelto a mostrar mayor fortaleza. Los indicadores de expectativas han decaído algo, pero se mantienen positivos para empresas y algo por debajo del nivel neutral para las familias, probablemente influidos por las noticias del sector energía. 4. Las condiciones financieras internas siguen siendo claramente expansivas, lo que se aprecia en el alto crecimiento de los agregados de crédito y dinero. Cabe destacar, además, la disminución adicional de las tasas de interés en UF de mediano y largo plazo. 5. Con respecto a los precios, la inflación mensual del IPC resultó dos décimas por encima de lo proyectado, mientras que el IPCX1 estuvo dos décimas por debajo. A pesar de esto último, la mayoría de las medidas de la tendencia de la inflación sigue aumentando gradualmente. El aumento de los salarios, por su parte, se compensa con la mayor productividad del trabajo. Las medidas de inflación esperada a distintos plazos se ubican cerca de 3%, con la compensación inflacionaria a 5 y 10 años por sobre esa cifra. 6. De acuerdo con las proyecciones preparadas para el Informe de Política Monetaria, el cuadro de progresivo cierre de brechas y aumento gradual de la tendencia inflacionaria continuará en los próximos trimestres. La propagación del shock del precio del petróleo y la utilización de las holguras de capacidad —que se copan hacia fines del horizonte de proyección— explican el aumento esperado de la tendencia inflacionaria. En particular, se proyecta que el PIB crezca 5,7% este año y 5,5% el próximo, mientras que la inflación se proyecta en 2,5% a 12 meses y en 3,2% a 24 meses, en una trayectoria convergente a 3%. Todo ello bajo el supuesto de trabajo de un aumento gradual de la tasa de política monetaria. Suponiendo que se mantiene fija la tasa de política monetaria hasta el segundo semestre, ello involucraría aumentos sucesivos (en todas las reuniones) durante dos a tres trimestres, para recién después seguir un patrón pausado."
SOLO_METADATOS,265,ef5431b707bc183d7206a53c4b741660d3f6322ea48bcdc4e308d169d2d3aeb2,2005-05-12,307,Rodrigo Valdés Pulido,307,Rodrigo Valdés Pulido,CONTEXTO_REVISADO,,RPM-2005-05-12:T43,SIN_CONTINUIDAD_CONFIRMADA,,"7. Con estos antecedentes, las opciones que parecen más plausibles para esta reunión son aumentar la tasa de política monetaria en 25 puntos base o mantenerla en su nivel actual. 8. La principal justificación para aumentar la tasa de política monetaria es el escenario central de proyecciones. En efecto, este cuadro incluye una normalización pausada de la política monetaria, necesaria para mantener una convergencia de la inflación a 3% en el horizonte de política, convergencia que en este caso incluso se proyecta que ocurrirá algo más allá del horizonte de política. La necesidad de normalización refleja que la política monetaria es todavía claramente expansiva y que las holguras de actividad se copan en los próximos dos años. Aunque siempre es posible postergar esta normalización de la tasa de política monetaria, en el escenario central ello involucra que hacia delante sea más difícil tener pausas y eleva el riesgo de tener que realizar movimientos más abruptos en el futuro. 9. Considerando que la acumulación de antecedentes mes a mes es un elemento fundamental para definir el ritmo preciso de los ajustes de la tasa de política monetaria, cabe mencionar el elevado aumento del IPC (aunque explicado por el mayor precio del petróleo), las mayores expectativas de inflación, la expansión del gasto interno, la fortaleza del empleo y el crecimiento de los distintos agregados monetarios y de crédito como factores que podrían hacer recomendable no postergar un aumento de la tasa de política monetaria. 10. Al mismo tiempo, es posible justificar mantener la tasa de política monetaria en esta reunión, considerando los escenarios de riesgo que se enfrentan y que sesgan su balance hacia abajo en el caso del crecimiento. En particular, la aparente mayor acumulación de inventarios (suponiendo que es no deseada), la relativa concentración del crecimiento de la actividad en algunos sectores específicos, el cambiante escenario internacional y la eventualidad de que la magnitud y/o los efectos de los recortes de gas y el incremento del precio del petróleo sobre la producción y la demanda privada sean más negativos de lo previsto, son todos factores que podrían retrasar el cierre de holguras y demorar la convergencia de la tendencia inflacionaria al 3%. Estas consideraciones modifican en algo la importancia del riesgo de aumentar la tasa de política monetaria y luego tener que pausar de manera relativamente prolongada, respecto del riesgo de tener que realizar ajustes más abruptos en el futuro si se decide mantener la tasa de política monetaria en esta ocasión. 11. Además de los factores de riesgo, se debe mencionar la nula variación mensual del IPCX1 y los datos de actividad del último mes, en particular de industria, y la disminución de la confianza de los hogares como antecedentes coyunturales que apoyarían la mantención. 12. Finalmente, cabe destacar que para esta reunión existe una expectativa mayoritaria de aumento de 25 puntos base, por lo que un ajuste de esta magnitud no debería tener consecuencias mayores sobre los precios de los activos y las perspectivas futuras de política monetaria. Dada esta expectativa, cabe considerar cómo se entendería la mantención de la tasa de política monetaria. Un riesgo es que se interprete como que el Banco Central de Chile tiene una evaluación más negativa de la coyuntura real, elemento que si bien está presente en los escenarios alternativos, no lo está tan claramente en el escenario central. El riesgo opuesto es que un alza consecutiva de la tasa de política monetaria sea entendida como un endurecimiento de la trayectoria más probable de la política monetaria, más allá de lo considerado en las proyecciones. Aunque ambos riesgos pueden aminorarse con una redacción cuidadosa del comunicado, este segundo riesgo parece ser más fácil de acotar a través de ese medio."
SOLO_METADATOS,458,500eca88f7b96f8f480a11bfa4da516aa463898b301b5ce6ba7f7fc2196ebe97,2005-11-10,557,Pablo García Silva,557,Pablo García Silva,CONTEXTO_REVISADO,,RPM-2005-11-10:T9,SIN_CONTINUIDAD_CONFIRMADA,,"El señor Gerente responde que, efectivamente la inflación subyacente ha estado más baja de lo proyectado."
SOLO_METADATOS,506,aa7efe74ac2d46954631ae46ff00e6e104e89ba5ee2472c0278c735030ba48b0,2005-12-13,608;609;610;611;612;613;614;615;616;617,Vittorio Corbo Lioi;Sergio Lehmann Beresi;Vittorio Corbo Lioi;Pablo García Silva;Vittorio Corbo Lioi;Sergio Lehmann Beresi;Nicolás Eyzaguirre Guzmán;Sergio Lehmann Beresi;Jorge Desormeaux Jiménez;Vittorio Corbo Lioi,608,Vittorio Corbo Lioi,SUJETO_ROL_NOMBRE,,RPM-2005-12-13:T2,INICIO_EXPLICITO,,"El Presidente señor Vittorio Corbo señala que en esta oportunidad, como le ha informado el Gerente de División Estudios, señor Rodrigo Valdés, el Gerente de Análisis Internacional, señor Sergio Lehmann Beresi hará la exposición del análisis del escenario internacional y posteriormente el Gerente de Análisis Macroeconómico, señor Pablo García efectuará la exposición del escenario nacional. En consideración a lo anterior, el Presidente señor Vittorio Corbo ofrece la palabra al Gerente de Análisis Internacional, señor Sergio Lehmann Beresi. II."
SOLO_METADATOS,506,aa7efe74ac2d46954631ae46ff00e6e104e89ba5ee2472c0278c735030ba48b0,2005-12-13,608;609;610;611;612;613;614;615;616;617,Vittorio Corbo Lioi;Sergio Lehmann Beresi;Vittorio Corbo Lioi;Pablo García Silva;Vittorio Corbo Lioi;Sergio Lehmann Beresi;Nicolás Eyzaguirre Guzmán;Sergio Lehmann Beresi;Jorge Desormeaux Jiménez;Vittorio Corbo Lioi,609,Sergio Lehmann Beresi,ANAFORA_LOCAL,,RPM-2005-12-13:T3,SIN_CONTINUIDAD_CONFIRMADA,ATRIBUCION_POR_ANAFORA;FINAL_SIN_PUNTUACION,"Exposición El señor Gerente señala que, respecto al escenario internacional, mirando los eventos del último mes, éste se muestra más favorable de lo que se veía hace un mes atrás. En particular, se observa que la proyección de crecimiento mundial se ha revisado al alza, fundamentalmente por indicadores de actividad en economías desarrolladas que han sido positivos durante el mes, y cifras efectivas de expansión, en particular para la zona Euro y Japón, mejores a lo que se anticipaba. Por su parte, la trayectoria del precio del cobre ha sido más elevada de lo que se preveía mientras que el precio del petróleo ha disminuido levemente durante este mes. Por lo tanto, los términos de intercambio, han exhibido una evolución positiva durante las últimas semanas. Por otro lado, se ha atenuado la preocupación por la inflación en economías desarrolladas, esto fundamentalmente ante reducciones en los precios de combustibles que han llevado a niveles de inflación algo más bajos en las principales economías desarrolladas. Ello ha contribuido a que las tasas de interés internacionales a largo plazo hayan disminuido, aunque en el margen. Agrega el Gerente señor Lehmann, que se mantienen las expectativas de alza de TPM en Estados Unidos de América. El BCE, por su parte, ha subido su tasa de política monetaria por primera vez en dos años. En este contexto, las condiciones financieras externas se han mantenido favorables, sumándose a la disminución marginal en las tasas de interés de largo plazo una evolución general positiva de los spreads soberanos. Asimismo, indica el señor Gerente, los riesgos se habrían atenuado. Destaca los menores registros de inflación de economías desarrolladas que han disminuido las preocupaciones de incrementos más acelerados de las tasas de interés internacionales, aunque de todas maneras se mantiene como un factor de riesgo. También se ha reducido el riesgo respecto de un ajuste en el crecimiento mundial producto de mayores precios del petróleo. Esto, primero, ante la evidencia que la economía mundial no se ha desacelerado no obstante los elevados precios de combustibles y, segundo, debido a que ante la estabilidad mostrada por el precio del petróleo las preocupaciones respecto de su evolución se han reducido. Hace presente también, que respecto a datos particulares, en especial para Estados Unidos de América, se aprecia que la confianza de los consumidores ha tenido una evolución positiva durante el último mes. Respecto al índice ISM, de Gerentes de Compra, se visualiza una perspectiva positiva tanto para el sector manufacturero como no manufacturero. Indica que en cuanto al empleo, éste ha mantenido una trayectoria positiva. La creación de nuevos puestos de trabajo sigue relativamente sólida. En el mismo sentido, las solicitudes de beneficio de desempleo se han mostrado por debajo de los niveles habituales, lo cual es consistente con lo señalado anteriormente, en cuanto a que el empleo en los Estados Unidos de América se mantiene sólido. Respecto a producción industrial y ventas minoristas, es posible señalar que, descontando los efectos de huracanes durante septiembre, se ha retomado una trayectoria positiva. Señala el Gerente señor Lehmann, que un tema importante que ha recogido cierta atención en el último tiempo se refiere al sector inmobiliario. Al respecto, señala que las ventas de viviendas han seguido mostrando una trayectoria positiva, sobre todo lo referente a viviendas nuevas. Sin embargo en cuanto a precios, indica que existe una atenuación en el ritmo de expansión y eso, determinando un riesgo algo menor respecto de un ajuste abrupto en este sector. En relación al clima negocios en la zona Euro, se aprecia que éstos han mejorado en el margen, particularmente en el caso de Francia e Italia; y en el caso de Alemania mostró una pequeña reversión en el último mes, pero en general la tendencia durante este año ha sido positiva. Respecto al índice de percepciones de gerente de compras, se observa una situación similar, tanto para los sectores de manufacturas y servicios. Sin embargo, el principal punto de debilidad en la zona Euro es la confianza de consumidores, que se ha mantenido relativamente negativa, dando cuenta de una demanda interna que se ha mantenido débil, lo que ha continuado durante el último mes. Señala que en Japón, por su parte, los indicadores de El señor Lehmann hace presente, que en términos globales, las proyecciones de crecimiento muestran revisiones al alza tanto en los países desarrollados como en algunas regiones emergentes, y eso determina que el crecimiento mundial sería una décima más alta de lo que se preveía hace un mes atrás, tanto para el 2005 como para el 2006. Sin embargo, destaca que en el caso de América Latina, dado el crecimiento negativo de Brasil para el tercer trimestre y menor al esperado en el caso de México, su expansión sería algo menos de lo que se proyectaba. Atenúa esta revisión el alza en el crecimiento esperado de Argentina. Indica también, que en relación a commodities, el precio del cobre ha mantenido al alza. Al respecto, señala que la trayectoria sería algo más elevada de lo que se veía en noviembre. Agrega, asimismo, que el precio del molibdeno también ha mostrado una trayectoria positiva, destacando particularmente la evolución durante este año, en que se ha mantenido sobre US$ 30 la libra, casi diez veces por sobre su promedio histórico. En cuanto a proyecciones del precio del cobre, el promedio para 2005, terminaría en torno a US$ 167 centavos la libra. Lo anterior, suponiendo que se mantendrían estables durante diciembre los precios actuales para el cobre, que se sitúan en torno a US$ 208 centavos la libra. Para el próximo año, se observa una revisión al alza, de algo menos de 10 centavos. Señala que los desarrollos más recientes, no obstante, podrían llevar a nuevos aumentos en la cifra proyectada para el próximo año. En lo que dice relación con el precio del petróleo, éste se ha mantenido relativamente estable en torno a US$ 60 el barril aproximadamente. Los movimientos en términos de precios futuros respecto a los que se apreciaba en noviembre son bastante marginales, levemente hacia abajo. Respecto a proyecciones, 2005 cerraría con un precio cercano a US$ 56 el barril. Para el próximo año se prevé un precio similar, suponiendo una trayectoria levemente decreciente en los próximos meses. Agrega, que la lectura para el 2006, se encuentra por debajo de lo que se preveía en noviembre, cuando aún estaba influenciado por la situación derivada de los huracanes en Estados Unidos de América. Respecto al precio de la gasolina, indica el señor Gerente, que en línea con el precio del petróleo, así como también el hecho que se hayan solucionado los problemas de refinación en el Golfo de México, ha mostrado una trayectoria hacia la baja. Más en el margen, en el mercado de Estados Unidos de América, ha mostrado un alza, que tendría asociada un componente de estacionalidad. Sin perjuicio de lo anterior, el señor Gerente señala que la trayectoria en general es más bien tranquilizadora. En línea con ello, la evolución de los inventarios de combustibles para calefacción, muestra una leve recuperación, lo que es importante en consideración del invierno que comienza a enfrentar el hemisferio norte. En cuanto a inflación internacional, tras las alzas derivadas del aumento en el precio de la gasolina, ha mostrado una reversión. La inflación Core en Estados Unidos de América, medida tanto por PCE como por IPC muestran una estabilidad en torno a 2%. En el caso de la zona Euro, se aprecia un comportamiento similar, es decir, IPC aumentando, pero la inflación Core se ha mantenido relativamente estable, en este caso, algo por debajo de 1,5%. En cuanto a expectativas para la política monetaria, tanto en Estados Unidos de América como en Europa, el Gerente señor Lehmann señala que, en general, no hay cambios significativos en el último mes. En Estados Unidos de América se aprecia un leve movimiento de la curva hacia abajo. Lo anterior, ante el cambio de lenguaje que se desprende del acta de la última reunión de política monetaria de la FED, pero se mantiene la expectativa de cerrar el próximo año en 4,75%, que de hecho se alcanzaría más bien hacia fines del primer semestre. En el caso de Europa, la trayectoria es muy similar a la observada hace un mes, que ya descontaba un aumento de 25 puntos base para la última reunión. Agrega, que en la curva de rendimiento, respecto al IPoM se aprecia un aumento significativo, pero marginalmente hacia la baja en el último mes, ante las menores preocupaciones respecto de la inflación, tanto en Estados Unidos"
SOLO_METADATOS,506,aa7efe74ac2d46954631ae46ff00e6e104e89ba5ee2472c0278c735030ba48b0,2005-12-13,608;609;610;611;612;613;614;615;616;617,Vittorio Corbo Lioi;Sergio Lehmann Beresi;Vittorio Corbo Lioi;Pablo García Silva;Vittorio Corbo Lioi;Sergio Lehmann Beresi;Nicolás Eyzaguirre Guzmán;Sergio Lehmann Beresi;Jorge Desormeaux Jiménez;Vittorio Corbo Lioi,610,Vittorio Corbo Lioi,SUJETO_ROL_NOMBRE,,RPM-2005-12-13:T4,INICIO_EXPLICITO,,"A continuación, el Presidente señor Vittorio Corbo ofrece la palabra al Gerente de Análisis Macroeconómico."
SOLO_METADATOS,506,aa7efe74ac2d46954631ae46ff00e6e104e89ba5ee2472c0278c735030ba48b0,2005-12-13,608;609;610;611;612;613;614;615;616;617,Vittorio Corbo Lioi;Sergio Lehmann Beresi;Vittorio Corbo Lioi;Pablo García Silva;Vittorio Corbo Lioi;Sergio Lehmann Beresi;Nicolás Eyzaguirre Guzmán;Sergio Lehmann Beresi;Jorge Desormeaux Jiménez;Vittorio Corbo Lioi,611,Pablo García Silva,SUJETO_ROL_NOMBRE,,RPM-2005-12-13:T5,INICIO_EXPLICITO,,"Exposición El Gerente de Análisis Macroeconómico señor Pablo García, señala que desde la última reunión, el buen escenario externo se ha vuelto incluso más favorable y sus riesgos se han moderado, gracias al sostenido crecimiento que se observa en diversas zonas, la relativa normalización del mercado de los combustibles y el fuerte incremento del precio del cobre. Internamente, esto ha influido en tasas de interés de largo plazo algo menores, una apreciación significativa del peso, registros inflacionarios coyunturales bastante por debajo de lo previsto el mes anterior y menores expectativas de inflación. Agrega el señor García, que la expansividad de las condiciones financieras sigue siendo significativa pese al incremento de la tasa de política monetaria. La actividad industrial ha mostrado un menor dinamismo, la demanda interna sigue creciendo fuerte y hay antecedentes de que habrá revisiones al alza en el PIB del sector de comunicaciones de los últimos trimestres. En el mercado laboral siguen disminuyendo las holguras. Para el corto plazo, se espera que la inflación anual se mantenga cerca del techo del rango meta. Así, tanto en la inflación como en el crecimiento anual el escenario de corto plazo vuelve a ser más parecido al contemplado en el IPoM. El escenario externo se ha vuelto más favorable. No sólo las perspectivas de crecimiento global, el precio del cobre y diversos indicadores coyunturales en las principales economías se muestran más auspiciosos, sino que el precio del petróleo y de sus derivados se ha mantenido estable luego de los fuertes incrementos de meses recientes. Los menores registros inflacionarios y la trayectoria contenida de la inflación subyacente han tendido a acotar el ritmo esperado de incremento de tasas en Estados Unidos de América. De esta forma, las condiciones financieras continúan siendo ventajosas. Internamente, las tasas de interés de mediano y largo plazo dejaron de subir, incluso disminuyendo en el caso de los documentos nominales. De todas formas, aún sigue el muy favorable acceso al financiamiento de consumo, mientras el crédito comercial sigue dinámico. El impacto de la reducción del impulso monetario de los últimos meses sobre la expansividad de las condiciones financieras se ha visto gradualmente reflejado en las tasas de letras hipotecarias, la postergación de algunas colocaciones de bonos corporativos y el tono menos boyante de las recientes emisiones de acciones. El peso, en términos tanto nominales como reales, mostró una apreciación adicional en semanas recientes, posiblemente vinculada con los desarrollos regionales y la mejoría de los términos del intercambio. Con esto, el tipo de cambio real se ubica por debajo de varias estimaciones para valores de largo plazo coherentes con términos de intercambio normales. Las noticias de actividad han sido mixtas. Por un lado, la industria mostró señales adicionales de menor dinamismo, las que son difíciles de atribuir con confianza a factores específicos. Por otro lado, antecedentes preliminares hacen esperar que con la revisión habitual anual, el crecimiento del PIB se incremente en unas pocas décimas debido al dinamismo que muestra el En el mercado laboral destaca la continuada reducción de la tasa de desempleo. Sin embargo, el incremento de la ocupación agregada se detuvo de manera brusca en el último trimestre móvil, coincidiendo con una fuerte caída de la tasa de participación. Esto se vincula posiblemente a factores puntuales, como la caída más intensa en la ocupación por cuenta propia y los menores planes de empleo público. El repunte de las vacantes, luego de varios trimestres de estabilidad, indica que el mercado laboral continúa fomentando una fuerte creación de empleos, situación que también se observa en la encuesta de la Asociación Chilena de Seguridad, y que las holguras siguen disminuyendo. Otro síntoma de que las holguras del mercado laboral disminuyen es el comportamiento de las remuneraciones y de la productividad. El costo de la mano de obra se expande a tasas del orden de 5% nominal en el margen, mientras la productividad del trabajo se mantiene plana o incluso cae. Este escenario, en todo caso, no ha redundado en presiones inflacionarias subyacentes evidentes. De hecho, la inflación anualizada y desestacionalizada del IPCX1 se mantiene en los últimos cinco meses cerca de 3%, algo por debajo de lo proyectado en el IPoM, en tanto el resto de las medidas de tendencia inflacionaria detuvo su aumento. En el resto de los componentes del IPC, lo que más ha variado ha sido el precio de los combustibles. En esto ha incidido la baja del petróleo a nivel mundial, la contracción del diferencial de refinación y la apreciación del peso. Es importante notar, de todas formas, que el actual esquema de estabilización del precio interno y la política de precios de la ENAP son significativamente menos predecibles que en el pasado. Así, la inflación del IPC se ha ubicado bastante por debajo de lo proyectado hace un mes atrás, a pesar de que los precios de aquellos productos perecibles que incidieron significativamente en meses pasados se han tendido a normalizar de acuerdo a lo previsto. Concluye el señor Gerente de Análisis Macroeconómico, señalando que el panorama inflacionario de corto plazo también se ve significativamente más acotado que hace un mes. La inflación del IPC debería mantenerse en torno al techo del rango meta en los próximos meses. Lo que ocurra luego, a partir del segundo semestre de 2006, dependerá crucialmente de la trayectoria subyacente de los precios, la que, como se ha indicado, continúa acotada. Las expectativas privadas, por su parte, han incorporado un panorama inflacionario de mediano plazo que sigue siendo benigno."
SOLO_METADATOS,506,aa7efe74ac2d46954631ae46ff00e6e104e89ba5ee2472c0278c735030ba48b0,2005-12-13,608;609;610;611;612;613;614;615;616;617,Vittorio Corbo Lioi;Sergio Lehmann Beresi;Vittorio Corbo Lioi;Pablo García Silva;Vittorio Corbo Lioi;Sergio Lehmann Beresi;Nicolás Eyzaguirre Guzmán;Sergio Lehmann Beresi;Jorge Desormeaux Jiménez;Vittorio Corbo Lioi,612,Vittorio Corbo Lioi,SUJETO_ROL_SESION,,RPM-2005-12-13:T6,INICIO_EXPLICITO,FRAGMENTO_BREVE,El Presidente ofrece la palabra para comentarios.
SOLO_METADATOS,506,aa7efe74ac2d46954631ae46ff00e6e104e89ba5ee2472c0278c735030ba48b0,2005-12-13,608;609;610;611;612;613;614;615;616;617,Vittorio Corbo Lioi;Sergio Lehmann Beresi;Vittorio Corbo Lioi;Pablo García Silva;Vittorio Corbo Lioi;Sergio Lehmann Beresi;Nicolás Eyzaguirre Guzmán;Sergio Lehmann Beresi;Jorge Desormeaux Jiménez;Vittorio Corbo Lioi,613,Sergio Lehmann Beresi,SUJETO_ROL_NOMBRE,,RPM-2005-12-13:T7,INICIO_EXPLICITO,,"En relación al escenario internacional, el Gerente de Análisis Internacional, don Sergio Lehmann agrega respecto al EMBI Global que, en el caso de Chile, éste se ha mantenido estable y el salto que se observa respecto a un mes y medio atrás es más bien una situación de carácter técnico, pero en realidad la lectura general es que se ha mantenido marginalmente estable, hacia la baja."
SOLO_METADATOS,506,aa7efe74ac2d46954631ae46ff00e6e104e89ba5ee2472c0278c735030ba48b0,2005-12-13,608;609;610;611;612;613;614;615;616;617,Vittorio Corbo Lioi;Sergio Lehmann Beresi;Vittorio Corbo Lioi;Pablo García Silva;Vittorio Corbo Lioi;Sergio Lehmann Beresi;Nicolás Eyzaguirre Guzmán;Sergio Lehmann Beresi;Jorge Desormeaux Jiménez;Vittorio Corbo Lioi,614,Nicolás Eyzaguirre Guzmán,SUJETO_ROL_SESION,,RPM-2005-12-13:T8,INICIO_EXPLICITO,,"Al respecto, consulta el señor Ministro de Hacienda si el carácter técnico a que se refiere el señor Lehmann dice relación con CODELCO."
SOLO_METADATOS,506,aa7efe74ac2d46954631ae46ff00e6e104e89ba5ee2472c0278c735030ba48b0,2005-12-13,608;609;610;611;612;613;614;615;616;617,Vittorio Corbo Lioi;Sergio Lehmann Beresi;Vittorio Corbo Lioi;Pablo García Silva;Vittorio Corbo Lioi;Sergio Lehmann Beresi;Nicolás Eyzaguirre Guzmán;Sergio Lehmann Beresi;Jorge Desormeaux Jiménez;Vittorio Corbo Lioi,615,Sergio Lehmann Beresi,CONTEXTO_REVISADO,,RPM-2005-12-13:T9,SIN_CONTINUIDAD_CONFIRMADA,,"Sobre el particular, el Gerente mencionado indica que el bono de esa empresa a treinta años tuvo un spread de algo más de cien puntos base y que eso alteró algo la lectura del EMBI Global respecto de Chile."
SOLO_METADATOS,506,aa7efe74ac2d46954631ae46ff00e6e104e89ba5ee2472c0278c735030ba48b0,2005-12-13,608;609;610;611;612;613;614;615;616;617,Vittorio Corbo Lioi;Sergio Lehmann Beresi;Vittorio Corbo Lioi;Pablo García Silva;Vittorio Corbo Lioi;Sergio Lehmann Beresi;Nicolás Eyzaguirre Guzmán;Sergio Lehmann Beresi;Jorge Desormeaux Jiménez;Vittorio Corbo Lioi,616,Jorge Desormeaux Jiménez,SUJETO_ROL_NOMBRE,,RPM-2005-12-13:T10,INICIO_EXPLICITO,,"El Consejero señor Desormeaux, respecto de la situación internacional y a lo expuesto por el Gerente señor Lehmann, señala que sería conveniente separar lo que es la situación de Asia, ya que le parece que un 80% de lo que se presenta corresponde a este último continente."
SOLO_METADATOS,506,aa7efe74ac2d46954631ae46ff00e6e104e89ba5ee2472c0278c735030ba48b0,2005-12-13,608;609;610;611;612;613;614;615;616;617,Vittorio Corbo Lioi;Sergio Lehmann Beresi;Vittorio Corbo Lioi;Pablo García Silva;Vittorio Corbo Lioi;Sergio Lehmann Beresi;Nicolás Eyzaguirre Guzmán;Sergio Lehmann Beresi;Jorge Desormeaux Jiménez;Vittorio Corbo Lioi,617,Vittorio Corbo Lioi,SUJETO_ROL_NOMBRE,,RPM-2005-12-13:T11,INICIO_EXPLICITO,,"El Presidente don Vittorio Corbo señala, que en resumen en la parte internacional la situación ha mejorado en el margen, tanto en crecimiento como en materia de riesgos. Estos últimos han disminuido, especialmente en los Estados Unidos de América, Japón y China, y en menor medida también en Europa, por lo que se visualizan mejores perspectivas en los indicadores de confianza empresarial. Agrega que en cuanto a los commodities, el cobre se ha afirmado y el petróleo se ha movido en paralelo, estabilizándose en torno a los US$ 60."
SOLO_METADATOS,555,0a8d7a48977fc47d640b90299c859f5d148396546a1cd19fd9e073e32ba0a9a6,2006-01-12,699,Pablo García Silva,699,Pablo García Silva,CONTEXTO_REVISADO,,RPM-2006-01-12:T28,SIN_CONTINUIDAD_CONFIRMADA,,"Al respecto, el citado Gerente señala que un dólar de precio del petróleo tiene un impacto entre 70 y 100 millones de dólares; y agrega, que en el caso de precio del cobre, un centavo de dólar implica alrededor de 60 millones de dólares en la cuenta corriente."
SOLO_METADATOS,569,67f9f8f72d31bb470f246298d30abb032419634bddfe52c15fa00d67906c737c,2006-01-12,713,Enrique Marshall Rivera,713,Enrique Marshall Rivera,SUJETO_ROL_NOMBRE,,RPM-2006-01-12:T42,INICIO_EXPLICITO,,"El Consejero señor Enrique Marshall, aprovecha de agradecer al staff los Informes que han preparado para esta reunión. Señala, que comienza destacando los antecedentes que le parecen relevantes para adoptar una decisión sobre la tasa de política monetaria, en esta oportunidad. Agrega el señor Consejero, que las condiciones externas que enfrenta la economía siguen siendo muy favorables y que los riesgos de inflación en los países industrializados permanecen acotados; la actividad interna muestra el desarrollo de un ciclo expansivo que tiende a converger hacia un crecimiento de tendencia, si bien el gasto ha seguido creciendo con vigor las proyecciones disponibles anticipan una desaceleración para este año. La tendencia inflacionaria muestra una rápida convergencia hacia los valores centrales del rango meta: las expectativas permanecen bien ancladas; los valores esperados por el mercado para los próximos 12 a 24 meses apuntan al 3%; el peso permanece apreciado en términos nominales reales y no se esperan ajustes drásticos en el futuro próximo. Si se hace un balance de las novedades producidas desde la última reunión, las positivas dominan a las negativas, y el mercado espera que el Banco Central prosiga ajustando la tasa de interés, pero admite que la corrección puede seguir distintos cursos y ritmos a lo largo del año. El Consejero señor Marshall agrega que en lo que se refiere a la decisión que corresponde adoptar en esta reunión las expectativas están bastante divididas, como se ha señalado. Con estos antecedentes las dos opciones son atendibles en esta oportunidad, coincidiendo plenamente con lo señalado en la Minuta de la Gerencia de División Estudios por mantener, por segundo mes consecutivo, la tasa de política monetaria o bien aumentarla en 25 puntos base. Indica que ambas opciones son concordantes con la política de gradual normalización de las condiciones monetarias y financieras que siguen siendo la política correcta para estas circunstancias, sin embargo ambas opciones conllevan riesgos. Por un lado está el riesgo de tener que reaccionar con mayor intensidad en los próximos meses si los agregados crediticios siguen expandiéndose como lo han hecho y el gasto no se ajusta con lo proyectado. Por otro lado, está el riesgo de afectar innecesariamente el normal desarrollo del ciclo por el que atraviesa la economía. Estima, que haciendo un balance, el riesgo de postergar un ajuste de 25 puntos base le parece menor, considerando que la corrección esperada es perfectamente compatible con distintas secuencias de ajustes a lo largo del año. Por estas consideraciones, el señor Marshall vota por mantener la tasa de política monetaria en su actual nivel."
SOLO_METADATOS,570,029764cd7732ea699bedc8c694b7c1d52d735626e186ac54ca480074abbb54f1,2006-01-12,714,Manuel Marfán Lewis,714,Manuel Marfán Lewis,SUJETO_ROL_NOMBRE,,RPM-2006-01-12:T43,INICIO_EXPLICITO,,"El Consejero señor Manuel Marfán, como siempre, agradece el análisis del staff-, y señala que en esta oportunidad los beneficia por la preparación del Informe de Política Monetaria que será dado a conocer la próxima semana. Hace presente que respecto de la coyuntura internacional, se ha retomado una trayectoria ascendente de los precios de las materias primas especialmente el petróleo y el cobre y se corre el riesgo de que esa trayectoria sea más empinada que la considerada en el escenario central. Agrega que se ha reducido la probabilidad de un ajuste brusco en los Estados Unidos de América y las expectativas son que el ciclo de alzas de tasas en esa economía está llegando a su fin. En el frente interno, se ha evidenciado una desaceleración de la actividad la que en el escenario central se asume transitoria. La evidencia detrás de ese supuesto es más bien circunstancial, la corrección de las cifras del año por la incidencia del sector telecomunicaciones muestra con más nitidez esa desaceleración a lo largo de 2005. El dinamismo de la demanda interna, en tanto, ha tendido a concentrarse en la inversión en bienes de capital importados y en el consumo de bienes durables importados. Las perspectivas de inflación finalmente son tranquilizadoras para el horizonte habitual de política; los costos laborales unitarios, si bien se han acelerado, están dentro de la trayectoria consistente con el logro de la meta; el tipo de cambio nominal ha dejado de apreciarse desde la Reunión de Política Monetaria anterior, aunque el nivel del tipo de cambio real sigue por debajo de sus fundamentos de largo plazo; los precios de los activos tienen implícita una trayectoria de la tasa de política monetaria en el mediano plazo que es consistente con el escenario central en torno a cuatro y cinco alzas de 25 puntos base para este año, y para esta oportunidad, en particular, las opiniones estas divididas. En este contexto, señala el señor Consejero, que hay buenos argumentos para mantener o para elevar la tasa de política monetaria. Hace presente el Consejero señor Manuel Marfán, que el argumento principal, que a su juicio inclina la balanza, es la consideración del error de tipo dos, es decir cuál es el costo en que se incurriría de mantener la tasa, cuando lo correcto hubiera sido subirl a; vis a vis cuál es el costo de subir la tasa cuando lo correcto hubiera sido mantenerl a. En el primer caso, un costo importante de mantener, a su juicio, cuando lo correcto fuera subir, sería un eventual aplanamiento de la curva forward, es decir, que el mercado interpretara esta segunda pausa como una modificación más profunda en el ritmo de aumento de tasas hacia futuro, y ese es un efecto que no desean, ya que con el escenario central están tranquilos con la curva forward actual. Sin embargo, señala el señor Consejero, que la probabilidad de que esto ocurra tiene que ver con cuál es el golpe de expectativas que una eventual mantención pudiera generar. Asimismo, hace presente que el hecho de que el mercado esté tan dividido muestra que, en realidad, una mantención no debiera sorprender a los analistas. También hay algún costo marginal en términos de la trayectoria de muy corto plazo del tipo de cambio nominal, que pudiera eventualmente acelerarse y la actividad también pudiera sobreacelerarse, pero que no son de alto riesgo dado los montos pequeños, y que en futuras reuniones de política monetaria, esos son efectos que eventualmente pudieran revertirse. Manifiesta el señor Marfán que en el segundo caso, es decir, si subieran la tasa cuando lo correcto fuera mantenerl a, tiene como costo aumentar la actual brecha cambiaria en el sentido de que si el tipo de cambio real actual está por debajo de sus fundamentales de largo plazo, la decisión de política si tiende a acentuar esa brecha o a reducida, no son de costos simétricos, y también puede tener el efecto de generar una partida falsa desde el soft patch que están recién experimentando y por lo tanto, a su juicio, los efectos del error de tipo dos, en este segundo caso, tienden a inclinar la balanza a que los costos de equivocarse son menores al mantener hoy día, en vez de los costos en que se pudiera incurrir si elevaran la tasa. Finalmente, señala que no es correcto incluir en las deliberaciones el hecho de si hay o no presiones políticas en sus decisiones, ya que a su juicio, es tan incorrecto ceder a esas presiones, como tomar exactamente la decisión opuesta para demostrar que no ceden a ellas, porque en cualquiera de los dos casos significa que las presiones influyeron en la decisión y al respecto, afirma que lo correcto es que éstas no influyan en la decisión, la que se debería tomar con absoluta libertad de conciencia. Por lo tanto, su voto es por mantener, en esta oportunidad, la tasa de política monetaria. El señor Marfán hace presente, que la redacción del comunicado debe ser muy clara respecto del ritmo o de la evolución de la instancia de política hacia futuro, de manera de evitar lo que a su juicio pudiera ser un costo de esta decisión, que es el aplanamiento de la curva forward."
SOLO_METADATOS,752,0b3217c705e49f20004ce5c48ecad519346158e3e81390f424e2cf878bc38ba7,2006-07-13,1009,Enrique Marshall Rivera,1009,Enrique Marshall Rivera,SUJETO_ROL_NOMBRE,,RPM-2006-07-13:T21,INICIO_EXPLICITO,,"El Consejero señor Enrique Marshall hace una observación, en cuanto al trato dado a Chile por los mercados financieros. Indica el señor Consejero, que el bono de Chile se ha mantenido permanentemente, por debajo en materia de spread, del rendimiento exigido a los Bonos Clase A en los Estados Unidos de América. A continuación,."
SOLO_METADATOS,1923,43bc8834429e7dd1c19c068121fef592958a11556fefa8518eaa78d6c5a615c0,2008-07-10,2628;2629;2630;2631;2632;2633;2634;2635,José De Gregorio Rebeco;Andrés Velasco Brañes;Sergio Lehmann Beresi;José De Gregorio Rebeco;Sergio Lehmann Beresi;José De Gregorio Rebeco;Pablo García Silva;Sergio Lehmann Beresi,2628,José De Gregorio Rebeco,SUJETO_ROL_NOMBRE,,RPM-2008-07-10:T12,INICIO_EXPLICITO,FINAL_SIN_PUNTUACION,El Presidente don José De Gregorio comenta que en Brasil cayó el precio de la energía
SOLO_METADATOS,1923,43bc8834429e7dd1c19c068121fef592958a11556fefa8518eaa78d6c5a615c0,2008-07-10,2628;2629;2630;2631;2632;2633;2634;2635,José De Gregorio Rebeco;Andrés Velasco Brañes;Sergio Lehmann Beresi;José De Gregorio Rebeco;Sergio Lehmann Beresi;José De Gregorio Rebeco;Pablo García Silva;Sergio Lehmann Beresi,2629,Andrés Velasco Brañes,CONTEXTO_REVISADO,,RPM-2008-07-10:T13,SIN_CONTINUIDAD_CONFIRMADA,,"y el señor Ministro de Hacienda agrega que en México y Perú los precios de ios combustibles están fijos en moneda local, pero que, sin embargo, la electricidad en Chile ha subido dos, tres o cuatro veces el incremento que ha experimentado en otros países."
SOLO_METADATOS,1923,43bc8834429e7dd1c19c068121fef592958a11556fefa8518eaa78d6c5a615c0,2008-07-10,2628;2629;2630;2631;2632;2633;2634;2635,José De Gregorio Rebeco;Andrés Velasco Brañes;Sergio Lehmann Beresi;José De Gregorio Rebeco;Sergio Lehmann Beresi;José De Gregorio Rebeco;Pablo García Silva;Sergio Lehmann Beresi,2630,Sergio Lehmann Beresi,SUJETO_ROL_SESION,,RPM-2008-07-10:T14,INICIO_EXPLICITO,,"El Gerente de Análisis Internacional continúa su presentación, señalando que bajo este escenario han aumentado de manera significativa las expectativas inflacionarias. Indica que la gráfica muestra las expectativas inflacionarias en distintas regiones, incluyendo Chile y también China para 2008 y 2009, y que claramente las tendencias son, para la generalidad de los casos, inflaciones esperadas promedio para Consensos Forecast. Para Chile y América Latina, es la inflación esperada a diciembre de cada año. Para el año 2009 también se esperan aumentos de expectativas inflacionarias mucho más moderados y de hecho los niveles, como se puede apreciar en la gráfica que se exhibe, en algún grado son marginalmente más bajos. Indica el señor Lehmann que con datos de mayo probablemente, no se recogen las sorpresas inflacionarias de junio, y seguramente no se muestra el caso particular de Chile. No obstante, los aumentos de TPM en las economías desarrolladas serían menos pronunciados, como en el caso de Estados Unidos de América. Agrega que se muestran los futuros de TPM, hace un mes atrás, comparados con los que se recogen hoy día. En el caso de la Zona Euro, el cambio es un poco más marcado. En el caso de Japón no hay cambios significativos. Destaca particularmente en el caso de Estados Unidos de América, que la curva tuvo bastantes movimientos, de hecho hace dos o tres semanas atrás, probablemente si se hubiese graficado esta línea habría salido muy arriba, es decir, el mercado estaba esperando tres aumentos de TPM. Luego, a propósito de las preocupaciones en términos de actividad y también de nuevos ruidos en los mercados financieros , esto ha tendido a moderarse y hoy día las expectativas de aumento de TPM están bastante más cargadas hacia una tendencia más moderada. Indica que la gráfica muestra lo que se está viendo en materia de expectativas de tasa hoy día; lo que se estaba viendo hace un mes atrás donde está bastante marcado como posición mayoritaria una TPM en 3% en diciembre de 2008; y hoy día se está pensando entre 2 y 2,5%, con probabilidades bastante similares."
SOLO_METADATOS,1923,43bc8834429e7dd1c19c068121fef592958a11556fefa8518eaa78d6c5a615c0,2008-07-10,2628;2629;2630;2631;2632;2633;2634;2635,José De Gregorio Rebeco;Andrés Velasco Brañes;Sergio Lehmann Beresi;José De Gregorio Rebeco;Sergio Lehmann Beresi;José De Gregorio Rebeco;Pablo García Silva;Sergio Lehmann Beresi,2631,José De Gregorio Rebeco,SUJETO_ROL_NOMBRE,,RPM-2008-07-10:T15,INICIO_EXPLICITO,,El Presidente señor José De Gregorio consulta si esta situación es posterior al último discurso de Ben Bernanke.
SOLO_METADATOS,1923,43bc8834429e7dd1c19c068121fef592958a11556fefa8518eaa78d6c5a615c0,2008-07-10,2628;2629;2630;2631;2632;2633;2634;2635,José De Gregorio Rebeco;Andrés Velasco Brañes;Sergio Lehmann Beresi;José De Gregorio Rebeco;Sergio Lehmann Beresi;José De Gregorio Rebeco;Pablo García Silva;Sergio Lehmann Beresi,2632,Sergio Lehmann Beresi,CONTEXTO_REVISADO,,RPM-2008-07-10:T16,SIN_CONTINUIDAD_CONFIRMADA,,"Al respecto el señor Gerente indica que estos valores son spot, 9 de junio y 9 de julio."
SOLO_METADATOS,1923,43bc8834429e7dd1c19c068121fef592958a11556fefa8518eaa78d6c5a615c0,2008-07-10,2628;2629;2630;2631;2632;2633;2634;2635,José De Gregorio Rebeco;Andrés Velasco Brañes;Sergio Lehmann Beresi;José De Gregorio Rebeco;Sergio Lehmann Beresi;José De Gregorio Rebeco;Pablo García Silva;Sergio Lehmann Beresi,2633,José De Gregorio Rebeco,SUJETO_NOMBRE,,RPM-2008-07-10:T17,INICIO_EXPLICITO,,"El señor De Gregorio indica que en dicho discurso el señor Bernanke señaló que sería incoherente seguir dando líneas especiales de liquidez y estar subiendo tasas y como dice en otra parte de su discurso, estas líneas especiales de liquidez van a llegar hasta final de año."
SOLO_METADATOS,1923,43bc8834429e7dd1c19c068121fef592958a11556fefa8518eaa78d6c5a615c0,2008-07-10,2628;2629;2630;2631;2632;2633;2634;2635,José De Gregorio Rebeco;Andrés Velasco Brañes;Sergio Lehmann Beresi;José De Gregorio Rebeco;Sergio Lehmann Beresi;José De Gregorio Rebeco;Pablo García Silva;Sergio Lehmann Beresi,2634,Pablo García Silva,SUJETO_ROL_SESION,,RPM-2008-07-10:T18,INICIO_EXPLICITO,,"El Gerente de División Estudios comenta que el ECS piensa lo contrario. En el caso del ECS, señala el señor Gerente que el mercado tiene incorporado de todas formas una probabilidad casi completa de un aumento final hacia fin de año en su Tasa de Política Monetaria. Indica que las tasas largas en Estados Unidos de América se han ajustado a la baja más por preocupaciones que por crecimiento, pero que también hubo cierta volatilidad en el mercado. Hoy día, menciona el señor Gerente, si se compara con la tasa de hace un mes atrás, la tasa larga ha caído 30 puntos base, pero en algún momento hace unas tres o cuatro semanas atrás, la tasa estaba claramente más alta y posteriormente, a propósito de las preocupaciones por actividad y nuevos ruidos en los mercados financieros, ha tenido una caída importante."
SOLO_METADATOS,1923,43bc8834429e7dd1c19c068121fef592958a11556fefa8518eaa78d6c5a615c0,2008-07-10,2628;2629;2630;2631;2632;2633;2634;2635,José De Gregorio Rebeco;Andrés Velasco Brañes;Sergio Lehmann Beresi;José De Gregorio Rebeco;Sergio Lehmann Beresi;José De Gregorio Rebeco;Pablo García Silva;Sergio Lehmann Beresi,2635,Sergio Lehmann Beresi,SUJETO_NOMBRE,,RPM-2008-07-10:T19,INICIO_EXPLICITO,,"Agrega el señor Lehmann que las compensaciones inflacionarias que se muestran graficadas están relativamente estables, pero en el margen. Indica que si se observa la ajustada en particular, tiene una ligera tendencia hacia el alza en las últimas dos semanas . Menciona el señor Gerente que en el caso de Europa hubo bastante más ruido, incluso en algún momento hubo una expectativa de un ECS más hawkish, más duro en materia inflacionaria, pero tras el aumento de 25 puntos base de algunas semanas atrás, y a una lectura un poco más dovish de la actitud que pudiese tener el Sanco Central Europeo en materia de tasas a propósito nuevamente de la incertidumbre en materia de actividad , la tasa tendió a devolverse 9 puntos base si uno compara con la cifra de hace un mes atrás. En el caso de Japón, comenta el señor Gerente que hay una marcada preocupación por actividad, lo que está en línea con lo que se presentó en algunas láminas anteriores , y que por ello la tasa ha tendido a caer. Indica el señor Gerente que las paridades han tenido también cierta volatilidad. En términos netos, se observa una cierta depreciación del Dólar, en línea con expectativas un poco más moderadas en materia de aumento de tasas, lo que ha sido relativamente generalizado particularmente en la Zona Euro. Señala que en el margen ha habido también una cierta depreciación respecto a monedas de economías emergentes. Indica que se tiene un promedio de una canasta más o menos amplia y que el Dólar ha tendido tamb ién en el margen a depreciarse. Menciona el señor Gerente que las bolsas han tendido a caer, en línea con la mayor preocupación por actividad y señala que también hay percepciones de un riesgo algo mayor en los mercados financieros. Indica que en la gráfica se muestran las bolsas emergentes que caen de manera muy pronunciada; las bolsas en economías desarrolladas han tenido alguna recuperación en el margen, pero probablemente la tendencia es bien marcada, bien clara durante el mes, y los spreads, particularmente los EMBI Global han aumentado, y los spreads de High Yield, de empresas con baja clasificación de riesgo en Estados Unidos de América, también han aumentado de manera importante. Comenta el señor Gerente que en la gráfica que se exhibe se observa que en materia de percepciones de riesgo respecto a los bancos, destaca el hecho que ha habido un aumento del riesgo percibido. El CDS de bancos en Estados Unidos de América aumenta claramente y lo mismo sucede para bancos del Reino Unido y Europa. Agrega el señor Gerente que, en términos de riesgo, no se está para nada todavía cercanos a los niveles que se percibían hace algún tiempo atrás, pero claramente ha habido un aumento importante. Los premios por liquidez, agrega el Gerente señor Lehmann, se mantienen estables en el caso de Estados Unidos de América , ayudados por cierto con las declaraciones del Presidente de la Reserva Federal y por el compromiso que dicha Institución ha manifestado en materia de ayuda a los mercados financieros, pero en el margen los spreads en términos de liquidez se observan algo más altos. En el caso de Europa han tendido más bien a moderarse, a bajar. Señala que la curva ha tenido de todas maneras algún movimiento importante durante el mes, de acuerdo a noticias que van verificándose. Señala el señor Gerente que los movimientos negativos que se aprecian son generalizados en las economías emergentes y desarrolladas. Comenta que hay bolsas que caen. La gráfica muestra el movimiento en bolsas desde el IPoM y en otra columna , desde la última Reunión de Política Monetaria, y claramente este movimiento ha sido negativo. Destaca especialmente el señor Lehmann la caída en la bolsa de Nueva Zelanda yen la bolsa China. Ante una consulta del Presidente señor José De Gregario, el señor Lehman indica que estas caídas son en moneda local. Agrega además, que los spreads CDS han tendido a aumentar de manera importante en prácticamente todas las economías emergentes. Menciona que la caída de los precios de activos en las econom ías emergentes responde a salidas de capital. Señala que la gráfica muestra los flujos acumulados en doce meses por región y en todas se aprecia, con la excepción de Europa emergente, que están bastante estables, pero se observan salidas de capital en Asia, en América Latina y en el grupo de economías emergentes . Respecto a los commodities, comenta el señor Gerente que sus precios han tendido a aumentar. Muestra en la gráfica aumentos en el precio del petróleo de 5%, cobre 8% y granos en torno a 10%. Respecto al mercado del petróleo, señala que éste continúa estrecho. El señor Gerente muestra en la gráfica el desbalance del mercado del petróleo. Destaca la columna que señala consumo menos producción y comenta que se ha ido acumulando sistemáticamente un desbalance. Por lo tanto, este déficit se ha estado supliendo fundamentalmente con inventarios. Esa situación ha estado detrás del empuje del precio del petróleo y el hecho que se haya sostenido en niveles relativamente altos se explica por una oferta mundial que ha tendido a caer. El último dato que se tiene disponible es a junio reciente , y por cierto, está por debajo de lo que se observaba hace algunos meses atrás. No obstante, la demanda también ha tendido a ajustarse, pero el balance sigue siendo muy estrecho, más bien cero si uno proyectara para 2009, lo que ha permitido sostener el precio en niveles inesperadamente altos. Los futuros, comenta el señor Gerente, apuntan hacia precios elevados, contrario a la convergencia a valores bajos que se indicaba hace algunos años atrás. Indica que la gráfica que se exhibe muestra la evolución del precio del petróleo dólar por barril desde 1984 hasta hoy día; y que también se muestra en el margen qué está pasando con los futuros que aparecen claramente estables. Comenta el señor Gerente que a mediados de la década, los precios futuros tendían más bien a converger. Señala que ese es un argumento que se ha observado por parte de algunos analistas: converger hacia niveles más bajos. Menciona el señor Gerente que hoy día se tiende a pensar en precios que se sostienen en niveles extraordinariamente elevados, probablemente porque hay factores de demanda que han estado detrás de esta evolución, tal vez menos marcadamente que en el pasado y que probablemente, si se observara en los años 90, se vería algo parecido. Indica el señor Gerente que la función de distribución del precio del petróleo en este contexto ha tendido a moverse hacia precios más altos y en línea con ese hecho, también los precios de largo plazo han tendido a aumentar. Comenta que lo que se exhibe son los precios de largo plazo que se recogen de Consensus Forecast, Deutsche Bank, Merril Lynch y Barclays."
SOLO_METADATOS,2058,2fc395fbcec3ed25b3d474918990c3ec5083ed0b65ee1cf85b020ecf6f04ae74,2008-09-04,2827;2828;2829;2830,José De Gregorio Rebeco;Manuel Marfán Lewis;Claudio Soto Gamboa;José De Gregorio Rebeco,2827,José De Gregorio Rebeco,SUJETO_ROL_NOMBRE,,RPM-2008-09-04:T18,INICIO_EXPLICITO,,El Presidente señor José De Gregorio ofrece la palabra para comentarios.
SOLO_METADATOS,2058,2fc395fbcec3ed25b3d474918990c3ec5083ed0b65ee1cf85b020ecf6f04ae74,2008-09-04,2827;2828;2829;2830,José De Gregorio Rebeco;Manuel Marfán Lewis;Claudio Soto Gamboa;José De Gregorio Rebeco,2828,Manuel Marfán Lewis,SUJETO_ROL_NOMBRE,,RPM-2008-09-04:T19,INICIO_EXPLICITO,,"En relación a la información entregada por el Gerente de Análisis Macroeconómico señor Claudio Soto sobre al publicación de los datos del IMACEC, el Consejero señor Manuel Marfán consulta qué productos comprende la industria de no transables."
SOLO_METADATOS,2058,2fc395fbcec3ed25b3d474918990c3ec5083ed0b65ee1cf85b020ecf6f04ae74,2008-09-04,2827;2828;2829;2830,José De Gregorio Rebeco;Manuel Marfán Lewis;Claudio Soto Gamboa;José De Gregorio Rebeco,2829,Claudio Soto Gamboa,CONTEXTO_REVISADO,,RPM-2008-09-04:T20,SIN_CONTINUIDAD_CONFIRMADA,,"El Gerente mencionado señala que dicho rubro comprende el pan, los alcoholes, cervezas, tabaco, imprentas, productos plásticos, vidrios. Un sector que tuvo un dinamismo bastante considerable a comienzos de año y que en la actualidad se encuentra más bien estancado."
SOLO_METADATOS,2058,2fc395fbcec3ed25b3d474918990c3ec5083ed0b65ee1cf85b020ecf6f04ae74,2008-09-04,2827;2828;2829;2830,José De Gregorio Rebeco;Manuel Marfán Lewis;Claudio Soto Gamboa;José De Gregorio Rebeco,2830,José De Gregorio Rebeco,SUJETO_ROL_NOMBRE,,RPM-2008-09-04:T21,INICIO_EXPLICITO,,"El Presidente señor José De Gregorio consulta si acaso los datos del comercio no presentan algunos problemas en sus mediciones, ya que le parece raro que el aumento de ese sector esté ligado a la venta de alimentos. Agrega, que se podría pensar que el grueso de ese aumento pudiera ser nominal, puesto que cree que resulta extraño que con el alza de precios la gente esté adquiriendo mayor cantidad de alimentos."
ESTRUCTURAL,2438,4bc5829d9e1dbee20cffecba5e927ffd142cb41772f3df765647597ad28737cc,2009-03-12,3343;3344,José De Gregorio Rebeco;Consejo del Banco Central de Chile,3343,José De Gregorio Rebeco,SUJETO_ROL_NOMBRE,,RPM-2009-03-12:T76,INICIO_EXPLICITO,,"El Presidente señor José De Gregorio comenta que desde el mes de enero del año 2009, el Banco Central de Chile ha bajado agresivamente la Tasa de Política í\/lonetaria de manera de alinearla con el nuevo escenario macroeconómico de una débil actividad y de una sustancial caída de la inflación. Señala el señor Presidente que el panorama macroeconómico ha cambiado drásticamente en los últimos meses, lo que ha sido acompañado por un cambio coherente con ello de la Política Monetaria. Indica que tal como se ha argumentado en reuniones anteriores, esta reducción de la tasa ha respondido al deterioro del escenario central del último IPoM, lo que se comenzó a observar con fuerza con los datos de actividad e inflación en febrero, pero también como una forma de proteger a la economía ante los riesgos de un deterioro aún mayor de la situación internacional, algo que se ha estado dando durante este primer trimestre. Cree que dados los riesgos y los severos cambios en las proyecciones, resulta importante anticipar o hacer frontloading, de la política monetaria. Manifiesta que los datos más recientes confirman un panorama de mayor debilidad y menor inflación para los siguientes trimestres, lo que sugiere que la instancia de política monetaria debiera ser más expansiva que la actual y que la transmisión de ésta está ocurriendo de manera adecuada. Por otra parte, señala que las tasas de captaciones y colocaciones se han estado ajustando y que las tasas de los mercados financieros también han caído. No obstante, comenta el Presidente señor De Gregorio que las noticias más recientes indican que la tasa debería estar algo por debajo de lo que se esperaba el mes pasado, en particular por la revisión de las cifras del año 2008, que son algo peores de lo esperado y las expectativas de inflación que han caído. Menciona que en general, la situación es de debilidad, pero no mayor que la esperada en la última Reunión de Política Monetaria. Comenta el Presidente señor José De Gregorio que la discusión de hoy debería ser en qué magnitud se debería bajar la Tasa de Política Monetaria. A su juicio, éste debiera ser el último movimiento agresivo de manera de dejar la tasa en un nivel donde los futuros movimientos sean más graduales. Sin embargo, menciona que no se puede descartar que las tasas sigan reduciéndose en el futuro, algo que es altamente probable, pero esto debiera ser en magnitudes menores, lo que sugiere un cambio significativo como el del mes pasado. No obstante, no le parece razonable que hoy se haga un cambio mayor de 250 puntos base. Señala que esa le parece una dosis adecuada, además que permite ubicarse en una tasa suficientemente expansiva, y dentro de los rangos esperados por el mercado, lo que debiera permitir que la transmisión de la política monetaria siga operando normalmente. Agrega que un cambio mayor podría dar una señal inesperada y, tal como señala la Gerencia de División Estudios, interpretarse como que el Banco Central de Chile cuenta con información más negativa que la que ya tiene internalizada el mercado. Asimismo, señala el Presidente señor José De Gregorio que el grado de expansividad que tendrá la política monetaria debiera finalizar el agresivo proceso de frontloading, lo que la sitúa en un nivel donde se cubren riesgos de un deterioro adicional de la economía mundial y sus repercusiones sobre la actividad interna. En lo más probable, habrá nuevas rebajas de tasas, pero éstas debieran ser de magnitudes menores. A su parecer, las condiciones actuales justifican concluir este proceso en la menor Tasa de Política Monetaria desde que se nominalizó , pero se puede avanzar con gradualidad. Agrega que en su opinión, no existen razones ni datos para no bajarla en los próximos meses por debajo de 1,75%, a no ser que se considere que la decisión en ese entonces no fue la adecuada. Menciona el Presidente señor José De Gregorio que se ha generado un espacio suficiente para estar, como se dice en la jerga de política monetaria, ""adelante de la curva"". Señala que obviamente estas estrategias tienen el riesgo de que de mejorar el panorama, haya que revertir el curso de la política monetaria, lo que no lo percibe como un problema, primero porque es muy improbable y segundo, porque las decisiones del último año demuestran que se tiene la flexibilidad, y la economía las fortalezas, para digerir cambios importantes en el curso de la política monetaria. Por las razones expuestas, el Presidente señor José De Gregorio señala que su voto es por una rebaja de 250 puntos base y considera además, que es importante comunicar que no vendrán cambios futuros agresivos, por cuanto la tasa ya se ha ubicado en un nivel suficientemente bajo y consistente con el contexto macroeconómico, aunque señala que sí se debiera destacar que lo más probable es que las tasas se sigan reduciendo. Finalmente, indica que, en su opinión, se debe analizar cómo se comunicará a qué tasa se convergerá y como han cambiado las perspectivas de crecimiento e inflación para este año."
ESTRUCTURAL,2438,4bc5829d9e1dbee20cffecba5e927ffd142cb41772f3df765647597ad28737cc,2009-03-12,3343;3344,José De Gregorio Rebeco;Consejo del Banco Central de Chile,3344,Consejo del Banco Central de Chile,ACTA/META,ACUERDO_CONSEJO,RPM-2009-03-12:T77,INSTITUCIONAL,,"136-01-090312-T a s a de Política Monetaria. En su reunión mensual de política monetaria, el Consejo del Banco Central de Chile acordó reducir la tasa de interés de política monetaria en 250 puntos base, hasta 2,25% anual. Comunicado ""En su reunión mensual de política monetaria, el Consejo del Banco Central de Chile acordó reducir la tasa de interés de política monetaria en 250 puntos base, hasta 2,25% anual. Esta decisión se fundamenta en la perspectiva de un rápido descenso de la inflación y aproxima la tasa de política a un nivel coherente con el entorno macroeconómico actual y sus riesgos. En el ámbito externo, los datos más recientes indican que las perspectivas de crecimiento global para este año se han continuado deteriorando, mientras que persiste la incertidumbre respecto del plazo en que se resolverán los problemas financieros globales. Aunque el precio del cobre ha aumentado, los precios de los productos básicos se mantienen en niveles bajos. En el plano interno, la información disponible para la actividad del primer trimestre de este año muestra tasas de variación interanual negativas, fundamentalmente por la fuerte desaceleración observada a fines del año 2008. El desempleo ha aumentado. Las condiciones crediticias se mantienen estrechas, pero comienzan a reflejar el impacto del mayor estímulo monetario. En febrero, el conjunto de indicadores de inflación mostró reducidas presiones inflacionarias. La dinámica salarial sigue ajustada a patrones históricos. Las expectativas de inflación han descendido y se prevé una rápida disminución hacia la meta. El Consejo estima que podrían ser necesarias reducciones adicionales de la TPM, aunque de magnitud y frecuencia comparables a patrones históricos. Con ello, el Consejo reafirma su compromiso de conducir la política monetaria de manera que la inflación proyectada se ubique en 3% en el horizonte de política.”"
ESTRUCTURAL,2839,21524c6553a8081fb48b0d7f5903961adb7a53afeea1bafc52768f0a3253ef93,2009-12-15,4153;4154,José De Gregorio Rebeco;Consejo del Banco Central de Chile,4153,José De Gregorio Rebeco,SUJETO_ROL_SESION,,RPM-2009-12-15:T70,INICIO_EXPLICITO,,"El señor Presidente subraya, tal como indicara el Ministro de Hacienda Subrogante, que tampoco se puede descartar el uso de políticas no convencionales para asegurar el logro de la meta, aunque esto no le parece aconsejable en esta Reunión, dado que en el escenario central la convergencia a la meta se logrará con la mantención de la tasa hasta al menos el segundo trimestre del próximo año. Ajuicio del señor De Gregorio, para considerar estas medidas no convencionales se deberían observar precios de activos desalineados de manera significativa de lo estimado como necesario para producir el cierre de brechas y el alza en la tasa de inflación. En razón de lo anterior, el Presidente, señor José De Gregorio, vota por mantener la TPM en 0,5%."
ESTRUCTURAL,2839,21524c6553a8081fb48b0d7f5903961adb7a53afeea1bafc52768f0a3253ef93,2009-12-15,4153;4154,José De Gregorio Rebeco;Consejo del Banco Central de Chile,4154,Consejo del Banco Central de Chile,ACTA/META,ACUERDO_CONSEJO,RPM-2009-12-15:T71,INSTITUCIONAL,,"147-01-091215-T asa de Política Monetaria El Consejo aprobó, por la unanimidad de sus miembros, mantener la tasa de interés de política monetaria en 0,50% anual. Comunicado “En su reunión mensual de política monetaria, el Consejo del Banco Central de Chile acordó mantener la tasa de interés de política monetaria en 0,50% anual. En el ámbito externo, los datos recientes reafirman las perspectivas de actividad global para el próximo año, que han incidido en una progresiva estabilización de los mercados financieros. Los precios de los productos básicos han tenido movimientos mixtos. Y Sesión N° 147 15.12.09 22.- En el plano interno, la información disponible sugiere que la actividad y la demanda se están expandiendo en el segundo semestre. El empleo ha crecido y la tasa de desocupación ha comenzado a reducirse. Las condiciones crediticias han mejorado en el margen, pero se mantienen estrechas. En noviembre, el IPC y las diversas medidas subyacentes mostraron reducciones. La dinámica salarial sigue acorde con sus patrones históricos. Se prevén registros de inflación anual reducidos en los próximos trimestres, mientras que las expectativas de inflación de mediano plazo se han mantenido estables. El Consejo considera que el entorno macroeconómico es congruente con una TPM que se mantendrá en el nivel mínimo de 0,50% hasta al menos el segundo trimestre del próximo año, y que su ritmo de normalización será comparable a las expectativas de la encuesta mensual y más gradual que el implícito en los precios de los activos financieros. Con ello, reitera que continuará usando sus políticas con flexibilidad para que la inflación proyectada se ubique en 3% en el horizonte de política.”"
ESTRUCTURAL,3067,9ee30ce4acb03f6fb8557f91776bfce7af81583b021ea71d8f8b798632164f56,2010-04-15,4494;4495;4496,José De Gregorio Rebeco;Consejo del Banco Central de Chile;Pablo García Silva,4494,José De Gregorio Rebeco,SUJETO_ROL_NOMBRE,,RPM-2010-04-15:T65,INICIO_EXPLICITO,,"El Presidente, señor José De Gregorio, agradece la presentación del señor Claudio Soto y no habiendo comentarios, da por finalizada la sesión de la mañana."
ESTRUCTURAL,3067,9ee30ce4acb03f6fb8557f91776bfce7af81583b021ea71d8f8b798632164f56,2010-04-15,4494;4495;4496,José De Gregorio Rebeco;Consejo del Banco Central de Chile;Pablo García Silva,4495,Consejo del Banco Central de Chile,ACTA/META,ACTA_INSTITUCIONAL,RPM-2010-04-15:T66,INSTITUCIONAL,,Se deja constancia que el Consejero señor Sebastián Claro se retiró de la sesión a las 12:40 horas.
ESTRUCTURAL,3067,9ee30ce4acb03f6fb8557f91776bfce7af81583b021ea71d8f8b798632164f56,2010-04-15,4494;4495;4496,José De Gregorio Rebeco;Consejo del Banco Central de Chile;Pablo García Silva,4496,José De Gregorio Rebeco,SUJETO_ROL_NOMBRE,,RPM-2010-04-15:T67,INICIO_EXPLICITO,,"Siendo las 16:00 horas, el Presidente, señor José De Gregorio, da inicio a la sesión de la tarde y ofrece la palabra al Gerente de División Estudios, señor Pablo García, para que presente las Opciones de Política Monetaria para la presente Reunión."
ESTRUCTURAL,3067,9ee30ce4acb03f6fb8557f91776bfce7af81583b021ea71d8f8b798632164f56,2010-04-15,4494;4495;4496,José De Gregorio Rebeco;Consejo del Banco Central de Chile;Pablo García Silva,4497,Pablo García Silva,SUJETO_ROL_SESION,,RPM-2010-04-15:T68,INICIO_EXPLICITO,,"El Gerente de División Estudios recuerda que en su Reunión de Política Monetaria de marzo, el Consejo del Banco Central de Chile acordó mantener la tasa de interés de política monetaria en 0,50% anual y consideró, además, que en las circunstancias de ese momento, marcadas especialmente por la incertidumbre asociada a los efectos de la catástrofe, mantener la TPM en su nivel mínimo de 0,50% hasta al menos el segundo trimestre de este año era coherente con que la inflación proyectada se ubicara en 3% en el horizonte de política."
SOLO_METADATOS,3068,6c73969c3d79270cb846af25bc010f68c12b5f36145968089eb20f05d20bb6e6,2010-04-15,4497,Pablo García Silva,4498,Pablo García Silva,SUJETO_NOMBRE,,RPM-2010-04-15:T68,CONTINUIDAD_EXPLICITA,,"El señor Pablo García indica que posteriormente, en el Informe de Política Monetaria de marzo, el Consejo señaló que las proyecciones incorporaban el supuesto de que la política monetaria continuaría siendo muy estimulativa en los próximos trimestres y que hacia fines del horizonte de proyección la TPM convergería a un nivel similar al que arrojaba la Encuesta de Expectativas Económicas de marzo, aun cuando su ritmo de normalización sería algo superior al considerado en dicha encuesta. El señor García informa a continuación que los principales antecedentes desde la divulgación del IPoM son, en el ámbito externo, una mayor claridad respecto del apoyo de la Comunidad Europea a Grecia, y perspectivas de crecimiento mundial y precios de commodities que no han sufrido alteraciones. A nivel local, reporta que la inflación del IPC sorprendió por lo reducida, que se dispone de algunos antecedentes adicionales de actividad por sectores y que no se estima que estos aspectos configuren un escenario inflacionario de mediano plazo distinto al contenido en el IPoM. Menciona que otro antecedente se refiere a la Encuesta sobre Créditos Bancarios, que sugiere, en general, una mantención de las condiciones crediticias durante el primer trimestre, que ya se habían flexibilizado durante el periodo anterior; que se percibe un ligero debilitamiento de la demanda por créditos en el mismo periodo, en particular en créditos de consumo e hipotecarios para la vivienda, destacando que es posible que ambos aspectos hayan estado afectados por el terremoto. Como último antecedente, señala que los precios de activos financieros y las opiniones de analistas se alinearon rápidamente con el escenario de política monetaria sugerido por el IPoM."
ESTRUCTURAL,3109,f2a1f75ab21cc2a640fe19ade11f383544c10a4074425163766187c71bcea186,2010-05-13,4554;4555,José De Gregorio Rebeco;Consejo del Banco Central de Chile,4555,José De Gregorio Rebeco,SUJETO_ROL_NOMBRE,,RPM-2010-05-13:T40,CONTINUIDAD_EXPLICITA,,"El Presidente, señor José De Gregorio, da por finalizada la sesión de la mañana e informa que la sesión de la tarde comenzará a las 16:00 horas."
ESTRUCTURAL,3109,f2a1f75ab21cc2a640fe19ade11f383544c10a4074425163766187c71bcea186,2010-05-13,4554;4555,José De Gregorio Rebeco;Consejo del Banco Central de Chile,4556,José De Gregorio Rebeco,SUJETO_ROL_NOMBRE,,RPM-2010-05-13:T41,INICIO_EXPLICITO,,"Siendo las 16:00 horas, el Presidente, señor José De Gregorio, da inicio a la sesión de la tarde y, antes de dar paso a la exposición de las Opciones, hace notar que la realización de la próxima Reunión de Política Monetaria coincidirá con la fecha de aprobación del Informe de Política Monetaria de junio, que será presentado a la Comisión Hacienda del Senado el día siguiente, esto es, el miércoles 16 de ese mes. Por esta razón, manifiesta que será necesario modificar el horario de las sesiones de la mañana y de la tarde de la próxima Reunión."
ESTRUCTURAL,3109,f2a1f75ab21cc2a640fe19ade11f383544c10a4074425163766187c71bcea186,2010-05-13,4554;4555,José De Gregorio Rebeco;Consejo del Banco Central de Chile,4557,Consejo del Banco Central de Chile,ACTA/META,ACUERDO_CONSEJO,RPM-2010-05-13:T42,INSTITUCIONAL,,"Luego de un intercambio de opiniones, se acuerda que dicho horario será fijado por."
ESTRUCTURAL,3110,c8c153dc41b37dfaf27576222239bb82960167ab2ed79c5e24ca9d89366ab897,2010-05-13,4556,Enrique Orellana Cifuentes,4558,Consejo del Banco Central de Chile,ACTA/META,ACTA_INSTITUCIONAL,RPM-2010-05-13:T43,INSTITUCIONAL,,"el Gerente de Estrategia y Comunicación de Política Monetaria, señor Enrique Orellana, aprobado por el Fiscal, señor Miguel Ángel Nacrur, con el fin de no contravenir el Reglamento de Funcionamiento del Consejo, y comunicado oportunamente por el señor Orellana, para cursar la citación al señor Ministro de Hacienda con a lo menos tres días de anticipación, según lo dispuesto en el citado Reglamento. A continuación,."
ESTRUCTURAL,3126,2f23afb48a3ad50a939397d16bb8850ebc7466746583e9e5d72c4f1d65cfc64c,2010-05-13,4579;4580,José De Gregorio Rebeco;Consejo del Banco Central de Chile,4581,José De Gregorio Rebeco,CONTEXTO_REVISADO,,RPM-2010-05-13:T59,SIN_CONTINUIDAD_CONFIRMADA,,"El señor José De Gregorio se refirió también a una cierta discrepancia que existe entre las encuestas y los precios de mercado del mercado swap respecto de las expectativas. Hace presente que, en su mayoría, las encuestas de analistas económicos y financieros no prevén alza de tasas en esta Reunión, aunque sí los operadores del mercado swap. Indica que lo no debería ser una sorpresa, ya que esos operadores son quienes sí han internalizado el cambio de la oferta de la FLAP que debía haber ocurrido el lunes 10 de mayo y que lo hará el lunes próximo, de manera que no es sorprendente que ellos hayan visto en dicha decisión que el Banco Central estaba abriendo espacio para em pezar el proceso de normalización. Por lo anterior, y basado en la necesidad de que el Banco se cubra ante riesgos en diversas direcciones, el señor Presidente estima que el costo de subir la tasa de interés es menor comparado con sus beneficios, razón por la cual su preferencia es por subir la tasa en 25 puntos base, a un nivel de 0,75%. Agrega que ello se ve reforzado por los argumentos dados previamente por el staff. No obstante, y habida consideración de la discusión que lo precedió, señala que le parece aún más valioso en la presente Reunión tener una decisión lo más consensuada posible. Asimismo, dado que no cree que mantener la tasa sea una decisión negativa, es que su decisión final es sumarse a la mayoría, apoyando la decisión de mantener la tasa de interés en 0,5%, con un sesgo al alza. Por lo tanto, el Presidente, señor José De Gregorio, señala que, por unanimidad, el Consejo mantiene la tasa en 0,5%, agregando que entiende que habría una mayoría por poner un sesgo al alza. Finalizada la votación, y antes de que el Ministro de Hacienda se retire de la Sala de Consejo, el señor José de Gregorio le expresa sus felicitaciones por el proyecto de reconstrucción y le desea mucho éxito en su aprobación. Asimismo, y tal como lo señaló el señor Vicepresidente precedentemente, señala la satisfacción para el Banco que dicho plan pueda tener una temprana solución y aprobación. Por otra parte, hace presente al señor Ministro que, por política del Banco, en los comunicados de la RPM no se hacen evaluaciones de la política fiscal, porque ello, sin duda, podría hacerle entrar en una dinámica que sería compleja en otros escenarios. En todo caso, aclara que quedará expresa constancia en el Acta de la presente Reunión que el Banco Central de Chile está muy satisfecho y contento con el éxito del plan fiscal para la reconstrucción y que le desea que este éxito continúe en la etapa de aprobación del mismo."
ESTRUCTURAL,3126,2f23afb48a3ad50a939397d16bb8850ebc7466746583e9e5d72c4f1d65cfc64c,2010-05-13,4579;4580,José De Gregorio Rebeco;Consejo del Banco Central de Chile,4582,Consejo del Banco Central de Chile,ACTA/META,ACUERDO_CONSEJO,RPM-2010-05-13:T60,INSTITUCIONAL,,"154-01-100513-T a s a de Política Monetaria El Consejo aprobó, por la unanimidad de sus miembros, mantener la tasa de interés de política monetaria en 0,50% anual. Comunicado En su reunión mensual de política monetaria, el Consejo del Banco Central de Chile acordó mantener la tasa de interés de política monetaria en 0,50% anual. En el ámbito externo, la elevada volatilidad en los mercados ha sido mitigada por los anuncios fiscales y de apoyo financiero en Europa. Las perspectivas de crecimiento global siguen siendo favorables, pero los efectos de las turbulencias financieras recientes sobre la actividad mundial son aún inciertos. Los precios del cobre y del petróleo han disminuido, pero se mantienen en niveles históricamente altos. En el plano interno, la información disponible de actividad sugiere que los efectos inmediatos del terremoto fueron mayores que los previstos. Los indicadores de demanda, en tanto, muestran un dinamismo superior al contemplado en el Informe de marzo. Las condiciones crediticias han continuado normalizándose. El desempleo ha seguido disminuyendo. En abril, el IPC tuvo un aumento algo menor que el previsto por el mercado y las expectativas privadas de inflación a plazos más largos son congruentes con el escenario base del IPoM. El Consejo considera que se acerca el momento de iniciar el proceso de normalización de la política monetaria. Junto con ello, reitera que continuará usando sus políticas con flexibilidad para que la inflación proyectada se ubique en 3% en el horizonte de política.”"
ESTRUCTURAL,3193,fdec0c1a4a3b2394276e064fdbde6dc0f92554a7cf12da54702f9ef1febc80c8,2010-06-15,4662;4663;4664,José De Gregorio Rebeco;Consejo del Banco Central de Chile;Pablo García Silva,4664,José De Gregorio Rebeco,SUJETO_ROL_NOMBRE,,RPM-2010-06-15:T74,INICIO_EXPLICITO,,"El Presidente señor José De Gregorio agradece al señor Claudio Soto su presentación y, no habiendo comentarios, da por finalizada la sesión de la mañana e informa que la sesión de la tarde comenzará a las 13:00 horas."
ESTRUCTURAL,3193,fdec0c1a4a3b2394276e064fdbde6dc0f92554a7cf12da54702f9ef1febc80c8,2010-06-15,4662;4663;4664,José De Gregorio Rebeco;Consejo del Banco Central de Chile;Pablo García Silva,4665,José De Gregorio Rebeco,SUJETO_ROL_NOMBRE,,RPM-2010-06-15:T75,INICIO_EXPLICITO,,"Siendo las 13:00 horas, el Presidente, señor José De Gregorio, da inicio a la sesión de la tarde y ofrece la palabra al Gerente de División Estudios, señor Pablo Garda, para que exponga las Opciones de Política Monetaria para la presente Reunión."
ESTRUCTURAL,3193,fdec0c1a4a3b2394276e064fdbde6dc0f92554a7cf12da54702f9ef1febc80c8,2010-06-15,4662;4663;4664,José De Gregorio Rebeco;Consejo del Banco Central de Chile;Pablo García Silva,4666,Pablo García Silva,SUJETO_ROL_SESION,,RPM-2010-06-15:T76,INICIO_EXPLICITO,,"El Gerente de División Estudios inicia su presentación, señalando que en su Reunión de Política Monetaria de mayo, el Consejo del Banco Central de Chile acordó mantener la tasa de interés de política monetaria en 0,50% anual y consideró, además, que se acercaba el momento de iniciar el proceso de normalización de la política monetaria. El señor García menciona, a continuación, los principales antecedentes desde la última RPM. En primer término, indica que ios mercados financieros internacionales han continuado mostrando volatilidad, aunque no tan alta como la observada antes de la RPM previa; que el euro se depreció; y que a pesar de que los principales índices bursátiles se han reducido, las tensiones en los mercados interbancarios no aumentaron significativamente. A nivel local, informa que sigue siendo destacable que los diversos mercados financieros no hayan sufrido alteraciones mayores por estos eventos. En segundo lugar, hace presente que, si bien los contornos generales del escenario internacional de consenso no se han visto alterados mayormente, se considera probable que se produzcan reducciones en las tasas de crecimiento esperadas para el próximo año como consecuencia de las turbulencias recientes. Como tercer antecedente destacable, menciona que las cifras de actividad han retomado niveles similares a los observados antes del terremoto y que la demanda interna ha continuado mostrando un dinamismo relevante, incluso mayor que el previsto, mientras que las condiciones financieras se han normalizado. Comenta, asimismo, que las cifras de inflación de corto plazo han estado dentro de lo previsto, aunque con registros subyacentes reducidos. Respecto de la decisión que debe adoptarse en la presente Reunión, el señor Pablo García informa que los analistas esperan unánimemente un incremento en la TPM. inclinándose una mayoría por un incremento de 25 puntos base, y que los precios de activos financieros también consideran que un incremento de la TPM en esta Reunión es casi una certeza. El Gerente de División Estudios subraya que la principal consideración para la presente Reunión es la estrategia de política monetaria contenida en el IPoM de junio, además de los aspectos tácticos y comunicacionales, los que llevan a que las opciones más plausibles en esta ocasión sean aumentar la TPM en 25 ó en 50 puntos base. Plantea que de forma muy similar a la estrategia de política monetaria contenida en el IPoM de marzo, en el IPoM de junio se contempla un proceso de normalización monetaria que elevaría la TPM en torno a 250 puntos base hasta fin de año y en aproximadamente 150 puntos base más en los primeros tres trimestres del 2011, lo que implica incrementos de 25 puntos base o de 50 puntos base durante varios trimestres."
ESTRUCTURAL,3205,340f43611a9b2875ab16d7a5146173ca83abd1262cebdb7721f7914fae834c8b,2010-06-15,4677;4678,José De Gregorio Rebeco;Consejo del Banco Central de Chile,4679,José De Gregorio Rebeco,SUJETO_NOMBRE,,RPM-2010-06-15:T86,CONTINUIDAD_EXPLICITA,,"El señor José De Gregorio advierte que la nota de cautela y riesgos está dada por la situación financiera en Europa, ya que si bien la economía mundial sigue en una senda de recuperación, la incertidumbre proveniente de Europa es significativa. Sobre el particular, hace presente que, por ahora, la situación financiera de Grecia y de los países más expuestos pareciera haberse estabilizado después del reciente anuncio de los planes de ajustes fiscales y de las medidas de apoyo de liquidez implementadas en las últimas semanas. No obstante, recalca que la incertidumbre persiste y que no se pueden descartar escenarios de numerosas mayores tensiones que pudieran tener repercusiones importantes sobre la economía global, atenuando de manera importante el crecimiento global y estrechando las condiciones financieras. En este escenario de riesgo, manifiesta que tampoco se puede descartar que la economía global experimente un double dip, en especial si los problemas de Europa contagian a los países emergentes que están empujando la recuperación y al resto del sistema financiero de los países desarrollados. El Presidente, señor José De Gregorio, confirma que la decisión de la presente Reunión dice relación con el inicio del proceso de normalización de la política monetaria y la magnitud del mismo. A este respecto, señala que hay que destacar cuatro aspectos. En primer lugar, que la tasa está en un mínimo y que si bien seguirá siendo ultra expansiva, no hay razones para mantenerla tan baja. En segundo lugar, que lo que acontece en Grecia no tiene mayores implicancias para la decisión de la presente Reunión, puesto que, incluso en escenarios muy negativos, una tasa de 1 ó 2% sigue Siendo muy expansiva. Al respecto, sostiene que muy distinto sería si la tasa estuviera cerca de la neutral. Asimismo, manifiesta coincidir en este punto con lo señalado por el Gerente de División de Política Financiera, en cuanto a que hay maneras de apoyar mayores tensiones financieras a través de instrumentos que provean liquidez y otras medidas que se han utilizado anteriormente. En tercer lugar, plantea que iniciar pronto y con 50 puntos base el proceso de normalización de política monetaria otorga al Consejo mayor flexibilidad para realizar pausas o ir graduando el ajuste de acuerdo con las noticias que se vayan recibiendo. Por último, reitera lo que ha señalado anteriormente, respecto de que es importante liderar el proceso de alzas para evitar el riesgo de ir quedándose atrás. En su opinión, esto es particularmente relevante cuando el proceso de retorno de la inflación a la meta está siendo causado fundamentalmente por el dinamismo de la economía interna y no por shocks externos que han originado cambios en el curso de la política monetaria en episodios anteriores. En razón de lo expuesto, el Presidente, señor José De Gregorio, señala que su voto también es por aumentar la TPM en 50 puntos base, para llevarla a 1%, y que, por lo tanto, el acuerdo unánime del Consejo es aumentar la TPM en 50 puntos base. Antes de finalizar la Sesión, el señor Presidente reitera a todos los presentes que el comunicado se publicará a las 18 horas, como es usual, razón por la cual dicha decisión no podrá ser informada antes de esa hora."
ESTRUCTURAL,3205,340f43611a9b2875ab16d7a5146173ca83abd1262cebdb7721f7914fae834c8b,2010-06-15,4677;4678,José De Gregorio Rebeco;Consejo del Banco Central de Chile,4680,Consejo del Banco Central de Chile,ACTA/META,ACUERDO_CONSEJO,RPM-2010-06-15:T87,INSTITUCIONAL,,"155-01-100615-T a sa de Política Monetaria El Consejo aprobó, por la unanimidad de sus miembros, aumentar la tasa de interés de política monetaria en 50 puntos base, hasta 1,00% anual. Comunicado En su reunión mensual de política monetaria, el Consejo del Banco Central de Chile acordó aumentar la tasa de interés de política monetaria en 50 puntos base, hasta 1,00% anual. En el ámbito externo, la volatilidad en los mercados financieros producto de la situación económica en Europa se mantiene elevada. En el escenario más probable se espera un efecto acotado de dichas turbulencias sobre las perspectivas de actividad mundial. Con todo, persiste la incertidumbre. Por su parte, los precios del cobre y del petróleo han disminuido, pero se ubican aún en niveles elevados. En el plano interno, la información disponible de actividad muestra que los efectos inmediatos del terremoto se disiparon rápidamente y la economía retomó la senda de recuperación. Los indicadores de demanda muestran un dinamismo significativo y el desempleo ha seguido disminuyendo. En mayo, el IPC tuvo un aumento similar al previsto por el mercado. La inflación subyacente aún muestra variaciones reducidas. Las expectativas privadas a plazos más largos son congruentes con niveles de inflación anual en torno a 3% en el horizonte de política. El Consejo ha considerado apropiado iniciar el retiro del significativo estímulo monetario prevaleciente, el que continuará a un ritmo que dependerá de la evolución de las condiciones macroeconómicas internas y externas. Con ello, reitera que seguirá usando sus políticas con flexibilidad para que la inflación proyectada se ubique en 3% en el horizonte de política."
ESTRUCTURAL,3328,a57a126f7057d8456abecec3f31fa577474ac2049e19150e8b9782503bed9226,2010-08-12,4855;4856;4857,José De Gregorio Rebeco;Consejo del Banco Central de Chile;Pablo García Silva,4857,José De Gregorio Rebeco,SUJETO_ROL_NOMBRE,,RPM-2010-08-12:T69,INICIO_EXPLICITO,,"El Presidente señor José De Gregorio da por concluida la sesión de la mañana, recordando que la sesión de la tarde comienza a las 16:00 horas."
ESTRUCTURAL,3328,a57a126f7057d8456abecec3f31fa577474ac2049e19150e8b9782503bed9226,2010-08-12,4855;4856;4857,José De Gregorio Rebeco;Consejo del Banco Central de Chile;Pablo García Silva,4858,José De Gregorio Rebeco,SUJETO_ROL_NOMBRE,,RPM-2010-08-12:T70,INICIO_EXPLICITO,,"Siendo las 16:00 horas, el Presidente señor José De Gregorio da inicio a la sesión de la tarde y ofrece la palabra al Gerente de División Estudios señor Pablo García, para que presente las Opciones de Política Monetaria para la presente Reunión."
ESTRUCTURAL,3328,a57a126f7057d8456abecec3f31fa577474ac2049e19150e8b9782503bed9226,2010-08-12,4855;4856;4857,José De Gregorio Rebeco;Consejo del Banco Central de Chile;Pablo García Silva,4859,Pablo García Silva,SUJETO_ROL_SESION,,RPM-2010-08-12:T71,INICIO_EXPLICITO,,"El Gerente de División Estudios inicia su presentación, indicando que en su Reunión de Política Monetaria de julio, el Consejo del Banco Central de Chile acordó aumentar la tasa de interés de política monetaria en 50 puntos base, hasta 1,50% anual, y señaló, en ese momento, que continuarla reduciendo el significativo estímulo monetario prevaleciente a un ritmo que dependería de la evolución de las condiciones macroeconómicas internas y externas."
ESTRUCTURAL,3421,f6f8d7474b7739072034ce6d15db2f7fa6fbf1ee9366cdd00b671fb35a2179cc,2010-09-16,4983;4984;4985;4986;4987;4988,Enrique Marshall Rivera;Luis Opazo Roco;Claudio Soto Gamboa;José De Gregorio Rebeco;Consejo del Banco Central de Chile;José De Gregorio Rebeco,4985,Enrique Marshall Rivera,SUJETO_ROL_NOMBRE,,RPM-2010-09-16:T99,INICIO_EXPLICITO,FINAL_SIN_PUNTUACION,"El Consejero señor Enrique Marshall consulta por la contribución de las AFP a ese aumento,"
ESTRUCTURAL,3421,f6f8d7474b7739072034ce6d15db2f7fa6fbf1ee9366cdd00b671fb35a2179cc,2010-09-16,4983;4984;4985;4986;4987;4988,Enrique Marshall Rivera;Luis Opazo Roco;Claudio Soto Gamboa;José De Gregorio Rebeco;Consejo del Banco Central de Chile;José De Gregorio Rebeco,4986,Luis Opazo Roco,SUJETO_ROL_NOMBRE,,RPM-2010-09-16:T100,INICIO_EXPLICITO,,"a lo cual el Gerente de Estabilidad Financiera señor Luis Opazo responde que su aporte no es significativo, del orden de 80 millones de dólares mensuales, debido a que las inversiones de los fondos de pensiones están topadas en renta variable."
ESTRUCTURAL,3421,f6f8d7474b7739072034ce6d15db2f7fa6fbf1ee9366cdd00b671fb35a2179cc,2010-09-16,4983;4984;4985;4986;4987;4988,Enrique Marshall Rivera;Luis Opazo Roco;Claudio Soto Gamboa;José De Gregorio Rebeco;Consejo del Banco Central de Chile;José De Gregorio Rebeco,4987,Claudio Soto Gamboa,SUJETO_NOMBRE,,RPM-2010-09-16:T101,INICIO_EXPLICITO,,"En lo relativo al crecimiento de los agregados monetarios, el señor Claudio Soto indica que se observa un descenso en las velocidades, más bien en línea con lo predicho por los fundamentales. En materia de expectativas de crecimiento, precisa que están en 5,3% para el año 2010 y en 6% para el 2011, completamente alineadas con el IPoM. Hace presente que las expectativas para la inflación presentan bastante volatilidad, pero continúan en el horizonte de política, esto es, en torno a 3%, y que si se las mide con los bonos o con los swaps, se atenúa el sesgo observado en un momento. Agrega que en cuanto a la inflación a dos años, hubo una mayor cantidad de personas que estimó que podría superar el 3%, pero que ahora son menos quienes lo piensan. En relación con las perspectivas para el tipo de cambio, destaca que el mercado local espera una depreciación gradual del peso. Para finalizar, el Gerente de Análisis Macroeconómico informa que para esta RPM se espera, mayoritariamente, un aumento de 50 puntos base de la TPM. Agrega que la curva forward y la forward que se podría computar con los swaps se empinan respecto del último IPoM."
ESTRUCTURAL,3421,f6f8d7474b7739072034ce6d15db2f7fa6fbf1ee9366cdd00b671fb35a2179cc,2010-09-16,4983;4984;4985;4986;4987;4988,Enrique Marshall Rivera;Luis Opazo Roco;Claudio Soto Gamboa;José De Gregorio Rebeco;Consejo del Banco Central de Chile;José De Gregorio Rebeco,4988,José De Gregorio Rebeco,SUJETO_ROL_NOMBRE,,RPM-2010-09-16:T102,INICIO_EXPLICITO,,"No habiendo comentarios, el Presidente señor José De Gregorio agradece al Gerente de Análisis Macroeconómico, suspende la Sesión a las 13:20 horas e informa que la misma se reanudará a las 16:00 horas."
ESTRUCTURAL,3421,f6f8d7474b7739072034ce6d15db2f7fa6fbf1ee9366cdd00b671fb35a2179cc,2010-09-16,4983;4984;4985;4986;4987;4988,Enrique Marshall Rivera;Luis Opazo Roco;Claudio Soto Gamboa;José De Gregorio Rebeco;Consejo del Banco Central de Chile;José De Gregorio Rebeco,4989,José De Gregorio Rebeco,SUJETO_ROL_NOMBRE,,RPM-2010-09-16:T103,INICIO_EXPLICITO,,"Siendo las 16:00 horas, el Presidente señor José De Gregorio reanuda la Sesión de Política Monetaria N° 160."
ESTRUCTURAL,3421,f6f8d7474b7739072034ce6d15db2f7fa6fbf1ee9366cdd00b671fb35a2179cc,2010-09-16,4983;4984;4985;4986;4987;4988,Enrique Marshall Rivera;Luis Opazo Roco;Claudio Soto Gamboa;José De Gregorio Rebeco;Consejo del Banco Central de Chile;José De Gregorio Rebeco,4990,José De Gregorio Rebeco,CONTEXTO_REVISADO,,RPM-2010-09-16:T104,SIN_CONTINUIDAD_CONFIRMADA,,"Hace presente que esta es la última Sesión a la que el señor Pablo García asiste en calidad de Gerente de División Estudios. Es por esta razón que desea que quede constancia en el Acta el agradecimiento, en nombre del Consejo y del suyo propio, por la contribución que prestó al Banco Central durante largo tiempo, primero como Economista, luego como Gerente y después como Gerente de División Estudios. Manifiesta que, sin duda alguna, parte importante de lo que se ha logrado en el Banco hasta hoy día se ha debido a la gran contribución del señor García. Asimismo, el Presidente señor José De Gregorio da la bienvenida al señor Luis Óscar Herrera, quien se reincorpora a su casa de origen en el cargo de Gerente de División Estudios a contar del día martes 21 de septiembre próximo. Presidente."
ESTRUCTURAL,3572,8883ad9cbefcc8178d33158fe9df9352aee0c5a83f7c82889bcf80f4e576f977,2010-11-16,5184;5185,José De Gregorio Rebeco;Consejo del Banco Central de Chile,5186,José De Gregorio Rebeco,SUJETO_ROL_NOMBRE,,RPM-2010-11-16:T89,INICIO_EXPLICITO,,El Presidente señor José De Gregorio suspende la Sesión y recuerda que se reanudará a las 16:00 horas.
ESTRUCTURAL,3572,8883ad9cbefcc8178d33158fe9df9352aee0c5a83f7c82889bcf80f4e576f977,2010-11-16,5184;5185,José De Gregorio Rebeco;Consejo del Banco Central de Chile,5187,José De Gregorio Rebeco,SUJETO_ROL_NOMBRE,,RPM-2010-11-16:T90,INICIO_EXPLICITO,,"Siendo las 16:00 horas, el Presidente señor José De Gregorio reanuda la sesión y concede la palabra al Gerente de División Estudios señor Luis Óscar Herrera para que presente las Opciones de Política Monetaria para la presente Reunión."
ESTRUCTURAL,3881,e458cff26e259c2153c6d296cc745629ff93b821d3e99b929c09bb1240dffc1c,2011-03-17,5543;5544;5545,José De Gregorio Rebeco;Consejo del Banco Central de Chile;José De Gregorio Rebeco,5545,José De Gregorio Rebeco,SUJETO_ROL_NOMBRE,,RPM-2011-03-17:T75,INICIO_EXPLICITO,,"El Presidente señor José De Gregorio agradece la presentación del Gerente de Análisis Macroeconómico señor Claudio Soto, así como las distintas intervenciones y comentarios."
ESTRUCTURAL,3881,e458cff26e259c2153c6d296cc745629ff93b821d3e99b929c09bb1240dffc1c,2011-03-17,5543;5544;5545,José De Gregorio Rebeco;Consejo del Banco Central de Chile;José De Gregorio Rebeco,5546,José De Gregorio Rebeco,SUJETO_ROL_SESION,,RPM-2011-03-17:T75,CONTINUIDAD_EXPLICITA,,"Siendo las 13:30 horas, el señor Presidente suspende la sesión e informa que se reanudará a las 16:00 horas."
ESTRUCTURAL,3881,e458cff26e259c2153c6d296cc745629ff93b821d3e99b929c09bb1240dffc1c,2011-03-17,5543;5544;5545,José De Gregorio Rebeco;Consejo del Banco Central de Chile;José De Gregorio Rebeco,5547,Consejo del Banco Central de Chile,ACTA/META,META_SESION,RPM-2011-03-17:T76,INSTITUCIONAL,,"A las 16:00 horas, se reanuda la Sesión de Política Monetaria N° 167, incorporándose a ella el Vicepresidente señor Manuel Marfán y el Ministro de Hacienda señor Felipe Larrain."
ESTRUCTURAL,3881,e458cff26e259c2153c6d296cc745629ff93b821d3e99b929c09bb1240dffc1c,2011-03-17,5543;5544;5545,José De Gregorio Rebeco;Consejo del Banco Central de Chile;José De Gregorio Rebeco,5548,José De Gregorio Rebeco,SUJETO_ROL_NOMBRE,,RPM-2011-03-17:T77,INICIO_EXPLICITO,,"El Presidente señor José De Gregorio da la bienvenida al señor Ministro de Hacienda y, a continuación, concede la palabra al Gerente de División Estudios señor Luis Óscar Herrera para que presente las Opciones de Política Monetaria para la presente Reunión."
SOLO_METADATOS,5573,dfe73faeb0746b803b059cf9c517c3d0c5a2419cc5a1f7216362099d08b5719a,2013-06-13,7533,Beltrán de Ramón Acevedo,7536,Beltrán de Ramón Acevedo,CONTEXTO_REVISADO,,RPM-2013-06-13:T6,SIN_CONTINUIDAD_CONFIRMADA,CARGO_EN_DISCURSO_POR_VERIFICAR,"El Gerente de División Operaciones Monetarias señor Beltrán de Ramón deja constancia que el Banco de Japón se comprometió a subir la inflación a 2% anual, de manera que en su opinión, es razonable que las tasas de interés de corto plazo aumenten y que disminuyan las de largo plazo, que estaban en niveles más altos. En consecuencia, no se trataría necesariamente de un programa que presente problemas de credibilidad, sino que está demostrando ser coherente con dicho objetivo."
SOLO_METADATOS,6282,954b2910e6d96eed45701365b14b5ed9a0ef49c0b036e5834cbff89e151b8be9,2014-06-12,8362,Beltrán de Ramón Acevedo,8365,Beltrán de Ramón Acevedo,CONTEXTO_REVISADO,,RPM-2014-06-12:T57,SIN_CONTINUIDAD_CONFIRMADA,CARGO_EN_DISCURSO_POR_VERIFICAR,"El Gerente de División Política Operaciones Financieras señor Beltrán de Ramón señala que la Gerencia de División Estudios ha propuesto dos opciones para esta Reunión, la de mantener la TPM en 4% anual o bajarla a 3,75% anual; y que de acuerdo con la información disponible, en su entender ambas opciones se encontraban en un mismo nivel, por lo que no se había puesto énfasis en alguna de ellas, lo que no se aviene con lo expresado precedentemente. En lo concerniente a los datos reales, expresa que la Gerencia de División Estudios presentó en la primera parte de esta Sesión una perspectiva más débil tanto para el consumo como para la actividad, situación que ha sido negativa por varios meses y asimismo, consignó que las perspectivas de los empresarios y consumidores tuvieron un fuerte deterioro en el último mes. No obstante, atendido que las expectativas sobre el aumento de la inflación futura parecen haber disminuido y que los citados datos reales son más débiles, se inclina por la opción de bajar la TPM en esta Reunión en lugar de mantenerla en 4% anual. Desde el ámbito de la transmisión de la política monetaria, estima que recientemente han ocurrido dos hechos esenciales, que forman parte de una tendencia que se venia gestando hace unos meses y que se profundizó durante mayo y junio. En primer término, una caída relevante de la tasas de interés en el mercado de préstamos, en especial de las correspondientes a los créditos hipotecarios y comerciales, no así de las tasas de las colocaciones de consumo. En segundo lugar, la compresión de spreads en el mercado de renta fija, fenómeno que no solo es de carácter global, sino que también se observa en los bonos bancarios chilenos y también en los bonos de empresas, excepto en los emitidos por SMU y Fasa, que se sitúan en niveles mínimos. En su opinión, si a lo anterior se suma la disminución en la base, tanto de los BCU como de los BTU, se configuraría un impulso importante a la política monetaria a plazos más largos, lo que estima un hecho relevante y que está incrementándose con fuerza. Manifiesta que en las últimas Reuniones se ha inclinado por recomendar al Consejo la reducción de la TPM, excepto en la del mes de mayo último, ocasión en que el alto registro de IPC, de 0,8%, hacía prudente esperar para contar con mayor información sobre la situación futura de la inflación y de la economía. Añade que si bien el mercado proyecta a que la inflación comenzará a bajar en los próximos meses, por lo que valida lo estimado por el Banco Central de Chile y también por el Ministerio de Hacienda en cuanto a que el alza del IPC del mes de mayo ha sido transitoria y levemente superior a la prevista por el mercado, aún no permite despejar todas las dudas sobre su transitoriedad. El señor Beltrán de Ramón, si bien se inclina por recomendar una nueva baja de la TPM, estima que en la medida que el Consejo no apruebe esta opción, lo más relevante sería mantener inalterado el sesgo y, de esa manera, validar la expectativa en orden a que la TPM llegará muy prontamente a 3,5% anual. En el intertanto, durante este mes se producirán .las caídas de las tasas de interés en el mercado de préstamos a que se hizo mención, así como la compresión de spreads a plazos más largos."
