Tipo_Cambio,ID_Padre,SHA256_Texto_Padre,Fecha,IDs_Antes,Actores_Antes,ID_Actual,Actor_Actual,Fuente_Actor,Tipo_Acta,ID_Turno,Relacion_Turno,Alertas_Actuales,Texto_Actual
SOLO_METADATOS,343,9f9b7ffb3b62c9d672fa0edf604932839443641b609f8c1eebb0ea4bc347edcd,2005-08-11,440,Nicolás Eyzaguirre Guzmán,440,Nicolás Eyzaguirre Guzmán,SUJETO_ROL_SESION,,RPM-2005-08-11:T32,INICIO_EXPLICITO,,"El señor Ministro de Hacienda, ante comentarios de la prensa, consulta la opinión del señor Presidente del Banco y del Consejo, acerca del tema del tipo de cambio, la inflación, la política monetaria y la política fiscal. Es decir, primero si el tema cambiario es preocupante o no y segundo si lo fuera, cuál sería el curso de acción."
SOLO_METADATOS,345,21c76b023772de1210ab06694beae81ec3c9f5127a47b2f70f253cb5e72d9ba2,2005-08-11,442,Nicolás Eyzaguirre Guzmán,442,Nicolás Eyzaguirre Guzmán,SUJETO_ROL_SESION,,RPM-2005-08-11:T34,INICIO_EXPLICITO,,"El señor Ministro de Hacienda, insistiendo sobre el tema señala, que existe una larga discusión en el último tiempo respecto si los bancos centrales deben preocuparse de algunos otros precios además del IPC, evidentemente dice que se refiere a los precios de activos y, entre ellos el corolario que son los precios de activos en dólares o en cualquier moneda. Ante la situación anterior consulta cuál sería la conducta del Banco; primero, no preocuparse; segundo, observarlos sin que necesariamente se intervenga sobre ellos; y si esta fuera la respuesta, cómo se observarían; en tercer lugar los observan y creen que hay espacio para que el Banco intervenga sobre ellos; y si es esta última alternativa, de qué modo."
SOLO_METADATOS,1145,33a56f7bc0fe1b7dc8720d34f8753fb22e11607768f3a6ad691a2101aa466a3d,2007-03-15,1495,Andrés Velasco Brañes,1495,Andrés Velasco Brañes,SUJETO_ROL_SESION,,RPM-2007-03-15:T42,INICIO_EXPLICITO,,"El señor Ministro de Hacienda está en desacuerdo con lo señalado por el Gerente de División señor Valdés, porque se está hablando de una inflación no instantánea, sino a un cierto plazo. Por ejemplo, hubo un shock transitorio y sabemos que dado los parámetros de diferencia eso se va a deshacer en 12 meses y aquí estamos haciendo target en inflación en un horizonte mayor que 12 meses. En consecuencia, se pregunta por qué tendría que reaccionar con la política monetaria a un shock que se sabe que es transitorio y que se va a deshacer automáticamente en ese plazo, atendidas las características dinámicas de esa inflación."
SOLO_METADATOS,1326,76c715447b48fd6fa9ead7cb966f5534de7595bdd7d1574bd75a3ad772115cce,2007-07-12,1735,Manuel Marfán Lewis,1735,Manuel Marfán Lewis,SUJETO_ROL_NOMBRE,,RPM-2007-07-12:T24,INICIO_EXPLICITO,,"El Consejero señor Manuel Marfán, también con respecto a demanda, menciona que si el problema es el efecto del Impuesto al lujo, entonces lo que está midiendo el IVA es el gasto real en automóviles que es lo que interesa para estos fines. En cambio, las importaciones constituirían cambios en las cantidades de vehículos a precios constantes. Agrega que generalmente se presenta un problema cuando cambian los impuestos de Cuentas Nacionales porque se consideran los impuestos del año base. En consecuencia se producían problemas con los acuerdos comerciales y una serie de materias que tenían efectos de aranceles sobre la valorización de importaciones que no se veía forma de corregir."
ESTRUCTURAL,2052,1e4a41afd22b86379ac23070950673300633fad1c31a13f177aa0c448a3e513c,2008-09-04,2817;2818,Sergio Lehmann Beresi;Sergio Lehmann Beresi,2817,Sergio Lehmann Beresi,SUJETO_NOMBRE,,RPM-2008-09-04:T9,INICIO_EXPLICITO,,"El señor Sergio Lehmann, continuando su comentario, señala que en términos de trayectoria de futuros de la Tasa de Política Monetaria, no hay cambios significativos respecto de sus mediciones. Sin embargo, se aprecia un ajuste hacia la baja, particularmente en Estados Unidos de América y en algún grado también en Japón. En este último país se ha ajustado la metodología de medición y se han revisado los premios por riesgo , pero no se producirán variaciones por este concepto. En el caso de Europa, indica que básicamente ocurre lo mismo, pero lo que es interesante destacar es que en esta situación, para inicios de 2009 los mercados están anticipando un recorte de 25 puntos base, producto de la desaceleración de la economía. Asimismo, agrega que las tasas de interés a largo plazo caen en las economías desarrolladas, hay menores expectativas de crecimiento y en el margen un aumento en las tensiones de los mercados financieros. Por otro lado, en materia de paridades se aprecia un dólar que continúa recuperando terreno . El dólar multilateral en la medida que baja da cuenta de una apreciación versus depreciaciones en el resto de las monedas, zona Euro y economías emergentes hacia arriba. En cuanto al mercado financiero, el señor Lehmann señala que se observan aumentos adicionales con una percepción de mayor riesgo que afecta al sector financiero, que se refleja en los CDS para bancos de Estados Unidos de América y de Europa reunida en agencias. Adicionalmente, se incrementa la tensión en el mercado financiero de corto plazo. Por otro lado, los premios Libar versus la Tasa de Política Monetaria han tendido aumentar y que los futuros de premios que se veían hace un mes atrás están por debajo y en el caso de Europa ocurre básicamente lo mismo, ya que y, después que han mostrado algún alivio importante han vuelto a subir. Agrega el señor Lehmann que los premios por riesgos en ese contexto también han subido. Los premios por riesgos del EMBI Global que es bastante marginal, pero da cuenta justamente de un aumento y de una tendencia que en realidad se inicia a comienzos del 2007. Indica que las bolsas han tendido a caer tanto en las economías emergentes como en los mercados desarrollados. Hace presente el señor Lehmann que respecto a los commodities, el precio del petróleo, como noticia importante durante la última semana , aún no ha presentado los impactos que eventualmente podría tener en materia de inflación y ha retroced ido. Agrega que otros commodities, sin embargo, muestran movimientos mixtos, en metales bastante estables, si bien el cobre ha tendido a caer si se compara con un mes atrás. Otros metales más bien han subido y, en materia de granos , ha habido un aumento significativo en el caso del arroz y del maíz, en anta que el trigo ha mostrado una baja."
SOLO_METADATOS,2196,f1fe2ad3738eb3e10c4ddaef1b3d45b062151ad43777421be9a770637506be1c,2008-12-11,3016,Sergio Lehmann Beresi,3015,Sergio Lehmann Beresi,SUJETO_ROL_NOMBRE,,RPM-2008-12-11:T30,INICIO_EXPLICITO,,"el Gerente de Análisis Internacional señor Sergio Lehmann, continuando con su exposición señala que se ha incorporado en el gráfico conjuntamente con los indicadores de energía el costo del transporte marítimo que es el BDI, que ha mostrado una caída muy significativa y que está en niveles mínimos al menos respecto del año 2000. Agrega, que existe cierta discusión si esto adelanta o no la Baltic Dray Index, pero lo que le parece claro es que está en línea con la caída de los precios de los commodities de la actividad mundial."
ESTRUCTURAL,2325,d455969408a4d0055eb49dd5ea8733ef374941d57c75ce676ec765abaff3d396,2009-02-12,3196;3197,Pablo García Silva;María Olivia Recart Herrera,3195,Pablo García Silva,SUJETO_ROL_NOMBRE,,RPM-2009-02-12:T32,INICIO_EXPLICITO,POSIBLE_OTRO_HABLANTE_O_MENCION,"El Gerente de División Estudios señor Pablo García destaca que el tema interbancario que fue clave en el cuarto trimestre del año pasado, ahora no sigue siendo prioritario, ya que el sistema bancario opera bajo el control de las autoridades reguladoras y las medidas de apoyo financiero de corto plazo han mitigado los riesgos. En materia de estrechez crediticia, en su impresión, esta responde fundamentalmente al deterioro de la confianza por parte de los agentes económicos que se mantiene incluso a pesar de las medidas fiscales, por lo que la incertidumbre actual se centra en el momento en que se restablecerá la confianza y en la capacidad fiscal para hacerlo. En cuanto al tema del endeudamiento a que se refirió la señora Ministra de Hacienda Subrogante, estima que se encuentra vinculado al tipo de cambio, así en el caso de México y en lo relativo al petróleo el problema de financiamiento se presentaría el próximo año, mientras que en Chile no existe una necesidad de endeudamiento por parte del Fisco, lo que explicaría la política de intervención en el caso de México para evitar mayores depreciaciones en su moneda."
SOLO_METADATOS,2380,c52f858903f878479c47d6451e19ff5ee3e252270ff447a40ec2f34539e2a336,2009-02-12,3262;3263,Sebastián Claro Edwards;José De Gregorio Rebeco,3260,Sebastián Claro Edwards,SUJETO_ROL_NOMBRE,,RPM-2009-02-12:T94,INICIO_EXPLICITO,,"El Consejero señor Sebastián Claro, atendido lo expuesto, hace presente que mantiene su decisión de rebajar la Tasa de Política Monetaria en sólo 200 puntos base."
SOLO_METADATOS,2380,c52f858903f878479c47d6451e19ff5ee3e252270ff447a40ec2f34539e2a336,2009-02-12,3262;3263,Sebastián Claro Edwards;José De Gregorio Rebeco,3261,José De Gregorio Rebeco,SUJETO_ROL_NOMBRE,,RPM-2009-02-12:T95,INICIO_EXPLICITO,,"En consideración a lo señalado, el Presidente señor José De Gregorio deja constancia que la votación de los señores Consejeros en esta Sesión, es de cuatro votos por bajar la tasa en 250 puntos base y de un voto del Consejero señor Sebastián Claro por reducirla en 200 puntos base."
SOLO_METADATOS,2415,9bdd78e2ded2e9325e2771c0fb953e289a2e5f71e61234a63ba0a80cc6b3a548,2009-03-12,3316,Claudio Soto Gamboa,3314,Claudio Soto Gamboa,SUJETO_ROL_NOMBRE,,RPM-2009-03-12:T48,INICIO_EXPLICITO,,"El Gerente de Análisis Macroeconómico señor Claudio Soto, haciendo un cálculo preliminar, estima que la inflación podría estar en 0,4% en octubre, básicamente explicada por dos puntos de inflación en agosto y septiembre y si se mantuvieran estas tasas de variación mensual de 0,4% se tendría 1,2 menos del 1,6. Sin embargo, noviembre y diciembre podría ser 1% hacia arriba en torno a 1,5% probablemente. De este modo, lo que se observaría son los componentes de la inflación hacia delante de acuerdo a la proyección del Banco Central, considerando fundamentalmente los combustibles aun contribuyendo negativamente en la variación interanual, básicamente por la disminución de nivel que ocurrió a comienzos de año y donde los alimentos cada vez tendrían una incidencia menor en la inflación anual."
SOLO_METADATOS,2481,b38412d39c03ef706fb6e320629278dfc6dc393b3d3c8d8d36bacb902676a95d,2009-04-09,3456,Claudio Soto Gamboa,3454,Claudio Soto Gamboa,SUJETO_ROL_NOMBRE,,RPM-2009-04-09:T110,INICIO_EXPLICITO,,"El Gerente de Análisis Macroeconómico señor Claudio Soto, continuando con su exposición, señala que respecto de las variaciones mensuales del IPCX1 que se van a ver hacia delante, éstas van a empezar a incorporar la estacionalidad de vestuario que antes no existía y por ello se tiene más oscilación, y que en general, se observa una trayectoria bastante baja par la inflación Core del IPCX y el IPCX1 que se compensa en el IRC total. Agrega que no se tienen registros mensuales de IRC más altos que los del IPCX y X1, justamente por la trayectoria de los combustibles. Agrega que hacia delante, la proyección contempla que la incidencia de elementos XI va a ir desapareciendo y va a ser casi cero en la aparición anual del IPC Lo mismo con las tarifas de los servicios públicos que habían tenido una incidencia importante en los registros. En cuanto a los mercados financieros, el señor Claudio Soto señala que una de las cosas que más destaca es el empinamiento de la curva de rendimiento. Indica que se observa como las tasas nominales a largo plazo han subido y no así las tasas nominales a más corto plazo. Comenta también que algo similar se observa con los rendimientos en UF. Respecto de las tasas de colocación, el señor Soto comenta las tasas de distintos agentes e indica que lo que se observa es que las tasas han caído para varios de ellos y para varios plazos relevantes. Indica que sí se observa un rebote en las tasas de colocación comerciales a 30 y 89 días, pero que en las tasas de consumo más relevantes hay caídas respecto a la última RPM, Agrega que en las tasas de créditos hipotecarios, también hay algunas que están más bien planas y otras que han caído. Por otra parte, comenta que una información que no habían mirado hasta ahora era un indicador de la dispersión de tasas. Ella muestra que efectivamente ha habido un aumento de la dispersión. Respecto a la evolución de las colocaciones, el señor Claudio Soto indica que en términos interanuales, éstas han seguido cayendo. Tal como se discutió en la Reunión pasada, las colocaciones a las personas siguen teniendo registros mensuales negativos mes por mes. Por su parte, las de consumo y viviendas también ahora empiezan a aparecer negativas en su variación mes por mes, en tanto las correspondientes a las empresas, tienden a recuperarse en la misma variación mes por mes. Agrega que el dato en el margen es casi cero, pero han dejado de caer. El Gerente de Análisis Macroeconómico señor Claudio Soto señala que el tipo de cambio se ha apreciado no sólo en términos respecto al dólar sino que también en términos multilaterales. Al respecto, hace presente que si se excluye al dólar, se observa que está más plano respecto de la RPM pasada."
SOLO_METADATOS,2596,4e4b6a7c22f16ed220d06f11d516393b0849a8b6eb082e3114205f7b06d568a3,2009-06-16,3669,José De Gregorio Rebeco,3667,José De Gregorio Rebeco,SUJETO_ROL_NOMBRE,,RPM-2009-06-16:T86,INICIO_EXPLICITO,,"El Presidente señor José De Gregorio, junto con agradecer las opiniones expuestas, ofrece la palabra al Consejero señor Sebastián Claro."
ESTRUCTURAL,2674,d0bf1f145f07f3db3c185f7076213df875edad8f8c7939c209fd9dbbdae088aa,2009-08-13,3828;3829;3830;3831;3832,Claudio Soto Gamboa;Kevin Cowan Logan;Igal Magendzo Weinberger;Claudio Soto Gamboa;Andrés Velasco Brañes,3826,Claudio Soto Gamboa,SUJETO_NOMBRE,,RPM-2009-08-13:T37,CONTINUIDAD_EXPLICITA,,"El señor Claudio Soto continúa, señalando que la proyección contempla precios de la gasolina un poco más elevados que la semana anterior. De esta manera, su precio se aproximaría lentamente hacia los $ 600 de aquí a fines de año y luego se estancaría. Hace presente que, considerando todos los elementos disponibles para el análisis, se proyecta una inflación para agosto de 0%, con caídas en el IPC subyacente , ya que se estima que puede haber reducciones adicionales en los precios del equipamiento para la vivienda y también del vestuario, como consecuencia de un tema estacional. Dado lo anterior, la inflación en doce meses sería negativa el próximo mes y hasta diciembre y, según las proyecciones, diciembre cerraría con un -0,8%. En cuanto a la composición de la inflación, se advierte que los sectores resto no solo van contribuyendo cada vez menos a ella, sino que han comenzado a contribuir negativamente a la inflación en doce meses, mientras que los combustibles empiezan a hacerlo positivamente. En relación con este tema, el señor Soto indica finalmente que los modelos alternativos proyectan, en general, inflaciones a diciembre en un rango de entre -1 y -2%, aclarando que estas cifras son similares a las proyecciones del mercado, que están en -1%. Al proseguir con su exposición, el Gerente de Análisis Macroeconómico se refiere ahora a los mercados financieros. Respecto de las tasas, menciona que la noticia más destacada del mes es la caída importante de la tasa de los bonos a dos años, tanto los reales como los nominales, lo que explica el empinamiento adicional de la curva. Las tasas de colocaciones, por su parte, han seguido cayendo en el margen, aunque las correspondientes a las colocaciones de consumo a 90 y 360 días y a las letras de crédito, registran una leve alza. Agrega que la caída de estas tasas es significativa desde su peak, registrado durante la primera semana de diciembre del año pasado, cuya magnitud varía desde los casi 700 puntos base en el caso de la tasa de colocación de consumo a 90 y 360, hasta 1.400 puntos base en el caso de la de consumo de tres años y más. El Consejero señor Enrique í\/larshall plantea que esa comparación es un poco tramposa, ya que los riesgos de fondeo y de refinanciamiento a los bancos, presentes en el periodo octubre-noviembre más que durante la primera semana de diciembre citada, han desaparecido, en buena medida gracias a las acciones del Banco Central y del Ministerio de Hacienda. Luego, señala que resulta normal que haya una caída respecto de ese peak, simplemente porque desapareció un riesgo. El Gerente de Análisis Macroeconómico manifiesta que las tasas de colocación de consumo y comerciales del BancoEstado han sido más bajas que las del sistema hasta lo más reciente, pero que los últimos datos indican que ellas han aumentado y se aproximan a las del resto del sistema. Sus tasas hipotecarias, en cambio, no solo son más altas que las del sistema, porque el segmento al cual el BancoEstado presta es más riesgoso, sino que las caídas que registran son mucho más pronunciadas. Prosiguiendo con su presentación, el Gerente señor Claudio Soto menciona que los spreads entre las tasas de colocación y captación han aumentado y son comparables con otros episodios de stress financiero. Asimismo, indica que si bien estos siguen altos, han disminuido respecto del primer semestre del año pasado, que correspondió a la primera etapa de la crisis. Agrega que los spreads de las tasas a los diferentes plazos han subido y han tenido un comportamiento bastante volátil y que, a pesar de su volatilidad en el último tiempo, esta no ha sido muy distinta de la registrada en años anteriores. En cuanto al diferencial entre las tasas mínimas y máximas, hace presente que hay una tendencia creciente en su dispersión, la que probablemente se explica por la penetración del crédito a sectores que son más riesgosos. Explica que la tendencia es más bien secular, la que puede haberse intensificado a fines del año pasado por el aumento de la percepción de riesgo, pero que ha tendido ha retroceder en el margen."
ESTRUCTURAL,2674,d0bf1f145f07f3db3c185f7076213df875edad8f8c7939c209fd9dbbdae088aa,2009-08-13,3828;3829;3830;3831;3832,Claudio Soto Gamboa;Kevin Cowan Logan;Igal Magendzo Weinberger;Claudio Soto Gamboa;Andrés Velasco Brañes,3827,Kevin Cowan Logan,SUJETO_ROL_NOMBRE,,RPM-2009-08-13:T38,INICIO_EXPLICITO,,"El Gerente de División Política Financiera señor Kevin Cowan aclara que el señor Claudio Soto se está refiriendo al promedio de la dispersión por banco, ya que por cada uno de ellos se calcula la dispersión y el promedio. Añade que no se considera el hecho de que cierto banco haya entrado al mercado y sea más bancarizador, sino que se toma lo que ha estado haciendo cada uno de ellos."
ESTRUCTURAL,2674,d0bf1f145f07f3db3c185f7076213df875edad8f8c7939c209fd9dbbdae088aa,2009-08-13,3828;3829;3830;3831;3832,Claudio Soto Gamboa;Kevin Cowan Logan;Igal Magendzo Weinberger;Claudio Soto Gamboa;Andrés Velasco Brañes,3828,Igal Magendzo Weinberger,SUJETO_ROL_NOMBRE,,RPM-2009-08-13:T39,INICIO_EXPLICITO,,"El Asesor del Ministro de Hacienda, señor Igal Magendzo, refiriéndose a la afirmación de que la pendiente al alza es por la bancarización de los bancos más riesgosos, pregunta si ello significa que una caída implica una desbancarización. Al respecto, el Gerente de División de Estudios comenta que el problema radica en que este tipo de situaciones siempre se pueden leer en una dirección o en otra, porque también se podría decir que la bancarización aumentó a fines del año pasado o que probablemente no aumentó, por lo que el aumento de la pendiente a fines del año pasado no es porque entraron nuevos clientes al sistema."
ESTRUCTURAL,2674,d0bf1f145f07f3db3c185f7076213df875edad8f8c7939c209fd9dbbdae088aa,2009-08-13,3828;3829;3830;3831;3832,Claudio Soto Gamboa;Kevin Cowan Logan;Igal Magendzo Weinberger;Claudio Soto Gamboa;Andrés Velasco Brañes,3829,Claudio Soto Gamboa,SUJETO_ROL_NOMBRE,,RPM-2009-08-13:T40,INICIO_EXPLICITO,,"El Gerente señor Claudio Soto menciona que, de hecho, hay un estancamiento en las colocaciones y que todavía no se ven signos de recuperación, salvo el caso de las colocaciones para la vivienda en Unidades de Fomento, que han mantenido un cierto dinamismo, ya que se han desacelerado de forma importante y luego han crecido a tasas comparables con las de mediados del año pasado. Luego, hace presente que la participación del BancoEstado en las colocaciones de consumo y comerciales presentan un fuerte aumento, especialmente estas últimas, mientras que el alza de las hipotecarias es menor, porque el mercado está bastante segmentado."
ESTRUCTURAL,2674,d0bf1f145f07f3db3c185f7076213df875edad8f8c7939c209fd9dbbdae088aa,2009-08-13,3828;3829;3830;3831;3832,Claudio Soto Gamboa;Kevin Cowan Logan;Igal Magendzo Weinberger;Claudio Soto Gamboa;Andrés Velasco Brañes,3830,Enrique Marshall Rivera,CONTEXTO_REVISADO,,RPM-2009-08-13:T41,SIN_CONTINUIDAD_CONFIRMADA,,"En opinión del Consejero señor Enrique Marshall, es muy importante hacer un seguimiento de las operaciones hipotecarias, ya que son operaciones con horizontes más largos, donde hay un espacio importante para seguir bancarizando, por cuanto corresponden a operaciones en las que las personas están, normalmente, sustituyendo el arriendo por la adquisición de una vivienda. Respecto de las operaciones de consumo, en cambio, piensa que son operaciones bastante contaminadas, porque los bancos tienen que hacer los castigos muy rápidamente y ello puede llevar a que el sector caiga por un tiempo. Aclara que esas operaciones no desaparecen, ya que los clientes siguen debiéndole a los bancos, pero es dinero que sale de la contabilidad. Luego, señala que es relativamente normal que en un ciclo como el actual haya que centrar la atención en las operaciones hipotecarias, ya que si siguen cayendo se convierte en un tema de mucha preocupación. Agrega que el problema es que habrá que admitir ciertas noticias relativamente malas por factores contables, por factores de apalancamiento, debido a que son menores los espacios para que el crédito se recupere rápido."
ESTRUCTURAL,2674,d0bf1f145f07f3db3c185f7076213df875edad8f8c7939c209fd9dbbdae088aa,2009-08-13,3828;3829;3830;3831;3832,Claudio Soto Gamboa;Kevin Cowan Logan;Igal Magendzo Weinberger;Claudio Soto Gamboa;Andrés Velasco Brañes,3831,Claudio Soto Gamboa,SUJETO_ROL_SESION,,RPM-2009-08-13:T42,INICIO_EXPLICITO,,"Respecto del tipo de cambio, el Gerente de Análisis Macroeconómico informa que el peso se ha depreciado, a pesar del importante aumento observado en el precio del cobre desde la última RPM. Al respecto, recuerda lo mencionado por el Gerente de Análisis Internacional, sobre las medidas alternativas para el tipo de cambio real, que, en lugar del Indice de Precios Externos Relevantes (IPE), consideran los IVUM e IVUX sin cobre. Explica que si se mide el tipo de cambio real con el IVUM, se obtiene que está bastante apreciado, pero que se observa también una tendencia decreciente en el tiempo, porque el precio de las importaciones ha ido cayendo. Asimismo, si se analiza el tipo de cambio real, considerando los IVUX sin cobre, se ve que está más apreciado que el año pasado, pero no más que en los últimos cinco o seis años, y claramente más depreciado que antes de la crisis asiática."
ESTRUCTURAL,2674,d0bf1f145f07f3db3c185f7076213df875edad8f8c7939c209fd9dbbdae088aa,2009-08-13,3828;3829;3830;3831;3832,Claudio Soto Gamboa;Kevin Cowan Logan;Igal Magendzo Weinberger;Claudio Soto Gamboa;Andrés Velasco Brañes,3832,Andrés Velasco Brañes,SUJETO_ROL_SESION,,RPM-2009-08-13:T43,INICIO_EXPLICITO,,"Al respecto, el señor Ministro de Hacienda señala que lo sorprendente de los últimos quince días es que el tipo de cambio se deprecie levemente, a pesar que los commodities suben, y que se comente que se habría activado el carry trade precisamente con Brasil Las tasas en Chile y en Brasil no han cambiado, agrega. Dado eso, pregunta por qué ello estaría ocurriendo si, al parecer, la tasa no se ha movido, y cuál es el market feeling al respecto."
ESTRUCTURAL,3011,212971befc4adbd893cf91d44cdc721c9d91794cf6b5ceff054c690f917c2bc7,2010-03-18,4400;4401;4402,Pablo García Silva;José De Gregorio Rebeco;Luis Felipe Céspedes Cifuentes,4400,Pablo García Silva,SUJETO_NOMBRE,,RPM-2010-03-18:T65,CONTINUIDAD_EXPLICITA,,"El señor Pablo García indica que desde dicha Reunión, el principal antecedente ha sido el terremoto que afectó a una parte significativa del país el 27 de febrero pasado. Desde el punto de vista de las otras noticias coyunturales habituales, hace presente que en el ámbito externo se ha observada que la volatilidad financiera se ha aplacado, especialmente luego de los anuncios de ajuste fiscal y el respaldo de la Comunidad Europea a Grecia. Agrega que el precio de los commodities se ha recuperado, que el dólar ha perdido valor respecto de monedas de países emergentes y que las perspectivas de crecimiento global se han mantenido estables y no parecen haberse visto afectadas de forma significativa por la volatilidad reciente. A nivel local, y previo al terremoto, menciona que se constataba un repunte de la actividad y de la demanda, que seguía estando por encima de previsiones anteriores, lo que junto con las cifras del cierre de Cuentas Nacionales para el año 2009, daba cuenta de un tono más robusto para el gasto y el PIB. Añade que la inflación subyacente de febrero mostró registros mayores que los previstos y que algunos indicadores, como la Encuesta de Operadores Financieros, sugerían un inicio del proceso de retiro del estímulo monetario algo más pronto que lo previsto en meses anteriores. Para resumir, el señor García hace presente que los antecedentes coyunturales anteriores al terremoto parecían indicar un entorno de menores holguras y, por tanto, menores riesgos de que el escenario de inflación reducida se fuera a mantener por un tiempo más prolongado que el previsto. El Gerente de División Estudios informa a continuación que el terremoto ha afectado, indudablemente, el panorama macroeconómico y que, por tanto, incide en el diagnóstico de política monetaria que se desee realizar. Indica que ha pasado muy poco tiempo desde esta catástrofe, por lo que no es posible contar con antecedentes concretos que permitan evaluar sus alcances con precisión, lo que implica que, a estas alturas, el diagnóstico sea de por sí tentativo y especulativo. En este contexto, señala que es posible mencionar las siguientes consideraciones; en primer término, que el terremoto constituye eminentemente un shock de oferta agregada, especificando que, en el corto plazo, la destrucción de instalaciones e infraestructura y la disrupción de la distribución y la actividad comercial han constreñido la capacidad de producción de la economía y que, a plazos más largos, los efectos más disruptivos inmediatos se irían disipando, tanto por los esfuerzos de reorganización y sustitución productiva como por el inicio del proceso de reconstrucción. No obstante, anticipa que la caída del stock de capital productivo debería tener efectos más duraderos, pues su reposición no puede ser inmediata. El señor Pablo García plantea que, al mismo tiempo, la caída en la riqueza y las mismas dificultades provocadas por el contexto inmediato del terremoto para concretar decisiones de gasto acotan la demanda, y que la materialización del esfuerzo de reconstrucción implica también postergar o sustituir decisiones de gasto, las que son reemplazadas por iniciativas más urgentes. En opinión del señor García, el esfuerzo de reconstrucción debería tener un componente autónomo, fundamentalmente privado, facilitado por el hecho que, en el margen, la rentabilidad de los proyectos de reconstrucción es de por sí elevada, y porque una parte de las pérdidas de capital estaban cubiertas por seguros. Agrega que este también debería tener un componente público, necesario para reconstruir la red de servicios públicos seriamente dañada por el sismo y para apoyar a aquellos segmentos más vulnerables de la población. Indica que la magnitud que tome este esfuerzo de reconstrucción público/privado, su temporalidad a lo largo de los próximos años, así como la manera como se financien, son todas consideraciones de primer orden en sus efectos sobre el contexto macroeconómico. A continuación, el señor Pablo García menciona que será necesario alterar la redacción al editar la Minuta que se entregará antes del próximo Informe de Política Monetaria (IPoM), en lo que se refiere a los siguientes temas que se están discutiendo. En primer lugar, plantea que frente a la incertidumbre asociada a los puntos anteriores, disponer a estas alturas de un diagnóstico afinado respecto de las implicancias de política monetaria es imposible. Sin embargo, expresa que para efectos de la elaboración del IPoM de marzo, ha sido necesario comenzar a delinear escenarios macroeconómicos, en el que el punto de partida ha sido la elaboración de un escenario macroeconómico contrafactual, que solo considera la revisión de cifras de Cuentas Nacionales para el 2009, así como los antecedentes coyunturales pre terremoto. Estos antecedentes, explica, llevaban a proyectar un crecimiento de la actividad para este año del orden de 6%, esto es, de un punto mas que en el IPoM de diciembre, una inflación promedio para el 2010 en torno a 2%, también un punto más que en diciembre, y, luego, una normalización más agresiva de la TPM, hasta 50 puntos base por sobre lo previsto con anterioridad para el cuarto trimestre de este año. Dadas estas consideraciones, indica que no puede descartarse que, en ausencia del terremoto, en esta RPM se estuviese planteando como una opción la comunicación de que el inicio del retiro del estímulo monetario se adelantaría. Agrega que, tal como se mencionó, las expectativas privadas se habían estado desplazando cualitativamente en ese sentido. En segundo lugar, el señor García plantea que el terremoto ha afectado el panorama en una multiplicidad de direcciones. Señala que si se considera, por un lado, que el efecto de la menor capacidad productiva por la destrucción de capital predomina en la dinámica macroeconómica, entonces el nuevo escenario es más inflacionario y puede requerir una normalización más rápida de la política monetaria, y que si, por otro lado, se toma en cuenta que la disrupción en las decisiones de demanda y la caída en el consumo para acomodar un mayor ahorro son relevantes, entonces las brechas podrían incluso haberse ampliado. Hace ver que estas dudas hacen difícil evaluar la magnitud y persistencia de la esperable mayor inflación y menor actividad para marzo, y que a ello se agrega la imposibilidad de una lectura estadística precisa de dichos fenómenos, asociada a las disrupciones que el terremoto produjo en la capacidad institucional de recolectar información detallada en la zona de la catástrofe. Hace presente que a lo anterior se agrega también el ya mencionado aspecto vinculado a la magnitud, temporalidad y forma de financiamiento del esfuerzo de reconstrucción pública y privada, aspectos que son claves para poder delinear el panorama macroeconómico de mediano plazo. En tercer término, el señor Pablo García informa que el mercado ha tendido a interpretar los efectos del terremoto como sugerentes de una mayor inflación hacia fines de este año y mediados del próximo, pero centrada en la meta en el horizonte de política; de menor actividad este año, pero con un rebote compensatorio el próximo; y una trayectoria de política monetaria más laxa que la prevista hacia fines de febrero. Agrega que el tipo de cambio y las tasas de interés de largo plazo han tenido fluctuaciones significativas, junto con los cambios en las expectativas privadas sobre la forma de financiamiento del esfuerzo de reconstrucción. El señor García indica que, dados los grados de incertidumbre mencionados, la opción más plausible en esta ocasión parece ser mantener el mensaje de política monetaria de los comunicados recientes, en cuanto a que la TPM se mantendría en su nivel mínimo al menos hasta el segundo trimestre. Especial mención hace a que cualquier cambio relevante en este diagnóstico podría ser interpretado como que el Banco Central tiene más certezas o información de las que efectivamente existen sobre las implicancias del terremoto sobre la política monetaria. Por lo mismo, sugiere que la forma y los contenidos del comunicado deberían enfatizar los elevados grados de incertidumbre actuales, así como la centralidad que tiene el terremoto en formar el encuadre macroeconómico de mediano plazo. En su opinión, ello puede destacarse, señalando que estos aspectos se discutirán con mayor detalle en el IPoM de marzo, aunque la incertidumbre no se haya despejado mayormente."
ESTRUCTURAL,3011,212971befc4adbd893cf91d44cdc721c9d91794cf6b5ceff054c690f917c2bc7,2010-03-18,4400;4401;4402,Pablo García Silva;José De Gregorio Rebeco;Luis Felipe Céspedes Cifuentes,4401,José De Gregorio Rebeco,SUJETO_ROL_SESION,,RPM-2010-03-18:T66,INICIO_EXPLICITO,,"El señor Presidente agradece la exposición del señor Pablo García y, a continuación, le ofrece la palabra al Gerente de Investigación Económica, señor Luis Felipe Céspedes."
ESTRUCTURAL,3011,212971befc4adbd893cf91d44cdc721c9d91794cf6b5ceff054c690f917c2bc7,2010-03-18,4400;4401;4402,Pablo García Silva;José De Gregorio Rebeco;Luis Felipe Céspedes Cifuentes,4402,Luis Felipe Céspedes Cifuentes,CONTEXTO_REVISADO,,RPM-2010-03-18:T67,SIN_CONTINUIDAD_CONFIRMADA,,"El Gerente aludido menciona algunos elementos que le parecen relevantes en la decisión de la presente Reunión y que estarán presentes en decisiones futuras. El primero de ellos se refiere al papel que jugarán las expectativas de inflación en el actual escenario. Señala que, dados los nuevos antecedentes respecto de la dinámica inflacionaria previa al terremoto, el escenario marzo* y los potenciales efectos sobre la inflación de este mes, mantener la credibilidad del objetivo inflacionario será particularmente clave para reducir los riesgos de una mayor inercia inflacionaria en el futuro. A juicio del señor Luis Felipe Céspedes, otro elemento clave en el proceso será la recuperación de la capacidad productiva, ya sea por una recuperación en la tasa de utilización del capital existente como por el proceso de recomposición del stock de capital perdido. Al respecto, indica que este proceso jugará un papel importante en la determinación de futuras brechas de producto y, por lo tanto, en la evolución de las expectativas de inflación. El señor Céspedes plantea que los antecedentes actuales apuntan a que las expectativas de inflación en el horizonte relevante se han mantenido firmemente ancladas en torno al objetivo inflacionario, pero que las expectativas inflacionarias de más corto plazo han subido. Indica que esto, sumado a las expectativas de mantención o incluso reducción en la trayectoria de corto plazo de la TPM, ha aumentado el impulso monetario real en el corto plazo. En su opinión, lo anterior, sumado al hecho que en el escenario post RPM de febrero y pre terremoto era un escenario de cierre más rápido de brechas, debe llevar a un estricto monitoreo de las expectativas de inflación dentro e incluso más allá del horizonte de política. Ahora bien, declara que, reconociendo el hecho que el impacto básico del terremoto apunta a mayores presiones inflacionarias en el corto plazo, existen otros elementos que pueden mitigar esas presiones. Agrega que, dada la cercanía, los costos económicos asociados al terremoto y, en particular, la repercusión de este sobre la economía, son aún aproximaciones. El Gerente de Investigación Económica hace notar que lo anterior se traduce en un incremento en la incertidumbre que puede desencadenar una serie de canales contractivos sobre la demanda agregada. Menciona que una mayor incertidumbre tiende a endurecer las condiciones del crédito y, de esta forma, reduce la demanda agregada, lo que puede ser particularmente problemático en un escenario que requiere una recomposición del stock de capital perdido. Manifiesta que la importancia y persistencia de este efecto dependerá de la rapidez con la que se vayan resolviendo dichas incertidumbres. Por otra parte, indica que el mayor impulso macroeconómico en el corto plazo puede ser contrarrestado por los efectos en las tasas largas de las expectativas, respecto a la magnitud y forma de financiamiento de los costos asociados al terremoto. En resumen, señala que el conjunto de antecedentes con que se cuenta en esta RPM apuntan, en su opinión, a actuar con cautela, en línea con lo sugerido en la Minuta de Opciones. A continuación,."
ESTRUCTURAL,3056,42abadbe62a4b9d8acc7829cd02560885a62283c8afb7a4b942ef67b505e4465,2010-04-15,4466;4467;4468,Pablo García Silva;Manuel Marfán Lewis;Pablo García Silva,4466,Pablo García Silva,SUJETO_NOMBRE,,RPM-2010-04-15:T48,INICIO_EXPLICITO,,"El señor Pablo García aclara que la imputación con variación O fue solamente para educación en las zonas afectadas, un poco menos de una décima, en tanto que el resto fue imputado con las variaciones efectivas de Santiago."
ESTRUCTURAL,3056,42abadbe62a4b9d8acc7829cd02560885a62283c8afb7a4b942ef67b505e4465,2010-04-15,4466;4467;4468,Pablo García Silva;Manuel Marfán Lewis;Pablo García Silva,4467,Manuel Marfán Lewis,CONTEXTO_REVISADO,,RPM-2010-04-15:T49,SIN_CONTINUIDAD_CONFIRMADA,,"En opinión del señor Marfán, todos suponen que probablemente las variaciones en las zonas afectadas fueron superiores y que el bimestre marzo-abril daría cuenta de la verdadera inflación del bimestre, aun cuando ningún mes en particular sería fidedigno. El señor Marfán advierte que hay una diferencia en ese bimestre de medio punto y no habría un rebote por el hecho de haber catastrado en Santiago los precios de Concepción."
ESTRUCTURAL,3056,42abadbe62a4b9d8acc7829cd02560885a62283c8afb7a4b942ef67b505e4465,2010-04-15,4466;4467;4468,Pablo García Silva;Manuel Marfán Lewis;Pablo García Silva,4468,Pablo García Silva,SUJETO_NOMBRE,,RPM-2010-04-15:T50,INICIO_EXPLICITO,,"El señor Pablo García señala que el rebote ocurre para la proyección más bien en cuatro meses y no en dos, o en tres mes y no en uno, o sea, en abril, mayo y junio, y no en abril solamente. Cita el caso de alimentos X 1, respecto de los cuales se podría decir que lo que ocurrió fue que proyectado era una variación razonablemente esperable dado el terremoto, y que fue menor, porque se imputó la inflación de los alimentos XI en Santiago. Aclara que eso se está deshaciendo totalmente en abril, mes en que se vuelve a una trayectoria que es bastante más alta."
SOLO_METADATOS,3299,2097c4b5e5ee13d264697b26978a91ea4a52162b28dc0bca403adf4c7e21a24e,2010-08-12,4795,José De Gregorio Rebeco,4795,José De Gregorio Rebeco,SUJETO_ROL_NOMBRE,,RPM-2010-08-12:T26,INICIO_EXPLICITO,,"El Presidente señor José De Gregorio, a raíz de que el dinamismo que se esperaba para el sector construcción como consecuencia de las obras de reconstrucción no se ha materializado, consulta hasta qué punto ello puede estar relacionado con un rezago en los esfuerzos de reconstrucción."
ESTRUCTURAL,3435,408a15649a9bf0bfa68ebace2bf8384574659414f04f0db75f02ec5de54098bd,2010-10-14,4995,Sebastián Claro Edwards,4995,Sebastián Claro Edwards,SUJETO_ROL_NOMBRE,,RPM-2010-10-14:T6,INICIO_EXPLICITO,,"El Consejero señor Sebastián Claro menciona que en el IPoM de septiembre se supuso un crecimiento para un grupo de países - no recuerda si correspondía al conjunto de socios comerciales de Chile o, principalmente, Estados Unidos, Europa y Japón- medio punto inferior al de Consensus Forecasts . Señala que,con ese antecedente, no le queda claro si los actuales datos de Consensus se están acercando, de alguna manera, hacia la proyección del Banco, es decir, si acaso ese delta se ha ido eliminando por una corrección a la baja, como sería el caso de Estados Unidos y no tanto de Europa."
ESTRUCTURAL,3435,408a15649a9bf0bfa68ebace2bf8384574659414f04f0db75f02ec5de54098bd,2010-10-14,4995,Sebastián Claro Edwards,4996,Enrique Marshall Rivera,CONTEXTO_REVISADO,,RPM-2010-10-14:T7,SIN_CONTINUIDAD_CONFIRMADA,,"En opinión del Consejero señor Enrique Marshall, el cambio más importante se advierte entre los datos de crecimiento entregados por el WEO en abril y octubre, en especial, con lo que ocurre en Estados Unidos, cuyo crecimiento se ajusta seis décimas a la baja, las que se traspasan para el año próximo. Añade que, en su opinión, la frase relativa al desacople puede ser algo discutible y que, quizás, la duda imperante es si Estados Unidos resiste, dado el peso que tiene en la economía mundial."
ESTRUCTURAL,3442,314f83216d0a83272023f6739638c4b1e88e5b5801785acd7b2ce96819647eb6,2010-10-14,5004;5005;5006;5007,Luis Óscar Herrera Barriga;Felipe Jaque;Manuel Marfán Lewis;Felipe Jaque,5005,Luis Óscar Herrera Barriga,SUJETO_ROL_NOMBRE,,RPM-2010-10-14:T16,INICIO_EXPLICITO,,"El Gerente de División Estudios señor Luis Óscar Herrera comenta que en el caso de Japón no habría que considerar el comportamiento de su tipo de cambio de los años 90, porque en esa década no estuvo en equilibrio. Hace presente que la aspiración de Japón es el tipo de cambio de la década pasada, que le permitió exportar y volver a una situación de capacidad."
ESTRUCTURAL,3442,314f83216d0a83272023f6739638c4b1e88e5b5801785acd7b2ce96819647eb6,2010-10-14,5004;5005;5006;5007,Luis Óscar Herrera Barriga;Felipe Jaque;Manuel Marfán Lewis;Felipe Jaque,5006,Felipe Jaque,SUJETO_NOMBRE,,RPM-2010-10-14:T17,INICIO_EXPLICITO,,"En cuanto a los movimientos de las paridades, el señor Felipe Jaque menciona que con respecto a la RPM de septiembre, varias economías desarrolladas y emergentes se apreciaron significativamente, en especial, durante la última semana, entre ellas Japón y la Zona Euro. Indica, asimismo, que si se efectúan comparaciones respecto de fines del 2007, el peso chileno, por ejemplo, no figura entre las monedas que más se han apreciado, mientras que con relación al 2008, sí exhibe algo más de apreciación respecto de aquellas consideradas en el análisis. En materia de volatilidades, precisa que, desde una perspectiva histórica, se observa que luego de los peaks prolongados que se registraron en medio de la crisis, es decir, a fines del año 2008 y principios del 2009, hoy están relativamente contenidas respecto de los promedios históricos en los distintos mercados y, por lo tanto, no es un mercado más volátil que el observado en los meses pasados. El señor Felipe Jaque continúa su exposición, señalando que la incertidumbre, dada por las primas de los contratos CDS, había resurgido el mes pasado, pero con un retroceso en las economías periféricas de Europa. En el caso particular de Irlanda y Portugal, indica que algo había aumentado a fines de septiembre, revirtiéndose en las últimas dos semanas, manteniéndose, de todas formas, en niveles elevados respecto de los meses previos."
ESTRUCTURAL,3442,314f83216d0a83272023f6739638c4b1e88e5b5801785acd7b2ce96819647eb6,2010-10-14,5004;5005;5006;5007,Luis Óscar Herrera Barriga;Felipe Jaque;Manuel Marfán Lewis;Felipe Jaque,5007,Manuel Marfán Lewis,SUJETO_ROL_NOMBRE,,RPM-2010-10-14:T18,INICIO_EXPLICITO,,"Al respecto, el Vicepresidente señor Manuel Marfán sugiere excluir a Grecia de los gráficos sobre CDS spread y spread sobre bonos alemanes, porque su situación difiere mucho de las restantes economías analizadas. Expresa que, con ello, se podrá ampliar la escala empleada y se podrá observar con mayor facilidad las diferencias que presentan las economías que presentan incertidumbres similares."
ESTRUCTURAL,3442,314f83216d0a83272023f6739638c4b1e88e5b5801785acd7b2ce96819647eb6,2010-10-14,5004;5005;5006;5007,Luis Óscar Herrera Barriga;Felipe Jaque;Manuel Marfán Lewis;Felipe Jaque,5008,Beltrán de Ramón Acevedo,CONTEXTO_REVISADO,,RPM-2010-10-14:T19,SIN_CONTINUIDAD_CONFIRMADA,,"En opinión del señor Beltrán de Ramón, la preocupación hoy es Irlanda y Portugal, siendo bastante menor en los casos de Italia y España."
ESTRUCTURAL,3442,314f83216d0a83272023f6739638c4b1e88e5b5801785acd7b2ce96819647eb6,2010-10-14,5004;5005;5006;5007,Luis Óscar Herrera Barriga;Felipe Jaque;Manuel Marfán Lewis;Felipe Jaque,5009,Felipe Jaque,SUJETO_NOMBRE,,RPM-2010-10-14:T20,INICIO_EXPLICITO,,"El señor Felipe Jaque menciona que, de hecho, el foco en CDS bancarios muestra que Portugal e Irlanda aumentaron significativamente dentro del mes, alcanzando un nivel bastante alto, pero retrocedieron en los últimos días. Al respecto, y respondiendo una / consulta del Vicepresidente señor Manuel Marfán, aclara que en el caso de Irlanda se trata del banco irlandés más importante dentro del mercado bursátil. Finalmente, acota que las primas por riesgo de todos los bancos de las restantes economías periféricas muestran una reversión en la última semana. En materia de percepción de riesgo de los mercados, el señor Felipe Jaque comenta que la volatilidad de los mercados bursátiles registró una disminución en las distintas regiones y, a título ejemplar, precisa que, en Estados Unidos, el VIX estándar se ubicó bajo el nivel de 20% durante algunos días. Hace presente, asimismo, que las primas por riesgo corporativo, que agrupa los High Yield de economías desarrolladas, también disminuyeron marginalmente en el último mes, en tanto que se observa algún rebote en los premios corporativos de mediana calidad crediticia en Estados Unidos. En todo caso, destaca que el panorama actual de esas economías es mucho menos incierto o de menor percepción de riesgo que el prevaleciente en la RPM pasada. Respecto de los mercados emergentes, en tanto, indica que los indices de percepción de riesgo se mantuvieron acotados y bajos, que son similares a los exhibidos en el último tiempo, y que no hay mayores novedades en primas por riesgo para el resto de la economía. El Gerente de Análisis Internacional Subrogante, refiriéndose luego a los mercados bursátiles, señala que los latinoamericanos, europeos y de Asia emergente recuperaron terreno en el último mes, mientras que las bolsas de las economías desarrolladas se están recuperando a un ritmo menor."
SOLO_METADATOS,3446,e9b4168d636d3ec307cf528c4a10f4274d1d5758d2a8d83d6069926e3d0df972,2010-10-14,5013;5014,Rodrigo Vergara Montes;Felipe Jaque,5015,Rodrigo Vergara Montes,SUJETO_ROL_NOMBRE,,RPM-2010-10-14:T26,INICIO_EXPLICITO,,"El Consejero señor Rodrigo Vergara, pensado en los agricultores, consulta si el maíz, el arroz y el trigo registran hoy buenos precios en términos históricos."
SOLO_METADATOS,3446,e9b4168d636d3ec307cf528c4a10f4274d1d5758d2a8d83d6069926e3d0df972,2010-10-14,5013;5014,Rodrigo Vergara Montes;Felipe Jaque,5016,Felipe Jaque,SUJETO_NOMBRE,,RPM-2010-10-14:T27,INICIO_EXPLICITO,,"El señor Felipe Jaque responde que ello es efectivo, ya que exhiben una recuperación. Añade que si bien el índice agregado de granos y cereales está en niveles bastante superiores a los observados a principios del 2009, no alcanza al exhibido en el rally del período 2007 - 2008. El señor Felipe Jaque señala que cuando se analiza el precio del cobre y del petróleo en distintas monedas, en este caso, en dólares, euros, yenes, wones coreanos y yuanes, indizados arbitrariamente a enero 2007 igual 100, se puede advertir que el comportamiento del precio del cobre en dólares está muy cerca de los niveles máximos alcanzados en el año 2008; y que, comparado con su precio en euros, está incluso por sobre los niveles máximos del último rally de precios de commodities, mientras que en yenes resulta ser el más bajo. ~ En cuanto al mercado de granos, el señor Felipe Jaque indica que el trigo no registra muchos cambios respecto de la Reunión pasada, y que, sobre la base de lo que actualmente se transa en contratos, hay expectativas de que su precio disminuirá en los próximos meses. Por el contrario, recalca que se observa un aumento del precio spot del maíz en el último mes y, además, un desplazamiento de los contratos futuros hacia un nivel más elevado que el mes pasado. Respecto del precio de los combustibles, hace presente que si bien hay un desplazamiento al alza en las curvas de contratos futuros, no es sustancial con relación al mes pasado. Sin embargo, destaca que en los últimos días sí ha habido aumentos adicionales en los contratos de combustibles en los mercados futuros."
ESTRUCTURAL,3523,f6fb765747617be89ae3aee127743ae4bc31fc03eef36eb3a6a6a2585b0b3733,2010-11-16,5110,José De Gregorio Rebeco,5112,José De Gregorio Rebeco,SUJETO_ROL_NOMBRE,,RPM-2010-11-16:T31,INICIO_EXPLICITO,,"El Presidente señor José De Gregorio destaca que si Alemania no formara parte de la Zona Euro y las monedas flotaran, estaría mucho más apreciada, ya que es la gran beneficiada del euro."
ESTRUCTURAL,3523,f6fb765747617be89ae3aee127743ae4bc31fc03eef36eb3a6a6a2585b0b3733,2010-11-16,5110,José De Gregorio Rebeco,5113,Manuel Marfán Lewis,CONTEXTO_REVISADO,,RPM-2010-11-16:T32,SIN_CONTINUIDAD_CONFIRMADA,,"En opinión del Vicepresidente señor Manuel Marfán, dado que hay una especie de patrón oro entre los países miembros de la Zona Euro, Alemania debiera tener más inflación que el resto, pero no esa así, apreciándose cada vez más en términos reales respecto de sus principales socios."
SOLO_METADATOS,4122,5d46c848761c8c1d5a1a36adf29e609cc2d1db20406fdc3adfd49d89e72315eb,2011-07-14,5805,Sebastián Claro Edwards,5808,Sebastián Claro Edwards,SUJETO_ROL_NOMBRE,,RPM-2011-07-14:T4,INICIO_EXPLICITO,,"El Consejero señor Sebastián Claro, haciendo referencia a la recuperación del sector industrial y a la debilidad del consumo en los países en desarrollo, consulta si las evaluaciones de los analistas apuntan a que los inventarios en Estados Unidos y Europa se han acumulado deseada o indeseadamente."
ESTRUCTURAL,4148,833b05a345071ecde297364fdc6fb1f5ea95415860633c5e52f18fc0295dca67,2011-07-14,5832,Sergio Lehmann Beresi,5835,Sergio Lehmann Beresi,SUJETO_NOMBRE,,RPM-2011-07-14:T31,INICIO_EXPLICITO,,El señor Sergio Lehmann confirma que las clasificadoras de riesgo revisaron a la baja a varios bancos italianos.
ESTRUCTURAL,4148,833b05a345071ecde297364fdc6fb1f5ea95415860633c5e52f18fc0295dca67,2011-07-14,5832,Sergio Lehmann Beresi,5836,Manuel Marfán Lewis,CONTEXTO_REVISADO,,RPM-2011-07-14:T32,SIN_CONTINUIDAD_CONFIRMADA,,"A juicio del Vicepresidente señor Manuel Marfán, se están valorando más los riesgos de cola. Señala que estos serían altos en el caso de Italia, porque el superávit primario alcanza a alrededor del 2,5% del PIB, es decir, a una cifra muy baja si se considera que la deuda de esta economía es equivalente a su PIB."
ESTRUCTURAL,4252,65f701da89f7e3dc0ad46b31af072e1292dbdd1825b27df9aeffc376fb2d06cb,2011-08-18,5949,Luis Óscar Herrera Barriga,5953,Luis Óscar Herrera Barriga,SUJETO_NOMBRE,,RPM-2011-08-18:T46,INICIO_EXPLICITO,,"El señor Luis Óscar Herrera reitera que el escenario que se está preparando es coherente con esta continuidad de crecimiento lento y considera una salida ordenada de Grecia, si es que llega a materializarse. Subraya que no es un escenario de explosión financiera."
ESTRUCTURAL,4252,65f701da89f7e3dc0ad46b31af072e1292dbdd1825b27df9aeffc376fb2d06cb,2011-08-18,5949,Luis Óscar Herrera Barriga,5954,Rodrigo Vergara Montes,CONTEXTO_REVISADO,,RPM-2011-08-18:T47,SIN_CONTINUIDAD_CONFIRMADA,,"En opinión del Consejero señor Rodrigo Vergara, lo complejo de este escenario son las nulas capacidades que los gobiernos europeos, específicamente el alemán y el francés, han demostrado políticamente para ponerse de acuerdo."
ESTRUCTURAL,4256,64d2d7fd882d086ce79cb2e3e32263502289d97739175f2973d48e5a1f876f1c,2011-08-18,5954,Luis Óscar Herrera Barriga,5959,Luis Óscar Herrera Barriga,SUJETO_ROL_NOMBRE,,RPM-2011-08-18:T52,INICIO_EXPLICITO,,"El Gerente de División Estudios señor Luis Óscar Herrera sostiene que esas situaciones de concentración temporal de liquidez, que reflejan un mercado más trabado, se producen cuando los bancos comienzan a intermediar contra el Banco Central."
ESTRUCTURAL,4256,64d2d7fd882d086ce79cb2e3e32263502289d97739175f2973d48e5a1f876f1c,2011-08-18,5954,Luis Óscar Herrera Barriga,5960,Matías Bernier Bórquez,CONTEXTO_REVISADO,,RPM-2011-08-18:T53,SIN_CONTINUIDAD_CONFIRMADA,,"En opinión del señor Matías Bernier, se puede considerar que el mercado está trabado cuando una situación como la descrita se extiende a lo largo de todo el período de encaje. Subraya que no fue el caso, puesto que este episodio obedeció a una situación muy puntual de dos bancos, que se explica por ventas de dólares o por alguna operación de compensación. Hace el alcance que si ello se repite y se transforma en episodios más frecuentes en la mitad del período de encaje, pasaría a ser un tema que ameritaría mayor preocupación."
ESTRUCTURAL,4342,0cfd5cd60e21054b532fa8494f65f04f7f9e0bdec560fb2b023081500d6bbfa3,2011-10-13,6064;6065;6066,Luis Óscar Herrera Barriga;Sergio Lehmann Beresi;Luis Óscar Herrera Barriga,6070,Luis Óscar Herrera Barriga,SUJETO_ROL_NOMBRE,,RPM-2011-10-13:T12,INICIO_EXPLICITO,,"El Gerente de División Estudios señor Luis Óscar Herrera manifiesta entender que los recursos correspondientes a esta ampliación serían entregados contra bonos secundarios. Comenta que estos recursos no solo se destinan a préstamos directos, sino que también a la capitalización de bancos."
ESTRUCTURAL,4342,0cfd5cd60e21054b532fa8494f65f04f7f9e0bdec560fb2b023081500d6bbfa3,2011-10-13,6064;6065;6066,Luis Óscar Herrera Barriga;Sergio Lehmann Beresi;Luis Óscar Herrera Barriga,6071,Sergio Lehmann Beresi,SUJETO_NOMBRE,,RPM-2011-10-13:T13,INICIO_EXPLICITO,,"El señor Lehmann prosigue, señalando que el segundo canal es la compra de papeles soberanos por parte de Banco Central Europeo. Al respecto, precisa que hasta el momento se han acumulado €163 billones. Indica que otro canal es el Long-Term Refinancing Operations (LTRO), cuyo monto vigente alcanza al día de hoy a US$ 384 billones y sus operaciones vigentes van de 30 a 200 días, a una tasa de 1,5%. Hace presente que hace dos semanas se extendió el plazo de dos operaciones — la de octubre y diciembre a 12 y 13 meses, respectivamente— , y se estableció que la tasa de colocación será fija e igual al promedio de las operaciones regulares del Banco Central Europeo. Agrega que otro canal corresponde a la línea swap dólar - euro, que corresponde a una acción coordinada del Banco Central Europeo y la Reserva Federal, que incluye además al Banco de Japón, al Banco Nacional Suizo y el Banco de Inglaterra, y cuyo objeto es la provisión de liquidez en dólares a los mercados financieros respectivos. El señor Lehmann menciona que otro canal es la capitalización de la banca para protegerla de pérdidas. Sobre el particular, aclara que este aún esta en discusión, esperándose una definición en la reunión que sostendrán los principales líderes de la Zona Euro el 23 de octubre próximo. Explica que la idea central es que se utilicen fondos de los banpos, los gobiernos y del FEEF para tal efecto, y que si bien aún no hay una posición oficial 'f respecto del requerimiento de capital que se le exigiría a cada uno de los bancos, existiría un planteamiento de subir el Tier-1 desde el 6 a 9% y de ampliar de 6 a 9 meses el plazo para que los bancos constituyan el capital suficiente. Agrega que de no poder alcanzar esos requerimientos, podrían recurrir a los gobiernos o, eventualmente, al FEEF, pero advierte que no es evidente que haya capital o recursos suficientes y que es por ello que probablemente será necesario apalancar este Fondo."
ESTRUCTURAL,4342,0cfd5cd60e21054b532fa8494f65f04f7f9e0bdec560fb2b023081500d6bbfa3,2011-10-13,6064;6065;6066,Luis Óscar Herrera Barriga;Sergio Lehmann Beresi;Luis Óscar Herrera Barriga,6072,Luis Óscar Herrera Barriga,SUJETO_NOMBRE,,RPM-2011-10-13:T14,INICIO_EXPLICITO,,"El señor Luis Óscar Herrera destaca las distintas posiciones de Alemania y Francia al respecto, por cuanto Alemania propone que la primera instancia de ayuda sean el gobierno y los fondos privados, mientras que Francia sugiere que lo sea el Fondo Europeo de Estabilización Financiera."
ESTRUCTURAL,4342,0cfd5cd60e21054b532fa8494f65f04f7f9e0bdec560fb2b023081500d6bbfa3,2011-10-13,6064;6065;6066,Luis Óscar Herrera Barriga;Sergio Lehmann Beresi;Luis Óscar Herrera Barriga,6073,Sebastián Claro Edwards,CONTEXTO_REVISADO,,RPM-2011-10-13:T15,SIN_CONTINUIDAD_CONFIRMADA,,"En opinión del Consejero señor Sebastián Claro, estos anuncios no solo han sido muy bien recibidos, sino que es muy probable que expliquen parte de la calma que reina en los mercados en los últimos días. No obstante, hace ver que ello tendría relación con la obligatoriedad de hacerlo, como ocurrió en Estados Unidos. En efecto, supone que hay una exigencia legal, porque muchos banqueros —entre ellos, el Deutsche Bank— , han declarado que no están dispuestos a aumentar capital dado los precios actuales de las acciones. Otros, en tanto, han manifestado que para cumplir con estas exigencias, prefieren disminuir sus activos en vez de aumentar su capital."
ESTRUCTURAL,4477,47c0bba0d3bb372835a65c3ed726e0e38f449493a111cdbd5320c8a895285604,2011-12-13,6239;6240;6241,Luis Óscar Herrera Barriga;Sergio Lehmann Beresi;Luis Óscar Herrera Barriga,6246,Luis Óscar Herrera Barriga,SUJETO_ROL_NOMBRE,,RPM-2011-12-13:T19,INICIO_EXPLICITO,,"El Gerente de División Estudios señor Luis Óscar Herrera señala que, en su opinión, el Reino Unido quiso proteger a la City de todas las regulaciones financieras, pero sin éxito. Estima que las consecuencias de su decisión se van a evidenciar próximamente. En todo caso, informa que la discusión en Inglaterra se ha tornado más radical y que, ciertamente, habrá que mirar con atención y detalle si el actuar de ese país tiene otras implicancias institucionales, ya que los antecedentes disponibles no permiten tener una respuesta más clara y completa sobre la materia."
ESTRUCTURAL,4477,47c0bba0d3bb372835a65c3ed726e0e38f449493a111cdbd5320c8a895285604,2011-12-13,6239;6240;6241,Luis Óscar Herrera Barriga;Sergio Lehmann Beresi;Luis Óscar Herrera Barriga,6247,Enrique Marshall Rivera,CONTEXTO_REVISADO,,RPM-2011-12-13:T20,SIN_CONTINUIDAD_CONFIRMADA,,"En opinión del Consejero señor Enrique Marshall, la decisión británica apunta a decirle a Europa que las reformas deben aprobarse por unanimidad. Agrega que para Inglaterra es más importante la parte financiera que la fiscal, es decir, no quiere reformas en el ámbito financiero que comprometan su posición como centro financiero internacional. En consecuencia, ellos se marginan ante eventuales reformas que deban implantarse para el rescate de los bancos, entre otros motivos, porque la libra no está bajo tensión, como sí lo está el euro."
ESTRUCTURAL,4477,47c0bba0d3bb372835a65c3ed726e0e38f449493a111cdbd5320c8a895285604,2011-12-13,6239;6240;6241,Luis Óscar Herrera Barriga;Sergio Lehmann Beresi;Luis Óscar Herrera Barriga,6248,Sergio Lehmann Beresi,SUJETO_NOMBRE,,RPM-2011-12-13:T21,INICIO_EXPLICITO,,"Con respecto a hechos futuros, el señor Sergio Lehmann señala que está pendiente la discusión sobre el rol que pueda jugar el FMI en el programa de ayuda a la Zona Euro. Precisa que ese organismo tenía 10 días para discutirlo internamente, pero que transcurrida una semana no hay una definición muy clara al respecto. En cuanto a la acción fiscal, menciona que el FMI dispone aún de varios meses para discutir la forma de implementar una medida automática de ajuste de gasto fiscal, de manera de cumplir con los programas o con las metas establecidas en este acuerdo."
ESTRUCTURAL,4477,47c0bba0d3bb372835a65c3ed726e0e38f449493a111cdbd5320c8a895285604,2011-12-13,6239;6240;6241,Luis Óscar Herrera Barriga;Sergio Lehmann Beresi;Luis Óscar Herrera Barriga,6249,Luis Óscar Herrera Barriga,SUJETO_NOMBRE,,RPM-2011-12-13:T22,INICIO_EXPLICITO,,"El señor Luis Óscar Herrera comenta que la última edición de The Economist incluye un análisis algo más crítico respecto del resultado de las acciones emprendidas por el FMI. Al respecto, precisa que a pesar de haberse involucrado en los países en problemas, no ha conseguido que bajen los spreads de economías como Portugal, Irlanda o Grecia. Agrega que con los recursos actuales y con los US$ 200 millones adicionales, no tiene la capacidad de estabilizar la situación de deuda de España e Italia."
SOLO_METADATOS,4547,9e12c90738c2fa93674d91e6aa1197a52251a15fe28a32d053cbb0b10c316222,2012-01-12,6322,Sebastián Claro Edwards,6330,Sebastián Claro Edwards,SUJETO_ROL_NOMBRE,,RPM-2012-01-12:T38,INICIO_EXPLICITO,,"El Consejero señor Sebastián Claro, a raíz del alza de los precios de los granos y cereales discutida en la presentación del escenario internacional, consulta por la evaluación que se hace internamente respecto de los márgenes en el sector de alimentos o de algunos productos alimenticios que históricamente han tenido un impacto importante en el IPC."
ESTRUCTURAL,4589,60a94f37adc90db6a75ff56faaf01ea73b603b39d41443b737d11713c25ff1d0,2012-02-14,6370,Enrique Marshall Rivera,6378,Enrique Marshall Rivera,SUJETO_ROL_NOMBRE,,RPM-2012-02-14:T17,INICIO_EXPLICITO,,"El Consejero señor Enrique Marshall indica que, a su juicio, seguiría prevaleciendo una idea negativa respecto de la situación económica en Europa y de un probable incumplimiento de Grecia, mientras que las noticias respecto de América Latina darían cuenta de una cierta expansión y, por lo tanto, que el impacto de la crisis sería bastante acotado por el momento. Comenta, incluso, que Colombia está experimentando un crecimiento importante y que, de hecho, se encontraría próxima a una situación de riesgo en términos de expansión del crédito."
ESTRUCTURAL,4589,60a94f37adc90db6a75ff56faaf01ea73b603b39d41443b737d11713c25ff1d0,2012-02-14,6370,Enrique Marshall Rivera,6379,Joaquín Vial Ruiz-Tagle,CONTEXTO_REVISADO,,RPM-2012-02-14:T18,SIN_CONTINUIDAD_CONFIRMADA,,"A juicio del Consejero señor Joaquín Vial, parte de la diferencia entre las proyecciones de las autoridades y las expectativas del mercado responde a la oportunidad en que se formulan y, por lo tanto, no se aventura en afirmar que los mercados están más o menos equivocados que las autoridades. Manifiesta entender que el World Economic Outlook constituye una actualización al mes de enero pasado, efectuada probablemente con información del mes de diciembre, que sería muy similar a la que estaba disponible cuando se elaboró el IPoM de ese mes, mientras que las expectativas del mercado se basan en información del presente mes de febrero. Señala que, de acuerdo con su lectura, si bien se observa que la evolución de la coyuntura en el escenario base es algo más auspiciosa que hace un par de meses atrás, concuerda con que el problema radica en que de materializarse el escenario de riesgo, sus efectos serían tan graves como los estimados hace algunos meses. Agrega que no es posible afirmar que la probabilidad de ese escenario de riesgo haya aumentado o disminuido, sino que solo se puede estimar que quizás ha disminuido levemente, esto es, algunas décimas, aunque el riesgo de accidente probablemente siga siendo similar."
ESTRUCTURAL,4634,80eb62212a5aa92ac5c6cf62ae82f3a334c834a55735908510ab7c893d022133,2012-02-14,6415,Claudio Soto Gamboa,6424,Claudio Soto Gamboa,SUJETO_NOMBRE,,RPM-2012-02-14:T63,INICIO_EXPLICITO,,"El señor Claudio Soto responde que la proyección del mercado para el mes de marzo supera en una décima la proyección interna, debido a que, al parecer, el mercado no ha considerado las disminuciones de las tarifas eléctricas esperadas para los meses de abril o mayo de este año. Con respecto a las expectativas de inflación a mediano y largo plazo, el señor Claudio Soto destaca que han seguido estables. No obstante, se observa que el mercado comenzó a elevar sus expectativas de corto plazo, esto es, aquellas correspondientes al horizonte que comprende de enero a junio próximo. Sostiene que ello obedece a las mejores condiciones de mercado y a las noticias relativas a los precios de frutas y verduras, fundamentalmente. Agrega que a mediano y largo plazo, las compensaciones se mantienen más bien estables en torno a la meta. En cuanto a los mercados financieros, menciona que las condiciones de riesgo han mejorado. De hecho, precisa que el índice internacional ha retrocedido de manera importante, asociado a la caída de los CDS internacionales y del VIX, y que el indicador local también se ha reducido, pero que se mantiene en niveles históricamente altos. Añade que al analizar en detalle algunos componentes de estos indicadores, se observa que las condiciones en el mercado monetario local se han normalizado, ya que tanto el Spread prime- swap como el Spread on shore han seguido disminuyendo en las últimas semanas. En relación con las condiciones de financiamiento externo de los bancos, informa que si bien se advierte una cierta rebaja en el spread, dando cuenta de un relajamiento en las tensiones, se mantienen igualmente en niveles elevados. A continuación, se refiere al gráfico que se contiene en la lámina N° 66, que exhibe la serie del spread de los bonos bancarios desde el año 2006 a la fecha, con el objeto de comparar su comportamiento actual con el registrado en el año 2008. Al respecto, destaca que en el bienio 2006 – 2007, estos eran mucho más bajos que los observados ahora; que aumentaron significativamente durante la crisis, pero luego se redujeron; y que a partir de entonces se han mantenido en niveles superiores a los históricos."
ESTRUCTURAL,4634,80eb62212a5aa92ac5c6cf62ae82f3a334c834a55735908510ab7c893d022133,2012-02-14,6415,Claudio Soto Gamboa,6425,Enrique Marshall Rivera,CONTEXTO_REVISADO,,RPM-2012-02-14:T64,SIN_CONTINUIDAD_CONFIRMADA,,"En opinión del Consejero señor Enrique Marshall, el alza del spread es moderada, razón por la cual no correspondería concluir tan simplemente que las condiciones financieras son estrechas."
ESTRUCTURAL,4634,80eb62212a5aa92ac5c6cf62ae82f3a334c834a55735908510ab7c893d022133,2012-02-14,6415,Claudio Soto Gamboa,6426,Claudio Soto Gamboa,SUJETO_NOMBRE,,RPM-2012-02-14:T65,INICIO_EXPLICITO,,"El señor Claudio Soto precisa que estas son más reducidas que en los meses previos. El señor Claudio Soto prosigue con su presentación, señalando que las tasas de colocación de créditos comerciales no registran variación, mientras que las de crédito de consumo han aumentado. Respecto de los spreads de los bonos corporativos, indica que retroceden marginalmente respecto de los clasificados en riesgo AAA, en tanto que para aquellos AA se mantiene, y que, en general, se encuentran por sobre lo observado en meses previos. A continuación, el señor Claudio Soto destaca la importante apreciación del tipo de cambio durante la última semana y que se explica por el aumento del precio del cobre y la depreciación del dólar estadounidense. Asimismo, resalta el aumento del índice bursátil desde la última RPM, de 5% aproximadamente, en línea con los de otras plazas de la región. Indica que las tasas nominales, esto es, las tasas Swap y las correspondientes a los BCP, se corrigieron al alza después de publicados los datos de IMACEC, así como los de empleo de Estados Unidos de América. En lo referente a las perspectivas para la trayectoria de la tasa de política monetaria (TPM) que se desprenden de los precios de los activos, informa que se han corregido marginalmente al alza. De hecho, precisa que la Encuesta de Expectativas Económicas anticipaba que llegaría a un mínimo de 4,25% anual en el presente ciclo, mientras que ahora se proyecta que alcanzará a 4,5% anual, algo por sobre lo esperado en el IPoM. Hace presente que la corrección más importante ocurre en los tramos mayores a un año, consistente con los aumentos de los swap a más de un año y de las tasas de los bonos. Al concluir su presentación, el señor Claudio Soto informa que para esta Reunión, el mercado se inclina por una mantención de la TPM. Plantea que ello se desprende de la Encuesta a Operadores Financieros y de la Encuesta de Expectativas Económicas, en tanto que la Encuesta Bloomberg que considera un subgrupo de analistas, está más equilibrada entre la mantención de dicha tasa y una reducción de 25 puntos base."
ESTRUCTURAL,4709,95dd01344d7e54a56db17c4f1e55886c66894b3af5e7b8167f40b2e6b333c234,2012-03-15,6502,Rodrigo Vergara Montes,6513,Rodrigo Vergara Montes,SUJETO_ROL_NOMBRE,,RPM-2012-03-15:T61,INICIO_EXPLICITO,,El Presidente señor Rodrigo Vergara señala que deben analizarse el consumo total y el consumo de durables.
ESTRUCTURAL,4709,95dd01344d7e54a56db17c4f1e55886c66894b3af5e7b8167f40b2e6b333c234,2012-03-15,6502,Rodrigo Vergara Montes,6514,Manuel Marfán Lewis,CONTEXTO_REVISADO,,RPM-2012-03-15:T62,SIN_CONTINUIDAD_CONFIRMADA,,"En opinión del Vicepresidente señor Manuel Marfán, es importante tener claridad respecto del comportamiento del consumo para efectos de elaborar las proyecciones."
ESTRUCTURAL,4903,35c0ddc674d67a974cbd7c8fbaaf21e9528e469c4e2eeeb1e36a8f852c05b525,2012-07-12,6740,Rodrigo Vergara Montes,6752,Rodrigo Vergara Montes,SUJETO_ROL_NOMBRE,,RPM-2012-07-12:T4,INICIO_EXPLICITO,,El Presidente señor Rodrigo Vergara consulta por las razones que explicarían la caída tan significativa de los mercados bursátiles en el curso de la presente jornada.
ESTRUCTURAL,4903,35c0ddc674d67a974cbd7c8fbaaf21e9528e469c4e2eeeb1e36a8f852c05b525,2012-07-12,6740,Rodrigo Vergara Montes,6753,Sergio Lehmann Beresi,CONTEXTO_REVISADO,,RPM-2012-07-12:T5,SIN_CONTINUIDAD_CONFIRMADA,,"En opinión del señor Sergio Lehmann, estaría predominando la preocupación referente a la actividad, lo que se reflejaría en el reporte de la Reserva Federal sobre su reunión de política monetaria, que se conoció en el día de ayer, ya que se esperaba una señal algo más concluyente acerca de eventuales futuras medidas de relajo monetario, pero dicho anuncio fue más débil que lo esperado, afectando, de alguna manera, a los mercados financieros en el día de hoy."
ESTRUCTURAL,4922,cce0f4536e90e20bc6df32073fec5bedabb0c018d34368c21253d4e529bec501,2012-07-12,6759,Manuel Marfán Lewis,6772,Manuel Marfán Lewis,SUJETO_ROL_NOMBRE,,RPM-2012-07-12:T24,INICIO_EXPLICITO,,"El Vicepresidente señor Manuel Marfán consigna que la disminución del monto de los créditos de consumo podría obedecer a una reducción de los plazos a que se otorgan, con los consiguientes efectos que se generan en ese tipo de créditos."
ESTRUCTURAL,4922,cce0f4536e90e20bc6df32073fec5bedabb0c018d34368c21253d4e529bec501,2012-07-12,6759,Manuel Marfán Lewis,6773,Sebastián Claro Edwards,CONTEXTO_REVISADO,,RPM-2012-07-12:T25,SIN_CONTINUIDAD_CONFIRMADA,,"En opinión del Consejero señor Sebastián Claro, el hecho que el empleo crezca a tasas nominales de entre 1,8% y 1,9%, y que los salarios y los créditos de consumo continúen incrementándose, otorgan tranquilidad respecto de la trayectoria futura del consumo. Acota que el crecimiento de las colocaciones comerciales, en cambio, le merece dudas."
SOLO_METADATOS,5197,749caf6ca66d30fa4b6bf22beb925ee0323c88d6b38c2333dc3d6a869e8a1399,2012-11-13,7063,Sebastián Claro Edwards,7077,Sebastián Claro Edwards,SUJETO_ROL_NOMBRE,,RPM-2012-11-13:T36,INICIO_EXPLICITO,,"El Consejero señor Sebastián Claro, en razón de la sorpresa inflacionaria antedicha, consulta acerca de qué tan conservador es el supuesto interno respecto de la inflación de alimentos, si se consideran modificaciones en los precios de los últimos meses por eventos estacionales."
ESTRUCTURAL,5347,3865fcaf2db17ecdf49b18873d36d31019e34fe1802bc662751d53a6a3eb199c,2013-02-14,7235;7236,Sebastián Claro Edwards;Sergio Lehmann Beresi,7249,Sebastián Claro Edwards,SUJETO_ROL_NOMBRE,,RPM-2013-02-14:T16,INICIO_EXPLICITO,,"El Consejero señor Sebastián Claro manifiesta que llama su atención el alza en el precio de las viviendas en Australia, considerando que se ha sostenido que su economía se ha desacelerado y que el consumo privado ha registrado un bajo dinamismo."
ESTRUCTURAL,5347,3865fcaf2db17ecdf49b18873d36d31019e34fe1802bc662751d53a6a3eb199c,2013-02-14,7235;7236,Sebastián Claro Edwards;Sergio Lehmann Beresi,7250,Sergio Lehmann Beresi,SUJETO_NOMBRE,,RPM-2013-02-14:T17,INICIO_EXPLICITO,,"El señor Sergio Lehmann confirma lo planteado por el Consejero señor Sebastián Claro, sin perjuicio de lo cual señala que los últimos datos dan cuenta de un leve aumento de los precios de las viviendas en ese país. Asimismo, y respondiendo a su consulta, señala que el precio de viviendas acumula un incremento aproximado de 40% en los últimos seis años."
ESTRUCTURAL,5347,3865fcaf2db17ecdf49b18873d36d31019e34fe1802bc662751d53a6a3eb199c,2013-02-14,7235;7236,Sebastián Claro Edwards;Sergio Lehmann Beresi,7251,Sebastián Claro Edwards,CONTEXTO_REVISADO,,RPM-2013-02-14:T18,SIN_CONTINUIDAD_CONFIRMADA,,"En opinión del Consejero señor Sebastián Claro, el ejemplo australiano es interesante y digno de análisis, porque atendido su esquema de políticas públicas, sería posible comparar el caso chileno con la trayectoria de la respuesta a dichas políticas en un ciclo expansivo de diez años, durante el cual las condiciones de financiamiento y los precios de los commodities les han sido muy atractivos."
ESTRUCTURAL,5402,01f2b95bfac5a9cb9d42c72263c5fab8b96178c6ff3b6a3522871244522edc4e,2013-03-14,7300,Sergio Lehmann Beresi,7315,Sergio Lehmann Beresi,SUJETO_NOMBRE,,RPM-2013-03-14:T3,INICIO_EXPLICITO,,"El señor Sergio Lehmann inicia su intervención refiriéndose a los hechos destacados en materia de mercados financieros desde la Reunión de Política Monetaria, RPM, precedente. En primer término, señala que a pesar de la incertidumbre política en Italia, las condiciones financieras no presentaron un deterioro, e incluso más, que la volatilidad ha retrocedido, llevando al VIX a niveles cercanos a sus mínimos históricos. En segundo lugar, informa que las bolsas de las economías desarrolladas han presentado aumentos en sus precios y que se habrían producido movimientos de fondos desde economías emergentes, cuyos mercados exhiben un desempeño más modesto. En tercer término, indica que el nuevo Presidente del Banco Central de Japón se ha alineado con los criterios de la política fuertemente expansiva del gobierno. Comenta, además, que Moody’s redujo la calificación de riesgo del Reino Unido de “Aaa"" a “Aa1” y que Fitch hizo lo propio con la de Italia de “A-“ a “BBB+”, mientras que Standard & Poor’s mantuvo la de Japón en “AA-“. Hace notar que ello no revistió mayor sorpresa, no así la mejora del outlook de México por parte de esta última agencia clasificadora, situándolo en “BBB”. A título de último hecho destacado en el ámbito de los mercados financieros, hace presente que han primado las decisiones en orden a mantener las tasas rectoras, así como las políticas de estímulo en las economías desarrolladas. En este sentido, consigna que el Presidente de la Reserva Federal Ben Bernanke reiteró su compromiso de mantener tasas bajas por un período prolongado, a pesar de las divisiones existentes en el Comité Federal de Mercado Abierto de ese organismo que quedaron en evidencia en la Minuta respectiva. En lo concerniente a noticias de carácter político que tienen algún efecto en el plano económico, el señor Sergio Lehmann expresa que en Estados Unidos de América, los recortes del gasto fiscal por un monto de US$ 85 billones en el año 2013, comenzaron a regir el 1 de marzo en curso y que el Partido Republicano presentó una moción para aprobar la continuación del presupuesto del año 2012 hasta el mes de septiembre próximo. Precisa que dicha moción debería aprobarse antes del 27 de marzo para que el gobierno estadounidense pueda seguir operando. En cuanto a la Zona Euro, manifiesta que los Ministros de Finanzas mostraron mayor disposición para implementar políticas presupuestarias expansivas y evitar una contracción mayor de la actividad, como asimismo, situaciones de inestabilidad política y financiera. A pesar de ello, comenta que Alemania ha acelerado su ajuste fiscal y actualmente plantea en términos formales su interés de alcanzar un balance en materia fiscal en el año 2015, adelantando su compromiso original. En lo referente a Italia, expresa que se mantiene la incertidumbre política sobre la conformación de un gobierno y el desarrollo de nuevas elecciones. Asimismo, reitera que asumió el nuevo Presidente del Banco Central de Japón, señor Haruhiko Kuroda, quien ha apoyado las medidas del gobierno tendientes a impulsar esa economía. Por último, destaca que los líderes del G20 se han comprometido a no devaluar sus monedas con fines competitivos, frente al temor de una nueva “guerra de divisas”. El señor Sergio Lehmann prosigue con su presentación, señalando que los CDS soberanos muestran ligeras caídas en las economías desarrolladas y con alguna mayor fuerza en el caso de Japón; que una situación equivalente se observa en Australia y Nueva Zelanda; mientras que en las economías periféricas se mostraron estables, registrando solo un leve aumento tras las noticias políticas de Italia, que luego tendió a moderarse. Agrega que en las economías emergentes, los cambios han sido bastante menores, observándose un leve incremento en Brasil, estabilidad en China y algunos descensos en algunas otras economías, particularmente en México, a propósito del cambio de outlook otorgado por Standard & Poor’s a esa economía. Señala que los spreads bancarios no exhiben cambios importantes en Estados Unidos de América ni en Europa, y que se mantienen en niveles relativamente elevados en los bancos de economías periféricas. A continuación, exhibe el conjunto de gráficos que se contienen en la lámina N°7 de la presentación, que dan cuenta de la relación existente entre los CDS bancarios y los CDS soberanos. Hace notar que tratándose de las economías periféricas, la estabilidad de los bancos está más correlacionada con la percepción de los riesgos soberanos, ya que su capital es bastante menor que el de los bancos de economías desarrolladas y, por lo tanto, la agudización de sus problemas de solvencia conllevarían un compromiso soberano. Acota que en Estados Unidos de América y las denominadas economías core de Europa, esta vinculación es prácticamente inexistente, aunque tal vez algo mayor en Francia, en que se ha observado un compromiso bancario levemente más significativo. Comenta, asimismo, que se incrementó la volatilidad como consecuencia de las elecciones en Italia, revirtiéndose posteriormente. Sobre el particular, resalta que el VIX alcanza en esta fecha un nivel muy cercano a los mínimos históricos registrados entre los años 2006 y 2007, en torno a 10% y 12%, dando cuenta de una mayor tranquilidad en los mercados en lo más reciente. Añade que los premios por riesgo corporativo exhiben cambios menores en Estados Unidos de América y también en las economías emergentes."
ESTRUCTURAL,5402,01f2b95bfac5a9cb9d42c72263c5fab8b96178c6ff3b6a3522871244522edc4e,2013-03-14,7300,Sergio Lehmann Beresi,7316,Sebastián Claro Edwards,CONTEXTO_REVISADO,,RPM-2013-03-14:T4,SIN_CONTINUIDAD_CONFIRMADA,,"En opinión del Consejero señor Sebastián Claro, el hecho que el VIX se sitúe en los mínimos históricos de los años 2006 y 2007 constituiría una cierta anomalía, por cuanto en dicho período reinaba la calma en los mercados, situación que dista de lo observado en la actualidad. En razón de ello, consulta acerca de la lectura que se puede hacer de los datos de volatilidad expuestos, ya que ellos reflejan que los riesgos de eventos extraordinarios no solo han disminuido, sino que se encuentran en sus mínimos históricos; y si existen interpretaciones alternativas al VIX. Por último, enfatiza en la importancia de esta observación, porque esta lectura se incorpora en los análisis y modelos en carácter de una medida de riesgo de los mercados financieros."
SOLO_METADATOS,5403,df9deb04d671749d859d3c0992138e3965672244975cfb2e2d5265180cce6ced,2013-03-14,7301,Sergio Lehmann Beresi,7317,Sergio Lehmann Beresi,SUJETO_NOMBRE,,RPM-2013-03-14:T5,INICIO_EXPLICITO,,"El señor Sergio Lehmann comparte la apreciación del Consejero señor Sebastián Claro. A su juicio, es probable que actualmente no exista una vinculación directa entre la percepción de los riesgos y la volatilidad en los mercados. Al respecto, indica que también se han observado caídas en los spreads, particularmente de títulos high yielders, si bien aún superan los niveles alcanzados en su momento más atractivo. Expresa que una explicación posible sería la existencia de una percepción muy optimista en los mercados, que no se condice necesariamente con la realidad en materia de actividad o de riesgo vinculada particularmente con la crisis europea."
ESTRUCTURAL,5470,0caa8c05ea24a2d8c6213b77d6c0def6dd2fefb3b63046d7250308678f0e80f4,2013-04-11,7378,Rodrigo Vergara Montes,7394,Rodrigo Vergara Montes,SUJETO_ROL_NOMBRE,,RPM-2013-04-11:T17,INICIO_EXPLICITO,,"El Presidente señor Rodrigo Vergara comenta que representantes de CESCO estiman que el precio del cobre se mantendrá en torno a US$3 la libra por los próximos cuatro o cinco años y que no advierten un incremento importante en los niveles de producción. De hecho, han informado acerca de la paralización de algunos proyectos, como el caso del situado en Mongolia."
ESTRUCTURAL,5470,0caa8c05ea24a2d8c6213b77d6c0def6dd2fefb3b63046d7250308678f0e80f4,2013-04-11,7378,Rodrigo Vergara Montes,7395,Joaquín Vial Ruiz-Tagle,CONTEXTO_REVISADO,,RPM-2013-04-11:T18,SIN_CONTINUIDAD_CONFIRMADA,,"A juicio del Consejero señor Joaquín Vial, se estaría considerando un mercado del cobre bastante mejor abastecido y con menores tensiones que las observadas hace algún tiempo atrás."
ESTRUCTURAL,5793,51b9611ad1506d09a871c40802b8fef43181e75e337d3ea92db7b94cb1705b1f,2013-09-12,7745,Rodrigo Vergara Montes,7762,Rodrigo Vergara Montes,SUJETO_ROL_NOMBRE,,RPM-2013-09-12:T41,INICIO_EXPLICITO,,"El Presidente señor Rodrigo Vergara comparte la preocupación planteada por el Consejero señor Enrique Marshall. En su opinión, un escenario de inflación baja y una apreciación del tipo de cambio constituirían una situación compleja, atendido que la brecha entre las tasas internas y externas sigue siendo bastante significativa. En segundo término, destaca el comportamiento de la demanda interna y de las exportaciones e importaciones en lo que va transcurrido del tercer trimestre, que tendría un efecto importante en la cuenta corriente y en la balanza comercial de este período. De hecho, comenta que la evolución registrada por la cuenta corriente en el tercer trimestre del año pasado fue más negativa que la que se advierte en el tercer trimestre del año en curso. Alude, asimismo, al estudio que se está realizando sobre las tasas de interés internas en relación con las externas. Sobre el particular, comenta que las tasas de los títulos soberanos chilenos en dólares estadounidenses han subido 130 puntos base, mientras que las tasas en pesos han caído, a diferencia de otros países latinoamericanos, tales como México y Perú en que se han incrementado. Indica que ello podría obedecer a un grado de desintegración de la economía chilena respecto del resto mundo; no obstante, que la serie de tiempo correspondiente no da cuenta de ello. Por esta razón, plantea la conveniencia de analizar las razones que explican dicha diferencia, porque si nuestras tasas de interés comienzan a registrar movimientos en el mismo sentido que las tasas externas, el efecto podría ser muy significativo y con consecuencias para la política monetaria. Por último, plantea la conveniencia de incorporar en el próximo IPoM un análisis sobre la energía, atendido que constituye un tema que puede tornarse muy complejo y de hecho menciona que una importante empresa dejó de operar por su elevado costo."
ESTRUCTURAL,5793,51b9611ad1506d09a871c40802b8fef43181e75e337d3ea92db7b94cb1705b1f,2013-09-12,7745,Rodrigo Vergara Montes,7763,Sebastián Claro Edwards,CONTEXTO_REVISADO,,RPM-2013-09-12:T42,SIN_CONTINUIDAD_CONFIRMADA,,"En opinión del Consejero señor Sebastián Claro, el Banco no solo debe referirse a su preocupación sobre este tema, sino que también cuantificar su efecto, de manera que su mensaje cobre mayor fuerza."
ESTRUCTURAL,6069,0e0d413e49eeaffb3ec3aa5084c3fc3b5ced1bd7b85aca2c8db7bdcbe7e25842,2014-03-13,8057,Sergio Lehmann Beresi,8075,Sergio Lehmann Beresi,SUJETO_NOMBRE,,RPM-2014-03-13:T15,INICIO_EXPLICITO,,"El señor Sergio Lehmann retoma su presentación y hace referencia a la evolución de la inversión en un conjunto importante de economías exportadoras de commodities, entre las cuales se han incluido algunas exportadoras de petróleo. En primer término, hace notar que la trayectoria de la formación bruta de capital fijo en Chile es similar a la de países productores de petróleo, y que en algunas economías presenta contracciones, como en Canadá, Australia, Rusia y Colombia. En segundo lugar, señala que las proyecciones de crecimiento de la formación bruta de capital fijo de Consensus Forecast al mes de junio de 2013 daban cuenta de expansiones más altas para Perú, Canadá, Chile, Rusia y Australia que lo que reflejan las proyecciones del mes de febrero último. Para Australia, en cambio, se anticipa una contracción más tenue que entonces. Asimismo, comenta que el ajuste a la baja en las perspectivas para ia formación bruta de capital fija para el año 2014 es mayor para aquellos países exportadores de commodities. Con respecto a los países mineros, informa que la encuesta Capex efectuada a las empresas relacionadas con el cobre anticipa una reducción en la inversión asociada a minería en los próximos años. De hecho, precisa que Codelco, Freeport - Me Moran Copper, BHP Billiton, Río Tinto y Anglo American esperan una caída en sus gastos de inversión luego de la evolución que ha registrado el precio del cobre. En lo concerniente a las economías latinoamericanas, plantea que la actividad industrial argentina presenta una significativa desaceleración; que en Venezuela se advierte un desplome de la confianza de los consumidores y la contracción de su actividad; y que la debilidad de la región se mantendría. En cuanto a las cuentas corrientes de Brasil, Colombia, México y Perú, manifiesta que Consensus Forecast proyecta la mantención de sus déficits en torno a sus niveles actuales en lo que resta del año y una ligera mejora hacia el año 2015. El señor Sergio Lehmann prosigue con su presentación consignando un cierto repunte de la inflación en algunas economías, especialmente en Perú y Chile, asociado en parte al componente de alimentos. En lo atinente a política monetaria, indica que algunas economías han subido sus tasas rectoras para fines de contener sus desequilibrios. Precisa que es el caso de Brasil, donde también se espera un alza adicional en los próximos tres meses; y de Nueva Zelanda, donde se busca controlar la expansión de la demanda, que ha tenido un ciclo muy concentrado en construcción a propósito de la reconstrucción post terremoto. Hace presente que movimientos contrarios se observaron en Israel, que sorprendió con un recorte de 25 puntos base, y también en Tailandia, que el día de ayer acordó una reducción de su tasa de igual magnitud. En cuanto a variaciones futuras de las tasas rectoras, señala que las expectativas, medidas por las encuestas a analistas, muestran una situación ligeramente más expansiva, particularmente en América Latina, Asia y Oceania. Tratándose de las economías desarrolladas, en cambio, no se advierten movimientos importantes a futuro. A continuación, el señor Sergio Lehmann hace referencia a los principales acontecimientos en materia de commodities. En este aspecto, indica que el precio del cobre ha caído fuertemente por elementos asociados a la actividad en China y al default del bono de una empresa de ese país, que ha generado temor respecto del uso de este metal como colateral para préstamos o colocaciones en los mercados internacionales. Advierte que sobre la base de menores roll overs, menores colocaciones o tomas de créditos de empresas, ello podría disminuir de manera importante el uso del metal para este propósito de índole financiero, lo que se traduciría en mayor disponibilidad o mayor abundancia de cobre en inventarios."
ESTRUCTURAL,6069,0e0d413e49eeaffb3ec3aa5084c3fc3b5ced1bd7b85aca2c8db7bdcbe7e25842,2014-03-13,8057,Sergio Lehmann Beresi,8076,Sebastián Claro Edwards,CONTEXTO_REVISADO,,RPM-2014-03-13:T16,SIN_CONTINUIDAD_CONFIRMADA,,"En opinión del Consejero señor Sebastián Claro, se podría argumentar que estos defaults valorizan las operaciones de crédito que tienen garantías. En otras palabras, considerando todo lo demás constante, podría ser mucho más atractivo realizar un préstamo garantizado, en este caso con cobre, que uno sin garantía."
ESTRUCTURAL,6118,0ad5752390a1a76a704b1e2ba88432734ba20ec8657e063d065c85e9ab892579,2014-04-17,8113,Sebastián Claro Edwards,8132,Sebastián Claro Edwards,SUJETO_ROL_NOMBRE,,RPM-2014-04-17:T4,INICIO_EXPLICITO,,"El Consejero señor Sebastián Claro comenta que las principales empresas bancarias estadounidenses fueron calificadas con suficiencia de capital; no obstante, la Reserva Federal rechazó los planes de dividendos presentados por algunas de ellas, generando críticas de la banca en cuanto a la objetividad de los criterios que utiliza este Organismo en dichos ejercicios. En razón de lo expresado, solicita la opinión del señor Sergio Lehmann acerca de la forma en que se realizó dicho proceso."
ESTRUCTURAL,6118,0ad5752390a1a76a704b1e2ba88432734ba20ec8657e063d065c85e9ab892579,2014-04-17,8113,Sebastián Claro Edwards,8133,Sergio Lehmann Beresi,CONTEXTO_REVISADO,,RPM-2014-04-17:T5,SIN_CONTINUIDAD_CONFIRMADA,,"V A juicio del señor Sergio Lehmann, los resultados de este ejercicio reflejan que, en general, los bancos estadounidenses están bien capitalizados y posicionados, sin perjuicio de que algunos de ellos requieren aumentar su capital. Resalta que la lectura de estos resultados ha sido muy positiva, dado que las pruebas de tensión fueron muy estrictas en términos de los requisitos exigidos a los bancos. Sin perjuicio de ello, corrobora un grado de impacto en los mercados bursátiles debido a las exigencias de capital planteadas por dicho Organismo a algunos de ellos. Finalmente, a título de último hecho destacado en materia de mercados financieros, menciona que las plazas bursátiles de las economías desarrolladas no registraron cambios significativos en el último mes, mientras que aumentaron las situadas en los mercados emergentes."
ESTRUCTURAL,6163,b78e43d2474fb5990b165eae82f83bb4be4d077b0debddef9be73b0b96783443,2014-04-17,8170;8171;8172,Matías Bernier Bórquez;Rodrigo Vergara Montes;Consejo del Banco Central de Chile,8190,Matías Bernier Bórquez,SUJETO_NOMBRE,,RPM-2014-04-17:T61,INICIO_EXPLICITO,,"El señor Matías Bernier precisa que se anticipa una variación de 0,16% para el mes de abril y de 0,22% para mayo."
ESTRUCTURAL,6163,b78e43d2474fb5990b165eae82f83bb4be4d077b0debddef9be73b0b96783443,2014-04-17,8170;8171;8172,Matías Bernier Bórquez;Rodrigo Vergara Montes;Consejo del Banco Central de Chile,8191,Pablo García Silva,CONTEXTO_REVISADO,,RPM-2014-04-17:T62,SIN_CONTINUIDAD_CONFIRMADA,,"En opinión del Consejero señor Pablo García, se estaría produciendo un cambio marginal en la trayectoria esperada de la política monetaria, no solo en el corto plazo, hasta un nivel de 3,75% o de 3,5%, sino que también un aplanamiento de la curva con posterioridad. En consecuencia, el actual escenario de menor crecimiento no estaría incidiendo mayormente en el estímulo inmediato, sino que en la trayectoria posterior, que anticipa un alza de tasas a fin de año o a principios del próximo, generándose una diferencia con las expectativas que se extraen de las encuestas. A su juicio, la discusión de política monetaria debería centrarse en la trayectoria de la tasa rectora a mediano plazo, más que en una rebaja inmediata que ya no es objeto de discusión."
ESTRUCTURAL,6163,b78e43d2474fb5990b165eae82f83bb4be4d077b0debddef9be73b0b96783443,2014-04-17,8170;8171;8172,Matías Bernier Bórquez;Rodrigo Vergara Montes;Consejo del Banco Central de Chile,8192,Rodrigo Vergara Montes,SUJETO_ROL_NOMBRE,,RPM-2014-04-17:T63,INICIO_EXPLICITO,,"Al no formularse otros comentarios, siendo las 13:25 horas, el Presidente señor Rodrigo Vergara suspende la presente Reunión y deja constancia que ella se reiniciará a las 16:00 horas para tratar lo referente a las opciones de política monetaria."
ESTRUCTURAL,6163,b78e43d2474fb5990b165eae82f83bb4be4d077b0debddef9be73b0b96783443,2014-04-17,8170;8171;8172,Matías Bernier Bórquez;Rodrigo Vergara Montes;Consejo del Banco Central de Chile,8193,Consejo del Banco Central de Chile,ACTA/META,META_SESION,RPM-2014-04-17:T64,INSTITUCIONAL,,"A las 16:00 horas, se reanuda la Reunión de Política Monetaria N° 209, incorporándose a esta Sesión el Ministro de Hacienda señor Alberto Arenas."
ESTRUCTURAL,6257,acdf92efa4c69d62e1da8a7cd479b8793ed2fef2dbb413dd7b837dafef94e973,2014-06-12,8281;8282;8283;8284,Miguel Fuentes Díaz;Claudio Soto Gamboa;Miguel Fuentes Díaz;Joaquín Vial Ruiz-Tagle,8302,Miguel Fuentes Díaz,SUJETO_NOMBRE,,RPM-2014-06-12:T25,INICIO_EXPLICITO,,"El señor Miguel Fuentes da inicio a su presentación refiriéndose a los hechos destacados del escenario interno acontecidos desde la Reunión anterior. En primer término, indica que en el mes de abril, la actividad económica registró un crecimiento menor que lo previsto internamente y por el mercado. En términos de los componentes de la demanda agregada, señala que el consumo y la inversión crecieron a tasas acotadas en el margen y continúan empujando los registros interanuales a la baja. Hace notar que en el mercado laboral se perciben algunos signos de menor dinamismo, pese al mayor crecimiento de los salarios nominales en doce meses y la caída en la tasa de desempleo. Agrega que en el mes de mayo, las expectativas de los consumidores y empresarios dieron cuenta de un menor optimismo y se sitúan en terreno negativo. En este contexto, informa que las proyecciones de actividad y demanda para el segundo trimestre se han corregido a la baja. Además, consigna que la inflación evolucionó de acuerdo con lo proyectado en el mes de mayo, pero los mayores precios de combustibles la llevarían a 4% en diciembre próximo y explican su corrección al alza en el corto plazo frente a lo contemplado en la Reunión previa. A título de último hecho destacado del mes, manifiesta que el mercado espera mayoritariamente una mantención de la TPM en esta ocasión, pero anticipa dos recortes de 25 puntos base de aquí a fin de año, hasta un nuevo mínimo de 3,50%. El señor Miguel Fuentes prosigue con su presentación, planteando que en materia de actividad, el IMACEC del mes de abril alcanzó a 2,3% en doce meses, menor que lo proyectado internamente y por el mercado, debido a una sorpresiva contribución negativa de los sectores industria y agrícola, y crecimientos acotados de otros sectores Resto. Hace notar que el resultado de la industria se enmarca en un cuadro de debilidad general del sector, pero que en este mes en particular se vio exacerbado por el comportamiento de los sectores productores de alimentos, especialmente aquellos ligados a la carne. En todo caso, este resultado no altera en lo fundamental el bajo dinamismo que se espera para el año, en torno al 0,5% anual para dicho sector. En materia de demanda, señala que la demanda interna continúa creciendo menos que el producto, observándose una contribución negativa de los componentes de formación bruta de capital fijo y existencias y una contribución del consumo durable cada vez menor. En términos de los componentes particulares del consumo privado, expresa que el consumo no durable registró una velocidad moderada en el mes de abril y un leve repunte a comienzos del segundo trimestre, muy concentrado en las líneas de vestuario y artículos personales. Asimismo, y en relación con la caída del sector industria mencionada precedentemente, hace notar que las ventas de alimentos, bebidas y tabaco exhiben muy poco dinamismo en los últimos meses, dando cuenta de una alta correlación entre ambas variables. Por su parte, las ventas de automóviles registraron una nueva caída en el mes de mayo. En efecto, las importaciones y los datos de la Asociación Nacional Automotriz de Chile, ANAC, mostraron en el margen caídas importantes en términos desestacionalizados, empujando al IVCM durable a experimentar crecimientos negativos. Asimismo, hace notar que las líneas de equipamiento del hogar exhiben una trayectoria de desaceleración que se ha intensificado en los últimos dos meses, explicando también el menor consumo de bienes durables. En términos de los fundamentos del consumo, consigna que el empleo por cuenta propia ha contribuido a mantener una baja tasa de desempleo, pero ha restado dinamismo a la masa salarial. El señor Miguel Fuentes expresa que en esta oportunidad se ha querido cuantificar el efecto del empleo por cuenta propia en la tasa de desempleo total. Para dicho propósito, se calculó primeramente una tasa de desempleo neta del comportamiento cíclico del empleo por cuenta propia y se la analizó en términos desestacionalizados, dando como resultado una tasa de desempleo significativamente mayor, como se advierte en el gráfico de la izquierda de la lámina que se contiene en la lámina N° 40 de la presentación. En segundo lugar, se corrigió la masa salarial, reconociendo para tal efecto que los empleados por cuenta propia perciben un salario, medido al año 2012 —el último disponible— , equivalente a un cifra en torno al 50 o 60% del que recibe un empleado asalariado; y se ajustó la cantidad de horas trabajadas, que es menor tratándose de los trabajadores por cuenta propia. De acuerdo con ello, la tasa de crecimiento de la masa salarial disminuye. En consecuencia, atendido el aumento relevante del empleo por cuenta propia durante el presente año, la desaceleración de esta medida alternativa de masa salarial sería bastante más pronunciada, lo que contribuye a explicar la corrección a la baja de su proyección de crecimiento a lo largo del año. El señor Miguel Fuentes prosigue con su presentación señalando que las internaciones de bienes de capital mantuvieron un nivel acotado en el mes de mayo, en particular el componente que no incluye la importación de aeronaves. Por su parte, la construcción exhibió una tasa de crecimiento de 2,2% en dicho mes, en torno a una décima superior que el registro anterior, asociada a una mayor de producción de cemento y hormigón y un repunte en los permisos de edificación. Asimismo, hace presente que la inversión pública experimentó una caída de 15% real; no obstante, la proyección para el año contempla un supuesto de ejecución en torno al 100% del presupuesto."
ESTRUCTURAL,6257,acdf92efa4c69d62e1da8a7cd479b8793ed2fef2dbb413dd7b837dafef94e973,2014-06-12,8281;8282;8283;8284,Miguel Fuentes Díaz;Claudio Soto Gamboa;Miguel Fuentes Díaz;Joaquín Vial Ruiz-Tagle,8303,Claudio Soto Gamboa,SUJETO_ROL_NOMBRE,,RPM-2014-06-12:T26,INICIO_EXPLICITO,,"Sobre este aspecto, el Asesor del Ministro de Hacienda señor Claudio Soto expresa que dicha caída es atribuible a un subsidio, porque salió de la base de comparación. En términos de inversión, informa que está en discusión un proyecto de ley que ordena transferir durante el año 2014 a fondos generales de la Nación, con cargo a los recursos de la Ley Reservada del Cobre, la suma de US$400 millones de esa fuente, cuyo destino consistirá en financiar la reconstrucción por el terremoto y maremoto de Arica y el gran incendio que afectó a la ciudad de Valparaíso en abril de este año."
ESTRUCTURAL,6257,acdf92efa4c69d62e1da8a7cd479b8793ed2fef2dbb413dd7b837dafef94e973,2014-06-12,8281;8282;8283;8284,Miguel Fuentes Díaz;Claudio Soto Gamboa;Miguel Fuentes Díaz;Joaquín Vial Ruiz-Tagle,8304,Miguel Fuentes Díaz,SUJETO_NOMBRE,,RPM-2014-06-12:T27,INICIO_EXPLICITO,,"El señor Miguel Fuentes precisa que las proyecciones internas incorporan esa información. El señor Miguel Fuentes destaca el deterioro de las expectativas de empresarios y consumidores. Precisa que las del sector comercio han caído hasta 49,9; las de los sectores construcción y comercio se mantienen en niveles negativos; y las precepciones de los consumidores, medidas por el IPEC, se acercan al pivote 50. Añade que el indicador de compras de durables ha caído significativamente desde mediados del año 2013 hasta niveles comparables a los observados dos o tres años atrás."
ESTRUCTURAL,6257,acdf92efa4c69d62e1da8a7cd479b8793ed2fef2dbb413dd7b837dafef94e973,2014-06-12,8281;8282;8283;8284,Miguel Fuentes Díaz;Claudio Soto Gamboa;Miguel Fuentes Díaz;Joaquín Vial Ruiz-Tagle,8305,Sebastián Claro Edwards,CONTEXTO_REVISADO,,RPM-2014-06-12:T28,SIN_CONTINUIDAD_CONFIRMADA,,"En opinión del Consejero señor Sebastián Claro, resulta algo paradójico que la significativa caída del índice de confianza del sector construcción lo sitúe en un nivel semejante al observado el año 2009, ya que las condiciones actuales son claramente distintas de las de entonces. En razón de ello, consulta si hay algunas áreas relacionadas con el sector vivienda o con obras de infraestructura que estén anticipando condiciones del mercado inmobiliario que sugieran un cambio de tendencia o una profundización de la misma en adelante."
ESTRUCTURAL,6257,acdf92efa4c69d62e1da8a7cd479b8793ed2fef2dbb413dd7b837dafef94e973,2014-06-12,8281;8282;8283;8284,Miguel Fuentes Díaz;Claudio Soto Gamboa;Miguel Fuentes Díaz;Joaquín Vial Ruiz-Tagle,8306,Miguel Fuentes Díaz,SUJETO_NOMBRE,,RPM-2014-06-12:T29,INICIO_EXPLICITO,FINAL_SIN_PUNTUACION,"El señor Miguel Fuentes señala, en primer término, que el IMCE de las empresas asociadas mayormente a la edificación y el referido a aquellas relacionadas con obras de ingeniería da cuenta de un deterioro similar en ambos sectores. No obstante, durante el primer trimestre del año, las ventas de viviendas se han mantenido muy dinámicas, lo mismo que las ventas de aquellas que se encuentran en proceso de construcción y las colocaciones hipotecarios. En segundo lugar, manifiesta que los servicios empresariales exhiben un deterioro en los últimos meses y, entre estos, el sector asociado a obras de ingeniería en particular. Sin embargo, ello contrasta con otras actividades comprendidas en dichos servicios empresariales, como las inmobiliarias y de corretaje de propiedades, que presentan un alza importante y explican parte del crecimiento del sector. Por otra parte, la Asociación de Empresas Consultoras de Ingeniería ha informado que la cantidad de horas contratadas por proyecto volvió a registrar una fuerte caída en el primer trimestre. En síntesis, expresa que el sector asociado a la edificación de obras de ingeniería se encuentra más deprimido, mientras que el asociado a edificación habitacional está contribuyendo a mantener el crecimiento del sector. 4"
ESTRUCTURAL,6257,acdf92efa4c69d62e1da8a7cd479b8793ed2fef2dbb413dd7b837dafef94e973,2014-06-12,8281;8282;8283;8284,Miguel Fuentes Díaz;Claudio Soto Gamboa;Miguel Fuentes Díaz;Joaquín Vial Ruiz-Tagle,8307,Joaquín Vial Ruiz-Tagle,SUJETO_ROL_NOMBRE,,RPM-2014-06-12:T30,INICIO_EXPLICITO,,"El Consejero señor Joaquín Vial plantea que al retroceso que exhibe el sector ligado a obras de ingeniería, se suman los serios problemas de márgenes que aquejan al sector inmobiliario desde hace algún tiempo y aquellos aspectos de la reforma tributaria que incidirían directamente en él. Por ende, se plantea en qué medida con la encuesta del IMCE y las preguntas que ella contiene puede indagarse en las causas de la caída de las expectativas en este ámbito, para determinar a si los cambios obedecen a la actividad o a otros factores."
ESTRUCTURAL,6305,8c06f981eb49b6a13c21442f3f51a0bb05e9d0f2d35f29ec96a494c0e961af12,2014-07-15,8340,Rodrigo Vergara Montes,8363,Rodrigo Vergara Montes,SUJETO_ROL_NOMBRE,,RPM-2014-07-15:T10,INICIO_EXPLICITO,,"El Presidente señor Rodrigo Vergara agradece la presentación del Gerente de Análisis Internacional señor Sergio Lehmann y, a continuación, concede la palabra para consultas y comentarios."
ESTRUCTURAL,6305,8c06f981eb49b6a13c21442f3f51a0bb05e9d0f2d35f29ec96a494c0e961af12,2014-07-15,8340,Rodrigo Vergara Montes,8364,Joaquín Vial Ruiz-Tagle,CONTEXTO_REVISADO,,RPM-2014-07-15:T11,SIN_CONTINUIDAD_CONFIRMADA,,"En opinión del Consejero señor Joaquín Vial, los antecedentes expuestos dan cuenta de un escenario internacional similar al consignado en el último Informe de Política Monetaria, IPoM; no obstante, el balance global es algo más negativo, atendidas las sorpresas en Europa, algunas otras en Estados Unidos de América, y los riesgos que han surgido en las economías emergentes. En segundo término, alude a la evolución de las tasas largas y de las TPM en ocho economías emergentes, a saber, Perú, Colombia, Brasil, México, India, Turquía, Indonesia e Israel. Sobre el particular, hace notar que cinco de ellas han pasado a tener curvas de rendimiento con pendiente negativa, interpretada simplemente como la diferencia entre ambas tasas, motivo por el cual sugiere efectuar un análisis de las razones que explican esta situación. En cuanto a China, los indicadores recientes muestran una recuperación de su economía, pero resulta preocupante que algunos de los factores que parecen estar impulsándola, como el aumento de la inversión de gobiernos locales y la expansión del crédito, podrían traducirse en mayores desequilibrios a futuro. Por otro lado, manifiesta que las importaciones de cobre desde China aumentaron en el primer semestre del presente año respecto de igual período del año 2013, que fue muy desfavorable. Asimismo, plantea la conveniencia de analizar con un grado mayor de profundidad las fuertes disrupciones de oferta que exhibe este mercado, que se han traducido en un consumo sorprendentemente sólido y en la desaparición del superávit físico. A su juicio, si parte de esas disrupciones de oferta se resuelven durante el segundo semestre y constituyen simplemente exportaciones no materializadas de algún país o acumulación no deseada de inventarios en China, este semestre podría ser bastante más débil. En síntesis, señala que estos favorables datos dan cuenta de un mercado del cobre al alza; no obstante, es necesario revisar la solidez de los aspectos que sustentan dichas cifras para efectos de evitar eventuales sorpresas negativas en este sentido. Por último, expresa que una convergencia del crecimiento del consumo de cobre a 4% anual constituye una proyección extremadamente optimista, por cuanto una tasa de crecimiento superior a 2% ya puede ser considerada como tal."
SOLO_METADATOS,6421,b0e0187b2593aee9bb2b11a49c6b2e6383f323b9b0927ca82f91640fe0d2a4ac,2014-09-11,8480;8481,Rodrigo Vergara Montes;Enrique Orellana Cifuentes,8504,Rodrigo Vergara Montes,SUJETO_ROL_NOMBRE,,RPM-2014-09-11:T37,INICIO_EXPLICITO,,"El Presidente señor Rodrigo Vergara visualiza dos temas de preocupación para el Consejo. A saber, los salarios y el tipo de cambio. Con respecto a este último, resalta la importancia de mantener un análisis permanente sobre la materia, e indica que en su reciente participación en las reuniones en Jackson Hole fue consultado por las razones detrás de la fuerte depreciación experimentada por el peso, que escapa a los patrones observados en otras economías. En cuanto a los salarios, se suma al planteamiento del Consejero señor Joaquín Vial en orden a consultar fuentes de información distintas del INE para fines de tener una visión más amplia sobre su reciente comportamiento. A continuación, solicita al Gerente de Estrategia y Comunicación de Política Monetaria señor Enrique Orellana que informe sobre la visión que ha recogido sobre la materia en sus visitas a regiones."
SOLO_METADATOS,6421,b0e0187b2593aee9bb2b11a49c6b2e6383f323b9b0927ca82f91640fe0d2a4ac,2014-09-11,8480;8481,Rodrigo Vergara Montes;Enrique Orellana Cifuentes,8505,Enrique Orellana Cifuentes,SUJETO_NOMBRE,,RPM-2014-09-11:T38,INICIO_EXPLICITO,,"El señor Enrique Orellana señala que la situación observada por el Consejero señor Joaquín Vial en la ciudad de Temuco es la que predomina en las distintas ciudades visitadas, es decir, ya no se advierte la fuerte presión salarial que se observaba dieciocho meses atrás. De hecho, ninguna de las empresas consultadas reportó alzas en sus planillas. En todo caso, hace notar que el nivel de las planillas, que es bastante alto debido a una significativa alza registrada en el último año, es motivo de preocupación por el consiguiente incremento de costos. No obstante, ninguna empresa informó sobre reducción de remuneraciones, porque estas son absolutamente inflexibles a la baja. Además, hace presente que consultados los distintos personeros sobre su percepción acerca de las tasas de crecimiento de salarios informadas por el INE, respondieron que ellas no guardan relación alguna con la realidad de las empresas que representan, ya que se limitan a reajustarlos conforme a la variación del IPC y algunos aspectos adicionales, pero en ningún caso en un porcentaje superior a 6%, como reporta ese organismo. Por último, consigna que en las visitas realizadas en los últimos tres meses se visualizó un presión salarial significativamente menor que en los meses previos, con excepción del sector agrícola."
ESTRUCTURAL,6456,2cf01efe8f76c5b08f445bd3650fba098de46d4c849f34b0cf2279b9efed120a,2014-10-16,8523,Pablo García Silva,8547,Pablo García Silva,SUJETO_ROL_NOMBRE,,RPM-2014-10-16:T20,INICIO_EXPLICITO,,"El Consejero señor Pablo García enfatiza en la necesidad de tener mucha claridad en los números referidos a inversión. A título ejemplar, señala que a la variación anual año móvil presentada en el gráfico de la lámina N° 46, sería conveniente agregar la variación trimestre-trimestre del año calendario equivalente. En segundo término, manifiesta que de acuerdo con las cuentas institucionales conocidas en la reunión de Pre Consejo del día martes último, la inversión de las empresas FECU no mineras distintas de Latam no reflejaban mayor variación. En tercer lugar, plantea la conveniencia de identificar la dirección en que operan los deflactores. Por último, solicita la elaboración de un cuadro con los datos de inversión, de manera de tener cabal claridad respecto de las magnitudes de inversión de los distintos sectores."
ESTRUCTURAL,6456,2cf01efe8f76c5b08f445bd3650fba098de46d4c849f34b0cf2279b9efed120a,2014-10-16,8523,Pablo García Silva,8548,Joaquín Vial Ruiz-Tagle,CONTEXTO_REVISADO,,RPM-2014-10-16:T21,SIN_CONTINUIDAD_CONFIRMADA,,"A juicio del Consejero señor Joaquín Vial, no solo es necesario contar con la información solicitada por el Consejero señor Pablo García, sino que también sería aconsejable agregar algún ejercicio de efecto multiplicador sobre otros sectores distintos de la minería, dado que los distintos proveedores de servicios para la minería han sido afectados por la caída de la inversión se este sector."
SOLO_METADATOS,6654,32da280b3518d11072f5209cea88282fed6c98087db5828b1a81b71d5f6f3cdf,2015-03-19,8761,Alberto Naudon Dell'Oro,8786,Alberto Naudon Dell'Oro,SUJETO_NOMBRE,,RPM-2015-03-19:T17,INICIO_EXPLICITO,,"El señor Alberto Naudon le asigna una alta probabilidad a la pérdida del grado de inversión de Brasil, habida cuenta de sus problemas relacionados con la sostenibilidad de la deuda. En cuanto a sus probables consecuencias, señala que es difícil predecirlas, pero recuerda que ciertos fondos de inversión solo pueden invertir en países que cuentan con investment grade; por lo tanto, su pérdida los obligaría a retirar sus inversiones. En este sentido, plantea que estos mismos fondos tienden a anticipar la salida de recursos frente a eventos de esta naturaleza para evitar pérdidas de importancia."
ESTRUCTURAL,6791,9c304c09d9108fc6a5f77ed50f99a16d2335ac77ea161ac8fe7beb69d95557c2,2015-05-14,8919,Enrique Marshall Rivera,8944,Enrique Marshall Rivera,SUJETO_ROL_NOMBRE,,RPM-2015-05-14:T43,INICIO_EXPLICITO,,"El Vicepresidente señor Enrique Marshall sugiere mirar la inflación y su efecto sobre los salarios con un enfoque más realista. Recuerda que durante los años 2000 hubo episodios que hicieron pensar que el efecto Índexación había desaparecido. No obstante, sigue existiendo. De hecho, señala que después de 15 años de aplicación de un régimen de meta de inflación, no tiene conocimiento de contratos laborales cuya reajustabilidad esté basada en la inflación esperada, ni siquiera en el propio Banco Central. En su opinión, en la actual coyuntura, los coeficientes de traspaso son mayores, a lo que se suma la escasez de mano de obra en numerosos segmentos ocupacionales, generando un grado de presión."
ESTRUCTURAL,6791,9c304c09d9108fc6a5f77ed50f99a16d2335ac77ea161ac8fe7beb69d95557c2,2015-05-14,8919,Enrique Marshall Rivera,8945,Joaquín Vial Ruiz-Tagle,CONTEXTO_REVISADO,,RPM-2015-05-14:T44,SIN_CONTINUIDAD_CONFIRMADA,,"En opinión del Consejero señor Joaquín Vial, el tipo de cambio real se encuentra algo apreciado respecto de su nivel de equilibrio, razón por la que es esperable un ajuste, con los consiguientes efectos sobre la inflación y el desempleo."
SOLO_METADATOS,6807,3cbf67d828141b3678c86c4d90717c12cc0e9962a93c3c26e451b1533b17fcd2,2015-05-14,8939,Rodrigo Vergara Montes,8965,Rodrigo Vergara Montes,SUJETO_ROL_NOMBRE,,RPM-2015-05-14:T64,INICIO_EXPLICITO,,"El Presidente señor Rodrigo Vergara, en nombre suyo y del Consejo, reitera la bienvenida al señor Rodrigo Valdés en la primera Reunión de Política Monetaria a que asiste en su calidad de Ministro de Hacienda y le desea el mayor de los éxitos en su nueva labor."
SOLO_METADATOS,6808,32abf83e1251ea0d3989e22a0b41f9fbc50367ff3d1d859cdb2c80dee08bc3c3,2015-05-14,8940;8941,Rodrigo Valdés Pulido;Consejo del Banco Central de Chile,8966,Rodrigo Valdés Pulido,SUJETO_NOMBRE,,RPM-2015-05-14:T65,INICIO_EXPLICITO,,"El señor Rodrigo Valdés, antes de retirarse de la Reunión, deja planteada la pregunta acerca de por qué Latinoamérica, a diferencia de Chile, sigue perdiendo dinamismo y las proyecciones para esta región continúan cayendo. Lo expresado, por cuanto si bien el argumento principal —que manifiesta compartir, en buena parte— es que Chile ya realizó el ajuste macro en las cuentas externas, surge la interrogante de si ello es suficiente como historia o si hay otros elementos no atríbuibles únicamente a la parte externa. El Ministro de Hacienda señor Rodrigo Valdés y su Asesor, el señor Claudio Soto, se retiran de la Sala de Consejo."
SOLO_METADATOS,6808,32abf83e1251ea0d3989e22a0b41f9fbc50367ff3d1d859cdb2c80dee08bc3c3,2015-05-14,8940;8941,Rodrigo Valdés Pulido;Consejo del Banco Central de Chile,8967,Consejo del Banco Central de Chile,ACTA/META,ACUERDO_CONSEJO,RPM-2015-05-14:T66,INSTITUCIONAL,,"A continuación, el Consejo procede a elaborar el Comunicado de la presente Reunión, cuya redacción es del siguiente tenor: Comunicado “En su reunión mensual de política monetaria, el Consejo del Banco Central de Chile acordó mantener la tasa de interés de política monetaria en 3% anual. En el ámbito externo, las perspectivas de crecimiento mundial no han experimentado mayores cambios, si bien los datos del primer trimestre fueron menores que lo esperado. En América Latina, el panorama se ha seguido deteriorando. Durante el mes, las tasas de largo plazo se incrementaron en la mayoría de los países, aunque se mantienen en niveles bajos. Los premios por riesgo soberano tuvieron movimientos mixtos. En general, las monedas se apreciaron respecto del dólar, destacando la importante valorización del euro. Con la excepción de los alimentos, el precio de los productos básicos aumentó, incluido el del cobre y los combustibles. Los datos del primer trimestre dan cuenta de una actividad y demanda que crecieron a un ritmo moderado. Algunos indicadores coyunturales sugieren un menor dinamismo en el margen. El crecimiento del empleo y de la fuerza de trabajo permanece bajo, en tanto la tasa de desempleo no tuvo cambios. Los salarios nominales mantuvieron su tasa de expansión anual. En abril, la inflación total fue mayor que la esperada, no así la subyacente. Ambas mantienen una variación anual elevada. Su evolución se seguirá monitoreando con especial atención. Las expectativas de inflación de mediano plazo permanecen en 3%. Las condiciones de financiamiento local reflejan el impacto del estímulo monetario. El Consejo reafirma su compromiso de conducir la política monetaria con flexibilidad, de manera que la inflación proyectada se ubique en 3% en el horizonte de política. Cambios futuros en la TPM dependerán de las implicancias de las condiciones macroeconómicas internas y externas sobre las perspectivas inflacionarias.”"
ESTRUCTURAL,6839,ac3f9bde743958289d886c153a9de0c7002fecc39d6708c6c88ad3d99ca1f718,2015-06-11,8975,Alberto Naudon Dell'Oro,9001,Alberto Naudon Dell'Oro,SUJETO_NOMBRE,,RPM-2015-06-11:T32,INICIO_EXPLICITO,,El señor Alberto Naudon plantea que el empleo asalariado está creciendo muy por sobre 1%.
ESTRUCTURAL,6839,ac3f9bde743958289d886c153a9de0c7002fecc39d6708c6c88ad3d99ca1f718,2015-06-11,8975,Alberto Naudon Dell'Oro,9002,Joaquín Vial Ruiz-Tagle,CONTEXTO_REVISADO,,RPM-2015-06-11:T33,SIN_CONTINUIDAD_CONFIRMADA,,"En opinión del Consejero señor Joaquín Vial, si bien podría haber un efecto horas trabajadas, todos los indicadores de empleo exhiben algún grado de recuperación. A título ejemplar, recuerda que a mediados del año pasado se observó una pérdida de alrededor de 50.000 puestos de trabajo, situación que se revirtió posteriormente."
ESTRUCTURAL,6869,b360455f893041859218c9183c36903a3c995e1f0ab8bba710efcddad08e652c,2015-07-14,9014,Diego Gianelli Gómez,9041,Diego Gianelli Gómez,SUJETO_NOMBRE,,RPM-2015-07-14:T5,INICIO_EXPLICITO,,"El señor Diego Gianelli indica que el servicio de la deuda griega es comparable con el de Portugal, España e Italia, e incluso menor que el de Brasil. Por lo tanto, la carga de la deuda en términos del presupuesto anual no es exagerada, aun cuando los niveles de deuda/producto son elevados."
ESTRUCTURAL,6869,b360455f893041859218c9183c36903a3c995e1f0ab8bba710efcddad08e652c,2015-07-14,9014,Diego Gianelli Gómez,9042,Pablo García Silva,CONTEXTO_REVISADO,,RPM-2015-07-14:T6,SIN_CONTINUIDAD_CONFIRMADA,,"En opinión del Consejero señor Pablo García, más que una negociación, esto fue un ultimátum, ya que la alternativa al rechazo de los términos propuestos por el Eurogrupo era la suspensión del financiamiento a los bancos, su consiguiente insolvencia y, en la práctica, la salida de Grecia del euro."
ESTRUCTURAL,6900,39f7ebc108765e6081840859f0d67208a3ebe3c435ed42ccf523a815537c8c75,2015-07-14,9047,Alberto Naudon Dell'Oro,9075,Alberto Naudon Dell'Oro,SUJETO_NOMBRE,,RPM-2015-07-14:T39,INICIO_EXPLICITO,,"El señor Alberto Naudon plantea que la parte más importante del traspaso ocurre a los seis meses, pero que a partir de entonces no sería tan significativo."
ESTRUCTURAL,6900,39f7ebc108765e6081840859f0d67208a3ebe3c435ed42ccf523a815537c8c75,2015-07-14,9047,Alberto Naudon Dell'Oro,9076,Pablo García Silva,CONTEXTO_REVISADO,,RPM-2015-07-14:T40,SIN_CONTINUIDAD_CONFIRMADA,,"En opinión del Consejero señor Pablo García, es preciso reestudiar el traspaso cambiarlo a inflación, porque los análisis pasados se han basado en modelos más estructurales de mediano plazo y no han contemplado la gran sensibilidad de este factor en el corto plazo, donde el rol de los modelos es mucho menor. Agrega que al comparar estas mayores magnitudes de traspaso cambiarlo en el corto plazo con las observadas en ciclos anteriores, como en el año 2000, podría atribuirse esta diferencia a un cambio estructural proveniente del funcionamiento de la macroeconomía o a las actualizaciones de la canasta de bienes y servicios del Instituto Nacional de Estadísticas, INE, que podrían incluir ahora componentes más sensibles a variaciones del tipo de cambio. Atendido lo expresado, consulta si se ha identificado otra razón que podría explicar este alto traspaso cambiario, que podría bordear el 20% a la luz de las cifras expuestas."
ESTRUCTURAL,6902,de137d0db0d6f1057cae4020c2bf39efac22eebdd0d6d7be5a42426e2371db60,2015-07-14,9049;9050,Rodrigo Vergara Montes;Joaquín Vial Ruiz-Tagle,9078,Rodrigo Vergara Montes,SUJETO_ROL_NOMBRE,,RPM-2015-07-14:T42,INICIO_EXPLICITO,,"El Presidente señor Rodrigo Vergara expresa que la desaceleración reciente de los salarios nominales constituye una buena noticia, pero se muestra cauteloso en cuanto a una eventual reaceleración por motivos inflacionarios. Manifiesta que el ejercicio que relaciona la inflación con el tipo de cambio nominal es útil para el manejo de cifras; no obstante, hay dos elementos que le merecen ciertas dudas. El primero, el supuesto que le asigna gran relevancia del TCN —aunque sea en el corto plazo— no se condice con el mensaje transmitido hasta el pasado reciente. El segundo, que se trata de un ejercicio mecánico, que no identifica la razón detrás del alza del tipo de cambio y, por tanto, no permite anticipar si su efecto sobre la inflación va a ser mayor o menor que el que se ha presentado en esta ocasión."
ESTRUCTURAL,6902,de137d0db0d6f1057cae4020c2bf39efac22eebdd0d6d7be5a42426e2371db60,2015-07-14,9049;9050,Rodrigo Vergara Montes;Joaquín Vial Ruiz-Tagle,9079,Pablo García Silva,CONTEXTO_REVISADO,,RPM-2015-07-14:T43,SIN_CONTINUIDAD_CONFIRMADA,,"En opinión del Consejero señor Pablo García, parece complejo afirmar que se está frente a un proceso inflacionario con riesgo ai alza, en el que un eventual aumento del TCN a valores en torno a $ 680 podría llevar a una inflación cercana a 5% en el corto plazo, y, por otro lado, señalar que el que el TCR no se haya depreciado significativamente explica la desaceleración del sector industrial. Lo expresado, porque la idea de que el TCR sería el adecuado para este ciclo ciertamente no se ajusta a la coyuntura actual. Por otra parte, el déficit de cuenta corriente actual sugiere que el TCR estaría suficientemente depreciado. A su juicio, con miras a la preparación del próximo IPoM, es preciso profundizar el análisis para determinar si el TCR es el adecuado para las actuales condiciones cíclicas de la economía."
ESTRUCTURAL,6902,de137d0db0d6f1057cae4020c2bf39efac22eebdd0d6d7be5a42426e2371db60,2015-07-14,9049;9050,Rodrigo Vergara Montes;Joaquín Vial Ruiz-Tagle,9080,Joaquín Vial Ruiz-Tagle,SUJETO_ROL_NOMBRE,,RPM-2015-07-14:T44,INICIO_EXPLICITO,,"El Consejero Joaquín Vial manifiesta su inquietud por que la inflación se ubique en torno a 4,5% durante todo el tercer trimestre, porque es un período en que se producen habitualmente sorpresas negativas. Por otra parte, llama a ser cuidadosos con los adjetivos empleados en los mensajes, atendida su incidencia en las expectativas. En este sentido, plantea la conveniencia de aludir a la normalización del mercado laboral en lugar de señalar que continúa dando muestras de deterioro."
ESTRUCTURAL,6953,8c322205a1d0c46d862b13d708ef3595796b7fa1981d8891bbb4d7b445ae3dd2,2015-08-13,9109,Pablo García Silva,9139,Pablo García Silva,SUJETO_ROL_NOMBRE,,RPM-2015-08-13:T40,INICIO_EXPLICITO,,"El Consejero señor Pablo García agradece la completa presentación del señor Miguel Fuentes, y adhiere a la preocupación que genera la evolución de la inflación por sobre el rango meta por un período prolongado. A este respecto, manifiesta su sorpresa por la baja cuantificación asignada al riesgo que ello representa para el desanclaje de expectativas, aunque reconoce que los antecedentes que avalan este juicio son consistentes, ya que el contexto actual es opuesto al que rodeó el episodio de desanclaje del año 2008. Manifiesta un grado de discrepancia con la primera conclusión consignada en la lámina N° 74 de la presentación, en el sentido que no es posible señalar que el alto nivel de inflación, su persistencia y las sucesivas correcciones representan un riesgo para el anclaje de expectativas, toda vez que esa es la hipótesis a testear. Es más, su lectura del análisis presentado es que esta preocupación no se estaría validando; por el contrario, disminuye en una cuantía que dependerá de la ponderación de los antecedentes expuestos."
ESTRUCTURAL,6953,8c322205a1d0c46d862b13d708ef3595796b7fa1981d8891bbb4d7b445ae3dd2,2015-08-13,9109,Pablo García Silva,9140,Sebastián Claro Edwards,CONTEXTO_REVISADO,,RPM-2015-08-13:T41,SIN_CONTINUIDAD_CONFIRMADA,,"En opinión del Consejero señor Sebastián Claro, para cuantificar la magnitud del riesgo de desanclaje de expectativas es preciso contar con una ponderación de las distintas variables en juego. Hace referencia a la importancia que tuvo la fuerte alza de los precios de commodities en el período 2007-2008. Por tanto, cabe preguntarse la medida en que los precios internos tienen incorporados los precios internacionales de estos productos, y a partir de ello determinar si es esperable o no una caída adicional de los mismos. Por último, hace notar que las diferencias entre la coyuntura actual y el episodio de 2008 son sustanciales y que existe un riesgo al hacer esa comparación. A su juicio, la significativa magnitud de la depreciación ocurrida tras el episodio de intervención cambiaría podría estar dando cuenta de que el mercado percibía que la autoridad priorizaba un objetivo en lugar de otro, factor muy cualitativo y difícil de medir, pero que es importante de ponderar en el análisis para efectos de la comunicación hacia el mercado."
SOLO_METADATOS,6959,052db85b8d370783158991bda2043150db2bbb38222f3565e4f1aaf1480901d0,2015-08-13,9115,Sebastián Claro Edwards,9146,Sebastián Claro Edwards,SUJETO_ROL_NOMBRE,,RPM-2015-08-13:T47,INICIO_EXPLICITO,,"El Consejero señor Sebastián Claro llama a ser cuidadosos y no sobreleer la preocupación y el análisis respecto de la permanencia de la inflación en niveles altos por un tiempo prolongado. Cree que el solo hecho de sostener esta discusión durante la presente Reunión no es una señal al mercado respecto de una determinada trayectoria futura para la TPM En su opinión, es una discusión que corresponde al próximo IPoM. Expresa que frente la decisión de hacer explícita o no la preocupación sobre el riesgo de desanclaje de expectativas, se debe considerar que el silencio implicaría dar la señal de que este no se ha considerado relevante."
ESTRUCTURAL,6985,7a324d6452b0874e06d6d850ef72cf1d509c5df0aaff5d765507641365b56230,2015-09-15,9144;9145;9146,Sebastián Claro Edwards;Diego Gianelli Gómez;Alejandro Micco,9175,Sebastián Claro Edwards,SUJETO_ROL_NOMBRE,,RPM-2015-09-15:T7,INICIO_EXPLICITO,,"El Consejero señor Sebastián Claro hace notar que China realizó ventas masivas de bonos de Estados Unidos de América, que se concentraron en plazos cercanos a los 2 años o más, que podrían explicar el empinamiento de la curva para dichos plazos y no generarían presiones en los tramos más largos de la curva."
ESTRUCTURAL,6985,7a324d6452b0874e06d6d850ef72cf1d509c5df0aaff5d765507641365b56230,2015-09-15,9144;9145;9146,Sebastián Claro Edwards;Diego Gianelli Gómez;Alejandro Micco,9176,Diego Gianelli Gómez,SUJETO_NOMBRE,,RPM-2015-09-15:T8,INICIO_EXPLICITO,,"El señor Diego Gíanelli continúa con su presentación y se refiere a la economía china. En primer lugar, comenta que diversos indicadores de alta frecuencia de actividad dan cuenta de un dinamismo menor que 7%. Luego, alude al índice Li Keqiang —construido por Bloomberg a partir de ciertas preferencias sobre las series de actividad que el Primer Ministro chino estima son más indicativas, y donde se otorga una ponderación de 40% al crecimiento del crédito, de 40% a la electricidad y de 20% a las cargas ferroviarias—, que muestra que la actividad podría estar creciendo muy por debajo de lo que indicaría el PIB. Agrega que los PMI manufacturero y de servicios exhiben un descenso en el último año y que los correspondientes indicadores oficiales se ubicaron bajo el pivote 50 en sus últimos registros. Por otra parte, destaca dos eventos que pusieron una cuota de duda respecto de la conducción macroeconómíca de las autoridades chinas: la depreciación de su moneda y las acciones tendientes a sostener los precios de activos. En cuanto a la depreciación del renminbi, señala que, en principio, fue percibida por el mercado como una medida no del todo bien manejada, porque el mensaje sobre permitir un mayor nivel de flexibilidad en la fijación del precio de la moneda fue sucedido de una intervención del mercado cambiario para evitar su depreciación. Tratándose del ajuste en la renta variable, manifiesta que esta vez estuvo acompañado de políticas expresas para tratar de sostener el precio de los activos, en particular los de carácter monetario. Añade que entre estos dos efectos, el cambiario sería más relevante, pero ambos imprimen una cuota de duda sobre la capacidad de las autoridades chinas para administrar esta transición sin mayores contratiempos, en especial, si se considera que esta economía está mucho más abierta a los flujos de capitales y que su escala es muy distinta que 10 o 15 años atrás."
ESTRUCTURAL,6985,7a324d6452b0874e06d6d850ef72cf1d509c5df0aaff5d765507641365b56230,2015-09-15,9144;9145;9146,Sebastián Claro Edwards;Diego Gianelli Gómez;Alejandro Micco,9177,Alejandro Micco,SUJETO_ROL_NOMBRE,,RPM-2015-09-15:T9,INICIO_EXPLICITO,,"El Subsecretario de Hacienda señor Alejandro Micco consulta si la noticia conocida en el día de ayer, en cuanto a permitir inversiones privadas en empresas públicas chinas, podría traducirse en un aumento de los flujos de capitales hacia ese país y en un mayor dinamismo de dicha economía."
ESTRUCTURAL,6985,7a324d6452b0874e06d6d850ef72cf1d509c5df0aaff5d765507641365b56230,2015-09-15,9144;9145;9146,Sebastián Claro Edwards;Diego Gianelli Gómez;Alejandro Micco,9178,Sebastián Claro Edwards,CONTEXTO_REVISADO,,RPM-2015-09-15:T10,SIN_CONTINUIDAD_CONFIRMADA,,"En opinión del Vicepresidente señor Sebastián Claro, es una medida que está internalizada en el precio de las empresas estatales desde hace bastante tiempo, por cuanto estaba contemplada dentro del amplio plan de renovación y de reformas a las empresas estatales anunciado por las autoridades chinas. Comenta que en el mercado bancario hubo alguna participación extranjera, pero han optado por salir del mercado debido a su limitada capacidad de influencia. Añade que otras medidas le parecen más relevantes, como el mayor impulso fiscal, la liberalización de restricciones para programas swaps de deuda en los gobiernos locales, y la centralización de fondos superavitarios de gobiernos locales en un programa de gastos fiscales de infraestructura."
ESTRUCTURAL,7021,4e8ac52f3404358ea42f8a506309b98ed9cb4e4b0d4d8ee4d3ac45d609c33012,2015-09-15,9186,Miguel Fuentes Díaz,9218,Miguel Fuentes Díaz,SUJETO_NOMBRE,,RPM-2015-09-15:T49,INICIO_EXPLICITO,,"El señor Miguel Fuentes retoma su exposición mencionando que el escenario base contempla una desaceleración de la masa salarial en el segundo semestre del año, tanto en el componente de salarios reales, que cae como consecuencia de la alta inflación, como por una desaceleración de los salarios nominales, que crecerían en torno a 6% hacia fines de año. Asimismo, consigna que el crecimiento del consumo privado está por debajo del aumento de los ingresos laborales, lo que es coherente con expectativas más pesimistas de los consumidores, quienes están siendo más cautelosos en sus decisiones de compra. En especial, resalta que el consumo de durables ha registrado tasas de crecimiento negativas durante el año, situación que se mantendría hacia fines del horizonte de corto plazo."
ESTRUCTURAL,7021,4e8ac52f3404358ea42f8a506309b98ed9cb4e4b0d4d8ee4d3ac45d609c33012,2015-09-15,9186,Miguel Fuentes Díaz,9219,Joaquín Vial Ruiz-Tagle,CONTEXTO_REVISADO,,RPM-2015-09-15:T50,SIN_CONTINUIDAD_CONFIRMADA,,"En opinión del Consejero señor Joaquín Vial, resultan llamativos los fuertes ajustes en el crecimiento del empleo y de los salarios reales en los próximos meses del año. En particular, le sorprende la disminución del crecimiento de los salarios reales, en circunstancias que nuestras proyecciones de inflación son a la baja, lo que sugiere que el ajuste se estaría dando por el lado de los salarios nominales."
ESTRUCTURAL,7021,4e8ac52f3404358ea42f8a506309b98ed9cb4e4b0d4d8ee4d3ac45d609c33012,2015-09-15,9186,Miguel Fuentes Díaz,9220,Miguel Fuentes Díaz,SUJETO_NOMBRE,,RPM-2015-09-15:T51,INICIO_EXPLICITO,,"El señor Miguel Fuentes indica que los salarios reales se corrigen a la baja en alrededor de medio punto, aunque reconoce que existe algún grado de incertidumbre en esa proyección. El señor Miguel Fuentes prosigue con su presentación, señalando que las importaciones al mes de agosto siguen reflejando la debilidad del consumo y de la inversión. Asimismo, comenta que la desaceleración de las colocaciones de consumo y comerciales es coherente con la lenta expansión de la demanda interna, no así las colocaciones para la vivienda, que muestran una aceleración desde hace muchas semanas gracias al dinamismo de las ventas inmobiliarias."
ESTRUCTURAL,7079,b8863670ba2b9aff431960086659639e5b9a83fc8e3139cf21be09fdbe995faf,2015-10-15,9256,Miguel Fuentes Díaz,9290,Miguel Fuentes Díaz,SUJETO_NOMBRE,,RPM-2015-10-15:T38,INICIO_EXPLICITO,,"El señor Miguel Fuentes retoma su presentación y menciona que la sorpresa negativa del mes de septiembre anuló la sorpresa positiva de agosto, y que el error acumulado entre ambos meses es igual a cero. Asimismo, informa que las medidas de tendencia inflacionaria se mantienen en torno a 4%, lo que anticipa una reversión lenta de la inflación en adelante; y que el indicador de persistencia inflacionaria muestra que el componente core se ha incrementado, en línea con lo sugerido por otras medidas algo más sofisticadas que se han calculado internamente."
ESTRUCTURAL,7079,b8863670ba2b9aff431960086659639e5b9a83fc8e3139cf21be09fdbe995faf,2015-10-15,9256,Miguel Fuentes Díaz,9291,Claudio Soto Gamboa,SUJETO_ROL_NOMBRE,,RPM-2015-10-15:T39,INICIO_EXPLICITO,,"El Asesor Macroeconómico del Ministro de Hacienda señor Claudio Soto plantea que la medida IPCSAE debería ser más persistente que la inflación headline. Sin embargo, ello no ha sido así durante un período prolongado."
ESTRUCTURAL,7079,b8863670ba2b9aff431960086659639e5b9a83fc8e3139cf21be09fdbe995faf,2015-10-15,9256,Miguel Fuentes Díaz,9292,Miguel Fuentes Díaz,SUJETO_NOMBRE,,RPM-2015-10-15:T40,INICIO_EXPLICITO,,"El señor Miguel Fuentes menciona que la tendencia del IPCSAE tiene una capacidad predictiva mayor que la del IPC para anticipar los movimientos futuros de la inflación; y que si bien puede mostrar resultados contradictorios respecto de las medidas de autocorrelación calculadas, su comportamiento reciente avala la mantención de la inflación en niveles elevados por un periodo relativamente prologando. Con respecto a la descomposición de la inflación, se observa, al igual que en meses anteriores, una aceleración importante de la inflación de bienes, en línea con la mayor depreciación del tipo de cambio; y una inflación de servicios que ha persistido en torno a 5%, coherente con el movimiento de los salarios que, pese a su reciente caída, se encuentran en niveles elevados."
ESTRUCTURAL,7079,b8863670ba2b9aff431960086659639e5b9a83fc8e3139cf21be09fdbe995faf,2015-10-15,9256,Miguel Fuentes Díaz,9293,Sebastián Claro Edwards,CONTEXTO_REVISADO,,RPM-2015-10-15:T41,SIN_CONTINUIDAD_CONFIRMADA,,"En opinión del Vicepresidente señor Sebastián Claro, resulta llamativo que al revisar la evolución de la inflación de bienes y servicios SAE en los últimos 15 años, la inflación de servicios solo cae a comienzos de los 2000, en un contexto de crecimiento de salarios de entre 2 y 3% y una tasa de desempleo en torno a 10%, Luego, la inflación de servicios SAE podría ser el componente verdaderamente más persistente de la inflación. Tratándose de la inflación de bienes SAE, hace notar que el tipo de cambio rompe con la persistencia observada hasta el año 2009, por la apreciación cambiaría y posterior depreciación. Por último, consulta si la perspectiva de desinflación hacia adelante descansa en una reducción del componente servicios a niveles bajo 4% o en un retorno de la inflación de bienes a 0%."
SOLO_METADATOS,7125,98eb62b766027b19efad46b3c97600325cd6d4a9529cd0a7e0d899e1d3054893,2015-11-12,9309;9310,Alberto Naudon Dell'Oro;Rodrigo Vergara Montes,9346,Alberto Naudon Dell'Oro,SUJETO_NOMBRE,,RPM-2015-11-12:T17,INICIO_EXPLICITO,,"El señor Alberto Naudon, acerca de la segunda tensión, plantea que los ciclos económicos de Zona Euro y Estados Unidos en el largo plazo muestran señales de recuperación y que dichas señales siguen siendo bastante más fuertes en Estados Unidos, en especial, por la evolución de la inflación. En su opinión, está latente la probabilidad de una profundización de la divergencia de política monetaria, que puede generar una apreciación global del dólar y afectar el precio de los commodities en el mediano plazo de manera negativa. Además, el cambio en la composición de crecimiento hacia el sector de servicios, en particular, de China, es otro punto de cautela en ese sentido. Resalta que persiste la preocupación sobre la economía brasileña y que, aunque los efectos de contagio directo de Brasil a Chile son relativamente acotados, en un contexto en que Colombia y Perú se pueden ver afectados, los efectos de contagio hacia Chile podrían ser mayores y esa es una fuente de riesgo relevante. Por último, precisa que es difícil que se produzca una recuperación mayor a la estimada para el precio del cobre, en atención a que la magnitud en la contracción esperada de la oferta no alcanzaría para aumentar los precios. Más bien, las firmas recortarían su producción para evitar caídas bajo los valores actuales ubicados en el percentil 90 de la curva de costo, que corresponde a un nivel donde los precios tienden a estabilizarse. Con todo, en un contexto de dólar más fuerte y dudas sobre China, anticipa que habrá una corrección relevante en la cifra estimada de producción de cobre para los próximos dos años con miras a la elaboración del próximo IPoM."
SOLO_METADATOS,7125,98eb62b766027b19efad46b3c97600325cd6d4a9529cd0a7e0d899e1d3054893,2015-11-12,9309;9310,Alberto Naudon Dell'Oro;Rodrigo Vergara Montes,9347,Rodrigo Vergara Montes,SUJETO_ROL_NOMBRE,,RPM-2015-11-12:T18,INICIO_EXPLICITO,,"No existiendo otras consultas o comentarios, el Presidente señor Rodrigo Vergara da paso a la exposición del escenario interno."
ESTRUCTURAL,7142,ab2c975eee1e94dffb93fe375f0f9256bd3efae2cc1daa9ccc0a04127d8617da,2015-11-12,9328;9329,Sebastián Claro Edwards;Mario Marcel Cullell,9365,Sebastián Claro Edwards,SUJETO_ROL_NOMBRE,,RPM-2015-11-12:T36,INICIO_EXPLICITO,,"El Vicepresidente señor Sebastián Claro observa que varios datos son positivos en el margen, como la inversión y la proyección de consumo; por otro lado, que el crecimiento de la actividad sería menor que lo estimado en el IPoM de septiembre incidido por el sector minero y que las encuestas de expectativas anticipan un año 2016 menos promisorio. Atendido lo expresado, consulta por la visión de la Gerencia de División Estudios respecto del impacto de estos datos en la proyección de actividad para el próximo ejercicio."
ESTRUCTURAL,7142,ab2c975eee1e94dffb93fe375f0f9256bd3efae2cc1daa9ccc0a04127d8617da,2015-11-12,9328;9329,Sebastián Claro Edwards;Mario Marcel Cullell,9366,Joaquín Vial Ruiz-Tagle,CONTEXTO_REVISADO,,RPM-2015-11-12:T37,SIN_CONTINUIDAD_CONFIRMADA,,"En opinión del Consejero señor Joaquín Vial, el mensaje principal de esta presentación consiste en que no se advierten cambios fundamentales respecto de lo consignado en el último IPoM. Adelantando la discusión del próximo IPoM, manifiesta que su sensación es que si bien tenemos un escenario de riesgo de algunas variables a la baja, también comienza a advertirse un escenario algo más positivo, donde las exportaciones registran una caída menor y se consolida el crecimiento del empleo asalariado en un número mayor de sectores. Además, con un mercado del trabajo algo más sólido, la desaceleración del consumo, contemplada en nuestra proyección, podría ser menor. En consecuencia, estima que existe un escenario de riesgo positivo en términos de actividad, donde por primera vez en mucho tiempo se está corrigiendo la proyección de crecimiento al alza, aspecto que claramente debe ser considerado. Por último, manifiesta su prevención acerca de la persistencia de la inflación y los márgenes, razón por la que plantea la conveniencia de profundizar la discusión de este tema que, en su opinión, puede cobrar importancia."
ESTRUCTURAL,7142,ab2c975eee1e94dffb93fe375f0f9256bd3efae2cc1daa9ccc0a04127d8617da,2015-11-12,9328;9329,Sebastián Claro Edwards;Mario Marcel Cullell,9367,Mario Marcel Cullell,SUJETO_ROL_NOMBRE,,RPM-2015-11-12:T38,INICIO_EXPLICITO,,"El Consejero señor Mario Marcel manifiesta que el nivel de dispersión de las expectativas es bastante grande en estos momentos. Luego, el próximo IPoM será una instancia muy importante en orden a contribuir a orientar esas expectativas, por sobre la posibilidad que pueda favorecer dicha confusión. En su opinión, el principal mensaje que se extrae de la presentación radica en que mientras el sector minero empeora, otros aspectos podrían mejorar. Tratándose del mercado del trabajo, cree que su evolución se relaciona con una serie de formas de minimizar el impacto de las regulaciones que se le aplican. Señala que Chile tiene contratos de muy corta duración y mucha rotación aparente, que tiene que ver con movimientos dentro de la misma empresa, razón por la que no le resulta sorprendente que los salarios se hayan estado ajustando a la baja, mientras los niveles de empleo han permanecido relativamente altos. Además, resalta el repunte del ahorro de los hogares y la disminución de los créditos de consumo y con ello, una acumulación de un efecto riqueza de consumo que puede tener un impacto en el futuro próximo. Por el lado de las empresas, indica que junto con los datos de inversión no minera y no habitacional, se advierte una compresión de márgenes y aumento de créditos para el sector productivo, que si bien no anticipan mayormente un cambio de la actividad en el corto plazo, sí están asociados a aquellos aspectos que tienden a liderar una cierta recuperación de la demanda. En consecuencia, considera que junto con incorporar la información más negativa del sector minero, es preciso tener claro los desarrollos observados en los otros sectores no mineros y reforzar los mensajes que se puedan elaborar en ese sentido."
ESTRUCTURAL,7174,1ef8e74178fb41930d6178ed35cc14cbd4078386dd6e9698a9edf641e4442dd5,2015-12-17,9368,Pablo García Silva,9406,Pablo García Silva,SUJETO_ROL_NOMBRE,,RPM-2015-12-17:T19,INICIO_EXPLICITO,,"El Consejero señor Pablo García manifiesta su desconcierto por la situación de Brasil, en cuanto a los factores que pueden estar detrás de una recesión de tal magnitud. Conforme a los datos expuestos, descarta una política fiscal muy contractiva, un posible credit crunch externo y una política monetaria muy restrictiva, no así un shock financiero doméstico y un fenómeno de expectativas a un shock autónomo, pero que, a su juicio, difícilmente tendrían efectos macro tan relevantes como los que se observan en la actualidad."
ESTRUCTURAL,7174,1ef8e74178fb41930d6178ed35cc14cbd4078386dd6e9698a9edf641e4442dd5,2015-12-17,9368,Pablo García Silva,9407,Rodrigo Vergara Montes,CONTEXTO_REVISADO,,RPM-2015-12-17:T20,SIN_CONTINUIDAD_CONFIRMADA,,"En opinión del Presidente señor Rodrigo Vergara, la situación actual de Brasil responde a una combinación de los factores antedichos."
