ID_Padre,Tipo,SHA256_Texto_Padre,Version,ID,Id_Sesion,Fecha,Actor_Original,Actor_Final,Actor_Corregido,Rol_Fuente,Rol_Final,Rol_Corregido,Rol_Detectado_Texto,Rol_Lista_Asistencia,Fuente_Rol,Tipo_Acta,Fuente_Actor,Página,Texto,Tema_Original,Tema_Categoria,Palabra_Clave_Original,Palabra_Clave_Categoria,Texto_Truncado,Duplicado_Exacto,Duplicado_Formula,Nota,ID_Intervencion,Numero_Segmento,Fuente_Texto,Duplicado_Exacto_Origen,Duplicado_Formula_Origen,ID_Bloque_Texto,Estado_Revision,Motivos_Revision,ID_Turno,Relacion_Turno,ID_Antecedente_Continuidad,ID_Ancla_Actor
586,RESEGMENTACION,eb534726a5982528b4b37371eade51c6ca979ba5e8fe10c63e4c0d90776cb432,Antes,745,RPM-2006-02-09,2006-02-09 00:00:00,Rodrigo Valdés Pulido,Nicolás Eyzaguirre Guzmán,SI,Ministro de Hacienda,Ministro de Hacienda,NO,,Ministro de Hacienda,LISTA_ASISTENCIA,,SUJETO_ROL_SESION,4,"El señor Ministro de Hacienda señala que cuando se han producido cambios tan fuertes de la tasa, como ocurrió en los años 1997 y 1999, probablemente es más difícil determinar cuál es nivel de la tasa neutral. Al Consejero señor Marfán, le parece que el problema consiste en que la tasa neutral no es constante en el ciclo. Cree que a lo mejor la tasa de política económica que mantiene la economía en el estado actual, no es necesariamente la misma tasa que la sustenta en su equilibrio estacionario. Agrega que se trata de una discusión que se produjo hace algunos meses y se está usando una tasa de interés neutral que es distinta a la que se supone debería regir en el largo plazo. Concluye que habría que establecer los fundamentos de los cuales depende la tasa de interés neutral de corto plazo.",Análisis de actividad económica doméstica y demanda,actividad_interna,actividad interna,actividad_interna,NO,NO,NO,Rol según lista de asistencia: Ministro de Hacienda,RPM-2006-02-09:586:1,1,XLSX_ORIGINAL,NO,NO,RPM-2006-02-09:586:B1,SIN_ALERTAS_AUTOMATICAS,,RPM-2006-02-09:T20,INICIO_EXPLICITO,,RPM-2006-02-09:586:1
586,RESEGMENTACION,eb534726a5982528b4b37371eade51c6ca979ba5e8fe10c63e4c0d90776cb432,Antes,746,RPM-2006-02-09,2006-02-09 00:00:00,Rodrigo Valdés Pulido,Pablo García Silva,SI,Ministro de Hacienda,Gerente de Análisis Macroeconómico,SI,,Gerente de Análisis Macroeconómico,LISTA_ASISTENCIA,,SUJETO_NOMBRE,4,"En cuanto al crecimiento del crédito, indica el señor García, que en el caso de los otorgados a las personas, éstos están creciendo en torno a 23%, el de las empresas en torno al 15% y las velocidades de dichos crecimientos se mantienen también en niveles muy elevados. En tanto, las tasas de las letras de crédito han mostrado una caída desde el punto más alto que correspondió al mes de noviembre de 2005; el crédito comercial, agrega, se ha mantenido bastante estable y el costo del financiamiento no se ha seguido incrementando en los últimos meses.",Análisis de actividad económica doméstica y demanda,actividad_interna,actividad interna,actividad_interna,NO,NO,NO,Rol según lista de asistencia: Gerente de Análisis Macroeconómico,RPM-2006-02-09:586:2,2,XLSX_ORIGINAL,NO,NO,RPM-2006-02-09:586:B2,SIN_ALERTAS_AUTOMATICAS,,RPM-2006-02-09:T21,INICIO_EXPLICITO,,RPM-2006-02-09:586:2
586,RESEGMENTACION,eb534726a5982528b4b37371eade51c6ca979ba5e8fe10c63e4c0d90776cb432,Antes,747,RPM-2006-02-09,2006-02-09 00:00:00,Rodrigo Valdés Pulido,Manuel Marfán Lewis,SI,Ministro de Hacienda,Consejero,SI,,Consejero,LISTA_ASISTENCIA,,SUJETO_ROL_NOMBRE,4,"Sobre el particular, el Consejero señor Manuel Marfán estima que los créditos de consumo no son tan sensibles a ios cambios de tasa de interés, ya que si lo fueran, no habría créditos de consumo con las tasas actuales. Agrega, que le parece que el vínculo macroeconómico que existe entre la Tasa de Política del Banco Central y la tasa de consumo, no es por el efecto sobre las tasas de interés, sino que tiene que ver más bien con la incidencia del resto de las variables que afectan al consumo, ya que si no se consideran las tasas de interés, se aprecia que las otras tasas sí han venido aumentando los últimos meses. Por lo anterior, concluye el señor Marfán, que las demás tasas de interés correspondientes a créditos hipotecarios y comerciales, sí han venido aumentando y solamente las de consumo se mantienen estables, pero estas últimas, para los efectos de este tipo de análisis, cree que no son relevantes.",Análisis de actividad económica doméstica y demanda,actividad_interna,actividad interna,actividad_interna,NO,NO,NO,Rol según lista de asistencia: Consejero,RPM-2006-02-09:586:3,3,XLSX_ORIGINAL,NO,NO,RPM-2006-02-09:586:B3,SIN_ALERTAS_AUTOMATICAS,,RPM-2006-02-09:T22,INICIO_EXPLICITO,,RPM-2006-02-09:586:3
586,RESEGMENTACION,eb534726a5982528b4b37371eade51c6ca979ba5e8fe10c63e4c0d90776cb432,Antes,748,RPM-2006-02-09,2006-02-09 00:00:00,Rodrigo Valdés Pulido,Pablo García Silva,SI,Ministro de Hacienda,Gerente de Análisis Macroeconómico,SI,,Gerente de Análisis Macroeconómico,LISTA_ASISTENCIA,,SUJETO_ROL_NOMBRE,4,"En cuanto a la demanda agregada, indica el Gerente señor García, que la expectativa de los consumidores es muy positiva, como lo refleja la información de la Universidad de Chile y también del Ipec y ambos están en los niveles más altos desde el año 1999, siendo este último tal vez el más notorio. En cuanto a cierta desaceleración de la trayectoria del consumo, estima que ella responde fundamentalmente al componente automotriz, debido a que las ventas en este rubro tuvieron una caída en su variación en 12 meses, bastante significativa, como lo refleja el indicador de ventas de la Enac y los datos del INE.",Análisis de actividad económica doméstica y demanda,actividad_interna,actividad interna,actividad_interna,NO,NO,NO,Rol según lista de asistencia: Gerente de Análisis Macroeconómico,RPM-2006-02-09:586:4,4,XLSX_ORIGINAL,NO,NO,RPM-2006-02-09:586:B4,SIN_ALERTAS_AUTOMATICAS,,RPM-2006-02-09:T23,INICIO_EXPLICITO,,RPM-2006-02-09:586:4
586,RESEGMENTACION,eb534726a5982528b4b37371eade51c6ca979ba5e8fe10c63e4c0d90776cb432,Despues,745,RPM-2006-02-09,2006-02-09 00:00:00,Rodrigo Valdés Pulido,Nicolás Eyzaguirre Guzmán,SI,Ministro de Hacienda,Ministro de Hacienda,NO,,Ministro de Hacienda,LISTA_ASISTENCIA,,SUJETO_ROL_SESION,4,"El señor Ministro de Hacienda señala que cuando se han producido cambios tan fuertes de la tasa, como ocurrió en los años 1997 y 1999, probablemente es más difícil determinar cuál es nivel de la tasa neutral.",Análisis de actividad económica doméstica y demanda,actividad_interna,actividad interna,actividad_interna,NO,NO,NO,Rol según lista de asistencia: Ministro de Hacienda,RPM-2006-02-09:586:1,1,XLSX_ORIGINAL,NO,NO,RPM-2006-02-09:586:B1,SIN_ALERTAS_AUTOMATICAS,,RPM-2006-02-09:T20,INICIO_EXPLICITO,,RPM-2006-02-09:586:1
586,RESEGMENTACION,eb534726a5982528b4b37371eade51c6ca979ba5e8fe10c63e4c0d90776cb432,Despues,746,RPM-2006-02-09,2006-02-09 00:00:00,Rodrigo Valdés Pulido,Manuel Marfán Lewis,SI,Ministro de Hacienda,Consejero,SI,,Consejero,LISTA_ASISTENCIA,,CONTEXTO_REVISADO,4,"Al Consejero señor Marfán, le parece que el problema consiste en que la tasa neutral no es constante en el ciclo. Cree que a lo mejor la tasa de política económica que mantiene la economía en el estado actual, no es necesariamente la misma tasa que la sustenta en su equilibrio estacionario. Agrega que se trata de una discusión que se produjo hace algunos meses y se está usando una tasa de interés neutral que es distinta a la que se supone debería regir en el largo plazo. Concluye que habría que establecer los fundamentos de los cuales depende la tasa de interés neutral de corto plazo.",Análisis de actividad económica doméstica y demanda,actividad_interna,actividad interna,actividad_interna,NO,NO,NO,Hablante por contexto documentado: HAB-20260908-L25-586-209 (data/curation/revisiones_hablantes.json; no cotejo PDF); Rol según lista de asistencia: Consejero,RPM-2006-02-09:586:2,2,XLSX_ORIGINAL,NO,NO,RPM-2006-02-09:586:B2,SIN_ALERTAS_AUTOMATICAS,,RPM-2006-02-09:T21,SIN_CONTINUIDAD_CONFIRMADA,,
586,RESEGMENTACION,eb534726a5982528b4b37371eade51c6ca979ba5e8fe10c63e4c0d90776cb432,Despues,747,RPM-2006-02-09,2006-02-09 00:00:00,Rodrigo Valdés Pulido,Pablo García Silva,SI,Ministro de Hacienda,Gerente de Análisis Macroeconómico,SI,,Gerente de Análisis Macroeconómico,LISTA_ASISTENCIA,,SUJETO_NOMBRE,4,"En cuanto al crecimiento del crédito, indica el señor García, que en el caso de los otorgados a las personas, éstos están creciendo en torno a 23%, el de las empresas en torno al 15% y las velocidades de dichos crecimientos se mantienen también en niveles muy elevados. En tanto, las tasas de las letras de crédito han mostrado una caída desde el punto más alto que correspondió al mes de noviembre de 2005; el crédito comercial, agrega, se ha mantenido bastante estable y el costo del financiamiento no se ha seguido incrementando en los últimos meses.",Análisis de actividad económica doméstica y demanda,actividad_interna,actividad interna,actividad_interna,NO,NO,NO,Rol según lista de asistencia: Gerente de Análisis Macroeconómico,RPM-2006-02-09:586:3,3,XLSX_ORIGINAL,NO,NO,RPM-2006-02-09:586:B3,SIN_ALERTAS_AUTOMATICAS,,RPM-2006-02-09:T22,INICIO_EXPLICITO,,RPM-2006-02-09:586:3
586,RESEGMENTACION,eb534726a5982528b4b37371eade51c6ca979ba5e8fe10c63e4c0d90776cb432,Despues,748,RPM-2006-02-09,2006-02-09 00:00:00,Rodrigo Valdés Pulido,Manuel Marfán Lewis,SI,Ministro de Hacienda,Consejero,SI,,Consejero,LISTA_ASISTENCIA,,SUJETO_ROL_NOMBRE,4,"Sobre el particular, el Consejero señor Manuel Marfán estima que los créditos de consumo no son tan sensibles a ios cambios de tasa de interés, ya que si lo fueran, no habría créditos de consumo con las tasas actuales. Agrega, que le parece que el vínculo macroeconómico que existe entre la Tasa de Política del Banco Central y la tasa de consumo, no es por el efecto sobre las tasas de interés, sino que tiene que ver más bien con la incidencia del resto de las variables que afectan al consumo, ya que si no se consideran las tasas de interés, se aprecia que las otras tasas sí han venido aumentando los últimos meses. Por lo anterior, concluye el señor Marfán, que las demás tasas de interés correspondientes a créditos hipotecarios y comerciales, sí han venido aumentando y solamente las de consumo se mantienen estables, pero estas últimas, para los efectos de este tipo de análisis, cree que no son relevantes.",Análisis de actividad económica doméstica y demanda,actividad_interna,actividad interna,actividad_interna,NO,NO,NO,Rol según lista de asistencia: Consejero,RPM-2006-02-09:586:4,4,XLSX_ORIGINAL,NO,NO,RPM-2006-02-09:586:B4,SIN_ALERTAS_AUTOMATICAS,,RPM-2006-02-09:T23,INICIO_EXPLICITO,,RPM-2006-02-09:586:4
586,RESEGMENTACION,eb534726a5982528b4b37371eade51c6ca979ba5e8fe10c63e4c0d90776cb432,Despues,749,RPM-2006-02-09,2006-02-09 00:00:00,Rodrigo Valdés Pulido,Pablo García Silva,SI,Ministro de Hacienda,Gerente de Análisis Macroeconómico,SI,,Gerente de Análisis Macroeconómico,LISTA_ASISTENCIA,,SUJETO_ROL_NOMBRE,4,"En cuanto a la demanda agregada, indica el Gerente señor García, que la expectativa de los consumidores es muy positiva, como lo refleja la información de la Universidad de Chile y también del Ipec y ambos están en los niveles más altos desde el año 1999, siendo este último tal vez el más notorio. En cuanto a cierta desaceleración de la trayectoria del consumo, estima que ella responde fundamentalmente al componente automotriz, debido a que las ventas en este rubro tuvieron una caída en su variación en 12 meses, bastante significativa, como lo refleja el indicador de ventas de la Enac y los datos del INE.",Análisis de actividad económica doméstica y demanda,actividad_interna,actividad interna,actividad_interna,NO,NO,NO,Rol según lista de asistencia: Gerente de Análisis Macroeconómico,RPM-2006-02-09:586:5,5,XLSX_ORIGINAL,NO,NO,RPM-2006-02-09:586:B5,SIN_ALERTAS_AUTOMATICAS,,RPM-2006-02-09:T24,INICIO_EXPLICITO,,RPM-2006-02-09:586:5
1004,ADVERTENCIA_SIN_REASIGNACION,2f819a38ca9ab8a978874939de938a9d642d4073e9bf3bbd8e4c0eb22f60a2a5,Antes,1314,RPM-2006-12-14,2006-12-14 00:00:00,Manuel Marfán Lewis,Manuel Marfán Lewis,NO,Vicepresidente del Banco Central,Consejero,SI,,Consejero,LISTA_ASISTENCIA,,SUJETO_ROL_NOMBRE,10,"El Consejero señor Manuel Marfán menciona que la hipótesis que ha planteado en alguna oportunidad, que el gran crecimiento de China, liderado por sus exportaciones, aporta al crecimiento mundial, pero también produce algún crowding out en otros países. Señala que el asunto que plantea el Gerente de División señor Valdés también es una historia de crowding out y, frente a ello lo que se señaló como hipótesis es que Chile también estaba perdiendo competitividad frente a nuestros vecinos. Lo anterior, se observa menos porque V Por otra parte, el Consejero señor Marfán señala que, en su opinión, el valor de las importaciones sube porque la demanda interna por bienes de esa categoría importable aumenta, ya que son más baratos; la producción nacional cae; y, por lo tanto, las importaciones necesariamente tienen que subir incluso en valor. Por consiguiente, el valor de las importaciones subiría y si éste sube requerimos importar más porque el efecto cantidad es enorme y el efecto precio es más bien bajo. Agrega también, que si se colocan estos antecedentes en cualquiera de los modelos del tipo de cambio real, el resultado está dentro del rango estadístico y no se traduce en nada significativo. En consecuencia, tiene la impresión, que se tiene que tener la conciencia tranquila de que el problema no es el tipo de cambio, sino que más bien es que se tiene un cambio estructural en los mercados internacionales.",Evolución de mercados financieros y tipo de cambio,mercados_financieros,mercados financieros,mercados_financieros,NO,NO,NO,Rol según lista de asistencia: Consejero,RPM-2006-12-14:1004:1,1,XLSX_ORIGINAL,NO,NO,RPM-2006-12-14:1004:B1,SIN_ALERTAS_AUTOMATICAS,,RPM-2006-12-14:T30,INICIO_EXPLICITO,,RPM-2006-12-14:1004:1
1004,ADVERTENCIA_SIN_REASIGNACION,2f819a38ca9ab8a978874939de938a9d642d4073e9bf3bbd8e4c0eb22f60a2a5,Despues,1315,RPM-2006-12-14,2006-12-14 00:00:00,Manuel Marfán Lewis,Manuel Marfán Lewis,NO,Vicepresidente del Banco Central,Consejero,SI,,Consejero,LISTA_ASISTENCIA,,SUJETO_ROL_NOMBRE,10,"El Consejero señor Manuel Marfán menciona que la hipótesis que ha planteado en alguna oportunidad, que el gran crecimiento de China, liderado por sus exportaciones, aporta al crecimiento mundial, pero también produce algún crowding out en otros países. Señala que el asunto que plantea el Gerente de División señor Valdés también es una historia de crowding out y, frente a ello lo que se señaló como hipótesis es que Chile también estaba perdiendo competitividad frente a nuestros vecinos. Lo anterior, se observa menos porque V Por otra parte, el Consejero señor Marfán señala que, en su opinión, el valor de las importaciones sube porque la demanda interna por bienes de esa categoría importable aumenta, ya que son más baratos; la producción nacional cae; y, por lo tanto, las importaciones necesariamente tienen que subir incluso en valor. Por consiguiente, el valor de las importaciones subiría y si éste sube requerimos importar más porque el efecto cantidad es enorme y el efecto precio es más bien bajo. Agrega también, que si se colocan estos antecedentes en cualquiera de los modelos del tipo de cambio real, el resultado está dentro del rango estadístico y no se traduce en nada significativo. En consecuencia, tiene la impresión, que se tiene que tener la conciencia tranquila de que el problema no es el tipo de cambio, sino que más bien es que se tiene un cambio estructural en los mercados internacionales.",Evolución de mercados financieros y tipo de cambio,mercados_financieros,mercados financieros,mercados_financieros,NO,NO,NO,Rol según lista de asistencia: Consejero,RPM-2006-12-14:1004:1,1,XLSX_ORIGINAL,NO,NO,RPM-2006-12-14:1004:B1,PENDIENTE_REVISION,TEXTO_DANADO_POR_COTEJAR,RPM-2006-12-14:T30,INICIO_EXPLICITO,,RPM-2006-12-14:1004:1
1627,RESEGMENTACION,84501321e452c5fe0d53aeb03521c25dfcec6d2f7425344c056c0eb98350caaa,Antes,2189,RPM-2008-01-10,2008-01-10 00:00:00,Beltrán de Ramón Acevedo,Beltrán de Ramón Acevedo,NO,Gerente de División Operaciones Financieras,Gerente de Mercados Financieros Nacionales,SI,,Gerente de Mercados Financieros Nacionales,LISTA_ASISTENCIA,,SUJETO_ROL_NOMBRE,10,"El Gerente de Mercados Financieros Nacionales señor Beltrán De Ramón comparte lo señalado por el Consejero señor Marfán, pero agrega que dado que la Política Monetaria es nominal, se debería esperar que los premios mencionados estuvieran en la parte corta de la curva en UF, más que en la parte corta de la curva nominal. En relación con lo señalado sobre los créditos bancarios a las empresas, el Consejero señor Enrique Marshall hizo presente que le parece importante conocer la razón para que aparezcan aumentando, e indica que ello podría ser solamente un efecto inflacionario.",Análisis macroeconómico y discusión de política monetaria,debate,discusión monetaria,debate,NO,NO,NO,Rol según lista de asistencia: Gerente de Mercados Financieros Nacionales,RPM-2008-01-10:1627:1,1,XLSX_ORIGINAL,NO,NO,RPM-2008-01-10:1627:B1,SIN_ALERTAS_AUTOMATICAS,,RPM-2008-01-10:T22,INICIO_EXPLICITO,,RPM-2008-01-10:1627:1
1627,RESEGMENTACION,84501321e452c5fe0d53aeb03521c25dfcec6d2f7425344c056c0eb98350caaa,Antes,2190,RPM-2008-01-10,2008-01-10 00:00:00,Beltrán de Ramón Acevedo,Pablo García Silva,SI,Gerente de División Operaciones Financieras,Gerente de División Estudios,SI,,Gerente de División Estudios,LISTA_ASISTENCIA,,SUJETO_ROL_NOMBRE,10,"Sobre el particular el Gerente de División Estudios señor García señala que habría que distinguir dos aspectos. Uno, es cómo se quiere presentar la información y que para ello hay que tener un estándar. Lo segundo, y que le parece la pregunta más interesante, es respecto a su implicancia. Agrega que, por ejemplo, si se está observando que el crédito hipotecario en UF estaría creciendo al mismo ritmo que se observa y que el precio de compra es el mismo, pero a un costo mayor, no necesariamente debe concluirse de ello que se está otorgando una mayor facilidad para obtener financiamiento para la vivienda.",Análisis macroeconómico y discusión de política monetaria,debate,discusión monetaria,debate,NO,NO,NO,Rol según lista de asistencia: Gerente de División Estudios,RPM-2008-01-10:1627:2,2,XLSX_ORIGINAL,NO,NO,RPM-2008-01-10:1627:B2,SIN_ALERTAS_AUTOMATICAS,,RPM-2008-01-10:T23,INICIO_EXPLICITO,,RPM-2008-01-10:1627:2
1627,RESEGMENTACION,84501321e452c5fe0d53aeb03521c25dfcec6d2f7425344c056c0eb98350caaa,Antes,2191,RPM-2008-01-10,2008-01-10 00:00:00,Beltrán de Ramón Acevedo,Beltrán de Ramón Acevedo,NO,Gerente de División Operaciones Financieras,Gerente de Mercados Financieros Nacionales,SI,,Gerente de Mercados Financieros Nacionales,LISTA_ASISTENCIA,,SUJETO_ROL_NOMBRE,10,"El Gerente señor De Ramón indica sobre esta materia que este año se retorna a tasas de crecimiento históricamente altas, con una pequeña baja en los créditos de consumo no bancarios durante el 2006 y que se retoma en el 2007, pero que en el efecto total sumado el no bancario, hay una desaceleración de los créditos de consumo.",Análisis macroeconómico y discusión de política monetaria,debate,discusión monetaria,debate,NO,NO,NO,Rol según lista de asistencia: Gerente de Mercados Financieros Nacionales,RPM-2008-01-10:1627:3,3,XLSX_ORIGINAL,NO,NO,RPM-2008-01-10:1627:B3,SIN_ALERTAS_AUTOMATICAS,,RPM-2008-01-10:T24,INICIO_EXPLICITO,,RPM-2008-01-10:1627:3
1627,RESEGMENTACION,84501321e452c5fe0d53aeb03521c25dfcec6d2f7425344c056c0eb98350caaa,Antes,2192,RPM-2008-01-10,2008-01-10 00:00:00,Beltrán de Ramón Acevedo,Manuel Marfán Lewis,SI,Gerente de División Operaciones Financieras,Consejero,SI,,Consejero,LISTA_ASISTENCIA,,SUJETO_ROL_NOMBRE,10,"Con respecto al Tipo Cambio Multilateral, el Consejero señor Marfán señala que se debería sacar a todos los países que están atados al dólar y que están haciendo un esfuerzo por mantener su paridad respecto a dicha moneda, como también a los países dolarizados como Ecuador, El Salvador y otros. Señala que lo interesante es determinar dónde se está haciendo la contrapartida del ajuste de la depreciación del dólar. En tal escenario, se dice que Chile está más bien dentro de los países que han hecho menos ajustes.",Análisis macroeconómico y discusión de política monetaria,debate,discusión monetaria,debate,NO,NO,NO,Rol según lista de asistencia: Consejero,RPM-2008-01-10:1627:4,4,XLSX_ORIGINAL,NO,NO,RPM-2008-01-10:1627:B4,SIN_ALERTAS_AUTOMATICAS,,RPM-2008-01-10:T25,INICIO_EXPLICITO,,RPM-2008-01-10:1627:4
1627,RESEGMENTACION,84501321e452c5fe0d53aeb03521c25dfcec6d2f7425344c056c0eb98350caaa,Despues,2190,RPM-2008-01-10,2008-01-10 00:00:00,Beltrán de Ramón Acevedo,Beltrán de Ramón Acevedo,NO,Gerente de División Operaciones Financieras,Gerente de Mercados Financieros Nacionales,SI,,Gerente de Mercados Financieros Nacionales,LISTA_ASISTENCIA,,SUJETO_ROL_NOMBRE,10,"El Gerente de Mercados Financieros Nacionales señor Beltrán De Ramón comparte lo señalado por el Consejero señor Marfán, pero agrega que dado que la Política Monetaria es nominal, se debería esperar que los premios mencionados estuvieran en la parte corta de la curva en UF, más que en la parte corta de la curva nominal.",Análisis macroeconómico y discusión de política monetaria,debate,discusión monetaria,debate,NO,NO,NO,Rol según lista de asistencia: Gerente de Mercados Financieros Nacionales,RPM-2008-01-10:1627:1,1,XLSX_ORIGINAL,NO,NO,RPM-2008-01-10:1627:B1,SIN_ALERTAS_AUTOMATICAS,,RPM-2008-01-10:T22,INICIO_EXPLICITO,,RPM-2008-01-10:1627:1
1627,RESEGMENTACION,84501321e452c5fe0d53aeb03521c25dfcec6d2f7425344c056c0eb98350caaa,Despues,2191,RPM-2008-01-10,2008-01-10 00:00:00,Beltrán de Ramón Acevedo,Enrique Marshall Rivera,SI,Gerente de División Operaciones Financieras,Consejero,SI,,Consejero,LISTA_ASISTENCIA,,CONTEXTO_REVISADO,10,"En relación con lo señalado sobre los créditos bancarios a las empresas, el Consejero señor Enrique Marshall hizo presente que le parece importante conocer la razón para que aparezcan aumentando, e indica que ello podría ser solamente un efecto inflacionario.",Análisis macroeconómico y discusión de política monetaria,debate,discusión monetaria,debate,NO,NO,NO,Hablante por contexto documentado: HAB-20260908-L25-1627-322 (data/curation/revisiones_hablantes.json; no cotejo PDF); Rol según lista de asistencia: Consejero,RPM-2008-01-10:1627:2,2,XLSX_ORIGINAL,NO,NO,RPM-2008-01-10:1627:B2,SIN_ALERTAS_AUTOMATICAS,,RPM-2008-01-10:T23,SIN_CONTINUIDAD_CONFIRMADA,,
1627,RESEGMENTACION,84501321e452c5fe0d53aeb03521c25dfcec6d2f7425344c056c0eb98350caaa,Despues,2192,RPM-2008-01-10,2008-01-10 00:00:00,Beltrán de Ramón Acevedo,Pablo García Silva,SI,Gerente de División Operaciones Financieras,Gerente de División Estudios,SI,,Gerente de División Estudios,LISTA_ASISTENCIA,,SUJETO_ROL_NOMBRE,10,"Sobre el particular el Gerente de División Estudios señor García señala que habría que distinguir dos aspectos. Uno, es cómo se quiere presentar la información y que para ello hay que tener un estándar. Lo segundo, y que le parece la pregunta más interesante, es respecto a su implicancia. Agrega que, por ejemplo, si se está observando que el crédito hipotecario en UF estaría creciendo al mismo ritmo que se observa y que el precio de compra es el mismo, pero a un costo mayor, no necesariamente debe concluirse de ello que se está otorgando una mayor facilidad para obtener financiamiento para la vivienda.",Análisis macroeconómico y discusión de política monetaria,debate,discusión monetaria,debate,NO,NO,NO,Rol según lista de asistencia: Gerente de División Estudios,RPM-2008-01-10:1627:3,3,XLSX_ORIGINAL,NO,NO,RPM-2008-01-10:1627:B3,SIN_ALERTAS_AUTOMATICAS,,RPM-2008-01-10:T24,INICIO_EXPLICITO,,RPM-2008-01-10:1627:3
1627,RESEGMENTACION,84501321e452c5fe0d53aeb03521c25dfcec6d2f7425344c056c0eb98350caaa,Despues,2193,RPM-2008-01-10,2008-01-10 00:00:00,Beltrán de Ramón Acevedo,Beltrán de Ramón Acevedo,NO,Gerente de División Operaciones Financieras,Gerente de Mercados Financieros Nacionales,SI,,Gerente de Mercados Financieros Nacionales,LISTA_ASISTENCIA,,SUJETO_ROL_NOMBRE,10,"El Gerente señor De Ramón indica sobre esta materia que este año se retorna a tasas de crecimiento históricamente altas, con una pequeña baja en los créditos de consumo no bancarios durante el 2006 y que se retoma en el 2007, pero que en el efecto total sumado el no bancario, hay una desaceleración de los créditos de consumo.",Análisis macroeconómico y discusión de política monetaria,debate,discusión monetaria,debate,NO,NO,NO,Rol según lista de asistencia: Gerente de Mercados Financieros Nacionales,RPM-2008-01-10:1627:4,4,XLSX_ORIGINAL,NO,NO,RPM-2008-01-10:1627:B4,SIN_ALERTAS_AUTOMATICAS,,RPM-2008-01-10:T25,INICIO_EXPLICITO,,RPM-2008-01-10:1627:4
1627,RESEGMENTACION,84501321e452c5fe0d53aeb03521c25dfcec6d2f7425344c056c0eb98350caaa,Despues,2194,RPM-2008-01-10,2008-01-10 00:00:00,Beltrán de Ramón Acevedo,Manuel Marfán Lewis,SI,Gerente de División Operaciones Financieras,Consejero,SI,,Consejero,LISTA_ASISTENCIA,,SUJETO_ROL_NOMBRE,10,"Con respecto al Tipo Cambio Multilateral, el Consejero señor Marfán señala que se debería sacar a todos los países que están atados al dólar y que están haciendo un esfuerzo por mantener su paridad respecto a dicha moneda, como también a los países dolarizados como Ecuador, El Salvador y otros. Señala que lo interesante es determinar dónde se está haciendo la contrapartida del ajuste de la depreciación del dólar. En tal escenario, se dice que Chile está más bien dentro de los países que han hecho menos ajustes.",Análisis macroeconómico y discusión de política monetaria,debate,discusión monetaria,debate,NO,NO,NO,Rol según lista de asistencia: Consejero,RPM-2008-01-10:1627:5,5,XLSX_ORIGINAL,NO,NO,RPM-2008-01-10:1627:B5,SIN_ALERTAS_AUTOMATICAS,,RPM-2008-01-10:T26,INICIO_EXPLICITO,,RPM-2008-01-10:1627:5
1680,REASIGNACION_SIN_NUEVAS_FILAS,d03a63cbdafce42ccaa728114e3ad6c1cc42255efd39ff0a3e53578b10095223,Antes,2276,RPM-2008-02-07,2008-02-07 00:00:00,Enrique Marshall Rivera,Enrique Marshall Rivera,NO,Consejero,Consejero,NO,,Consejero,LISTA_ASISTENCIA,,SUJETO_ROL_NOMBRE,24,"El Consejero señor Enrique Marshall agradece al staffe\ material preparado para esta ocasión. Señala el Consejero señor Marshall que el escenario externo se ha vuelto a deteriorar, e indica que las últimas cifras conocidas para los Estados Unidos de América muestran un ajuste generalizado y bastante significativo, que explica la reacción de política de sus autoridades y, en particular, el fuerte recorte en la Tasa de Política Monetaria. Agrega que, con matices entre regiones, las perspectivas apuntan a un menor crecimiento a nivel global. Comenta también que las noticias más importantes han provenido de los mercados financieros, los que se han visto afectados por nuevas turbulencias. Indica que esta vez, los mercados más afectados han sido los bursátiles, los que han observado significativas correcciones y altísimas volatilidades. Agrega que en este contexto, los rendimientos de los títulos de gobierno en los países desarrollados y, particularmente en Estados Unidos de América, han vuelto a caer, mientras las primas por riesgo para otros emisores han aumentado. Menciona que no obstante lo anterior, la preocupación por la inflación sigue presente, en tanto los precios de los commodities permanecen en niveles elevados y algunos de ellos vuelven a subir en el transcurso del último mes. Señala el Consejero señor Marshall que atenúa este cuadro, la evolución del precio del petróleo que mostró una caída en el curso del último mes. Le parece que junto con el deterioro observado, los riesgos para la economía global también han aumentado. La probabilidad de un ajuste más severo en los Estados Unidos de América, con el consiguiente impacto sobre otras regiones, se ha elevado. Indica que en el frente interno, las noticias más importantes fueron la sorpresa inflacionaria de enero, el bajo registro del IMACEC de diciembre y la significativa apreciación cambiaría de las últimas semanas. Por otra parte, los agregados monetarios y crediticios siguen mostrando tasas de crecimiento elevadas, sin embargo la evolución de las tasas de interés y de los estándares de otorgamiento de crédito, dan cuenta de un gradual proceso de ajuste. El Consejero señor Marshall agrega que por otra parte, el peso se ha apreciado significativamente en el curso del último mes, lo que respondería en parte al diferencial de tasas que se ha producido con los Estados Unidos de América después de las noticias de inflación y crecimiento que se conocieron esta semana, y el mercado reaccionó revirtiendo una parte de la apreciación previamente observada. Comenta el Consejero señor Marshall que la actividad interna crece moderadamente y parece confirmarse la tendencia de los sectores que venían mostrando un bajo dinamismo, como son los relacionados con recursos naturales y la industria. La demanda interna, en cambio, mantiene su dinamismo y las importaciones crecen a tasas más bien elevadas. Por otro lado, el mercado laboral entrega señales de mayores holguras, la fuerza de trabajo se expande a tasas más altas que en el pasado y la tasa de desocupación se mantiene en una tendencia al alza. Congruente con ello, los salarios no muestran cambios significativos en sus tasas de crecimiento, las que se aprecian como normales considerando el nivel de la inflación y los mecanismos de indexación habituales. Asimismo indica, que la variación mensual del IPC sorprendió a la baja en enero, por factores bastante puntuales. La variación anual, sin embargo, se mantiene alta y distante de la meta. Agrega el Consejero señor Marshall que como es usual, el mercado ha reaccionado a las últimas cifras y ha revisado sus expectativas de inflación para los plazos más cortos. Las expectativas de largo plazo y, en particular, las que se obtienen de las encuestas, se han vuelto a ubicar en 3%. Señala que concordante con lo anterior, las expectativas para la Tasa de Política Monetaria se han ajustado. La encuesta de este mes, posterior a las noticias de inflación y actividad, no contempla alzas y ha incorporado una eventual baja hacia fines de año. Por su parte, los precios de los activos anticipan un sólo aumento de 25 puntos base que se revertiría hacia fines de año. En todo caso, le parece que para esta Reunión la inmensa mayoría del mercado no espera cambios en el nivel de la Tasa de Política Monetaria. Con estos antecedentes, el Consejero señor Marshall, señala que la opción de política que surge con mayor claridad es la de mantener la tasa en su actual nivel. Agrega que por de pronto, descarta una baja de la referida tasa porque la inflación sigue siendo muy alta y una relajación de la política monetaria, en medio de un proceso de ajuste en marcha que aún está lejos de concluir, aumentaría los riesgos de propagación que son precisamente los que se han buscado mitigar en los últimos meses. Por otro lado, comenta el señor Consejero que las noticias del último mes plantean la necesidad de evaluar con atención algunos desarrollos que podrían tener un impacto significativo sobre la trayectoria de la inflación. El más importante de ellos es la apreciación cambiaría, pero también parece pertinente contar con mayor información sobre la trayectoria de la actividad y la evolución del escenario externo. Por lo tanto, lo más prudente en este caso, es esperar para contar con mayor información antes de tomar una decisión, dado que los riesgos asociados a esta opción no parecen altos. Finalmente, el Consejero señor Marshall, señala que habría que agregar adicionalmente que una decisión distinta sorprendería al mercado y podría generar efectos adversos. Asimismo, le parece que en lo que se refiere a la orientación o sesgo de la política monetaria, los nuevos antecedentes son todavía insuficientes para sostener un cambio. Sin embargo, estima que de persistir algunas de las tendencias observadas, los ajustes adicionales sugeridos o anticipados en el último IPoM podrían no resultar necesarios. Por consiguiente, su voto es mantener la Tasa de Política Monetaria en 6,25%.",Votación y fundamentos de la decisión de política monetaria,decision_tpm,votación tpm,decision_tpm,NO,NO,NO,Rol según lista de asistencia: Consejero,RPM-2008-02-07:1680:1,1,XLSX_ORIGINAL,NO,NO,RPM-2008-02-07:1680:B1,SIN_ALERTAS_AUTOMATICAS,,RPM-2008-02-07:T61,INICIO_EXPLICITO,,RPM-2008-02-07:1680:1
1680,REASIGNACION_SIN_NUEVAS_FILAS,d03a63cbdafce42ccaa728114e3ad6c1cc42255efd39ff0a3e53578b10095223,Antes,2277,RPM-2008-02-07,2008-02-07 00:00:00,Enrique Marshall Rivera,Consejo del Banco Central de Chile,SI,Consejero,Consejo,SI,,,ACTA_INSTITUCIONAL,ACTA_INSTITUCIONAL,ACTA/META,24,"Se deja constancia que en este acto, la señora Ministra de Hacienda Subrogante, doña María Olivia Recart hace presente al señor Presidente del Banco que por razones inherentes a su cargo, debe retirarse de la sala antes del término de la Sesión.",Votación y fundamentos de la decisión de política monetaria,decision_tpm,votación tpm,decision_tpm,NO,NO,NO,,RPM-2008-02-07:1680:2,2,XLSX_ORIGINAL,NO,NO,RPM-2008-02-07:1680:B2,SIN_ALERTAS_AUTOMATICAS,,RPM-2008-02-07:T62,INSTITUCIONAL,,
1680,REASIGNACION_SIN_NUEVAS_FILAS,d03a63cbdafce42ccaa728114e3ad6c1cc42255efd39ff0a3e53578b10095223,Despues,2278,RPM-2008-02-07,2008-02-07 00:00:00,Enrique Marshall Rivera,Enrique Marshall Rivera,NO,Consejero,Consejero,NO,,Consejero,LISTA_ASISTENCIA,,SUJETO_ROL_NOMBRE,24,"El Consejero señor Enrique Marshall agradece al staffe\ material preparado para esta ocasión. Señala el Consejero señor Marshall que el escenario externo se ha vuelto a deteriorar, e indica que las últimas cifras conocidas para los Estados Unidos de América muestran un ajuste generalizado y bastante significativo, que explica la reacción de política de sus autoridades y, en particular, el fuerte recorte en la Tasa de Política Monetaria. Agrega que, con matices entre regiones, las perspectivas apuntan a un menor crecimiento a nivel global. Comenta también que las noticias más importantes han provenido de los mercados financieros, los que se han visto afectados por nuevas turbulencias. Indica que esta vez, los mercados más afectados han sido los bursátiles, los que han observado significativas correcciones y altísimas volatilidades. Agrega que en este contexto, los rendimientos de los títulos de gobierno en los países desarrollados y, particularmente en Estados Unidos de América, han vuelto a caer, mientras las primas por riesgo para otros emisores han aumentado. Menciona que no obstante lo anterior, la preocupación por la inflación sigue presente, en tanto los precios de los commodities permanecen en niveles elevados y algunos de ellos vuelven a subir en el transcurso del último mes. Señala el Consejero señor Marshall que atenúa este cuadro, la evolución del precio del petróleo que mostró una caída en el curso del último mes. Le parece que junto con el deterioro observado, los riesgos para la economía global también han aumentado. La probabilidad de un ajuste más severo en los Estados Unidos de América, con el consiguiente impacto sobre otras regiones, se ha elevado. Indica que en el frente interno, las noticias más importantes fueron la sorpresa inflacionaria de enero, el bajo registro del IMACEC de diciembre y la significativa apreciación cambiaría de las últimas semanas. Por otra parte, los agregados monetarios y crediticios siguen mostrando tasas de crecimiento elevadas, sin embargo la evolución de las tasas de interés y de los estándares de otorgamiento de crédito, dan cuenta de un gradual proceso de ajuste. El Consejero señor Marshall agrega que por otra parte, el peso se ha apreciado significativamente en el curso del último mes, lo que respondería en parte al diferencial de tasas que se ha producido con los Estados Unidos de América después de las noticias de inflación y crecimiento que se conocieron esta semana, y el mercado reaccionó revirtiendo una parte de la apreciación previamente observada. Comenta el Consejero señor Marshall que la actividad interna crece moderadamente y parece confirmarse la tendencia de los sectores que venían mostrando un bajo dinamismo, como son los relacionados con recursos naturales y la industria. La demanda interna, en cambio, mantiene su dinamismo y las importaciones crecen a tasas más bien elevadas. Por otro lado, el mercado laboral entrega señales de mayores holguras, la fuerza de trabajo se expande a tasas más altas que en el pasado y la tasa de desocupación se mantiene en una tendencia al alza. Congruente con ello, los salarios no muestran cambios significativos en sus tasas de crecimiento, las que se aprecian como normales considerando el nivel de la inflación y los mecanismos de indexación habituales. Asimismo indica, que la variación mensual del IPC sorprendió a la baja en enero, por factores bastante puntuales. La variación anual, sin embargo, se mantiene alta y distante de la meta. Agrega el Consejero señor Marshall que como es usual, el mercado ha reaccionado a las últimas cifras y ha revisado sus expectativas de inflación para los plazos más cortos. Las expectativas de largo plazo y, en particular, las que se obtienen de las encuestas, se han vuelto a ubicar en 3%. Señala que concordante con lo anterior, las expectativas para la Tasa de Política Monetaria se han ajustado. La encuesta de este mes, posterior a las noticias de inflación y actividad, no contempla alzas y ha incorporado una eventual baja hacia fines de año. Por su parte, los precios de los activos anticipan un sólo aumento de 25 puntos base que se revertiría hacia fines de año. En todo caso, le parece que para esta Reunión la inmensa mayoría del mercado no espera cambios en el nivel de la Tasa de Política Monetaria. Con estos antecedentes, el Consejero señor Marshall, señala que la opción de política que surge con mayor claridad es la de mantener la tasa en su actual nivel. Agrega que por de pronto, descarta una baja de la referida tasa porque la inflación sigue siendo muy alta y una relajación de la política monetaria, en medio de un proceso de ajuste en marcha que aún está lejos de concluir, aumentaría los riesgos de propagación que son precisamente los que se han buscado mitigar en los últimos meses. Por otro lado, comenta el señor Consejero que las noticias del último mes plantean la necesidad de evaluar con atención algunos desarrollos que podrían tener un impacto significativo sobre la trayectoria de la inflación. El más importante de ellos es la apreciación cambiaría, pero también parece pertinente contar con mayor información sobre la trayectoria de la actividad y la evolución del escenario externo. Por lo tanto, lo más prudente en este caso, es esperar para contar con mayor información antes de tomar una decisión, dado que los riesgos asociados a esta opción no parecen altos. Finalmente, el Consejero señor Marshall, señala que habría que agregar adicionalmente que una decisión distinta sorprendería al mercado y podría generar efectos adversos. Asimismo, le parece que en lo que se refiere a la orientación o sesgo de la política monetaria, los nuevos antecedentes son todavía insuficientes para sostener un cambio. Sin embargo, estima que de persistir algunas de las tendencias observadas, los ajustes adicionales sugeridos o anticipados en el último IPoM podrían no resultar necesarios. Por consiguiente, su voto es mantener la Tasa de Política Monetaria en 6,25%.",Votación y fundamentos de la decisión de política monetaria,decision_tpm,votación tpm,decision_tpm,NO,NO,NO,Rol según lista de asistencia: Consejero,RPM-2008-02-07:1680:1,1,XLSX_ORIGINAL,NO,NO,RPM-2008-02-07:1680:B1,SIN_ALERTAS_AUTOMATICAS,,RPM-2008-02-07:T61,INICIO_EXPLICITO,,RPM-2008-02-07:1680:1
1680,REASIGNACION_SIN_NUEVAS_FILAS,d03a63cbdafce42ccaa728114e3ad6c1cc42255efd39ff0a3e53578b10095223,Despues,2279,RPM-2008-02-07,2008-02-07 00:00:00,Enrique Marshall Rivera,María Olivia Recart Herrera,SI,Consejero,Ministra de Hacienda (S),SI,,Ministra de Hacienda (S),LISTA_ASISTENCIA,,CONTEXTO_REVISADO,24,"Se deja constancia que en este acto, la señora Ministra de Hacienda Subrogante, doña María Olivia Recart hace presente al señor Presidente del Banco que por razones inherentes a su cargo, debe retirarse de la sala antes del término de la Sesión.",Votación y fundamentos de la decisión de política monetaria,decision_tpm,votación tpm,decision_tpm,NO,NO,NO,Hablante por contexto documentado: HAB-20260908-L25-1680-5992 (data/curation/revisiones_hablantes.json; no cotejo PDF); Rol según lista de asistencia: Ministra de Hacienda (S),RPM-2008-02-07:1680:2,2,XLSX_ORIGINAL,NO,NO,RPM-2008-02-07:1680:B2,SIN_ALERTAS_AUTOMATICAS,,RPM-2008-02-07:T62,SIN_CONTINUIDAD_CONFIRMADA,,
2698,RESEGMENTACION,19b9feb37ada808287ae921ca729271300a7d788df66a3b803aa766fb2516532,Antes,3924,RPM-2009-09-08,2009-09-08 00:00:00,José De Gregorio Rebeco,José De Gregorio Rebeco,NO,Presidente del Banco Central,Presidente del Banco Central,NO,,Presidente del Banco Central,LISTA_ASISTENCIA,,SUJETO_ROL_NOMBRE,7,"El Presidente De Gregorio menciona que las variaciones anuales de los salarios nominales están cayendo y lo que ocurre es que la inflación ha caído mucho más rápido. Además, la inflación que disminuye no corresponde a precios de productores, sino que a ítems bien específicos, como la electricidad, la que aumentaría la demanda por trabajo. En razón de ello, sostiene que resulta complicada la interpretación.",Análisis del escenario macroeconómico internacional,escenario_internacional,escenario internacional,escenario_internacional,NO,NO,NO,Rol según lista de asistencia: Presidente del Banco Central,RPM-2009-09-08:2698:1,1,XLSX_ORIGINAL,NO,NO,RPM-2009-09-08:2698:B1,SIN_ALERTAS_AUTOMATICAS,,RPM-2009-09-08:T21,INICIO_EXPLICITO,,RPM-2009-09-08:2698:1
2698,RESEGMENTACION,19b9feb37ada808287ae921ca729271300a7d788df66a3b803aa766fb2516532,Antes,3925,RPM-2009-09-08,2009-09-08 00:00:00,José De Gregorio Rebeco,Sebastián Claro Edwards,SI,Presidente del Banco Central,Consejero,SI,,Consejero,LISTA_ASISTENCIA,,SUJETO_ROL_NOMBRE,7,"El Consejero señor Claro manifiesta que lo mismo ocurre con el ciclo opuesto, ya que si el aumento de la inflación estuvo muy afectado por la electricidad y por el petróleo, la caída de los salarios reales no fue necesariamente tal. Señala que su punto al respecto es que más allá de la evolución que está registrando el salario real, este está principalmente dominado por la evolución de la inflación, independiente de si se deflacta por el IPC o por alguna medida un poco más depurada de precios. Además, dice no saber si se ha efectuado alguna evaluación respecto de que, dados la brecha de productos y el nivel de desempleo, se debiera ver cierta evolución en los salarios reales. Dicho lo anterior, consulta si algún análisis indica que los salarios reales están permaneciendo elevados o si se observa alguna reacción. En opinión del Gerente de División de Estudios, señor Pablo García, más que por los salarios reales, que están determinados por lo que ocurre con la inflación, cabe preguntarse SI los salarios nominales están moviéndose por las cláusulas habituales más un extra, reflejando la situación cíclica. Al respecto, plantea que la variación de los salarios es consistente con la dinámica de la inflación. En el largo plazo, si se suponen los salarios reales constantes, eso debiese ser igual a 3%; en cambio, se ha observado que ha estado por debajo de 3% desde principios del año 2008. Agrega que más allá que estos hayan subido últimamente, los movimientos de los salarios nominales no han capturado en su totalidad lo que ha sido la evolución de la inflación. Una hipótesis es que justamente están reflejando, en parte, lo que ha sido una situación cíclica más débil; de hecho, los salarios nominales hacia fines del año pasado no capturaron el último rebote inflacionario que hubo, ya que nunca se produjo una subida de salarios nominales de 11 ó 12%, que es lo que perfectamente se podría haber predicho con las inflaciones imperantes en ese entonces. Sin embargo, ello no ocurrió, sino que se produjo un quiebre en la medida de los mismos. Ahora último, estos están acelerándose y mostrando una dinámica quizás mayor. Añade que no se sabe cuánto de eso es un problema en términos de los salarios reales en su nivel o cuánto es un problema de que el ciclo está cambiando, pero, en promedio, se puede decir que en el último año sí hay una gran dinámica de tasas nominales que ha capturado el efecto cíclico.",Análisis del escenario macroeconómico internacional,escenario_internacional,escenario internacional,escenario_internacional,NO,NO,NO,Rol según lista de asistencia: Consejero,RPM-2009-09-08:2698:2,2,XLSX_ORIGINAL,NO,NO,RPM-2009-09-08:2698:B2,SIN_ALERTAS_AUTOMATICAS,,RPM-2009-09-08:T22,INICIO_EXPLICITO,,RPM-2009-09-08:2698:2
2698,RESEGMENTACION,19b9feb37ada808287ae921ca729271300a7d788df66a3b803aa766fb2516532,Despues,3926,RPM-2009-09-08,2009-09-08 00:00:00,José De Gregorio Rebeco,José De Gregorio Rebeco,NO,Presidente del Banco Central,Presidente del Banco Central,NO,,Presidente del Banco Central,LISTA_ASISTENCIA,,SUJETO_ROL_NOMBRE,7,"El Presidente De Gregorio menciona que las variaciones anuales de los salarios nominales están cayendo y lo que ocurre es que la inflación ha caído mucho más rápido. Además, la inflación que disminuye no corresponde a precios de productores, sino que a ítems bien específicos, como la electricidad, la que aumentaría la demanda por trabajo. En razón de ello, sostiene que resulta complicada la interpretación.",Análisis del escenario macroeconómico internacional,escenario_internacional,escenario internacional,escenario_internacional,NO,NO,NO,Rol según lista de asistencia: Presidente del Banco Central,RPM-2009-09-08:2698:1,1,XLSX_ORIGINAL,NO,NO,RPM-2009-09-08:2698:B1,SIN_ALERTAS_AUTOMATICAS,,RPM-2009-09-08:T21,INICIO_EXPLICITO,,RPM-2009-09-08:2698:1
2698,RESEGMENTACION,19b9feb37ada808287ae921ca729271300a7d788df66a3b803aa766fb2516532,Despues,3927,RPM-2009-09-08,2009-09-08 00:00:00,José De Gregorio Rebeco,Sebastián Claro Edwards,SI,Presidente del Banco Central,Consejero,SI,,Consejero,LISTA_ASISTENCIA,,SUJETO_ROL_NOMBRE,7,"El Consejero señor Claro manifiesta que lo mismo ocurre con el ciclo opuesto, ya que si el aumento de la inflación estuvo muy afectado por la electricidad y por el petróleo, la caída de los salarios reales no fue necesariamente tal. Señala que su punto al respecto es que más allá de la evolución que está registrando el salario real, este está principalmente dominado por la evolución de la inflación, independiente de si se deflacta por el IPC o por alguna medida un poco más depurada de precios. Además, dice no saber si se ha efectuado alguna evaluación respecto de que, dados la brecha de productos y el nivel de desempleo, se debiera ver cierta evolución en los salarios reales. Dicho lo anterior, consulta si algún análisis indica que los salarios reales están permaneciendo elevados o si se observa alguna reacción.",Análisis del escenario macroeconómico internacional,escenario_internacional,escenario internacional,escenario_internacional,NO,NO,NO,Rol según lista de asistencia: Consejero,RPM-2009-09-08:2698:2,2,XLSX_ORIGINAL,NO,NO,RPM-2009-09-08:2698:B2,SIN_ALERTAS_AUTOMATICAS,,RPM-2009-09-08:T22,INICIO_EXPLICITO,,RPM-2009-09-08:2698:2
2698,RESEGMENTACION,19b9feb37ada808287ae921ca729271300a7d788df66a3b803aa766fb2516532,Despues,3928,RPM-2009-09-08,2009-09-08 00:00:00,José De Gregorio Rebeco,Pablo García Silva,SI,Presidente del Banco Central,Gerente de División Estudios,SI,,Gerente de División Estudios,LISTA_ASISTENCIA,,CONTEXTO_REVISADO,7,"En opinión del Gerente de División de Estudios, señor Pablo García, más que por los salarios reales, que están determinados por lo que ocurre con la inflación, cabe preguntarse SI los salarios nominales están moviéndose por las cláusulas habituales más un extra, reflejando la situación cíclica. Al respecto, plantea que la variación de los salarios es consistente con la dinámica de la inflación. En el largo plazo, si se suponen los salarios reales constantes, eso debiese ser igual a 3%; en cambio, se ha observado que ha estado por debajo de 3% desde principios del año 2008. Agrega que más allá que estos hayan subido últimamente, los movimientos de los salarios nominales no han capturado en su totalidad lo que ha sido la evolución de la inflación. Una hipótesis es que justamente están reflejando, en parte, lo que ha sido una situación cíclica más débil; de hecho, los salarios nominales hacia fines del año pasado no capturaron el último rebote inflacionario que hubo, ya que nunca se produjo una subida de salarios nominales de 11 ó 12%, que es lo que perfectamente se podría haber predicho con las inflaciones imperantes en ese entonces. Sin embargo, ello no ocurrió, sino que se produjo un quiebre en la medida de los mismos. Ahora último, estos están acelerándose y mostrando una dinámica quizás mayor. Añade que no se sabe cuánto de eso es un problema en términos de los salarios reales en su nivel o cuánto es un problema de que el ciclo está cambiando, pero, en promedio, se puede decir que en el último año sí hay una gran dinámica de tasas nominales que ha capturado el efecto cíclico.",Análisis del escenario macroeconómico internacional,escenario_internacional,escenario internacional,escenario_internacional,NO,NO,NO,Hablante por contexto documentado: HAB-20260908-L25-2698-1234 (data/curation/revisiones_hablantes.json; no cotejo PDF); Rol según lista de asistencia: Gerente de División Estudios,RPM-2009-09-08:2698:3,3,XLSX_ORIGINAL,NO,NO,RPM-2009-09-08:2698:B3,SIN_ALERTAS_AUTOMATICAS,,RPM-2009-09-08:T23,SIN_CONTINUIDAD_CONFIRMADA,,
2918,RESEGMENTACION,a554d225def6b218ab1a7f9d0aa51d50070a014aa05feb5a537586135f92f0bc,Antes,4335,RPM-2010-02-11,2010-02-11 00:00:00,José De Gregorio Rebeco,José De Gregorio Rebeco,NO,Presidente del Banco Central,Presidente del Banco Central,NO,,Presidente del Banco Central,LISTA_ASISTENCIA,,SUJETO_ROL_SESION,11,"El señor Presidente recuerda que la proyección era de 0,22, confirmando el señor Soto que ello sí era conocido y que la estimación de la incidencia no se hizo con tanta precisión, por efectos del cambio de base a nivel de clase de productos en lugar de hacerlo por productos.",Análisis macroeconómico y discusión de política monetaria,debate,discusión monetaria,debate,NO,NO,NO,Rol según lista de asistencia: Presidente del Banco Central,RPM-2010-02-11:2918:1,1,XLSX_ORIGINAL,NO,NO,RPM-2010-02-11:2918:B1,SIN_ALERTAS_AUTOMATICAS,,RPM-2010-02-11:T54,INICIO_EXPLICITO,,RPM-2010-02-11:2918:1
2918,RESEGMENTACION,a554d225def6b218ab1a7f9d0aa51d50070a014aa05feb5a537586135f92f0bc,Despues,4338,RPM-2010-02-11,2010-02-11 00:00:00,José De Gregorio Rebeco,José De Gregorio Rebeco,NO,Presidente del Banco Central,Presidente del Banco Central,NO,,Presidente del Banco Central,LISTA_ASISTENCIA,,SUJETO_ROL_SESION,11,"El señor Presidente recuerda que la proyección era de 0,22,",Análisis macroeconómico y discusión de política monetaria,debate,discusión monetaria,debate,NO,NO,NO,Rol según lista de asistencia: Presidente del Banco Central,RPM-2010-02-11:2918:1,1,XLSX_ORIGINAL,NO,NO,RPM-2010-02-11:2918:B1,PENDIENTE_REVISION,FINAL_SIN_PUNTUACION,RPM-2010-02-11:T54,INICIO_EXPLICITO,,RPM-2010-02-11:2918:1
2918,RESEGMENTACION,a554d225def6b218ab1a7f9d0aa51d50070a014aa05feb5a537586135f92f0bc,Despues,4339,RPM-2010-02-11,2010-02-11 00:00:00,José De Gregorio Rebeco,Claudio Soto Gamboa,SI,Presidente del Banco Central,Gerente de Análisis Macroeconómico,SI,,Gerente de Análisis Macroeconómico,LISTA_ASISTENCIA,,CONTEXTO_REVISADO,11,"confirmando el señor Soto que ello sí era conocido y que la estimación de la incidencia no se hizo con tanta precisión, por efectos del cambio de base a nivel de clase de productos en lugar de hacerlo por productos.",Análisis macroeconómico y discusión de política monetaria,debate,discusión monetaria,debate,NO,NO,NO,Hablante por contexto documentado: HAB-20260908-L25-2918-60 (data/curation/revisiones_hablantes.json; no cotejo PDF); Rol según lista de asistencia: Gerente de Análisis Macroeconómico,RPM-2010-02-11:2918:2,2,XLSX_ORIGINAL,NO,NO,RPM-2010-02-11:2918:B2,SIN_ALERTAS_AUTOMATICAS,,RPM-2010-02-11:T55,SIN_CONTINUIDAD_CONFIRMADA,,
2948,RESEGMENTACION,ed1632fd25757f7e8e0eb9eb2a65b2a346029e25ca248ea19a2f173898cfe4ba,Antes,4377,RPM-2010-02-11,2010-02-11 00:00:00,Manuel Marfán Lewis,Manuel Marfán Lewis,NO,Vicepresidente del Banco Central,Vicepresidente del Banco Central,NO,,Vicepresidente del Banco Central,LISTA_ASISTENCIA,,SUJETO_ROL_NOMBRE,17,"El Vicepresidente, señor Manuel Marfán, indica que, tal como se ha visto en varias ocasiones, lo que ocurre es que cuando los cambios en la posición forward de los fondos de pensiones son bruscos, tienen un correlato en la posición NDF y, en ese caso, se tienden a atenuar en forma importante los efectos sobre el tipo de cambio. Señala que en esta oportunidad, por primera vez, se produjo un cambio brusco en la posición de las AFP sin que haya existido una compensación equivalente en la posición NDF y, por lo tanto, toda la compensación recayó esta vez sobre el mercado interno, de manera que no resulta extraño que en este caso se afecten más los precios, que es lo que se ha estado observando. Finalmente, agrega que las mayores ventas se producen en las empresas no financieras. Al respecto, el señor Beltrán de Ramón detalla que desde el 27 de enero, las AFP compraron cerca de US$5.000 millones, de los cuales US$2.000 millones provinieron de ventas de divisas efectuadas por empresas que aprovecharon esta oportunidad. Indica que algunas de tales empresas que perciben ingresos en divisas se habían endeudado en el mercado local en pesos y que no habían cerrado esa posición. Otra parte de las ventas fueron efectuadas por exportadores habituales y la última corresponde al mercado NDF, en una cifra inferior a US$1.000 millones. Aparte de ello, cabe considerar los ajustes que han efectuado las propias empresas bancarias. A continuación,.",Evolución de mercados financieros y tipo de cambio,mercados_financieros,mercados financieros,mercados_financieros,NO,NO,NO,Rol según lista de asistencia: Vicepresidente del Banco Central,RPM-2010-02-11:2948:1,1,XLSX_ORIGINAL,NO,NO,RPM-2010-02-11:2948:B1,SIN_ALERTAS_AUTOMATICAS,,RPM-2010-02-11:T96,INICIO_EXPLICITO,,RPM-2010-02-11:2948:1
2948,RESEGMENTACION,ed1632fd25757f7e8e0eb9eb2a65b2a346029e25ca248ea19a2f173898cfe4ba,Despues,4381,RPM-2010-02-11,2010-02-11 00:00:00,Manuel Marfán Lewis,Manuel Marfán Lewis,NO,Vicepresidente del Banco Central,Vicepresidente del Banco Central,NO,,Vicepresidente del Banco Central,LISTA_ASISTENCIA,,SUJETO_ROL_NOMBRE,17,"El Vicepresidente, señor Manuel Marfán, indica que, tal como se ha visto en varias ocasiones, lo que ocurre es que cuando los cambios en la posición forward de los fondos de pensiones son bruscos, tienen un correlato en la posición NDF y, en ese caso, se tienden a atenuar en forma importante los efectos sobre el tipo de cambio. Señala que en esta oportunidad, por primera vez, se produjo un cambio brusco en la posición de las AFP sin que haya existido una compensación equivalente en la posición NDF y, por lo tanto, toda la compensación recayó esta vez sobre el mercado interno, de manera que no resulta extraño que en este caso se afecten más los precios, que es lo que se ha estado observando. Finalmente, agrega que las mayores ventas se producen en las empresas no financieras.",Evolución de mercados financieros y tipo de cambio,mercados_financieros,mercados financieros,mercados_financieros,NO,NO,NO,Rol según lista de asistencia: Vicepresidente del Banco Central,RPM-2010-02-11:2948:1,1,XLSX_ORIGINAL,NO,NO,RPM-2010-02-11:2948:B1,SIN_ALERTAS_AUTOMATICAS,,RPM-2010-02-11:T97,INICIO_EXPLICITO,,RPM-2010-02-11:2948:1
2948,RESEGMENTACION,ed1632fd25757f7e8e0eb9eb2a65b2a346029e25ca248ea19a2f173898cfe4ba,Despues,4382,RPM-2010-02-11,2010-02-11 00:00:00,Manuel Marfán Lewis,Beltrán de Ramón Acevedo,SI,Vicepresidente del Banco Central,Gerente de División Operaciones Financieras,SI,,Gerente de División Operaciones Financieras,LISTA_ASISTENCIA,,CONTEXTO_REVISADO,17,"Al respecto, el señor Beltrán de Ramón detalla que desde el 27 de enero, las AFP compraron cerca de US$5.000 millones, de los cuales US$2.000 millones provinieron de ventas de divisas efectuadas por empresas que aprovecharon esta oportunidad. Indica que algunas de tales empresas que perciben ingresos en divisas se habían endeudado en el mercado local en pesos y que no habían cerrado esa posición. Otra parte de las ventas fueron efectuadas por exportadores habituales y la última corresponde al mercado NDF, en una cifra inferior a US$1.000 millones. Aparte de ello, cabe considerar los ajustes que han efectuado las propias empresas bancarias. A continuación,.",Evolución de mercados financieros y tipo de cambio,mercados_financieros,mercados financieros,mercados_financieros,NO,NO,NO,Hablante por contexto documentado: HAB-20260908-L25-2948-786 (data/curation/revisiones_hablantes.json; no cotejo PDF); Rol según lista de asistencia: Gerente de División Operaciones Financieras,RPM-2010-02-11:2948:2,2,XLSX_ORIGINAL,NO,NO,RPM-2010-02-11:2948:B2,PENDIENTE_REVISION,TEXTO_DANADO_POR_COTEJAR,RPM-2010-02-11:T98,SIN_CONTINUIDAD_CONFIRMADA,,
4453,AUTOR_Y_LECTOR_DOCUMENTAL,75591ebe22640bbc5f9ac9586c09911d937d3ad0b85bb0ed659c6fc50638b00b,Antes,6322,RPM-2011-11-15,2011-11-15 00:00:00,José De Gregorio Rebeco,José De Gregorio Rebeco,NO,Presidente del Banco Central,Presidente del Banco Central,NO,,Presidente del Banco Central,LISTA_ASISTENCIA,,SUJETO_ROL_NOMBRE,19,"El Presidente señor José De Gregorio agradece la intervención del Gerente de División Estudios señor Luis Óscar Herrera y, complementando su planteamiento, recuerda que en la Reunión pasada manifestó que los sesgos tienen que ver con un tema de inminencia, esto es, que son casi equivalentes a decir que, con probabilidad altísima, es la próxima decisión, razón por la cual ello debe ser evaluado al momento de redactar el Comunicado de la Reunión. Al proseguir con la Sesión, el señor Presidente informa que el Ministro de Hacienda señor Felipe Larraín, por intermedio de su Asesor señor Rodrigo Cerda, le ha hecho llegar su planteamiento, al que dará lectura a continuación: “ El escenario económico continúa mostrando importantes vaivenes y elevados niveles de incertidumbre. A nivel interno, la actividad y el empleo siguen desacelerándose en línea con lo esperado. En efecto, las tensiones financieras en Europa continúan en medio de una gran incertidumbre política, lo que se refleja en que el riesgo país medido por los CDS a 5 años ha mostrado incrementos en varias economías desde la última Reunión. En Grecia los CDS siguen en niveles récord. En Italia, estos se ubican cerca de los 600 puntos base, su peak histórico, superior en 360 puntos a los niveles de comienzos de año. De igual forma, Francia se ubica en su peak histórico, con niveles mayores a 230 puntos base. Por otra parte, los datos sectoriales muestran que la Zona Euro se está contrayendo. Las ventas minoristas de septiembre cayeron 0,7% mensual y desestacionalizado, tras una cifra de 0% en agosto. En Alemania, la producción industrial en septiembre cayó 2,7% mensual y desestacionalizado; en Francia, un 1,7%; y en Italia, un 4,8%. En este contexto, el Banco Central Europeo (BCE) decidió bajar la tasa de política monetaria en 25 puntos base en su reunión de noviembre, hasta 1,25%. Este es un escenario de alta volatilidad, pero de marcada desaceleración e incluso una probable recesión en la Zona Euro. La economía de Estados Unidos muestra señales mixtas. En el mes de octubre, el país creó 80 mil empleos respecto al mes anterior, cifra inferior a los 95 mil esperados por el mercado. Sin embargo, la tasa de desempleo bajó a 9,0% desde 9,1% el mes previo. Por su parte, el PMI manufacturero de octubre bajó a 50,8 desde los 51,6 de septiembre, aunque manteniéndose sobre el umbral de 50. Por otro lado, el índice de sentimiento del consumidor de la Universidad de Michigan registró un importante aumento en el mes de noviembre, pasando a 64,2, desde los 60,9 el mes previo. Así, aunque las cifras permanecen débiles, no revelan una economía entrando a una recesión. En China, la cifra de inflación de septiembre en 12 meses se ubicó en 5,5%, bastante menor al 6,1% del mes anterior. Por otra parte, el crecimiento del tercer trimestre fue de 9,1%, desacelerándose respecto al 9,5% del trimestre anterior. Por otra parte, el PMI manufacturero ha descendido a niveles de 50,4 en octubre, inferior a los 51,2 de septiembre y rozando el umbral de 50. De este modo, por el momento, se ha alejado el riesgo de nuevas alzas de la tasa rectora. En consecuencia, nos enfrentamos a un escenario global en donde el elemento de mayor riesgo en la actualidad es la Zona Euro y, en menor medida, Estados Unidos. Aunque han ocurrido cambios importantes en los liderazgos políticos de algunos países europeos, no hay aún señales claras de nuevas políticas que produzcan cambios en las perspectivas económicas de mediano plazo de esta región en comparación al escenario discutido en la última Reunión de Política Monetaria. Por otro lado, en el escenario interno, la actividad económica exhibe un proceso de desaceleración, aunque el IMACEC de septiembre creció 5,7%, sorprendiendo al mercado, tras un crecimiento en agosto de 4,6%. Con todo, se espera que la moderación del crecimiento que se ha dado en el segundo semestre continúe. Así lo muestra la Encuesta de Expectativas Económicas de noviembre, que arroja una tasa de crecimiento del IMACEC en octubre de 4,8%. El consumo sigue creciendo a tasas robustas. Los datos de ventas del comercio minorista de septiembre mostraron una tasa de crecimiento de 9,6%, acelerándose respecto al 9,1% de agosto. Por su parte, el empleo muestra signos de moderación, en línea con el menor dinamismo observado, creciendo a una tasa interanual de 3,8% en el trimestre julio-septiembre. En este contexto, la medición de inflación registró un aumento en octubre más allá de lo esperado por el mercado. Parte de este aumento en inflación obedeció a sorpresas en alimentos y combustibles, que no alcanzaron a ser compensadas por la leve apreciación del peso desde el nivel de la RPM pasada. Estos aumentos de precios deben seguir siendo monitoreados en los próximos meses, aunque por el momento las expectativas de inflación se mantienen acotadas en torno al centro del rango meta del Banco Central, si bien aumentan marginalmente en el corto plazo. De este escenario se desprende que más allá del aumento de volatilidades observadas en el último mes en el escenario internacional, por el momento no hay grandes cambios respecto del análisis realizado en la última RPM. Por ello es que parece recomendable mantener la recomendación de la última RPM, sin variar la tasa y recalcando la flexibilidad de la política monetaria en caso que la situación internacional se vuelva más adversa.” A continuación, el Presidente señor José De Gregorio da paso a la votación, concediéndole la palabra al Consejero señor Rodrigo Vergara.",deliberación de política monetaria y balance de riesgos,riesgos,deliberación rpm,debate,NO,NO,NO,Rol según lista de asistencia: Presidente del Banco Central,RPM-2011-11-15:4453:1,1,XLSX_ORIGINAL,NO,NO,RPM-2011-11-15:4453:B1,SIN_ALERTAS_AUTOMATICAS,,RPM-2011-11-15:T74,INICIO_EXPLICITO,,RPM-2011-11-15:4453:1
4453,AUTOR_Y_LECTOR_DOCUMENTAL,75591ebe22640bbc5f9ac9586c09911d937d3ad0b85bb0ed659c6fc50638b00b,Despues,6327,RPM-2011-11-15,2011-11-15 00:00:00,José De Gregorio Rebeco,José De Gregorio Rebeco,NO,Presidente del Banco Central,Presidente del Banco Central,NO,,Presidente del Banco Central,LISTA_ASISTENCIA,,SUJETO_ROL_NOMBRE,19,"El Presidente señor José De Gregorio agradece la intervención del Gerente de División Estudios señor Luis Óscar Herrera y, complementando su planteamiento, recuerda que en la Reunión pasada manifestó que los sesgos tienen que ver con un tema de inminencia, esto es, que son casi equivalentes a decir que, con probabilidad altísima, es la próxima decisión, razón por la cual ello debe ser evaluado al momento de redactar el Comunicado de la Reunión.",deliberación de política monetaria y balance de riesgos,riesgos,deliberación rpm,debate,NO,NO,NO,Rol según lista de asistencia: Presidente del Banco Central,RPM-2011-11-15:4453:1,1,XLSX_ORIGINAL,NO,NO,RPM-2011-11-15:4453:B1,SIN_ALERTAS_AUTOMATICAS,,RPM-2011-11-15:T74,INICIO_EXPLICITO,,RPM-2011-11-15:4453:1
4453,AUTOR_Y_LECTOR_DOCUMENTAL,75591ebe22640bbc5f9ac9586c09911d937d3ad0b85bb0ed659c6fc50638b00b,Despues,6328,RPM-2011-11-15,2011-11-15 00:00:00,José De Gregorio Rebeco,José De Gregorio Rebeco,NO,Presidente del Banco Central,Presidente del Banco Central,NO,,Presidente del Banco Central,LISTA_ASISTENCIA,,LECTOR_DOCUMENTO_REVISADO,19,"Al proseguir con la Sesión, el señor Presidente informa que el Ministro de Hacienda señor Felipe Larraín, por intermedio de su Asesor señor Rodrigo Cerda, le ha hecho llegar su planteamiento, al que dará lectura a continuación:",deliberación de política monetaria y balance de riesgos,riesgos,deliberación rpm,debate,NO,SI,NO,Lectura documental DOC-20260908-L25-4453: autor=Felipe Larraín Bascuñán; lector=José De Gregorio Rebeco; asistencia del autor no inferida; data/curation/revisiones_documentos_leidos.json; Rol según lista de asistencia: Presidente del Banco Central,RPM-2011-11-15:4453:2,2,XLSX_ORIGINAL,NO,NO,RPM-2011-11-15:4453:B2,PENDIENTE_REVISION,DUPLICADO_NO_FORMULA,RPM-2011-11-15:T75,SIN_CONTINUIDAD_CONFIRMADA,,
4453,AUTOR_Y_LECTOR_DOCUMENTAL,75591ebe22640bbc5f9ac9586c09911d937d3ad0b85bb0ed659c6fc50638b00b,Despues,6329,RPM-2011-11-15,2011-11-15 00:00:00,José De Gregorio Rebeco,Felipe Larraín Bascuñán,SI,Presidente del Banco Central,Ministro de Hacienda,SI,,,CARGO_DOCUMENTAL_REVISADO,OPINION_ESCRITA,DOCUMENTO_ESCRITO_REVISADO,19,"“ El escenario económico continúa mostrando importantes vaivenes y elevados niveles de incertidumbre. A nivel interno, la actividad y el empleo siguen desacelerándose en línea con lo esperado. En efecto, las tensiones financieras en Europa continúan en medio de una gran incertidumbre política, lo que se refleja en que el riesgo país medido por los CDS a 5 años ha mostrado incrementos en varias economías desde la última Reunión. En Grecia los CDS siguen en niveles récord. En Italia, estos se ubican cerca de los 600 puntos base, su peak histórico, superior en 360 puntos a los niveles de comienzos de año. De igual forma, Francia se ubica en su peak histórico, con niveles mayores a 230 puntos base. Por otra parte, los datos sectoriales muestran que la Zona Euro se está contrayendo. Las ventas minoristas de septiembre cayeron 0,7% mensual y desestacionalizado, tras una cifra de 0% en agosto. En Alemania, la producción industrial en septiembre cayó 2,7% mensual y desestacionalizado; en Francia, un 1,7%; y en Italia, un 4,8%. En este contexto, el Banco Central Europeo (BCE) decidió bajar la tasa de política monetaria en 25 puntos base en su reunión de noviembre, hasta 1,25%. Este es un escenario de alta volatilidad, pero de marcada desaceleración e incluso una probable recesión en la Zona Euro. La economía de Estados Unidos muestra señales mixtas. En el mes de octubre, el país creó 80 mil empleos respecto al mes anterior, cifra inferior a los 95 mil esperados por el mercado. Sin embargo, la tasa de desempleo bajó a 9,0% desde 9,1% el mes previo. Por su parte, el PMI manufacturero de octubre bajó a 50,8 desde los 51,6 de septiembre, aunque manteniéndose sobre el umbral de 50. Por otro lado, el índice de sentimiento del consumidor de la Universidad de Michigan registró un importante aumento en el mes de noviembre, pasando a 64,2, desde los 60,9 el mes previo. Así, aunque las cifras permanecen débiles, no revelan una economía entrando a una recesión. En China, la cifra de inflación de septiembre en 12 meses se ubicó en 5,5%, bastante menor al 6,1% del mes anterior. Por otra parte, el crecimiento del tercer trimestre fue de 9,1%, desacelerándose respecto al 9,5% del trimestre anterior. Por otra parte, el PMI manufacturero ha descendido a niveles de 50,4 en octubre, inferior a los 51,2 de septiembre y rozando el umbral de 50. De este modo, por el momento, se ha alejado el riesgo de nuevas alzas de la tasa rectora. En consecuencia, nos enfrentamos a un escenario global en donde el elemento de mayor riesgo en la actualidad es la Zona Euro y, en menor medida, Estados Unidos. Aunque han ocurrido cambios importantes en los liderazgos políticos de algunos países europeos, no hay aún señales claras de nuevas políticas que produzcan cambios en las perspectivas económicas de mediano plazo de esta región en comparación al escenario discutido en la última Reunión de Política Monetaria. Por otro lado, en el escenario interno, la actividad económica exhibe un proceso de desaceleración, aunque el IMACEC de septiembre creció 5,7%, sorprendiendo al mercado, tras un crecimiento en agosto de 4,6%. Con todo, se espera que la moderación del crecimiento que se ha dado en el segundo semestre continúe. Así lo muestra la Encuesta de Expectativas Económicas de noviembre, que arroja una tasa de crecimiento del IMACEC en octubre de 4,8%. El consumo sigue creciendo a tasas robustas. Los datos de ventas del comercio minorista de septiembre mostraron una tasa de crecimiento de 9,6%, acelerándose respecto al 9,1% de agosto. Por su parte, el empleo muestra signos de moderación, en línea con el menor dinamismo observado, creciendo a una tasa interanual de 3,8% en el trimestre julio-septiembre. En este contexto, la medición de inflación registró un aumento en octubre más allá de lo esperado por el mercado. Parte de este aumento en inflación obedeció a sorpresas en alimentos y combustibles, que no alcanzaron a ser compensadas por la leve apreciación del peso desde el nivel de la RPM pasada. Estos aumentos de precios deben seguir siendo monitoreados en los próximos meses, aunque por el momento las expectativas de inflación se mantienen acotadas en torno al centro del rango meta del Banco Central, si bien aumentan marginalmente en el corto plazo. De este escenario se desprende que más allá del aumento de volatilidades observadas en el último mes en el escenario internacional, por el momento no hay grandes cambios respecto del análisis realizado en la última RPM. Por ello es que parece recomendable mantener la recomendación de la última RPM, sin variar la tasa y recalcando la flexibilidad de la política monetaria en caso que la situación internacional se vuelva más adversa.”",deliberación de política monetaria y balance de riesgos,riesgos,deliberación rpm,debate,NO,NO,NO,Lectura documental DOC-20260908-L25-4453: autor=Felipe Larraín Bascuñán; lector=José De Gregorio Rebeco; asistencia del autor no inferida; data/curation/revisiones_documentos_leidos.json,RPM-2011-11-15:4453:3,3,XLSX_ORIGINAL,NO,NO,RPM-2011-11-15:4453:B3,PENDIENTE_REVISION,TEXTO_ESCRITO_LEIDO_POR_TERCERO,RPM-2011-11-15:T76,DOCUMENTO_PERSONAL,,
4453,AUTOR_Y_LECTOR_DOCUMENTAL,75591ebe22640bbc5f9ac9586c09911d937d3ad0b85bb0ed659c6fc50638b00b,Despues,6330,RPM-2011-11-15,2011-11-15 00:00:00,José De Gregorio Rebeco,José De Gregorio Rebeco,NO,Presidente del Banco Central,Presidente del Banco Central,NO,,Presidente del Banco Central,LISTA_ASISTENCIA,,LECTOR_DOCUMENTO_REVISADO,19,"A continuación, el Presidente señor José De Gregorio da paso a la votación, concediéndole la palabra al Consejero señor Rodrigo Vergara.",deliberación de política monetaria y balance de riesgos,riesgos,deliberación rpm,debate,NO,NO,NO,Lectura documental DOC-20260908-L25-4453: autor=Felipe Larraín Bascuñán; lector=José De Gregorio Rebeco; asistencia del autor no inferida; data/curation/revisiones_documentos_leidos.json; Rol según lista de asistencia: Presidente del Banco Central,RPM-2011-11-15:4453:4,4,XLSX_ORIGINAL,NO,NO,RPM-2011-11-15:4453:B4,SIN_ALERTAS_AUTOMATICAS,,RPM-2011-11-15:T77,SIN_CONTINUIDAD_CONFIRMADA,,
4507,AUTOR_Y_LECTOR_DOCUMENTAL,c071228e39ca48d286c0cd779f211a62ca4e071273422b3a8b01a0cd0f335c0d,Antes,6390,RPM-2011-12-13,2011-12-13 00:00:00,Rodrigo Vergara Montes,Rodrigo Vergara Montes,NO,Presidente del Banco Central,Presidente del Banco Central,NO,,Presidente del Banco Central,LISTA_ASISTENCIA,,SUJETO_ROL_NOMBRE,19,"El Presidente señor Rodrigo Vergara agradece los comentarios del Gerente de División Operaciones Financieras señor Beltrán de Ramón. Al proseguir con la Sesión, el señor Presidente informa que el Ministro de Hacienda señor Felipe Larraín, por intermedio de su Asesor señor Rodrigo Cerda, le ha hecho llegar su planteamiento, al que dará lectura a continuación: “El escenario económico continúa mostrando importantes vaivenes y elevados niveles de incertidumbre. A nivel interno, la actividad y el empleo muestran una desaceleración significativa. En el ámbito externo, destaca la incertidumbre y la debilidad económica en Europa. Las tensiones financieras continúan, lo que se refleja en que el riesgo país medido por los CDS a 5 años, que sigue alto tal como en la última reunión. En Grecia, los CDS siguen en niveles récord. En Italia, los CDS a 5 años se ubican levemente más bajos que los valores a la fecha de la última reunión, aunque siguen cerca de los 600 puntos, tras el resurgimiento de los temores en este país. De igual forma, Francia y Alemania se ubican cerca del peak histórico alcanzado hace algunas semanas atrás. En términos de actividad, el reporte preliminar para la Zona Euro mantuvo el crecimiento de 0,6% trimestral anualizado y desestacionalizado. Sin embargo, al analizar las contribuciones por componente de gasto, se revela una fuerte desacumulación de inventarios. Así, esta cifra se descompone en un aporte de 0,9% de las exportaciones netas, de 0,7% de la demanda interna y una sustracción de 1,0% de los inventarios. Por otra parte, los datos sectoriales muestran que la Zona Euro sigue mostrando signos de debilidad. Las ventas minoristas de octubre aumentaron 0,4% mensual y desestacionalizado, aunque decrecieron 0,4% interanual. En Alemania, la producción industrial en octubre creció 4,0% en 12 meses, tras un 5,3% el mes previo. En Francia, creció un 0,9% interanual, tras un 4,2% el mes anterior, y en Italia decreció un 3,2%, tras una caída de 2,1 % en septiembre. En este contexto, el Banco Central Europeo decidió bajar nuevamente la tasa de política monetaria en 25 puntos base en su reunión de diciembre, hasta 1%. Este es un escenario de alta volatilidad y de marcada desaceleración, que configuran el ambiente para una probable recesión en la Zona Euro. La economía de Estados Unidos muestra algunas señales de mejora en el margen. El mes de noviembre el país creó 120 mil empleos respecto al mes anterior, superior a los 100 mil del mes anterior. Por su parte, la tasa de desempleo bajó a 8,6% desde 9,0% el mes previo, donde influyó la caída de la fuerza de trabajo. Por su parte, el PMI manufacturero de noviembre subió a 52,7 desde los 50,8 de octubre, manteniéndose así sobre el umbral de 50. Por otro lado, el índice de percepción del consumidor de la Universidad de Michigan registra un importante avance en el mes de diciembre, alcanzando en el reporte preliminar 67,7 puntos, tras los 64,1 de noviembre y los 60,9 de octubre. De esta forma, las cifras en Estados Unidos son más alentadoras. En China, la cifra de inflación de octubre en 12 meses se ubicó en 4,2%, bastante menor al 5,5% del mes anterior, sugiriendo una desaceleración económica. Por otra parte, el PMI manufacturero oficial ha descendido a niveles de 49 en noviembre, inferior a los 50,4 de octubre y ubicándose en zona de contracción. De este modo, se configura un escenario económico más propicio para la realización de política monetaria acomodaticia. En consecuencia, tal como indicábamos la reunión anterior, nos seguimos enfrentando a un escenario global en donde el elemento de mayor riesgo en la actualidad es una recesión en la Zona Euro. Por otro lado, en el escenario interno la actividad económica exhibe una significativa desaceleración, en donde el IMACEC de octubre creció 3,4%, sorprendiendo al mercado a la baja, tras un crecimiento en septiembre de 5,7%. Se espera que la moderación que se ha venido dando durante el segundo semestre continúe. Así lo muestra la Encuesta de Expectativas Económicas de noviembre, que arroja una tasa de crecimiento del IMACEC en noviembre de 4,0%. Esta desaceleración es algo más acentuada comparada con lo que esperábamos unos meses atrás. El consumo sigue creciendo a tasas robustas, aunque se modera. Los datos de ventas del comercio minorista de octubre mostraron una tasa de crecimiento de 8,6%, desacelerándose respecto al 9,6% de septiembre. Por su parte, el mercado laboral sigue estrecho, aunque empieza a mostrar señales de moderación. En efecto, el empleo creció a una tasa interanual de 3,5% en el trimestre agosto-octubre, desacelerándose respecto al 3,8% del trimestre móvil inmediatamente anterior. De igual forma, los salarios han tendido a moderarse. En octubre los salarios reales crecieron 2,1% en 12 meses, tras el 2,6% del mes anterior. En consecuencia, los indicadores muestran una disminución del crecimiento de la masa salarial real en el margen. En este contexto, la medición de inflación registró un aumento en noviembre superior a lo esperado por el mercado, llegando a un nivel de 3,9% en 12 meses. Los incrementos en los precios de alimentos siguen siendo parte de las sorpresas al alza de los últimos meses. Sin embargo, en el último mes han caído los precios internacionales de commodities agrícolas, como el maíz y el trigo, lo que podría generar algún alivio en el precio de los alimentos. Estos elementos pueden atenuar las presiones inflacionarias. Además, las expectativas de inflación a plazos mayores se mantienen acotadas en torno al centro del rango meta del Banco Central. En efecto, según la Encuesta de Expectativas del Banco Central de diciembre, la inflación en 2012 se ubicaría en 2,9%. Por otra parte, las compensaciones inflacionarias a 2 años se ubican en niveles de 2,31 %. En este escenario de desaceleración de Chile y el mundo, es muy probable que las presiones inflacionarias disminuyan pese a los aumentos observados en los últimos meses, atribuibles en parte importante a factores puntuales. Sin embargo, los indicadores económicos del país ya comienzan a mostrar los efectos de la crisis externa, situación que no se revertirá en el corto plazo. Por ello parece recomendable rebajar la tasa en 25 puntos base en esta reunión y recalcar la flexibilidad de la política monetaria en caso que la situación internacional se vuelva más adversa.” A continuación, el Presidente señor Rodrigo Vergara da paso a la votación, concediéndole la palabra al Consejero señor Sebastián Claro.",traspaso de la palabra y orden del debate,apertura_cierre,orden debate,apertura_cierre,NO,NO,NO,Rol según lista de asistencia: Presidente del Banco Central,RPM-2011-12-13:4507:1,1,XLSX_ORIGINAL,NO,NO,RPM-2011-12-13:4507:B1,SIN_ALERTAS_AUTOMATICAS,,RPM-2011-12-13:T58,INICIO_EXPLICITO,,RPM-2011-12-13:4507:1
4507,AUTOR_Y_LECTOR_DOCUMENTAL,c071228e39ca48d286c0cd779f211a62ca4e071273422b3a8b01a0cd0f335c0d,Despues,6398,RPM-2011-12-13,2011-12-13 00:00:00,Rodrigo Vergara Montes,Rodrigo Vergara Montes,NO,Presidente del Banco Central,Presidente del Banco Central,NO,,Presidente del Banco Central,LISTA_ASISTENCIA,,SUJETO_ROL_NOMBRE,19,El Presidente señor Rodrigo Vergara agradece los comentarios del Gerente de División Operaciones Financieras señor Beltrán de Ramón.,traspaso de la palabra y orden del debate,apertura_cierre,orden debate,apertura_cierre,NO,NO,NO,Rol según lista de asistencia: Presidente del Banco Central,RPM-2011-12-13:4507:1,1,XLSX_ORIGINAL,NO,NO,RPM-2011-12-13:4507:B1,SIN_ALERTAS_AUTOMATICAS,,RPM-2011-12-13:T58,INICIO_EXPLICITO,,RPM-2011-12-13:4507:1
4507,AUTOR_Y_LECTOR_DOCUMENTAL,c071228e39ca48d286c0cd779f211a62ca4e071273422b3a8b01a0cd0f335c0d,Despues,6399,RPM-2011-12-13,2011-12-13 00:00:00,Rodrigo Vergara Montes,Rodrigo Vergara Montes,NO,Presidente del Banco Central,Presidente del Banco Central,NO,,Presidente del Banco Central,LISTA_ASISTENCIA,,LECTOR_DOCUMENTO_REVISADO,19,"Al proseguir con la Sesión, el señor Presidente informa que el Ministro de Hacienda señor Felipe Larraín, por intermedio de su Asesor señor Rodrigo Cerda, le ha hecho llegar su planteamiento, al que dará lectura a continuación:",traspaso de la palabra y orden del debate,apertura_cierre,orden debate,apertura_cierre,NO,SI,NO,Lectura documental DOC-20260908-L25-4507: autor=Felipe Larraín Bascuñán; lector=Rodrigo Vergara Montes; asistencia del autor no inferida; data/curation/revisiones_documentos_leidos.json; Rol según lista de asistencia: Presidente del Banco Central,RPM-2011-12-13:4507:2,2,XLSX_ORIGINAL,NO,NO,RPM-2011-12-13:4507:B2,PENDIENTE_REVISION,DUPLICADO_NO_FORMULA,RPM-2011-12-13:T59,SIN_CONTINUIDAD_CONFIRMADA,,
4507,AUTOR_Y_LECTOR_DOCUMENTAL,c071228e39ca48d286c0cd779f211a62ca4e071273422b3a8b01a0cd0f335c0d,Despues,6400,RPM-2011-12-13,2011-12-13 00:00:00,Rodrigo Vergara Montes,Felipe Larraín Bascuñán,SI,Presidente del Banco Central,Ministro de Hacienda,SI,,,CARGO_DOCUMENTAL_REVISADO,OPINION_ESCRITA,DOCUMENTO_ESCRITO_REVISADO,19,"“El escenario económico continúa mostrando importantes vaivenes y elevados niveles de incertidumbre. A nivel interno, la actividad y el empleo muestran una desaceleración significativa. En el ámbito externo, destaca la incertidumbre y la debilidad económica en Europa. Las tensiones financieras continúan, lo que se refleja en que el riesgo país medido por los CDS a 5 años, que sigue alto tal como en la última reunión. En Grecia, los CDS siguen en niveles récord. En Italia, los CDS a 5 años se ubican levemente más bajos que los valores a la fecha de la última reunión, aunque siguen cerca de los 600 puntos, tras el resurgimiento de los temores en este país. De igual forma, Francia y Alemania se ubican cerca del peak histórico alcanzado hace algunas semanas atrás. En términos de actividad, el reporte preliminar para la Zona Euro mantuvo el crecimiento de 0,6% trimestral anualizado y desestacionalizado. Sin embargo, al analizar las contribuciones por componente de gasto, se revela una fuerte desacumulación de inventarios. Así, esta cifra se descompone en un aporte de 0,9% de las exportaciones netas, de 0,7% de la demanda interna y una sustracción de 1,0% de los inventarios. Por otra parte, los datos sectoriales muestran que la Zona Euro sigue mostrando signos de debilidad. Las ventas minoristas de octubre aumentaron 0,4% mensual y desestacionalizado, aunque decrecieron 0,4% interanual. En Alemania, la producción industrial en octubre creció 4,0% en 12 meses, tras un 5,3% el mes previo. En Francia, creció un 0,9% interanual, tras un 4,2% el mes anterior, y en Italia decreció un 3,2%, tras una caída de 2,1 % en septiembre. En este contexto, el Banco Central Europeo decidió bajar nuevamente la tasa de política monetaria en 25 puntos base en su reunión de diciembre, hasta 1%. Este es un escenario de alta volatilidad y de marcada desaceleración, que configuran el ambiente para una probable recesión en la Zona Euro. La economía de Estados Unidos muestra algunas señales de mejora en el margen. El mes de noviembre el país creó 120 mil empleos respecto al mes anterior, superior a los 100 mil del mes anterior. Por su parte, la tasa de desempleo bajó a 8,6% desde 9,0% el mes previo, donde influyó la caída de la fuerza de trabajo. Por su parte, el PMI manufacturero de noviembre subió a 52,7 desde los 50,8 de octubre, manteniéndose así sobre el umbral de 50. Por otro lado, el índice de percepción del consumidor de la Universidad de Michigan registra un importante avance en el mes de diciembre, alcanzando en el reporte preliminar 67,7 puntos, tras los 64,1 de noviembre y los 60,9 de octubre. De esta forma, las cifras en Estados Unidos son más alentadoras. En China, la cifra de inflación de octubre en 12 meses se ubicó en 4,2%, bastante menor al 5,5% del mes anterior, sugiriendo una desaceleración económica. Por otra parte, el PMI manufacturero oficial ha descendido a niveles de 49 en noviembre, inferior a los 50,4 de octubre y ubicándose en zona de contracción. De este modo, se configura un escenario económico más propicio para la realización de política monetaria acomodaticia. En consecuencia, tal como indicábamos la reunión anterior, nos seguimos enfrentando a un escenario global en donde el elemento de mayor riesgo en la actualidad es una recesión en la Zona Euro. Por otro lado, en el escenario interno la actividad económica exhibe una significativa desaceleración, en donde el IMACEC de octubre creció 3,4%, sorprendiendo al mercado a la baja, tras un crecimiento en septiembre de 5,7%. Se espera que la moderación que se ha venido dando durante el segundo semestre continúe. Así lo muestra la Encuesta de Expectativas Económicas de noviembre, que arroja una tasa de crecimiento del IMACEC en noviembre de 4,0%. Esta desaceleración es algo más acentuada comparada con lo que esperábamos unos meses atrás. El consumo sigue creciendo a tasas robustas, aunque se modera. Los datos de ventas del comercio minorista de octubre mostraron una tasa de crecimiento de 8,6%, desacelerándose respecto al 9,6% de septiembre. Por su parte, el mercado laboral sigue estrecho, aunque empieza a mostrar señales de moderación. En efecto, el empleo creció a una tasa interanual de 3,5% en el trimestre agosto-octubre, desacelerándose respecto al 3,8% del trimestre móvil inmediatamente anterior. De igual forma, los salarios han tendido a moderarse. En octubre los salarios reales crecieron 2,1% en 12 meses, tras el 2,6% del mes anterior. En consecuencia, los indicadores muestran una disminución del crecimiento de la masa salarial real en el margen. En este contexto, la medición de inflación registró un aumento en noviembre superior a lo esperado por el mercado, llegando a un nivel de 3,9% en 12 meses. Los incrementos en los precios de alimentos siguen siendo parte de las sorpresas al alza de los últimos meses. Sin embargo, en el último mes han caído los precios internacionales de commodities agrícolas, como el maíz y el trigo, lo que podría generar algún alivio en el precio de los alimentos. Estos elementos pueden atenuar las presiones inflacionarias. Además, las expectativas de inflación a plazos mayores se mantienen acotadas en torno al centro del rango meta del Banco Central. En efecto, según la Encuesta de Expectativas del Banco Central de diciembre, la inflación en 2012 se ubicaría en 2,9%. Por otra parte, las compensaciones inflacionarias a 2 años se ubican en niveles de 2,31 %. En este escenario de desaceleración de Chile y el mundo, es muy probable que las presiones inflacionarias disminuyan pese a los aumentos observados en los últimos meses, atribuibles en parte importante a factores puntuales. Sin embargo, los indicadores económicos del país ya comienzan a mostrar los efectos de la crisis externa, situación que no se revertirá en el corto plazo. Por ello parece recomendable rebajar la tasa en 25 puntos base en esta reunión y recalcar la flexibilidad de la política monetaria en caso que la situación internacional se vuelva más adversa.”",traspaso de la palabra y orden del debate,apertura_cierre,orden debate,apertura_cierre,NO,NO,NO,Lectura documental DOC-20260908-L25-4507: autor=Felipe Larraín Bascuñán; lector=Rodrigo Vergara Montes; asistencia del autor no inferida; data/curation/revisiones_documentos_leidos.json,RPM-2011-12-13:4507:3,3,XLSX_ORIGINAL,NO,NO,RPM-2011-12-13:4507:B3,PENDIENTE_REVISION,TEXTO_ESCRITO_LEIDO_POR_TERCERO,RPM-2011-12-13:T60,DOCUMENTO_PERSONAL,,
4507,AUTOR_Y_LECTOR_DOCUMENTAL,c071228e39ca48d286c0cd779f211a62ca4e071273422b3a8b01a0cd0f335c0d,Despues,6401,RPM-2011-12-13,2011-12-13 00:00:00,Rodrigo Vergara Montes,Rodrigo Vergara Montes,NO,Presidente del Banco Central,Presidente del Banco Central,NO,,Presidente del Banco Central,LISTA_ASISTENCIA,,LECTOR_DOCUMENTO_REVISADO,19,"A continuación, el Presidente señor Rodrigo Vergara da paso a la votación, concediéndole la palabra al Consejero señor Sebastián Claro.",traspaso de la palabra y orden del debate,apertura_cierre,orden debate,apertura_cierre,NO,NO,NO,Lectura documental DOC-20260908-L25-4507: autor=Felipe Larraín Bascuñán; lector=Rodrigo Vergara Montes; asistencia del autor no inferida; data/curation/revisiones_documentos_leidos.json; Rol según lista de asistencia: Presidente del Banco Central,RPM-2011-12-13:4507:4,4,XLSX_ORIGINAL,NO,NO,RPM-2011-12-13:4507:B4,SIN_ALERTAS_AUTOMATICAS,,RPM-2011-12-13:T61,SIN_CONTINUIDAD_CONFIRMADA,,
4722,AUTOR_Y_LECTOR_DOCUMENTAL,2467cb03bbbaf29156b274c73724fc7483f2d080da98207349aa445b3b57f178,Antes,6642,RPM-2012-03-15,2012-03-15 00:00:00,Rodrigo Vergara Montes,Rodrigo Vergara Montes,NO,Presidente del Banco Central,Presidente del Banco Central,NO,,Presidente del Banco Central,LISTA_ASISTENCIA,,SUJETO_ROL_NOMBRE,19,"El Presidente señor Rodrigo Vergara agradece la presentación del Gerente de División Estudios señor Luis Óscar Herrera. Al proseguir con la Sesión, el señor Presidente informa que el Ministro de Hacienda señor Felipe Larraín, por intermedio de su Asesor señor Rodrigo Cerda, le ha hecho llegar su planteamiento por escrito, al que dará lectura a continuación: “En el escenario económico del último mes ha destacado la evolución macroeconómica a nivel interno, con sorpresas al alza en actividad e inflación. A nivel internacional se afianza un escenario de recesión en la Zona Euro, aunque con relativa estabilidad en los mercados financieros pese a la situación de Grecia. En el ámbito externo continúa la debilidad económica en Europa. Las tensiones financieras no han estado ausentes debido a la incertidumbre sobre la capacidad del gobierno griego para hacer frente a los vencimientos de su deuda. En efecto, Grecia se encuentra en suspensión de pagos efectiva. El pasado viernes la ISDA (Asociación Internacional de Derivados y Swaps) decidió que la forma en que se ha realizado la reestructuración de la deuda griega era suficiente para que los tenedores de los CDs emitidos sobre la deuda helena pudieran ejercer el derecho de cobro. Se estima que existen alrededor de 3.200 millones de dólares en seguros activos sobre deuda griega. Así, el mercado de CDs para Grecia se ha cerrado tras haber alcanzado niveles superiores a los 20.000 puntos en los últimos días. El evento contagió a otras economías frágiles como Irlanda, Portugal y España que vieron incrementos en los CDS a 5 años en las últimas semanas, aumentando respecto a los niveles observados desde la última reunión. En cambio, las economías como Alemania, Francia e Italia han visto una disminución respecto a sus valores a dicha fecha. En términos de actividad, el reporte preliminar del cuarto trimestre de 2011 reveló una caída de 1,3% del PIB en la Zona Euro, tras el aumento de 0,6% el trimestre anterior. Entre los componentes del gasto destaca la caída del consumo privado de 1,7%, de 2,6% de la inversión fija y de 4,6% de las importaciones. Esto último muestra que los efectos económicos sobre el resto del mundo ya empiezan a sentirse. Por otra parte, la proyección de febrero de Consensus Forecasts apunta a una contracción de 0,3% en 2012 para la Zona Euro. De igual forma, los datos sectoriales muestran que continúa la recesión. Las ventas minoristas de enero decrecieron 1,3 % interanual. Además, la producción industrial en enero cayó 1,2% en 12 meses. En consecuencia, la Zona Euro se contrae, generando una menor demanda global. La economía de Estados Unidos sigue mostrando señales positivas. El mes de febrero el país creó 227 mil empleos respecto al mes anterior, aunque el resultado fue inferior a los 284 mil del mes anterior. Por su parte, la tasa de desempleo se mantuvo en 8,3%. En lo referente al sector industrial, el PMI manufacturero se ubicó en 52,4 puntos, manteniéndose en la zona de expansión, aunque inferior a los 54,1 del mes anterior. Las ventas minoristas de febrero crecieron 1,1 % mes a mes desestacionalizado, tras el 0,6% del mes anterior. De esta manera, las cifras revelan una economía que crece a ritmo lento, pero se mantiene fuera de un escenario de recesión. China generó preocupación en los mercados al anunciar una meta de crecimiento de 7,5% para 2012, siendo la primera vez en 8 años que se rebaja del nivel objetivo de 8%. A su vez, la producción industrial creció 11,4% interanual en los meses enero y febrero, tras el 12,8% de diciembre. Por otro lado, la inflación de febrero se ubicó en 3,2% en 12 meses, lo que implica una fuerte desaceleración tras el incremento de 4,5% del mes anterior, facilitando así el objetivo anual de 4% planteado por las autoridades para 2012. En consecuencia, el elemento de mayor riesgo para la economía mundial se mantiene en la Zona Euro, en donde pese a la mayor calma en los mercados financieros, se ha materializado la recesión en esta región. En el ámbito interno la actividad económica mostró una nueva alza sorpresiva en enero, en donde el IMACEC creció 5,5%, tras el 5,3% de diciembre. Pese a ello, el mercado aún no considera que el crecimiento esté revirtiendo la tendencia a la desaceleración observada durante el segundo semestre de 2011. En efecto, la Encuesta de Expectativas Económicas de marzo arroja una tasa de crecimiento del IMACEC para febrero de 4,5%. El consumo crece a tasas robustas pero se desacelera. Los datos de ventas del comercio minorista de enero mostraron una tasa de crecimiento de 6,3%, desacelerándose respecto al 8,9% de diciembre (de acuerdo a las nuevas cifras reportadas por el INE). Por su parte, el empleo creció a una tasa interanual de 2,5% en el trimestre noviembre-enero, desacelerándose respecto al 2,9% del trimestre móvil inmediatamente anterior, mientras que la tasa de desempleo se mantuvo en 6,6%. Por otro lado, los salarios están creciendo con mayor fuerza. Durante enero, en términos nomínales, el índice de remuneraciones creció 6,7% en 12 meses, tras el 6,3% del mes previo. En términos reales, el incremento interanual fue de 2,3%, tras el 1,8% del mes anterior. En este contexto, la medición de inflación registró un leve aumento en febrero, llegando a un nivel de 4,4% en 12 meses, tras el 4,2% del mes anterior. En el aumento mensual de la inflación destacaron las alzas en los precios de transporte y alimentos. Cabe destacar que el incremento de la inflación a partir de octubre de 2011 se ha debido a un aumento de la incidencia de frutas y verduras frescas, en donde los efectos de la sequía han contribuido al aumento en los precios de diversos productos agrícolas. También destaca la importante moderación de las caídas interanuales en el precio del componente vestuario, generando una menor contribución a atenuar la inflación en 12 meses. Así, mientras en febrero de 2011 la incidencia en la inflación anual de la división Prendas de Vestir y Calzado era de -0,742 puntos porcentuales, en febrero de 2012 fue de solo -0,163pp. Por otra parte, las expectativas de inflación para 2012 han aumentado, aunque se mantienen acotadas dentro del rango meta. En efecto, según la Encuesta de Expectativas del Banco Central de marzo, la inflación en 2012 se ubicaría en 3,5%, tras el 3,1% previsto en la encuesta del mes anterior. Para 2013, el pronóstico de inflación se mantiene en 3,0%. Por otro lado, las compensaciones inflacionarias a 2 años se ubican en niveles de 3,36%, mostrando un aumento de 44 puntos base desde la última reunión. En este escenario creemos que existe una mayor incertidumbre respecto a la evolución de las presiones inflacionarias en los próximos meses, considerando que los efectos de la sequía en los precios de algunas frutas y verduras podrían seguir presentes. Por otra parte, pese a las sorpresas positivas en el IMACEC de los meses de diciembre y enero, no se pueden subestimar los efectos e la crisis externa sobre la economía nacional. Por estas razones parece recomendable esperar y continuar monitoreando la evolución económica interna y externa, manteniendo la tasa en esta reunión, y validando así las expectativas del mercado.” Concluida la lectura de la opinión formulada por el señor Ministro de Hacienda y para efectos de proseguir con la Sesión, el Presidente señor Rodrigo Vergara da paso a la votación y, en primer lugar, ofrece la palabra al Consejero señor Joaquín Vial.",Acuerdo de Política Monetaria y comunicado oficial,acuerdo_comunicado,acuerdo y comunicado,acuerdo_comunicado,NO,NO,NO,Rol según lista de asistencia: Presidente del Banco Central,RPM-2012-03-15:4722:1,1,XLSX_ORIGINAL,NO,NO,RPM-2012-03-15:4722:B1,SIN_ALERTAS_AUTOMATICAS,,RPM-2012-03-15:T83,INICIO_EXPLICITO,,RPM-2012-03-15:4722:1
4722,AUTOR_Y_LECTOR_DOCUMENTAL,2467cb03bbbaf29156b274c73724fc7483f2d080da98207349aa445b3b57f178,Despues,6653,RPM-2012-03-15,2012-03-15 00:00:00,Rodrigo Vergara Montes,Rodrigo Vergara Montes,NO,Presidente del Banco Central,Presidente del Banco Central,NO,,Presidente del Banco Central,LISTA_ASISTENCIA,,SUJETO_ROL_NOMBRE,19,El Presidente señor Rodrigo Vergara agradece la presentación del Gerente de División Estudios señor Luis Óscar Herrera.,Acuerdo de Política Monetaria y comunicado oficial,acuerdo_comunicado,acuerdo y comunicado,acuerdo_comunicado,NO,NO,NO,Rol según lista de asistencia: Presidente del Banco Central,RPM-2012-03-15:4722:1,1,XLSX_ORIGINAL,NO,NO,RPM-2012-03-15:4722:B1,SIN_ALERTAS_AUTOMATICAS,,RPM-2012-03-15:T83,INICIO_EXPLICITO,,RPM-2012-03-15:4722:1
4722,AUTOR_Y_LECTOR_DOCUMENTAL,2467cb03bbbaf29156b274c73724fc7483f2d080da98207349aa445b3b57f178,Despues,6654,RPM-2012-03-15,2012-03-15 00:00:00,Rodrigo Vergara Montes,Rodrigo Vergara Montes,NO,Presidente del Banco Central,Presidente del Banco Central,NO,,Presidente del Banco Central,LISTA_ASISTENCIA,,LECTOR_DOCUMENTO_REVISADO,19,"Al proseguir con la Sesión, el señor Presidente informa que el Ministro de Hacienda señor Felipe Larraín, por intermedio de su Asesor señor Rodrigo Cerda, le ha hecho llegar su planteamiento por escrito, al que dará lectura a continuación:",Acuerdo de Política Monetaria y comunicado oficial,acuerdo_comunicado,acuerdo y comunicado,acuerdo_comunicado,NO,SI,NO,Lectura documental DOC-20260908-L25-4722: autor=Felipe Larraín Bascuñán; lector=Rodrigo Vergara Montes; asistencia del autor no inferida; data/curation/revisiones_documentos_leidos.json; Rol según lista de asistencia: Presidente del Banco Central,RPM-2012-03-15:4722:2,2,XLSX_ORIGINAL,NO,NO,RPM-2012-03-15:4722:B2,PENDIENTE_REVISION,DUPLICADO_NO_FORMULA,RPM-2012-03-15:T84,SIN_CONTINUIDAD_CONFIRMADA,,
4722,AUTOR_Y_LECTOR_DOCUMENTAL,2467cb03bbbaf29156b274c73724fc7483f2d080da98207349aa445b3b57f178,Despues,6655,RPM-2012-03-15,2012-03-15 00:00:00,Rodrigo Vergara Montes,Felipe Larraín Bascuñán,SI,Presidente del Banco Central,Ministro de Hacienda,SI,,,CARGO_DOCUMENTAL_REVISADO,OPINION_ESCRITA,DOCUMENTO_ESCRITO_REVISADO,19,"“En el escenario económico del último mes ha destacado la evolución macroeconómica a nivel interno, con sorpresas al alza en actividad e inflación. A nivel internacional se afianza un escenario de recesión en la Zona Euro, aunque con relativa estabilidad en los mercados financieros pese a la situación de Grecia. En el ámbito externo continúa la debilidad económica en Europa. Las tensiones financieras no han estado ausentes debido a la incertidumbre sobre la capacidad del gobierno griego para hacer frente a los vencimientos de su deuda. En efecto, Grecia se encuentra en suspensión de pagos efectiva. El pasado viernes la ISDA (Asociación Internacional de Derivados y Swaps) decidió que la forma en que se ha realizado la reestructuración de la deuda griega era suficiente para que los tenedores de los CDs emitidos sobre la deuda helena pudieran ejercer el derecho de cobro. Se estima que existen alrededor de 3.200 millones de dólares en seguros activos sobre deuda griega. Así, el mercado de CDs para Grecia se ha cerrado tras haber alcanzado niveles superiores a los 20.000 puntos en los últimos días. El evento contagió a otras economías frágiles como Irlanda, Portugal y España que vieron incrementos en los CDS a 5 años en las últimas semanas, aumentando respecto a los niveles observados desde la última reunión. En cambio, las economías como Alemania, Francia e Italia han visto una disminución respecto a sus valores a dicha fecha. En términos de actividad, el reporte preliminar del cuarto trimestre de 2011 reveló una caída de 1,3% del PIB en la Zona Euro, tras el aumento de 0,6% el trimestre anterior. Entre los componentes del gasto destaca la caída del consumo privado de 1,7%, de 2,6% de la inversión fija y de 4,6% de las importaciones. Esto último muestra que los efectos económicos sobre el resto del mundo ya empiezan a sentirse. Por otra parte, la proyección de febrero de Consensus Forecasts apunta a una contracción de 0,3% en 2012 para la Zona Euro. De igual forma, los datos sectoriales muestran que continúa la recesión. Las ventas minoristas de enero decrecieron 1,3 % interanual. Además, la producción industrial en enero cayó 1,2% en 12 meses. En consecuencia, la Zona Euro se contrae, generando una menor demanda global. La economía de Estados Unidos sigue mostrando señales positivas. El mes de febrero el país creó 227 mil empleos respecto al mes anterior, aunque el resultado fue inferior a los 284 mil del mes anterior. Por su parte, la tasa de desempleo se mantuvo en 8,3%. En lo referente al sector industrial, el PMI manufacturero se ubicó en 52,4 puntos, manteniéndose en la zona de expansión, aunque inferior a los 54,1 del mes anterior. Las ventas minoristas de febrero crecieron 1,1 % mes a mes desestacionalizado, tras el 0,6% del mes anterior. De esta manera, las cifras revelan una economía que crece a ritmo lento, pero se mantiene fuera de un escenario de recesión. China generó preocupación en los mercados al anunciar una meta de crecimiento de 7,5% para 2012, siendo la primera vez en 8 años que se rebaja del nivel objetivo de 8%. A su vez, la producción industrial creció 11,4% interanual en los meses enero y febrero, tras el 12,8% de diciembre. Por otro lado, la inflación de febrero se ubicó en 3,2% en 12 meses, lo que implica una fuerte desaceleración tras el incremento de 4,5% del mes anterior, facilitando así el objetivo anual de 4% planteado por las autoridades para 2012. En consecuencia, el elemento de mayor riesgo para la economía mundial se mantiene en la Zona Euro, en donde pese a la mayor calma en los mercados financieros, se ha materializado la recesión en esta región. En el ámbito interno la actividad económica mostró una nueva alza sorpresiva en enero, en donde el IMACEC creció 5,5%, tras el 5,3% de diciembre. Pese a ello, el mercado aún no considera que el crecimiento esté revirtiendo la tendencia a la desaceleración observada durante el segundo semestre de 2011. En efecto, la Encuesta de Expectativas Económicas de marzo arroja una tasa de crecimiento del IMACEC para febrero de 4,5%. El consumo crece a tasas robustas pero se desacelera. Los datos de ventas del comercio minorista de enero mostraron una tasa de crecimiento de 6,3%, desacelerándose respecto al 8,9% de diciembre (de acuerdo a las nuevas cifras reportadas por el INE). Por su parte, el empleo creció a una tasa interanual de 2,5% en el trimestre noviembre-enero, desacelerándose respecto al 2,9% del trimestre móvil inmediatamente anterior, mientras que la tasa de desempleo se mantuvo en 6,6%. Por otro lado, los salarios están creciendo con mayor fuerza. Durante enero, en términos nomínales, el índice de remuneraciones creció 6,7% en 12 meses, tras el 6,3% del mes previo. En términos reales, el incremento interanual fue de 2,3%, tras el 1,8% del mes anterior. En este contexto, la medición de inflación registró un leve aumento en febrero, llegando a un nivel de 4,4% en 12 meses, tras el 4,2% del mes anterior. En el aumento mensual de la inflación destacaron las alzas en los precios de transporte y alimentos. Cabe destacar que el incremento de la inflación a partir de octubre de 2011 se ha debido a un aumento de la incidencia de frutas y verduras frescas, en donde los efectos de la sequía han contribuido al aumento en los precios de diversos productos agrícolas. También destaca la importante moderación de las caídas interanuales en el precio del componente vestuario, generando una menor contribución a atenuar la inflación en 12 meses. Así, mientras en febrero de 2011 la incidencia en la inflación anual de la división Prendas de Vestir y Calzado era de -0,742 puntos porcentuales, en febrero de 2012 fue de solo -0,163pp. Por otra parte, las expectativas de inflación para 2012 han aumentado, aunque se mantienen acotadas dentro del rango meta. En efecto, según la Encuesta de Expectativas del Banco Central de marzo, la inflación en 2012 se ubicaría en 3,5%, tras el 3,1% previsto en la encuesta del mes anterior. Para 2013, el pronóstico de inflación se mantiene en 3,0%. Por otro lado, las compensaciones inflacionarias a 2 años se ubican en niveles de 3,36%, mostrando un aumento de 44 puntos base desde la última reunión. En este escenario creemos que existe una mayor incertidumbre respecto a la evolución de las presiones inflacionarias en los próximos meses, considerando que los efectos de la sequía en los precios de algunas frutas y verduras podrían seguir presentes. Por otra parte, pese a las sorpresas positivas en el IMACEC de los meses de diciembre y enero, no se pueden subestimar los efectos e la crisis externa sobre la economía nacional. Por estas razones parece recomendable esperar y continuar monitoreando la evolución económica interna y externa, manteniendo la tasa en esta reunión, y validando así las expectativas del mercado.”",Acuerdo de Política Monetaria y comunicado oficial,acuerdo_comunicado,acuerdo y comunicado,acuerdo_comunicado,NO,NO,NO,Lectura documental DOC-20260908-L25-4722: autor=Felipe Larraín Bascuñán; lector=Rodrigo Vergara Montes; asistencia del autor no inferida; data/curation/revisiones_documentos_leidos.json,RPM-2012-03-15:4722:3,3,XLSX_ORIGINAL,NO,NO,RPM-2012-03-15:4722:B3,PENDIENTE_REVISION,TEXTO_ESCRITO_LEIDO_POR_TERCERO,RPM-2012-03-15:T85,DOCUMENTO_PERSONAL,,
4722,AUTOR_Y_LECTOR_DOCUMENTAL,2467cb03bbbaf29156b274c73724fc7483f2d080da98207349aa445b3b57f178,Despues,6656,RPM-2012-03-15,2012-03-15 00:00:00,Rodrigo Vergara Montes,Rodrigo Vergara Montes,NO,Presidente del Banco Central,Presidente del Banco Central,NO,,Presidente del Banco Central,LISTA_ASISTENCIA,,LECTOR_DOCUMENTO_REVISADO,19,"Concluida la lectura de la opinión formulada por el señor Ministro de Hacienda y para efectos de proseguir con la Sesión, el Presidente señor Rodrigo Vergara da paso a la votación y, en primer lugar, ofrece la palabra al Consejero señor Joaquín Vial.",Acuerdo de Política Monetaria y comunicado oficial,acuerdo_comunicado,acuerdo y comunicado,acuerdo_comunicado,NO,SI,SI,Lectura documental DOC-20260908-L25-4722: autor=Felipe Larraín Bascuñán; lector=Rodrigo Vergara Montes; asistencia del autor no inferida; data/curation/revisiones_documentos_leidos.json; Rol según lista de asistencia: Presidente del Banco Central,RPM-2012-03-15:4722:4,4,XLSX_ORIGINAL,NO,NO,RPM-2012-03-15:4722:B4,SIN_ALERTAS_AUTOMATICAS,,RPM-2012-03-15:T86,SIN_CONTINUIDAD_CONFIRMADA,,
4926,RESEGMENTACION,b91b2650851fe5da1c40db1d501feea2f9319058e28f9df8b27abe515168e419,Antes,6889,RPM-2012-07-12,2012-07-12 00:00:00,Claudio Soto Gamboa,Claudio Soto Gamboa,NO,Gerente de Análisis Macroeconómico,Gerente de Análisis Macroeconómico,NO,,Gerente de Análisis Macroeconómico,LISTA_ASISTENCIA,,SUJETO_NOMBRE,12,"El señor Claudio Soto responde que se consideran ambos, y agrega que el empleo asalariado está creciendo a una tasa de 5,3%, mientras que el empleo total a una de 2,3%. El señor Claudio Soto retoma su presentación y hace notar la correlación existente entre las expectativas de consumo y el consumo propiamente tal. Sobre este aspecto, señala que el rebote en las expectativas estaría anticipando el del consumo en los meses venideros. En lo concerniente a las expectativas empresariales, en tanto, resalta su leve retroceso parcial, que reflejaría probablemente la situación mundial. Agrega que la percepción de las empresas constructoras se corrige a la baja de manera significativa, pero que aún así se mantiene bastante optimista. En cuanto a las expectativas de la industria, manifiesta que tuvieron un alza importante a comienzos de año, pero que ahora exhiben un retroceso debido a una percepción sobre la demanda actual más débil y marginalmente negativa. Sin embargo, consigna que la producción ha sorprendido al alza, en parte asociada a exportaciones de algunos productos puntuales. A título ejemplar, comenta que durante el último mes se produjo un alza en la producción de cigarrillos, que fundamentalmente es exportada a Colombia, Perú y Argentina. De hecho, precisa que la diferencia entre el indicador de Cuentas Nacionales y el del Instituto Nacional de Estadísticas, INE, se explica principalmente por la diferencia en la producción de cigarrillos, que pesa 5% en uno de ellos y en el otro solo 0,5%, respectivamente. Añade que las exportaciones industriales registran una cierta trayectoria al alza desde comienzos del año 2011, que se mantiene en el margen, lo que constituye una situación especial dado el contexto mundial actual. A juicio de Presidente señor Rodrigo Vergara, ello constituiría la principal sorpresa cuando se compara Chile con las restantes economías mundiales. El señor Claudio Soto indica que parte de este aumento se explicaría por una expansión significativa de la producción de potasio, impulsada por Soquimich, y la recuperación de la industria procesadora de salmones.",Evolución del mercado laboral y empleo,mercado_laboral,mercado laboral,mercado_laboral,NO,NO,NO,Rol según lista de asistencia: Gerente de Análisis Macroeconómico,RPM-2012-07-12:4926:1,1,XLSX_ORIGINAL,NO,NO,RPM-2012-07-12:4926:B1,SIN_ALERTAS_AUTOMATICAS,,RPM-2012-07-12:T33,INICIO_EXPLICITO,,RPM-2012-07-12:4926:1
4926,RESEGMENTACION,b91b2650851fe5da1c40db1d501feea2f9319058e28f9df8b27abe515168e419,Despues,6903,RPM-2012-07-12,2012-07-12 00:00:00,Claudio Soto Gamboa,Claudio Soto Gamboa,NO,Gerente de Análisis Macroeconómico,Gerente de Análisis Macroeconómico,NO,,Gerente de Análisis Macroeconómico,LISTA_ASISTENCIA,,SUJETO_NOMBRE,12,"El señor Claudio Soto responde que se consideran ambos, y agrega que el empleo asalariado está creciendo a una tasa de 5,3%, mientras que el empleo total a una de 2,3%. El señor Claudio Soto retoma su presentación y hace notar la correlación existente entre las expectativas de consumo y el consumo propiamente tal. Sobre este aspecto, señala que el rebote en las expectativas estaría anticipando el del consumo en los meses venideros. En lo concerniente a las expectativas empresariales, en tanto, resalta su leve retroceso parcial, que reflejaría probablemente la situación mundial. Agrega que la percepción de las empresas constructoras se corrige a la baja de manera significativa, pero que aún así se mantiene bastante optimista. En cuanto a las expectativas de la industria, manifiesta que tuvieron un alza importante a comienzos de año, pero que ahora exhiben un retroceso debido a una percepción sobre la demanda actual más débil y marginalmente negativa. Sin embargo, consigna que la producción ha sorprendido al alza, en parte asociada a exportaciones de algunos productos puntuales. A título ejemplar, comenta que durante el último mes se produjo un alza en la producción de cigarrillos, que fundamentalmente es exportada a Colombia, Perú y Argentina. De hecho, precisa que la diferencia entre el indicador de Cuentas Nacionales y el del Instituto Nacional de Estadísticas, INE, se explica principalmente por la diferencia en la producción de cigarrillos, que pesa 5% en uno de ellos y en el otro solo 0,5%, respectivamente. Añade que las exportaciones industriales registran una cierta trayectoria al alza desde comienzos del año 2011, que se mantiene en el margen, lo que constituye una situación especial dado el contexto mundial actual.",Evolución del mercado laboral y empleo,mercado_laboral,mercado laboral,mercado_laboral,NO,NO,NO,Rol según lista de asistencia: Gerente de Análisis Macroeconómico,RPM-2012-07-12:4926:1,1,XLSX_ORIGINAL,NO,NO,RPM-2012-07-12:4926:B1,SIN_ALERTAS_AUTOMATICAS,,RPM-2012-07-12:T33,INICIO_EXPLICITO,,RPM-2012-07-12:4926:1
4926,RESEGMENTACION,b91b2650851fe5da1c40db1d501feea2f9319058e28f9df8b27abe515168e419,Despues,6904,RPM-2012-07-12,2012-07-12 00:00:00,Claudio Soto Gamboa,Rodrigo Vergara Montes,SI,Gerente de Análisis Macroeconómico,Presidente del Banco Central,SI,,Presidente del Banco Central,LISTA_ASISTENCIA,,CONTEXTO_REVISADO,12,"A juicio de Presidente señor Rodrigo Vergara, ello constituiría la principal sorpresa cuando se compara Chile con las restantes economías mundiales.",Evolución del mercado laboral y empleo,mercado_laboral,mercado laboral,mercado_laboral,NO,NO,NO,Hablante por contexto documentado: HAB-20260908-L25-4926-1752 (data/curation/revisiones_hablantes.json; no cotejo PDF); Rol según lista de asistencia: Presidente del Banco Central,RPM-2012-07-12:4926:2,2,XLSX_ORIGINAL,NO,NO,RPM-2012-07-12:4926:B2,SIN_ALERTAS_AUTOMATICAS,,RPM-2012-07-12:T34,SIN_CONTINUIDAD_CONFIRMADA,,
4926,RESEGMENTACION,b91b2650851fe5da1c40db1d501feea2f9319058e28f9df8b27abe515168e419,Despues,6905,RPM-2012-07-12,2012-07-12 00:00:00,Claudio Soto Gamboa,Claudio Soto Gamboa,NO,Gerente de Análisis Macroeconómico,Gerente de Análisis Macroeconómico,NO,,Gerente de Análisis Macroeconómico,LISTA_ASISTENCIA,,SUJETO_NOMBRE,12,"El señor Claudio Soto indica que parte de este aumento se explicaría por una expansión significativa de la producción de potasio, impulsada por Soquimich, y la recuperación de la industria procesadora de salmones.",Evolución del mercado laboral y empleo,mercado_laboral,mercado laboral,mercado_laboral,NO,NO,NO,Rol según lista de asistencia: Gerente de Análisis Macroeconómico,RPM-2012-07-12:4926:3,3,XLSX_ORIGINAL,NO,NO,RPM-2012-07-12:4926:B3,SIN_ALERTAS_AUTOMATICAS,,RPM-2012-07-12:T35,INICIO_EXPLICITO,,RPM-2012-07-12:4926:3
5212,DUPLICADO_RECALCULADO,02c25d8e8a9ba21f879e2e90631a0891add07dd050b6817fd692baf7307a5b36,Antes,7220,RPM-2012-11-13,2012-11-13 00:00:00,Consejo del Banco Central de Chile,Luis Óscar Herrera Barriga,SI,Consejo,Gerente de División Estudios,SI,,Gerente de División Estudios,LISTA_ASISTENCIA,,SUJETO_ROL_NOMBRE,21,"El Gerente de División Estudios señor Luis Óscar Herrera concluye su exposición manifestando que conforme a las consideraciones expuestas, esa Gerencia propone al Consejo mantener la Tasa de Política Monetaria en su nivel actual.",Acuerdo de Política Monetaria y comunicado oficial,acuerdo_comunicado,acuerdo y comunicado,acuerdo_comunicado,NO,SI,NO,Rol según lista de asistencia: Gerente de División Estudios,RPM-2012-11-13:5212:1,1,XLSX_ORIGINAL,NO,NO,RPM-2012-11-13:5212:B1,PENDIENTE_REVISION,DUPLICADO_NO_FORMULA,RPM-2012-11-13:T56,CONTINUIDAD_EXPLICITA,RPM-2012-11-13:5211:1,RPM-2012-11-13:5212:1
5212,DUPLICADO_RECALCULADO,02c25d8e8a9ba21f879e2e90631a0891add07dd050b6817fd692baf7307a5b36,Antes,7221,RPM-2012-11-13,2012-11-13 00:00:00,Consejo del Banco Central de Chile,Rodrigo Vergara Montes,SI,Consejo,Presidente del Banco Central,SI,,Presidente del Banco Central,LISTA_ASISTENCIA,,LECTOR_DOCUMENTO_REVISADO,21,"Al proseguir con la Sesión, el señor Presidente informa que el Ministro de Hacienda señor Felipe Larraín, por intermedio de su Asesor señor Rodrigo Cerda, le ha hecho llegar su planteamiento por escrito, al que dará lectura a continuación:",Acuerdo de Política Monetaria y comunicado oficial,acuerdo_comunicado,acuerdo y comunicado,acuerdo_comunicado,NO,NO,NO,Lectura documental DOC-20260907-5212: autor=Felipe Larraín Bascuñán; lector=Rodrigo Vergara Montes; asistencia del autor no inferida; data/curation/revisiones_documentos_leidos.json; Rol según lista de asistencia: Presidente del Banco Central,RPM-2012-11-13:5212:2,2,XLSX_ORIGINAL,NO,NO,RPM-2012-11-13:5212:B2,SIN_ALERTAS_AUTOMATICAS,,RPM-2012-11-13:T57,SIN_CONTINUIDAD_CONFIRMADA,,
5212,DUPLICADO_RECALCULADO,02c25d8e8a9ba21f879e2e90631a0891add07dd050b6817fd692baf7307a5b36,Antes,7222,RPM-2012-11-13,2012-11-13 00:00:00,Consejo del Banco Central de Chile,Felipe Larraín Bascuñán,SI,Consejo,Ministro de Hacienda,SI,,,CARGO_DOCUMENTAL_REVISADO,OPINION_ESCRITA,DOCUMENTO_ESCRITO_REVISADO,21,"“El escenario económico en el último mes sigue mostrando a nivel local el dinamismo de la actividad y la inflación bajo control. En el escenario externo no se observan grandes cambios, en el cual persisten los problemas fundamentales en Europa, en que han vuelto a surgir las tensiones por las discrepancias entre los Ministros de Finanzas de la Zona Euro y el Fondo Monetario Internacional sobre el plazo a conceder a Grecia para realizar los ajustes fiscales necesarios. De este modo, la percepción de riesgo ha subido ligeramente desde sus niveles en la última Reunión de Política Monetaria, lo que se refleja en que los CDS a 5 años en España se encuentran 78 puntos por sobre su nivel desde dicha fecha; los de Italia, 82 puntos mayor; y, en Francia, el aumento ha sido de 16 puntos. La producción industrial de la Zona Euro en el mes de agosto pasado decreció 2,9% en 12 meses, tras la caída de 2,8% del mes anterior. En este aspecto, destaca la caída anual de 5,2% en Italia y de 3,2% en España. En Alemania, el sector decreció 1,6%, mientras que en Francia, registró un modesto crecimiento de 0,3%. La economía de Estados Unidos de América muestra alguna mejoría, pero han surgido nuevas preocupaciones. De acuerdo al avance proporcionado por la Oficina de Análisis Económico, el crecimiento del tercer trimestre de 2012 se ubicó en 2% trimestral anualizado y desestacionalizado, acelerándose respecto al 1,3% del trimestre anterior. La creación mensual de empleo en octubre fue de 171 mil puestos, superando los 148 mil del mes anterior. En lo referente al sector industrial, el PMI manufacturero se ubicó en 51.7 puntos en octubre último, superior a los 51.5 del mes anterior, manteniéndose en zona de expansión. Pese a estos mejores indicadores han surgido preocupaciones sobre el ajuste fiscal que necesita hacer ese país y que en caso de no llegarse a acuerdo en el Congreso, se materializaría en forma abrupta a comienzos del año 2013, lo que podría traer importantes repercusiones para esa economía y el resto del mundo. En el mes de octubre la economía china mostró alguna mejoría en sus indicadores. La producción industrial creció 9,6% en 12 meses durante ese mes, tras un 9,2% en septiembre, mientras que las ventas minoristas crecieron 14,5%, frente al 14,2% de septiembre. Las exportaciones, en tanto, se aceleraron, con un crecimiento de 11,6% en el mes de octubre tras el 9,9% de septiembre y el 2,7% de agosto. Por otro lado, la inflación en octubre último se ubicó en 1,7% en 12 meses, tras el 1,9% del mes previo, otorgando mayor rango de maniobra a la autoridad para actuar. De acuerdo al último Consensus Forecasts la proyección de crecimiento para China en 2012 es de 7,7%, inferior al crecimiento de 9,3% de 2011. En definitiva, el escenario económico internacional actual sigue influido por los efectos de la crisis en la Zona Euro, aunque han surgido nuevos temores, lo que afecta a otras economías del mundo, en particular, a las economías emergentes. En el ámbito interno, la actividad económica se mantiene dinámica donde pese a contar con 4 días hábiles menos, el país alcanzó un crecimiento de 4,6% en septiembre, bastante superior a los pronósticos de mercado, que apuntaban a un incremento de 3,5%. Las expectativas de crecimiento para este año registran un incremento en la Encuesta de Expectativas Económicas del Banco Central de Chile, ya que en noviembre en curso, el crecimiento esperado para 2012 es de 5,2%, superior al 5,1% de la encuesta de octubre y el 5% de septiembre. El mercado laboral muestra una importante moderación en la creación de puestos de trabajo, aunque el reporte del trimestre julio a septiembre registró un crecimiento del empleo de 1,6%, acelerándose en relación al 1% del trimestre junio-agosto. Por su parte, los salarios reales continúan creciendo, por lo que la evolución de la masa salarial ha permitido sostener el crecimiento del consumo. Por otra parte, las importaciones de bienes de capital repuntaron en octubre, creciendo 24% en 12 meses, tras una disminución de 10,2% el mes previo. Sin embargo, el sector externo chileno sigue siendo afectado por la situación internacional. Al mes de octubre de 2012, las exportaciones de bienes acumulan una caída de 4% anual y a su vez, el valor de las exportaciones de bienes a Europa en septiembre disminuyó 2,5% en 12 meses, mientras que las destinadas a China, lo hicieron en 13,7%. De esta manera, se ha configurado un escenario local en donde la fortaleza de la demanda interna ha logrado contrarrestar los efectos negativos de la menor demanda externa. En cuanto a los precios, la inflación registró un incremento de 0.6% en octubre, llegando a un nivel de 2.9% en 12 meses. El citado aumento mensual fue influenciado fundamentalmente por alzas en la división de alimentos y bebidas no alcohólicas. Con todo, las medidas subyacentes se encuentran en niveles en torno a 2% y, por ende, continuamos en un escenario de inflación controlada. De hecho, a pesar de la inflación del mes de octubre pasado, las expectativas de inflación se mantienen contenidas. De acuerdo a la última Encuesta de Expectativas Económicas del Banco Central de Chile la inflación en noviembre sería de 0.1% mensual, y en diciembre de 0.2%, con lo que implícitamente, a fines de 2012 se ubicaría en 2.3% anual, cerca del piso del rango de tolerancia del Banco. Para fines de 2013 las expectativas se mantienen ancladas en 3% anual y por su parte, las compensaciones inflacionarias a 2 años se ubican en niveles de 2.58%. En este escenario, se sugiere mantener la tasa de política monetaria en su nivel actual y validar así las expectativas del mercado. La economía chilena muestra signos de resiliencia, pero no ha soslayado por completo el impacto de la recesión europea y la desaceleración de los mercados emergentes, así como la incertidumbre que aún persiste. En este contexto parece necesario mantener la pausa para continuar acumulando información acerca de la evolución económica internacional y su impacto sobre la economía nacional.”",Acuerdo de Política Monetaria y comunicado oficial,acuerdo_comunicado,acuerdo y comunicado,acuerdo_comunicado,NO,NO,NO,Lectura documental DOC-20260907-5212: autor=Felipe Larraín Bascuñán; lector=Rodrigo Vergara Montes; asistencia del autor no inferida; data/curation/revisiones_documentos_leidos.json,RPM-2012-11-13:5212:3,3,XLSX_ORIGINAL,NO,NO,RPM-2012-11-13:5212:B3,PENDIENTE_REVISION,TEXTO_ESCRITO_LEIDO_POR_TERCERO,RPM-2012-11-13:T58,DOCUMENTO_PERSONAL,,
5212,DUPLICADO_RECALCULADO,02c25d8e8a9ba21f879e2e90631a0891add07dd050b6817fd692baf7307a5b36,Antes,7223,RPM-2012-11-13,2012-11-13 00:00:00,Consejo del Banco Central de Chile,Rodrigo Vergara Montes,SI,Consejo,Presidente del Banco Central,SI,,Presidente del Banco Central,LISTA_ASISTENCIA,,LECTOR_DOCUMENTO_REVISADO,21,"Concluida la lectura de la opinión formulada por el señor Ministro de Hacienda y para efectos de proseguir con la Sesión, el Presidente señor Rodrigo Vergara da paso a la votación y, en primer lugar, ofrece la palabra al Consejero señor Joaquín Vial.",Acuerdo de Política Monetaria y comunicado oficial,acuerdo_comunicado,acuerdo y comunicado,acuerdo_comunicado,NO,NO,NO,Lectura documental DOC-20260907-5212: autor=Felipe Larraín Bascuñán; lector=Rodrigo Vergara Montes; asistencia del autor no inferida; data/curation/revisiones_documentos_leidos.json; Rol según lista de asistencia: Presidente del Banco Central,RPM-2012-11-13:5212:4,4,XLSX_ORIGINAL,NO,NO,RPM-2012-11-13:5212:B4,SIN_ALERTAS_AUTOMATICAS,,RPM-2012-11-13:T59,SIN_CONTINUIDAD_CONFIRMADA,,
5212,DUPLICADO_RECALCULADO,02c25d8e8a9ba21f879e2e90631a0891add07dd050b6817fd692baf7307a5b36,Despues,7236,RPM-2012-11-13,2012-11-13 00:00:00,Consejo del Banco Central de Chile,Luis Óscar Herrera Barriga,SI,Consejo,Gerente de División Estudios,SI,,Gerente de División Estudios,LISTA_ASISTENCIA,,SUJETO_ROL_NOMBRE,21,"El Gerente de División Estudios señor Luis Óscar Herrera concluye su exposición manifestando que conforme a las consideraciones expuestas, esa Gerencia propone al Consejo mantener la Tasa de Política Monetaria en su nivel actual.",Acuerdo de Política Monetaria y comunicado oficial,acuerdo_comunicado,acuerdo y comunicado,acuerdo_comunicado,NO,SI,NO,Rol según lista de asistencia: Gerente de División Estudios,RPM-2012-11-13:5212:1,1,XLSX_ORIGINAL,NO,NO,RPM-2012-11-13:5212:B1,PENDIENTE_REVISION,DUPLICADO_NO_FORMULA,RPM-2012-11-13:T56,CONTINUIDAD_EXPLICITA,RPM-2012-11-13:5211:1,RPM-2012-11-13:5212:1
5212,DUPLICADO_RECALCULADO,02c25d8e8a9ba21f879e2e90631a0891add07dd050b6817fd692baf7307a5b36,Despues,7237,RPM-2012-11-13,2012-11-13 00:00:00,Consejo del Banco Central de Chile,Rodrigo Vergara Montes,SI,Consejo,Presidente del Banco Central,SI,,Presidente del Banco Central,LISTA_ASISTENCIA,,LECTOR_DOCUMENTO_REVISADO,21,"Al proseguir con la Sesión, el señor Presidente informa que el Ministro de Hacienda señor Felipe Larraín, por intermedio de su Asesor señor Rodrigo Cerda, le ha hecho llegar su planteamiento por escrito, al que dará lectura a continuación:",Acuerdo de Política Monetaria y comunicado oficial,acuerdo_comunicado,acuerdo y comunicado,acuerdo_comunicado,NO,SI,NO,Lectura documental DOC-20260907-5212: autor=Felipe Larraín Bascuñán; lector=Rodrigo Vergara Montes; asistencia del autor no inferida; data/curation/revisiones_documentos_leidos.json; Rol según lista de asistencia: Presidente del Banco Central,RPM-2012-11-13:5212:2,2,XLSX_ORIGINAL,NO,NO,RPM-2012-11-13:5212:B2,PENDIENTE_REVISION,DUPLICADO_NO_FORMULA,RPM-2012-11-13:T57,SIN_CONTINUIDAD_CONFIRMADA,,
5212,DUPLICADO_RECALCULADO,02c25d8e8a9ba21f879e2e90631a0891add07dd050b6817fd692baf7307a5b36,Despues,7238,RPM-2012-11-13,2012-11-13 00:00:00,Consejo del Banco Central de Chile,Felipe Larraín Bascuñán,SI,Consejo,Ministro de Hacienda,SI,,,CARGO_DOCUMENTAL_REVISADO,OPINION_ESCRITA,DOCUMENTO_ESCRITO_REVISADO,21,"“El escenario económico en el último mes sigue mostrando a nivel local el dinamismo de la actividad y la inflación bajo control. En el escenario externo no se observan grandes cambios, en el cual persisten los problemas fundamentales en Europa, en que han vuelto a surgir las tensiones por las discrepancias entre los Ministros de Finanzas de la Zona Euro y el Fondo Monetario Internacional sobre el plazo a conceder a Grecia para realizar los ajustes fiscales necesarios. De este modo, la percepción de riesgo ha subido ligeramente desde sus niveles en la última Reunión de Política Monetaria, lo que se refleja en que los CDS a 5 años en España se encuentran 78 puntos por sobre su nivel desde dicha fecha; los de Italia, 82 puntos mayor; y, en Francia, el aumento ha sido de 16 puntos. La producción industrial de la Zona Euro en el mes de agosto pasado decreció 2,9% en 12 meses, tras la caída de 2,8% del mes anterior. En este aspecto, destaca la caída anual de 5,2% en Italia y de 3,2% en España. En Alemania, el sector decreció 1,6%, mientras que en Francia, registró un modesto crecimiento de 0,3%. La economía de Estados Unidos de América muestra alguna mejoría, pero han surgido nuevas preocupaciones. De acuerdo al avance proporcionado por la Oficina de Análisis Económico, el crecimiento del tercer trimestre de 2012 se ubicó en 2% trimestral anualizado y desestacionalizado, acelerándose respecto al 1,3% del trimestre anterior. La creación mensual de empleo en octubre fue de 171 mil puestos, superando los 148 mil del mes anterior. En lo referente al sector industrial, el PMI manufacturero se ubicó en 51.7 puntos en octubre último, superior a los 51.5 del mes anterior, manteniéndose en zona de expansión. Pese a estos mejores indicadores han surgido preocupaciones sobre el ajuste fiscal que necesita hacer ese país y que en caso de no llegarse a acuerdo en el Congreso, se materializaría en forma abrupta a comienzos del año 2013, lo que podría traer importantes repercusiones para esa economía y el resto del mundo. En el mes de octubre la economía china mostró alguna mejoría en sus indicadores. La producción industrial creció 9,6% en 12 meses durante ese mes, tras un 9,2% en septiembre, mientras que las ventas minoristas crecieron 14,5%, frente al 14,2% de septiembre. Las exportaciones, en tanto, se aceleraron, con un crecimiento de 11,6% en el mes de octubre tras el 9,9% de septiembre y el 2,7% de agosto. Por otro lado, la inflación en octubre último se ubicó en 1,7% en 12 meses, tras el 1,9% del mes previo, otorgando mayor rango de maniobra a la autoridad para actuar. De acuerdo al último Consensus Forecasts la proyección de crecimiento para China en 2012 es de 7,7%, inferior al crecimiento de 9,3% de 2011. En definitiva, el escenario económico internacional actual sigue influido por los efectos de la crisis en la Zona Euro, aunque han surgido nuevos temores, lo que afecta a otras economías del mundo, en particular, a las economías emergentes. En el ámbito interno, la actividad económica se mantiene dinámica donde pese a contar con 4 días hábiles menos, el país alcanzó un crecimiento de 4,6% en septiembre, bastante superior a los pronósticos de mercado, que apuntaban a un incremento de 3,5%. Las expectativas de crecimiento para este año registran un incremento en la Encuesta de Expectativas Económicas del Banco Central de Chile, ya que en noviembre en curso, el crecimiento esperado para 2012 es de 5,2%, superior al 5,1% de la encuesta de octubre y el 5% de septiembre. El mercado laboral muestra una importante moderación en la creación de puestos de trabajo, aunque el reporte del trimestre julio a septiembre registró un crecimiento del empleo de 1,6%, acelerándose en relación al 1% del trimestre junio-agosto. Por su parte, los salarios reales continúan creciendo, por lo que la evolución de la masa salarial ha permitido sostener el crecimiento del consumo. Por otra parte, las importaciones de bienes de capital repuntaron en octubre, creciendo 24% en 12 meses, tras una disminución de 10,2% el mes previo. Sin embargo, el sector externo chileno sigue siendo afectado por la situación internacional. Al mes de octubre de 2012, las exportaciones de bienes acumulan una caída de 4% anual y a su vez, el valor de las exportaciones de bienes a Europa en septiembre disminuyó 2,5% en 12 meses, mientras que las destinadas a China, lo hicieron en 13,7%. De esta manera, se ha configurado un escenario local en donde la fortaleza de la demanda interna ha logrado contrarrestar los efectos negativos de la menor demanda externa. En cuanto a los precios, la inflación registró un incremento de 0.6% en octubre, llegando a un nivel de 2.9% en 12 meses. El citado aumento mensual fue influenciado fundamentalmente por alzas en la división de alimentos y bebidas no alcohólicas. Con todo, las medidas subyacentes se encuentran en niveles en torno a 2% y, por ende, continuamos en un escenario de inflación controlada. De hecho, a pesar de la inflación del mes de octubre pasado, las expectativas de inflación se mantienen contenidas. De acuerdo a la última Encuesta de Expectativas Económicas del Banco Central de Chile la inflación en noviembre sería de 0.1% mensual, y en diciembre de 0.2%, con lo que implícitamente, a fines de 2012 se ubicaría en 2.3% anual, cerca del piso del rango de tolerancia del Banco. Para fines de 2013 las expectativas se mantienen ancladas en 3% anual y por su parte, las compensaciones inflacionarias a 2 años se ubican en niveles de 2.58%. En este escenario, se sugiere mantener la tasa de política monetaria en su nivel actual y validar así las expectativas del mercado. La economía chilena muestra signos de resiliencia, pero no ha soslayado por completo el impacto de la recesión europea y la desaceleración de los mercados emergentes, así como la incertidumbre que aún persiste. En este contexto parece necesario mantener la pausa para continuar acumulando información acerca de la evolución económica internacional y su impacto sobre la economía nacional.”",Acuerdo de Política Monetaria y comunicado oficial,acuerdo_comunicado,acuerdo y comunicado,acuerdo_comunicado,NO,NO,NO,Lectura documental DOC-20260907-5212: autor=Felipe Larraín Bascuñán; lector=Rodrigo Vergara Montes; asistencia del autor no inferida; data/curation/revisiones_documentos_leidos.json,RPM-2012-11-13:5212:3,3,XLSX_ORIGINAL,NO,NO,RPM-2012-11-13:5212:B3,PENDIENTE_REVISION,TEXTO_ESCRITO_LEIDO_POR_TERCERO,RPM-2012-11-13:T58,DOCUMENTO_PERSONAL,,
5212,DUPLICADO_RECALCULADO,02c25d8e8a9ba21f879e2e90631a0891add07dd050b6817fd692baf7307a5b36,Despues,7239,RPM-2012-11-13,2012-11-13 00:00:00,Consejo del Banco Central de Chile,Rodrigo Vergara Montes,SI,Consejo,Presidente del Banco Central,SI,,Presidente del Banco Central,LISTA_ASISTENCIA,,LECTOR_DOCUMENTO_REVISADO,21,"Concluida la lectura de la opinión formulada por el señor Ministro de Hacienda y para efectos de proseguir con la Sesión, el Presidente señor Rodrigo Vergara da paso a la votación y, en primer lugar, ofrece la palabra al Consejero señor Joaquín Vial.",Acuerdo de Política Monetaria y comunicado oficial,acuerdo_comunicado,acuerdo y comunicado,acuerdo_comunicado,NO,SI,SI,Lectura documental DOC-20260907-5212: autor=Felipe Larraín Bascuñán; lector=Rodrigo Vergara Montes; asistencia del autor no inferida; data/curation/revisiones_documentos_leidos.json; Rol según lista de asistencia: Presidente del Banco Central,RPM-2012-11-13:5212:4,4,XLSX_ORIGINAL,NO,NO,RPM-2012-11-13:5212:B4,SIN_ALERTAS_AUTOMATICAS,,RPM-2012-11-13:T59,SIN_CONTINUIDAD_CONFIRMADA,,
6073,RESEGMENTACION,4e65ac598758ed601f9bdb8e5cadd403e2cb99e6fc25bf37ffa472bbc17919b9,Antes,8231,RPM-2014-03-13,2014-03-13 00:00:00,Sergio Lehmann Beresi,Sergio Lehmann Beresi,NO,Gerente de Análisis Internacional,Gerente de Análisis Internacional,NO,,Gerente de Análisis Internacional,LISTA_ASISTENCIA,,SUJETO_NOMBRE,10,"El señor Sergio Lehmann indica que el dato antedicho está disponible con un grado de rezago. En cuanto a los elementos que han incidido en la caída del precio del cobre, el Consejero señor Sebastián Claro cita la cesación de pago de la empresa china y las expectativas de no pago del próximo vencimiento de otra empresa china del mismo rubro. Plantea que el gobierno de ese país no estaría dispuesto a garantizar bonos corporativos, como se desprende de las declaraciones formuladas por el Primer Ministro chino en el día de hoy en cuanto a la posible materialización de nuevas cesaciones de pagos de bonos como un proceso natural de normalización del sistema financiero. Entre ¡os elementos de preocupación, manifiesta que entre ei 40 y el 45% de los inventarios de cobre en almacenes en China correspondería a colaterales, lo que representa alrededor del 40% de los inventarios globales de este metal. Agrega que también genera preocupación ei que ¡os créditos obtenidos usando cobre como colateral serían destinados para el financiamiento de empresas o traspasados al shadow banking para financiar la compra de bienes raíces. En este sentido, corrobora lo expresado por el Consejero señor Joaquín Vial en cuanto a que ello estaría llevando a menor uso de cobre como colateral para efectos financieros. Por otra parte, hace notar el aumento del riesgo corporativo de China desde 100 a 250 puntos base, en línea con la mayor preocupación respecto de eventuales cesaciones de pago. En cuanto a los elementos de moderación, plantea que para los próximos cinco años se espera un crecimiento del consumo de cobre en China a tasas menores pero más estables que en períodos previos; se proyecta un aumento de la demanda del metal por parte de Estados Unidos de América y la Zona Euro; y las declaraciones de autoridades chinas en el sentido que adoptarán medidas tendientes a mantener inalterado el funcionamiento de los mercados de financiamiento de ese país.",Evolución de mercados financieros y tipo de cambio,mercados_financieros,mercados financieros,mercados_financieros,NO,NO,NO,Rol según lista de asistencia: Gerente de Análisis Internacional,RPM-2014-03-13:6073:1,1,XLSX_ORIGINAL,NO,NO,RPM-2014-03-13:6073:B1,SIN_ALERTAS_AUTOMATICAS,,RPM-2014-03-13:T21,INICIO_EXPLICITO,,RPM-2014-03-13:6073:1
6073,RESEGMENTACION,4e65ac598758ed601f9bdb8e5cadd403e2cb99e6fc25bf37ffa472bbc17919b9,Despues,8247,RPM-2014-03-13,2014-03-13 00:00:00,Sergio Lehmann Beresi,Sergio Lehmann Beresi,NO,Gerente de Análisis Internacional,Gerente de Análisis Internacional,NO,,Gerente de Análisis Internacional,LISTA_ASISTENCIA,,SUJETO_NOMBRE,10,El señor Sergio Lehmann indica que el dato antedicho está disponible con un grado de rezago.,Evolución de mercados financieros y tipo de cambio,mercados_financieros,mercados financieros,mercados_financieros,NO,NO,NO,Rol según lista de asistencia: Gerente de Análisis Internacional,RPM-2014-03-13:6073:1,1,XLSX_ORIGINAL,NO,NO,RPM-2014-03-13:6073:B1,SIN_ALERTAS_AUTOMATICAS,,RPM-2014-03-13:T21,INICIO_EXPLICITO,,RPM-2014-03-13:6073:1
6073,RESEGMENTACION,4e65ac598758ed601f9bdb8e5cadd403e2cb99e6fc25bf37ffa472bbc17919b9,Despues,8248,RPM-2014-03-13,2014-03-13 00:00:00,Sergio Lehmann Beresi,Sebastián Claro Edwards,SI,Gerente de Análisis Internacional,Consejero,SI,,Consejero,LISTA_ASISTENCIA,,CONTEXTO_REVISADO,10,"En cuanto a los elementos que han incidido en la caída del precio del cobre, el Consejero señor Sebastián Claro cita la cesación de pago de la empresa china y las expectativas de no pago del próximo vencimiento de otra empresa china del mismo rubro. Plantea que el gobierno de ese país no estaría dispuesto a garantizar bonos corporativos, como se desprende de las declaraciones formuladas por el Primer Ministro chino en el día de hoy en cuanto a la posible materialización de nuevas cesaciones de pagos de bonos como un proceso natural de normalización del sistema financiero. Entre ¡os elementos de preocupación, manifiesta que entre ei 40 y el 45% de los inventarios de cobre en almacenes en China correspondería a colaterales, lo que representa alrededor del 40% de los inventarios globales de este metal. Agrega que también genera preocupación ei que ¡os créditos obtenidos usando cobre como colateral serían destinados para el financiamiento de empresas o traspasados al shadow banking para financiar la compra de bienes raíces. En este sentido, corrobora lo expresado por el Consejero señor Joaquín Vial en cuanto a que ello estaría llevando a menor uso de cobre como colateral para efectos financieros. Por otra parte, hace notar el aumento del riesgo corporativo de China desde 100 a 250 puntos base, en línea con la mayor preocupación respecto de eventuales cesaciones de pago. En cuanto a los elementos de moderación, plantea que para los próximos cinco años se espera un crecimiento del consumo de cobre en China a tasas menores pero más estables que en períodos previos; se proyecta un aumento de la demanda del metal por parte de Estados Unidos de América y la Zona Euro; y las declaraciones de autoridades chinas en el sentido que adoptarán medidas tendientes a mantener inalterado el funcionamiento de los mercados de financiamiento de ese país.",Evolución de mercados financieros y tipo de cambio,mercados_financieros,mercados financieros,mercados_financieros,NO,NO,NO,Hablante por contexto documentado: HAB-20260908-L25-6073-93 (data/curation/revisiones_hablantes.json; no cotejo PDF); Rol según lista de asistencia: Consejero,RPM-2014-03-13:6073:2,2,XLSX_ORIGINAL,NO,NO,RPM-2014-03-13:6073:B2,SIN_ALERTAS_AUTOMATICAS,,RPM-2014-03-13:T22,SIN_CONTINUIDAD_CONFIRMADA,,
