ID_Padre,Tipo,SHA256_Texto_Padre,Version,ID,Id_Sesion,Fecha,Actor_Original,Actor_Final,Actor_Corregido,Rol_Fuente,Rol_Final,Rol_Corregido,Rol_Detectado_Texto,Rol_Lista_Asistencia,Fuente_Rol,Tipo_Acta,Fuente_Actor,Página,Texto,Tema_Original,Tema_Categoria,Palabra_Clave_Original,Palabra_Clave_Categoria,Texto_Truncado,Duplicado_Exacto,Duplicado_Formula,Nota,ID_Intervencion,Numero_Segmento,Fuente_Texto,Duplicado_Exacto_Origen,Duplicado_Formula_Origen,ID_Bloque_Texto,Estado_Revision,Motivos_Revision,ID_Turno,Relacion_Turno,ID_Antecedente_Continuidad,ID_Ancla_Actor
3071,AUTOR_Y_LECTOR_DOCUMENTAL,b568e2b93660472ff2c5356701f764426fff11720b5fa3480d1c9c4adb7e68ea,Antes,4578,RPM-2010-04-15,2010-04-15 00:00:00,Felipe Larraín Bascuñán,José De Gregorio Rebeco,SI,Ministro de Hacienda,Presidente del Banco Central,SI,,Presidente del Banco Central,LISTA_ASISTENCIA,,SUJETO_ROL_SESION,18,"El Presidente agradece los comentarios del Gerente de División Estudios y, a continuación, debido a la imposibilidad del Ministro de Hacienda, señor Felipe Larraín, de asistir a la sesión de la tarde, da lectura a los comentarios que hizo llegar a través de su asesor, señor Rodrigo Cerda: ""La cifra de inflación de marzo de 0,1% mensual (y 0,3% en 12 meses) constituyó na muy buena noticia para los chilenos. Las alzas en educación y alimentos fueron contrarrestadas por las caídas en transporte y recreación y cultura. El IPCX aumentó 0,1% ensual y el IPCX1 no tuvo variación.Estas cifras sugieren que la inflación está aún acotada. Es cierto que para abril se esperan presiones inflacionarias, tanto por las alzas en los combustibles así como por el aumento de precios en el Transantiago, pero eso no cambia el escenario de onda para la inflación. Además, de acuerdo con la Encuesta de Expectativas Económicas de abril, las expectativas de inflación continúan dentro del rango de tolerancia del Banco Central. Así, la inflación esperada para 2010 es de un 3,7%, igual a la proyectada en el IPoM, mientras que para 2011 las expectativas no han cambiado tras el terremoto y continúan ancladas en el 3%, lo que confirma la visión de que el mercado ve el shock como transitorio y con efectos únicamente en 2010. Además, las expectativas de inflación usando tasas de mercado (TAB a 360 días) arrojan un valor de 2,5%. De la misma manera, al usar las tasas de los BCP y BCU a 5 años, las expectativas de inflación alcanzan un 3,3%. De estos datos se desprende que las expectativas de inflación siguen contenidas, incluso a plazos más largos. La evolución de otros precios claves, como el tipo de cambio y los salarios nominales, nos entregan otra señal de que la inflación se encuentra contenida. Por una parte, durante febrero los salarios nominales crecieron 2,6% en 12 meses, mientras que el costo de la mano de obra lo hizo en 3,2%. Por su parte, el peso se ha apreciado desde el cierre de fines de febrero. Actualmente, el tipo de cambio se ubica en tomo a los $520, lo que representa una caída de 1,8% respecto de dicha fecha. Por otra parte, el mercado ha intemalizado los escenarios delineados en el IPoM, en que la tasa de crecimiento del PIB sufre un leve deterioro este año y tiende a recuperarse el próximo. Estos escenarios tienen supuestos sobre la política fiscal que, en lo grueso, son concordantes con nuestra visión. Si bien la demanda agregada se ve muy impulsada por los esfuerzos de reconstrucción, es importante destacar que el mayor incremento en la demanda debería venir por el lado de la inversión y no tanto de consumo, por lo que la presión sobre los precios de los bienes no transables debería no ser tan intensa por este mecanismo. Si a eso le sumamos que desde la última Reunión de Política Monetaria tanto las perspectivas de crecimiento mundial así como los precios de los commodities no han cambiado significativamente, por el momento creemos que los efectos inflacionarios vía este canal de transmisión son también acotados. Por estas razones, como Ministerio de Hacienda creemos que lo más adecuado es mantener la tasa de política monetaria en su nivel actual.” Finalizada la lectura de los comentarios del señor Ministro de Hacienda, el señor Presidente da paso a la votación.",Acuerdo de Política Monetaria y comunicado oficial,acuerdo_comunicado,acuerdo y comunicado,acuerdo_comunicado,NO,NO,NO,Rol según lista de asistencia: Presidente del Banco Central,RPM-2010-04-15:3071:1,1,XLSX_ORIGINAL,NO,NO,RPM-2010-04-15:3071:B1,SIN_ALERTAS_AUTOMATICAS,,RPM-2010-04-15:T73,INICIO_EXPLICITO,,RPM-2010-04-15:3071:1
3071,AUTOR_Y_LECTOR_DOCUMENTAL,b568e2b93660472ff2c5356701f764426fff11720b5fa3480d1c9c4adb7e68ea,Despues,4578,RPM-2010-04-15,2010-04-15 00:00:00,Felipe Larraín Bascuñán,José De Gregorio Rebeco,SI,Ministro de Hacienda,Presidente del Banco Central,SI,,Presidente del Banco Central,LISTA_ASISTENCIA,,SUJETO_ROL_SESION,18,El Presidente agradece los comentarios del Gerente de División Estudios,Acuerdo de Política Monetaria y comunicado oficial,acuerdo_comunicado,acuerdo y comunicado,acuerdo_comunicado,NO,NO,NO,Rol según lista de asistencia: Presidente del Banco Central,RPM-2010-04-15:3071:1,1,XLSX_ORIGINAL,NO,NO,RPM-2010-04-15:3071:B1,PENDIENTE_REVISION,FINAL_SIN_PUNTUACION,RPM-2010-04-15:T73,INICIO_EXPLICITO,,RPM-2010-04-15:3071:1
3071,AUTOR_Y_LECTOR_DOCUMENTAL,b568e2b93660472ff2c5356701f764426fff11720b5fa3480d1c9c4adb7e68ea,Despues,4579,RPM-2010-04-15,2010-04-15 00:00:00,Felipe Larraín Bascuñán,José De Gregorio Rebeco,SI,Ministro de Hacienda,Presidente del Banco Central,SI,,Presidente del Banco Central,LISTA_ASISTENCIA,,LECTOR_DOCUMENTO_REVISADO,18,"y, a continuación, debido a la imposibilidad del Ministro de Hacienda, señor Felipe Larraín, de asistir a la sesión de la tarde, da lectura a los comentarios que hizo llegar a través de su asesor, señor Rodrigo Cerda:",Acuerdo de Política Monetaria y comunicado oficial,acuerdo_comunicado,acuerdo y comunicado,acuerdo_comunicado,NO,NO,NO,Lectura documental DOC-20260908-L26-3071: autor=Felipe Larraín Bascuñán; lector=José De Gregorio Rebeco; asistencia del autor no inferida; data/curation/revisiones_documentos_leidos.json; Rol según lista de asistencia: Presidente del Banco Central,RPM-2010-04-15:3071:2,2,XLSX_ORIGINAL,NO,NO,RPM-2010-04-15:3071:B2,SIN_ALERTAS_AUTOMATICAS,,RPM-2010-04-15:T74,SIN_CONTINUIDAD_CONFIRMADA,,
3071,AUTOR_Y_LECTOR_DOCUMENTAL,b568e2b93660472ff2c5356701f764426fff11720b5fa3480d1c9c4adb7e68ea,Despues,4580,RPM-2010-04-15,2010-04-15 00:00:00,Felipe Larraín Bascuñán,Felipe Larraín Bascuñán,NO,Ministro de Hacienda,Ministro de Hacienda,NO,,,CARGO_DOCUMENTAL_REVISADO,OPINION_ESCRITA,DOCUMENTO_ESCRITO_REVISADO,18,"""La cifra de inflación de marzo de 0,1% mensual (y 0,3% en 12 meses) constituyó na muy buena noticia para los chilenos. Las alzas en educación y alimentos fueron contrarrestadas por las caídas en transporte y recreación y cultura. El IPCX aumentó 0,1% ensual y el IPCX1 no tuvo variación.Estas cifras sugieren que la inflación está aún acotada. Es cierto que para abril se esperan presiones inflacionarias, tanto por las alzas en los combustibles así como por el aumento de precios en el Transantiago, pero eso no cambia el escenario de onda para la inflación. Además, de acuerdo con la Encuesta de Expectativas Económicas de abril, las expectativas de inflación continúan dentro del rango de tolerancia del Banco Central. Así, la inflación esperada para 2010 es de un 3,7%, igual a la proyectada en el IPoM, mientras que para 2011 las expectativas no han cambiado tras el terremoto y continúan ancladas en el 3%, lo que confirma la visión de que el mercado ve el shock como transitorio y con efectos únicamente en 2010. Además, las expectativas de inflación usando tasas de mercado (TAB a 360 días) arrojan un valor de 2,5%. De la misma manera, al usar las tasas de los BCP y BCU a 5 años, las expectativas de inflación alcanzan un 3,3%. De estos datos se desprende que las expectativas de inflación siguen contenidas, incluso a plazos más largos. La evolución de otros precios claves, como el tipo de cambio y los salarios nominales, nos entregan otra señal de que la inflación se encuentra contenida. Por una parte, durante febrero los salarios nominales crecieron 2,6% en 12 meses, mientras que el costo de la mano de obra lo hizo en 3,2%. Por su parte, el peso se ha apreciado desde el cierre de fines de febrero. Actualmente, el tipo de cambio se ubica en tomo a los $520, lo que representa una caída de 1,8% respecto de dicha fecha. Por otra parte, el mercado ha intemalizado los escenarios delineados en el IPoM, en que la tasa de crecimiento del PIB sufre un leve deterioro este año y tiende a recuperarse el próximo. Estos escenarios tienen supuestos sobre la política fiscal que, en lo grueso, son concordantes con nuestra visión. Si bien la demanda agregada se ve muy impulsada por los esfuerzos de reconstrucción, es importante destacar que el mayor incremento en la demanda debería venir por el lado de la inversión y no tanto de consumo, por lo que la presión sobre los precios de los bienes no transables debería no ser tan intensa por este mecanismo. Si a eso le sumamos que desde la última Reunión de Política Monetaria tanto las perspectivas de crecimiento mundial así como los precios de los commodities no han cambiado significativamente, por el momento creemos que los efectos inflacionarios vía este canal de transmisión son también acotados. Por estas razones, como Ministerio de Hacienda creemos que lo más adecuado es mantener la tasa de política monetaria en su nivel actual.”",Acuerdo de Política Monetaria y comunicado oficial,acuerdo_comunicado,acuerdo y comunicado,acuerdo_comunicado,NO,NO,NO,Lectura documental DOC-20260908-L26-3071: autor=Felipe Larraín Bascuñán; lector=José De Gregorio Rebeco; asistencia del autor no inferida; data/curation/revisiones_documentos_leidos.json,RPM-2010-04-15:3071:3,3,XLSX_ORIGINAL,NO,NO,RPM-2010-04-15:3071:B3,PENDIENTE_REVISION,TEXTO_DANADO_POR_COTEJAR;TEXTO_ESCRITO_LEIDO_POR_TERCERO,RPM-2010-04-15:T75,DOCUMENTO_PERSONAL,,
3071,AUTOR_Y_LECTOR_DOCUMENTAL,b568e2b93660472ff2c5356701f764426fff11720b5fa3480d1c9c4adb7e68ea,Despues,4581,RPM-2010-04-15,2010-04-15 00:00:00,Felipe Larraín Bascuñán,José De Gregorio Rebeco,SI,Ministro de Hacienda,Presidente del Banco Central,SI,,Presidente del Banco Central,LISTA_ASISTENCIA,,LECTOR_DOCUMENTO_REVISADO,18,"Finalizada la lectura de los comentarios del señor Ministro de Hacienda, el señor Presidente da paso a la votación.",Acuerdo de Política Monetaria y comunicado oficial,acuerdo_comunicado,acuerdo y comunicado,acuerdo_comunicado,NO,NO,NO,Lectura documental DOC-20260908-L26-3071: autor=Felipe Larraín Bascuñán; lector=José De Gregorio Rebeco; asistencia del autor no inferida; data/curation/revisiones_documentos_leidos.json; Rol según lista de asistencia: Presidente del Banco Central,RPM-2010-04-15:3071:4,4,XLSX_ORIGINAL,NO,NO,RPM-2010-04-15:3071:B4,SIN_ALERTAS_AUTOMATICAS,,RPM-2010-04-15:T76,SIN_CONTINUIDAD_CONFIRMADA,,
3092,RESEGMENTACION,fe0a559921472211e18aa9e6a31c2636258f094267976176950547a9478289d8,Antes,4603,RPM-2010-05-13,2010-05-13 00:00:00,Manuel Marfán Lewis,Manuel Marfán Lewis,NO,Vicepresidente del Banco Central,Vicepresidente del Banco Central,NO,,Vicepresidente del Banco Central,LISTA_ASISTENCIA,,SUJETO_ROL_NOMBRE,8,"El Vicepresidente, señor Manuel Marfán, comenta el anuncio del contundente plan de ajuste fiscal en España que, entre otros, congela los reajustes de pensiones y reduce los beneficios a las mujeres que trabajan y tienen niños. Al respecto, señala estar seguro que ninguno de los grupos que está de contraparte de esas medidas se siente responsable de los problemas en que están comprometidos y que, por lo tanto, no tienen claro por qué tienen que pagar la cuenta. Cita el caso de los disturbios que hubo en Grecia que, en su opinión, no fueron tan graves, porque allí no estaba tan claro cuáles eran las medidas que tenían que adoptar y quién era el que pagaba la cuenta, pero que sí tiene la impresión que puede haber un problema de disrupción social y política, que puede afectar, de alguna manera, la viabilidad y la legitimidad de los anuncios que, a su juicio, son técnicamente correctos. Agrega que en Alemania también reina la sensación de por qué razón hay que pagar la indisciplina de otros, ya que ello forma parte de lo que la Canciller de ese país, Angela Merkel, expresaba con su negativa y conservadurismo anterior. Dado lo anterior, expresa que podría haber algún elemento posterior a los anuncios que puedan afectar la credibilidad de su puesta en marcha. Como antecedente, el Consejero señor Rodrigo Vergara cita una encuesta que arrojó que el 65% de los españoles rechazaron tales anuncios.",Situación fiscal y coordinación macroeconómica,politica_fiscal,política fiscal,politica_fiscal,NO,NO,NO,Rol según lista de asistencia: Vicepresidente del Banco Central,RPM-2010-05-13:3092:1,1,XLSX_ORIGINAL,NO,NO,RPM-2010-05-13:3092:B1,SIN_ALERTAS_AUTOMATICAS,,RPM-2010-05-13:T16,INICIO_EXPLICITO,,RPM-2010-05-13:3092:1
3092,RESEGMENTACION,fe0a559921472211e18aa9e6a31c2636258f094267976176950547a9478289d8,Despues,4606,RPM-2010-05-13,2010-05-13 00:00:00,Manuel Marfán Lewis,Manuel Marfán Lewis,NO,Vicepresidente del Banco Central,Vicepresidente del Banco Central,NO,,Vicepresidente del Banco Central,LISTA_ASISTENCIA,,SUJETO_ROL_NOMBRE,8,"El Vicepresidente, señor Manuel Marfán, comenta el anuncio del contundente plan de ajuste fiscal en España que, entre otros, congela los reajustes de pensiones y reduce los beneficios a las mujeres que trabajan y tienen niños. Al respecto, señala estar seguro que ninguno de los grupos que está de contraparte de esas medidas se siente responsable de los problemas en que están comprometidos y que, por lo tanto, no tienen claro por qué tienen que pagar la cuenta. Cita el caso de los disturbios que hubo en Grecia que, en su opinión, no fueron tan graves, porque allí no estaba tan claro cuáles eran las medidas que tenían que adoptar y quién era el que pagaba la cuenta, pero que sí tiene la impresión que puede haber un problema de disrupción social y política, que puede afectar, de alguna manera, la viabilidad y la legitimidad de los anuncios que, a su juicio, son técnicamente correctos. Agrega que en Alemania también reina la sensación de por qué razón hay que pagar la indisciplina de otros, ya que ello forma parte de lo que la Canciller de ese país, Angela Merkel, expresaba con su negativa y conservadurismo anterior. Dado lo anterior, expresa que podría haber algún elemento posterior a los anuncios que puedan afectar la credibilidad de su puesta en marcha.",Situación fiscal y coordinación macroeconómica,politica_fiscal,política fiscal,politica_fiscal,NO,NO,NO,Rol según lista de asistencia: Vicepresidente del Banco Central,RPM-2010-05-13:3092:1,1,XLSX_ORIGINAL,NO,NO,RPM-2010-05-13:3092:B1,SIN_ALERTAS_AUTOMATICAS,,RPM-2010-05-13:T16,INICIO_EXPLICITO,,RPM-2010-05-13:3092:1
3092,RESEGMENTACION,fe0a559921472211e18aa9e6a31c2636258f094267976176950547a9478289d8,Despues,4607,RPM-2010-05-13,2010-05-13 00:00:00,Manuel Marfán Lewis,Rodrigo Vergara Montes,SI,Vicepresidente del Banco Central,Consejero,SI,,Consejero,LISTA_ASISTENCIA,,CONTEXTO_REVISADO,8,"Como antecedente, el Consejero señor Rodrigo Vergara cita una encuesta que arrojó que el 65% de los españoles rechazaron tales anuncios.",Situación fiscal y coordinación macroeconómica,politica_fiscal,política fiscal,politica_fiscal,NO,NO,NO,Hablante por contexto documentado: HAB-20260908-L26-3092-1273 (data/curation/revisiones_hablantes.json; no cotejo PDF); Rol según lista de asistencia: Consejero,RPM-2010-05-13:3092:2,2,XLSX_ORIGINAL,NO,NO,RPM-2010-05-13:3092:B2,SIN_ALERTAS_AUTOMATICAS,,RPM-2010-05-13:T17,SIN_CONTINUIDAD_CONFIRMADA,,
3575,AUTOR_Y_LECTOR_DOCUMENTAL,aecdcd1b0e277b790d9ad96bfb245997eed3c78ae18df2bd260aae5bd0a24be9,Antes,5274,RPM-2010-11-16,2010-11-16 00:00:00,José De Gregorio Rebeco,José De Gregorio Rebeco,NO,Presidente del Banco Central,Presidente del Banco Central,NO,,Presidente del Banco Central,LISTA_ASISTENCIA,,SUJETO_ROL_NOMBRE,20,"El Presidente señor José De Gregorio agradece la presentación del Gerente de División Estudios señor Luis Óscar Herrera, e informa que el Ministro de Hacienda señor Felipe Larraín, por intermedio de su Asesor señor Rodrigo Cerda, le ha hecho llegar su planteamiento, al que dará lectura a continuación. “La cifra de inflación de octubre de 0,1% mensual y 2,0% en 12 meses fue levemente menor a lo esperado por el mercado. En el resultado del mes destacaron las alzas en diversas frutas y verduras, en el gas licuado y la electricidad. Por otro lado, se registraron caídas generalizadas en la división de prendas de vestir y calzado, así como en los servicios de bus y tren interurbano y transporte aéreo, producto de la alta base de comparación relacionada a las celebraciones de fiestas patrias. También se registraron caídas importantes en diversos precios de equipos tecnológicos, relacionado a las políticas comerciales de las empresas que ofrecen mayores descuentos en la medida que realizan la renovación de sus stocks a un dólar menor. Tanto el IPCX como el IPCX1 registraron una variación mensual de -0.1%, con lo que las mediciones en 12 meses se ubican en 1,5% y -0,5% respectivamente. Es importante destacar el hecho de que aunque la inflación acumulada a octubre de 2010 es de 2,8%, el IPCX1 lleva acumulado apenas 0,1% en este período, lo que confirma el hecho de que el alza en la inflación durante este año se debe más bien a fenómenos puntuales y no existe un alza de precios generalizada. En consecuencia, las cifras han revelado en forma consistente que las presiones inflacionarias se encuentran contenidas. Esta visión se confirma al observar la Encuesta de Expectativas Económicas de noviembre, en que las expectativas de inflación se encuentran perfectamente ancladas dentro del rango de tolerancia del Banco Central y más aun, han llegado al centro de dicho rango. Así, la inflación esperada para 2010 pasa a 3,0% desde 3,1% en la encuesta de octubre y 3,3% en la de septiembre, mientras que para 2011 las expectativas ubican la cifra en 3,2%. Además, las expectativas de inflación usando tasas de mercado (BCP y BCU a 5 años) arrojan un valor de 3,0%. De estos datos se desprende que las expectativas de inflación están perfectamente ancladas a plazos más largos. En septiembre las remuneraciones crecieron 4,2% en 12 meses, mientras que el costo de la mano de obra lo hizo en 5,1%. En términos mensuales aumentaron 0,7% y 1,0% respectivamente. Por otra parte, el peso ha mantenido su valor respecto al dólar desde la reunión de octubre. En el corto plazo, parece difícil revertir la apreciación del peso chileno, en especial considerando que en Chile el proceso de normalización de la política monetaria está en plena marcha, mientras que en Estados Unidos la FED no sólo ha reiterado el compromiso de mantener la tasa en niveles excepcionalmente bajos por un período de tiempo prolongado, sino que en su última reunión decidió proveer estímulo adicional inyectando 600.000 millones de dólares adicionales a la economía de Estados Unidos mediante compras de bonos del Tesoro de largo plazo. En términos de actividad económica, el IMACEC de septiembre volvió a mostrar un importante aumento interanual, esta vez de 6,5%. El efecto de la baja base de comparación se va diluyendo en forma gradual y ésta se hará más exigente en el último trimestre del año. El mercado laboral continúa mostrando un fuerte dinamismo, con una creación de más de 280 mil empleos desde el trimestre enero-marzo. De esta manera, el elevado crecimiento económico se va configurando como un fenómeno persistente más que puntual. En el frente externo, la cifra de empleo del mes de octubre arrojó una creación mensual de 151 mil empleos en Estados Unidos, tras 4 meses consecutivos de caídas. Sin embargo, la tasa de desempleo se encuentra aún muy elevada, superior en más de 3% a los niveles pre-crisis. En Europa las cifras económicas muestran un lento proceso de recuperación y subsiste aún cierta incertidumbre que se ha acentuado en los últimos días con señales de un ajuste macroeconómico importante en Irlanda. El Ministerio de Hacienda procura evitar efectos indeseables de la política económica sobre variables como el tipo de cambio, la tasa de interés y la inflación. En este contexto, creemos que lo más adecuado es continuar con un proceso gradual de normalización de la política monetaria para evitar en el futuro ajustes bruscos en la tasa de interés que signifiquen un freno importante a la actividad.” Al proseguir con la Reunión, el Presidente señor José De Gregorio da paso a la votación, concediéndole la palabra al Consejero señor Rodrigo Vergara.",Votación y fundamentos de la decisión de política monetaria,decision_tpm,votación tpm,decision_tpm,NO,NO,NO,Rol según lista de asistencia: Presidente del Banco Central,RPM-2010-11-16:3575:1,1,XLSX_ORIGINAL,NO,NO,RPM-2010-11-16:3575:B1,SIN_ALERTAS_AUTOMATICAS,,RPM-2010-11-16:T93,INICIO_EXPLICITO,,RPM-2010-11-16:3575:1
3575,AUTOR_Y_LECTOR_DOCUMENTAL,aecdcd1b0e277b790d9ad96bfb245997eed3c78ae18df2bd260aae5bd0a24be9,Despues,5278,RPM-2010-11-16,2010-11-16 00:00:00,José De Gregorio Rebeco,José De Gregorio Rebeco,NO,Presidente del Banco Central,Presidente del Banco Central,NO,,Presidente del Banco Central,LISTA_ASISTENCIA,,SUJETO_ROL_NOMBRE,20,"El Presidente señor José De Gregorio agradece la presentación del Gerente de División Estudios señor Luis Óscar Herrera,",Votación y fundamentos de la decisión de política monetaria,decision_tpm,votación tpm,decision_tpm,NO,NO,NO,Rol según lista de asistencia: Presidente del Banco Central,RPM-2010-11-16:3575:1,1,XLSX_ORIGINAL,NO,NO,RPM-2010-11-16:3575:B1,PENDIENTE_REVISION,FINAL_SIN_PUNTUACION,RPM-2010-11-16:T93,INICIO_EXPLICITO,,RPM-2010-11-16:3575:1
3575,AUTOR_Y_LECTOR_DOCUMENTAL,aecdcd1b0e277b790d9ad96bfb245997eed3c78ae18df2bd260aae5bd0a24be9,Despues,5279,RPM-2010-11-16,2010-11-16 00:00:00,José De Gregorio Rebeco,José De Gregorio Rebeco,NO,Presidente del Banco Central,Presidente del Banco Central,NO,,Presidente del Banco Central,LISTA_ASISTENCIA,,LECTOR_DOCUMENTO_REVISADO,20,"e informa que el Ministro de Hacienda señor Felipe Larraín, por intermedio de su Asesor señor Rodrigo Cerda, le ha hecho llegar su planteamiento, al que dará lectura a continuación.",Votación y fundamentos de la decisión de política monetaria,decision_tpm,votación tpm,decision_tpm,NO,SI,NO,Lectura documental DOC-20260908-L26-3575: autor=Felipe Larraín Bascuñán; lector=José De Gregorio Rebeco; asistencia del autor no inferida; data/curation/revisiones_documentos_leidos.json; Rol según lista de asistencia: Presidente del Banco Central,RPM-2010-11-16:3575:2,2,XLSX_ORIGINAL,NO,NO,RPM-2010-11-16:3575:B2,PENDIENTE_REVISION,DUPLICADO_NO_FORMULA,RPM-2010-11-16:T94,SIN_CONTINUIDAD_CONFIRMADA,,
3575,AUTOR_Y_LECTOR_DOCUMENTAL,aecdcd1b0e277b790d9ad96bfb245997eed3c78ae18df2bd260aae5bd0a24be9,Despues,5280,RPM-2010-11-16,2010-11-16 00:00:00,José De Gregorio Rebeco,Felipe Larraín Bascuñán,SI,Presidente del Banco Central,Ministro de Hacienda,SI,,,CARGO_DOCUMENTAL_REVISADO,OPINION_ESCRITA,DOCUMENTO_ESCRITO_REVISADO,20,"“La cifra de inflación de octubre de 0,1% mensual y 2,0% en 12 meses fue levemente menor a lo esperado por el mercado. En el resultado del mes destacaron las alzas en diversas frutas y verduras, en el gas licuado y la electricidad. Por otro lado, se registraron caídas generalizadas en la división de prendas de vestir y calzado, así como en los servicios de bus y tren interurbano y transporte aéreo, producto de la alta base de comparación relacionada a las celebraciones de fiestas patrias. También se registraron caídas importantes en diversos precios de equipos tecnológicos, relacionado a las políticas comerciales de las empresas que ofrecen mayores descuentos en la medida que realizan la renovación de sus stocks a un dólar menor. Tanto el IPCX como el IPCX1 registraron una variación mensual de -0.1%, con lo que las mediciones en 12 meses se ubican en 1,5% y -0,5% respectivamente. Es importante destacar el hecho de que aunque la inflación acumulada a octubre de 2010 es de 2,8%, el IPCX1 lleva acumulado apenas 0,1% en este período, lo que confirma el hecho de que el alza en la inflación durante este año se debe más bien a fenómenos puntuales y no existe un alza de precios generalizada. En consecuencia, las cifras han revelado en forma consistente que las presiones inflacionarias se encuentran contenidas. Esta visión se confirma al observar la Encuesta de Expectativas Económicas de noviembre, en que las expectativas de inflación se encuentran perfectamente ancladas dentro del rango de tolerancia del Banco Central y más aun, han llegado al centro de dicho rango. Así, la inflación esperada para 2010 pasa a 3,0% desde 3,1% en la encuesta de octubre y 3,3% en la de septiembre, mientras que para 2011 las expectativas ubican la cifra en 3,2%. Además, las expectativas de inflación usando tasas de mercado (BCP y BCU a 5 años) arrojan un valor de 3,0%. De estos datos se desprende que las expectativas de inflación están perfectamente ancladas a plazos más largos. En septiembre las remuneraciones crecieron 4,2% en 12 meses, mientras que el costo de la mano de obra lo hizo en 5,1%. En términos mensuales aumentaron 0,7% y 1,0% respectivamente. Por otra parte, el peso ha mantenido su valor respecto al dólar desde la reunión de octubre. En el corto plazo, parece difícil revertir la apreciación del peso chileno, en especial considerando que en Chile el proceso de normalización de la política monetaria está en plena marcha, mientras que en Estados Unidos la FED no sólo ha reiterado el compromiso de mantener la tasa en niveles excepcionalmente bajos por un período de tiempo prolongado, sino que en su última reunión decidió proveer estímulo adicional inyectando 600.000 millones de dólares adicionales a la economía de Estados Unidos mediante compras de bonos del Tesoro de largo plazo. En términos de actividad económica, el IMACEC de septiembre volvió a mostrar un importante aumento interanual, esta vez de 6,5%. El efecto de la baja base de comparación se va diluyendo en forma gradual y ésta se hará más exigente en el último trimestre del año. El mercado laboral continúa mostrando un fuerte dinamismo, con una creación de más de 280 mil empleos desde el trimestre enero-marzo. De esta manera, el elevado crecimiento económico se va configurando como un fenómeno persistente más que puntual. En el frente externo, la cifra de empleo del mes de octubre arrojó una creación mensual de 151 mil empleos en Estados Unidos, tras 4 meses consecutivos de caídas. Sin embargo, la tasa de desempleo se encuentra aún muy elevada, superior en más de 3% a los niveles pre-crisis. En Europa las cifras económicas muestran un lento proceso de recuperación y subsiste aún cierta incertidumbre que se ha acentuado en los últimos días con señales de un ajuste macroeconómico importante en Irlanda. El Ministerio de Hacienda procura evitar efectos indeseables de la política económica sobre variables como el tipo de cambio, la tasa de interés y la inflación. En este contexto, creemos que lo más adecuado es continuar con un proceso gradual de normalización de la política monetaria para evitar en el futuro ajustes bruscos en la tasa de interés que signifiquen un freno importante a la actividad.”",Votación y fundamentos de la decisión de política monetaria,decision_tpm,votación tpm,decision_tpm,NO,NO,NO,Lectura documental DOC-20260908-L26-3575: autor=Felipe Larraín Bascuñán; lector=José De Gregorio Rebeco; asistencia del autor no inferida; data/curation/revisiones_documentos_leidos.json,RPM-2010-11-16:3575:3,3,XLSX_ORIGINAL,NO,NO,RPM-2010-11-16:3575:B3,PENDIENTE_REVISION,TEXTO_ESCRITO_LEIDO_POR_TERCERO,RPM-2010-11-16:T95,DOCUMENTO_PERSONAL,,
3575,AUTOR_Y_LECTOR_DOCUMENTAL,aecdcd1b0e277b790d9ad96bfb245997eed3c78ae18df2bd260aae5bd0a24be9,Despues,5281,RPM-2010-11-16,2010-11-16 00:00:00,José De Gregorio Rebeco,José De Gregorio Rebeco,NO,Presidente del Banco Central,Presidente del Banco Central,NO,,Presidente del Banco Central,LISTA_ASISTENCIA,,LECTOR_DOCUMENTO_REVISADO,20,"Al proseguir con la Reunión, el Presidente señor José De Gregorio da paso a la votación, concediéndole la palabra al Consejero señor Rodrigo Vergara.",Votación y fundamentos de la decisión de política monetaria,decision_tpm,votación tpm,decision_tpm,NO,SI,NO,Lectura documental DOC-20260908-L26-3575: autor=Felipe Larraín Bascuñán; lector=José De Gregorio Rebeco; asistencia del autor no inferida; data/curation/revisiones_documentos_leidos.json; Rol según lista de asistencia: Presidente del Banco Central,RPM-2010-11-16:3575:4,4,XLSX_ORIGINAL,NO,NO,RPM-2010-11-16:3575:B4,PENDIENTE_REVISION,DUPLICADO_NO_FORMULA,RPM-2010-11-16:T96,SIN_CONTINUIDAD_CONFIRMADA,,
4109,AUTOR_Y_LECTOR_DOCUMENTAL,bd9b16a982ee5f9350eb1040cac78f03a8f444b80fbb477409f6fb5ca210ba4b,Antes,5900,RPM-2011-06-14,2011-06-14 00:00:00,José De Gregorio Rebeco,José De Gregorio Rebeco,NO,Presidente del Banco Central,Presidente del Banco Central,NO,,Presidente del Banco Central,LISTA_ASISTENCIA,,SUJETO_ROL_NOMBRE,20,"El Presidente señor José De Gregorio agradece los comentarios del Gerente de División Política Financiera señor Kevin Cowan, e informa que el Ministro de Hacienda señor Felipe Larraín, por intermedio de su Asesor señor Rodrigo Cerda, le ha hecho llegar su planteamiento, al que dará lectura a continuación. “ La actividad económica interna sigue creciendo a buen ritmo, exhibiendo signos de dinamismo. El IMACEC de abril registró un crecimiento interanual de 6,3%, aunque el resultado fue inferior a lo esperado por el mercado. El sector industrial se recupera, mientras que el comercio comienza a mostrar signos de moderación. Con esta cifra, al primer cuatrimestre de 2011 se registra un crecimiento interanual de 8,9%. Por el lado de la demanda, los últimos datos muestran que las ventas de bienes de consumo y en particular, las de bienes durables, comienzan a moderarse. Sin embargo, el consumo sigue siendo apuntalado por un mercado laboral dinámico, que de acuerdo a las últimas cifras, muestra una creación de 474.470 empleos en un año. Además, pese al aumento de la inflación, los salarios reales exhiben tasas de crecimiento superiores a las observadas en promedio en 2010. En efecto, en el mes de abril las remuneraciones reales crecieron 2,6% en 12 meses. En el caso de la inversión, los indicadores muestran signos de moderación. En el mes de abril, las importaciones de bienes de capital crecieron sólo1,7% en 12 meses, tras exhibir tasas de crecimiento de 48,5% en marzo y 7,8% en abril. Cabe destacar que en esto influye la alta base de comparación, tras la reposición de maquinarias y equipos post terremoto. Por otra parte, de acuerdo a las cifras de cuentas nacionales del primer trimestre de 2011, la inversión en construcción creció 10,3%, superior al 5,1% del trimestre anterior. Esto implica un rebalanceo del crecimiento de la inversión desde maquinarias y equipos a construcción. En efecto, de acuerdo a las últimas proyecciones de la Cámara Chilena de la Construcción, se espera un crecimiento de 11,3% en 2011 para la inversión en construcción, lo que supera largamente la tasa de 1,8% en 2010. En la economía internacional persisten elementos de riesgo. En Europa, se mantienen las tensiones financieras en algunas economías. En efecto, recientemente S&P rebajó la calificación crediticia de Grecia. Por otra parte, tras haber mantenido la tasa de política monetaria en 1,25% en junio, el mercado espera que el Banco Central Europeo la suba en julio en 25 puntos base. Sin embargo, debido a la debilidad de la actividad en la Zona Euro y al mejoramiento del panorama inflacionario, las próximas señales debieran apuntar a una reducción en el ritmo de aumento de tasas. En Japón los indicadores sectoriales comienzan a mostrar signos de recuperación tras mostrar importantes caídas en marzo. La cifra de crecimiento del primer trimestre de 2011 se corrigió levemente al alza a -3,5% q/q desde el -3,7% del informe preliminar. Con todo, a la fecha, los efectos de la catástrofe sobre la actividad en el resto del mundo parecen acotados. En Estados Unidos, se observa una desaceleración importante en el mercado laboral. La cifra de empleo del mes de mayo arrojó una creación mensual de sólo 54 mil puestos de trabajo, bastante menor a los 161 mil esperados por el mercado. A esto se suma que el crecimiento del primer trimestre de 2011 se ubicó en 1,8%, lo que implica una importante desaceleración respecto al trimestre anterior, cuando creció 3,1 %. En los últimos discursos, la autoridad monetaria ha dado señales de que la tasa rectora se mantendrá en los niveles actuales por un tiempo mayor al previsto. En China, la cifra de inflación de mayo en 12 meses se ubicó en 5,5%. Además, el banco central chino subió las proporciones de reservas de capital exigidas a los bancos del país por novena vez desde el pasado octubre, en línea con el aumento de la inflación. Pese a ello, los países emergentes siguen liderando el crecimiento económico mundial. Internamente, las presiones inflacionarias se mantienen bajo control. En mayo se registró una cifra de inflación de 0,4% mensual y 3,3% en 12 meses, levemente mayor a lo esperado por el mercado. El IPCX registró un aumento mensual de 0,3%, al igual que el IPCX1, con lo que las mediciones en 12 meses se ubican en 2,5% y 1,1% respectivamente. Por su parte, las expectativas de inflación para el año 2011 se han ajustado a la baja De acuerdo a la Encuesta de Expectativas Económicas de junio, la inflación esperada para 2011 se ubica en 4,2%, inferior al 4,3% de la encuesta de mayo. Para 2012, las expectativas ubican la cifra en 3,3%, inferior al 3,4% del mes previo. De igual forma, las expectativas de inflación medidas a través de las compensaciones inflacionarias muestran importantes reducciones. En efecto, las tasas de mercado (BCP y BCU a 2 años) arrojan en la actualidad un valor de 3,59%, cifra inferior al 3,74% promedio de mayo. Como Ministerio de Hacienda reiteramos el compromiso de normalizar la política fiscal, contribuyendo también a atenuar presiones inflacionarias. A nuestro juicio, la tasa rectora debiera mantenerse en el nivel actual, estableciendo una pausa en el proceso de normalización de la política monetaria. Esto va en línea con los mensajes de aumentos más pausados dados por las autoridades monetarias en los países desarrollados, evitando un desalineamiento respecto a las trayectorias de política monetaria seguidas en el resto del mundo, y por ende, una mayor presión sobre el tipo de cambio real Además, en un contexto de moderación del panorama inflacionario externo se evita una potencial desaceleración futura de la economía. Alternativamente, la opción es un aumento de 25 puntos base, validando las expectativas del mercado y dando una señal adicional en el combate a la inflación. Con todo, la situación actual sugiere que, en caso de seguirse esta opción, el comunicado debiera cambiar el sesgo de política monetaria respecto a los comunicados anteriores, e incluso dejar abierta la posibilidad de futuras pausas en el ritmo de normalización de la política monetaria.” Al proseguir con la Reunión, el Presidente señor José De Gregorio da paso a la votación, concediéndole la palabra al Consejero señor Rodrigo Vergara.",Acuerdo de Política Monetaria y comunicado oficial,acuerdo_comunicado,acuerdo y comunicado,acuerdo_comunicado,NO,NO,NO,Rol según lista de asistencia: Presidente del Banco Central,RPM-2011-06-14:4109:1,1,XLSX_ORIGINAL,NO,NO,RPM-2011-06-14:4109:B1,SIN_ALERTAS_AUTOMATICAS,,RPM-2011-06-14:T67,INICIO_EXPLICITO,,RPM-2011-06-14:4109:1
4109,AUTOR_Y_LECTOR_DOCUMENTAL,bd9b16a982ee5f9350eb1040cac78f03a8f444b80fbb477409f6fb5ca210ba4b,Despues,5907,RPM-2011-06-14,2011-06-14 00:00:00,José De Gregorio Rebeco,José De Gregorio Rebeco,NO,Presidente del Banco Central,Presidente del Banco Central,NO,,Presidente del Banco Central,LISTA_ASISTENCIA,,SUJETO_ROL_NOMBRE,20,"El Presidente señor José De Gregorio agradece los comentarios del Gerente de División Política Financiera señor Kevin Cowan,",Acuerdo de Política Monetaria y comunicado oficial,acuerdo_comunicado,acuerdo y comunicado,acuerdo_comunicado,NO,NO,NO,Rol según lista de asistencia: Presidente del Banco Central,RPM-2011-06-14:4109:1,1,XLSX_ORIGINAL,NO,NO,RPM-2011-06-14:4109:B1,PENDIENTE_REVISION,FINAL_SIN_PUNTUACION,RPM-2011-06-14:T67,INICIO_EXPLICITO,,RPM-2011-06-14:4109:1
4109,AUTOR_Y_LECTOR_DOCUMENTAL,bd9b16a982ee5f9350eb1040cac78f03a8f444b80fbb477409f6fb5ca210ba4b,Despues,5908,RPM-2011-06-14,2011-06-14 00:00:00,José De Gregorio Rebeco,José De Gregorio Rebeco,NO,Presidente del Banco Central,Presidente del Banco Central,NO,,Presidente del Banco Central,LISTA_ASISTENCIA,,LECTOR_DOCUMENTO_REVISADO,20,"e informa que el Ministro de Hacienda señor Felipe Larraín, por intermedio de su Asesor señor Rodrigo Cerda, le ha hecho llegar su planteamiento, al que dará lectura a continuación.",Acuerdo de Política Monetaria y comunicado oficial,acuerdo_comunicado,acuerdo y comunicado,acuerdo_comunicado,NO,SI,NO,Lectura documental DOC-20260908-L26-4109: autor=Felipe Larraín Bascuñán; lector=José De Gregorio Rebeco; asistencia del autor no inferida; data/curation/revisiones_documentos_leidos.json; Rol según lista de asistencia: Presidente del Banco Central,RPM-2011-06-14:4109:2,2,XLSX_ORIGINAL,NO,NO,RPM-2011-06-14:4109:B2,PENDIENTE_REVISION,DUPLICADO_NO_FORMULA,RPM-2011-06-14:T68,SIN_CONTINUIDAD_CONFIRMADA,,
4109,AUTOR_Y_LECTOR_DOCUMENTAL,bd9b16a982ee5f9350eb1040cac78f03a8f444b80fbb477409f6fb5ca210ba4b,Despues,5909,RPM-2011-06-14,2011-06-14 00:00:00,José De Gregorio Rebeco,Felipe Larraín Bascuñán,SI,Presidente del Banco Central,Ministro de Hacienda,SI,,,CARGO_DOCUMENTAL_REVISADO,OPINION_ESCRITA,DOCUMENTO_ESCRITO_REVISADO,20,"“ La actividad económica interna sigue creciendo a buen ritmo, exhibiendo signos de dinamismo. El IMACEC de abril registró un crecimiento interanual de 6,3%, aunque el resultado fue inferior a lo esperado por el mercado. El sector industrial se recupera, mientras que el comercio comienza a mostrar signos de moderación. Con esta cifra, al primer cuatrimestre de 2011 se registra un crecimiento interanual de 8,9%. Por el lado de la demanda, los últimos datos muestran que las ventas de bienes de consumo y en particular, las de bienes durables, comienzan a moderarse. Sin embargo, el consumo sigue siendo apuntalado por un mercado laboral dinámico, que de acuerdo a las últimas cifras, muestra una creación de 474.470 empleos en un año. Además, pese al aumento de la inflación, los salarios reales exhiben tasas de crecimiento superiores a las observadas en promedio en 2010. En efecto, en el mes de abril las remuneraciones reales crecieron 2,6% en 12 meses. En el caso de la inversión, los indicadores muestran signos de moderación. En el mes de abril, las importaciones de bienes de capital crecieron sólo1,7% en 12 meses, tras exhibir tasas de crecimiento de 48,5% en marzo y 7,8% en abril. Cabe destacar que en esto influye la alta base de comparación, tras la reposición de maquinarias y equipos post terremoto. Por otra parte, de acuerdo a las cifras de cuentas nacionales del primer trimestre de 2011, la inversión en construcción creció 10,3%, superior al 5,1% del trimestre anterior. Esto implica un rebalanceo del crecimiento de la inversión desde maquinarias y equipos a construcción. En efecto, de acuerdo a las últimas proyecciones de la Cámara Chilena de la Construcción, se espera un crecimiento de 11,3% en 2011 para la inversión en construcción, lo que supera largamente la tasa de 1,8% en 2010. En la economía internacional persisten elementos de riesgo. En Europa, se mantienen las tensiones financieras en algunas economías. En efecto, recientemente S&P rebajó la calificación crediticia de Grecia. Por otra parte, tras haber mantenido la tasa de política monetaria en 1,25% en junio, el mercado espera que el Banco Central Europeo la suba en julio en 25 puntos base. Sin embargo, debido a la debilidad de la actividad en la Zona Euro y al mejoramiento del panorama inflacionario, las próximas señales debieran apuntar a una reducción en el ritmo de aumento de tasas. En Japón los indicadores sectoriales comienzan a mostrar signos de recuperación tras mostrar importantes caídas en marzo. La cifra de crecimiento del primer trimestre de 2011 se corrigió levemente al alza a -3,5% q/q desde el -3,7% del informe preliminar. Con todo, a la fecha, los efectos de la catástrofe sobre la actividad en el resto del mundo parecen acotados. En Estados Unidos, se observa una desaceleración importante en el mercado laboral. La cifra de empleo del mes de mayo arrojó una creación mensual de sólo 54 mil puestos de trabajo, bastante menor a los 161 mil esperados por el mercado. A esto se suma que el crecimiento del primer trimestre de 2011 se ubicó en 1,8%, lo que implica una importante desaceleración respecto al trimestre anterior, cuando creció 3,1 %. En los últimos discursos, la autoridad monetaria ha dado señales de que la tasa rectora se mantendrá en los niveles actuales por un tiempo mayor al previsto. En China, la cifra de inflación de mayo en 12 meses se ubicó en 5,5%. Además, el banco central chino subió las proporciones de reservas de capital exigidas a los bancos del país por novena vez desde el pasado octubre, en línea con el aumento de la inflación. Pese a ello, los países emergentes siguen liderando el crecimiento económico mundial. Internamente, las presiones inflacionarias se mantienen bajo control. En mayo se registró una cifra de inflación de 0,4% mensual y 3,3% en 12 meses, levemente mayor a lo esperado por el mercado. El IPCX registró un aumento mensual de 0,3%, al igual que el IPCX1, con lo que las mediciones en 12 meses se ubican en 2,5% y 1,1% respectivamente. Por su parte, las expectativas de inflación para el año 2011 se han ajustado a la baja De acuerdo a la Encuesta de Expectativas Económicas de junio, la inflación esperada para 2011 se ubica en 4,2%, inferior al 4,3% de la encuesta de mayo. Para 2012, las expectativas ubican la cifra en 3,3%, inferior al 3,4% del mes previo. De igual forma, las expectativas de inflación medidas a través de las compensaciones inflacionarias muestran importantes reducciones. En efecto, las tasas de mercado (BCP y BCU a 2 años) arrojan en la actualidad un valor de 3,59%, cifra inferior al 3,74% promedio de mayo. Como Ministerio de Hacienda reiteramos el compromiso de normalizar la política fiscal, contribuyendo también a atenuar presiones inflacionarias. A nuestro juicio, la tasa rectora debiera mantenerse en el nivel actual, estableciendo una pausa en el proceso de normalización de la política monetaria. Esto va en línea con los mensajes de aumentos más pausados dados por las autoridades monetarias en los países desarrollados, evitando un desalineamiento respecto a las trayectorias de política monetaria seguidas en el resto del mundo, y por ende, una mayor presión sobre el tipo de cambio real Además, en un contexto de moderación del panorama inflacionario externo se evita una potencial desaceleración futura de la economía. Alternativamente, la opción es un aumento de 25 puntos base, validando las expectativas del mercado y dando una señal adicional en el combate a la inflación. Con todo, la situación actual sugiere que, en caso de seguirse esta opción, el comunicado debiera cambiar el sesgo de política monetaria respecto a los comunicados anteriores, e incluso dejar abierta la posibilidad de futuras pausas en el ritmo de normalización de la política monetaria.”",Acuerdo de Política Monetaria y comunicado oficial,acuerdo_comunicado,acuerdo y comunicado,acuerdo_comunicado,NO,NO,NO,Lectura documental DOC-20260908-L26-4109: autor=Felipe Larraín Bascuñán; lector=José De Gregorio Rebeco; asistencia del autor no inferida; data/curation/revisiones_documentos_leidos.json,RPM-2011-06-14:4109:3,3,XLSX_ORIGINAL,NO,NO,RPM-2011-06-14:4109:B3,PENDIENTE_REVISION,TEXTO_ESCRITO_LEIDO_POR_TERCERO,RPM-2011-06-14:T69,DOCUMENTO_PERSONAL,,
4109,AUTOR_Y_LECTOR_DOCUMENTAL,bd9b16a982ee5f9350eb1040cac78f03a8f444b80fbb477409f6fb5ca210ba4b,Despues,5910,RPM-2011-06-14,2011-06-14 00:00:00,José De Gregorio Rebeco,José De Gregorio Rebeco,NO,Presidente del Banco Central,Presidente del Banco Central,NO,,Presidente del Banco Central,LISTA_ASISTENCIA,,LECTOR_DOCUMENTO_REVISADO,20,"Al proseguir con la Reunión, el Presidente señor José De Gregorio da paso a la votación, concediéndole la palabra al Consejero señor Rodrigo Vergara.",Acuerdo de Política Monetaria y comunicado oficial,acuerdo_comunicado,acuerdo y comunicado,acuerdo_comunicado,NO,SI,NO,Lectura documental DOC-20260908-L26-4109: autor=Felipe Larraín Bascuñán; lector=José De Gregorio Rebeco; asistencia del autor no inferida; data/curation/revisiones_documentos_leidos.json; Rol según lista de asistencia: Presidente del Banco Central,RPM-2011-06-14:4109:4,4,XLSX_ORIGINAL,NO,NO,RPM-2011-06-14:4109:B4,PENDIENTE_REVISION,DUPLICADO_NO_FORMULA,RPM-2011-06-14:T70,SIN_CONTINUIDAD_CONFIRMADA,,
4143,RESEGMENTACION,7941980cc1e5fd113aa7e807a4668437f67497d81958a4c25bdc96db61a92a56,Antes,5935,RPM-2011-07-14,2011-07-14 00:00:00,Luis Óscar Herrera Barriga,Luis Óscar Herrera Barriga,NO,Gerente de División Estudios,Gerente de División Estudios,NO,,Gerente de División Estudios,LISTA_ASISTENCIA,,SUJETO_ROL_NOMBRE,6,"El Gerente de División Estudios señor Luis Óscar Herrera comenta que la prensa interpretó este discurso como muy expansivo, mientras que, en su opinión, el señor Bernanke no fue muy enfático, ya que no manifestó inclinación por ninguna de las dos hipótesis, esto es, por aquella que apunta a que la recuperación sería lenta o aquella de que podría ser más rápida y pudiera iniciarse un ajuste monetario. Menciona, además, que agregó dos condiciones, una de las cuales es la implementación de un eventual QE3, que representa la debilidad y riesgos deflacionarios. Ajuicio del Presidente señor José De Gregorio, no se está anunciando un QE3, sino que se están entregando señales de que habrá alzas de la tasa rectora.",Análisis macroeconómico y discusión de política monetaria,debate,discusión monetaria,debate,NO,NO,NO,Rol según lista de asistencia: Gerente de División Estudios,RPM-2011-07-14:4143:1,1,XLSX_ORIGINAL,NO,NO,RPM-2011-07-14:4143:B1,SIN_ALERTAS_AUTOMATICAS,,RPM-2011-07-14:T26,INICIO_EXPLICITO,,RPM-2011-07-14:4143:1
4143,RESEGMENTACION,7941980cc1e5fd113aa7e807a4668437f67497d81958a4c25bdc96db61a92a56,Despues,5945,RPM-2011-07-14,2011-07-14 00:00:00,Luis Óscar Herrera Barriga,Luis Óscar Herrera Barriga,NO,Gerente de División Estudios,Gerente de División Estudios,NO,,Gerente de División Estudios,LISTA_ASISTENCIA,,SUJETO_ROL_NOMBRE,6,"El Gerente de División Estudios señor Luis Óscar Herrera comenta que la prensa interpretó este discurso como muy expansivo, mientras que, en su opinión, el señor Bernanke no fue muy enfático, ya que no manifestó inclinación por ninguna de las dos hipótesis, esto es, por aquella que apunta a que la recuperación sería lenta o aquella de que podría ser más rápida y pudiera iniciarse un ajuste monetario. Menciona, además, que agregó dos condiciones, una de las cuales es la implementación de un eventual QE3, que representa la debilidad y riesgos deflacionarios.",Análisis macroeconómico y discusión de política monetaria,debate,discusión monetaria,debate,NO,NO,NO,Rol según lista de asistencia: Gerente de División Estudios,RPM-2011-07-14:4143:1,1,XLSX_ORIGINAL,NO,NO,RPM-2011-07-14:4143:B1,SIN_ALERTAS_AUTOMATICAS,,RPM-2011-07-14:T26,INICIO_EXPLICITO,,RPM-2011-07-14:4143:1
4143,RESEGMENTACION,7941980cc1e5fd113aa7e807a4668437f67497d81958a4c25bdc96db61a92a56,Despues,5946,RPM-2011-07-14,2011-07-14 00:00:00,Luis Óscar Herrera Barriga,José De Gregorio Rebeco,SI,Gerente de División Estudios,Presidente del Banco Central,SI,,Presidente del Banco Central,LISTA_ASISTENCIA,,CONTEXTO_REVISADO,6,"Ajuicio del Presidente señor José De Gregorio, no se está anunciando un QE3, sino que se están entregando señales de que habrá alzas de la tasa rectora.",Análisis macroeconómico y discusión de política monetaria,debate,discusión monetaria,debate,NO,NO,NO,Hablante por contexto documentado: HAB-20260908-L26-4143-563 (data/curation/revisiones_hablantes.json; no cotejo PDF); Rol según lista de asistencia: Presidente del Banco Central,RPM-2011-07-14:4143:2,2,XLSX_ORIGINAL,NO,NO,RPM-2011-07-14:4143:B2,SIN_ALERTAS_AUTOMATICAS,,RPM-2011-07-14:T27,SIN_CONTINUIDAD_CONFIRMADA,,
4507,DUPLICADO_RECALCULADO,c071228e39ca48d286c0cd779f211a62ca4e071273422b3a8b01a0cd0f335c0d,Antes,6398,RPM-2011-12-13,2011-12-13 00:00:00,Rodrigo Vergara Montes,Rodrigo Vergara Montes,NO,Presidente del Banco Central,Presidente del Banco Central,NO,,Presidente del Banco Central,LISTA_ASISTENCIA,,SUJETO_ROL_NOMBRE,19,El Presidente señor Rodrigo Vergara agradece los comentarios del Gerente de División Operaciones Financieras señor Beltrán de Ramón.,traspaso de la palabra y orden del debate,apertura_cierre,orden debate,apertura_cierre,NO,NO,NO,Rol según lista de asistencia: Presidente del Banco Central,RPM-2011-12-13:4507:1,1,XLSX_ORIGINAL,NO,NO,RPM-2011-12-13:4507:B1,SIN_ALERTAS_AUTOMATICAS,,RPM-2011-12-13:T58,INICIO_EXPLICITO,,RPM-2011-12-13:4507:1
4507,DUPLICADO_RECALCULADO,c071228e39ca48d286c0cd779f211a62ca4e071273422b3a8b01a0cd0f335c0d,Antes,6399,RPM-2011-12-13,2011-12-13 00:00:00,Rodrigo Vergara Montes,Rodrigo Vergara Montes,NO,Presidente del Banco Central,Presidente del Banco Central,NO,,Presidente del Banco Central,LISTA_ASISTENCIA,,LECTOR_DOCUMENTO_REVISADO,19,"Al proseguir con la Sesión, el señor Presidente informa que el Ministro de Hacienda señor Felipe Larraín, por intermedio de su Asesor señor Rodrigo Cerda, le ha hecho llegar su planteamiento, al que dará lectura a continuación:",traspaso de la palabra y orden del debate,apertura_cierre,orden debate,apertura_cierre,NO,SI,NO,Lectura documental DOC-20260908-L25-4507: autor=Felipe Larraín Bascuñán; lector=Rodrigo Vergara Montes; asistencia del autor no inferida; data/curation/revisiones_documentos_leidos.json; Rol según lista de asistencia: Presidente del Banco Central,RPM-2011-12-13:4507:2,2,XLSX_ORIGINAL,NO,NO,RPM-2011-12-13:4507:B2,PENDIENTE_REVISION,DUPLICADO_NO_FORMULA,RPM-2011-12-13:T59,SIN_CONTINUIDAD_CONFIRMADA,,
4507,DUPLICADO_RECALCULADO,c071228e39ca48d286c0cd779f211a62ca4e071273422b3a8b01a0cd0f335c0d,Antes,6400,RPM-2011-12-13,2011-12-13 00:00:00,Rodrigo Vergara Montes,Felipe Larraín Bascuñán,SI,Presidente del Banco Central,Ministro de Hacienda,SI,,,CARGO_DOCUMENTAL_REVISADO,OPINION_ESCRITA,DOCUMENTO_ESCRITO_REVISADO,19,"“El escenario económico continúa mostrando importantes vaivenes y elevados niveles de incertidumbre. A nivel interno, la actividad y el empleo muestran una desaceleración significativa. En el ámbito externo, destaca la incertidumbre y la debilidad económica en Europa. Las tensiones financieras continúan, lo que se refleja en que el riesgo país medido por los CDS a 5 años, que sigue alto tal como en la última reunión. En Grecia, los CDS siguen en niveles récord. En Italia, los CDS a 5 años se ubican levemente más bajos que los valores a la fecha de la última reunión, aunque siguen cerca de los 600 puntos, tras el resurgimiento de los temores en este país. De igual forma, Francia y Alemania se ubican cerca del peak histórico alcanzado hace algunas semanas atrás. En términos de actividad, el reporte preliminar para la Zona Euro mantuvo el crecimiento de 0,6% trimestral anualizado y desestacionalizado. Sin embargo, al analizar las contribuciones por componente de gasto, se revela una fuerte desacumulación de inventarios. Así, esta cifra se descompone en un aporte de 0,9% de las exportaciones netas, de 0,7% de la demanda interna y una sustracción de 1,0% de los inventarios. Por otra parte, los datos sectoriales muestran que la Zona Euro sigue mostrando signos de debilidad. Las ventas minoristas de octubre aumentaron 0,4% mensual y desestacionalizado, aunque decrecieron 0,4% interanual. En Alemania, la producción industrial en octubre creció 4,0% en 12 meses, tras un 5,3% el mes previo. En Francia, creció un 0,9% interanual, tras un 4,2% el mes anterior, y en Italia decreció un 3,2%, tras una caída de 2,1 % en septiembre. En este contexto, el Banco Central Europeo decidió bajar nuevamente la tasa de política monetaria en 25 puntos base en su reunión de diciembre, hasta 1%. Este es un escenario de alta volatilidad y de marcada desaceleración, que configuran el ambiente para una probable recesión en la Zona Euro. La economía de Estados Unidos muestra algunas señales de mejora en el margen. El mes de noviembre el país creó 120 mil empleos respecto al mes anterior, superior a los 100 mil del mes anterior. Por su parte, la tasa de desempleo bajó a 8,6% desde 9,0% el mes previo, donde influyó la caída de la fuerza de trabajo. Por su parte, el PMI manufacturero de noviembre subió a 52,7 desde los 50,8 de octubre, manteniéndose así sobre el umbral de 50. Por otro lado, el índice de percepción del consumidor de la Universidad de Michigan registra un importante avance en el mes de diciembre, alcanzando en el reporte preliminar 67,7 puntos, tras los 64,1 de noviembre y los 60,9 de octubre. De esta forma, las cifras en Estados Unidos son más alentadoras. En China, la cifra de inflación de octubre en 12 meses se ubicó en 4,2%, bastante menor al 5,5% del mes anterior, sugiriendo una desaceleración económica. Por otra parte, el PMI manufacturero oficial ha descendido a niveles de 49 en noviembre, inferior a los 50,4 de octubre y ubicándose en zona de contracción. De este modo, se configura un escenario económico más propicio para la realización de política monetaria acomodaticia. En consecuencia, tal como indicábamos la reunión anterior, nos seguimos enfrentando a un escenario global en donde el elemento de mayor riesgo en la actualidad es una recesión en la Zona Euro. Por otro lado, en el escenario interno la actividad económica exhibe una significativa desaceleración, en donde el IMACEC de octubre creció 3,4%, sorprendiendo al mercado a la baja, tras un crecimiento en septiembre de 5,7%. Se espera que la moderación que se ha venido dando durante el segundo semestre continúe. Así lo muestra la Encuesta de Expectativas Económicas de noviembre, que arroja una tasa de crecimiento del IMACEC en noviembre de 4,0%. Esta desaceleración es algo más acentuada comparada con lo que esperábamos unos meses atrás. El consumo sigue creciendo a tasas robustas, aunque se modera. Los datos de ventas del comercio minorista de octubre mostraron una tasa de crecimiento de 8,6%, desacelerándose respecto al 9,6% de septiembre. Por su parte, el mercado laboral sigue estrecho, aunque empieza a mostrar señales de moderación. En efecto, el empleo creció a una tasa interanual de 3,5% en el trimestre agosto-octubre, desacelerándose respecto al 3,8% del trimestre móvil inmediatamente anterior. De igual forma, los salarios han tendido a moderarse. En octubre los salarios reales crecieron 2,1% en 12 meses, tras el 2,6% del mes anterior. En consecuencia, los indicadores muestran una disminución del crecimiento de la masa salarial real en el margen. En este contexto, la medición de inflación registró un aumento en noviembre superior a lo esperado por el mercado, llegando a un nivel de 3,9% en 12 meses. Los incrementos en los precios de alimentos siguen siendo parte de las sorpresas al alza de los últimos meses. Sin embargo, en el último mes han caído los precios internacionales de commodities agrícolas, como el maíz y el trigo, lo que podría generar algún alivio en el precio de los alimentos. Estos elementos pueden atenuar las presiones inflacionarias. Además, las expectativas de inflación a plazos mayores se mantienen acotadas en torno al centro del rango meta del Banco Central. En efecto, según la Encuesta de Expectativas del Banco Central de diciembre, la inflación en 2012 se ubicaría en 2,9%. Por otra parte, las compensaciones inflacionarias a 2 años se ubican en niveles de 2,31 %. En este escenario de desaceleración de Chile y el mundo, es muy probable que las presiones inflacionarias disminuyan pese a los aumentos observados en los últimos meses, atribuibles en parte importante a factores puntuales. Sin embargo, los indicadores económicos del país ya comienzan a mostrar los efectos de la crisis externa, situación que no se revertirá en el corto plazo. Por ello parece recomendable rebajar la tasa en 25 puntos base en esta reunión y recalcar la flexibilidad de la política monetaria en caso que la situación internacional se vuelva más adversa.”",traspaso de la palabra y orden del debate,apertura_cierre,orden debate,apertura_cierre,NO,NO,NO,Lectura documental DOC-20260908-L25-4507: autor=Felipe Larraín Bascuñán; lector=Rodrigo Vergara Montes; asistencia del autor no inferida; data/curation/revisiones_documentos_leidos.json,RPM-2011-12-13:4507:3,3,XLSX_ORIGINAL,NO,NO,RPM-2011-12-13:4507:B3,PENDIENTE_REVISION,TEXTO_ESCRITO_LEIDO_POR_TERCERO,RPM-2011-12-13:T60,DOCUMENTO_PERSONAL,,
4507,DUPLICADO_RECALCULADO,c071228e39ca48d286c0cd779f211a62ca4e071273422b3a8b01a0cd0f335c0d,Antes,6401,RPM-2011-12-13,2011-12-13 00:00:00,Rodrigo Vergara Montes,Rodrigo Vergara Montes,NO,Presidente del Banco Central,Presidente del Banco Central,NO,,Presidente del Banco Central,LISTA_ASISTENCIA,,LECTOR_DOCUMENTO_REVISADO,19,"A continuación, el Presidente señor Rodrigo Vergara da paso a la votación, concediéndole la palabra al Consejero señor Sebastián Claro.",traspaso de la palabra y orden del debate,apertura_cierre,orden debate,apertura_cierre,NO,NO,NO,Lectura documental DOC-20260908-L25-4507: autor=Felipe Larraín Bascuñán; lector=Rodrigo Vergara Montes; asistencia del autor no inferida; data/curation/revisiones_documentos_leidos.json; Rol según lista de asistencia: Presidente del Banco Central,RPM-2011-12-13:4507:4,4,XLSX_ORIGINAL,NO,NO,RPM-2011-12-13:4507:B4,SIN_ALERTAS_AUTOMATICAS,,RPM-2011-12-13:T61,SIN_CONTINUIDAD_CONFIRMADA,,
4507,DUPLICADO_RECALCULADO,c071228e39ca48d286c0cd779f211a62ca4e071273422b3a8b01a0cd0f335c0d,Despues,6409,RPM-2011-12-13,2011-12-13 00:00:00,Rodrigo Vergara Montes,Rodrigo Vergara Montes,NO,Presidente del Banco Central,Presidente del Banco Central,NO,,Presidente del Banco Central,LISTA_ASISTENCIA,,SUJETO_ROL_NOMBRE,19,El Presidente señor Rodrigo Vergara agradece los comentarios del Gerente de División Operaciones Financieras señor Beltrán de Ramón.,traspaso de la palabra y orden del debate,apertura_cierre,orden debate,apertura_cierre,NO,SI,NO,Rol según lista de asistencia: Presidente del Banco Central,RPM-2011-12-13:4507:1,1,XLSX_ORIGINAL,NO,NO,RPM-2011-12-13:4507:B1,PENDIENTE_REVISION,DUPLICADO_NO_FORMULA,RPM-2011-12-13:T58,INICIO_EXPLICITO,,RPM-2011-12-13:4507:1
4507,DUPLICADO_RECALCULADO,c071228e39ca48d286c0cd779f211a62ca4e071273422b3a8b01a0cd0f335c0d,Despues,6410,RPM-2011-12-13,2011-12-13 00:00:00,Rodrigo Vergara Montes,Rodrigo Vergara Montes,NO,Presidente del Banco Central,Presidente del Banco Central,NO,,Presidente del Banco Central,LISTA_ASISTENCIA,,LECTOR_DOCUMENTO_REVISADO,19,"Al proseguir con la Sesión, el señor Presidente informa que el Ministro de Hacienda señor Felipe Larraín, por intermedio de su Asesor señor Rodrigo Cerda, le ha hecho llegar su planteamiento, al que dará lectura a continuación:",traspaso de la palabra y orden del debate,apertura_cierre,orden debate,apertura_cierre,NO,SI,NO,Lectura documental DOC-20260908-L25-4507: autor=Felipe Larraín Bascuñán; lector=Rodrigo Vergara Montes; asistencia del autor no inferida; data/curation/revisiones_documentos_leidos.json; Rol según lista de asistencia: Presidente del Banco Central,RPM-2011-12-13:4507:2,2,XLSX_ORIGINAL,NO,NO,RPM-2011-12-13:4507:B2,PENDIENTE_REVISION,DUPLICADO_NO_FORMULA,RPM-2011-12-13:T59,SIN_CONTINUIDAD_CONFIRMADA,,
4507,DUPLICADO_RECALCULADO,c071228e39ca48d286c0cd779f211a62ca4e071273422b3a8b01a0cd0f335c0d,Despues,6411,RPM-2011-12-13,2011-12-13 00:00:00,Rodrigo Vergara Montes,Felipe Larraín Bascuñán,SI,Presidente del Banco Central,Ministro de Hacienda,SI,,,CARGO_DOCUMENTAL_REVISADO,OPINION_ESCRITA,DOCUMENTO_ESCRITO_REVISADO,19,"“El escenario económico continúa mostrando importantes vaivenes y elevados niveles de incertidumbre. A nivel interno, la actividad y el empleo muestran una desaceleración significativa. En el ámbito externo, destaca la incertidumbre y la debilidad económica en Europa. Las tensiones financieras continúan, lo que se refleja en que el riesgo país medido por los CDS a 5 años, que sigue alto tal como en la última reunión. En Grecia, los CDS siguen en niveles récord. En Italia, los CDS a 5 años se ubican levemente más bajos que los valores a la fecha de la última reunión, aunque siguen cerca de los 600 puntos, tras el resurgimiento de los temores en este país. De igual forma, Francia y Alemania se ubican cerca del peak histórico alcanzado hace algunas semanas atrás. En términos de actividad, el reporte preliminar para la Zona Euro mantuvo el crecimiento de 0,6% trimestral anualizado y desestacionalizado. Sin embargo, al analizar las contribuciones por componente de gasto, se revela una fuerte desacumulación de inventarios. Así, esta cifra se descompone en un aporte de 0,9% de las exportaciones netas, de 0,7% de la demanda interna y una sustracción de 1,0% de los inventarios. Por otra parte, los datos sectoriales muestran que la Zona Euro sigue mostrando signos de debilidad. Las ventas minoristas de octubre aumentaron 0,4% mensual y desestacionalizado, aunque decrecieron 0,4% interanual. En Alemania, la producción industrial en octubre creció 4,0% en 12 meses, tras un 5,3% el mes previo. En Francia, creció un 0,9% interanual, tras un 4,2% el mes anterior, y en Italia decreció un 3,2%, tras una caída de 2,1 % en septiembre. En este contexto, el Banco Central Europeo decidió bajar nuevamente la tasa de política monetaria en 25 puntos base en su reunión de diciembre, hasta 1%. Este es un escenario de alta volatilidad y de marcada desaceleración, que configuran el ambiente para una probable recesión en la Zona Euro. La economía de Estados Unidos muestra algunas señales de mejora en el margen. El mes de noviembre el país creó 120 mil empleos respecto al mes anterior, superior a los 100 mil del mes anterior. Por su parte, la tasa de desempleo bajó a 8,6% desde 9,0% el mes previo, donde influyó la caída de la fuerza de trabajo. Por su parte, el PMI manufacturero de noviembre subió a 52,7 desde los 50,8 de octubre, manteniéndose así sobre el umbral de 50. Por otro lado, el índice de percepción del consumidor de la Universidad de Michigan registra un importante avance en el mes de diciembre, alcanzando en el reporte preliminar 67,7 puntos, tras los 64,1 de noviembre y los 60,9 de octubre. De esta forma, las cifras en Estados Unidos son más alentadoras. En China, la cifra de inflación de octubre en 12 meses se ubicó en 4,2%, bastante menor al 5,5% del mes anterior, sugiriendo una desaceleración económica. Por otra parte, el PMI manufacturero oficial ha descendido a niveles de 49 en noviembre, inferior a los 50,4 de octubre y ubicándose en zona de contracción. De este modo, se configura un escenario económico más propicio para la realización de política monetaria acomodaticia. En consecuencia, tal como indicábamos la reunión anterior, nos seguimos enfrentando a un escenario global en donde el elemento de mayor riesgo en la actualidad es una recesión en la Zona Euro. Por otro lado, en el escenario interno la actividad económica exhibe una significativa desaceleración, en donde el IMACEC de octubre creció 3,4%, sorprendiendo al mercado a la baja, tras un crecimiento en septiembre de 5,7%. Se espera que la moderación que se ha venido dando durante el segundo semestre continúe. Así lo muestra la Encuesta de Expectativas Económicas de noviembre, que arroja una tasa de crecimiento del IMACEC en noviembre de 4,0%. Esta desaceleración es algo más acentuada comparada con lo que esperábamos unos meses atrás. El consumo sigue creciendo a tasas robustas, aunque se modera. Los datos de ventas del comercio minorista de octubre mostraron una tasa de crecimiento de 8,6%, desacelerándose respecto al 9,6% de septiembre. Por su parte, el mercado laboral sigue estrecho, aunque empieza a mostrar señales de moderación. En efecto, el empleo creció a una tasa interanual de 3,5% en el trimestre agosto-octubre, desacelerándose respecto al 3,8% del trimestre móvil inmediatamente anterior. De igual forma, los salarios han tendido a moderarse. En octubre los salarios reales crecieron 2,1% en 12 meses, tras el 2,6% del mes anterior. En consecuencia, los indicadores muestran una disminución del crecimiento de la masa salarial real en el margen. En este contexto, la medición de inflación registró un aumento en noviembre superior a lo esperado por el mercado, llegando a un nivel de 3,9% en 12 meses. Los incrementos en los precios de alimentos siguen siendo parte de las sorpresas al alza de los últimos meses. Sin embargo, en el último mes han caído los precios internacionales de commodities agrícolas, como el maíz y el trigo, lo que podría generar algún alivio en el precio de los alimentos. Estos elementos pueden atenuar las presiones inflacionarias. Además, las expectativas de inflación a plazos mayores se mantienen acotadas en torno al centro del rango meta del Banco Central. En efecto, según la Encuesta de Expectativas del Banco Central de diciembre, la inflación en 2012 se ubicaría en 2,9%. Por otra parte, las compensaciones inflacionarias a 2 años se ubican en niveles de 2,31 %. En este escenario de desaceleración de Chile y el mundo, es muy probable que las presiones inflacionarias disminuyan pese a los aumentos observados en los últimos meses, atribuibles en parte importante a factores puntuales. Sin embargo, los indicadores económicos del país ya comienzan a mostrar los efectos de la crisis externa, situación que no se revertirá en el corto plazo. Por ello parece recomendable rebajar la tasa en 25 puntos base en esta reunión y recalcar la flexibilidad de la política monetaria en caso que la situación internacional se vuelva más adversa.”",traspaso de la palabra y orden del debate,apertura_cierre,orden debate,apertura_cierre,NO,NO,NO,Lectura documental DOC-20260908-L25-4507: autor=Felipe Larraín Bascuñán; lector=Rodrigo Vergara Montes; asistencia del autor no inferida; data/curation/revisiones_documentos_leidos.json,RPM-2011-12-13:4507:3,3,XLSX_ORIGINAL,NO,NO,RPM-2011-12-13:4507:B3,PENDIENTE_REVISION,TEXTO_ESCRITO_LEIDO_POR_TERCERO,RPM-2011-12-13:T60,DOCUMENTO_PERSONAL,,
4507,DUPLICADO_RECALCULADO,c071228e39ca48d286c0cd779f211a62ca4e071273422b3a8b01a0cd0f335c0d,Despues,6412,RPM-2011-12-13,2011-12-13 00:00:00,Rodrigo Vergara Montes,Rodrigo Vergara Montes,NO,Presidente del Banco Central,Presidente del Banco Central,NO,,Presidente del Banco Central,LISTA_ASISTENCIA,,LECTOR_DOCUMENTO_REVISADO,19,"A continuación, el Presidente señor Rodrigo Vergara da paso a la votación, concediéndole la palabra al Consejero señor Sebastián Claro.",traspaso de la palabra y orden del debate,apertura_cierre,orden debate,apertura_cierre,NO,NO,NO,Lectura documental DOC-20260908-L25-4507: autor=Felipe Larraín Bascuñán; lector=Rodrigo Vergara Montes; asistencia del autor no inferida; data/curation/revisiones_documentos_leidos.json; Rol según lista de asistencia: Presidente del Banco Central,RPM-2011-12-13:4507:4,4,XLSX_ORIGINAL,NO,NO,RPM-2011-12-13:4507:B4,SIN_ALERTAS_AUTOMATICAS,,RPM-2011-12-13:T61,SIN_CONTINUIDAD_CONFIRMADA,,
4746,ENLACE_CONTINUIDAD_REVISADO,9e89343fcc0ac4b2ff9175b9c0d44a41968471a6daedf20137f3461b2d2089e4,Antes,6685,RPM-2012-04-17,2012-04-17 00:00:00,Sergio Lehmann Beresi,Sergio Lehmann Beresi,NO,Gerente de Análisis Internacional,Gerente de Análisis Internacional,NO,,Gerente de Análisis Internacional,LISTA_ASISTENCIA,,SUJETO_NOMBRE,6,"el señor Sergio Lehmann exhibe el heat map de inflación que se contiene en la lámina N° 23 y señala que, en términos generales, la inflación se mantiene en las economías desarrolladas, que tiende a caer en las emergentes y que en algunas economías, como Perú, República Checa, Hungría y Turquía, supera sus rangos meta. En cuanto a proyecciones, indica que se anticipan aumentos transitorios para el presente año en casi todas las regiones y algunas reversiones en el año 2013, particularmente en el caso de América Latina y Europa emergente. Hace presente que en línea con lo anterior, la mayor parte de los bancos centrales ha detenido el ciclo de bajas de sus tasas rectoras y que estas solo persisten en algunos casos específicos, como en India, cuya autoridad monetaria la recortó en 50 puntos base en la reunión realizada durante la presente jornada, mayor que el esperado, y en Brasil, que lo haría en 75 puntos base en la reunión programada para el día siguiente. Sesión N° 184 Página 7 de 26 También en consonancia con lo precedentemente expuesto, el señor Gerente de Análisis Internacional menciona que las perspectivas en materia de TPM han tendido a ajustarse. Precisa que tal es el caso de Europa emergente, América Latina, Asia y Oceanía. Añade que los contratos de futuros, en tanto, están recogiendo un posible aumento en los Estados Unidos hacia fines del año 2013, ante indicadores que han resultado más favorables que lo esperado, contrariamente a lo anunciado por la Reserva Federal en cuanto a que no moverá sus tasas hasta bien entrado el año 2014. Con respecto a los precios de commodities, destaca que han tendido a caer, salvo el arroz y la gasolina. Explica que el aumento del precio de la gasolina se debe a factores estacionales, mientras que el del arroz, que no se había ajustado al alza, como sí lo habían hecho otros granos, se niveló con ellos.",Análisis del escenario macroeconómico internacional,escenario_internacional,escenario internacional,escenario_internacional,NO,NO,NO,Rol según lista de asistencia: Gerente de Análisis Internacional,RPM-2012-04-17:4746:1,1,XLSX_ORIGINAL,NO,NO,RPM-2012-04-17:4746:B1,SIN_ALERTAS_AUTOMATICAS,,RPM-2012-04-17:T19,INICIO_EXPLICITO,,RPM-2012-04-17:4746:1
4746,ENLACE_CONTINUIDAD_REVISADO,9e89343fcc0ac4b2ff9175b9c0d44a41968471a6daedf20137f3461b2d2089e4,Despues,6696,RPM-2012-04-17,2012-04-17 00:00:00,Sergio Lehmann Beresi,Sergio Lehmann Beresi,NO,Gerente de Análisis Internacional,Gerente de Análisis Internacional,NO,,Gerente de Análisis Internacional,LISTA_ASISTENCIA,,SUJETO_NOMBRE,6,"el señor Sergio Lehmann exhibe el heat map de inflación que se contiene en la lámina N° 23 y señala que, en términos generales, la inflación se mantiene en las economías desarrolladas, que tiende a caer en las emergentes y que en algunas economías, como Perú, República Checa, Hungría y Turquía, supera sus rangos meta. En cuanto a proyecciones, indica que se anticipan aumentos transitorios para el presente año en casi todas las regiones y algunas reversiones en el año 2013, particularmente en el caso de América Latina y Europa emergente. Hace presente que en línea con lo anterior, la mayor parte de los bancos centrales ha detenido el ciclo de bajas de sus tasas rectoras y que estas solo persisten en algunos casos específicos, como en India, cuya autoridad monetaria la recortó en 50 puntos base en la reunión realizada durante la presente jornada, mayor que el esperado, y en Brasil, que lo haría en 75 puntos base en la reunión programada para el día siguiente. Sesión N° 184 Página 7 de 26 También en consonancia con lo precedentemente expuesto, el señor Gerente de Análisis Internacional menciona que las perspectivas en materia de TPM han tendido a ajustarse. Precisa que tal es el caso de Europa emergente, América Latina, Asia y Oceanía. Añade que los contratos de futuros, en tanto, están recogiendo un posible aumento en los Estados Unidos hacia fines del año 2013, ante indicadores que han resultado más favorables que lo esperado, contrariamente a lo anunciado por la Reserva Federal en cuanto a que no moverá sus tasas hasta bien entrado el año 2014. Con respecto a los precios de commodities, destaca que han tendido a caer, salvo el arroz y la gasolina. Explica que el aumento del precio de la gasolina se debe a factores estacionales, mientras que el del arroz, que no se había ajustado al alza, como sí lo habían hecho otros granos, se niveló con ellos.",Análisis del escenario macroeconómico internacional,escenario_internacional,escenario internacional,escenario_internacional,NO,NO,NO,Rol según lista de asistencia: Gerente de Análisis Internacional,RPM-2012-04-17:4746:1,1,XLSX_ORIGINAL,NO,NO,RPM-2012-04-17:4746:B1,SIN_ALERTAS_AUTOMATICAS,,RPM-2012-04-17:T18,CONTINUIDAD_REVISADA,RPM-2012-04-17:4745:2,RPM-2012-04-17:4746:1
4778,RESEGMENTACION,f7b011ffe8981c455a3dabc560f3dbaada90210a48d5880edecd9e9fd72e2d5c,Antes,6724,RPM-2012-04-17,2012-04-17 00:00:00,Enrique Marshall Rivera,Enrique Marshall Rivera,NO,Consejero,Consejero,NO,,Consejero,LISTA_ASISTENCIA,,SUJETO_ROL_NOMBRE,14,"El Consejero señor Enrique Marshall acota que su inquietud apunta a que, hasta el momento, el sector minero era el que tendía a elevar los salarios o atraer mano de obra, pero que ahora el sector construcción también ha comenzado a generar presión en la misma dirección. En su opinión, ello debe ser monitoreado. Sesión N° 184 Página 15 de 26 Por no haber otras preguntas o comentarios, el Presidente señor Rodrigo Vergara pone término a esta parte de la presente Reunión de Política Monetaria, la que continuará a las 16:00 horas.",Evolución del mercado laboral y empleo,mercado_laboral,mercado laboral,mercado_laboral,NO,NO,NO,Rol según lista de asistencia: Consejero,RPM-2012-04-17:4778:1,1,XLSX_ORIGINAL,NO,NO,RPM-2012-04-17:4778:B1,SIN_ALERTAS_AUTOMATICAS,,RPM-2012-04-17:T57,INICIO_EXPLICITO,,RPM-2012-04-17:4778:1
4778,RESEGMENTACION,f7b011ffe8981c455a3dabc560f3dbaada90210a48d5880edecd9e9fd72e2d5c,Antes,6725,RPM-2012-04-17,2012-04-17 00:00:00,Enrique Marshall Rivera,Consejo del Banco Central de Chile,SI,Consejero,Consejo,SI,,,ACTA_INSTITUCIONAL,META_SESION,ACTA/META,14,"Siendo las 16:00 horas, se reanuda la Reunión de Política Monetaria N° 184.",Evolución del mercado laboral y empleo,mercado_laboral,mercado laboral,mercado_laboral,NO,NO,NO,,RPM-2012-04-17:4778:2,2,XLSX_ORIGINAL,NO,NO,RPM-2012-04-17:4778:B2,SIN_ALERTAS_AUTOMATICAS,,RPM-2012-04-17:T58,INSTITUCIONAL,,
4778,RESEGMENTACION,f7b011ffe8981c455a3dabc560f3dbaada90210a48d5880edecd9e9fd72e2d5c,Despues,6735,RPM-2012-04-17,2012-04-17 00:00:00,Enrique Marshall Rivera,Enrique Marshall Rivera,NO,Consejero,Consejero,NO,,Consejero,LISTA_ASISTENCIA,,SUJETO_ROL_NOMBRE,14,"El Consejero señor Enrique Marshall acota que su inquietud apunta a que, hasta el momento, el sector minero era el que tendía a elevar los salarios o atraer mano de obra, pero que ahora el sector construcción también ha comenzado a generar presión en la misma dirección. En su opinión, ello debe ser monitoreado.",Evolución del mercado laboral y empleo,mercado_laboral,mercado laboral,mercado_laboral,NO,NO,NO,Rol según lista de asistencia: Consejero,RPM-2012-04-17:4778:1,1,XLSX_ORIGINAL,NO,NO,RPM-2012-04-17:4778:B1,SIN_ALERTAS_AUTOMATICAS,,RPM-2012-04-17:T56,INICIO_EXPLICITO,,RPM-2012-04-17:4778:1
4778,RESEGMENTACION,f7b011ffe8981c455a3dabc560f3dbaada90210a48d5880edecd9e9fd72e2d5c,Despues,6736,RPM-2012-04-17,2012-04-17 00:00:00,Enrique Marshall Rivera,Rodrigo Vergara Montes,SI,Consejero,Presidente del Banco Central,SI,,Presidente del Banco Central,LISTA_ASISTENCIA,,CONTEXTO_REVISADO,14,"Sesión N° 184 Página 15 de 26 Por no haber otras preguntas o comentarios, el Presidente señor Rodrigo Vergara pone término a esta parte de la presente Reunión de Política Monetaria, la que continuará a las 16:00 horas.",Evolución del mercado laboral y empleo,mercado_laboral,mercado laboral,mercado_laboral,NO,NO,NO,Hablante por contexto documentado: HAB-20260908-L26-4778-313 (data/curation/revisiones_hablantes.json; no cotejo PDF); Rol según lista de asistencia: Presidente del Banco Central,RPM-2012-04-17:4778:2,2,XLSX_ORIGINAL,NO,NO,RPM-2012-04-17:4778:B2,SIN_ALERTAS_AUTOMATICAS,,RPM-2012-04-17:T57,SIN_CONTINUIDAD_CONFIRMADA,,
4778,RESEGMENTACION,f7b011ffe8981c455a3dabc560f3dbaada90210a48d5880edecd9e9fd72e2d5c,Despues,6737,RPM-2012-04-17,2012-04-17 00:00:00,Enrique Marshall Rivera,Consejo del Banco Central de Chile,SI,Consejero,Consejo,SI,,,ACTA_INSTITUCIONAL,META_SESION,ACTA/META,14,"Siendo las 16:00 horas, se reanuda la Reunión de Política Monetaria N° 184.",Evolución del mercado laboral y empleo,mercado_laboral,mercado laboral,mercado_laboral,NO,NO,NO,,RPM-2012-04-17:4778:3,3,XLSX_ORIGINAL,NO,NO,RPM-2012-04-17:4778:B3,SIN_ALERTAS_AUTOMATICAS,,RPM-2012-04-17:T58,INSTITUCIONAL,,
5257,AUTOR_Y_LECTOR_DOCUMENTAL,555fd680304efba8fe10596fe6458ec4a4e38845d54972fa42bfe251f53df712,Antes,7292,RPM-2012-12-13,2012-12-13 00:00:00,Rodrigo Vergara Montes,Rodrigo Vergara Montes,NO,Presidente del Banco Central,Presidente del Banco Central,NO,,Presidente del Banco Central,LISTA_ASISTENCIA,,SUJETO_ROL_NOMBRE,17,"El Presidente señor Rodrigo Vergara se integra a la Sesión y pasa a presidirla. El Presidente señor Rodrigo Vergara informa que el Ministro de Hacienda señor Felipe Larraín no asistirá a la presente Sesión, sin embargo por intermedio de su Asesor señor Rodrigo Cerda, ha hecho llegar su planteamiento por escrito, que dará lectura a continuación: “El último mes refleja un elevado dinamismo de la actividad económica local y una inflación bajo control. El escenario externo no presenta grandes cambios; pese a las menores turbulencias en los mercados financieros, persisten los problemas fundamentales en Europa. Los mercados financieros últimamente han mostrado menores tensiones. Así, la percepción de riesgo ha descendido desde sus niveles en la última reunión. Los CDS a 5 años en España se encuentran 63 puntos bajo su nivel desde dicha fecha y los de Italia, 43 puntos menos. En Portugal, la caída ha sido de 156 puntos. Con todo, los problemas fundamentales persisten. La deuda pública se eleva al 90% del PIB en la Zona Euro pese a los esfuerzos de estabilización de las autoridades, en un contexto de recesión y alto desempleo que dificulta realizar los ajustes requeridos. En efecto, durante el tercer trimestre la Zona Euro cayó 0,6% anual, tras una contracción de 0,5% el segundo trimestre y de 0,1% el primero. Grecia se contrajo 7,2% anual, mientras que Portugal lo hizo en 3,4%. Italia decreció 2,4% y España, 1,6%. Por su parte, Francia creció un modesto 0,1%, mientras que Alemania se expandió en 0,9%. La recesión de la Zona Euro está afectando al resto del mundo, lo que se refleja en una contracción real de 0,9% anual de las importaciones de bienes y servicios durante el tercer trimestre, siendo esta la tercera caída consecutiva. Estados Unidos de América sigue siendo foco de atención, en especial, considerando que se acercan las fechas clave para lograr acuerdos que eviten un ajuste fiscal abrupto a comienzos de 2013. Con todo, la economía norteamericana ha tenido algunas noticias positivas en el último tiempo. De acuerdo al reporte preliminar de la Oficina de Análisis Económico, el crecimiento del tercer trimestre de 2012 se ubicó en 2,7%, superior al 2% del avance y acelerándose respecto al 1,3% del trimestre anterior. La creación mensual de empleo no agrícola en noviembre fue de 146 mil puestos, superando los 138 mil del mes anterior. En noviembre pasado la economía china mostró señales mixtas. La producción industrial creció 10,1 % anual, tras el 9,6% de octubre, mientras que las ventas minoristas crecieron 14,9%, luego del 14,5% en octubre. Sin embargo, las exportaciones crecieron solo 2,9%, tras el 11,6% de octubre. Por otro lado, la inflación se aceleró a 2% anual, luego de ubicarse en 1,7% el mes previo. Este escenario de baja inflación otorga a las autoridades mayor rango de maniobra para realizar política monetaria y fiscal expansiva. En definitiva, el escenario económico internacional actual sigue influido por los efectos de la crisis en la Zona Euro y por la incertidumbre respecto a las decisiones pendientes en Estados Unidos de América, lo que puede tener importantes repercusiones sobre las economías emergentes. En el ámbito interno la actividad económica mantiene su dinamismo, alcanzando un crecimiento de 6,7% en octubre, superior a los pronósticos de mercado y al 4,9% del mes anterior. Con todo, en la cifra del último mes influyó la existencia de tres días hábiles más respecto a octubre del año anterior. En línea con las últimas cifras, las expectativas de crecimiento para este año han aumentado en la Encuesta de Expectativas Económicas del Banco Central de Chile. En diciembre, el crecimiento esperado para 2012 es de 5,5%, superior al 5,2% de la encuesta de noviembre y el 5,1% de octubre. El consumo sigue mostrando vitalidad. En el tercer trimestre, el consumo privado creció 6,4%, acelerándose respecto al 5,4% del trimestre previo y del 4,9% del primero. Aunque el mercado laboral muestra una importante moderación en la creación de puestos de trabajo, el reporte del trimestre agosto-octubre registró un crecimiento del empleo de 1,8%, acelerándose en relación al 1,6% del trimestre julio-septiembre. Por su parte, los salarios reales continúan creciendo en tomo al 3% anual, en línea con el aumento en la productividad media laboral. Sin embargo, el sector externo chileno se ha visto claramente afectado por la situación internacional. Durante el tercer trimestre, las exportaciones de bienes y servicios, a precios encadenados, se contrajeron 3,4% anual. Pese a ello, en octubre se observaron indicios de mejoría. En efecto, el valor de las exportaciones de bienes a la Unión Europea aumentó 7% en 12 meses, tras una caída de 8,5% el mes previo, mientras que las destinadas a China, crecieron 15,2%, tras una disminución de 18,9% el mes anterior. De esta manera, la fortaleza de la demanda interna ha logrado contrarrestar los efectos negativos de la menor demanda externa. El IPC registró una disminución de 0,5% en noviembre, llegando a un nivel de 2,1% en doce meses. La disminución mensual fue influenciada fundamentalmente por menores precios en las divisiones de Transporte y Alimentos y bebidas no alcohólicas, destacando la disminución mensual de 6,3% de la gasolina. El IPCX y el IPCX1 se encuentran en niveles de 1,7% y 2,1%, respectivamente, reflejando la reversión de algunos shocks de oferta. De esta manera, la inflación se mantiene bajo control y en el límite inferior del rango de tolerancia del Banco Central de Chile. En línea con las últimas cifras, las expectativas de inflación apuntan a una desaceleración en el corto plazo. De acuerdo a la última Encuesta de Expectativas Económicas del Banco Central de Chile la inflación en diciembre seria de 0,1% mensual, con lo que implícitamente, la inflación en doce meses se ubicaría en 1,6% anual. Para fines de 2013 las expectativas se mantienen ancladas en 3% anual. Por su parte, las compensaciones inflacionarias a 2 años se ubican en niveles de 2,47% anual. En este escenario, parece aconsejable mantener la Tasa de Política Monetaria en su nivel actual, validando las expectativas del mercado. Chile muestra signos de resiliencia, pero la evidencia muestra que no ha evitado el impacto de la recesión europea y la desaceleración de los mercados emergentes, así como la ¡ncertidumbre que aún persiste. En este contexto parece necesario mantener la tasa rectora para continuar acumulando información sobre la evolución económica internacional y sus posibles consecuencias para la economía chilena.” Concluida la lectura de la opinión formulada por el Ministro de Hacienda señor Felipe Larraín y para efectos de proseguir con la Sesión, el Presidente señor Rodrigo Vergara da paso a la votación y, en primer lugar, ofrece la palabra al Consejero señor Joaquín Vial.",Acuerdo de Política Monetaria y comunicado oficial,acuerdo_comunicado,acuerdo y comunicado,acuerdo_comunicado,NO,NO,NO,Rol según lista de asistencia: Presidente del Banco Central,RPM-2012-12-13:5257:1,1,XLSX_ORIGINAL,NO,NO,RPM-2012-12-13:5257:B1,SIN_ALERTAS_AUTOMATICAS,,RPM-2012-12-13:T38,INICIO_EXPLICITO,,RPM-2012-12-13:5257:1
5257,AUTOR_Y_LECTOR_DOCUMENTAL,555fd680304efba8fe10596fe6458ec4a4e38845d54972fa42bfe251f53df712,Despues,7304,RPM-2012-12-13,2012-12-13 00:00:00,Rodrigo Vergara Montes,Consejo del Banco Central de Chile,SI,Presidente del Banco Central,Consejo,SI,,,ACTA_INSTITUCIONAL,ACTA_INSTITUCIONAL,ACTA/META,17,El Presidente señor Rodrigo Vergara se integra a la Sesión y pasa a presidirla.,Acuerdo de Política Monetaria y comunicado oficial,acuerdo_comunicado,acuerdo y comunicado,acuerdo_comunicado,NO,NO,NO,,RPM-2012-12-13:5257:1,1,XLSX_ORIGINAL,NO,NO,RPM-2012-12-13:5257:B1,SIN_ALERTAS_AUTOMATICAS,,RPM-2012-12-13:T38,INSTITUCIONAL,,
5257,AUTOR_Y_LECTOR_DOCUMENTAL,555fd680304efba8fe10596fe6458ec4a4e38845d54972fa42bfe251f53df712,Despues,7305,RPM-2012-12-13,2012-12-13 00:00:00,Rodrigo Vergara Montes,Rodrigo Vergara Montes,NO,Presidente del Banco Central,Presidente del Banco Central,NO,,Presidente del Banco Central,LISTA_ASISTENCIA,,LECTOR_DOCUMENTO_REVISADO,17,"El Presidente señor Rodrigo Vergara informa que el Ministro de Hacienda señor Felipe Larraín no asistirá a la presente Sesión, sin embargo por intermedio de su Asesor señor Rodrigo Cerda, ha hecho llegar su planteamiento por escrito, que dará lectura a continuación:",Acuerdo de Política Monetaria y comunicado oficial,acuerdo_comunicado,acuerdo y comunicado,acuerdo_comunicado,NO,NO,NO,Lectura documental DOC-20260908-L26-5257: autor=Felipe Larraín Bascuñán; lector=Rodrigo Vergara Montes; asistencia del autor no inferida; data/curation/revisiones_documentos_leidos.json; Rol según lista de asistencia: Presidente del Banco Central,RPM-2012-12-13:5257:2,2,XLSX_ORIGINAL,NO,NO,RPM-2012-12-13:5257:B2,SIN_ALERTAS_AUTOMATICAS,,RPM-2012-12-13:T39,SIN_CONTINUIDAD_CONFIRMADA,,
5257,AUTOR_Y_LECTOR_DOCUMENTAL,555fd680304efba8fe10596fe6458ec4a4e38845d54972fa42bfe251f53df712,Despues,7306,RPM-2012-12-13,2012-12-13 00:00:00,Rodrigo Vergara Montes,Felipe Larraín Bascuñán,SI,Presidente del Banco Central,Ministro de Hacienda,SI,,,CARGO_DOCUMENTAL_REVISADO,OPINION_ESCRITA,DOCUMENTO_ESCRITO_REVISADO,17,"“El último mes refleja un elevado dinamismo de la actividad económica local y una inflación bajo control. El escenario externo no presenta grandes cambios; pese a las menores turbulencias en los mercados financieros, persisten los problemas fundamentales en Europa. Los mercados financieros últimamente han mostrado menores tensiones. Así, la percepción de riesgo ha descendido desde sus niveles en la última reunión. Los CDS a 5 años en España se encuentran 63 puntos bajo su nivel desde dicha fecha y los de Italia, 43 puntos menos. En Portugal, la caída ha sido de 156 puntos. Con todo, los problemas fundamentales persisten. La deuda pública se eleva al 90% del PIB en la Zona Euro pese a los esfuerzos de estabilización de las autoridades, en un contexto de recesión y alto desempleo que dificulta realizar los ajustes requeridos. En efecto, durante el tercer trimestre la Zona Euro cayó 0,6% anual, tras una contracción de 0,5% el segundo trimestre y de 0,1% el primero. Grecia se contrajo 7,2% anual, mientras que Portugal lo hizo en 3,4%. Italia decreció 2,4% y España, 1,6%. Por su parte, Francia creció un modesto 0,1%, mientras que Alemania se expandió en 0,9%. La recesión de la Zona Euro está afectando al resto del mundo, lo que se refleja en una contracción real de 0,9% anual de las importaciones de bienes y servicios durante el tercer trimestre, siendo esta la tercera caída consecutiva. Estados Unidos de América sigue siendo foco de atención, en especial, considerando que se acercan las fechas clave para lograr acuerdos que eviten un ajuste fiscal abrupto a comienzos de 2013. Con todo, la economía norteamericana ha tenido algunas noticias positivas en el último tiempo. De acuerdo al reporte preliminar de la Oficina de Análisis Económico, el crecimiento del tercer trimestre de 2012 se ubicó en 2,7%, superior al 2% del avance y acelerándose respecto al 1,3% del trimestre anterior. La creación mensual de empleo no agrícola en noviembre fue de 146 mil puestos, superando los 138 mil del mes anterior. En noviembre pasado la economía china mostró señales mixtas. La producción industrial creció 10,1 % anual, tras el 9,6% de octubre, mientras que las ventas minoristas crecieron 14,9%, luego del 14,5% en octubre. Sin embargo, las exportaciones crecieron solo 2,9%, tras el 11,6% de octubre. Por otro lado, la inflación se aceleró a 2% anual, luego de ubicarse en 1,7% el mes previo. Este escenario de baja inflación otorga a las autoridades mayor rango de maniobra para realizar política monetaria y fiscal expansiva. En definitiva, el escenario económico internacional actual sigue influido por los efectos de la crisis en la Zona Euro y por la incertidumbre respecto a las decisiones pendientes en Estados Unidos de América, lo que puede tener importantes repercusiones sobre las economías emergentes. En el ámbito interno la actividad económica mantiene su dinamismo, alcanzando un crecimiento de 6,7% en octubre, superior a los pronósticos de mercado y al 4,9% del mes anterior. Con todo, en la cifra del último mes influyó la existencia de tres días hábiles más respecto a octubre del año anterior. En línea con las últimas cifras, las expectativas de crecimiento para este año han aumentado en la Encuesta de Expectativas Económicas del Banco Central de Chile. En diciembre, el crecimiento esperado para 2012 es de 5,5%, superior al 5,2% de la encuesta de noviembre y el 5,1% de octubre. El consumo sigue mostrando vitalidad. En el tercer trimestre, el consumo privado creció 6,4%, acelerándose respecto al 5,4% del trimestre previo y del 4,9% del primero. Aunque el mercado laboral muestra una importante moderación en la creación de puestos de trabajo, el reporte del trimestre agosto-octubre registró un crecimiento del empleo de 1,8%, acelerándose en relación al 1,6% del trimestre julio-septiembre. Por su parte, los salarios reales continúan creciendo en tomo al 3% anual, en línea con el aumento en la productividad media laboral. Sin embargo, el sector externo chileno se ha visto claramente afectado por la situación internacional. Durante el tercer trimestre, las exportaciones de bienes y servicios, a precios encadenados, se contrajeron 3,4% anual. Pese a ello, en octubre se observaron indicios de mejoría. En efecto, el valor de las exportaciones de bienes a la Unión Europea aumentó 7% en 12 meses, tras una caída de 8,5% el mes previo, mientras que las destinadas a China, crecieron 15,2%, tras una disminución de 18,9% el mes anterior. De esta manera, la fortaleza de la demanda interna ha logrado contrarrestar los efectos negativos de la menor demanda externa. El IPC registró una disminución de 0,5% en noviembre, llegando a un nivel de 2,1% en doce meses. La disminución mensual fue influenciada fundamentalmente por menores precios en las divisiones de Transporte y Alimentos y bebidas no alcohólicas, destacando la disminución mensual de 6,3% de la gasolina. El IPCX y el IPCX1 se encuentran en niveles de 1,7% y 2,1%, respectivamente, reflejando la reversión de algunos shocks de oferta. De esta manera, la inflación se mantiene bajo control y en el límite inferior del rango de tolerancia del Banco Central de Chile. En línea con las últimas cifras, las expectativas de inflación apuntan a una desaceleración en el corto plazo. De acuerdo a la última Encuesta de Expectativas Económicas del Banco Central de Chile la inflación en diciembre seria de 0,1% mensual, con lo que implícitamente, la inflación en doce meses se ubicaría en 1,6% anual. Para fines de 2013 las expectativas se mantienen ancladas en 3% anual. Por su parte, las compensaciones inflacionarias a 2 años se ubican en niveles de 2,47% anual. En este escenario, parece aconsejable mantener la Tasa de Política Monetaria en su nivel actual, validando las expectativas del mercado. Chile muestra signos de resiliencia, pero la evidencia muestra que no ha evitado el impacto de la recesión europea y la desaceleración de los mercados emergentes, así como la ¡ncertidumbre que aún persiste. En este contexto parece necesario mantener la tasa rectora para continuar acumulando información sobre la evolución económica internacional y sus posibles consecuencias para la economía chilena.”",Acuerdo de Política Monetaria y comunicado oficial,acuerdo_comunicado,acuerdo y comunicado,acuerdo_comunicado,NO,NO,NO,Lectura documental DOC-20260908-L26-5257: autor=Felipe Larraín Bascuñán; lector=Rodrigo Vergara Montes; asistencia del autor no inferida; data/curation/revisiones_documentos_leidos.json,RPM-2012-12-13:5257:3,3,XLSX_ORIGINAL,NO,NO,RPM-2012-12-13:5257:B3,PENDIENTE_REVISION,TEXTO_ESCRITO_LEIDO_POR_TERCERO,RPM-2012-12-13:T40,DOCUMENTO_PERSONAL,,
5257,AUTOR_Y_LECTOR_DOCUMENTAL,555fd680304efba8fe10596fe6458ec4a4e38845d54972fa42bfe251f53df712,Despues,7307,RPM-2012-12-13,2012-12-13 00:00:00,Rodrigo Vergara Montes,Rodrigo Vergara Montes,NO,Presidente del Banco Central,Presidente del Banco Central,NO,,Presidente del Banco Central,LISTA_ASISTENCIA,,LECTOR_DOCUMENTO_REVISADO,17,"Concluida la lectura de la opinión formulada por el Ministro de Hacienda señor Felipe Larraín y para efectos de proseguir con la Sesión, el Presidente señor Rodrigo Vergara da paso a la votación y, en primer lugar, ofrece la palabra al Consejero señor Joaquín Vial.",Acuerdo de Política Monetaria y comunicado oficial,acuerdo_comunicado,acuerdo y comunicado,acuerdo_comunicado,NO,NO,NO,Lectura documental DOC-20260908-L26-5257: autor=Felipe Larraín Bascuñán; lector=Rodrigo Vergara Montes; asistencia del autor no inferida; data/curation/revisiones_documentos_leidos.json; Rol según lista de asistencia: Presidente del Banco Central,RPM-2012-12-13:5257:4,4,XLSX_ORIGINAL,NO,NO,RPM-2012-12-13:5257:B4,SIN_ALERTAS_AUTOMATICAS,,RPM-2012-12-13:T41,SIN_CONTINUIDAD_CONFIRMADA,,
5892,AUTOR_Y_LECTOR_DOCUMENTAL,b82c31d2749fde953286cfb51fe4b4421c5ec324d8235dfc65303a4ca8080ac8,Antes,8028,RPM-2013-11-19,2013-11-19 00:00:00,Rodrigo Vergara Montes,Rodrigo Vergara Montes,NO,Presidente del Banco Central,Presidente del Banco Central,NO,,Presidente del Banco Central,LISTA_ASISTENCIA,,SUJETO_ROL_NOMBRE,22,"El Presidente señor Rodrigo Vergara agradece los comentarios del Gerente de División Política Financiera señor Kevin Cowan. Al proseguir con la Sesión, el señor Presidente informa que el Ministro de Hacienda señor Felipe Larraín, por intermedio de su Asesor señor Rodrigo Cerda, le ha entregado su planteamiento por escrito, atendido que no podrá asistir a esta Sesión por razones propias de su cargo en el Congreso Nacional, por lo que procederá a su lectura, de manera que quede inserto en el Acta respectiva: “Desde la última reunión de política monetaria, hemos tenido nueva información que da cuenta de la desaceleración de la demanda interna en la economía chilena, en especial de la inversión. Asimismo, en el plano internacional, destaca la recuperación del mundo desarrollado. La Zona Euro confirmó su segundo trimestre consecutivo de crecimiento trimestral positivo, lo que da indicios del final de la recesión. De igual forma, la actividad en Estados Unidos de América mostró un desempeño superior a lo esperado en el tercer trimestre, con signos de aceleración. Por su parte, China creció 7,8% durante el tercer cuarto del año, acelerándose respecto a lo observado en los trimestres previos. En su último reporte, el FMI proyectó una aceleración del crecimiento en 2014, en donde las economías desarrolladas aportarían más que el mundo emergente a este aumento. En el plano local, las noticias recientes muestran una importante recomposición del crecimiento económico. El consume privado se mantiene creciendo a tasas robustas, aunque se desaceleró a 5,3% en el tercer trimestre, tras un incremento de 6,5% en el segundo. Esta moderación está totalmente en línea con la moderación del crecimiento de la masa salarial, que en ese mismo periodo pasó a crecer 5,4% desde 7%. Por el lado de la inversión en capital fijo, se observó una importante desaceleración durante el tercer trimestre, explicada fundamentalmente por la fuerte moderación del componente de maquinarias y equipos, situación que ya preveíamos en base a la evolución de las importaciones de bienes de capital. En el tercer trimestre, la formación bruta de capital fijo creció 3,2%, lo que contrasta con el 8,6% del segundo trimestre y el 9,4% del primero. En octubre las importaciones de bienes de capital decrecieron 37,1% anual, lo que si bien se debe fundamentalmente a una alta base de comparación que debiera tender a desaparecer en noviembre y diciembre, nos permite pensar en una contracción en el cuarto trimestre de este año. Además, hemos observado una importante desacumulación de inventarios que ha aportado negativamente al crecimiento. Con todo, las exportaciones están creciendo en forma vigorosa mientras que las importaciones se desaceleraron en forma importante, en línea con la desaceleración de las importaciones de bienes de capital, lo que tiene como consecuencias un sano rebalanceamiento del crecimiento que ahora se apoya más en la demanda externa que en la demanda interna y una reducción en forma ordenada y paulatina del déficit de cuenta corriente. En consecuencia, las señales indican que la desaceleración del gasto interno debería continuar en el corto plazo. Además, la inflación ha vuelto a caer bajo el rango de tolerancia del Banco Central de Chile. La inflación subyacente se encuentra igualmente contenida, en donde la gasolina registró la incidencia negativa más importante de octubre. En este contexto, parecen no existir presiones inflacionarias relevantes en el corto plazo. Para 2014 las expectativas de inflación se han desviado levemente hacia la baja del medio del rango de política del Banco Central de Chile de acuerdo a la última Encuesta de Expectativas Económicas, con una proyección de 2,7% a fines del próximo año. Considerando los rezagos con que opera la política monetaria, se sugiere continuar con el ciclo de reducción de la tasa rectora. La inflación se encuentra por debajo del rango de tolerancia y con este movimiento se contribuiría a mantener un tipo de cambio competitivo, incentivando al sector exportador y permitiendo contrarrestar los efectos de una menor demanda interna."" Concluida la lectura del planteamiento formulado por el señor Ministro de Hacienda y conforme al orden de esta Sesión, el Presidente señor Rodrigo Vergara da paso al proceso de votación de las opciones planteadas por la Gerencia de División Estudios y, en primer término, ofrece la palabra al Consejero señor Joaquín Vial.",Acuerdo de Política Monetaria y comunicado oficial,acuerdo_comunicado,acuerdo y comunicado,acuerdo_comunicado,NO,NO,NO,Rol según lista de asistencia: Presidente del Banco Central,RPM-2013-11-19:5892:1,1,XLSX_ORIGINAL,NO,NO,RPM-2013-11-19:5892:B1,SIN_ALERTAS_AUTOMATICAS,,RPM-2013-11-19:T38,INICIO_EXPLICITO,,RPM-2013-11-19:5892:1
5892,AUTOR_Y_LECTOR_DOCUMENTAL,b82c31d2749fde953286cfb51fe4b4421c5ec324d8235dfc65303a4ca8080ac8,Despues,8043,RPM-2013-11-19,2013-11-19 00:00:00,Rodrigo Vergara Montes,Rodrigo Vergara Montes,NO,Presidente del Banco Central,Presidente del Banco Central,NO,,Presidente del Banco Central,LISTA_ASISTENCIA,,SUJETO_ROL_NOMBRE,22,El Presidente señor Rodrigo Vergara agradece los comentarios del Gerente de División Política Financiera señor Kevin Cowan.,Acuerdo de Política Monetaria y comunicado oficial,acuerdo_comunicado,acuerdo y comunicado,acuerdo_comunicado,NO,NO,NO,Rol según lista de asistencia: Presidente del Banco Central,RPM-2013-11-19:5892:1,1,XLSX_ORIGINAL,NO,NO,RPM-2013-11-19:5892:B1,SIN_ALERTAS_AUTOMATICAS,,RPM-2013-11-19:T38,INICIO_EXPLICITO,,RPM-2013-11-19:5892:1
5892,AUTOR_Y_LECTOR_DOCUMENTAL,b82c31d2749fde953286cfb51fe4b4421c5ec324d8235dfc65303a4ca8080ac8,Despues,8044,RPM-2013-11-19,2013-11-19 00:00:00,Rodrigo Vergara Montes,Rodrigo Vergara Montes,NO,Presidente del Banco Central,Presidente del Banco Central,NO,,Presidente del Banco Central,LISTA_ASISTENCIA,,LECTOR_DOCUMENTO_REVISADO,22,"Al proseguir con la Sesión, el señor Presidente informa que el Ministro de Hacienda señor Felipe Larraín, por intermedio de su Asesor señor Rodrigo Cerda, le ha entregado su planteamiento por escrito, atendido que no podrá asistir a esta Sesión por razones propias de su cargo en el Congreso Nacional, por lo que procederá a su lectura, de manera que quede inserto en el Acta respectiva:",Acuerdo de Política Monetaria y comunicado oficial,acuerdo_comunicado,acuerdo y comunicado,acuerdo_comunicado,NO,NO,NO,Lectura documental DOC-20260908-L26-5892: autor=Felipe Larraín Bascuñán; lector=Rodrigo Vergara Montes; asistencia del autor no inferida; data/curation/revisiones_documentos_leidos.json; Rol según lista de asistencia: Presidente del Banco Central,RPM-2013-11-19:5892:2,2,XLSX_ORIGINAL,NO,NO,RPM-2013-11-19:5892:B2,SIN_ALERTAS_AUTOMATICAS,,RPM-2013-11-19:T39,SIN_CONTINUIDAD_CONFIRMADA,,
5892,AUTOR_Y_LECTOR_DOCUMENTAL,b82c31d2749fde953286cfb51fe4b4421c5ec324d8235dfc65303a4ca8080ac8,Despues,8045,RPM-2013-11-19,2013-11-19 00:00:00,Rodrigo Vergara Montes,Felipe Larraín Bascuñán,SI,Presidente del Banco Central,Ministro de Hacienda,SI,,,CARGO_DOCUMENTAL_REVISADO,OPINION_ESCRITA,DOCUMENTO_ESCRITO_REVISADO,22,"“Desde la última reunión de política monetaria, hemos tenido nueva información que da cuenta de la desaceleración de la demanda interna en la economía chilena, en especial de la inversión. Asimismo, en el plano internacional, destaca la recuperación del mundo desarrollado. La Zona Euro confirmó su segundo trimestre consecutivo de crecimiento trimestral positivo, lo que da indicios del final de la recesión. De igual forma, la actividad en Estados Unidos de América mostró un desempeño superior a lo esperado en el tercer trimestre, con signos de aceleración. Por su parte, China creció 7,8% durante el tercer cuarto del año, acelerándose respecto a lo observado en los trimestres previos. En su último reporte, el FMI proyectó una aceleración del crecimiento en 2014, en donde las economías desarrolladas aportarían más que el mundo emergente a este aumento. En el plano local, las noticias recientes muestran una importante recomposición del crecimiento económico. El consume privado se mantiene creciendo a tasas robustas, aunque se desaceleró a 5,3% en el tercer trimestre, tras un incremento de 6,5% en el segundo. Esta moderación está totalmente en línea con la moderación del crecimiento de la masa salarial, que en ese mismo periodo pasó a crecer 5,4% desde 7%. Por el lado de la inversión en capital fijo, se observó una importante desaceleración durante el tercer trimestre, explicada fundamentalmente por la fuerte moderación del componente de maquinarias y equipos, situación que ya preveíamos en base a la evolución de las importaciones de bienes de capital. En el tercer trimestre, la formación bruta de capital fijo creció 3,2%, lo que contrasta con el 8,6% del segundo trimestre y el 9,4% del primero. En octubre las importaciones de bienes de capital decrecieron 37,1% anual, lo que si bien se debe fundamentalmente a una alta base de comparación que debiera tender a desaparecer en noviembre y diciembre, nos permite pensar en una contracción en el cuarto trimestre de este año. Además, hemos observado una importante desacumulación de inventarios que ha aportado negativamente al crecimiento. Con todo, las exportaciones están creciendo en forma vigorosa mientras que las importaciones se desaceleraron en forma importante, en línea con la desaceleración de las importaciones de bienes de capital, lo que tiene como consecuencias un sano rebalanceamiento del crecimiento que ahora se apoya más en la demanda externa que en la demanda interna y una reducción en forma ordenada y paulatina del déficit de cuenta corriente. En consecuencia, las señales indican que la desaceleración del gasto interno debería continuar en el corto plazo. Además, la inflación ha vuelto a caer bajo el rango de tolerancia del Banco Central de Chile. La inflación subyacente se encuentra igualmente contenida, en donde la gasolina registró la incidencia negativa más importante de octubre. En este contexto, parecen no existir presiones inflacionarias relevantes en el corto plazo. Para 2014 las expectativas de inflación se han desviado levemente hacia la baja del medio del rango de política del Banco Central de Chile de acuerdo a la última Encuesta de Expectativas Económicas, con una proyección de 2,7% a fines del próximo año. Considerando los rezagos con que opera la política monetaria, se sugiere continuar con el ciclo de reducción de la tasa rectora. La inflación se encuentra por debajo del rango de tolerancia y con este movimiento se contribuiría a mantener un tipo de cambio competitivo, incentivando al sector exportador y permitiendo contrarrestar los efectos de una menor demanda interna.""",Acuerdo de Política Monetaria y comunicado oficial,acuerdo_comunicado,acuerdo y comunicado,acuerdo_comunicado,NO,NO,NO,Lectura documental DOC-20260908-L26-5892: autor=Felipe Larraín Bascuñán; lector=Rodrigo Vergara Montes; asistencia del autor no inferida; data/curation/revisiones_documentos_leidos.json,RPM-2013-11-19:5892:3,3,XLSX_ORIGINAL,NO,NO,RPM-2013-11-19:5892:B3,PENDIENTE_REVISION,TEXTO_ESCRITO_LEIDO_POR_TERCERO,RPM-2013-11-19:T40,DOCUMENTO_PERSONAL,,
5892,AUTOR_Y_LECTOR_DOCUMENTAL,b82c31d2749fde953286cfb51fe4b4421c5ec324d8235dfc65303a4ca8080ac8,Despues,8046,RPM-2013-11-19,2013-11-19 00:00:00,Rodrigo Vergara Montes,Rodrigo Vergara Montes,NO,Presidente del Banco Central,Presidente del Banco Central,NO,,Presidente del Banco Central,LISTA_ASISTENCIA,,LECTOR_DOCUMENTO_REVISADO,22,"Concluida la lectura del planteamiento formulado por el señor Ministro de Hacienda y conforme al orden de esta Sesión, el Presidente señor Rodrigo Vergara da paso al proceso de votación de las opciones planteadas por la Gerencia de División Estudios y, en primer término, ofrece la palabra al Consejero señor Joaquín Vial.",Acuerdo de Política Monetaria y comunicado oficial,acuerdo_comunicado,acuerdo y comunicado,acuerdo_comunicado,NO,SI,SI,Lectura documental DOC-20260908-L26-5892: autor=Felipe Larraín Bascuñán; lector=Rodrigo Vergara Montes; asistencia del autor no inferida; data/curation/revisiones_documentos_leidos.json; Rol según lista de asistencia: Presidente del Banco Central,RPM-2013-11-19:5892:4,4,XLSX_ORIGINAL,NO,NO,RPM-2013-11-19:5892:B4,SIN_ALERTAS_AUTOMATICAS,,RPM-2013-11-19:T41,SIN_CONTINUIDAD_CONFIRMADA,,
5999,AUTOR_Y_LECTOR_DOCUMENTAL,0ce3b33b2f42810e950a5bc1fba498e68260b7d78b042bd148e7ab31d079a33c,Antes,8144,RPM-2014-01-16,2014-01-16 00:00:00,Rodrigo Vergara Montes,Rodrigo Vergara Montes,NO,Presidente del Banco Central,Presidente del Banco Central,NO,,Presidente del Banco Central,LISTA_ASISTENCIA,,SUJETO_ROL_NOMBRE,23,"El Presidente señor Rodrigo Vergara agradece los comentarios del Gerente de División Operaciones Financieras señor Beltrán de Ramón. Al proseguir con la Sesión, el Presidente señor Rodrigo Vergara informa que el Ministro de Hacienda señor Felipe Larraín, por intermedio de su Asesor señor Rodrigo Cerda, le ha entregado su planteamiento por escrito, atendido que no podrá asistir a esta Sesión por encontrarse en Estados Unidos de América, por lo que procederá a su lectura, de manera que quede inserto en el Acta respectiva: “Desde la última reunión de política monetaria, hemos seguido observando una consolidación de un mejor desempeño de las economías desarrolladas, así como nueva información que ratifica la desaceleración de la economía chilena. En el plano internacional, se corrigió nuevamente al alza el crecimiento del tercer trimestre de Estados Unidos de América, pasando desde el 3,6% preliminar a 4,1%. Tal como se había anunciado, comenzó el retiro del programa de compra de activos de largo plazo, cuya evolución dependerá de los resultados económicos que se vayan conociendo. Pero pese a las noticias auspiciosas, en general, el mercado laboral en diciembre mostró un pobre desempeño, con solo 74 mil puestos creados en dicho mes, bastante menor a los 241 mil del mes previo. La situación en ese país mantiene la atención por parte del mundo emergente debido al impacto que pueden causar las decisiones respecto a la estrategia de salida del relajamiento cuantitativo. Tanto la Zona Euro como diversos países de la región van confirmando el fin de la recesión, con al menos 2 trimestres consecutivos de crecimiento trimestral positivo. En las economías emergentes continúa el proceso de desaceleración, sin grandes cambios. En el plano local, las noticias recientes confirman con fuerza la desaceleración de la economía. El IMACEC de noviembre creció 2,8% anual, expansión idéntica a la de octubre. De acuerdo a la última Encuesta de Expectativas Económicas del Banco Central de Chile, se espera un crecimiento de 4% en el año 2014. El consumo privado se mantiene creciendo a tasas robustas, sostenido por el aumento de la masa salarial real, aunque en noviembre esta variable se moderó en relación a los meses previos. Sin embargo, por el lado de la inversión, la información al cuarto trimestre muestra importantes signos de contracción, explicada fundamentalmente por la fuerte caída del componente de maquinarías y equipos, como se puede deducir en base a la evolución de las importaciones de bienes de capital. En el cuarto trimestre, este tipo de importaciones se contrajo 32,1% anual, bastante mayor a la caída de 5% anual del tercer trimestre. Otro síntoma de desaceleración en el cuarto trimestre es la contracción de las exportaciones, toda vez que este componente sostuvo el crecimiento durante el tercer cuarto del año. El valor de las exportaciones registró una reducción de 8,5% anual en el cuarto trimestre, tras un aumento de 7,6% el trimestre anterior. En consecuencia, en este escenario, hay bastantes señales de que la desaceleración económica continuará su proceso en el corto plazo. La inflación en 12 meses se aceleró en diciembre, llegando al centro del rango de tolerancia del Banco Central de Chile. Con todo, la Inflación subyacente se encuentra contenida y parte de este comportamiento se debe al aumento del tipo de cambio. De acuerdo a la última Encuesta de Expectativas Económicas, se espera que la inflación a diciembre de 2014 y a diciembre de 2015 se ubique en 3% anual, lo que refleja que las expectativas de inflación se mantienen ancladas. Considerando los rezagos con que opera la política monetaria, se sugiere continuar con el ciclo de reducción de la tasa rectora. La Inflación se encuentra contenida, y con este movimiento se contribuirla a contrarrestar la debilidad de la demanda interna y a mantener un tipo de cambio competitivo que permita que el componente externo constituya un aporte al crecimiento.” Concluida la lectura del planteamiento formulado por el señor Ministro de Hacienda y conforme al orden de esta Sesión, el Presidente señor Rodrigo Vergara da paso al proceso de votación de las opciones planteadas por la Gerencia de División Estudios y, en primer término, ofrece la palabra al Consejero señor Joaquín Vial.",Acuerdo de Política Monetaria y comunicado oficial,acuerdo_comunicado,acuerdo y comunicado,acuerdo_comunicado,NO,NO,NO,Rol según lista de asistencia: Presidente del Banco Central,RPM-2014-01-16:5999:1,1,XLSX_ORIGINAL,NO,NO,RPM-2014-01-16:5999:B1,SIN_ALERTAS_AUTOMATICAS,,RPM-2014-01-16:T37,INICIO_EXPLICITO,,RPM-2014-01-16:5999:1
5999,AUTOR_Y_LECTOR_DOCUMENTAL,0ce3b33b2f42810e950a5bc1fba498e68260b7d78b042bd148e7ab31d079a33c,Despues,8162,RPM-2014-01-16,2014-01-16 00:00:00,Rodrigo Vergara Montes,Rodrigo Vergara Montes,NO,Presidente del Banco Central,Presidente del Banco Central,NO,,Presidente del Banco Central,LISTA_ASISTENCIA,,SUJETO_ROL_NOMBRE,23,El Presidente señor Rodrigo Vergara agradece los comentarios del Gerente de División Operaciones Financieras señor Beltrán de Ramón.,Acuerdo de Política Monetaria y comunicado oficial,acuerdo_comunicado,acuerdo y comunicado,acuerdo_comunicado,NO,SI,NO,Rol según lista de asistencia: Presidente del Banco Central,RPM-2014-01-16:5999:1,1,XLSX_ORIGINAL,NO,NO,RPM-2014-01-16:5999:B1,PENDIENTE_REVISION,DUPLICADO_NO_FORMULA,RPM-2014-01-16:T37,INICIO_EXPLICITO,,RPM-2014-01-16:5999:1
5999,AUTOR_Y_LECTOR_DOCUMENTAL,0ce3b33b2f42810e950a5bc1fba498e68260b7d78b042bd148e7ab31d079a33c,Despues,8163,RPM-2014-01-16,2014-01-16 00:00:00,Rodrigo Vergara Montes,Rodrigo Vergara Montes,NO,Presidente del Banco Central,Presidente del Banco Central,NO,,Presidente del Banco Central,LISTA_ASISTENCIA,,LECTOR_DOCUMENTO_REVISADO,23,"Al proseguir con la Sesión, el Presidente señor Rodrigo Vergara informa que el Ministro de Hacienda señor Felipe Larraín, por intermedio de su Asesor señor Rodrigo Cerda, le ha entregado su planteamiento por escrito, atendido que no podrá asistir a esta Sesión por encontrarse en Estados Unidos de América, por lo que procederá a su lectura, de manera que quede inserto en el Acta respectiva:",Acuerdo de Política Monetaria y comunicado oficial,acuerdo_comunicado,acuerdo y comunicado,acuerdo_comunicado,NO,NO,NO,Lectura documental DOC-20260908-L26-5999: autor=Felipe Larraín Bascuñán; lector=Rodrigo Vergara Montes; asistencia del autor no inferida; data/curation/revisiones_documentos_leidos.json; Rol según lista de asistencia: Presidente del Banco Central,RPM-2014-01-16:5999:2,2,XLSX_ORIGINAL,NO,NO,RPM-2014-01-16:5999:B2,SIN_ALERTAS_AUTOMATICAS,,RPM-2014-01-16:T38,SIN_CONTINUIDAD_CONFIRMADA,,
5999,AUTOR_Y_LECTOR_DOCUMENTAL,0ce3b33b2f42810e950a5bc1fba498e68260b7d78b042bd148e7ab31d079a33c,Despues,8164,RPM-2014-01-16,2014-01-16 00:00:00,Rodrigo Vergara Montes,Felipe Larraín Bascuñán,SI,Presidente del Banco Central,Ministro de Hacienda,SI,,,CARGO_DOCUMENTAL_REVISADO,OPINION_ESCRITA,DOCUMENTO_ESCRITO_REVISADO,23,"“Desde la última reunión de política monetaria, hemos seguido observando una consolidación de un mejor desempeño de las economías desarrolladas, así como nueva información que ratifica la desaceleración de la economía chilena. En el plano internacional, se corrigió nuevamente al alza el crecimiento del tercer trimestre de Estados Unidos de América, pasando desde el 3,6% preliminar a 4,1%. Tal como se había anunciado, comenzó el retiro del programa de compra de activos de largo plazo, cuya evolución dependerá de los resultados económicos que se vayan conociendo. Pero pese a las noticias auspiciosas, en general, el mercado laboral en diciembre mostró un pobre desempeño, con solo 74 mil puestos creados en dicho mes, bastante menor a los 241 mil del mes previo. La situación en ese país mantiene la atención por parte del mundo emergente debido al impacto que pueden causar las decisiones respecto a la estrategia de salida del relajamiento cuantitativo. Tanto la Zona Euro como diversos países de la región van confirmando el fin de la recesión, con al menos 2 trimestres consecutivos de crecimiento trimestral positivo. En las economías emergentes continúa el proceso de desaceleración, sin grandes cambios. En el plano local, las noticias recientes confirman con fuerza la desaceleración de la economía. El IMACEC de noviembre creció 2,8% anual, expansión idéntica a la de octubre. De acuerdo a la última Encuesta de Expectativas Económicas del Banco Central de Chile, se espera un crecimiento de 4% en el año 2014. El consumo privado se mantiene creciendo a tasas robustas, sostenido por el aumento de la masa salarial real, aunque en noviembre esta variable se moderó en relación a los meses previos. Sin embargo, por el lado de la inversión, la información al cuarto trimestre muestra importantes signos de contracción, explicada fundamentalmente por la fuerte caída del componente de maquinarías y equipos, como se puede deducir en base a la evolución de las importaciones de bienes de capital. En el cuarto trimestre, este tipo de importaciones se contrajo 32,1% anual, bastante mayor a la caída de 5% anual del tercer trimestre. Otro síntoma de desaceleración en el cuarto trimestre es la contracción de las exportaciones, toda vez que este componente sostuvo el crecimiento durante el tercer cuarto del año. El valor de las exportaciones registró una reducción de 8,5% anual en el cuarto trimestre, tras un aumento de 7,6% el trimestre anterior. En consecuencia, en este escenario, hay bastantes señales de que la desaceleración económica continuará su proceso en el corto plazo. La inflación en 12 meses se aceleró en diciembre, llegando al centro del rango de tolerancia del Banco Central de Chile. Con todo, la Inflación subyacente se encuentra contenida y parte de este comportamiento se debe al aumento del tipo de cambio. De acuerdo a la última Encuesta de Expectativas Económicas, se espera que la inflación a diciembre de 2014 y a diciembre de 2015 se ubique en 3% anual, lo que refleja que las expectativas de inflación se mantienen ancladas. Considerando los rezagos con que opera la política monetaria, se sugiere continuar con el ciclo de reducción de la tasa rectora. La Inflación se encuentra contenida, y con este movimiento se contribuirla a contrarrestar la debilidad de la demanda interna y a mantener un tipo de cambio competitivo que permita que el componente externo constituya un aporte al crecimiento.”",Acuerdo de Política Monetaria y comunicado oficial,acuerdo_comunicado,acuerdo y comunicado,acuerdo_comunicado,NO,NO,NO,Lectura documental DOC-20260908-L26-5999: autor=Felipe Larraín Bascuñán; lector=Rodrigo Vergara Montes; asistencia del autor no inferida; data/curation/revisiones_documentos_leidos.json,RPM-2014-01-16:5999:3,3,XLSX_ORIGINAL,NO,NO,RPM-2014-01-16:5999:B3,PENDIENTE_REVISION,TEXTO_ESCRITO_LEIDO_POR_TERCERO,RPM-2014-01-16:T39,DOCUMENTO_PERSONAL,,
5999,AUTOR_Y_LECTOR_DOCUMENTAL,0ce3b33b2f42810e950a5bc1fba498e68260b7d78b042bd148e7ab31d079a33c,Despues,8165,RPM-2014-01-16,2014-01-16 00:00:00,Rodrigo Vergara Montes,Rodrigo Vergara Montes,NO,Presidente del Banco Central,Presidente del Banco Central,NO,,Presidente del Banco Central,LISTA_ASISTENCIA,,LECTOR_DOCUMENTO_REVISADO,23,"Concluida la lectura del planteamiento formulado por el señor Ministro de Hacienda y conforme al orden de esta Sesión, el Presidente señor Rodrigo Vergara da paso al proceso de votación de las opciones planteadas por la Gerencia de División Estudios y, en primer término, ofrece la palabra al Consejero señor Joaquín Vial.",Acuerdo de Política Monetaria y comunicado oficial,acuerdo_comunicado,acuerdo y comunicado,acuerdo_comunicado,NO,SI,SI,Lectura documental DOC-20260908-L26-5999: autor=Felipe Larraín Bascuñán; lector=Rodrigo Vergara Montes; asistencia del autor no inferida; data/curation/revisiones_documentos_leidos.json; Rol según lista de asistencia: Presidente del Banco Central,RPM-2014-01-16:5999:4,4,XLSX_ORIGINAL,NO,NO,RPM-2014-01-16:5999:B4,SIN_ALERTAS_AUTOMATICAS,,RPM-2014-01-16:T40,SIN_CONTINUIDAD_CONFIRMADA,,
6562,ENLACE_CONTINUIDAD_REVISADO,205a0a568c36ef6771eda7b4a35000cfc1752a63d060dc2421f4a76a862c6ea1,Antes,8855,RPM-2015-01-15,2015-01-15 00:00:00,Miguel Fuentes Díaz,Miguel Fuentes Díaz,NO,Gerente de Análisis Macroeconómico,Gerente de Análisis Macroeconómico,NO,,Gerente de Análisis Macroeconómico,LISTA_ASISTENCIA,,SUJETO_NOMBRE,7,"el señor Miguel Fuentes se refiere a las medidas adoptadas en la Eurozona tras la crisis griega del año 2012, las que no solo explican las razones por las cuales el riesgo de esta región parece ser menor, sino que contribuyen a mitigar un contagio algo mayor. En primer término, alude a la creación del Mecanismo de Estabilidad Financiera, que es el mecanismo permanente de resolución de crisis para los países del bloque. Asimismo, menciona los avances en la Unión Bancaria; la disposición del Banco Central Europeo a adoptar medidas para rescatar países; y también el Quantiative Easing, cuyo propósito es la compra de activos soberanos y que, en este caso particular, podría darle algún alivio adicional a Grecia. Enfatiza que estos elementos se conjugan para explicar la menor percepción de riesgo financiero en torno a Grecia que la observada en el episodio 2011 - 2012.",Análisis macroeconómico y discusión de política monetaria,debate,discusión monetaria,debate,NO,NO,NO,Rol según lista de asistencia: Gerente de Análisis Macroeconómico,RPM-2015-01-15:6562:1,1,XLSX_ORIGINAL,NO,NO,RPM-2015-01-15:6562:B1,SIN_ALERTAS_AUTOMATICAS,,RPM-2015-01-15:T15,INICIO_EXPLICITO,,RPM-2015-01-15:6562:1
6562,ENLACE_CONTINUIDAD_REVISADO,205a0a568c36ef6771eda7b4a35000cfc1752a63d060dc2421f4a76a862c6ea1,Despues,8876,RPM-2015-01-15,2015-01-15 00:00:00,Miguel Fuentes Díaz,Miguel Fuentes Díaz,NO,Gerente de Análisis Macroeconómico,Gerente de Análisis Macroeconómico,NO,,Gerente de Análisis Macroeconómico,LISTA_ASISTENCIA,,SUJETO_NOMBRE,7,"el señor Miguel Fuentes se refiere a las medidas adoptadas en la Eurozona tras la crisis griega del año 2012, las que no solo explican las razones por las cuales el riesgo de esta región parece ser menor, sino que contribuyen a mitigar un contagio algo mayor. En primer término, alude a la creación del Mecanismo de Estabilidad Financiera, que es el mecanismo permanente de resolución de crisis para los países del bloque. Asimismo, menciona los avances en la Unión Bancaria; la disposición del Banco Central Europeo a adoptar medidas para rescatar países; y también el Quantiative Easing, cuyo propósito es la compra de activos soberanos y que, en este caso particular, podría darle algún alivio adicional a Grecia. Enfatiza que estos elementos se conjugan para explicar la menor percepción de riesgo financiero en torno a Grecia que la observada en el episodio 2011 - 2012.",Análisis macroeconómico y discusión de política monetaria,debate,discusión monetaria,debate,NO,NO,NO,Rol según lista de asistencia: Gerente de Análisis Macroeconómico,RPM-2015-01-15:6562:1,1,XLSX_ORIGINAL,NO,NO,RPM-2015-01-15:6562:B1,SIN_ALERTAS_AUTOMATICAS,,RPM-2015-01-15:T14,CONTINUIDAD_REVISADA,RPM-2015-01-15:6561:2,RPM-2015-01-15:6562:1
