Tipo_Cambio,ID_Padre,SHA256_Texto_Padre,Fecha,IDs_Antes,Actores_Antes,ID_Actual,Actor_Actual,Fuente_Actor,Tipo_Acta,ID_Turno,Relacion_Turno,Alertas_Actuales,Texto_Actual
SOLO_METADATOS,14,6792502ab9eed5ccfe5c098a7c1da6ede20c10af3703e1d2f664ab48e3519085,2005-01-11,14,Esteban Jadresic Marinovic,14,Esteban Jadresic Marinovic,CONTEXTO_REVISADO,,RPM-2005-01-11:T12,SIN_CONTINUIDAD_CONFIRMADA,,"El Gerente de División Internacional, señor Esteban Jadresic, en relación a lo que señala el señor Herrera, expresa que al final el riesgo es relativo a quien está demandando los papeles, lo que quiere decir que en los papeles largos a diez años un inversionista debiera tener un riesgo. Agrega que la secuencia de inversión de papeles nominales más cortos o incluso de papeles largos, es más riesgoso que tener el papel real y eso quiere decir que la compensación inflacionaria en general debería ser menor que la expectativa de inflación implícita, porque hay que darle un premio adicional a los papeles nominales para poder satisfacer a los mismos demandantes. Entonces indica, sería normal, bajo esa hipótesis que la compensación inflacionaria esté bajo el 3%, si es que es una tasa creíble de inflación a largo plazo."
SOLO_METADATOS,178,652f4f30978b72c57dba90549181aedf6c1e6c6dfcdc80b4c72295d2868a45c4,2005-03-10,179;180,Rodrigo Valdés Pulido;Vittorio Corbo Lioi,179,Rodrigo Valdés Pulido,ANAFORA_LOCAL,,RPM-2005-03-10:T27,SIN_CONTINUIDAD_CONFIRMADA,ATRIBUCION_POR_ANAFORA,"A l respecto, el señor Gerente de División señala que; 1. En la reunión de política monetaria de febrero, el Consejo decidió aumentar la tasa de interés de política en 25 puntos base a 2,75%. En esta decisión se consideró que las distintas mediciones de la tendencia inflacionaria seguían aumentando gradualmente, que el cierre de las brechas de capacidad seguía progresando y se mantenía un marcado estímulo monetario. El ajuste de la tasa de política monetaria era coherente con la estrategia de normalización pausada del impulso monetario iniciada en septiembre del año pasado y reafirmaba lo previsto en el Informe de Política Monetaria de enero, al mismo tiempo que reducía el riesgo de ajustes abruptos en el futuro. 2. La minuta de antecedentes preparada para esta reunión da cuenta de que se sigue desarrollando un cuadro macroeconómico similar al previsto en el Informe de Política Monetaria, el que incluye un ritmo de crecimiento de la actividad mayor que el crecimiento potencial y una inflación de tendencia que gradualmente vuelve al rango meta gracias a una normalización pausada de la política monetaria. 3. En efecto, los últimos antecedentes disponibles confirman que la inflación de tendencia sigue aumentando lentamente, a pesar de los vaivenes que exhibe la inflación mensual, los que se explican por cambios en las tarifas reguladas. A su vez, las distintas medidas de expectativas de inflación han continuado normalizándose, llegando a cerca de 3% las de m ayor plazo, mientras los costos laborales y las remuneraciones también han repuntado levemente. Por su parte, el crecimiento de la actividad y del empleo presentan velocidades de expansión instantánea algo menores que en meses pasados, pero aum entos anuales aún superiores a sus tendencias. Los indicadores de consumo se mantienen robustos, al igual que las expectativas de hogares y empresas. Las mayores diferencias con respecto al escenario base se dan en las importaciones de bienes de capital, que siguen sorprendiendo al no dar muestras de atenuar su marcado dinamismo, y en los precios del cobre y del petróleo, que se han mantenido por encima de lo proyectado, lo que motiva revisiones al alza de sus trayectorias esperadas. También resalta el aumento de las tasas de interés de largo plazo en Estados Unidos de América. 4. Con estos antecedentes, considerando el aumento de la tasa de interés de la reunión pasada, las opciones más plausibles son mantener la tasa de política monetaria o aum entarla en 25 puntos base. 5. Al aum entar su sintonía con el último escenario de proyecciones, los antecedentes acum ulados son coherentes con mantener la estrategia de normalización pausada de la política monetaria aplicada desde septiembre pasado. El escenario alternativo de persistencia en las noticias positivas de actividad, por encima del escenario central — que se discutió en el último par de meses y que podría justificar un leve aumento del ritmo de normalización— , parece ahora algo menos probable. En el otro extremo, las novedades tam poco apoyan la idea de reducir el ritmo de normalización. De hecho, la inflación continúa un curso como el previsto, en un escenario que incluye una gradual normalización de la política monetaria. 6. Como se ha discutido en otras oportunidades, en la estrategia de normalización pausada de la política monetaria tienen cabida tanto alzas sucesivas durante algunos meses como pausas en otros, siendo la acumulación de antecedentes mes a mes un elemento fundam ental para definir el ritmo preciso de los ajustes. En este marco, luego de dos mes consecutivos en que se aumentó la tasa de política monetaria, es posible justificar m antener la tasa de política monetaria. La ausencia de novedades mayores en la trayectoria de la inflación y de la actividad apoyan esta alternativa, al igual que la moderación del rápido crecimiento que exhibian algunos indicadores de actividad y empleo. El hecho de que los costos laborales continúen en una trayectoria acotada igualmente sugiere que se puede realizar una pausa. Finalmente, el riesgo de que tres alzas sucesivas se interpreten como un aumento del ritmo de normalización por encima del que se ha considerado como adecuado para el escenario más probable, también respalda esta opción. 7. Por otra parte, también es posible justificar un aumento de la tasa de política monetaria si se pondera más el riesgo de que persistan los mayores precios del petróleo y del cobre, con presiones de costo directas del primero y un posible panorama de mayor actividad del segundo. A esto se suma el vigor que muestran las importaciones de bienes de capital, que pueden señalar un ciclo expansivo de la economía más pronunciado. Sin embargo, considerando que la inflación actualmente se ubica cerca del piso del rango meta, se puede argumentar que no es necesario tomar acciones preventivas ante riesgos que aún no se materializan y cuyos efectos cuantitativos sobre la inflación dependen críticamente de sus consecuencias sobre terceras variables, incluyendo el tipo de cambio, el PIB efectivo y el potencial, 8. También es posible justificar un aumento de la tasa de política monetaria en esta reunión considerando que la política monetaria continúa siendo considerablemente expansiva a pesar de los ajustes ya realizados. Por ejemplo, las tasas reajustables a cinco y diez años han disminuido cerca de 60 puntos base desde fines de diciembre, mientras la compensación inflacionaria ha aumentado entre 50 puntos base y 80 puntos base, según el plazo, desde comienzos de enero. Con todo, cabe destacar que durante el último mes la curva forward sí ha mostrado un desplazamiento acotado, cercano a 25 puntos base para el horizonte de política. 9. Finalmente, cabe destacar que para esta reunión la mayoría de las encuestas indican que poco más de la mitad de los agentes interrogados no espera cambios de la tasa de política monetaria, por lo que la mantención no debería tener consecuencias mayores sobre los precios de los activos y las expectativas futuras de política monetaria. La excepción es la encuesta a mesas de dinero del Banco Central de Chile, en que una mayoría espera un aumento de 25 puntos base."
SOLO_METADATOS,178,652f4f30978b72c57dba90549181aedf6c1e6c6dfcdc80b4c72295d2868a45c4,2005-03-10,179;180,Rodrigo Valdés Pulido;Vittorio Corbo Lioi,180,Vittorio Corbo Lioi,SUJETO_ROL_NOMBRE,,RPM-2005-03-10:T28,INICIO_EXPLICITO,,"El Presidente, don Vittorio Corbo ofrece la palabra para comentarios."
ESTRUCTURAL,641,7d8b40fbdb92b4a37db1c001784df62a618c1242134f8ab827492bd3369b80b1,2006-04-13,839,Manuel Marfán Lewis,839,Manuel Marfán Lewis,SUJETO_ROL_NOMBRE,,RPM-2006-04-13:T39,INICIO_EXPLICITO,,"El Consejero señor Manuel Marfán, señala que le parece consistente lo que se está haciendo en esta materia. Por otra parte, en relación a la proyección de inflación, el Consejero señor Manuel Marfán pide que le recuerden las fechas de estas encuestas."
ESTRUCTURAL,641,7d8b40fbdb92b4a37db1c001784df62a618c1242134f8ab827492bd3369b80b1,2006-04-13,839,Manuel Marfán Lewis,840,Rodrigo Valdés Pulido,SUJETO_ROL_SESION,,RPM-2006-04-13:T40,INICIO_EXPLICITO,,El Gerente de División de Estudios comenta que el cierre de éstas es con el más tardío del IMACEC o el IPC.
SOLO_METADATOS,1756,82ecad4950a7c495754f614feb390b2ce252b64caa4fe5e0e1ea6c3df14f00e5,2008-04-10,2384,Claudio Soto Gamboa,2385,Claudio Soto Gamboa,SUJETO_ROL_NOMBRE,,RPM-2008-04-10:T12,INICIO_EXPLICITO,,"El Gerente Interino señor
Claudio Soto indica que se trata básicamente de productos relacionados con minería."
SOLO_METADATOS,2220,c647f47ec64ddaa910485cc65bd47e481e4aadd23ec31dc06255fe0e4085f899,2008-12-11,3048;3049,Pablo García Silva;Sebastián Claro Edwards,3049,Pablo García Silva,CONTEXTO_REVISADO,,RPM-2008-12-11:T61,SIN_CONTINUIDAD_CONFIRMADA,,"El señor Pablo García, con el propósito de recordar cuál es el ejercicio que se efectuó respecto a la elaboración de las proyecciones, hace presente que se evaluó la respuesta de la economía al shock crediticio del tercer trimestre y parte del cuarto, suponiendo una reacción de la demanda interna parecida a la que se observó a principios del 98 y a la que se vio el año 2002, por lo tanto, factualmente será parecida la proyección."
SOLO_METADATOS,2220,c647f47ec64ddaa910485cc65bd47e481e4aadd23ec31dc06255fe0e4085f899,2008-12-11,3048;3049,Pablo García Silva;Sebastián Claro Edwards,3050,Sebastián Claro Edwards,SUJETO_ROL_NOMBRE,,RPM-2008-12-11:T62,INICIO_EXPLICITO,,"En cuanto a la información entregada por el Gerente de Análisis Macroeconómico respecto de la apreciación del tipo de cambio, el Consejero señor Sebastián Claro consulta si metodológicamente la convergencia de dicho tipo de cambio hacia los valores estimados en el modelo de mediano plazo, se produce a partir del sexto mes o siempre a contar del mes cero."
ESTRUCTURAL,2622,5426afc76089e253b26fd2f323058ac46d92490efc1ff8e87529fa762600108d,2009-07-09,3721;3722;3723;3724,Enrique Marshall Rivera;Claudio Soto Gamboa;José De Gregorio Rebeco;Pablo García Silva,3722,Enrique Marshall Rivera,SUJETO_ROL_NOMBRE,,RPM-2009-07-09:T45,INICIO_EXPLICITO,,"El Consejero señor Enrique Marshall señala que, en su opinión, más importante que discutir la serie de proyecciones, el aspecto central está en si acaso se va a producir la recuperación en el segundo semestre y cuál va a ser el grado. Agrega,que con la proyección de la economia, lo más probable es que se cierre el año con cifras por debajo de lo esperado. Para el referido Consejero, lo fundamen tal fue el mensaje transmitido por el Sanco en mayo, en cuanto a que habrá recuperación económica con cierta intensidad y que el riesgo en este punto reside en la potencia que va a tener ."
ESTRUCTURAL,2622,5426afc76089e253b26fd2f323058ac46d92490efc1ff8e87529fa762600108d,2009-07-09,3721;3722;3723;3724,Enrique Marshall Rivera;Claudio Soto Gamboa;José De Gregorio Rebeco;Pablo García Silva,3723,José De Gregorio Rebeco,CONTEXTO_REVISADO,,RPM-2009-07-09:T46,SIN_CONTINUIDAD_CONFIRMADA,,"A juicio del Presidente José De Gregorio, esa pregunta es relevante en el caso del -2,1% correspondiente al tercer trimestre, el que de acuerdo con lo que se puede deducir, asciende a un 4,2% anualizado."
ESTRUCTURAL,2622,5426afc76089e253b26fd2f323058ac46d92490efc1ff8e87529fa762600108d,2009-07-09,3721;3722;3723;3724,Enrique Marshall Rivera;Claudio Soto Gamboa;José De Gregorio Rebeco;Pablo García Silva,3724,Claudio Soto Gamboa,SUJETO_NOMBRE,,RPM-2009-07-09:T47,INICIO_EXPLICITO,FINAL_SIN_PUNTUACION,"El señor Claud io Soto precisa que se trata de 7,3%,"
ESTRUCTURAL,2622,5426afc76089e253b26fd2f323058ac46d92490efc1ff8e87529fa762600108d,2009-07-09,3721;3722;3723;3724,Enrique Marshall Rivera;Claudio Soto Gamboa;José De Gregorio Rebeco;Pablo García Silva,3725,José De Gregorio Rebeco,SUJETO_ROL_SESION,,RPM-2009-07-09:T48,INICIO_EXPLICITO,,"a lo cual el Presidente señala que es más fuerte aún y que le llama la atención que ese -4,8% sea menor que el -2,1% contemplado en el Informe del primer trimestre ."
ESTRUCTURAL,2622,5426afc76089e253b26fd2f323058ac46d92490efc1ff8e87529fa762600108d,2009-07-09,3721;3722;3723;3724,Enrique Marshall Rivera;Claudio Soto Gamboa;José De Gregorio Rebeco;Pablo García Silva,3726,Pablo García Silva,SUJETO_ROL_SESION,,RPM-2009-07-09:T49,INICIO_EXPLICITO,FINAL_SIN_PUNTUACION,El Gerente de División Estudios aclara que se trata de las velocidades
ESTRUCTURAL,2622,5426afc76089e253b26fd2f323058ac46d92490efc1ff8e87529fa762600108d,2009-07-09,3721;3722;3723;3724,Enrique Marshall Rivera;Claudio Soto Gamboa;José De Gregorio Rebeco;Pablo García Silva,3727,Claudio Soto Gamboa,CONTEXTO_REVISADO,,RPM-2009-07-09:T50,SIN_CONTINUIDAD_CONFIRMADA,,y el Gerente de Anális is Macroeconómico agrega que las variaciones trimestre a trimestre hay que multiplicarlas por cuatro para sacar las velocidades.
ESTRUCTURAL,2635,0e2243330049b9e11e9fefa42ca1e942ccb675f8d11d95f0d884c0a9dade1851,2009-07-09,3752;3753;3754;3755,José De Gregorio Rebeco;Claudio Soto Gamboa;José De Gregorio Rebeco;Pablo García Silva,3755,José De Gregorio Rebeco,SUJETO_ROL_NOMBRE,,RPM-2009-07-09:T76,INICIO_EXPLICITO,FINAL_SIN_PUNTUACION,"El Presidente señor José De Gregorio afirma que los porcentajes mencionados corresponden al promedio, por lo que estima que la mediana es más baja,"
ESTRUCTURAL,2635,0e2243330049b9e11e9fefa42ca1e942ccb675f8d11d95f0d884c0a9dade1851,2009-07-09,3752;3753;3754;3755,José De Gregorio Rebeco;Claudio Soto Gamboa;José De Gregorio Rebeco;Pablo García Silva,3756,Claudio Soto Gamboa,SUJETO_NOMBRE,,RPM-2009-07-09:T77,INICIO_EXPLICITO,,"a lo cual el señor Claudio Soto confirma lo expuesto en cuanto a que se trata de los promedios. En general, acota, que las expectativas de inflación de esta fecha a un año son bajas y que en la Encuesta de Expectativas a dos años se sitúa en 3%. Respecto de la Tasa de Política Monetaria, el Gerente de Análisis Macroeconómico señala que las encuestas de expectativas a julio arrojan una TPM más baja y que de la curva forward se puede inferir que las expectativas para esta se ubican en 0,5% para los próximos meses y en torno a 2% para mediados del año 2010, y destaca que cerca de 60 pb del aumento de la curva forward se explican por nuevos benchmarks nominales."
ESTRUCTURAL,2635,0e2243330049b9e11e9fefa42ca1e942ccb675f8d11d95f0d884c0a9dade1851,2009-07-09,3752;3753;3754;3755,José De Gregorio Rebeco;Claudio Soto Gamboa;José De Gregorio Rebeco;Pablo García Silva,3757,José De Gregorio Rebeco,SUJETO_ROL_NOMBRE,,RPM-2009-07-09:T78,INICIO_EXPLICITO,FINAL_SIN_PUNTUACION,"El Presidente señor José De Gregorio plantea que con los nuevos benchmarks la curva ha sido mucho más elevada que la forward que se deriva como modelo,"
ESTRUCTURAL,2635,0e2243330049b9e11e9fefa42ca1e942ccb675f8d11d95f0d884c0a9dade1851,2009-07-09,3752;3753;3754;3755,José De Gregorio Rebeco;Claudio Soto Gamboa;José De Gregorio Rebeco;Pablo García Silva,3758,Pablo García Silva,SUJETO_ROL_SESION,,RPM-2009-07-09:T79,INICIO_EXPLICITO,,"a lo cual el Gerente de División Estudios indica que ello es efectivo, pero que la dirección del diagnóstico es la misma, esto es, que si se hubiera aplanado la curva forward, se habría generado un problema."
ESTRUCTURAL,2635,0e2243330049b9e11e9fefa42ca1e942ccb675f8d11d95f0d884c0a9dade1851,2009-07-09,3752;3753;3754;3755,José De Gregorio Rebeco;Claudio Soto Gamboa;José De Gregorio Rebeco;Pablo García Silva,3759,José De Gregorio Rebeco,CONTEXTO_REVISADO,,RPM-2009-07-09:T80,SIN_CONTINUIDAD_CONFIRMADA,,"En opinión del señor Presidente, lo expresado significa que el mercado sigue más la proyección del Banco que hace algunos meses."
SOLO_METADATOS,2662,ff85299eb677bad979ef217ccd1d910e2bd9ad4a1efb36e1a6dc275b4404e6f2,2009-08-13,3802;3803;3804;3805,Pablo García Silva;Sebastián Claro Edwards;Pablo García Silva;Sergio Lehmann Beresi,3806,Pablo García Silva,SUJETO_ROL_SESION,,RPM-2009-08-13:T15,INICIO_EXPLICITO,,"El Gerente de División de Estudios indica que desconoce cuál es la metodología de cálculo utilizada por la OCDE, pero que cree que lo hacen a través de un filtro estadístico estándar. La diferencia, agrega, es que el ejercicio no se remite al resultado del filtro sino que se complementa con una evaluación juiciosa de sus resultados, en particular de considerar si la caída que arroja en la PTF es coherente con los resultados que se obtienen de modelos con fundamentos económicos."
SOLO_METADATOS,2662,ff85299eb677bad979ef217ccd1d910e2bd9ad4a1efb36e1a6dc275b4404e6f2,2009-08-13,3802;3803;3804;3805,Pablo García Silva;Sebastián Claro Edwards;Pablo García Silva;Sergio Lehmann Beresi,3807,Sebastián Claro Edwards,SUJETO_ROL_NOMBRE,,RPM-2009-08-13:T16,INICIO_EXPLICITO,,"El Consejero señor Claro reitera que su duda es sobre cuál es la magnitud de la corrección juiciosa que se realiza sobre el resultado del filtro estadístico, por cuanto no tiene claro si corresponden a una magnitud significativa o no."
SOLO_METADATOS,2662,ff85299eb677bad979ef217ccd1d910e2bd9ad4a1efb36e1a6dc275b4404e6f2,2009-08-13,3802;3803;3804;3805,Pablo García Silva;Sebastián Claro Edwards;Pablo García Silva;Sergio Lehmann Beresi,3808,Pablo García Silva,SUJETO_NOMBRE,,RPM-2009-08-13:T17,INICIO_EXPLICITO,,"Al respecto, el señor Pablo García señala que no se dispone del detalle de la magnitud del ajuste que se hace sobre el resultado estadístico. No obstante, cree que dada la calda del producto en los últimos trimestres y el efecto que ello tiene al momento de aplicar el filtro estadístico, es posible que la caída de la PTF fuese bastante mayor. Agrega que, en todo caso, es difícil considerar que la PTF haya tenido un deterioro tan grande como el que podría observarse de solo aplicar el filtro y que, claramente, en ese caso hay un problema estadístico por la construcción de la metodología y el momento cíclico de la economía."
SOLO_METADATOS,2662,ff85299eb677bad979ef217ccd1d910e2bd9ad4a1efb36e1a6dc275b4404e6f2,2009-08-13,3802;3803;3804;3805,Pablo García Silva;Sebastián Claro Edwards;Pablo García Silva;Sergio Lehmann Beresi,3809,Sergio Lehmann Beresi,SUJETO_ROL_SESION,,RPM-2009-08-13:T18,INICIO_EXPLICITO,,"El Gerente de Análisis Internacional retoma su presentación, señalando que la variación en 12 meses de los registros de inflación ha seguido cayendo en las principales economías mundiales y que las proyecciones de inflación, en particular para el año 2010, muestran, en el margen, una leve revisión al alza. En materia de primas por liquidez, el Gerente de Análisis Internacional indica que. si bien hay pocas novedades al respecto, es preciso dar cuenta que estas han mantenido una trayectoria a la baja, aun cuando todavía están por encima de los niveles alcanzados antes de la crisis. Agrega que, probablemente, tomará muchos años para volver a dicho nivel, pero que las cifras reflejan que ha habido o han continuado las buenas noticias por ese lado. A continuación,."
ESTRUCTURAL,2664,c78ff05d7a93005e5594a4cb2ce2b32fe95a9200f9df39fc2d2251b92b50c8a8,2009-08-13,3807;3808,José De Gregorio Rebeco;Sergio Lehmann Beresi,3811,José De Gregorio Rebeco,SUJETO_ROL_SESION,,RPM-2009-08-13:T19,INICIO_EXPLICITO,,"El Presidente afirma que la forma de la curva chilena es parecida o igual a la de los países desarrollados, y luego consulta sí hay technicality en el quiebre de un año y por qué todas las curvas tienen un quiebre tan fuerte en un año."
ESTRUCTURAL,2664,c78ff05d7a93005e5594a4cb2ce2b32fe95a9200f9df39fc2d2251b92b50c8a8,2009-08-13,3807;3808,José De Gregorio Rebeco;Sergio Lehmann Beresi,3812,Pablo García Silva,SUJETO_ROL_SESION,,RPM-2009-08-13:T20,INICIO_EXPLICITO,FINAL_SIN_PUNTUACION,"El Gerente de División de Estudios responde que ello obedece a que hay un cambio de la frecuencia del eje del gráfico, que primero va mes a mes y luego año a año,"
ESTRUCTURAL,2664,c78ff05d7a93005e5594a4cb2ce2b32fe95a9200f9df39fc2d2251b92b50c8a8,2009-08-13,3807;3808,José De Gregorio Rebeco;Sergio Lehmann Beresi,3813,Sergio Lehmann Beresi,SUJETO_NOMBRE,,RPM-2009-08-13:T21,INICIO_EXPLICITO,,a lo cual el señor Lehmann acota que es un tema visual.
ESTRUCTURAL,2670,81bbb42efb6bfd5442c5d2d760088e7730f873b620e1211cd81ecfb3bac3f574,2009-08-13,3821,José De Gregorio Rebeco,3826,José De Gregorio Rebeco,SUJETO_ROL_NOMBRE,,RPM-2009-08-13:T34,INICIO_EXPLICITO,FINAL_SIN_PUNTUACION,"El Presidente De Gregorio pregunta en cuánto cerrará el cuarto trimestre,"
ESTRUCTURAL,2670,81bbb42efb6bfd5442c5d2d760088e7730f873b620e1211cd81ecfb3bac3f574,2009-08-13,3821,José De Gregorio Rebeco,3827,Pablo García Silva,SUJETO_ROL_SESION,,RPM-2009-08-13:T35,INICIO_EXPLICITO,,"a lo cual el Gerente de División de Estudios responde que si se hace un ejercicio muy simple, que es mantener la velocidad registrada en junio para todos los meses del segundo semestre, que fue de 0,7%, la variación anual sería cercana a -1%, mientras que si se mantienen velocidades parecidas a las que se tenían en el IPoM de mayo, esta sería de -1,5%. Indica que ello es coherente con la discusión del último mes, cuando se tenían cifras más negativas que ese 0,7%, en que para llegar a un nivel de crecimiento en el año similar al del IPoM, tenían que registrarse expansiones anualizadas de entre 10 y 15%. Ahora, añade, como se cuenta con datos más alentadores, se necesitan cifras en torno a 8 ó 10%."
ESTRUCTURAL,2671,2df6e74c87d01b6606585e58d81dc64d258928adc998231a1617c61761c985e6,2009-08-13,3822,Claudio Soto Gamboa,3828,Claudio Soto Gamboa,SUJETO_NOMBRE,,RPM-2009-08-13:T36,INICIO_EXPLICITO,,"El señor Claudio Soto explica que hay factores que no son públicos, que se van corrigiendo por las correcciones de cuentas. De todas maneras, el 6,9% que se proyecta para el tercer trimestre es una velocidad alta, pero no tanto desde una perspectiva histórica. Menciona que se han registrado velocidades de esta magnitud en períodos de recuperación de una crisis, por lo que podría haber un rebote fuerte, pero se tiene cierta incertidumbre respecto de la velocidad del mismo en el tercer trimestre. En relación con el mercado laboral, el Gerente de Análisis Macroeconómico señala que la tasa de desempleo llegó a 10,7%, pero que si se desestacionaliza la serie, la tasa es de 10,1%, algo superior al 10% del mes previo. Ello se explica fundamentalmente por una tasa de empleo que sigue cayendo a tasas de 1% anual y por una fuerza de trabajo que mantiene tasas de crecimiento bastante estables en los últimos meses. De todas maneras, se observa que el empleo ha dejado de caer en el margen, principalmente por un fuerte aumento en el empleo por cuenta propia."
ESTRUCTURAL,2671,2df6e74c87d01b6606585e58d81dc64d258928adc998231a1617c61761c985e6,2009-08-13,3822,Claudio Soto Gamboa,3829,Pablo García Silva,SUJETO_ROL_SESION,,RPM-2009-08-13:T37,INICIO_EXPLICITO,FINAL_SIN_PUNTUACION,"Ante la solicitud del señor Ministro de Hacienda sobre mayores antecedentes de este último, el Gerente de División de Estudios indica que la dinámica del año 1999 fue similar, cuando se produjo un aumento en el empleo por cuenta propia al mismo tiempo que el asalariado estaba cayendo,"
ESTRUCTURAL,2671,2df6e74c87d01b6606585e58d81dc64d258928adc998231a1617c61761c985e6,2009-08-13,3822,Claudio Soto Gamboa,3830,Claudio Soto Gamboa,SUJETO_NOMBRE,,RPM-2009-08-13:T38,INICIO_EXPLICITO,,"a lo cual el señor Claudio Soto agrega que en 1998 se registró un alto nivel de servicios comunales, el que se repite ahora, conforme lo indica el último dato disponible."
ESTRUCTURAL,2674,d0bf1f145f07f3db3c185f7076213df875edad8f8c7939c209fd9dbbdae088aa,2009-08-13,3826;3827;3828;3829;3830;3831;3832,Claudio Soto Gamboa;Kevin Cowan Logan;Igal Magendzo Weinberger;Claudio Soto Gamboa;Enrique Marshall Rivera;Claudio Soto Gamboa;Andrés Velasco Brañes,3834,Claudio Soto Gamboa,SUJETO_NOMBRE,,RPM-2009-08-13:T41,CONTINUIDAD_EXPLICITA,,"El señor Claudio Soto continúa, señalando que la proyección contempla precios de la gasolina un poco más elevados que la semana anterior. De esta manera, su precio se aproximaría lentamente hacia los $ 600 de aquí a fines de año y luego se estancaría. Hace presente que, considerando todos los elementos disponibles para el análisis, se proyecta una inflación para agosto de 0%, con caídas en el IPC subyacente , ya que se estima que puede haber reducciones adicionales en los precios del equipamiento para la vivienda y también del vestuario, como consecuencia de un tema estacional. Dado lo anterior, la inflación en doce meses sería negativa el próximo mes y hasta diciembre y, según las proyecciones, diciembre cerraría con un -0,8%. En cuanto a la composición de la inflación, se advierte que los sectores resto no solo van contribuyendo cada vez menos a ella, sino que han comenzado a contribuir negativamente a la inflación en doce meses, mientras que los combustibles empiezan a hacerlo positivamente. En relación con este tema, el señor Soto indica finalmente que los modelos alternativos proyectan, en general, inflaciones a diciembre en un rango de entre -1 y -2%, aclarando que estas cifras son similares a las proyecciones del mercado, que están en -1%. Al proseguir con su exposición, el Gerente de Análisis Macroeconómico se refiere ahora a los mercados financieros. Respecto de las tasas, menciona que la noticia más destacada del mes es la caída importante de la tasa de los bonos a dos años, tanto los reales como los nominales, lo que explica el empinamiento adicional de la curva. Las tasas de colocaciones, por su parte, han seguido cayendo en el margen, aunque las correspondientes a las colocaciones de consumo a 90 y 360 días y a las letras de crédito, registran una leve alza. Agrega que la caída de estas tasas es significativa desde su peak, registrado durante la primera semana de diciembre del año pasado, cuya magnitud varía desde los casi 700 puntos base en el caso de la tasa de colocación de consumo a 90 y 360, hasta 1.400 puntos base en el caso de la de consumo de tres años y más. El Consejero señor Enrique í\/larshall plantea que esa comparación es un poco tramposa, ya que los riesgos de fondeo y de refinanciamiento a los bancos, presentes en el periodo octubre-noviembre más que durante la primera semana de diciembre citada, han desaparecido, en buena medida gracias a las acciones del Banco Central y del Ministerio de Hacienda. Luego, señala que resulta normal que haya una caída respecto de ese peak, simplemente porque desapareció un riesgo. El Gerente de Análisis Macroeconómico manifiesta que las tasas de colocación de consumo y comerciales del BancoEstado han sido más bajas que las del sistema hasta lo más reciente, pero que los últimos datos indican que ellas han aumentado y se aproximan a las del resto del sistema. Sus tasas hipotecarias, en cambio, no solo son más altas que las del sistema, porque el segmento al cual el BancoEstado presta es más riesgoso, sino que las caídas que registran son mucho más pronunciadas. Prosiguiendo con su presentación, el Gerente señor Claudio Soto menciona que los spreads entre las tasas de colocación y captación han aumentado y son comparables con otros episodios de stress financiero. Asimismo, indica que si bien estos siguen altos, han disminuido respecto del primer semestre del año pasado, que correspondió a la primera etapa de la crisis. Agrega que los spreads de las tasas a los diferentes plazos han subido y han tenido un comportamiento bastante volátil y que, a pesar de su volatilidad en el último tiempo, esta no ha sido muy distinta de la registrada en años anteriores. En cuanto al diferencial entre las tasas mínimas y máximas, hace presente que hay una tendencia creciente en su dispersión, la que probablemente se explica por la penetración del crédito a sectores que son más riesgosos. Explica que la tendencia es más bien secular, la que puede haberse intensificado a fines del año pasado por el aumento de la percepción de riesgo, pero que ha tendido ha retroceder en el margen."
ESTRUCTURAL,2674,d0bf1f145f07f3db3c185f7076213df875edad8f8c7939c209fd9dbbdae088aa,2009-08-13,3826;3827;3828;3829;3830;3831;3832,Claudio Soto Gamboa;Kevin Cowan Logan;Igal Magendzo Weinberger;Claudio Soto Gamboa;Enrique Marshall Rivera;Claudio Soto Gamboa;Andrés Velasco Brañes,3835,Kevin Cowan Logan,SUJETO_ROL_NOMBRE,,RPM-2009-08-13:T42,INICIO_EXPLICITO,,"El Gerente de División Política Financiera señor Kevin Cowan aclara que el señor Claudio Soto se está refiriendo al promedio de la dispersión por banco, ya que por cada uno de ellos se calcula la dispersión y el promedio. Añade que no se considera el hecho de que cierto banco haya entrado al mercado y sea más bancarizador, sino que se toma lo que ha estado haciendo cada uno de ellos."
ESTRUCTURAL,2674,d0bf1f145f07f3db3c185f7076213df875edad8f8c7939c209fd9dbbdae088aa,2009-08-13,3826;3827;3828;3829;3830;3831;3832,Claudio Soto Gamboa;Kevin Cowan Logan;Igal Magendzo Weinberger;Claudio Soto Gamboa;Enrique Marshall Rivera;Claudio Soto Gamboa;Andrés Velasco Brañes,3836,Igal Magendzo Weinberger,SUJETO_ROL_NOMBRE,,RPM-2009-08-13:T43,INICIO_EXPLICITO,,"El Asesor del Ministro de Hacienda, señor Igal Magendzo, refiriéndose a la afirmación de que la pendiente al alza es por la bancarización de los bancos más riesgosos, pregunta si ello significa que una caída implica una desbancarización."
ESTRUCTURAL,2674,d0bf1f145f07f3db3c185f7076213df875edad8f8c7939c209fd9dbbdae088aa,2009-08-13,3826;3827;3828;3829;3830;3831;3832,Claudio Soto Gamboa;Kevin Cowan Logan;Igal Magendzo Weinberger;Claudio Soto Gamboa;Enrique Marshall Rivera;Claudio Soto Gamboa;Andrés Velasco Brañes,3837,Pablo García Silva,SUJETO_ROL_SESION,,RPM-2009-08-13:T44,INICIO_EXPLICITO,,"Al respecto, el Gerente de División de Estudios comenta que el problema radica en que este tipo de situaciones siempre se pueden leer en una dirección o en otra, porque también se podría decir que la bancarización aumentó a fines del año pasado o que probablemente no aumentó, por lo que el aumento de la pendiente a fines del año pasado no es porque entraron nuevos clientes al sistema."
ESTRUCTURAL,2674,d0bf1f145f07f3db3c185f7076213df875edad8f8c7939c209fd9dbbdae088aa,2009-08-13,3826;3827;3828;3829;3830;3831;3832,Claudio Soto Gamboa;Kevin Cowan Logan;Igal Magendzo Weinberger;Claudio Soto Gamboa;Enrique Marshall Rivera;Claudio Soto Gamboa;Andrés Velasco Brañes,3838,Claudio Soto Gamboa,SUJETO_ROL_NOMBRE,,RPM-2009-08-13:T45,INICIO_EXPLICITO,,"El Gerente señor Claudio Soto menciona que, de hecho, hay un estancamiento en las colocaciones y que todavía no se ven signos de recuperación, salvo el caso de las colocaciones para la vivienda en Unidades de Fomento, que han mantenido un cierto dinamismo, ya que se han desacelerado de forma importante y luego han crecido a tasas comparables con las de mediados del año pasado. Luego, hace presente que la participación del BancoEstado en las colocaciones de consumo y comerciales presentan un fuerte aumento, especialmente estas últimas, mientras que el alza de las hipotecarias es menor, porque el mercado está bastante segmentado."
ESTRUCTURAL,2674,d0bf1f145f07f3db3c185f7076213df875edad8f8c7939c209fd9dbbdae088aa,2009-08-13,3826;3827;3828;3829;3830;3831;3832,Claudio Soto Gamboa;Kevin Cowan Logan;Igal Magendzo Weinberger;Claudio Soto Gamboa;Enrique Marshall Rivera;Claudio Soto Gamboa;Andrés Velasco Brañes,3839,Enrique Marshall Rivera,CONTEXTO_REVISADO,,RPM-2009-08-13:T46,SIN_CONTINUIDAD_CONFIRMADA,,"En opinión del Consejero señor Enrique Marshall, es muy importante hacer un seguimiento de las operaciones hipotecarias, ya que son operaciones con horizontes más largos, donde hay un espacio importante para seguir bancarizando, por cuanto corresponden a operaciones en las que las personas están, normalmente, sustituyendo el arriendo por la adquisición de una vivienda. Respecto de las operaciones de consumo, en cambio, piensa que son operaciones bastante contaminadas, porque los bancos tienen que hacer los castigos muy rápidamente y ello puede llevar a que el sector caiga por un tiempo. Aclara que esas operaciones no desaparecen, ya que los clientes siguen debiéndole a los bancos, pero es dinero que sale de la contabilidad. Luego, señala que es relativamente normal que en un ciclo como el actual haya que centrar la atención en las operaciones hipotecarias, ya que si siguen cayendo se convierte en un tema de mucha preocupación. Agrega que el problema es que habrá que admitir ciertas noticias relativamente malas por factores contables, por factores de apalancamiento, debido a que son menores los espacios para que el crédito se recupere rápido."
ESTRUCTURAL,2674,d0bf1f145f07f3db3c185f7076213df875edad8f8c7939c209fd9dbbdae088aa,2009-08-13,3826;3827;3828;3829;3830;3831;3832,Claudio Soto Gamboa;Kevin Cowan Logan;Igal Magendzo Weinberger;Claudio Soto Gamboa;Enrique Marshall Rivera;Claudio Soto Gamboa;Andrés Velasco Brañes,3840,Claudio Soto Gamboa,SUJETO_ROL_SESION,,RPM-2009-08-13:T47,INICIO_EXPLICITO,,"Respecto del tipo de cambio, el Gerente de Análisis Macroeconómico informa que el peso se ha depreciado, a pesar del importante aumento observado en el precio del cobre desde la última RPM. Al respecto, recuerda lo mencionado por el Gerente de Análisis Internacional, sobre las medidas alternativas para el tipo de cambio real, que, en lugar del Indice de Precios Externos Relevantes (IPE), consideran los IVUM e IVUX sin cobre. Explica que si se mide el tipo de cambio real con el IVUM, se obtiene que está bastante apreciado, pero que se observa también una tendencia decreciente en el tiempo, porque el precio de las importaciones ha ido cayendo. Asimismo, si se analiza el tipo de cambio real, considerando los IVUX sin cobre, se ve que está más apreciado que el año pasado, pero no más que en los últimos cinco o seis años, y claramente más depreciado que antes de la crisis asiática."
ESTRUCTURAL,2674,d0bf1f145f07f3db3c185f7076213df875edad8f8c7939c209fd9dbbdae088aa,2009-08-13,3826;3827;3828;3829;3830;3831;3832,Claudio Soto Gamboa;Kevin Cowan Logan;Igal Magendzo Weinberger;Claudio Soto Gamboa;Enrique Marshall Rivera;Claudio Soto Gamboa;Andrés Velasco Brañes,3841,Andrés Velasco Brañes,SUJETO_ROL_SESION,,RPM-2009-08-13:T48,INICIO_EXPLICITO,,"Al respecto, el señor Ministro de Hacienda señala que lo sorprendente de los últimos quince días es que el tipo de cambio se deprecie levemente, a pesar que los commodities suben, y que se comente que se habría activado el carry trade precisamente con Brasil Las tasas en Chile y en Brasil no han cambiado, agrega. Dado eso, pregunta por qué ello estaría ocurriendo si, al parecer, la tasa no se ha movido, y cuál es el market feeling al respecto."
SOLO_METADATOS,2703,7584c8bd29e362e16b866d26c5b015051836c37361c096a590a53fde9c53b19c,2009-09-08,3892;3893;3894;3895;3896;3897,José De Gregorio Rebeco;Kevin Cowan Logan;Claudio Soto Gamboa;José De Gregorio Rebeco;Andrés Velasco Brañes;Claudio Soto Gamboa,3901,José De Gregorio Rebeco,CONTEXTO_REVISADO,,RPM-2009-09-08:T36,SIN_CONTINUIDAD_CONFIRMADA,,"El señor Presidente, sosteniendo que la rentabilidad de los bancos en Chile, de entre 15 y 18%, es mucho más alta que en la gran mayoría de otros países y que los spreads son parecidos a nivel comercial, que es donde está el grueso del negocio, consulta de dónde provienen las utilidades, y si es acaso de sus actividades de tesorería."
SOLO_METADATOS,2703,7584c8bd29e362e16b866d26c5b015051836c37361c096a590a53fde9c53b19c,2009-09-08,3892;3893;3894;3895;3896;3897,José De Gregorio Rebeco;Kevin Cowan Logan;Claudio Soto Gamboa;José De Gregorio Rebeco;Andrés Velasco Brañes;Claudio Soto Gamboa,3902,Kevin Cowan Logan,SUJETO_NOMBRE,,RPM-2009-09-08:T37,INICIO_EXPLICITO,,"Al respecto, el señor Cowan señala que hay que tener presente que, en general, las rentabilidades en las economías emergentes son más volátiles y altas. Concuerda con que la economía se ha desarrollado ahora y que está en un período de volatilidad, pero que también hay riesgos que deben ser considerados y que, históricamente, ha sido una economía más volátil, por lo que se esperarían retornos más altos. En su opinión, respecto de los préstamos comerciales, hay que incorporar la mezcla de clientes que hay en Chile, que difiere mucho de lo que hay en países desarrollados. En Chile, la banca le presta a empresas grandes, como Copec, hasta a una pyme; en Estados Unidos, en cambio, los destinatarios de las colocaciones son pequeñas y medianas empresas."
SOLO_METADATOS,2703,7584c8bd29e362e16b866d26c5b015051836c37361c096a590a53fde9c53b19c,2009-09-08,3892;3893;3894;3895;3896;3897,José De Gregorio Rebeco;Kevin Cowan Logan;Claudio Soto Gamboa;José De Gregorio Rebeco;Andrés Velasco Brañes;Claudio Soto Gamboa,3903,Claudio Soto Gamboa,SUJETO_ROL_SESION,,RPM-2009-09-08:T38,INICIO_EXPLICITO,,"El Gerente de Análisis Macroeconómico retoma su presentación, mencionando que en la Reunión pasada se había mostrado una mejora del sistema bancario y que el Banco del Estado, en general, había bajado las tasas en forma más intensa que el resto. Ahora, en cambio, sus tasas de colocaciones han registrado un repunte por sobre las que ofrece el sistema, tanto en las comerciales de 30 y 90 días como en las de consumo a más de tres años, y ha continuado ganando participación, sobre todo en las colocaciones comerciales y de consumo, no así en el caso de las hipotecarias, dado que está apuntando hacia segmentos distintos."
SOLO_METADATOS,2703,7584c8bd29e362e16b866d26c5b015051836c37361c096a590a53fde9c53b19c,2009-09-08,3892;3893;3894;3895;3896;3897,José De Gregorio Rebeco;Kevin Cowan Logan;Claudio Soto Gamboa;José De Gregorio Rebeco;Andrés Velasco Brañes;Claudio Soto Gamboa,3904,José De Gregorio Rebeco,SUJETO_ROL_NOMBRE,,RPM-2009-09-08:T39,INICIO_EXPLICITO,,"El Presidente señor De Gregorio manifiesta entender que la mayor parte de los créditos comerciales del Banco del Estado se destinan a empresas grandes, radicando allí las grandes ganancias de mercado."
SOLO_METADATOS,2703,7584c8bd29e362e16b866d26c5b015051836c37361c096a590a53fde9c53b19c,2009-09-08,3892;3893;3894;3895;3896;3897,José De Gregorio Rebeco;Kevin Cowan Logan;Claudio Soto Gamboa;José De Gregorio Rebeco;Andrés Velasco Brañes;Claudio Soto Gamboa,3905,Andrés Velasco Brañes,SUJETO_ROL_NOMBRE,,RPM-2009-09-08:T40,INICIO_EXPLICITO,,"El Ministro señor Velasco explica que el comportamiento de las colocaciones comerciales de dicha empresa bancaria es bastante distinto por el segmento que cubre El Banco del Estado ha ganado en las grandes empresas y en las medianas y se ha mantenido igual en las pequeñas. En las micro también ha ganado, pero estas no pesan en la ponderación total. Este, añade, históricamente ha tenido una cartera muy grande de clientes micro y una cartera grande de clientes medianos y grandes, no así una cartera de clientes pequeños, que, por mucho que se desee, no se adquiere fácilmente."
SOLO_METADATOS,2703,7584c8bd29e362e16b866d26c5b015051836c37361c096a590a53fde9c53b19c,2009-09-08,3892;3893;3894;3895;3896;3897,José De Gregorio Rebeco;Kevin Cowan Logan;Claudio Soto Gamboa;José De Gregorio Rebeco;Andrés Velasco Brañes;Claudio Soto Gamboa,3906,Claudio Soto Gamboa,SUJETO_ROL_SESION,,RPM-2009-09-08:T41,INICIO_EXPLICITO,,"A continuación, el Gerente de Análisis Macroeconómico, en respuesta a una pregunta que hizo el Ministro en la Reunión pasada, presenta un gráfico con distintas medidas de tasas reales, considerando las tasas nominales a un año y las expectativas de inflación a un año, calculadas a través de la encuesta de expectativas, de lo que entrega el IMCE y lo proveniente de las encuestas de las mesas operadoras de dinero. Al respecto, indica que una estimación realizada a partir de la encuesta del IPEC y lo que se obtiene de la curva swap, y ello comparado, además, con las tasas, se observa que estas han bajado y están por debajo del nivel alcanzado a mediados del 2008, como también por debajo las tasas de mediados del 2005 en adelante. En el caso de las tasas de colocaciones de los créditos de consumo, por el contrario, las tasas han caído desde fines del año pasado, pero superan los niveles previos. Respecto de las colocaciones, el señor Claudio Soto señala que los datos no reflejan movimientos relevantes en el margen. Las colocaciones comerciales aún exhiben caídas, las de consumo permanecen prácticamente estables, mientras que las colocaciones de comercio exterior han registrado bastante volatilidad en los últimos datos. Por regla general, las operaciones mensuales son más bien negativas o cercanas a cero. Las únicas que todavía han mostrado cierto dinamismo en el margen son las colocaciones hipotecarias y medidas en UF. Si bien estas siguen teniendo variaciones mensuales positivas, son variaciones mensuales más bajas que las observadas antes de que se desatara la crisis."
ESTRUCTURAL,2776,cc97a9800038fe3d56153c639f94908d66d3312a7567e4f1fa4a70b2a208fa47,2009-11-12,4028;4029;4030;4031;4032;4033,José De Gregorio Rebeco;Jorge Desormeaux Jiménez;José De Gregorio Rebeco;Manuel Marfán Lewis;Igal Magendzo Weinberger;Andrés Velasco Brañes,4037,José De Gregorio Rebeco,SUJETO_ROL_SESION,,RPM-2009-11-12:T34,INICIO_EXPLICITO,,"El señor Presidente señala que la pregunta de fondo es cómo va a cerrar el 2009 y qué significa esto respecto de la tendencia de las brechas para el próximo año. Al respecto, manifiesta que después de haber visto lo que ha ocurrido en otros países, se pregunta cuál es el riesgo de que la recuperación sea con ampliación de brechas en el año 2010. Comenta que le llama mucho la atención que otros países con metas de inflación todavía prevén que el próximo año se seguirán abriendo las brechas, lo cual tiene implicancias en política monetaria. Puede ser un escenario de riesgo, que no se puede descartar, consistente en que se esté creciendo por debajo de la brecha el próximo año, por razones de demanda, por ejemplo."
ESTRUCTURAL,2776,cc97a9800038fe3d56153c639f94908d66d3312a7567e4f1fa4a70b2a208fa47,2009-11-12,4028;4029;4030;4031;4032;4033,José De Gregorio Rebeco;Jorge Desormeaux Jiménez;José De Gregorio Rebeco;Manuel Marfán Lewis;Igal Magendzo Weinberger;Andrés Velasco Brañes,4038,Jorge Desormeaux Jiménez,SUJETO_ROL_SESION,,RPM-2009-11-12:T35,INICIO_EXPLICITO,,"Al respecto, el señor Vicepresidente expresa que la realidad de Chile es muy distinta de la de otros países, pero que el problema es que puede repercutirnos lo que suceda en otros países."
ESTRUCTURAL,2776,cc97a9800038fe3d56153c639f94908d66d3312a7567e4f1fa4a70b2a208fa47,2009-11-12,4028;4029;4030;4031;4032;4033,José De Gregorio Rebeco;Jorge Desormeaux Jiménez;José De Gregorio Rebeco;Manuel Marfán Lewis;Igal Magendzo Weinberger;Andrés Velasco Brañes,4039,José De Gregorio Rebeco,SUJETO_NOMBRE,,RPM-2009-11-12:T36,INICIO_EXPLICITO,FINAL_SIN_PUNTUACION,"El señor José De Gregorio complementa lo anterior, señalando que en países de Asia y de Europa, que están relativamente en buen pie, se contempla que la recuperación va a ser lenta el próximo año, lo que es, de cierta manera, incoherente con este cierre de brechas"
ESTRUCTURAL,2776,cc97a9800038fe3d56153c639f94908d66d3312a7567e4f1fa4a70b2a208fa47,2009-11-12,4028;4029;4030;4031;4032;4033,José De Gregorio Rebeco;Jorge Desormeaux Jiménez;José De Gregorio Rebeco;Manuel Marfán Lewis;Igal Magendzo Weinberger;Andrés Velasco Brañes,4040,Manuel Marfán Lewis,SUJETO_ROL_NOMBRE,,RPM-2009-11-12:T37,INICIO_EXPLICITO,,"El Consejero señor Manuel Marfán menciona que muchas veces ocurre que ante fenómenos que están muy encima, no se sabe si ellos son un problema puramente temporal o si son un fenómeno macroeconómico. Señala que en el caso del mes de septiembre, por ejemplo, llama la atención el aplanamiento del crecimiento. Luego, se puede decir que en septiembre, al igual que en abril pasado, las cifras se desalinearon puntualmente, pero la hipótesis alternativa es que hay efectos de ciclos que efectivamente llevan a una desaceleración o a una recuperación no tan rápida, lo cual tiene implicancias para la decisión de la presente Reunión que son relevantes. Por lo tanto, la decisión que se adopte hoy día puede ser muy distinta si se basa en que hay efectos y elementos cíclicos o que se está frente a desalineamientos puntuales de la actividad. Advierte que no se vaya a cometer un error de tipo dos, y que efectivamente se tenga una recuperación que se está aplanando."
ESTRUCTURAL,2776,cc97a9800038fe3d56153c639f94908d66d3312a7567e4f1fa4a70b2a208fa47,2009-11-12,4028;4029;4030;4031;4032;4033,José De Gregorio Rebeco;Jorge Desormeaux Jiménez;José De Gregorio Rebeco;Manuel Marfán Lewis;Igal Magendzo Weinberger;Andrés Velasco Brañes,4041,Igal Magendzo Weinberger,SUJETO_ROL_NOMBRE,,RPM-2009-11-12:T38,INICIO_EXPLICITO,,"El Asesor del Ministro de Hacienda, señor Igal Magendzo, señala que la nueva información disponible no es suficiente para cambiar el escenario IPoM, pero que sí cree que ella abre más la incertidumbre y riesgos a la baja, en el sentido que las ponderaciones del Imacec van de más a menos y que la composición del crecimiento ha ido más hacia comercio y menos hacia industria y construcción. En su opinión, se podría aventurar la hipótesis de que tanto el aumento del comercio como la caída del desempleo pudieran estar vinculados a los paquetes fiscales y al estímulo fiscal, cosa que va a ir cediendo en el tiempo. Agrega que no se está ante una recuperación muy fuerte focalizada directamente desde el sector privado o de las importaciones, y que la nueva información empieza a abrir ciertos riesgos a que la recuperación sea más lenta que lo que se percibía en el IPoM."
ESTRUCTURAL,2776,cc97a9800038fe3d56153c639f94908d66d3312a7567e4f1fa4a70b2a208fa47,2009-11-12,4028;4029;4030;4031;4032;4033,José De Gregorio Rebeco;Jorge Desormeaux Jiménez;José De Gregorio Rebeco;Manuel Marfán Lewis;Igal Magendzo Weinberger;Andrés Velasco Brañes,4042,Jorge Desormeaux Jiménez,CONTEXTO_REVISADO,,RPM-2009-11-12:T39,SIN_CONTINUIDAD_CONFIRMADA,,"En opinión del Vicepresidente, señor Jorge Desormeaux, si se miran los datos y se aísla el fenómeno estadístico del sector construcción, y se deja, por ejemplo, el sector resto sin construcción, hay correcciones menores a la baja. Luego, la evidencia no es suficiente como para afirmar que realmente hay un quiebre con respecto a lo previsto. Concuerda con que la preocupación respecto de los riesgos a la baja es legítima, porque en la economía internacional hoy día hay un riesgo muy importante de que la economía pierda fuerza. Al respecto, informa que en Estados Unidos, esta semana, aparecieron tres miembros del FED señalando que los riesgos de que la inflación esté por debajo de la meta son mucho mayores a que estén por arriba, siendo el gran argumento la importante debilidad del empleo. Esta es una recuperación en la que el empleo sigue deteriorándose, en la que las tasas de desempleo superaron el 10%, algo que no estaba en los cálculos de nadie, ya que los optimistas pensaban que la pérdida de empleos era fundamentalmente por una sobrerreacción, porque las empresas pensaron que el escenario iba a ser catastrófico y no lo fue. Hoy día, prosigue, esos empleos no se están recuperando y, por lo tanto, el consumo ha tenido un comportamiento muy débil, con corrección de cuatro décimas a la baja para el 2011 en el crecimiento de Estados Unidos, tal como el señor Lehmann acaba de mostrar. Hace ver que ahí está el riesgo y ello, indudablemente, puede repercutir en la economía chilena."
ESTRUCTURAL,2776,cc97a9800038fe3d56153c639f94908d66d3312a7567e4f1fa4a70b2a208fa47,2009-11-12,4028;4029;4030;4031;4032;4033,José De Gregorio Rebeco;Jorge Desormeaux Jiménez;José De Gregorio Rebeco;Manuel Marfán Lewis;Igal Magendzo Weinberger;Andrés Velasco Brañes,4043,Andrés Velasco Brañes,SUJETO_ROL_SESION,,RPM-2009-11-12:T40,INICIO_EXPLICITO,,"Al respecto, el señor Ministro de Hacienda manifiesta que las cifras de crecimiento no son concluyentes, pero sí son una señal de alerta. Coincide con el señor Vicepresidente en que a ello hay que añadirle el riesgo de que el resto del mundo ande más lento y que ello se ha acrecentado desde la última RPM. Finalmente, el señor Ministro hace especial hincapié en que el hecho que la transición se acabe este año hacia una política menos expansiva desde el punto de vista fiscal, es un asunto mayor. En su opinión, los datos de los distintos subsidios son decidores, ya que se van a haber construido doscientas mil soluciones habitacionales, versus las noventa mil al año que era el promedio de la década hasta el momento. El presupuesto del año 2010, continúa, considera recursos para 134.000 soluciones habitacionales, lo que no significa que se vayan a construir en el año, sino que solo se van a comenzar a construir, muchas de las cuales recién hacia fines de año. Por lo tanto, el estímulo fiscal en materia de vivienda va a caer a la mitad, lo que, obviamente, constituye un impacto significativo. En el caso de infraestructura, plantea que la situación no es tan dramática, porque la aceleración no fue tan significativa este año en proyectos del MOP, por lo que tampoco va a ser tan grande la desaceleración en el 2010. Al respecto, menciona que este año se incluyeron entre US$200 y US$300 millones adicionales a ese Ministerio, lo que no se va repetir el próximo año. A continuación,."
ESTRUCTURAL,3173,116fa6cab93f68943f267b70ac731716db423d5f93540483115290c912e00362,2010-06-15,4626,Claudio Soto Gamboa,4636,Claudio Soto Gamboa,SUJETO_NOMBRE,,RPM-2010-06-15:T50,INICIO_EXPLICITO,,"El señor Claudio Soto informa, asimismo, que, en marzo, el impacto del Transantiago era menos intenso que ahora, lo que constituye también una diferencia importante."
ESTRUCTURAL,3173,116fa6cab93f68943f267b70ac731716db423d5f93540483115290c912e00362,2010-06-15,4626,Claudio Soto Gamboa,4637,Manuel Marfán Lewis,CONTEXTO_REVISADO,,RPM-2010-06-15:T51,SIN_CONTINUIDAD_CONFIRMADA,,"En opinión del Vicepresidente, señor Manuel Marfán, las discusiones sobre el impuesto de timbres y estampillas no deben minimizarse, pero que para efectos de la inflación debe tenerse presente que solo impacta una vez. Agrega que para la estrategia de política monetaria de mediano plazo no tiene tanto impacto, excepto por eventuales efectos de demanda."
SOLO_METADATOS,3262,6a4a3a629c984e1254b46026403b9657c6e9432e4dfa4a2b354dda79afb658ca,2010-07-15,4744;4745,Manuel Marfán Lewis;Claudio Soto Gamboa,4755,Manuel Marfán Lewis,CONTEXTO_REVISADO,,RPM-2010-07-15:T70,SIN_CONTINUIDAD_CONFIRMADA,,"El señor Vicepresidente, recordando lo mencionado en alguna oportunidad por el señor Rodrigo Valdés, Gerente de División de Estudios de la época, señala que este fenómeno ya estaba ocurriendo antes, por lo que cabría considerar información anterior a ese año."
SOLO_METADATOS,3262,6a4a3a629c984e1254b46026403b9657c6e9432e4dfa4a2b354dda79afb658ca,2010-07-15,4744;4745,Manuel Marfán Lewis;Claudio Soto Gamboa,4756,Claudio Soto Gamboa,SUJETO_ROL_SESION,,RPM-2010-07-15:T71,INICIO_EXPLICITO,,"El Gerente de Análisis Macroeconómico continúa, haciendo presente que la mayoría de los analistas y quienes respondieron las diferentes encuestas, piensan que el Consejo del Banco Central de Chile acordará un aumento de la tasa de política monetaria de 50 puntos base, y que solo unos pocos estiman que se optará por una reducción de 25 puntos base. Para concluir su presentación, el señor Claudio Soto informa que la curva forward se movió, de alguna manera, en línea con lo contemplado en el IPoM, esto es, que habrá un cierto adelantamiento en el retiro del impulso monetario y que esta curva es algo más cóncava respecto de lo que el mercado consideraba hasta un mes atrás, contemplando una tasa de 3,2% a diciembre de este año. Agrega que el movimiento de los bonos, de las tasas más largas, que fue de una magnitud menor, así como el aumento de las tasas swap, que se produjo anteriormente, explicarían la visión de que el retiro monetario se adelantaría respecto de lo considerado previamente."
ESTRUCTURAL,3310,caac7007271cb2ee3ef53a531ad9d2b9a98bd7af9ef5602ca6a187b135decfe9,2010-08-12,4813;4814;4815;4816;4817,Claudio Soto Gamboa;Manuel Marfán Lewis;Claudio Soto Gamboa;Rodrigo Cerda Norambuena;Claudio Soto Gamboa,4824,Claudio Soto Gamboa,SUJETO_NOMBRE,,RPM-2010-08-12:T43,INICIO_EXPLICITO,,"El señor Claudio Soto responde que en el año 1985 no se observa un efecto en la actividad como consecuencia del terremoto, más que nada por un problema con las estadísticas. El señor Soto retoma su presentación, informando que la velocidad del PIB total se atenuaría hacia fines de año, pero que el PIB resto seguiría con un alto dinamismo."
ESTRUCTURAL,3310,caac7007271cb2ee3ef53a531ad9d2b9a98bd7af9ef5602ca6a187b135decfe9,2010-08-12,4813;4814;4815;4816;4817,Claudio Soto Gamboa;Manuel Marfán Lewis;Claudio Soto Gamboa;Rodrigo Cerda Norambuena;Claudio Soto Gamboa,4825,Manuel Marfán Lewis,SUJETO_ROL_NOMBRE,,RPM-2010-08-12:T44,INICIO_EXPLICITO,,"Al respecto, el Vicepresidente señor Manuel Marfán precisa que para efectos de los modelos, es el PIB resto el que interesa. Dado eso, señala que la pregunta que surge es si el escenario de mayor crecimiento respecto del contemplado en el IPoM se está dando o no, lo cual debería evaluarse respecto del PIB resto. En su opinión, este estaría creciendo de manera significativa y que quizás habría que cambiarse de escenario respecto del que se tenía en el último IPoM."
ESTRUCTURAL,3310,caac7007271cb2ee3ef53a531ad9d2b9a98bd7af9ef5602ca6a187b135decfe9,2010-08-12,4813;4814;4815;4816;4817,Claudio Soto Gamboa;Manuel Marfán Lewis;Claudio Soto Gamboa;Rodrigo Cerda Norambuena;Claudio Soto Gamboa,4826,Claudio Soto Gamboa,SUJETO_NOMBRE,,RPM-2010-08-12:T45,INICIO_EXPLICITO,,El señor Claudio Soto indica que ese mayor crecimiento del PIB resto sería del orden de medio punto.
ESTRUCTURAL,3310,caac7007271cb2ee3ef53a531ad9d2b9a98bd7af9ef5602ca6a187b135decfe9,2010-08-12,4813;4814;4815;4816;4817,Claudio Soto Gamboa;Manuel Marfán Lewis;Claudio Soto Gamboa;Rodrigo Cerda Norambuena;Claudio Soto Gamboa,4827,Pablo García Silva,CONTEXTO_REVISADO,,RPM-2010-08-12:T46,SIN_CONTINUIDAD_CONFIRMADA,,"En opinión del Gerente de División Estudios señor Pablo García, para ese escenario de nesgo, más que la cifra en sí, es importante evaluar el perfil que está teniendo el dinamismo de la demanda, y si es que el abultamiento observado en el segundo trimestre fue transitorio o correspondió a una aceleración que iba a continuar en el tercer trimestre y el cuarto. Indica que los datos dan cuenta que ese abultamiento efectivamente se observó, ya que se tuvo un peak de demanda interna, de consumo, de acumulación de inventarios, de venta de durables, de venta de viviendas, que después ha venido cayendo de manera notable, por lo que, en consecuencia, esto no ha continuado acelerándose desde el punto de vista de la difusión coyuntural que se está observando."
ESTRUCTURAL,3310,caac7007271cb2ee3ef53a531ad9d2b9a98bd7af9ef5602ca6a187b135decfe9,2010-08-12,4813;4814;4815;4816;4817,Claudio Soto Gamboa;Manuel Marfán Lewis;Claudio Soto Gamboa;Rodrigo Cerda Norambuena;Claudio Soto Gamboa,4828,Claudio Soto Gamboa,SUJETO_NOMBRE,,RPM-2010-08-12:T47,INICIO_EXPLICITO,,"El señor Claudio Soto prosigue, refiriéndose al mercado laboral. Señala, en primer término, que la tasa de desempleo ha venido cayendo de manera sistemática desde mediados del año pasado que, más allá del efecto que pudiera estar reflejando el cambio en la encuesta del INE, se confirma con los datos de la Universidad de Chile. En segundo lugar, indica que el empleo en los sectores afectados por el terremoto, que hasta el mes anterior exhibía tasas de crecimiento negativo, registra ahora un aumento, lo mismo que la fuerza de trabajo, lo que da cuenta que, efectivamente, hay más dinamismo en esos sectores. En tercer lugar, informa que el indicador de puestos de trabajo, un nuevo indicador del INE, basado en una encuesta a las empresas, no a las personas, también muestra variaciones anuales crecientes y más bien elevadas en el empleo, no así la variación mes a mes. A propósito de esta nueva encuesta, el señor Claudio Soto aclara que la comparación interanual antedicha se efectuó con respecto a la nueva encuesta, por lo que el empleo efectivamente está aumentando respecto del año 2009 y la tasa de desocupación está cayendo."
ESTRUCTURAL,3310,caac7007271cb2ee3ef53a531ad9d2b9a98bd7af9ef5602ca6a187b135decfe9,2010-08-12,4813;4814;4815;4816;4817,Claudio Soto Gamboa;Manuel Marfán Lewis;Claudio Soto Gamboa;Rodrigo Cerda Norambuena;Claudio Soto Gamboa,4829,Rodrigo Cerda Norambuena,SUJETO_ROL_NOMBRE,,RPM-2010-08-12:T48,INICIO_EXPLICITO,,"El Asesor del Ministro de Hacienda señor Rodrigo Cerda comenta que cuando se analizan las dos series, la “ENE” y la “NENE” del 2009, que pueden seguirse a partir de marzo del año pasado, se observa que ambas tienen un comportamiento parecido entre marzo y octubre, pero en octubre, una de ellas registra un salto con respecto a la otra, produciéndose una diferencia de 250.000 empleos."
ESTRUCTURAL,3310,caac7007271cb2ee3ef53a531ad9d2b9a98bd7af9ef5602ca6a187b135decfe9,2010-08-12,4813;4814;4815;4816;4817,Claudio Soto Gamboa;Manuel Marfán Lewis;Claudio Soto Gamboa;Rodrigo Cerda Norambuena;Claudio Soto Gamboa,4830,Claudio Soto Gamboa,SUJETO_NOMBRE,,RPM-2010-08-12:T49,INICIO_EXPLICITO,,"El señor Claudio Soto explica que esa diferencia responde a que, metodológicamente, uno de los cambios más importantes correspondió a la manera como se clasifica a una persona como ocupada, ya que antes tenía que estar buscando trabajo activamente , por un período más o menos prolongado, para ser clasificada como tal, mientras que ahora solo basta que declare cierta disposición a buscar empleo o que declare que trabaja un poco en la casa para que sea considerada dentro de la fuerza de trabajo."
SOLO_METADATOS,4297,c06f51527a55eb27667f87de169c7ed0c266d425ab1fc9beb756e9a58ae96e2f,2011-09-15,6005,Manuel Marfán Lewis,6018,Manuel Marfán Lewis,CONTEXTO_REVISADO,,RPM-2011-09-15:T16,SIN_CONTINUIDAD_CONFIRMADA,,"A juicio del Vicepresidente señor Manuel Marfán, cuando existen problemas serios de liquidez, entonces la prima por liquidez, representada por el spread Libor - OIS, es más alta a menor plazo, como fue, por ejemplo, en Estados Unidos en su peor momento, inmediatamente después de Lehman Brothers. En otras palabras, sostiene que un crédito overnight o un crédito a un mes es mucho más caro, en términos de tasa anual, que uno a 4 o 6 meses. Al respecto, estima que, dada la actual estructura de tasas, el aumento en el costo del crédito obedece más a un tema de solvencia que de liquidez. En segundo término, solicita mayores antecedentes respecto de la provisión de financiamiento en dólares anunciada por el Banco Central Europeo, específicamente el monto involucrado y la razón por la que estaría proveyendo liquidez en dólares."
ESTRUCTURAL,4437,87940dd907ce3841cc8533528dc2d2788522887088a6bc5d32ccad2bb82a68d7,2011-11-15,6192,Claudio Soto Gamboa,6205,Claudio Soto Gamboa,SUJETO_NOMBRE,,RPM-2011-11-15:T49,INICIO_EXPLICITO,,"El señor Claudio Soto señala que este supuesto es conservador, en el sentido que tiene incorporado este dato, pero de manera transitoria. Aclara que este fenómeno no tiene una naturaleza similar al observado en el año 2008, cuando se registró una caída sistemática en las importaciones durante un par de trimestres, que derivó en una corrección muy importante en la demanda. En todo caso, hace presente que si bien este antecedente ha llevado a estar alertas respecto de la evolución de la demanda, se estima que podría revertirse el próximo mes."
ESTRUCTURAL,4437,87940dd907ce3841cc8533528dc2d2788522887088a6bc5d32ccad2bb82a68d7,2011-11-15,6192,Claudio Soto Gamboa,6206,Enrique Orellana Cifuentes,CONTEXTO_REVISADO,,RPM-2011-11-15:T50,SIN_CONTINUIDAD_CONFIRMADA,,"En opinión del Gerente de Estrategia y Comunicación de Política Monetaria señor Enrique Orellana, los vendedores de automóviles están efectuando ajustes de inventarios, ya que presupuestan que las ventas no crecerán el próximo año."
ESTRUCTURAL,4437,87940dd907ce3841cc8533528dc2d2788522887088a6bc5d32ccad2bb82a68d7,2011-11-15,6192,Claudio Soto Gamboa,6207,Claudio Soto Gamboa,SUJETO_NOMBRE,,RPM-2011-11-15:T51,INICIO_EXPLICITO,,"El señor Claudio Soto agrega que se tiene como supuesto una variación negativa de existencias hacia fines de año, es decir, que se producirá una desacumulación de inventarios, en línea con lo mencionado precedentemente."
ESTRUCTURAL,4665,4ad98fc33e28fa007c50552157d7c5eeb4b123985964b3ab0b5cc33c0d43e614,2012-03-15,6462,Kevin Cowan Logan,6477,Kevin Cowan Logan,SUJETO_NOMBRE,,RPM-2012-03-15:T11,INICIO_EXPLICITO,,"El señor Kevin Cowan hace presente que los bancos españoles compraron alrededor de 45 mil millones de euros en bonos públicos de ese país entre los meses de diciembre del año pasado y enero último, y que aun cuando se considera que es un monto elevado, el Vicepresidente del Banco de España consignó que representa un porcentaje bajo en relación con la base de activos de esa economía. Agrega que según los datos del Banco Internacional de Pagos, Italia efectuó compras de títulos por un monto de 15 mil millones de euros, aproximadamente. De acuerdo con lo anterior, sostiene que existe alguna evidencia de que parte de ello constituye un retorno que obtienen los bancos que aprovechan la tasa de 5% anual que obtienen en el bono español y luego, para financiar esa operación, captan fondos al 1% anual."
ESTRUCTURAL,4665,4ad98fc33e28fa007c50552157d7c5eeb4b123985964b3ab0b5cc33c0d43e614,2012-03-15,6462,Kevin Cowan Logan,6478,Luis Óscar Herrera Barriga,CONTEXTO_REVISADO,,RPM-2012-03-15:T12,SIN_CONTINUIDAD_CONFIRMADA,,"En opinión del Gerente de División Estudios señor Luis Óscar Herrera, se debe considerar también el contrafactual, en razón que si los bancos no hubieran podido acceder a este financiamiento, igualmente habrían estado obligados a obtenerlo del mercado o a liquidar activos, por cuanto tenían un número considerable de vencimientos de sus pasivos durante este año. Explica que con la LTRO obtuvieron el financiamiento que les permite colateralizar sus obligaciones en el Banco Central Europeo."
ESTRUCTURAL,4923,77916e8773747cbfbcb68b2e6dc4e954888a7c308ac197bbccb4c3832db88439,2012-07-12,6774,Claudio Soto Gamboa,6790,Claudio Soto Gamboa,SUJETO_NOMBRE,,RPM-2012-07-12:T26,INICIO_EXPLICITO,,"El señor Claudio Soto retoma su presentación mencionando que los resultados de la Encuesta de Crédito Bancario publicados el día de ayer reflejan que las condiciones de oferta se perciben algo más restrictivas y que también se observa un cambio en la percepción de la demanda por crédito, que está marginalmente más restrictiva. Sin embargo, destaca que la percepción de demanda por créditos hipotecarios y por parte de las pymes todavía figura en términos positivos. Destaca que no obstante la percepción de condiciones de oferta de crédito más estrechas, las expectativas de los consumidores han tendido a corregirse al alza en los últimos meses, influidas por un mejoramiento de la percepción de la situación país para los próximos meses. Hace presente que a ello se suma que la percepción de la situación familiar también mejora, aunque sigue estando en terreno negativo, y que si bien el indicador de compra de artículos para el hogar retrocedió levemente en el margen, permanece en niveles elevados. Respecto de la masa salarial, manifiesta que exhibe una pequeña pendiente al alza, explicada probablemente por los menores registros inflacionarios, ya que los salarios y las tasas de crecimiento del empleo no han registrado mayor variación."
ESTRUCTURAL,4923,77916e8773747cbfbcb68b2e6dc4e954888a7c308ac197bbccb4c3832db88439,2012-07-12,6774,Claudio Soto Gamboa,6791,Rodrigo Vergara Montes,CONTEXTO_REVISADO,,RPM-2012-07-12:T27,SIN_CONTINUIDAD_CONFIRMADA,,"En opinión del Presidente señor Rodrigo Vergara, el aumento real de la masa salarial obedecería al último registro negativo de la inflación."
ESTRUCTURAL,4923,77916e8773747cbfbcb68b2e6dc4e954888a7c308ac197bbccb4c3832db88439,2012-07-12,6774,Claudio Soto Gamboa,6792,Enrique Marshall Rivera,CONTEXTO_REVISADO,,RPM-2012-07-12:T28,SIN_CONTINUIDAD_CONFIRMADA,,"A juicio del Consejero señor Enrique Marshall, correspondería analizar la variación de la masa salarial en términos nominales para fines de determinar si registra, efectivamente, una reaceleración, al menos en el corto plazo."
ESTRUCTURAL,4954,759550ba8d4a134cf097a00dc6d73ee3ed2e5502f2573a035b261a8c899e98f0,2012-07-12,6806;6807,Manuel Marfán Lewis;Claudio Soto Gamboa,6824,Manuel Marfán Lewis,SUJETO_ROL_NOMBRE,,RPM-2012-07-12:T60,INICIO_EXPLICITO,,El Vicepresidente señor Manuel Marfán solicita que se precise si la pregunta contenida en la Encuesta de Expectativas Económicas se refiere a la decisión esperada en materia de TPM o a lo que se estima debería ser dicha decisión.
ESTRUCTURAL,4954,759550ba8d4a134cf097a00dc6d73ee3ed2e5502f2573a035b261a8c899e98f0,2012-07-12,6806;6807,Manuel Marfán Lewis;Claudio Soto Gamboa,6825,Claudio Soto Gamboa,SUJETO_NOMBRE,,RPM-2012-07-12:T61,INICIO_EXPLICITO,,El señor Claudio Soto precisa que la pregunta específica que se formula es “¿Qué va a hacer el Banco Central de Chile?”
ESTRUCTURAL,4954,759550ba8d4a134cf097a00dc6d73ee3ed2e5502f2573a035b261a8c899e98f0,2012-07-12,6806;6807,Manuel Marfán Lewis;Claudio Soto Gamboa,6826,Manuel Marfán Lewis,CONTEXTO_REVISADO,,RPM-2012-07-12:T62,SIN_CONTINUIDAD_CONFIRMADA,,"En opinión del Vicepresidente señor Manuel Marfán, conviene que una encuesta de expectativas refleje lo que los consultados creen que será la decisión del Banco Central de Chile, aunque estén en desacuerdo."
ESTRUCTURAL,6060,44d79739742e26d59bf29fd4bb5b867a6b891ec5bf26e858f19caa045da6d371,2014-03-13,8064,Rodrigo Vergara Montes,8083,Rodrigo Vergara Montes,SUJETO_ROL_NOMBRE,,RPM-2014-03-13:T4,INICIO_EXPLICITO,,El Presidente señor Rodrigo Vergara consulta por las razones que explican la apreciación del euro.
ESTRUCTURAL,6060,44d79739742e26d59bf29fd4bb5b867a6b891ec5bf26e858f19caa045da6d371,2014-03-13,8064,Rodrigo Vergara Montes,8084,Sergio Lehmann Beresi,CONTEXTO_REVISADO,,RPM-2014-03-13:T5,SIN_CONTINUIDAD_CONFIRMADA,,"En opinión del Gerente de Análisis Internacional señor Sergio Lehmann, se aprecia que, en el margen, las noticias han sido algo mejores en materia de actividad, por lo que la percepción ha sido más positiva. En efecto, la apreciación dei euro respondería en parte a una leve revisión al alza de las proyecciones de actividad para la Zona Euro; una visión más positiva respecto de las economías periféricas, particularmente de España; mejoras en la clasificación de riesgo; y la disminución de los spreads."
ESTRUCTURAL,6308,de05707a4bef7dfab0e52d8d551aee1072018d927d1a02e2af645345696ddeba,2014-07-15,8367;8368,Pablo García Silva;Rodrigo Vergara Montes,8387,Pablo García Silva,SUJETO_ROL_NOMBRE,,RPM-2014-07-15:T14,INICIO_EXPLICITO,,"El Consejero señor Pablo García índica que desde el punto de vista del rebalanceo global, China y Estados Unidos de América siguen creciendo a tasas parecidas a las observadas en meses previos, lo que explicaría que los precios de commodities no presenten variaciones significativas y que las condiciones financieras sigan siendo laxas. No obstante, a pesar de que no se advierten cambios sustantivos en dichas economías, sí se han producido transformaciones muy significativas en otras economías emergentes, donde las perspectivas de crecimiento se han corregido de manera muy significativa, la depreciación de las monedas ha sido muy relevante y se han registrado cambios de precios relativos de importancia. Asimismo, hace referencia a un ciclo de inversión corporativa global muy débil. En efecto, la demanda por inversión a nivel global tuvo un leve rebote después de la crisis, pero rápidamente se estancó, en especial en economías emergentes como Chile y en menor grado en China. El Consejero señor Pablo García considera positivo que economías emergentes como la chilena estén ajustando sus balances externos, hayan depreciado sus monedas y estén desacelerando la actividad, el gasto y el crédito, atendida el alza de tasas que se proyecta para el próximo año. El lado negativo, en tanto, es que a pesar de que no se han materializado cambios significativos en las condiciones financieras, se ha producido un importante grado de ajuste en el crecimiento, en las tasas de interés domésticas y en el tipo de cambio; luego, mayor será este ajuste una vez que se concrete el alza de tasas externas. En consecuencia, si bien algunas economías emergentes se encuentran en mejor pie para enfrentar el alza de tasas, es posible que se produzca un ajuste aun mayor cuando Estados Unidos de América comience a subir su tasa rectora."
ESTRUCTURAL,6308,de05707a4bef7dfab0e52d8d551aee1072018d927d1a02e2af645345696ddeba,2014-07-15,8367;8368,Pablo García Silva;Rodrigo Vergara Montes,8388,Rodrigo Vergara Montes,CONTEXTO_REVISADO,,RPM-2014-07-15:T15,SIN_CONTINUIDAD_CONFIRMADA,,"En opinión del Presidente señor Rodrigo Vergara, resulta complejo hacer un balance del escenario internacional actual, toda vez que se observan aspectos positivos, pero también otros menos auspiciosos, y que además pueden variar repentinamente en uno u otro sentido. En cuanto a Estados Unidos de América, señala que las condiciones de financiamiento se mantienen muy positivas para su propio mercado y también para el resto del mundo, y que el mercado laboral ha dado sorpresas positivas. De hecho, destaca las últimas declaraciones de la Presidenta de la Reserva Federal señora Janet Yellen, quien, por primera vez, hizo referencia a la posibilidad de un avance más rápido en el mercado laboral, lo que podría traducirse en una anticipación del aumento de tasas antes y posibles efectos negativos sobre muchos países emergentes. Con respecto a China, manifiesta que los principales riesgos persisten, pero mantiene sus tasas de crecimiento en un nivel igual o levemente superior a lo anticipado. Europa, en cambio, exhibe un panorama más negativo, lo mismo que América Latina, donde las revisiones a la baja han sido significativas y reiteradas. Con todo, estima que las mejores noticias de Estados Unidos de América y China configuran un escenario en el margen algo más positivo. Además, hace notar la situación por la que atraviesa Perú, que en la medida que se consolide su desaceleración, explicada principalmente por el término del ciclo minero, sería semejante a la que se observó primero en Australia y luego en Chile. Acota que esta desaceleración es mucho mayor que la anticipada en dicho país. En materia de commodities, destaca que el precio del cobre es mayor que un mes atrás y que lo previsto; que de mantenerse, llevaría a una revisión de sus proyecciones; y que si bien su alza podría ser de carácter transitorio, también ha exhibido bastante resiliencia durante un período prolongado. Agrega que el precio de los alimentos han retrocedido y el del petróleo ha aumentado, y que este escenario de precios es algo más favorable para nuestra economía. No habiendo más consultas ni comentarios en lo concerniente al escenario internacional, el Presidente señor Rodrigo Vergara da paso a la exposición del escenario interno, a cargo del Gerente de Análisis Macroeconómico señor Miguel Fuentes."
SOLO_METADATOS,6443,c2f9531c9d1bfad7d90bd4731fed1edd0d36feed20585aeb0a4be34609fa6f1a,2014-10-16,8531,Beltrán de Ramón Acevedo,8551,Beltrán de Ramón Acevedo,SUJETO_ROL_NOMBRE,,RPM-2014-10-16:T4,INICIO_EXPLICITO,HABLANTES_POR_IDENTIDAD_PENDIENTE,"El Gerente de División Operaciones Financieras señor Beltrán de Ramón agrega que las autoridades de Estados Unidos de América y del Banco Central Europeo han mostrado un comportamiento divergente y distinto del que espera el mercado. En efecto, el Presidente de este organismo, señor Mario Draghi, ha prometido promover las medidas que sean necesarias para impulsar el crecimiento, pero no lo ha logrado, a lo que se suma que la compra de bonos, en el marco de un programa de relajamiento cuantitativo, no se podría llevar a cabo, con lo cual las expectativas de inflación han reaccionado a la baja. Por otro lado, el mercado percibe que la Fed quiere anticipar el alza de tasas, lo que afectaría el débil crecimiento de esa economía. En opinión del Consejero señor Pablo García, la Fed se encontraría en una suerte de encrucijada comunicacional, porque sus procedimientos de toma de decisión y de votación interna del FOMC dan cuenta de que el momento en que comenzará a aumentar las tasas está más próximo, pero su discurso no lo refleja. El señor Miguel Ricaurte retoma su presentación haciendo referencia al comportamiento de algunos indicadores de mercado desde la Reunión anterior. Sobre el particular, reitera que las alzas de tasas en las economías emergentes se revirtieron en las últimas semanas, principalmente por alzas de premios, y que con ello, los mercados bursátiles han exhibido retrocesos, que en el caso de Europa, y Alemania en particular, han sido más significativos. Añade que las paridades se depreciaron de manera importante. A continuación, exhibe el heat map de paridades que se contiene en la lámina N° 9 de la presentación, y hace notar la fuerte apreciación del dólar en el último mes. No obstante, se revirtió en parte durante la última semana, luego que la minuta de la Fed diera cuenta de su preocupación por la fortaleza del dólar. En materia de premios por riesgo, hace presente que aumentaron en todas las regiones debido a la mayor volatilidad de los mercados y por algunas razones de carácter puntual. A modo de ejemplo, señala que los premios en Brasil registraron una fuerte alza, que se revirtió luego de conocidos los resultados de la primera vuelta de las elecciones presidenciales; que en Australia y Nueva Zelanda también anotaron un notorio aumento, que se asocia a un grado mayor de debilidad de China; y que en Europa, destacó el aumento de los premios en Grecia, que responde a su intención de prepagar los préstamos recibidos como parte del rescate, pero cuya capacidad de pago ha sido puesta en duda por el mercado. Por otra parte, el señor Miguel Ricaurte menciona que los flujos de capital hacia economías emergentes se han moderado en las últimas semanas y que, incluso, se advierten algunas salidas en los últimos días, en particular en América Latina, incluidos Brasil y México. Hace notar que ello ha configurado un escenario de deterioro de las condiciones financieras en el último mes, observándose retrocesos importantes de las bolsas de valores, aumento de la volatilidad hasta niveles no vistos en los últimos cuatro o cinco años, alzas de los premios por riesgo y de los spreads en la periferia de Europa. El señor Miguel Ricaurte prosigue con su exposición aludiendo a las principales noticias en materia de actividad y precios. Manifiesta que en Estados Unidos de América, la tercera entrega del PIB correspondiente al segundo trimestre dio cuenta de un crecimiento mayor que el consignado en la segunda entrega, validando el escenario de una fuerte recuperación respecto de lo observado en trimestre anterior; que el desempleo cayó dos décimas, hasta 5,9%; y que la creación de empleo fue superior a lo anticipado, no así la participación, que de hecho disminuyó. Agrega que los datos de corto plazo fueron mixtos, ya que las órdenes a fábricas fueron menores que lo esperado; los subsidios por desempleo experimentaron un retroceso mayor que el proyectado; y el Beige Book, publicado el día de ayer, no consignó grandes cambios respecto del reporte anterior, manteniéndose el diagnóstico del desempeño de modesto a moderado. Advierte que Alemania exhibe una debilidad mayor que la anticipada, generando una sensación de que Europa podría desacelerarse más abruptamente de lo esperado. Agrega que en Japón, la actividad fue menor que lo proyectado y que la inflación se ha moderado, reflejando que los esfuerzos del Banco Central por hacerla repuntar han tenido un efecto parcial. Hace presente que China también exhibe un cuadro mixto, ya que los PMI manufacturero y de servicios decepcionaron, pero el comercio retomó dinamismo; los precios de las viviendas continúan moderando su crecimiento en doce meses y caen en el margen; y las autoridades han relajado condiciones para la compra de viviendas. Por último, manifiesta que la inflación disminuyó nuevamente en Europa y registró movimientos mixtos en América Latina. Por su parte, se mantienen las bajas expectativas de inflación en Zona Euro, se observan leves correcciones en América Latina y disminuyen en Estados Unidos de América. El señor Miguel Ricaurte señala que una mirada más global de la actividad da cuenta de cifras mixtas para Estados Unidos de América. En efecto, se observan cifras favorables en términos de creación de empleo; la tasa de desempleo se ubica en un nivel particularmente bajo; las ventas minoristas sorprendieron con una caída en su componente menos volátil, que son las ventas minoristas sin automóviles ni gasolina, mientras que el mercado esperaba un alza; el mercado inmobiliario exhibe un bajo dinamismo; y los precios de viviendas exhiben aumentos menores que los anticipados. Consigna que en la Zona Euro, las ventas minoristas fueron mayores que lo esperado, mientras que la producción industrial, más débil; y que en Alemania, los registros de producción industrial y comercio exterior decepcionaron al mercado. Agrega que Japón también continúa mostrando algún grado de debilidad, aunque las ventas minoristas exhibieron algún repunte; y que en China destaca el impulso del comercio, que se ha visto contrapesado por la producción industrial y ventas minoristas. Por último, indica que producción industrial de Brasil repuntó, lo mismo que en Perú, pero en menor medida que lo esperado por el mercado. En cuanto a expectativas, destaca una visión algo más mixta para Estados Unidos de América y más negativa para el mundo desarrollado y China. En términos agregados, hace notar que las expectativas de empresas y consumidores han retrocedido en las economías desarrolladas y también en las emergentes. En lo que respecta a Estados Unidos de América, plantea que la recuperación continúa a ritmo moderado. En efecto, los datos de órdenes de bienes durables y de capital crecen a tasas estables; la producción industrial exhibe algún repunte; la dinámica del mercado laboral no ha variado; y el mercado inmobiliario continúa débil. La Fed, por su parte, ha concentrado su atención en la evolución de los precios, que no solo han estado bajo la meta de 2%, sino que permanecerían bajo ella hasta fines del año 2016. Con respecto a Europa, informa que la confianza del consumidor y los PMI han mostrado retrocesos en los últimos meses. Asimismo, destaca el deterioro de Alemania y la moderación de la inflación en esa economía. En lo concerniente a Alemania, hace notar que el registro de PIB del segundo trimestre de este año fue menor que el del trimestre previo y que si bien el mercado anticipa un repunte en los dos últimos trimestres del año, las tasas de variación trimestral anualizadas no superarían el 2%, debido a una menor inversión, menor consumo del gobierno y privado, caída de la confianza del consumidor en los últimos meses, retroceso de las perspectivas manufactureras, y una contribución negativa de Rusia desde que se inició el conflicto con Ucrania, que ha incidido negativamente en el crecimiento del comercio. Con ello, las perspectivas de crecimiento para la Zona Euro se han corregido a la baja, especialmente para este año y en menor grado para el próximo. Agrega que Alemania y Francia se han desacelerado y que el gasto de gobierno disminuiría en esta región, lo que podría deteriorar aún más las perspectivas para estas economías. El Gerente de División Operaciones Financieras señor Beltrán de Ramón comenta que en el marco de las recientes reuniones organizadas por el Fondo Monetario Internacional, FMI, y el Banco Mundial, economistas del Commerzbank señalaban que el deterioro de la economía alemana no se debe mayormente a la crisis entre Ucrania y Rusia o a factores internos, sino que a la menor demanda de los países emergentes, en particular desde China, Brasil y otros países que conforman los BRICS. El señor Miguel Ricaurte confirma que la desaceleración de China, que se ha manifestado en varios indicadores, ha incidido negativamente sobre la economía alemana. Con respecto a Japón, informa que la inflación supera el 3% en doce meses y que alrededor de 2% corresponde al efecto del alza del impuesto al IVA, que se materializó en el mes de abril último. Hace presente que esta alza impositiva ha tenido un impacto importante en el desempeño de la economía, con un adelantamiento del consumo del segundo trimestre al primer trimestre, antes de que se concretara; una caída del PIB de 7,1% trimestre trimestre anualizado y del consumo cercana a 13%; debilidad de la ventas minoristas y un repunte acotado en el tercer trimestre; caída de la confianza de los consumidores, que se ubica debajo del pivote al menos desde el año 2012; y nulo dinamismo de la demanda externa. En cuanto a China, los indicadores son mixtos. En efecto, el PMI manufacturero no repunta; continúa la moderación en el mercado inmobiliario; y el comercio exterior exhibe una recuperación en el dato más reciente, ya que tanto las exportaciones como las importaciones mostraron crecimientos mayores que el mes anterior. En América Latina, resalta el magro desempeño de Brasil y Argentina, donde la producción industrial ha caído y la confianza del consumidor se ha deprimido. Añade que en Perú, el mercado laboral no ha tenido un deterioro significativo, pero las colocaciones comienzan a desacelerarse y la producción industrial exhibe un estancamiento en los últimos meses. De acuerdo con lo expuesto, las expectativas de crecimiento de Brasil se han corregido fuertemente a la baja para este y el próximo año; para Perú, no se anticipan caídas de relevancia para el año 2015; y México y Colombia no presentan grandes correcciones en los últimos meses, de la mano de la recuperación de Estados Unidos de América. Con respecto a la inflación, presenta un leve retroceso en Estados Unidos de América y en América Latina, excluyendo a Chile, en parte por una menor inflación subyacente y caída de los precios de la energía. Agrega que con ello, las perspectivas inflacionarias al mes de septiembre exhiben una leve reducción en Europa emergente y una disminución algo más marcada en Asia emergente, no registran mayores cambios en las economías desarrolladas, mientras que en América Latina se advierte un alza explicada por Brasil y Chile. Por último, reitera que las expectativas inflacionarias para Estados Unidos de América se han corregido a la baja en las últimas semanas. En lo concerniente a política monetaria, destaca las mantenciones en la mayoría de los países analizados habitualmente; los recortes en Corea, Chile y Perú, de acuerdo con lo esperado; y la baja en Polonia, que sorprendió al mercado por su magnitud. Para lo que resta del presente año, solo se espera un alza en Colombia; un recorte adicional en Perú; y tratándose de Chile, la encuesta Bloomberg da cuenta de que el 64% de los consultados anticipan una reducción de 25 puntos base. Hace notar que a ello se suman anuncios de medidas adicionales por parte del Banco Central Europeo, consistentes en compras de ABS y bonos covered, y la ampliación de la banda de flotación del rublo en Rusia. En relación con las expectativas en materia de política monetaria, indica que se han retrasado las alzas esperadas de tasas en Estados Unidos de América, el Reino Unido y la Zona Euro. Tratándose de Estados Unidos de América, los futuros anticipan una primera alza en el mes de diciembre de 2015; y en Inglaterra, el retraso sería de cuatro o cinco meses respecto de lo contemplado un mes atrás. Al continuar con su presentación, el señor Miguel Ricaurte hace referencia a los principales acontecimientos en materia de commodities. En este aspecto, alude a la caída registrada por el precio del cobre hasta un nivel en torno a los US$ 3,00 la libra, debido a una percepción de debilidad de la demanda de China; mayores niveles de producción por una mayor contribución de Indonesia; la apreciación del dólar; y el ruido financiero de los últimos días. Asimismo, destaca que el precio del petróleo, tanto Brent como WTI, disminuyó alrededor de 12% por una debilidad de la demanda derivada de la entrada en mantención de las refinerías, datos débiles de actividad y niveles altos de producción en Estados Unidos de América y en la OPEP. Añade que Libia ha jugado un rol importante en este mercado en los últimos meses. Además, consigna que el precio de la gasolina disminuyó 15% desde la Reunión anterior por menores precios del petróleo, reducción de los costos de producción y menor demanda estival en el hemisferio norte. En materia de alimentos, precisa que el índice FAO retrocedió 2,6% en el mes de septiembre, debido a una caída de todos sus componentes, en especial lácteos y azúcar, debido a altos niveles de producción. Acota que la carne fue la única excepción. En lo concerniente a las principales variaciones de precios observadas desde la última Reunión, destaca la caída del precio de la gasolina, del petróleo Brent, del petróleo WTI y de la soya, de 15,2% 14,5%, 11,5% y 10,5%, respectivamente. Con respecto a la trayectoria futura del mercado del cobre, señala que su precio se mantendría en torno a los US$3 el barril en lo que resta del presente año; tratándose de los alimentos, se espera una caída para el año 2015, pero menos marcada que la proyectada en la RPM anterior; y en materia de combustibles, se anticipa que la caída del precio de la gasolina y de los petróleos perdurará en el horizonte de proyección. Agrega que en el caso de la gasolina, el crack spread es algo menor que US$7 el barril, levemente superior al promedio del período 2000 - 2007, razón por la que no esperan disminuciones de precios en los meses venideros. Hace presente que lo anterior se complementa con perspectivas de demanda por gasolina que se han corregido a la baja en una magnitud del orden de los 100 mil barriles diarios este año y de 200 mil diarios para el 2015; y perspectivas de oferta que se han revisado al alza por una mayor por producción de los países miembros de la OCDE, en especial de Estados Unidos de América, que hoy día es el mayor productor mundial de petróleo. De esta forma, se anticipa un mercado levemente algo más superavitario que lo proyectado anteriormente y, en consecuencia, precios más bajos de combustibles en adelante."
ESTRUCTURAL,6447,599825c4dce422c925abe439ae377e9a55c0b7c71f25600d9449827f94d2fdc3,2014-10-16,8535,Joaquín Vial Ruiz-Tagle,8555,Joaquín Vial Ruiz-Tagle,SUJETO_ROL_NOMBRE,,RPM-2014-10-16:T8,INICIO_EXPLICITO,,"El Consejero señor Joaquín Vial resalta la aparición de nuevos elementos preocupantes. En este sentido, destaca, en primer lugar, el deterioro de las condiciones de financiamiento a las economías emergentes. En orden de importancia, cita la situación por la que atraviesan Grecia y Rusia, que están interviniendo fuertemente su mercado cambiario, y los riesgos de crisis cambiaría y de default en Argentina y Venezuela, prácticamente incorporados por el mercado, lo que podría traducirse en un castigo más fuerte a las economías emergentes más vulnerables. En ese contexto, plantea que el déficit de cuenta corriente en Colombia y Perú es un aspecto que debe ser monitoreado, en particular por la evolución que exhiben los precios de commodities, que pueden llevarlo a niveles del 5% del PIB en ambas economías. Plantea también la conveniencia de hacer un seguimiento a los CDS de los países latinoamericanos, algunos de los cuales han sido más castigados, como es el caso de los de Perú. En este mismo aspecto, sugiere revisar las razones detrás del alza de los CDS de Japón, que difiere notoriamente de lo observado en esta materia en las principales economías del mundo. Expresa que el segundo aspecto de preocupación es el precio de los commodities, cuya caída sería bastante endógena al ciclo global y a los ciclos tradicionales de commodities. En este sentido, indica que después de un período muy prolongado de precios muy elevados, se observa una respuesta en la oferta, que es más notoria tratándose del petróleo y los combustibles. A su juicio, parte de este ajuste se mantendría por un tiempo más prolongado, ya que se advierten aumentos en la oferta de petróleo convencional fuera de la OPEP y también del shale gas, que se mantendrán hasta que su precio registre una disminución mayor. Desde el punto de vista de la macro global, estima que si este ajuste tiene un elemento de carácter más permanente, se observará una trasferencia de ingresos de países con muy bajo poder de consumo hacia consumidores de países desarrollados, especialmente europeos, Japón y también China, cuyo efecto puede ser muy interesante y favorable. El Consejero señor Joaquín Vial destaca la fortaleza del precio del cobre mientras el de los demás commodities se derrumba. Por último, hace referencia al ébola, y expresa que de materializarse las proyecciones de la Organización Mundial de la Salud hacia fin de año, que apuntan a tasas de infección de 5 o 10 mil casos por semana en los países afectados por esta enfermedad, el contagio difícilmente se mantendrá restringido a ese grupo de países, con el consiguiente impacto sobre el consumo y confianza de consumidores, de manera análoga a lo observado con motivo de la gripe aviar, pero con la diferencia que esta epidemia probablemente demorará más tiempo en controlarse y eliminarse."
ESTRUCTURAL,6447,599825c4dce422c925abe439ae377e9a55c0b7c71f25600d9449827f94d2fdc3,2014-10-16,8535,Joaquín Vial Ruiz-Tagle,8556,Pablo García Silva,CONTEXTO_REVISADO,,RPM-2014-10-16:T9,SIN_CONTINUIDAD_CONFIRMADA,,"En opinión del Consejero señor Pablo García, cabe preguntarse por la configuración de presiones inflacionarias y de crecimiento que subyacen al escenario internacional actual. En este sentido, destaca que los precios de los commodities acumulan una caída del orden del 30 a 35% respecto del año 2011, en tanto que el del cobre se ha corregido de manera más significativa, por lo que no debería continuar disminuyendo. En materia de crecimiento, expresa que después de una crisis, siempre se espera una recuperación con forma de montaña, seguida de un retorno a un crecimiento más tendencial y una inflación volviendo a sus niveles normales. No obstante, en el contexto actual, se advierte que esta montaña de crecimiento está finalizando en el mundo sin que la inflación haya llegado a nivel normal alguno, incluso con correcciones a la baja hacia adelante, siendo el caso de la Zona Euro quizás el más notorio. En este contexto, plantea que su preocupación por el sesgo a la baja en materia de inflación en nuestra proyección para el próximo año se justifica plenamente y, de cierta manera, valida el escenario con sesgo a la baja, pero con la sutileza de que ello responde a un problema de demanda más que a uno de carácter estructural o de crecimiento mundial. Hace notar que en el contexto actual, Estados Unidos de América es el único país que crece y además sin inflación, mientras el resto se corrige a la baja, lo que configura un escenario de mucha debilidad de crecimiento en las economías avanzadas y emergentes, con brechas que se amplían a nivel mundial, y con Estados Unidos de América que, con una tasa de crecimiento del orden de 3%, difícilmente podrá empujar al resto del mundo."
SOLO_METADATOS,6505,fa5742308ae4d2bb9e981ce8c6772bbfc3cc0aa3d8daf53795769e8c6068b3e9,2014-11-18,8606;8607;8608,Alberto Naudon Dell'Oro;Rodrigo Vergara Montes;Consejo del Banco Central de Chile,8627,Alberto Naudon Dell'Oro,CONTEXTO_REVISADO,,RPM-2014-11-18:T24,SIN_CONTINUIDAD_CONFIRMADA,,"El Gerente de División Estudios señor Alberto Naudon precede a responder las consultas y comentarios. En primer término, indica que la incertidumbre de la proyección es muy significativa, como queda de manifiesto al observar el franchart. En todo caso, comenta que la incertidumbre es menor para la inflación core, razón por la que los análisis se enfocan mayormente en esta variable y no en la inflación headline. En segundo lugar, señala que, en su opinión, no somos muy mecánicos respecto del uso de la brecha. Sobre este aspecto, manifiesta que la brecha, si bien es uno de los elementos considerados para realizar las proyecciones, no es el más importante y, por lo tanto, no determina completamente dichas proyecciones. De hecho, el utilizar los modelos MAS y MEP por separado apunta justamente a ello. El MEP es un modelo que depende mucho de la brecha, y es por ello que con este modelo la actividad e inflación son más bajas hacia adelante; el modelo MAS, en cambio, no la considera. Es más, si se calculara la brecha implícita en el MAS, esta sería positiva y, por lo tanto, la relativa baja inflación que tiene ese otro modelo no está explicada por la brecha, sino que por otros elementos. Sin perjuicio, de considerar no ser mecánicos respecto del uso de la brecha, señala que se podría avanzar en tratar de encontrar nuevos elementos y nuevas explicaciones de lo que está aconteciendo en la economía. A su juicio, es muy relevante efectuar el ejercicio de revisar en detalle lo que acontece con el IPC, atendida la importancia de entender la naturaleza de las distintas sorpresas para informar correctamente los modelos de proyección en adelante. En este sentido, plantea que es muy distinto cometer un error producto de un juicio equivocado que cometerlo por hechos exógenos identificables fácilmente y que no se repetirían en el futuro. Hace presente que el IPoM del mes de marzo, la estimación de la inflación core era de 2,8%, pero se corrigió fuertemente en el Informe siguiente hasta 3,7% debido a un error de juicio. En efecto, se consideró que las sorpresas inflacionarias negativas observadas especialmente en los meses de enero y febrero iban a ser de carácter persistente, atendidas las condiciones cíclicas de la economía en ese entonces, pero no lo fueron. Hubo un error de juicio, porque la inflación fue mayor en todos los bienes, no solamente en algunos componentes puntuales. Por el contrario, desde el mes de junio a la fecha, período en que la estimación de la inflación core se ha revisado desde 3,7 a 4,1%, hay un grado de error de juicio, pero concentrado básicamente en elementos puntuales. En su opinión, esa diferencia en la naturaleza de la sorpresa es esencial para efectos de las proyecciones del próximo IPoM. Expresa que, a diferencia de lo que ocurrió con ocasión de los Informes de junio o septiembre, las sorpresas inflacionarias, si bien son de importancia, no cambian de ninguna manera esencial el encuadre macro general."
SOLO_METADATOS,6505,fa5742308ae4d2bb9e981ce8c6772bbfc3cc0aa3d8daf53795769e8c6068b3e9,2014-11-18,8606;8607;8608,Alberto Naudon Dell'Oro;Rodrigo Vergara Montes;Consejo del Banco Central de Chile,8628,Rodrigo Vergara Montes,SUJETO_ROL_NOMBRE,,RPM-2014-11-18:T25,INICIO_EXPLICITO,,"Al no formularse otros comentarios, siendo las 13:35 horas, el Presidente señor Rodrigo Vergara suspende la presente Reunión y deja constancia que ella se reiniciará a las 16:00 horas para tratar lo referente a las opciones de política monetaria."
SOLO_METADATOS,6505,fa5742308ae4d2bb9e981ce8c6772bbfc3cc0aa3d8daf53795769e8c6068b3e9,2014-11-18,8606;8607;8608,Alberto Naudon Dell'Oro;Rodrigo Vergara Montes;Consejo del Banco Central de Chile,8629,Consejo del Banco Central de Chile,ACTA/META,META_SESION,RPM-2014-11-18:T26,INSTITUCIONAL,,"A las 16:00 horas, se reanuda la Reunión de Política Monetaria Nº 216, incorporándose a esta Sesión el Subsecretario de Hacienda señor Alejandro Micco."
ESTRUCTURAL,7063,114ed441c32c084d80d9a7ac2ac548d0219afaeee908358ba7ea16786c869b90,2015-10-15,9273,Diego Gianelli Gómez,9294,Diego Gianelli Gómez,SUJETO_NOMBRE,,RPM-2015-10-15:T21,INICIO_EXPLICITO,,"El señor Diego Gianelli señala que el reciente rechazo del presupuesto del año 2014 por parte Tribunal de Cuentas dio espacio para que la oposición o el Senado planteen un impeachment, pero no hubo quorum para ejecutarlo. Agrega que Eduardo Cunha, uno de los líderes de la oposición y Presidente de la Cámara de Diputados, estaría involucrado en un nuevo escándalo de corrupción, lo que unido a cupos cedidos a la oposición dentro del gabinete del Gobierno para ganar espacios políticos frente a un posible impeachment, harían poco probable su materialización. El señor Diego Gianelli retoma su presentación y alude a los hechos relevantes en materia de precios de commodities en el último mes. Destaca el alza del precio del petróleo, los movimientos mixtos en el resto de commodities y la dinámica disímil de los precios del cobre y petróleo. En efecto, el primero comenzó en un nivel algo mayor que el actual, disminuyó y luego se recuperó; el del petróleo, en cambio, inició el período en niveles mínimos en este ciclo, subió de manera importante y retrocedió en lo más reciente. En cuanto a las noticias que tuvieron alguna incidencia en los precios de commodities, destaca que el valor de las importaciones de cobre de China disminuyó, pero las importaciones en volúmenes físicos se mantuvieron elevadas respecto del año anterior. A título de dato más relevante del mercado del cobre, plantea que el último Informe del CRU da cuenta de correcciones a la baja en la oferta y en la demanda en todo el horizonte de proyección, que serían de mayor magnitud tratándose de la oferta por los recortes en la producción de Glencore y Escondida y llevarían a una revisión a la baja de la proyección de inventarios respecto de lo contemplado en los informes de los meses de abril y julio últimos. Hace notar que pese a estos ajustes, las proyecciones de precio para el año 2016 continúan revisándose a la baja, donde el CRU, JP Morgan y Goldman Sachs prevén que este oscilará entre los US$ 2 y U$2,10 la libra. Agrega que el citado informe da cuenta de recortes de costos de producción en el año 2016 del orden de 7,5%, por depreciación de las monedas de los países exportadores y un traspaso mayor de la caída de los precios de energía. El señor Diego Gianelli continúa con su exposición señalando que el Índice FAO de alimentos registró un aumento de 0,8% en septiembre, explicado principalmente por el alza del precio de lácteos y azúcar; que la proyección para los próximos meses es algo mayor que la consignada en la Reunión previa; y que el fenómeno climático ""El Niño"" contribuiría a contener la oferta de algunas cosechas en lo que resta del año. En lo concerniente a política monetaria, manifiesta que la visión respecto de la primera alza de tasas en Estados Unidos de América se ha ido retardando en el tiempo. En efecto, a fines del 2014 y principios del presente año, todos los bancos de inversión anticipaban el inicio del proceso de normalización para el mes de junio de este año; luego, esta visión se cambió para septiembre; y, en lo más reciente, si bien la Presidente y el Vicepresidente de la Reserva Federal, señores Janet Yellen y Stanley Fisher, respectivamente, habrían indicado cierta preferencia por su inicio en diciembre próximo, el mercado y los analistas estiman cada vez menos probable un alza durante el presente ejercicio. Consigna que uno de los argumentos aludidos por la Reserva Federal para mantener la tasa en septiembre fue la elevada volatilidad de los mercados financieros como consecuencia de los acontecimientos en China. Agrega que luego de adoptada dicha decisión y que el mercado postergara el inicio de la normalización de la política monetaria para el próximo mes de marzo, se registró un aumento récord de la volatilidad, que hoy retornó a niveles más bajos. Especial importancia atribuye a la discrepancia entre el discurso de ese organismo y la visión del mercado. En particular, los precios de mercado indican que la tasa llegaría a 0,5% a fines de 2016, mientras que la Reserva Federal la sitúa a esa fecha en un nivel superior a 1%. Asimismo, las proyecciones de la Reserva Federal respecto del nivel de la tasa para cada año se han ido moviendo a la baja, particularmente a partir del momento en que comenzó a caer el precio del petróleo, lo que estaría indicando que los efectos desinflacionarios explicarían, en parte, la mantención de la tasa de instancia por parte de ese organismo. Acota que la Reserva Federal también ha ido corrigiendo a la baja la tasa de llegada o tasa neutral. De hecho, la mediana de las proyecciones de los miembros del Board ha caído 75 puntos base desde el año 2012 a la fecha."
ESTRUCTURAL,7063,114ed441c32c084d80d9a7ac2ac548d0219afaeee908358ba7ea16786c869b90,2015-10-15,9273,Diego Gianelli Gómez,9295,Rodrigo Valdés Pulido,CONTEXTO_REVISADO,,RPM-2015-10-15:T22,SIN_CONTINUIDAD_CONFIRMADA,,"En opinión del Ministro de Hacienda señor Rodrigo Valdés, el nivel de las tasas de largo plazo no se relaciona con la evolución del precio del petróleo, sino que con la evolución de la economía china -a juicio de la Reserva Federal, el riesgo más importante­ y, en menor grado, con la apreciación del dólar."
ESTRUCTURAL,7066,19dd9e44506c0a6875b2ce88187b3d9764ad1eb79755c7213c11e0a520f0c5b9,2015-10-15,9276,Pablo García Silva,9298,Pablo García Silva,SUJETO_ROL_NOMBRE,,RPM-2015-10-15:T25,INICIO_EXPLICITO,,"El Consejero señor Pablo García consulta por los factores que explicarían el fuerte aumento de los CDS en América Latina durante la última semana, en circunstancias que el mercado pareciera estar yendo en direcciones distintas."
ESTRUCTURAL,7066,19dd9e44506c0a6875b2ce88187b3d9764ad1eb79755c7213c11e0a520f0c5b9,2015-10-15,9276,Pablo García Silva,9299,Beltrán de Ramón Acevedo,CONTEXTO_REVISADO,,RPM-2015-10-15:T26,SIN_CONTINUIDAD_CONFIRMADA,,"En opinión del Gerente de División Operaciones Financieras señor Beltrán de Ramón, el aumento de los premios por riesgo en América Latina responde a un efecto contagio de la situación por la que atraviesa la economía brasileña."
