Ciclos,ID_Padre,SHA256_Texto_Padre,Fecha,IDs_Antes,Actores_Antes,ID_Actual,Actor_Actual,Fuente_Actor,ID_Turno,Relacion_Turno,Texto_Actual
4,754,b7c4a87739ebd1dfe19eb41114f3b9e8cfd6a369d9df1f0aea88bbb9d647ed15,2006-07-13,1008;1009;1010,Vittorio Corbo Lioi;Manuel Marfán Lewis;Rodrigo Valdés Pulido,1008,Vittorio Corbo Lioi,SUJETO_ROL_NOMBRE,RPM-2006-07-13:T24,INICIO_EXPLICITO,"El Presidente señor Vittorio Corbo, ofrece la palabra a los asistentes para comentarios."
4,754,b7c4a87739ebd1dfe19eb41114f3b9e8cfd6a369d9df1f0aea88bbb9d647ed15,2006-07-13,1008;1009;1010,Vittorio Corbo Lioi;Manuel Marfán Lewis;Rodrigo Valdés Pulido,1009,Manuel Marfán Lewis,SUJETO_ROL_NOMBRE,RPM-2006-07-13:T25,INICIO_EXPLICITO,"En cuanto a los agregados monetarios, el Consejero señor Manuel Marfán señala que si los fondos mutuos son todos filiales de bancos, y se definiera el dinero como todo"
4,754,b7c4a87739ebd1dfe19eb41114f3b9e8cfd6a369d9df1f0aea88bbb9d647ed15,2006-07-13,1008;1009;1010,Vittorio Corbo Lioi;Manuel Marfán Lewis;Rodrigo Valdés Pulido,1010,Igal Magendzo Weinberger,CONTEXTO_REVISADO,RPM-2006-07-13:T26,SIN_CONTINUIDAD_CONFIRMADA,"Responde el señor Gerente de Análisis Macroeconómico, que los fondos mutuos no están dentro del M1, pero sí son parte del M2 y del M3. Por ello, señala que la información del M2 y M3 se podría modificar."
4,754,b7c4a87739ebd1dfe19eb41114f3b9e8cfd6a369d9df1f0aea88bbb9d647ed15,2006-07-13,1008;1009;1010,Vittorio Corbo Lioi;Manuel Marfán Lewis;Rodrigo Valdés Pulido,1011,Manuel Marfán Lewis,SUJETO_ROL_NOMBRE,RPM-2006-07-13:T27,INICIO_EXPLICITO,"Comenta el Consejero señor Manuel Marfán, en consecuencia, que si los fondos mutuos estuvieran dentro del sistema bancario, porque en la práctica el grueso de ellos son filiales bancarias, entonces se podría estar observando, estadísticamente, un aumento del M1 que no necesariamente corresponde a un aumento en la demanda de los agentes económicos no financieros."
4,754,b7c4a87739ebd1dfe19eb41114f3b9e8cfd6a369d9df1f0aea88bbb9d647ed15,2006-07-13,1008;1009;1010,Vittorio Corbo Lioi;Manuel Marfán Lewis;Rodrigo Valdés Pulido,1012,Rodrigo Valdés Pulido,SUJETO_ROL_SESION,RPM-2006-07-13:T28,INICIO_EXPLICITO,"El Gerente de División Estudios aclara que en las nuevas definiciones se encuentran considerados los fondos mutuos como si fuesen bancos, ya que esas son las nuevas expresiones de dinero."
2,1335,91a5d6f8e99116c167be930a64678a9a4cff64d9064dceb53b76db4aaa4cc9c7,2007-07-12,1741;1742;1743;1744;1745,Igal Magendzo Weinberger;Esteban Jadresic Marinovic;Manuel Marfán Lewis;Igal Magendzo Weinberger;Rodrigo Valdés Pulido,1743,Igal Magendzo Weinberger,SUJETO_ROL_NOMBRE,RPM-2007-07-12:T35,INICIO_EXPLICITO,"El Gerente de Análisis Macroeconómico señor Magendzo señala que no tiene certeza sobre qué habría detrás de este fenómeno, en el sentido que tendría que observar qué es lo que está sucediendo con los otros sectores de oferta, como minería en particular. Indica que supone que minería estaría en una velocidad bastante baja debido a que se adelantó la entrada en funcionamiento de minas, que se esperaba que lo hicieran en forma paulatina. Lo anterior, podría haber producido un efecto importante en la velocidad del segundo trimestre, que se atenúa hacia el tercero. Agrega que comercio también tuvo una velocidad en el segundo trimestre que no se espera que se repita en el tercero."
2,1335,91a5d6f8e99116c167be930a64678a9a4cff64d9064dceb53b76db4aaa4cc9c7,2007-07-12,1741;1742;1743;1744;1745,Igal Magendzo Weinberger;Esteban Jadresic Marinovic;Manuel Marfán Lewis;Igal Magendzo Weinberger;Rodrigo Valdés Pulido,1744,Esteban Jadresic Marinovic,SUJETO_ROL_NOMBRE,RPM-2007-07-12:T36,INICIO_EXPLICITO,"En cuanto al mismo tema del riesgo energético, el Gerente de División Operaciones Financieras señor Esteban Jadresic señala que si bien en el análisis duro, el efecto es el indicado, el efecto directo es más suave, y puede ser difícil de precisar, cree que puede deberse a expectativas de consumidores, de empresas, efectos sobre precios, impacto en las políticas, todo lo cual sumado presenta un escenario extremo, más bien incierto."
2,1335,91a5d6f8e99116c167be930a64678a9a4cff64d9064dceb53b76db4aaa4cc9c7,2007-07-12,1741;1742;1743;1744;1745,Igal Magendzo Weinberger;Esteban Jadresic Marinovic;Manuel Marfán Lewis;Igal Magendzo Weinberger;Rodrigo Valdés Pulido,1745,Manuel Marfán Lewis,SUJETO_ROL_NOMBRE,RPM-2007-07-12:T37,INICIO_EXPLICITO,"En relación al precio del trigo y de la leche, el Consejero señor Manuel Marfán señala que en el gráfico expuesto habría que presentarlo en escalas que sean comparables, ya que el precio de la leche aparece en una escala 330-690 y en el otro en una 8 veces mayor, lo que dificulta visualmente la observación del gráfico, en que la curva sería mayor a la que se percibe."
2,1335,91a5d6f8e99116c167be930a64678a9a4cff64d9064dceb53b76db4aaa4cc9c7,2007-07-12,1741;1742;1743;1744;1745,Igal Magendzo Weinberger;Esteban Jadresic Marinovic;Manuel Marfán Lewis;Igal Magendzo Weinberger;Rodrigo Valdés Pulido,1746,Igal Magendzo Weinberger,SUJETO_ROL_SESION,RPM-2007-07-12:T38,INICIO_EXPLICITO,"Sobre el particular, el Gerente de Análisis Macroeconómico agradece la consulta del Consejero señor Manuel Marfán y señala que la correlación que se ha encontrado es que la transformación de la leche en polvo en los mercados internacionales, una vez que se convierte a pesos por litro, por el tipo de cambio promedio y por un factor de conversión que entrega ODEPA, se obtiene que serían necesarios 8,4 litros de leche para un kilo de leche en polvo entera, lo que da como resultado que la leche líquida en Chile tenga un precio de $230 aproximadamente, en promedio mayor que la leche en polvo en los referidos mercados internacionales. Agrega que los costos de transporte son muy pequeños comparados con el valor del kilo de leche y que una vez exportado este producto, el proceso finaliza, en cambio para poner la leche líquida en la casa de una persona que es lo que se está midiendo en el IPC conlleva costos de comercialización, de procesamiento y otros que resultan mayores. fi"
2,1335,91a5d6f8e99116c167be930a64678a9a4cff64d9064dceb53b76db4aaa4cc9c7,2007-07-12,1741;1742;1743;1744;1745,Igal Magendzo Weinberger;Esteban Jadresic Marinovic;Manuel Marfán Lewis;Igal Magendzo Weinberger;Rodrigo Valdés Pulido,1747,Rodrigo Valdés Pulido,SUJETO_ROL_NOMBRE,RPM-2007-07-12:T39,INICIO_EXPLICITO,"El Gerente de Estudios señor Rodrigo Valdés señala que a continuación se presenta un anexo sobre implicancias y shocks recientes en proyecciones de mediano plazo. Agrega el señor Valdés que este ejercicio supone que se sube la tasa en 50 puntos base, en promedio, el segundo trimestre. Es decir, como si nos hubiéramos anticipado que en mayo se producirían shocks y nos convencimos que había que subir la tasa rápidamente y ya estaríamos en junio con una Tasa de Política Monetaria de 5,5%."
4,1858,c668fe3a84ffbe1c49fdaa321f2e8245900792d6bcb7598bb38f5c701d31ca03,2008-06-10,2514;2515;2516;2517,José De Gregorio Rebeco;Sergio Lehmann Beresi;José De Gregorio Rebeco;Sergio Lehmann Beresi,2516,José De Gregorio Rebeco,SUJETO_ROL_NOMBRE,RPM-2008-06-10:T9,INICIO_EXPLICITO,"El Presidente don José De Gregario menciona que el efecto comparación siempre es complicado puesto que no hay una medida homogénea y todos los bancos de inversión y el Fondo Monetario Internacional ponen ¡PC e ¡PC Care, y el¡PC Core que toman es derechamente el que indican las autoridades. Por ejemplo, comenta que en el caso del ¡PC Core, siempre que se mira y compara dicho indicador, y como el nuestro es muy cercano se obtiene poco, y si se compara con otros lados, es bajísimo, entonces, plantea el señor Presidente que habría que revisar detenidamente ese tema, además de la implicancia que tiene la forma cómo se reporta la información, ya que es la misma forma en todos lados. .LI I"
4,1858,c668fe3a84ffbe1c49fdaa321f2e8245900792d6bcb7598bb38f5c701d31ca03,2008-06-10,2514;2515;2516;2517,José De Gregorio Rebeco;Sergio Lehmann Beresi;José De Gregorio Rebeco;Sergio Lehmann Beresi,2517,Sergio Lehmann Beresi,CONTEXTO_REVISADO,RPM-2008-06-10:T10,SIN_CONTINUIDAD_CONFIRMADA,"Continuando con la presentación del escenario internacional, el señor Sergio Lehmann indica que en Japón la tendencia es a mayores niveles de inflación en el margen, a pesar de observarse una ligera caída por razones coyunturales, pero claramente en el caso de esta economía también se han observado mayores presiones de inflación. Indica el señor Gerente que dando una mirada a las regiones, la inflación en general tiende a acelerarse, y especialmente importante, es la aceleración que muestra la inflación en Asia, y China por cierto es una de estas economías, pero el resto de las economías también están mostrando niveles de inflación más importantes, incluso, como ya se comentó hace una semana atrás, muchas de estas economías han tendido a sacar subsidios a combustibles, como es el caso de Tailandia, Indonesia, Malasia, lo que ha tendido a presionar los niveles de precios. Ante una consulta del señor Presidente, el señor Lehmann señala que las variaciones presentadas son mensuales semestre móvil."
4,1858,c668fe3a84ffbe1c49fdaa321f2e8245900792d6bcb7598bb38f5c701d31ca03,2008-06-10,2514;2515;2516;2517,José De Gregorio Rebeco;Sergio Lehmann Beresi;José De Gregorio Rebeco;Sergio Lehmann Beresi,2518,José De Gregorio Rebeco,SUJETO_ROL_SESION,RPM-2008-06-10:T11,INICIO_EXPLICITO,"Al respecto, el señor Presidente comenta que Asia 2 cae bruscamente cuando están liberando precios."
4,1858,c668fe3a84ffbe1c49fdaa321f2e8245900792d6bcb7598bb38f5c701d31ca03,2008-06-10,2514;2515;2516;2517,José De Gregorio Rebeco;Sergio Lehmann Beresi;José De Gregorio Rebeco;Sergio Lehmann Beresi,2519,Sergio Lehmann Beresi,SUJETO_NOMBRE,RPM-2008-06-10:T12,INICIO_EXPLICITO,"En tal sentido, el señor Lehmann indica que ello explica una aceleración relativamente importante en la inflación mes a mes de Asia."
3,1923,43bc8834429e7dd1c19c068121fef592958a11556fefa8518eaa78d6c5a615c0,2008-07-10,2620;2621;2622;2623;2624;2625;2626,José De Gregorio Rebeco;Sergio Lehmann Beresi;José De Gregorio Rebeco;Sergio Lehmann Beresi;José De Gregorio Rebeco;Pablo García Silva;Sergio Lehmann Beresi,2622,José De Gregorio Rebeco,SUJETO_ROL_NOMBRE,RPM-2008-07-10:T12,INICIO_EXPLICITO,El Presidente don José De Gregorio comenta que en Brasil cayó el precio de la energía
3,1923,43bc8834429e7dd1c19c068121fef592958a11556fefa8518eaa78d6c5a615c0,2008-07-10,2620;2621;2622;2623;2624;2625;2626,José De Gregorio Rebeco;Sergio Lehmann Beresi;José De Gregorio Rebeco;Sergio Lehmann Beresi;José De Gregorio Rebeco;Pablo García Silva;Sergio Lehmann Beresi,2623,Andrés Velasco Brañes,CONTEXTO_REVISADO,RPM-2008-07-10:T13,SIN_CONTINUIDAD_CONFIRMADA,"y el señor Ministro de Hacienda agrega que en México y Perú los precios de ios combustibles están fijos en moneda local, pero que, sin embargo, la electricidad en Chile ha subido dos, tres o cuatro veces el incremento que ha experimentado en otros países."
3,1923,43bc8834429e7dd1c19c068121fef592958a11556fefa8518eaa78d6c5a615c0,2008-07-10,2620;2621;2622;2623;2624;2625;2626,José De Gregorio Rebeco;Sergio Lehmann Beresi;José De Gregorio Rebeco;Sergio Lehmann Beresi;José De Gregorio Rebeco;Pablo García Silva;Sergio Lehmann Beresi,2624,Sergio Lehmann Beresi,SUJETO_ROL_SESION,RPM-2008-07-10:T14,INICIO_EXPLICITO,"El Gerente de Análisis Internacional continúa su presentación, señalando que bajo este escenario han aumentado de manera significativa las expectativas inflacionarias. Indica que la gráfica muestra las expectativas inflacionarias en distintas regiones, incluyendo Chile y también China para 2008 y 2009, y que claramente las tendencias son, para la generalidad de los casos, inflaciones esperadas promedio para Consensos Forecast. Para Chile y América Latina, es la inflación esperada a diciembre de cada año. Para el año 2009 también se esperan aumentos de expectativas inflacionarias mucho más moderados y de hecho los niveles, como se puede apreciar en la gráfica que se exhibe, en algún grado son marginalmente más bajos. Indica el señor Lehmann que con datos de mayo probablemente, no se recogen las sorpresas inflacionarias de junio, y seguramente no se muestra el caso particular de Chile. No obstante, los aumentos de TPM en las economías desarrolladas serían menos pronunciados, como en el caso de Estados Unidos de América. Agrega que se muestran los futuros de TPM, hace un mes atrás, comparados con los que se recogen hoy día. En el caso de la Zona Euro, el cambio es un poco más marcado. En el caso de Japón no hay cambios significativos. Destaca particularmente en el caso de Estados Unidos de América, que la curva tuvo bastantes movimientos, de hecho hace dos o tres semanas atrás, probablemente si se hubiese graficado esta línea habría salido muy arriba, es decir, el mercado estaba esperando tres aumentos de TPM. Luego, a propósito de las preocupaciones en términos de actividad y también de nuevos ruidos en los mercados financieros , esto ha tendido a moderarse y hoy día las expectativas de aumento de TPM están bastante más cargadas hacia una tendencia más moderada. Indica que la gráfica muestra lo que se está viendo en materia de expectativas de tasa hoy día; lo que se estaba viendo hace un mes atrás donde está bastante marcado como posición mayoritaria una TPM en 3% en diciembre de 2008; y hoy día se está pensando entre 2 y 2,5%, con probabilidades bastante similares."
3,1923,43bc8834429e7dd1c19c068121fef592958a11556fefa8518eaa78d6c5a615c0,2008-07-10,2620;2621;2622;2623;2624;2625;2626,José De Gregorio Rebeco;Sergio Lehmann Beresi;José De Gregorio Rebeco;Sergio Lehmann Beresi;José De Gregorio Rebeco;Pablo García Silva;Sergio Lehmann Beresi,2625,José De Gregorio Rebeco,SUJETO_ROL_NOMBRE,RPM-2008-07-10:T15,INICIO_EXPLICITO,El Presidente señor José De Gregorio consulta si esta situación es posterior al último discurso de Ben Bernanke.
3,1923,43bc8834429e7dd1c19c068121fef592958a11556fefa8518eaa78d6c5a615c0,2008-07-10,2620;2621;2622;2623;2624;2625;2626,José De Gregorio Rebeco;Sergio Lehmann Beresi;José De Gregorio Rebeco;Sergio Lehmann Beresi;José De Gregorio Rebeco;Pablo García Silva;Sergio Lehmann Beresi,2626,Sergio Lehmann Beresi,ANAFORA_LOCAL,RPM-2008-07-10:T16,SIN_CONTINUIDAD_CONFIRMADA,"Al respecto el señor Gerente indica que estos valores son spot, 9 de junio y 9 de julio."
3,1923,43bc8834429e7dd1c19c068121fef592958a11556fefa8518eaa78d6c5a615c0,2008-07-10,2620;2621;2622;2623;2624;2625;2626,José De Gregorio Rebeco;Sergio Lehmann Beresi;José De Gregorio Rebeco;Sergio Lehmann Beresi;José De Gregorio Rebeco;Pablo García Silva;Sergio Lehmann Beresi,2627,José De Gregorio Rebeco,SUJETO_NOMBRE,RPM-2008-07-10:T17,INICIO_EXPLICITO,"El señor De Gregorio indica que en dicho discurso el señor Bernanke señaló que sería incoherente seguir dando líneas especiales de liquidez y estar subiendo tasas y como dice en otra parte de su discurso, estas líneas especiales de liquidez van a llegar hasta final de año."
3,1923,43bc8834429e7dd1c19c068121fef592958a11556fefa8518eaa78d6c5a615c0,2008-07-10,2620;2621;2622;2623;2624;2625;2626,José De Gregorio Rebeco;Sergio Lehmann Beresi;José De Gregorio Rebeco;Sergio Lehmann Beresi;José De Gregorio Rebeco;Pablo García Silva;Sergio Lehmann Beresi,2628,Pablo García Silva,SUJETO_ROL_SESION,RPM-2008-07-10:T18,INICIO_EXPLICITO,"El Gerente de División Estudios comenta que el ECS piensa lo contrario. En el caso del ECS, señala el señor Gerente que el mercado tiene incorporado de todas formas una probabilidad casi completa de un aumento final hacia fin de año en su Tasa de Política Monetaria. Indica que las tasas largas en Estados Unidos de América se han ajustado a la baja más por preocupaciones que por crecimiento, pero que también hubo cierta volatilidad en el mercado. Hoy día, menciona el señor Gerente, si se compara con la tasa de hace un mes atrás, la tasa larga ha caído 30 puntos base, pero en algún momento hace unas tres o cuatro semanas atrás, la tasa estaba claramente más alta y posteriormente, a propósito de las preocupaciones por actividad y nuevos ruidos en los mercados financieros, ha tenido una caída importante."
3,1923,43bc8834429e7dd1c19c068121fef592958a11556fefa8518eaa78d6c5a615c0,2008-07-10,2620;2621;2622;2623;2624;2625;2626,José De Gregorio Rebeco;Sergio Lehmann Beresi;José De Gregorio Rebeco;Sergio Lehmann Beresi;José De Gregorio Rebeco;Pablo García Silva;Sergio Lehmann Beresi,2629,Sergio Lehmann Beresi,SUJETO_NOMBRE,RPM-2008-07-10:T19,INICIO_EXPLICITO,"Agrega el señor Lehmann que las compensaciones inflacionarias que se muestran graficadas están relativamente estables, pero en el margen. Indica que si se observa la ajustada en particular, tiene una ligera tendencia hacia el alza en las últimas dos semanas . Menciona el señor Gerente que en el caso de Europa hubo bastante más ruido, incluso en algún momento hubo una expectativa de un ECS más hawkish, más duro en materia inflacionaria, pero tras el aumento de 25 puntos base de algunas semanas atrás, y a una lectura un poco más dovish de la actitud que pudiese tener el Sanco Central Europeo en materia de tasas a propósito nuevamente de la incertidumbre en materia de actividad , la tasa tendió a devolverse 9 puntos base si uno compara con la cifra de hace un mes atrás. En el caso de Japón, comenta el señor Gerente que hay una marcada preocupación por actividad, lo que está en línea con lo que se presentó en algunas láminas anteriores , y que por ello la tasa ha tendido a caer. Indica el señor Gerente que las paridades han tenido también cierta volatilidad. En términos netos, se observa una cierta depreciación del Dólar, en línea con expectativas un poco más moderadas en materia de aumento de tasas, lo que ha sido relativamente generalizado particularmente en la Zona Euro. Señala que en el margen ha habido también una cierta depreciación respecto a monedas de economías emergentes. Indica que se tiene un promedio de una canasta más o menos amplia y que el Dólar ha tendido tamb ién en el margen a depreciarse. Menciona el señor Gerente que las bolsas han tendido a caer, en línea con la mayor preocupación por actividad y señala que también hay percepciones de un riesgo algo mayor en los mercados financieros. Indica que en la gráfica se muestran las bolsas emergentes que caen de manera muy pronunciada; las bolsas en economías desarrolladas han tenido alguna recuperación en el margen, pero probablemente la tendencia es bien marcada, bien clara durante el mes, y los spreads, particularmente los EMBI Global han aumentado, y los spreads de High Yield, de empresas con baja clasificación de riesgo en Estados Unidos de América, también han aumentado de manera importante. Comenta el señor Gerente que en la gráfica que se exhibe se observa que en materia de percepciones de riesgo respecto a los bancos, destaca el hecho que ha habido un aumento del riesgo percibido. El CDS de bancos en Estados Unidos de América aumenta claramente y lo mismo sucede para bancos del Reino Unido y Europa. Agrega el señor Gerente que, en términos de riesgo, no se está para nada todavía cercanos a los niveles que se percibían hace algún tiempo atrás, pero claramente ha habido un aumento importante. Los premios por liquidez, agrega el Gerente señor Lehmann, se mantienen estables en el caso de Estados Unidos de América , ayudados por cierto con las declaraciones del Presidente de la Reserva Federal y por el compromiso que dicha Institución ha manifestado en materia de ayuda a los mercados financieros, pero en el margen los spreads en términos de liquidez se observan algo más altos. En el caso de Europa han tendido más bien a moderarse, a bajar. Señala que la curva ha tenido de todas maneras algún movimiento importante durante el mes, de acuerdo a noticias que van verificándose. Señala el señor Gerente que los movimientos negativos que se aprecian son generalizados en las economías emergentes y desarrolladas. Comenta que hay bolsas que caen. La gráfica muestra el movimiento en bolsas desde el IPoM y en otra columna , desde la última Reunión de Política Monetaria, y claramente este movimiento ha sido negativo. Destaca especialmente el señor Lehmann la caída en la bolsa de Nueva Zelanda yen la bolsa China. Ante una consulta del Presidente señor José De Gregario, el señor Lehman indica que estas caídas son en moneda local. Agrega además, que los spreads CDS han tendido a aumentar de manera importante en prácticamente todas las economías emergentes. Menciona que la caída de los precios de activos en las econom ías emergentes responde a salidas de capital. Señala que la gráfica muestra los flujos acumulados en doce meses por región y en todas se aprecia, con la excepción de Europa emergente, que están bastante estables, pero se observan salidas de capital en Asia, en América Latina y en el grupo de economías emergentes . Respecto a los commodities, comenta el señor Gerente que sus precios han tendido a aumentar. Muestra en la gráfica aumentos en el precio del petróleo de 5%, cobre 8% y granos en torno a 10%. Respecto al mercado del petróleo, señala que éste continúa estrecho. El señor Gerente muestra en la gráfica el desbalance del mercado del petróleo. Destaca la columna que señala consumo menos producción y comenta que se ha ido acumulando sistemáticamente un desbalance. Por lo tanto, este déficit se ha estado supliendo fundamentalmente con inventarios. Esa situación ha estado detrás del empuje del precio del petróleo y el hecho que se haya sostenido en niveles relativamente altos se explica por una oferta mundial que ha tendido a caer. El último dato que se tiene disponible es a junio reciente , y por cierto, está por debajo de lo que se observaba hace algunos meses atrás. No obstante, la demanda también ha tendido a ajustarse, pero el balance sigue siendo muy estrecho, más bien cero si uno proyectara para 2009, lo que ha permitido sostener el precio en niveles inesperadamente altos. Los futuros, comenta el señor Gerente, apuntan hacia precios elevados, contrario a la convergencia a valores bajos que se indicaba hace algunos años atrás. Indica que la gráfica que se exhibe muestra la evolución del precio del petróleo dólar por barril desde 1984 hasta hoy día; y que también se muestra en el margen qué está pasando con los futuros que aparecen claramente estables. Comenta el señor Gerente que a mediados de la década, los precios futuros tendían más bien a converger. Señala que ese es un argumento que se ha observado por parte de algunos analistas: converger hacia niveles más bajos. Menciona el señor Gerente que hoy día se tiende a pensar en precios que se sostienen en niveles extraordinariamente elevados, probablemente porque hay factores de demanda que han estado detrás de esta evolución, tal vez menos marcadamente que en el pasado y que probablemente, si se observara en los años 90, se vería algo parecido. Indica el señor Gerente que la función de distribución del precio del petróleo en este contexto ha tendido a moverse hacia precios más altos y en línea con ese hecho, también los precios de largo plazo han tendido a aumentar. Comenta que lo que se exhibe son los precios de largo plazo que se recogen de Consensus Forecast, Deutsche Bank, Merril Lynch y Barclays."
2,2514,de6365639352e8f20e9a47f6bd42c1ecdb1554bf6ddce0a3d348144ad7677842,2009-05-07,3495,Pablo García Silva,3498,Pablo García Silva,SUJETO_ROL_NOMBRE,RPM-2009-05-07:T17,INICIO_EXPLICITO,El Gerente de División Estudios señor Pablo García complementa indicando que se trata en todo caso de información que comprende los movimientos de un conjunto amplio de fondos que dan cuenta o reportan sus posiciones.
2,2514,de6365639352e8f20e9a47f6bd42c1ecdb1554bf6ddce0a3d348144ad7677842,2009-05-07,3495,Pablo García Silva,3499,Kevin Cowan Logan,SUJETO_ROL_NOMBRE,RPM-2009-05-07:T18,INICIO_EXPLICITO,"El Gerente División Política Financiera señor Kevin Cowan señala que, no obstante tratarse de información emanada de sólo una parte de los fondos de inversión, lo cierto es que tiene una correlación a frecuencia trimestral bastante alta con el subconjunto respectivo de flujos de capitales que inyectan los fondos de inversión a las economías emergentes, de manera que es una muestra representativa."
3,2555,87f91292fa7a7a4e9c3b127208f35fc4f40ffd63501d876480ebe9fcd5f099c7,2009-06-16,3567;3568;3569;3570,Enrique Marshall Rivera;Manuel Marfán Lewis;Pablo García Silva;Sergio Lehmann Beresi,3571,Enrique Marshall Rivera,SUJETO_ROL_NOMBRE,RPM-2009-06-16:T5,INICIO_EXPLICITO,"El Consejero señor Enrique Marshall consulta si en el caso de Chile las importaciones de bienes de capital también están aumentando,"
3,2555,87f91292fa7a7a4e9c3b127208f35fc4f40ffd63501d876480ebe9fcd5f099c7,2009-06-16,3567;3568;3569;3570,Enrique Marshall Rivera;Manuel Marfán Lewis;Pablo García Silva;Sergio Lehmann Beresi,3572,Manuel Marfán Lewis,SUJETO_ROL_NOMBRE,RPM-2009-06-16:T6,INICIO_EXPLICITO,a lo cual el Consejero Manuel Marfán comenta que ellas están rebotando más que subiendo
3,2555,87f91292fa7a7a4e9c3b127208f35fc4f40ffd63501d876480ebe9fcd5f099c7,2009-06-16,3567;3568;3569;3570,Enrique Marshall Rivera;Manuel Marfán Lewis;Pablo García Silva;Sergio Lehmann Beresi,3573,Jorge Desormeaux Jiménez,CONTEXTO_REVISADO,RPM-2009-06-16:T7,SIN_CONTINUIDAD_CONFIRMADA,"y el Vicepresidente, señor Jorge Desormeaux, agrega que, medidas en doce meses, dichas importaciones continúan cayendo."
3,2555,87f91292fa7a7a4e9c3b127208f35fc4f40ffd63501d876480ebe9fcd5f099c7,2009-06-16,3567;3568;3569;3570,Enrique Marshall Rivera;Manuel Marfán Lewis;Pablo García Silva;Sergio Lehmann Beresi,3574,Pablo García Silva,SUJETO_ROL_SESION,RPM-2009-06-16:T8,INICIO_EXPLICITO,"El Gerente de División Estudios concluye el intercambio de opiniones sobre este punto explicando que, luego de la fuerte caída que se produjo en marzo, se observa un rebote."
3,2555,87f91292fa7a7a4e9c3b127208f35fc4f40ffd63501d876480ebe9fcd5f099c7,2009-06-16,3567;3568;3569;3570,Enrique Marshall Rivera;Manuel Marfán Lewis;Pablo García Silva;Sergio Lehmann Beresi,3575,Sergio Lehmann Beresi,SUJETO_ROL_SESION,RPM-2009-06-16:T9,INICIO_EXPLICITO,"El Gerente de Análisis Internacional reanuda su exposición indicando que las expectativas de las empresas continúan mostrando mejoras en general, así como también las de los consumidores, particularmente en algunas economías de Asia, mientras que en Estados Unidos, si bien se registran signos de recuperación, estos todavía alcanzan niveles muy por debajo de lo normal, dando cuenta de una debilidad de la economía y del mercado laboral, que explican, además, la baja en el consumo. Agrega, que el gasto real tiene alguna correlación importante con la creación de empleo y que, aun cuando esta última continúa registrando una caída, no ha sido de la magnitud de la observada en meses anteriores. Ello ha incidido, en cierto grado y de manera positiva, en las expectativas del mercado, aunque claramente se aprecia aún una situación de alta debilidad."
3,2576,f67e13fe2661a51169488c061e3e559f72aa33aeeab04a5dd9286e589006453e,2009-06-16,3611;3612,Manuel Marfán Lewis;Kevin Cowan Logan,3616,Manuel Marfán Lewis,SUJETO_ROL_NOMBRE,RPM-2009-06-16:T49,INICIO_EXPLICITO,"El Consejero señor Manuel Marfán consulta si lo expuesto podría interpretarse en términos que la política monetaria pudiera ser también menos expansiva de lo que refleja la tasa de interés,"
3,2576,f67e13fe2661a51169488c061e3e559f72aa33aeeab04a5dd9286e589006453e,2009-06-16,3611;3612,Manuel Marfán Lewis;Kevin Cowan Logan,3617,José De Gregorio Rebeco,CONTEXTO_REVISADO,RPM-2009-06-16:T50,SIN_CONTINUIDAD_CONFIRMADA,en tanto el Presidente señor José De Gregorio pregunta acerca de si el MI crece menos que lo que estimaría la demanda.
3,2576,f67e13fe2661a51169488c061e3e559f72aa33aeeab04a5dd9286e589006453e,2009-06-16,3611;3612,Manuel Marfán Lewis;Kevin Cowan Logan,3618,Kevin Cowan Logan,SUJETO_NOMBRE,RPM-2009-06-16:T51,INICIO_EXPLICITO,"En relación con las variaciones de las colocaciones, el Gerente de División Política Monetaria, señor Kevin Cowan, expresa dos comentarios: en primer término, que la encuesta que se presentó el jueves anterior a consideración del Consejo se efectuó en marzo pasado y se refiere a las condiciones del primer trimestre, por lo que el repunte que se observa en los meses de abril y mayo puede deberse a un cierto cambio en las condiciones; y, en segundo lugar, que en el caso particular de las colocaciones para la vivienda, el que se estén mostrando cifras nominales podría estar escondiendo un alza en la Unidad de Fomento, por cuanto estos préstamos son reajustables."
3,2583,105634b0b84cf0d7ba5bc9c6bb568cb655251f608fbd0f799fba7e5e16bbb0df,2009-06-16,3621;3622;3623;3624;3625,José De Gregorio Rebeco;Claudio Soto Gamboa;José De Gregorio Rebeco;Kevin Cowan Logan;Claudio Soto Gamboa,3627,José De Gregorio Rebeco,SUJETO_ROL_NOMBRE,RPM-2009-06-16:T60,INICIO_EXPLICITO,"El Presidente señor José De Gregorio consulta por la magnitud de la corrección trimestre a trimestre,"
3,2583,105634b0b84cf0d7ba5bc9c6bb568cb655251f608fbd0f799fba7e5e16bbb0df,2009-06-16,3621;3622;3623;3624;3625,José De Gregorio Rebeco;Claudio Soto Gamboa;José De Gregorio Rebeco;Kevin Cowan Logan;Claudio Soto Gamboa,3628,Claudio Soto Gamboa,SUJETO_NOMBRE,RPM-2009-06-16:T61,INICIO_EXPLICITO,a lo cual el señor Soto responde que es de -4 puntos
3,2583,105634b0b84cf0d7ba5bc9c6bb568cb655251f608fbd0f799fba7e5e16bbb0df,2009-06-16,3621;3622;3623;3624;3625,José De Gregorio Rebeco;Claudio Soto Gamboa;José De Gregorio Rebeco;Kevin Cowan Logan;Claudio Soto Gamboa,3629,Pablo García Silva,CONTEXTO_REVISADO,RPM-2009-06-16:T62,SIN_CONTINUIDAD_CONFIRMADA,"y el Gerente de División Estudios, señor Pablo García, complementa lo expresado indicando que el efecto en el nivel es de 1% y que anualizado es de -4,4%."
3,2583,105634b0b84cf0d7ba5bc9c6bb568cb655251f608fbd0f799fba7e5e16bbb0df,2009-06-16,3621;3622;3623;3624;3625,José De Gregorio Rebeco;Claudio Soto Gamboa;José De Gregorio Rebeco;Kevin Cowan Logan;Claudio Soto Gamboa,3630,José De Gregorio Rebeco,SUJETO_ROL_NOMBRE,RPM-2009-06-16:T63,INICIO_EXPLICITO,"El Presidente señor José De Gregorio reitera su consultar en cuanto solicita la cifra absoluta,"
3,2583,105634b0b84cf0d7ba5bc9c6bb568cb655251f608fbd0f799fba7e5e16bbb0df,2009-06-16,3621;3622;3623;3624;3625,José De Gregorio Rebeco;Claudio Soto Gamboa;José De Gregorio Rebeco;Kevin Cowan Logan;Claudio Soto Gamboa,3631,Kevin Cowan Logan,SUJETO_NOMBRE,RPM-2009-06-16:T64,INICIO_EXPLICITO,"a lo cual el señor Kevin Cowan responde que es de 0,2%, según el IPoM."
3,2583,105634b0b84cf0d7ba5bc9c6bb568cb655251f608fbd0f799fba7e5e16bbb0df,2009-06-16,3621;3622;3623;3624;3625,José De Gregorio Rebeco;Claudio Soto Gamboa;José De Gregorio Rebeco;Kevin Cowan Logan;Claudio Soto Gamboa,3632,Claudio Soto Gamboa,SUJETO_ROL_SESION,RPM-2009-06-16:T65,INICIO_EXPLICITO,"El Gerente de Análisis Macroeconómico manifiesta que sería de -1,5% anualizado, pero que por un efecto de cambio de factores no resultaría extraño que en unos meses se obtenga que la corrección fuera positiva. Agrega, que parte de la corrección del tercer trimestre al alza se debe a la producción de recursos naturales, especialmente pesca, así como a otros sectores resto, mientras que industria, comercio, construcción, agricultura y una parte de servicios se están corrigiendo a la baja. Señala, que la primera corrección disponible a nivel desagregado para el tercer trimestre da un crecimiento de -1,1%, versus el -0,1% del último IPoM, el que, a su vez, se obtuvo de los modelos que no consideran la segregación sectorial. Indica también, que hay una corrección de la demanda a la baja, fundamentalmente por una corrección de inventarios y una leve corrección al alza del consumo por la dinámica propia de los bienes durables. Con todo, agrega que la proyección disponible supone que habrá un aumento de velocidades positivas en el tercer trimestre, tanto en los sectores resto como en el de recursos naturales."
3,2608,9be87c4bedff1acd74d3960aa69b54e1f9c5099b04d017c829b72ebcc03f9cd3,2009-07-09,3661;3662;3663;3664;3665;3666,Sergio Lehmann Beresi;Andrés Velasco Brañes;Sergio Lehmann Beresi;Andrés Velasco Brañes;Jorge Desormeaux Jiménez;Sergio Lehmann Beresi,3668,Sergio Lehmann Beresi,SUJETO_ROL_SESION,RPM-2009-07-09:T6,INICIO_EXPLICITO,"El Gerente de Análisis Internacional prosigue con su presentación, mencionando que los cambios en materia de crecimiento son bastante marginales para el año 2009, ya que sólo se aprecia una economía algo menos negativa respecto del mes anterior. De acuerdo con lo que él expresa, los cambios más importantes se darían probablemente en el año 2010 y que, quizás, la mayor discrepancia viene de Estados Unidos y Europa. Al respecto, informa que el Fondo Monetario Internacional entregó una proyección de 0,8% el día anterior, cifra que está más bien en la parte más baja de las proyecciones, y de -0,3% para Europa, mientras que algunos bancos de inversión, particularmente el JPMorgan, están proyectando un crecimiento para Estados Unidos en torno a 2,5%, e incluso mayor, y también un panorama más positivo para Europa. En opinión del señor Lehmann, de la muestra de entidades que la Gerencia considera para estos efectos, el Fondo Monetario Internacional es la única que todavía proyecta caídas en el PIB de Europa para el próximo año."
3,2608,9be87c4bedff1acd74d3960aa69b54e1f9c5099b04d017c829b72ebcc03f9cd3,2009-07-09,3661;3662;3663;3664;3665;3666,Sergio Lehmann Beresi;Andrés Velasco Brañes;Sergio Lehmann Beresi;Andrés Velasco Brañes;Jorge Desormeaux Jiménez;Sergio Lehmann Beresi,3669,Andrés Velasco Brañes,SUJETO_ROL_SESION,RPM-2009-07-09:T7,INICIO_EXPLICITO,"Sobre este aspecto, el señor Ministro de Hacienda manifiesta que, dado que se sabe que los crecimientos son promedio contra promedio, cuando este cae en un año y se quiere que el del año siguiente suba, tiene que haber un incremento significativo en las velocidades para que ello ocurra. En este sentido, destaca precisamente lo informado por el WEO el día anterior, esto es, el 8 de julio, que señala que la tasa de crecimiento de casi todos los países cae en el año 2009 y sube para el próximo año. En su opinión, la aceleración necesaria para que eso acontezca es de gran magnitud, por lo que es dable tener alguna duda respecto de qué tan factible es el escenario descrito por el Fondo Monetario Internacional."
3,2608,9be87c4bedff1acd74d3960aa69b54e1f9c5099b04d017c829b72ebcc03f9cd3,2009-07-09,3661;3662;3663;3664;3665;3666,Sergio Lehmann Beresi;Andrés Velasco Brañes;Sergio Lehmann Beresi;Andrés Velasco Brañes;Jorge Desormeaux Jiménez;Sergio Lehmann Beresi,3670,Sergio Lehmann Beresi,SUJETO_ROL_SESION,RPM-2009-07-09:T8,INICIO_EXPLICITO,"El Gerente de Análisis Internacional concuerda con lo expresado por el señor Velasco, indicando que, efectivamente, tiene que producirse un aumento muy importante en las velocidades y que ello está implícito en las proyecciones actuales de la Gerencia."
3,2608,9be87c4bedff1acd74d3960aa69b54e1f9c5099b04d017c829b72ebcc03f9cd3,2009-07-09,3661;3662;3663;3664;3665;3666,Sergio Lehmann Beresi;Andrés Velasco Brañes;Sergio Lehmann Beresi;Andrés Velasco Brañes;Jorge Desormeaux Jiménez;Sergio Lehmann Beresi,3671,Andrés Velasco Brañes,SUJETO_NOMBRE,RPM-2009-07-09:T9,INICIO_EXPLICITO,"El señor Velasco acota que para que eso sea posible, el crecimiento debe ser de dos dígitos, por lo menos,"
3,2608,9be87c4bedff1acd74d3960aa69b54e1f9c5099b04d017c829b72ebcc03f9cd3,2009-07-09,3661;3662;3663;3664;3665;3666,Sergio Lehmann Beresi;Andrés Velasco Brañes;Sergio Lehmann Beresi;Andrés Velasco Brañes;Jorge Desormeaux Jiménez;Sergio Lehmann Beresi,3672,Jorge Desormeaux Jiménez,SUJETO_ROL_SESION,RPM-2009-07-09:T10,INICIO_EXPLICITO,"a lo cual el señor Vicepresidente añade que, de acuerdo a algunos bancos de inversión, China ya estarla creciendo a más de 10% a tasa secuencial en el segundo trimestre,"
3,2608,9be87c4bedff1acd74d3960aa69b54e1f9c5099b04d017c829b72ebcc03f9cd3,2009-07-09,3661;3662;3663;3664;3665;3666,Sergio Lehmann Beresi;Andrés Velasco Brañes;Sergio Lehmann Beresi;Andrés Velasco Brañes;Jorge Desormeaux Jiménez;Sergio Lehmann Beresi,3673,Sergio Lehmann Beresi,CONTEXTO_REVISADO,RPM-2009-07-09:T11,SIN_CONTINUIDAD_CONFIRMADA,"y el señor Lehmann agrega que China es la economía que está liderando las proyecciones hacia el alza e impulsando particularmente el crecimiento en Asia, y que ello es coherente con lo que están proyectando también el Fondo Monetario Internacional y los bancos de inversión. En materia de inflación, el señor Lehmann señala que las proyecciones o las expectativas para el promedio correspondientes a los años 2009 y 2010 se han estabilizado relativamente, mientras que los registros spot siguen cayendo. El Gerente de Análisis Internacional informa, a continuación, que las primas por liquidez en Estados Unidos y Europa han seguido cayendo, aunque aún no alcanzan los niveles pre crisis. Agrega, que las primas por liquidez correspondientes a plazos más largos registran caídas más pronunciadas, en tanto que las que exhibe Estados Unidos a un mes son relativamente estables. En relación con las tasas de interés, el señor Lehmann indica que las de mediano y largo plazo de economías desarrolladas han estado cayendo, particularmente en Estados Unidos, donde la tasa a 10 años ha registrado una baja realmente importante respecto de la última RPM, que alcanza a 30 puntos base aproximadamente, disminución algo similar a la experimentada por la tasa a 2 años, lo que da cuenta de que la pendiente de la curva de rendimiento está relativamente estable. En cuanto a la tasa efectiva interbancaria overnight, el Gerente menciona que ella está muy cerca del rango establecido por el FED, esto es, en una cifra muy cercana a cero. En el caso de Europa, continúa, existe mayor variabilidad en la tasa interbancaria y caídas realmente importantes en las tasas de largo plazo y las a 2 años plazo, lo cual obedecería, fundamentalmente, a un mayor apetito por comprar bonos de los Estados Unidos. De hecho, agrega, se han observado demandas mucho mayores que lo anticipado, que han estado llevando las tasas a niveles muy bajos, y que detrás de ello podrían existir, además, elementos asociados a dudas respecto de la evolución de la economía en adelante, lo que también se ha traspasado al mercado, reflejándose en el mercado bursátil. Prosigue el señor Lehmann refiriéndose ahora a la tasa efectiva que la Gerencia de Análisis Internacional está proyectando, la que evidencia la existencia de una brecha entre esta y la estimada."
2,2624,68b0e2fd9ba820095d05d97e01d443a03192ba6f72b201723023239c40be1f63,2009-07-09,3710;3711;3712,Andrés Velasco Brañes;Claudio Soto Gamboa;José De Gregorio Rebeco,3717,Andrés Velasco Brañes,SUJETO_ROL_SESION,RPM-2009-07-09:T53,INICIO_EXPLICITO,"El Ministro de Hacienda comenta que si la información anterior se descompone entre bienes industriales de consumo final versus insumos, existe algún patrón. Afirma, que la gran acumulación de existencias ha ocurrido en la industria metalmecánica que le vende a la industria del cobre, la que actualmente registra una baja inversión o respecto de los productores cuyos bienes se comercializan en supermercados. Agrega, que en este aspecto podrían existir algunas claves, porque el comportamiento de la demanda inducida obviamente va a ser distinto del de la demanda final, en otras palabras, el consumo se va a recuperar más rápido que la inversión."
2,2624,68b0e2fd9ba820095d05d97e01d443a03192ba6f72b201723023239c40be1f63,2009-07-09,3710;3711;3712,Andrés Velasco Brañes;Claudio Soto Gamboa;José De Gregorio Rebeco,3718,Claudio Soto Gamboa,SUJETO_ROL_SESION,RPM-2009-07-09:T54,INICIO_EXPLICITO,"Prosiguiendo con la presentación del escenario interno, el señor Gerente de Análisis Macroeconómico informa que la tasa de desempleo llegó a 10,2% en mayo y que 9,% es el dato desestacionalizado, lo que se explica tanto por una caída adicional en la tasa de crecimiento del empleo como por una tasa de crecimiento de la fuerza de trabajo que retrocede levemente respecto del trimestre móvil previo, pero que, de todas maneras, continúa a tasas de crecimiento más elevadas que las de los últimos promedios móviles de los meses anteriores. Destaca, que resulta relevante la desaceleración adicional del empleo en el margen, porque en el trimestre móvil anterior se había observado que la desaceleración del empleo tendía a cero. Respecto de los salarios, el señor Claudio Soto indica que estos exhiben una tasa de variación estable en los últimos meses, por lo que la tasa de variación interanual de los salarios de los CMU ha seguido una tendencia decreciente en el tiempo. Añade, que los salarios reales exhiben un repunte relevante en el mes de mayo, dados los registros de inflación que se han registrado. En cuanto al dato de IPC, el Gerente de Análisis Macroeconómico informa que las variaciones anuales son inferiores al rango de tolerancia, ya que el registro de junio fue de 1.9% en tanto que la inflación mes a mes fue positiva por primera vez en tres meses. Hace presente, que en todo caso, los indicadores subyacentes, como el IPCX1, tuvieron variaciones negativas en el mes, de -0,2%. A una consulta formulada por el Ministro de Hacienda, el señor Claudio Soto responde que el IPC en doce meses alcanzó a estar solo un mes dentro de la banda,"
2,2624,68b0e2fd9ba820095d05d97e01d443a03192ba6f72b201723023239c40be1f63,2009-07-09,3710;3711;3712,Andrés Velasco Brañes;Claudio Soto Gamboa;José De Gregorio Rebeco,3719,José De Gregorio Rebeco,SUJETO_ROL_NOMBRE,RPM-2009-07-09:T55,INICIO_EXPLICITO,"a lo cual el Presidente señor José De Gregorio agregó que el Banco considera que el promedio sea de 3%, por lo que habría que compensar un 9,9%."
2;3,2818,828325324617efc79af0035732c4aad81e99c35c4e35243c97243953ff4a81fe,2009-12-15,4068;4069;4070;4071;4072;4073;4074;4075,Claudio Soto Gamboa;Manuel Marfán Lewis;Claudio Soto Gamboa;Enrique Marshall Rivera;Claudio Soto Gamboa;Enrique Marshall Rivera;Claudio Soto Gamboa;José De Gregorio Rebeco,4075,Claudio Soto Gamboa,SUJETO_NOMBRE,RPM-2009-12-15:T31,INICIO_EXPLICITO,"El señor Claudio Soto retoma su presentación, señalando que por el lado de la demanda también hay una corrección a la baja para el año y que lo más importante es que hay una corrección a la baja en inversión asociada a la sorpresiva e importante reducción de existencias en el tercer trimestre. Añade que, sobre la base de la información mensual de producción y ventas, se estima que la recuperación de la actividad de este trimestre y el próximo se daría con aumentos moderados en la velocidad del PIB. Informa, asimismo, que la velocidad del cuarto trimestre está en línea con la velocidad del PIB potencial y que la del primer trimestre de 2010 está algo por sobre ella. Hace notar también que si se revisan las velocidades históricas, y partiendo de niveles bastantes bajos, hoy se están observando velocidades no muy superiores a ellas, razón por la cual se habla ahora de velocidades moderadas. Agrega que la dinámica para la variación de existencias que está implícita en estas proyecciones abre un foco de incertidumbre respecto de la velocidad deseada, ya que se podría dar que la variación de existencias deje de caer este trimestre o el próximo y se produzca un rebote hacia marzo del próximo año. Ese es uno de los focos de preguntas que abre este semestre, anticipa."
2;3,2818,828325324617efc79af0035732c4aad81e99c35c4e35243c97243953ff4a81fe,2009-12-15,4068;4069;4070;4071;4072;4073;4074;4075,Claudio Soto Gamboa;Manuel Marfán Lewis;Claudio Soto Gamboa;Enrique Marshall Rivera;Claudio Soto Gamboa;Enrique Marshall Rivera;Claudio Soto Gamboa;José De Gregorio Rebeco,4076,Manuel Marfán Lewis,SUJETO_NOMBRE,RPM-2009-12-15:T32,INICIO_EXPLICITO,"Al respecto, el señor Manuel Marfán sostiene que todo depende de cómo se defina velocidad histórica, ya que si se la define como la velocidad a la cual se sale de las recesiones, esa velocidad es bajísima. Añade que Chile normalmente ha salido rápido de las recesiones con velocidades muy altas, y que, incluso, en el año 1999 y en años previos, estas fueron muy altas, por lo que se puede afirmar que las actuales corresponden más bien a una salida moderada."
2;3,2818,828325324617efc79af0035732c4aad81e99c35c4e35243c97243953ff4a81fe,2009-12-15,4068;4069;4070;4071;4072;4073;4074;4075,Claudio Soto Gamboa;Manuel Marfán Lewis;Claudio Soto Gamboa;Enrique Marshall Rivera;Claudio Soto Gamboa;Enrique Marshall Rivera;Claudio Soto Gamboa;José De Gregorio Rebeco,4077,Enrique Marshall Rivera,CONTEXTO_REVISADO,RPM-2009-12-15:T33,SIN_CONTINUIDAD_CONFIRMADA,"Esa moderación se refiere a la actividad real del PIB, sostiene el señor Enrique Marshall, ya que si se observa la demanda, no parece tan moderada."
2;3,2818,828325324617efc79af0035732c4aad81e99c35c4e35243c97243953ff4a81fe,2009-12-15,4068;4069;4070;4071;4072;4073;4074;4075,Claudio Soto Gamboa;Manuel Marfán Lewis;Claudio Soto Gamboa;Enrique Marshall Rivera;Claudio Soto Gamboa;Enrique Marshall Rivera;Claudio Soto Gamboa;José De Gregorio Rebeco,4078,Claudio Soto Gamboa,SUJETO_NOMBRE,RPM-2009-12-15:T34,INICIO_EXPLICITO,El señor Claudio Soto reitera que la reversión de las tasas de crecimiento en el escenario actual es muy parecida a lo que ocurrió en el año 1999 post crisis.
2;3,2818,828325324617efc79af0035732c4aad81e99c35c4e35243c97243953ff4a81fe,2009-12-15,4068;4069;4070;4071;4072;4073;4074;4075,Claudio Soto Gamboa;Manuel Marfán Lewis;Claudio Soto Gamboa;Enrique Marshall Rivera;Claudio Soto Gamboa;Enrique Marshall Rivera;Claudio Soto Gamboa;José De Gregorio Rebeco,4079,Enrique Marshall Rivera,SUJETO_NOMBRE,RPM-2009-12-15:T35,INICIO_EXPLICITO,"El señor Marshall agrega que la actividad se sigue mostrando débil y que antes de la crisis, esta y las importaciones ya lo eran. En su opinión, lo que va a empujar la actividad será la situación de la inversión y la recuperación de los durables, variables que tienen un fuerte componente importado, por lo que en la salida se va a observar un aumento significativo en las importaciones. Esa va a ser la señal, afirma."
2;3,2818,828325324617efc79af0035732c4aad81e99c35c4e35243c97243953ff4a81fe,2009-12-15,4068;4069;4070;4071;4072;4073;4074;4075,Claudio Soto Gamboa;Manuel Marfán Lewis;Claudio Soto Gamboa;Enrique Marshall Rivera;Claudio Soto Gamboa;Enrique Marshall Rivera;Claudio Soto Gamboa;José De Gregorio Rebeco,4080,Claudio Soto Gamboa,SUJETO_ROL_SESION,RPM-2009-12-15:T36,INICIO_EXPLICITO,"El señor Gerente de Análisis Macroeconómico hace presente que datos adicionales del cuadro macroeconómico del IPoM indican que se está pasando de una demanda interna que cae 7,4% este año a un crecimiento de 8,9% el próximo, mientras que en el año 1999 las variaciones fueron de 6,1 y 5,9%, respectivamente. Agrega que este año la caída de las importaciones es de 15,7% y se espera un crecimiento de ellas de 14,3% el próximo año."
2;3,2818,828325324617efc79af0035732c4aad81e99c35c4e35243c97243953ff4a81fe,2009-12-15,4068;4069;4070;4071;4072;4073;4074;4075,Claudio Soto Gamboa;Manuel Marfán Lewis;Claudio Soto Gamboa;Enrique Marshall Rivera;Claudio Soto Gamboa;Enrique Marshall Rivera;Claudio Soto Gamboa;José De Gregorio Rebeco,4081,Enrique Marshall Rivera,SUJETO_NOMBRE,RPM-2009-12-15:T37,INICIO_EXPLICITO,"Al respecto, el señor Marshall comenta que la diferencia respecto de los años 1998 y 1999, es que entonces las exportaciones en el sector agrícola natural pudieron apoyar más, mientras que ahora presenta debilidades, por lo que no van a contribuir demasiado."
2;3,2818,828325324617efc79af0035732c4aad81e99c35c4e35243c97243953ff4a81fe,2009-12-15,4068;4069;4070;4071;4072;4073;4074;4075,Claudio Soto Gamboa;Manuel Marfán Lewis;Claudio Soto Gamboa;Enrique Marshall Rivera;Claudio Soto Gamboa;Enrique Marshall Rivera;Claudio Soto Gamboa;José De Gregorio Rebeco,4082,Claudio Soto Gamboa,SUJETO_NOMBRE,RPM-2009-12-15:T38,INICIO_EXPLICITO,"Al continuar con su exposición, el señor Claudio Soto informa que la tasa de desempleo se ubica por debajo del 10%. En términos desestacionalizados, esta presenta una segunda caída consecutiva por un aumento del empleo más bien generalizado. Señala que hasta el mes previo se observaba que los empleos por cuenta propia habían estado subiendo y que habían compensado la caída del grupo de asalariados, en tanto que en septiembre, por primera vez, se observó un aumento del empleo asalariado, compensando, a su vez, la caída de! empleo por cuenta propia. En octubre, en cambio, se observó por primera vez que ambas categorías de empleo subieron con respecto al trimestre previo. En relación con los salarios nominales, el señor Soto da cuenta de una moderación en su tasa de crecimiento en el margen. Hace presente que el costo de la mano de obra está creciendo 0,2% mensual aproximadamente y que si bien con ello los salarios reales, si se miden y se deflactan por el IPC, registran un aumento año a año, en realidad se han desajustado bastante, influidos por el deflactor utilizado. Explica que si se considera el deflactor del PIB, el panorama cambia bastante, ya que en vez de haber aumentos hay una caída. El señor Soto, refiriéndose ahora al IPC, señala que la variación de -0,5% registrada en el mes constituyó una sorpresa, y que más allá de los elementos puntuales que sorprendieron a la baja, el índice registró caldas bastante generalizadas en casi todos los ítems. Reporta que las principales sorpresas se concentraron una vez más en vestuario, respecto del cual se esperaba una variación más bien clara y hubo una caída adicional, también llamaron la atención las tarifas eléctricas, ya que si bien se sabía que venía una indexación a la baja, la medición del INE arrojó un número más bajo que el esperado. Sorpresas adicionales provinieron de frutas y verduras, que tuvieron una variación cercana a 0%, menor, dado que debió haber habido un cierto aumento en noviembre por la estacionalidad. Con estos datos, el señor Soto informa que la velocidad en el margen tiende a reducirse. En la proyección, prosigue, el principal supuesto que se modifica es el tipo de cambio. Indica que a ello se suma también una leve corrección a la baja en el precio de los combustibles, por lo que se tendría una proyección del IPC que se corrige a -0,4% en febrero y marzo, en tanto que recién en abril se tendría una variación anual del IPC positiva, de 0,3%. Detalla que dentro del horizonte de proyección, en general se tienen variaciones mensuales negativas en los próximos dos meses, en febrero seria cero y a partir de marzo recién se registrarían variaciones positivas mes a mes, producto de la estacionalidad de ese mes y factores estacionales, en general. Agrega que en el caso del componente subyacente no se observan espacios para que haya variaciones mes a mes positivas que permitan afirmar la convergencia de la inflación hacia el 3%. En relación con la trayectoria del IPC, el señor Claudio Soto destaca que la principal corrección a la baja, respecto de la proyección anterior, se da por menores precios de los combustibles y el efecto del tipo de cambio en combustibles. Con todo, indica que, en adelante, la única parte donde se observarán incidencias positivas año a año será justamente en combustibles, dado que se espera que los otros componentes del IPC tengan una contribución negativa en la inflación. Para finalizar en materia de inflación, menciona que los distintos modelos de series de tiempo avalan la trayectoria proyectada para el IPC. Con relación al mercado financiero, el Gerente de Análisis Macroeconómico reporta que la noticia más relevante, respecto de la última RPM, es lo acontecido con las tasas reales, sobre todo las de los BCU-5 y BTU-20, que han mostrado aumentos relevantes, agregando que las tasas de los BCU-5 exhiben una trayectoria ascendente desde hace algunos meses. Menciona que la Gerencia a su cargo cuenta con modelos que permiten estimar cómo se verían estas tasas. Plantea que un modelo simple de paridad predice que el promedio de estas tasas no seria muy distinto hasta noviembre y que, de hecho, los residuos son levemente positivos. Los datos promedio de diciembre, en tanto, indicarían que los residuos en el margen para los BCU-10 al menos, podrían estar en la parte superior del intervalo de confianza de la estimación, o sea, algo por sobre lo que dirían los modelos de paridad."
2;3,2818,828325324617efc79af0035732c4aad81e99c35c4e35243c97243953ff4a81fe,2009-12-15,4068;4069;4070;4071;4072;4073;4074;4075,Claudio Soto Gamboa;Manuel Marfán Lewis;Claudio Soto Gamboa;Enrique Marshall Rivera;Claudio Soto Gamboa;Enrique Marshall Rivera;Claudio Soto Gamboa;José De Gregorio Rebeco,4083,José De Gregorio Rebeco,SUJETO_ROL_NOMBRE,RPM-2009-12-15:T39,INICIO_EXPLICITO,"Al respecto, el Presidente señor José De Gregorio agrega que las expectativas de inflación consideran el plazo del papel y que esas tasas son muy sensibles a las noticias de inflación, al menos en el caso de los BCU-5."
4,2838,7334060401fd9477090cc4a154e523e3ef13244b82d218474a25306067f72057,2009-12-15,4105,Manuel Marfán Lewis,4113,Manuel Marfán Lewis,SUJETO_ROL_NOMBRE,RPM-2009-12-15:T66,INICIO_EXPLICITO,"El Vicepresidente Subrogante señor Manuel Marfán inicia su intervención, agradeciendo el análisis del staff, señalando que en esta oportunidad se beneficia de la cercanía del IPoM, y que hace suya la lista de antecedentes del punto 2 de la Minuta de Opciones, a la que añade los siguientes comentarios. En primer término, el señor Manuel Marfán menciona que al anunciar el retiro de la FLAP, en la Reunión anterior, había incertidumbre respecto del impacto que pudiera haber sobre las perspectivas de la política monetaria futura. Al respecto, indica que tanto las encuestas de expectativas económicas como la encuesta a los operadores de mesa de dinero, así como también los precios de los activos financieros, dan cuenta de una trayectoria futura más expansiva que la de la RPM de noviembre, con una diferencia en la tasa en torno a 50 puntos base hacia el segundo trimestre del próximo año, respecto de lo que había hace un mes atrás En segundo lugar, menciona que los precios financieros todavía se sitúan algo por sobre las encuestas y lo que el Banco Central considera más adecuado en su escenario central. Agrega que la apreciación del peso ha sido también brusca e inesperada en lo más reciente. Con todo, afirma que desde que detonó la crisis financiera global, la evolución del tipo de cambio de punta a punta no ha diferido del de las demás monedas comparables. A juicio del señor Marfán, en lo esencial, el próximo escenario base contemplado por el IPoM de este mes, para efectos de la política monetaria, no difiere sustancialmente del de septiembre pasado, esto es: un escenario de crecimiento moderado, con cierre de brechas en el horizonte de política; una inflación que en todas sus medidas converge desde abajo hasta el centro del rango meta en 24 meses; y, una política monetaria que contempla un retorno suave y gradual a la normalidad, que se iniciaría hacia el segundo trimestre del próximo año. Añade que el escenario de riesgo, sin embargo, aún no está definido. En este contexto, el Vicepresidente Subrogante señor Marfán manifiesta que la decisión de hoy de mantener la tasa en su nivel actual de 50 puntos base es obvia, y que lo más relevante es el contenido del Comunicado que, a su juicio, debiera ser equivalente al de la Reunión anterior, respecto de las perspectivas de la política monetaria"
4,2838,7334060401fd9477090cc4a154e523e3ef13244b82d218474a25306067f72057,2009-12-15,4105,Manuel Marfán Lewis,4114,José De Gregorio Rebeco,CONTEXTO_REVISADO,RPM-2009-12-15:T67,SIN_CONTINUIDAD_CONFIRMADA,"Para finalizar con la votación, el Presidente, señor José De Gregorio, indica que al igual que el mes pasado, el escenario actual no dista significativamente del último IPoM, el cual, a su vez, es similar al que se presentará el miércoles 16 de diciembre ante la Comisión de Hacienda del Senado Señala que, aunque los últimos registros de actividad e inflación presentaron algunas sorpresas, en ambos casos algo por debajo de lo proyectado, estuvieron dentro de rangos razonables para afirmar que se sigue en una senda de recuperación con perspectivas de inflaciones que permanecerán bajas por un tiempo, para comenzar a subir y a converger a la meta en el horizonte de política. Más allá de algunos shocks financieros en la economía global, que revelan que la situación aún no se ha normalizado, el señor José De Gregorio menciona que la recuperación global continúa y con riesgos que aún persisten. Más aún, plantea que las recientes rebajas en la clasificación de la deuda pública de algunos países atestiguan que la situación fiscal en muchas economías es vulnerable y los costos de las expansiones fiscales en economías que partieron de una situación frágil no son menores. En su opinión, en el futuro se seguirán observando algunas turbulencias y shocks financieros negativos, del tipo observado recientemente, lo que requiere de un cuidadoso monitoreo del escenario internacional, que es, precisamente, lo que conduce a predicciones de una recuperación mundial pausada. Con todo, y habida cuenta de los riesgos externos, el señor De Gregorio estima que el panorama inflacionario para nuestra economía sugiere que el estímulo monetario actual se debe seguir manteniendo por un período prolongado."
1,2883,586cef63fdda1d7049911eba8d6195d7cddb19aacb3f02d0c59eb51c6d2c25a9,2010-01-14,4165,Sebastián Claro Edwards,4174,Sebastián Claro Edwards,SUJETO_ROL_NOMBRE,RPM-2010-01-14:T53,INICIO_EXPLICITO,"el Consejero señor Sebastián Claro señala que las últimas cifras conocidas, tanto en el ámbito nacional como internacional, confirman las tendencias proyectadas en el último tiempo, estimando que este es el principal insumo para la presente Reunión. Plantea que la implicancia fundamental es la de no innovar, por lo que vota por mantener la TPM en su nivel actual y continuar con el programa anunciado de modificación de la FLAP de acuerdo con lo previsto. En el ámbito internacional, indica que las cifras han sido positivas y confirman una recuperación de la actividad y de la demanda, subsistiendo todavía una inquietud sobre la velocidad de mediano plazo, esto es, entre 2011 y 2012, de la actividad en el mundo desarrollado. Señala que llama la atención la cautela planteada por las autoridades monetarias norteamericanas, que, en su opinión, reflejan la percepción de que parte de la tranquilidad y de la creciente actividad en los mercados financieros y monetarios parece muy dependiente de la proactividad de los bancos centrales. Subraya que esto es preocupante porque necesariamente parte de los estímulos deberán retirarse, si no aquellos referidos al bajo costo del dinero, sí los relacionados con el seguro que la FED está otorgando a todas las operaciones monetarias. El señor Sebastián Claro destaca luego la evolución de los precios de los commodities, ya que su incremento ha sido importante y no parece estar dominado por efectos cambiarios. Su implicancia sobre las proyecciones de inflación a mediano plazo deberá ser evaluada oportunamente, puntualiza. En el plano interno, el señor Claro afirma que la cifra de actividad mensual estuvo por sobre lo previsto y que la cifra de inflación estuvo en línea con las expectativas del mercado e internas, aunque con una composición algo diferente. Agrega que la cifra de actividad es favorable, pero contiene un componente importante asociado a sectores de recursos naturales. En opinión del señor Consejero, ninguna de estas cifras constituye evidencia de algún desvío relevante sobre las perspectivas de inflación o de la trayectoria esperada de la política monetaria, lo que justifica enviar esa comunicación al mercado. Sostiene que la menor cifra de inflación subyacente en componentes ligados al sector transable puede estar reflejando efectos de la apreciación cambiaria, pero que ello puede corresponder a un adelantamiento del efecto cambiario, por lo que las menores cifras de inflación subyacente observadas no deben traducirse automáticamente como menores presiones inflacionarias hacia mediano plazo. Respecto de los mercados monetarios y crediticios, el señor Sebastián Claro plantea que la menor incertidumbre y las positivas cifras de actividad comienzan a dar inicio a un cambio de portafolio gradual en los agentes del mercado, con lo que la alta liquidez comienza a generar un efecto expansivo de la política monetaria importante, y que ello se puede estar reflejando en la baja en las tasas de interés, tanto del mercado monetario como de largo plazo. Añade que la creciente evolución de los saldos en la FLAP es coherente con lo expuesto, aspecto que deberá ser cuidadosamente evaluado en las próximas Reuniones. Finalmente, reitera su preocupación por la tasa de crecimiento de los salarios nominales, que aún se mantiene en tasas superiores al 5%, reflejando la dificultad para ajustarse a las condiciones cíclicas. En razón de lo expuesto, el Consejero señor Sebastián Claro vota por mantener la TPM en su nivel actual y redactar un comunicado similar al anterior."
1,2883,586cef63fdda1d7049911eba8d6195d7cddb19aacb3f02d0c59eb51c6d2c25a9,2010-01-14,4165,Sebastián Claro Edwards,4175,Enrique Marshall Rivera,SUJETO_ROL_NOMBRE,RPM-2010-01-14:T54,INICIO_EXPLICITO,"Prosiguiendo con la votación, el Consejero señor Enrique Marshall, agradece al staff por el apoyo brindado."
4,2915,2846284cf82661bf08549e333c70548724dabb87369bcf60f50731b81ac8b63f,2010-02-11,4216;4217;4218,Pablo García Silva;Sebastián Claro Edwards;Pablo García Silva,4226,Pablo García Silva,SUJETO_ROL_NOMBRE,RPM-2010-02-11:T43,INICIO_EXPLICITO,"El Gerente de División Estudios, señor Pablo García, agrega que, aunque la variación de los salarios en el mes de diciembre fue aproximadamente dos tercios del incremento registrado en diciembre de 2008, lo que hace disminuir la variación doce meses, de todas formas, dada la dinámica habitual de la estacionalidad, podría haber sido incluso más baja y no lo fue, ya que se registró un aumento en la cifra mensual de variación de los salarios en términos desestacionalizados,"
4,2915,2846284cf82661bf08549e333c70548724dabb87369bcf60f50731b81ac8b63f,2010-02-11,4216;4217;4218,Pablo García Silva;Sebastián Claro Edwards;Pablo García Silva,4227,Sebastián Claro Edwards,SUJETO_ROL_NOMBRE,RPM-2010-02-11:T44,INICIO_EXPLICITO,"El Consejero señor Sebastián Claro recuerda que ese era el dato que en la RPM pasada se estaba esperando para diciembre del año 2009, con el objeto de apreciar si la tasa de desempleo original, no desestacionalizada, caía significativamente."
4,2915,2846284cf82661bf08549e333c70548724dabb87369bcf60f50731b81ac8b63f,2010-02-11,4216;4217;4218,Pablo García Silva;Sebastián Claro Edwards;Pablo García Silva,4228,Pablo García Silva,SUJETO_NOMBRE,RPM-2010-02-11:T45,INICIO_EXPLICITO,"Al respecto, el señor García indica que la tasa de desempleo efectivamente cayó, pero que podría haber disminuido más, si no se controlara por la estacionalidad habitual de que en el mes de diciembre se produce el reajuste del sector público. i"
4,2915,2846284cf82661bf08549e333c70548724dabb87369bcf60f50731b81ac8b63f,2010-02-11,4216;4217;4218,Pablo García Silva;Sebastián Claro Edwards;Pablo García Silva,4229,Claudio Soto Gamboa,CONTEXTO_REVISADO,RPM-2010-02-11:T46,SIN_CONTINUIDAD_CONFIRMADA,"En cuanto a las tasas de variación de los salarios reales, el señor Claudio Soto indica que el último dato da cuenta de una calda, no obstante que el registro de diciembre de precios fue negativo y el dato de salarios fue positivo, explicando que la base de comparación de diciembre del año pasado hace que en doce meses se registre una caída en la tasa de variación anual. Refiriéndose ahora al IPC, el Gerente de Análisis Macroeconómico, señala que la variación del IPC mensual fue de 0,5% y que el IPCX1 llegó a -0,3%. Menciona que hubo dos sorpresas relevantes: una en vestuario, que determinó que la caída del IPCX1, de -0,4%, haya sido mayor que el -0,2% esperado; y la segunda, que fue la incidencia de gastos financieros, derivado de un tema metodológico, por el efecto de pasar las series de precios desde base diciembre 2008 igual 100 a base promedio 2009 igual 100. Al respecto, explica que si bien la dinámica de ambas series es similar, la diferencia está en el delta p, ya que para la primera este es de 28, en cambio que para la serie promedio 2009 igual 100 es de 42. Agrega que para evaluar la incidencia de este ítem se utiliza una fórmula bastante estándar, consistente en el cambio en el precio multiplicado por la ponderación y dividido por el IPC esperado. Indica que el IPC en promedio del índice es muy parecido, es decir que el del mes de diciembre es similar en base 2009 promedio igual 100 que en base diciembre 2008 igual 100, agregando que el ponderador aumentó levemente, desde 1,60 a 1,86."
1,3017,d54a31350aea59c7c2add7a1e24dfdf0fca701f97e9f62597e5abe3ab50c5ebd,2010-03-18,4362,Sebastián Claro Edwards,4373,Sebastián Claro Edwards,SUJETO_ROL_NOMBRE,RPM-2010-03-18:T70,INICIO_EXPLICITO,"El Consejero señor Sebastián Claro señala que el último mes ha estado marcado por tres eventos, pero que, sin duda, la noticia más importante ha sido el terremoto. En su opinión, las consecuencias macroeconómicas de esta catástrofe tienen tres grandes dimensiones: los efectos sobre la capacidad productiva; el impacto transitorio sobre la actividad y precios provocados por interrupciones en los canales de distribución y comunicaciones, que no necesariamente están asociados a la disminución de la capacidad productiva; y las implicancias de esta coyuntura sobre las decisiones de gasto e inversión, tanto públicas como privadas, en el corto y mediano plazo. El señor Sebastián Claro indica que, cualitativamente, este evento y la combinación de respuestas más esperada sugiere alguna mayor presión inflacionaria a mediano plazo, más allá de los elementos de corto plazo que mencionó el Ministro de Hacienda, que comparte que son transitorios. Estima que, aunque hay que efectuar un análisis muy detallado, conceptualmente puede esperarse alguna mayor presión inflacionaria en el mediano plazo, salvo que la mayor incertidumbre o el efecto de las pérdidas patrimoniales sobre las decisiones de gasto e inversión de hogares y empresas sean significativos, lo que no puede descartarse. Sostiene que pasar del argumento cualitativo a una cuantificación seria es la tarea más compleja hoy día, por lo que a estas alturas resulta prematuro dimensionar la magnitud de estos efectos. En consecuencia, sostiene que la decisión más prudente para el Banco debe ser esperar hasta recabar mayor información y hacer una evaluación más completa del impacto macroeconómico que pueda tener el terremoto. El señor Claro menciona que una segunda noticia, que en muchas dimensiones se eclipsa por el terremoto, pero que también es de primer orden, es la confirmación de que la recuperación de la economía chilena venía mostrando un fuerte impulso desde fines del año pasado y comienzos de este, superior al que se estaba considerando en los escenarios originales. Plantea que la corrección de las cifras de actividad, así como las perspectivas de inflación, sugieren que la política monetaria debería comenzar a moverse en una dirección menos expansiva en los próximos meses. Agrega que han comenzado a aparecer indicios de presiones inflacionarias tanto internas como externas y que se observa una nueva mejora en los volúmenes de crédito, lo que representa un tremendo desafío para la política monetaria en los próximos meses. Por otra parte, hace notar que las noticias en el exterior confirman que la recuperación se ha ido acentuando y que las perspectivas inflacionarias han ido aumentando en coherencia con ello y con un menor apetito por la liquidez, en un contexto en el que los bancos centrales siguen manteniendo políticas monetarias altamente expansivas. Destaca que es llamativo que con perspectivas de crecimiento e Inflación mayores se observe un retraso marginal en la trayectoria esperada de normalización de la política monetaria en estos países, lo que podría ser interpretado como una muestra de debilidad del sistema financiero en países desarrollados y una necesidad de mantener estímulos monetarios muy significativos para sostener la recuperación. En opinión del señor Claro, más temprano que tarde esta situación debiera ser resuelta, de manera que la salida de la crisis financiera internacional sea con estabilidad macroeconómica y que no se terminen acentuando los ciclos de actividad y precios, como lo demuestra el caso de China. Agrega que aunque muchos economistas ven con preocupación un ajuste monetario en dicho país, ello le parece lo más saludable, toda vez que continuar con una expansión crediticia a niveles históricos pone en serio riesgo su estabilidad macroeconómica. Subraya que un eventual retraso en la normalización de la política monetaria en algunos países del mundo representa un riesgo importante a seguir con cuidado. Con todo, el Consejero señor Sebastián Claro manifiesta que su voto es por mantener la TPM y seguir con el calendario de eliminación de la FLAP. Especial mención hace a que la coyuntura actual requiere de mucha cautela y que, por ahora, resulta conveniente acumular más información para determinar el momento y la velocidad con que se dé inicio al proceso de normalización de la política monetaria."
1,3017,d54a31350aea59c7c2add7a1e24dfdf0fca701f97e9f62597e5abe3ab50c5ebd,2010-03-18,4362,Sebastián Claro Edwards,4374,Enrique Marshall Rivera,SUJETO_ROL_NOMBRE,RPM-2010-03-18:T71,INICIO_EXPLICITO,"Prosiguiendo con la votación, el Consejero señor Enrique Marshall agradece al staff por el apoyo brindado, y señala que la principal noticia del último mes es el terremoto, acompañado de maremoto, que afectó a la zona centro-sur del país y que ha tenido consecuencias humanas y sociales muy lamentables, destacando que los efectos sobre la actividad y la inflación requerirán de un cuidadoso análisis. Marcando algún contraste, indica que las noticias provenientes del frente externo han tenido un sello más bien positivo en las últimas semanas. Menciona que los sentimientos de mercado, que mostraron un deterioro el mes anterior, han vuelto a mejorar, lo que se refleja en expectativas de crecimiento para este año que se reafirman, en primas de riesgo que se vuelven a estrechar y en precios para las materias primas que muestran alzas. Asimismo, sostiene que más allá de las fluctuaciones en el estado de ánimo de los mercados, el escenario central para la economía global se mantiene, o incluso mejora levemente, por lo menos desde la perspectiva de la economía nacional. Con todo, estima que los riesgos siguen siendo altos, que los mercados saben de ello y siguen siendo sensibles a las noticias que ponen de relieve los problemas estructurales asociados a la crisis, como ha ocurrido con las informaciones provenientes de Grecia, que este mismo día experimentaron un giro negativo."
1,3073,e6d9f4b914fd4d565132055016de41e3dab024825bbc77279339ac9b2c21e5b0,2010-04-15,4444,Sebastián Claro Edwards,4456,Sebastián Claro Edwards,SUJETO_ROL_NOMBRE,RPM-2010-04-15:T71,INICIO_EXPLICITO,"El Consejero señor Sebastián Claro señala que, en esta ocasión, comenzará por su conclusión, que es mantener la TPM, sin modificar el mensaje entregado en el último IPoM. A continuación, indica que, a su juicio, en las últimas semanas las principales noticias han estado asociadas con la consolidación de un escenario de recuperación en el mundo y con las cifras de actividad e inflación que se han observado en Chile. Respecto de la economía internacional, el señor Sebastián Claro estima que las cifras en Estados Unidos confirman que la recuperación ha entrado en una trayectoria sostenida, aunque todavía existen notas de cierta cautela. Agrega que en otras latitudes, y en el caso particular de China, las cifras hablan por sí solas y, en su opinión, exigen una normalización de sus impulsos fiscales y de crédito de manera rápida. Para efectos de los análisis que efectúa el Banco y del impacto sobre Chile, el señor Claro piensa que lo clave será cómo vayan evolucionando las expectativas en el mundo respecto del proceso de normalización monetaria en Estados Unidos y en Europa. Señala que su impresión al respecto es que el progresivo retraso que venían mostrando las expectativas sobre normalización de la política monetaria en los países desarrollados debiera comenzar a detenerse. En cuanto a las cifras de actividad en Chile, el Consejero señor Sebastián Claro menciona que el IMACEC de febrero mostró un crecimiento bastante menor ai esperado, indicando que la hipótesis de que ello refleja una aguda contracción en los últimos dos días parece ser la dominante. Sin embargo, destaca que lo que aún queda por despejar, más allá de la alta incertidumbre sobre la actividad en el corto plazo, específicamente de marzo y abril, es en qué medida los reducidos registros de actividad estarán reflejando condiciones de demanda más acotadas o condiciones de oferta más restringidas. En su opinión, no se tienen elementos de juicio para hacer una evaluación profunda sobre esto, pero llama la atención sobre las cifras de la Encuesta de Crédito Bancario, que muestran que la demanda de crédito en marzo parece haberse ajustado a la baja. Reconoce que esto es, evidentemente, un registro muy parcial, por lo que hay que tomarlo con la debida cautela, pero que, a su juicio, no deja de ser llamativo. Manifiesta que esto podría sugerir que algún efecto está teniendo en la demanda, más allá de evidentes interrupciones en la oferta derivadas del terremoto. Sostiene que este tema deberá ser monitoreado con mucho detalle, especialmente porque esta cifra podría estar muy contaminada y reflejar de manera muy dramática la reacción inicial al terremoto sin constituir un cambio fundamental en la tendencia. Respecto de otras mediciones, el señor Claro plantea que el crecimiento del MI sigue siendo muy importante, y que aunque los agregados de dinero menos líquidos y el crédito siguen mostrando tasas de crecimiento acotadas, ya se observa un cambio de tendencia hacia una normalización de las cifras. El Consejero aludido indica a continuación que la cifra de inflación en Chile fue también muy sorpresiva. Señala que, de acuerdo con los análisis internos, que el mercado parece compartir, esto se trató de fenómenos meramente transitorios. Hace presente que los efectos esperados del terremoto sobre el IPC no se habrían medido en la cifra de marzo y que las estimaciones arrojan que seguirían impactando de manera transitoria las cifras de los próximos meses. Con todo, sostiene que la proyección de corto plazo para la inflación se mantiene en rangos muy similares a los planteados en el IPoM. Por otro lado, menciona que las genuinas sorpresas en algunos ítems no darían cuenta de un cambio en la tendencia inflacionaria discutida en el IPoM, por lo que será necesario esperar las próximas cifras de inflación para evaluar su reacción al terremoto y para interpretar los impactos de oferta y demanda que de este se derivan. En opinión del señor Claro, lo anterior corrobora que la incertidumbre sobre el impacto de corto plazo del terremoto sigue siendo muy alta y que todavía es difícil interpretar las cifras de actividad e inflación, lo que sí tiene impacto sobre la trayectoria de tasas en el corto plazo, aun cuando no la tenga necesariamente en el mediano plazo, donde cree que el mensaje de fondo del IPoM respecto de la trayectoria de tasas siga siendo coherente con las expectativas privadas. En esta dimensión, estima que la Minuta de Opciones no está sopesando adecuadamente la incertidumbre que los últimos registros de inflación y actividad conocidos después del IPoM han entregado, al plantear la posibilidad cierta del comienzo de la normalización de la política monetaria en la presente Reunión. A su juicio, las condiciones para una inminente normalización de la política monetaria no se observan con claridad. En mérito de lo anterior, el Consejero señor Sebastián Claro vota por mantener la TPM en su nivel actual."
1,3073,e6d9f4b914fd4d565132055016de41e3dab024825bbc77279339ac9b2c21e5b0,2010-04-15,4444,Sebastián Claro Edwards,4457,Enrique Marshall Rivera,SUJETO_ROL_NOMBRE,RPM-2010-04-15:T72,INICIO_EXPLICITO,"Prosiguiendo con la votación, el Consejero señor Enrique Marshall agradece al staff por el apoyo brindado, y manifiesta que se llega a esta Reunión poco tiempo después del cierre y divulgación del último IPoM, por lo que no son muchas las noticias que se han acumulado desde entonces."
1,3122,b12d09394db43d2fc01edf0ce20a4616c73b3a2f653d387354719d57158060e5,2010-05-13,4511,Sebastián Claro Edwards,4524,Sebastián Claro Edwards,SUJETO_ROL_NOMBRE,RPM-2010-05-13:T52,INICIO_EXPLICITO,"el Consejero señor Sebastián Claro señala que la decisión de esta Reunión se enmarca en un contexto de muchas novedades, tanto externas como internas. Respecto del frente externo, indica que la situación en los mercados financieros ha estado fuertemente influida por la corrida de la deuda soberana de países del sur de Europa, en particular Grecia. Explica que esto ha afectado al sistema bancario europeo y, en menor medida, al norteamericano, aumentando sus costos de financiamiento, tanto de largo como de corto plazo, provocando una caída en el apetito por riesgo, lo que se ha traducido, a su vez, en el aumento sustancial del valor del dólar en el mundo y en una reacción inaudita de las autoridades europeas, tanto con medidas extraordinarias de inyección de liquidez, por un cambio en la composición de los activos del Banco Central Europeo, con mayor preponderancia de bonos de menor calidad, y por promesas muy sustantivas de líneas de financiamiento de los gobiernos. En opinión del señor Sebastián Claro, el fundamento de lo anterior es la deteriorada situación fiscal en Europa, en parte como consecuencia de paquetes fiscales muy importantes, pero desfinanciados durante los últimos años, lo que explica los anuncios de grandes ajustes fiscales de algunos países europeos. El señor Claro manifiesta que las consecuencias son variadas. Desde una perspectiva de mediano plazo, plantea que ello podría alterar las proyecciones de crecimiento de Europa, haciendo la salvedad que todavía no se observa con claridad en las proyecciones de consenso, pero que es esperable que así sea. Adicionalmente, estima que es posible que se produzca una reestructuración de la deuda en muchos de estos países, pero que no es claro en qué medida estas pérdidas están incorporadas en los balances de los acreedores. Señala que es posible también que los problemas se mantengan acotados a Europa, más allá de las implicancias sobre el crecimiento mundial, lo que podría provocar un repricing del riesgo, favoreciendo activos en países en desarrollo con buenas perspectivas y en buenas condiciones, como Chile. Agrega que esto podría afectar la trayectoria de tasas hacia el mediano plazo. El Consejero aludido hace presente que, en el corto plazo, la mayor inquietud se concentra en el impacto que la situación en los mercados financieros europeos pueda generar sobre la banca, el costo y disponibilidad del crédito externo y el apetito por riesgo y liquidez en el corto plazo. Al respecto, indica que los mercados externos han estado muy volátiles en las últimas semanas y que las medidas anunciadas el fin de semana han promovido cierta estabilidad. En relación con el ámbito interno, el Consejero señor Claro destaca que la incertidumbre internacional ha tenido efectos acotados sobre los mercados financieros, lo que se refleja en la evolución del tipo de cambio y de la bolsa. Señala que, a su juicio, no existe mucha evidencia de un aumento en la demanda por liquidez de la banca más allá de lo que podría interpretarse como el resultado esperado de la eliminación de la FLAP. Asimismo, llama la atención sobre el hecho que el uso de repos ha aumentado sustancialmente y también sobre el aumento observado en el spread prime-swap a 1 año, los que, no obstante, no proveen evidencia contundente de efectos mayores en los mercados monetarios domésticos. Los datos de actividad, prosigue, fueron bastante más negativos que los esperados, lo que confirma que los efectos del terremoto han sido muy grandes. En su opinión, es difícil distinguir en qué medida la menor actividad refleja condiciones acotadas de demanda o restricciones de oferta. Menciona que los menores registros de inflación respecto de los esperados podrían sugerir que el efecto sobre la demanda ha sido significativo, pero que los datos de comercio e importaciones reflejan un importante dinamismo de la demanda interna. En cuanto a las proyecciones de crecimiento e inflación para el año, sostiene que es probable que deban corregirse a la baja, aunque la magnitud de esta corrección es todavía incierta y no debiera afectar en su esencia la evolución esperada de la política monetaria. Con todo, el señor Sebastián Claro señala que aun cuando las noticias en el último mes han sido variadas, no alteran la necesidad de una normalización de la política monetaria en el corto plazo. En este sentido, indica que ambas opciones planteadas son coherentes con ello, por lo que las consideraciones para la presente Reunión dicen relación con la velocidad de esta normalización, con el peso que se le asigne a la incertidumbre externa y con las expectativas del mercado. A juicio del señor Claro, la delicada situación internacional y las cifras domésticas sugieren que esperar algunas semanas para comenzar con el proceso de alza de tasas puede entregar información muy útil, que confirme la transitoriedad de los impactos del terremoto, que permitan decantar en algo la incertidumbre proveniente del exterior y que permita avizorar mejor la trayectoria de la inflación en adelante. Manifiesta que la alternativa de comenzar a subir la tasa hoy es válida, pero que parece prudente esperar para calibrar con mayor nitidez la velocidad del ajuste monetario requerido hacia el mediano plazo y comunicarlo al mercado. Agrega que esperar no puede ser un ejercicio eterno, pero que mantener la tasa en esta ocasión no pone en cuestión la pronta normalización de la política monetaria en el corto plazo. En este sentido, estima que no es posible descartar que en la medida que la incertidumbre externa amaine y que los datos internos confirmen la recuperación de la actividad y una mayor tendencia de la inflación, una normalización rápida de la política monetaria pueda justificarse. En razón de lo expuesto, el Consejero señor Sebastián Claro señala que vota por mantener la tasa en su nivel actual y comunicar al mercado que es probable que el proceso de normalización de la política monetaria comience en el corto plazo."
1,3122,b12d09394db43d2fc01edf0ce20a4616c73b3a2f653d387354719d57158060e5,2010-05-13,4511,Sebastián Claro Edwards,4525,Enrique Marshall Rivera,SUJETO_ROL_NOMBRE,RPM-2010-05-13:T53,INICIO_EXPLICITO,"Prosiguiendo con la votación, el Consejero señor Enrique Marshall agradece al staff por el apoyo brindado, y destaca que las noticias del último mes están marcadas principalmente por la crisis griega y sus implicancias para Europa y otras regiones del mundo. Indica que estos desarrollos han tenido efectos en los mercados financieros, los que han mostrado una marcada volatilidad, y que todo ello ha servido para poner de manifiesto los problemas estructurales que persisten y que se ciernen como factores de riesgo para el escenario global. Agrega que el deterioro fiscal y la debilidad de los bancos en Europa son dos problemas que han estado muy presentes en esta coyuntura."
1,3273,f54c9cb0430f042dd34818cc007fef5f33ade99858d7821826e2aa66dff6b0db,2010-07-15,4704,Sebastián Claro Edwards,4718,Sebastián Claro Edwards,SUJETO_ROL_NOMBRE,RPM-2010-07-15:T87,INICIO_EXPLICITO,"El Consejero señor Sebastián Claro comienza su intervención, indicando que, a grandes rasgos, las noticias recibidas en el ámbito externo e interno son coherentes con las expectativas y proyecciones, y no sugieren un desvío relevante en las perspectivas internas y externas que justifique un cambio en la trayectoria proyectada para la TPM. Destaca que en el ámbito externo se han producido dos grandes fenómenos. Por una parte, indica que las últimas cifras de actividad tienden a confirmar una desaceleración en el margen de la actividad externa, lo que ha generado alguna corrección en ciertos activos. Detalla, al respecto, que la actividad en los primeros meses del año fue mayor que la proyectada, asociada principalmente a la recuperación de inventarios, pero que ya se observan signos de normalización en las tasas de crecimiento. En todo caso, sostiene que las proyecciones de mercado todavía mantienen una proyección auspiciosa para este y el próximo año. Por otra parte, hace presente que se observa una tensa calma en los mercados financieros europeos y en la banca, que parecen depender, en parte, de la divulgación de los tests de estrés que se publicarán la semana próxima y que presumiblemente contribuirán a transparentar la situación de la banca. Sobre el particular, plantea que es razonable que en caso que sean necesarios cuantiosos requerimientos de capital en algunas instituciones importantes, los mecanismos debieran ser anunciados rápidamente para evitar tensiones innecesarias. En todo caso, señala que, en su opinión, las perspectivas para la recuperación económica en Europa son débiles y siguen siendo una fuente de riesgos importante, en especial, porque la situación fiscal es frágil. En el ámbito interno, subraya que la actividad mostró un dinamismo importante, lo que da cuenta de un segundo semestre bastante más activo que el esperado. No obstante, hace notar que también se observan algunas señales de desaceleración en el margen, acorde con lo anticipado, que se derivan de los datos de importaciones, tanto de bienes de consumo como de capital, y de algunas medidas de expectativas. Indica, asimismo, que el empleo ha tenido una trayectoria creciente, aunque la última cifra sugiere cierta estabilidad. El señor Sebastián Claro se refiere luego a la inflación, cuya cifra, si bien estuvo en línea con lo esperado y mostró registros acotados, se espera que el registro anual dé cuenta de un alza en los próximos meses, no solo por efectos puntuales, como las tarifas del transporte público o las tarifas eléctricas, sino que por las naturales presiones derivadas del dinamismo que está exhibiendo la demanda. Plantea que el crédito también está dando señales de dinamismo, con las colocaciones creciendo en torno a 6% anual en términos nominales, y que los agregados monetarios menos líquidos todavía no muestran tasas de crecimiento en doce meses, aunque en el margen parecen estar recuperándose. A su juicio, ello da cuenta de una creciente normalización del sistema financiero y de la disponibilidad de la banca a tomar más riesgos, aunque todavía prefiere mantener una posición de liquidez anormalmente alta, fenómeno que podría mantenerse en el tiempo, dada la incertidumbre que aún persiste. Para resumir, el Consejero señor Sebastián Claro es de opinión que sigue siendo necesario recoger parte del estímulo monetario con un alza de la TPM. Manifiesta que el mercado espera un alza de 50 puntos base de forma casi unánime y que personalmente se inclina por esa opción. Asimismo, y tal como lo sugiere la Minuta de Opciones, estima adecuado mantener el mensaje que la velocidad de normalización de la política monetaria dependerá de la evolución de las condiciones internas y externas."
1,3273,f54c9cb0430f042dd34818cc007fef5f33ade99858d7821826e2aa66dff6b0db,2010-07-15,4704,Sebastián Claro Edwards,4719,Enrique Marshall Rivera,SUJETO_ROL_NOMBRE,RPM-2010-07-15:T88,INICIO_EXPLICITO,"Prosiguiendo con la votación, el Consejero señor Enrique Marshall agradece al staff por el apoyo brindado, e indica que las noticias del último mes sugieren un panorama que no difiere significativamente del visualizado en el último IPoM. En el frente externo, señala que la actividad real continúa expandiéndose y que las proyecciones para este y el próximo año siguen apuntando a un crecimiento relevante, impulsado principalmente por las economías emergentes. No obstante, advierte que los riesgos siguen muy presentes; que si bien se observa algún alivio en el margen, las tensiones en los mercados financieros persisten; y que los problemas estructurales que afectan a las economías desarrolladas, particularmente el deterioro de las cuentas fiscales y la debilidad de los sistemas bancarios, siguen despertando bastante preocupación. A su juicio, todo ello genera interrogantes sobre el crecimiento mundial de mediano y largo plazo. Estima, asimismo, que, en el corto plazo, lo más probable es que persista una alta volatilidad en los mercados financieros."
1,3340,91ef4f79ce4cd49e2cd5dde464676e1a9abb978bab6a39915baadf0133e93a3c,2010-08-12,4795,Sebastián Claro Edwards,4810,Sebastián Claro Edwards,SUJETO_ROL_NOMBRE,RPM-2010-08-12:T76,INICIO_EXPLICITO,"El Consejero señor Sebastián Claro indica que las últimas semanas han sido abundantes en novedades. En el ámbito externo, señala que hay varios elementos a destacar. En primer término, plantea que los stress tests a la banca europea lograron proveer alguna calma al sistema bancario europeo, no tanto por lo robusto de sus resultados, sino porque despejaron ciertas dudas sobre la posición de una parte importante de los intermediarios rV- financieros en Europa. Al mismo tiempo, indica que las tensiones en los mercados de deuda pública en Europa continúan y que los costos de los seguros de crédito de deuda soberana, más que disminuir, se han mantenido muy altos, lo que refuerza la idea de que los ajustes fiscales prometidos parecen ser insuficientes y de que se requerirá ajustar los valores de la deuda en algún grado. Agrega que, dependiendo de la magnitud y amplitud de estos efectos, no es posible descartar ruidos en el sistema bancario asociados con ello, así como una natural demora en la reactivación del crédito y la actividad en ese continente. En cuanto a Estados Unidos, hace presente que las últimas cifras de actividad y empleo no han sido favorables. Destaca que las expresiones de la Reserva Federal y las reacciones de los mercados así lo denotan. En su opinión, es razonable esperar una recuperación lenta, consecuencia natural del alto nivel de endeudamiento de esa economía. Finalmente, y tal como lo ha mencionado en otras oportunidades, reitera que la desaceleración en el margen en China debe ser interpretada, a grueso modo, como positiva, toda vez que las políticas contracíclicas, tanto fiscales como monetarias, aplicadas durante la crisis son, a todas luces, insostenibles. Añade que la situación del sistema financiero en esa economía también exige medidas precautorias de las autoridades. Con todo, el Consejero señor Sebastián Claro es de opinión que se va conformando un panorama en el que la recuperación del mundo desarrollado será lenta, especialmente hacia el año 2011, y que la posibilidad de un impulso a la economía mundial, otorgado por los países en desarrollo, se mantiene para los próximos trimestres. Asimismo, reitera sus dudas sobre la viabilidad de este desacople de manera más duradera, dado los fundamentos que justifican una desaceleración en el mundo desarrollado y porque este escenario puede ser algo más débil que el esperado anteriormente. A su juicio, ello reafirma, sin duda alguna, un grado de incertidumbre no despreciable y un grado de cautela con respecto al escenario externo. Por otra parte, el Consejero señor Sebastián Claro destaca que los precios de los alimentos y commodities han mostrado alzas importantes, aunque con correcciones en el margen, que provocan cierta inquietud. Indica que si bien la experiencia de años anteriores justifica esta inquietud de alguna manera, existen dos diferencias importantes con la realidad del año 2007 que deben procesarse adecuadamente. Señala, en primer término, que los datos sugieren que parte de las bajas de los precios de alimentos durante el año pasado no habrían sido totalmente traspasadas a precios, por lo que los márgenes de comercialización hoy día serían altos y permitirían acotar el traspaso, por lo menos momentáneo, de los precios internacionales a los precios domésticos. Al respeto, hace la salvedad que con ello no está minimizando el riesgo, pero que sí cree que es un elemento importante a ser considerado. En segundo lugar, sostiene que el dinamismo de la economía mundial es hoy sustancialmente menor que el vivido en los trimestres previos a la crisis de septiembre del año 2008, por lo que las presiones de precios también debieran ser más acotadas. A nivel interno, el Consejero señor Sebastián Claro subraya que la actividad ha mostrado un importante dinamismo, superior al proyectado inicialmente. Sin embargo, llama la atención sobre algunos componentes del mismo, como el consumo privado, que ha estado desacelerándose en el margen, lo que constituye un fenómeno positivo toda vez que el riesgo de un crecimiento sobredimensionado del consumo parece amainar. Agrega que las cifras fiscales también dan muestra de un crecimiento del gasto acotado en el primer semestre, lo que denota una contribución del Fisco a una expansión contenida de la demanda. Finalmente, indica que el dinamismo de la inversión está principalmente explicado por la inversión en maquinarias y equipos, en especial su componente importado. Agrega que la inversión en obras e infraestructura se corrige a la baja, tanto por menores cifras pasadas como por una menor proyección, y que esta corrección es evidente en el sector construcción, ya que todavía no presenta señales de recuperación importantes, lo que debe ser ponderado cuidadosamente. Por otro lado, subraya que el empleo ha mostrado cifras de crecimiento anual muy altas, lo que debiera permitir mantener niveles de demanda elevados. Con respecto al crédito, señala que los agregados de crédito han seguido creciendo y recuperándose, lo que es consecuente con aquello que los agregados monetarios menos líquidos, el M2 y M3, que hasta hace poco mostraban registros muy acotados, han sido corregidos y exhiben tasas de crecimiento en doce meses algo por debajo del 10% durante todo el primer semestre, lo que es más coherente con la evolución del crédito y de la demanda. En este sentido, menciona que una preocupación expresada con anterioridad respecto del bajo dinamismo del M2, da paso a una evolución más coherente con el ciclo. En materia de inflación, el Consejero señor Sebastián Claro hace presente que los registros confirman, a grueso modo, las tendencias proyectadas con anterioridad, en que los registros estarían fuertemente afectados por factores puntuales, y con una tendencia subyacente acotada. No obstante, sostiene que el dinamismo de la economía y la experiencia pasada sugieren que estos registros son volátiles y que podrían variar, por lo que más que hablar de ausencia de presiones inflacionarias es más adecuado enfatizar que las presiones inflacionarias derivadas de la mayor demanda todavía no se han manifestado, pero que todo indica que lo harán en los próximos meses. Hace presente que una nota de cautela la introduce la situación cambiaría, la que junto con claros signos de menores registros de inflación en el mundo, podrían mantener acotados los registros de inflación en bienes transables. Acota que ello es coherente con la manifestación de menores presiones inflacionarias en varios países en desarrollo. En opinión del Consejero señor Sebastián Claro, resulta natural seguir con la normalización de la TPM al ritmo actual de 50 puntos base, ya que la tasa es todavía fuertemente expansiva y porque resulta prudente llevarla a niveles normales en los próximos meses. Declara descartar un aumento mayor, porque estima que en el margen las noticias no sugieren la necesidad de apurar un proceso que, a su ritmo actual, es coherente con la estabilidad de precios, y porque daría pie, además, a nuevas interpretaciones del mercado que ya en las últimas semanas ha incorporado expectativas de alzas de tasas sustanciales. Por otra parte, manifiesta que también descarta la opción de subir solo 25 puntos base, toda vez que la TPM es muy expansiva, la economía ha dado muestras de una recuperación importantes y la decisión de innovar debiera darse con una TPM algo mayor a la actual y contando con más antecedentes sobre la situación interna y externa. En razón de lo expuesto, el Consejero señor Sebastián Claro expresa que su voto es por subir la TPM en 50 puntos base y mantener, esencialmente, el mismo mensaje en el comunicado."
1,3340,91ef4f79ce4cd49e2cd5dde464676e1a9abb978bab6a39915baadf0133e93a3c,2010-08-12,4795,Sebastián Claro Edwards,4811,Enrique Marshall Rivera,SUJETO_ROL_NOMBRE,RPM-2010-08-12:T77,INICIO_EXPLICITO,"Prosiguiendo con la votación, el Consejero señor Enrique Marshall agradece al staff por el apoyo brindado, e indica que las noticias del último mes tienden a reafirmar, en lo grueso, el escenario delineado en el último IPoM. En el frente externo, señala que las tensiones financieras asociadas a la deuda europea se han atenuado y que, si bien los problemas de fondo no se han resuelto, las acciones adoptadas por las autoridades han permitido controlar la situación por el momento. Entretanto, hace presente que el foco de preocupación se ha desplazado al ámbito de la economía real, por cuanto los últimos datos de actividad y empleo en los países desarrollados han despertado bastante preocupación sobre la evolución de sus respectivas economías, lo que ha sido recogido con prontitud por los mercados financieros y cambiarlos. Así, advierte que la probabilidad de un escenaho global más negativo al visualizado ha tendido a aumentar. Coherente con ello, manifiesta que las perspectivas para la inflación permanecen bastante acotadas e, incluso, se han ajustado a la baja. No obstante lo anterior, sostiene que las economías emergentes, con variantes, siguen mostrando bastante dinamismo, impulsado por fuerzas internas. Junto con ello, indica que los precios de las materias primas han vuelto a subir y que particularmente significativo es el incremento observado por los precios de los alimentos. A su juicio, todo ello genera importantes desafíos para el manejo de la política monetaria en estas economías. En el frente interno, destaca que la actividad sigue en un claro proceso de recuperación. Comenta, al respecto, que el último Imacec sorprendió nuevamente al alza y que, de esta manera, lo más probable es que el año cierre con un crecimiento superior al proyectado con anterioridad. Señala que el impulso observado proviene principalmente de la demanda interna, que se traduce en un fuerte aumento de las importaciones, y que por lo mismo, los sectores que exhiben un mayor dinamismo son el comercio y los servicios, mientras que la industria y la construcción se muestran bastante más débiles y rezagadas. En su opinión, esta positiva evolución de la demanda se ha visto favorecida por las acciones de política implementadas por las autoridades, entre las que se incluye la aplicación de una política monetaria claramente expansiva durante varios trimestres. De este modo, manifiesta que la demanda debería moderar su expansión en adelante, como ya lo sugieren las cifras más recientes, y adquirir una composición más balanceada. Con todo, estima que, en el escenario más probable, la economía mantendrá un ritmo de crecimiento vigoroso en lo que resta de este año y el próximo."
1,3428,9da9a4b3802c84cb37c69dde8ffdfe074a100190d15f89fc4bc5ef2af9de7d83,2010-09-16,4915,Sebastián Claro Edwards,4931,Sebastián Claro Edwards,SUJETO_ROL_NOMBRE,RPM-2010-09-16:T107,INICIO_EXPLICITO,"El Consejero señor Sebastián Claro señala que, en su opinión, hay tres o cuatro fenómenos que vale la pena tener en cuenta a la hora de evaluar el curso futuro de la política monetaria, que estima que no son determinantes para la decisión de hoy, pero sí son claves o pueden serio para establecer su curso futuro. Plantea que en el sector externo, las débiles perspectivas para la recuperación económica en los países desarrollados han continuado desde la última Reunión y que se percibe con mayor nitidez que el proceso de desendeudamiento en hogares y gobiernos tomará tiempo. Por otro lado, menciona que las señales en países en desarrollo han seguido siendo positivas, aunque en algunas economías ya se comienza a notar cierta desaceleración en el crecimiento en el margen. Hace presente que el escenario base con el cual se ha venido trabajando es, por ahora, uno donde los países en desarrollo siguen siendo capaces de mantener un dinamismo importante en los próximos trimestres. Agrega que este desacople es factible porque en muchos países la contracción en la inversión y el consumo fue muy significativa durante la crisis, por lo que hay espacio importante para su recuperación. Sin embargo, se abre, a su juicio, un escenario de incertidumbre importante hacia mediano plazo que, eventualmente, hay que considerar y monitorear. En este contexto, manifiesta que la recuperación de los países en desarrollo ha estado acompañada de bajos registros de inflación, que es probable que reflejen el impacto del fortalecimiento de sus monedas. Destaca que este fenómeno también se está haciendo más evidente y es coherente con las señales de que los procesos de normalización de la política monetaria en varios países están en un gradual proceso de finalización, junto con perspectivas de menores tasas en los países desarrollados. El Consejero señor Sebastián Claro señala que, internamente, la actividad sigue mostrando un dinamismo importante. Sobre el particular, indica que el consumo de durables y la inversión en maquinarias y equipos siguen muy dinámicas, aunque la construcción permanece débil, y que las perspectivas de crecimiento en los próximos trimestres son auspiciosas. Enfatiza que sí es clave en esta dinámica que se materialice el cambio en la composición de la demanda hacia la inversión en construcción y con un mayor impulso externo, subrayando que la rapidez de esta transición es central para las perspectivas futuras de demanda, inflación y política monetaria. Advierte que la mantención de un alto dinamismo del consumo durable representa un riesgo a monitorear, pero que dada su mayor respuesta a variaciones en la parte corta de la estructura de tasas que la inversión, resulta clave para mantener una demanda vigorosa hacia el mediano plazo que este último componente retome un ritmo de crecimiento importante, lo que todavía no se observa. El señor Sebastián Claro continúa, manifestando que si bien el crédito ha seguido normalizándose, todavía se observa constreñido, tanto por mayores restricciones de los oferentes en algunos segmentos como por sectores donde la demanda se mantiene baja. Menciona que la tasa de crecimiento del M1 ha ido disminuyendo de manera importante, estando ya cerca del 20% nominal en doce meses, y que el crecimiento del M2 y M3 en doce meses se mantiene acotado, en torno al 6 y 7%. A su juicio, estas cifras muestran que el crédito ha comenzado a recuperar un ritmo de normalidad, sin dar muestras de un dinamismo excesivo que pudiera señalizar la necesidad de apurar la normalización de la política monetaria, ya que las condiciones actuales parecen descartar esa opción. Agrega que en el mercado laboral continúa un dinamismo importante en la creación de empleo, con remuneraciones nominales creciendo en torno al 4% en doce meses, lo que parece coherente con expectativas de inflación bien comportadas, un crecimiento de la productividad acotada y una tasa de desempleo todavía alta. En materia de inflación, indica que, en el corto plazo, los registros de inflación siguen sorprendiendo a la baja, citando que el dato de agosto fue menor al esperado. Al respecto, expresa que su interpretación de este fenómeno tiene tres partes. En primer lugar, plantea que los fundamentos sugieren que la inflación, especialmente su componente subyacente, debiera aumentar en los próximos meses, por lo que aun cuando los registros de inflación han sido bajos, la política monetaria debe considerar las perspectivas futuras de inflación, las que son más altas que las actuales. En segundo lugar, hace presente que, al mismo tiempo, muchos países en procesos de recuperación importante han mostrado registros de inflación bajos, lo que sugiere que el impacto de menores presiones inflacionarias externas, ya sea por baja inflación en dólares o por apreciaciones de sus monedas, es importante. Finalmente, indica que en la medida que estas condiciones continúen y que el peso siga en niveles similares a los actuales, la convergencia de la inflación podría ser algo más lenta que lo pronosticado, precisando que las últimas correcciones en las proyecciones de corto plazo son coherentes con aquello. En opinión del señor Sebastián Claro, estas consideraciones no afectan la decisión de hoy, ya que todavía existe el espacio para llevar la tasa de política monetaria hacia un nivel con tasas reales ex-ante cercanas a cero, pero que sí muestran que la posibilidad de graduar el ritmo de normalización de la política monetaria en el corto plazo es alta. En razón de lo expuesto, el Consejero señor Sebastián Claro vota por subir la tasa en 50 puntos base."
1,3428,9da9a4b3802c84cb37c69dde8ffdfe074a100190d15f89fc4bc5ef2af9de7d83,2010-09-16,4915,Sebastián Claro Edwards,4932,Enrique Marshall Rivera,SUJETO_ROL_NOMBRE,RPM-2010-09-16:T108,INICIO_EXPLICITO,"Prosiguiendo con la votación, el Consejero señor Enrique Marshall agradece al staff por el apoyo brindado, e indica que se llega a esta Reunión después de haber concluido muy recientemente la preparación y presentación de un nuevo IPoM, lo que sirve de base para la decisión que se debe tomar en esta ocasión."
1,3429,0a54b53086970e44421f109c95ce7ba46b9661f481944ad87e5358c914843897,2010-09-16,4916,Enrique Marshall Rivera,4933,Enrique Marshall Rivera,SUJETO_NOMBRE,RPM-2010-09-16:T108,CONTINUIDAD_EXPLICITA,"El señor Enrique Marshall plantea que en el frente externo, la volatilidad en los mercados financieros no se ha reducido en forma apreciable y que los problemas estructurales que han estado en el origen de estas tensiones siguen presentes. Menciona que si bien las cifras de crecimiento, con marcadas diferencias entre regiones, siguen siendo relevantes, todo apunta a cierta desaceleración en el segundo semestre y en el curso del próximo año. Agrega que los precios de las materias primas permanecen en niveles elevados, pero que con la trayectoria anticipada para la actividad, la inflación a nivel mundial se visualiza baja y acotada. En su opinión, coherente con estos antecedentes, las tasas de largo plazo de los países industrializados se ubican en niveles muy bajos y que lo más probable es que permanezcan en dichos niveles por algún tiempo. En el frente interno, destaca que la economía sigue mostrando un marcado dinamismo. Al respecto, indica que el último Imacec sorprendió nuevamente al alza y que el impulso proviene, principalmente, de la demanda interna, en que los sectores que exhiben una mayor fuerza son el comercio y los servicios en general, no así la industria y la construcción, que muestran rezagos. Coherente con lo anterior, comenta que el empleo crece en forma apreciable y que la tasa de desocupación disminuye. A su juicio, la demanda debería moderar su expansión en adelante, como ya lo sugieren las cifras más recientes, pero que, con todo, las proyecciones apuntan a que la economía mantendrá un ritmo de crecimiento vigoroso en los próximos trimestres. Añade que las condiciones crediticias se siguen normalizando y parecen brindar apoyo a la expansión de la demanda interna. Sin embargo, señala que persiste alguna incertidumbre sobre la evolución de la actividad en el mediano plazo, por lo que el riesgo de que adquiera una velocidad mayor que la visualizada está presente y debe ser monitoreado con atención. En materia de inflación, el señor Enrique Marshall hace presente que los registros mensuales siguen afectados por factores puntuales y que la última cifra de inflación sorprendió a la baja, pero más allá de ello, sostiene que la inflación anual continúa aumentando de acuerdo con lo previsto y que las proyecciones sugieren que seguirá subiendo en los próximos meses y que se ubicará transitoriamente en la parte superior del rango meta, para luego converger al 3%. Por el lado de costos, menciona que las presiones parecen bastante acotadas. Agrega que las remuneraciones se expanden moderadamente y que el tipo de cambio permanece afectado por fuerzas apreciativas, que se han intensificado en lo más reciente. Destaca que la evolución del tipo de cambio constituye un factor de preocupación. Al respecto, manifiesta que si persisten las tendencias observadas, ello podría ubicar al Banco en un escenario distinto del proyectado, con implicancias para la política monetaria. El señor Enrique Marshall prosigue, indicando que el mercado supone que el proceso de normalización continuará, esperando para esta Reunión un alza de 50 puntos base. En este contexto, estima que lo que corresponde es proseguir con la normalización contemplada en el último iPoM, por cuanto la TPM permanece aún a una distancia apreciable de la tasa neutral. El Consejero aludido coincide con que las opciones plausibles son un alza de 25 puntos base y una de 50 puntos base. Sin embargo, considera que la opción de un alza de 50 puntos base es la más coherente con el diagnóstico y las señales se han entregado en el último tiempo y, particularmente, con el último Informe. A su juicio, la opción de un alza de 25 puntos base tiene inconvenientes, ya que sorprendería al mercado y marcaría un cambio respecto de lo anunciado en el IPoM, en circunstancias que ha sido recién presentado. Además, estima que dejaría menos grados de i libertad para revisar el ritmo al cual debe proseguir la normalización de la política monetaria en las próximas reuniones, en función de los antecedentes que se acumulen. Por todo lo anterior, el Consejero señor Enrique Marshall vota por subir la TPM en 50 puntos base, para dejarla en 2,5%."
1,3429,0a54b53086970e44421f109c95ce7ba46b9661f481944ad87e5358c914843897,2010-09-16,4916,Enrique Marshall Rivera,4934,Manuel Marfán Lewis,SUJETO_ROL_NOMBRE,RPM-2010-09-16:T109,INICIO_EXPLICITO,"Prosiguiendo con la votación, el Vicepresidente señor Manuel Marfán agradece, como siempre, el análisis del staff que, en esta oportunidad, se beneficia también de la actualización del escenario base del reciente IPoM. Señala, asimismo, que hace suyo el listado de antecedentes nuevos respecto de la RPM anterior, contenidos en el punto 2 de la Minuta de Opciones."
1,3488,0370e5078bb80b774cdb5a2ab8ec8acf5c146dad71d66e23cbd7f052b53a4c45,2010-10-14,4997,Sebastián Claro Edwards,5015,Sebastián Claro Edwards,SUJETO_ROL_NOMBRE,RPM-2010-10-14:T68,INICIO_EXPLICITO,"El Consejero señor Sebastián Claro indica que la visión de una situación macro global dual ha tendido a agudizarse, que las perspectivas de mediano plazo para los países desarrollados siguen débiles y que, aun cuando las proyecciones de consenso no reflejan plenamente aquel escenario y los precios de muchos activos han aumentado marginalmente, las declaraciones de la Reserva Federal y la inminente profundización de la expansividad monetaria apuntan en esa dirección. Al mismo tiempo, menciona que el dinamismo en los países en desarrollo continúa siendo importante, en línea con lo que ha señalado el señor Gerente de División Estudios, aunque ciertas señales de normalización en la recuperación han aparecido luego de un rebote en actividad y demanda muy importante en la primera mitad del año. Sostiene, asimismo, que los precios de los commodities continúan en niveles altos, con un desempeño para el cobre muy destacable, y con apreciaciones generalizadas de sus monedas, reflejando un mayor atractivo de sus activos y mayores perspectivas de crecimiento. El Consejero señor Claro plantea que este diferencial de crecimiento parece justificable en el corto plazo, pero que no se puede descartar que una lenta recuperación en Estados Unidos y Europa y una profundización de sus problemas fiscales terminen afectando la proyección de crecimiento a mediano plazo, aún en países con una posición favorable actual, como es el caso de Chile. A su juicio, ello sugiere que el comportamiento del gasto y de la inversión, que no considere esta posibilidad dentro de sus escenarios posibles, puede dificultar el logro de una trayectoria macro estable en adelante. En el plano interno, manifiesta que la actividad ha sido dinámica en el más corto plazo y que se observa en el margen una desaceleración de ciertos componentes de la demanda que estuvieron más dinámicos en los últimos meses, así como algunas señales de una incipiente mejora en otros sectores que habían estado menos dinámicos, en particular, el sector construcción. Enfatiza que este cambio de composición es positivo y esperado. En materia de inflación, destaca que los registros fueron similares a los esperados por el mercado, pero menores que las proyecciones del Banco, estimándose que la tasa de inflación será más cercana al 3% hacia fines de año que el 4% esperado anteriormente. En su opinión, este es un fenómeno positivo, no tanto porque evidencia la ausencia de presiones inflacionarias, sino porque otorga mayores grados de libertad para graduar la velocidad de retiro del impulso monetario. El Consejero señor Sebastián Claro señala que uno de los fenómenos centrales en las últimas semanas ha sido, sin duda, la significativa apreciación del tipo de cambio nominal y, en menor medida, del tipo de cambio real. Indica que esta trayectoria no es muy distante de la observada en otros países en condiciones cíclicas y estructurales similares y que obedece, en parte, a las condiciones macroeconómicas favorables mencionadas, que han motivado también un debilitamiento generalizado del dólar. Agrega que las positivas perspectivas hacia mediano plazo en la economía chilena y en otras economías desarrolladas también podrían estar influyendo en las expectativas del tipo de cambio, promoviendo una apreciación de las monedas aún mayor. A su juicio, la comunicación del Banco Central, debe recalcar la incertidumbre externa que se observa, la que no debe ser obviada, por cuanto, más allá de las objetivas dificultades que ello representa para algunos sectores del país, resulta difícil argumentar a favor de un desalineamiento cambiarlo evidente en las condiciones macro actuales. A juicio del Consejero señor Sebastián Claro, la trayectoria del tipo de cambio tiene implicancias de corto plazo sobre la inflación, por lo que no se puede descartar que parte de los menores registros de inflación que se han observado -y que también se han observado en otros países en condiciones similares- estén reflejando el impacto cambiario. Hace presente que los menores registros de inflación y las perspectivas algo más benignas para la inflación, así como los datos de actividad en coherencia con una transición hacia tasas de crecimiento más moderado y un tipo de cambio real algo más apreciado que lo anticipado, entregan espacio para la moderación del alza en la tasa de interés. Sostiene que la apreciación real deriva parte de la demanda hacia componentes importados, lo que constituye una natural fuente de menores presiones inflacionarias e introduce, además, un natural desincentivo al endeudamiento externo, al aumentar el costo real efectivo de financiamiento. Por de pronto, estima que un aumento más acotado en la TPM en esta ocasión es plenamente coherente con la trayectoria central delineada en ellPoM, manifestando que, en ese sentido, discrepa con la Minuta de Opciones. Sobre el particular, indica que es posible que se esté ante un incipiente cambio en las condiciones externas, con implicancias sobre las tasas de interés de largo plazo y con presiones apreciativas sobre el tipo de cambio real en el mediano o largo plazo, que sugieran un escenario distinto para la política monetaria en adelante. En su opinión, ello deberá ser evaluado cuidadosamente. En mérito de lo expuesto, el Consejero señor Sebastián Claro manifiesta que vota por un alza de 25 puntos base en la TPM."
1,3488,0370e5078bb80b774cdb5a2ab8ec8acf5c146dad71d66e23cbd7f052b53a4c45,2010-10-14,4997,Sebastián Claro Edwards,5016,Enrique Marshall Rivera,SUJETO_ROL_NOMBRE,RPM-2010-10-14:T69,INICIO_EXPLICITO,"Prosiguiendo con la votación, el Consejero señor Enrique Marshall agradece al staff por el apoyo brindado, e indica que si bien las noticias del último mes tienden a confirmar el escenario interno perfilado en el último IPoM, ciertos desarrollos en el frente externo despiertan preocupación ."
1,3637,6ec06aca470f159930e45cc96e844ee663ebf675b164042a6a0f577e1a2f34c7,2010-12-16,5169,Sebastián Claro Edwards,5188,Sebastián Claro Edwards,SUJETO_ROL_NOMBRE,RPM-2010-12-16:T61,INICIO_EXPLICITO,"El Consejero señor Sebastián Claro comienza su intervención, señalando que en las últimas semanas se han ido consolidando ciertos patrones en la economía mundial, donde destacan la debilidad económica en varios países de Europa y la consiguiente inestabilidad en los mercados financieros que ello acarrea; los vaivenes o signos mixtos sobre la recuperación en Estados Unidos; la aceleración de la inflación en algunos países en desarrollo, en especial aquellos con mayor crecimiento y mayor rigidez cambiaria; y los precios de commodities y materias primas bastante elevados. Indica que, más allá de la idea de que la recuperación en los países más afectados por la crisis financiera será lenta, existe evidencia mixta en cuanto a si la debilidad es mayor o menor que la anticipada. Por una parte, menciona que las cifras de las últimas semanas han sido positivas en el margen y que los precios de los activos, especialmente las tasas de interés en Estados Unidos, que se han corregido agresivamente ai alza, tanto las reales como las nominales, podrían estar dando cuenta de mejores perspectivas. Por otro lado, comenta que la manifiesta preocupación de la Reserva Federal y las medidas extraordinarias de política fiscal en Estados Unidos y de política monetaria por parte del BCE, dan cuenta de una situación más deteriorada que hace un par de meses. El Consejero señor Sebastián Claro hace presente que esta tensión es muy evidente en las tasas largas en Estados Unidos, ya que o la Reserva Federal está equivocada, o las tasas de interés libres de riesgo están reflejando una expectativa desmedida, o la situación fiscal norteamericana está en serio aprieto. Sobre el particular, recalca que, en términos históricos, nunca se ha observado una combinación de tasas a 10 años de 3,5%, una tasa de desempleo de casi 10% y una inflación core inferior a 1%, ya que una tasa de 3,5% a 10 años ha estado asociada a un desempleo menor que 7% y a una inflación core cercana a 1,5%. Subraya, en consecuencia, que algo tiene que ceder. El Consejero señor Sebastián Claro prosigue, afirmando que el escenario base considerado en el análisis es benigno, en el sentido que supone una recuperación de la economía mundial acotada, pero no despreciable, impulsada por los países en desarrollo. Hace el alcance que concuerda, en general, con este escenario, pero advierte que los riesgos del exterior son latentes e importantes. Expresa que esto es relevante, porque enfatiza la necesidad de cierta cautela en la evaluación que el Banco efectúe de la situación externa, que no puede ser recogida en toda su magnitud por el escenario base. En el ámbito interno, indica que, en términos generales, la trayectoria de la actividad ha estado en línea con lo esperado desde hace algunos meses, aun cuando el dato de actividad de octubre sorprendió a la baja. Plantea que, por ahora, la expectativa es que ello sea un fenómeno muy puntual, que no afecta en su esencia la trayectoria en adelante. Destaca que se sigue observando un fuerte dinamismo del consumo y de algunos componentes de la inversión, aunque cierta desaceleración en el margen, y que hacia el próximo año, la proyección para la actividad es esencialmente la misma que la considerada anteriormente. Señala, además, que, aun cuando es de opinión que los riesgos externos están sesgados a la baja, es importante también evaluar la dinámica del gasto interno, especialmente del consumo privado, en un contexto en que el gasto fiscal ha tenido un comportamiento bastante acotado. Por el lado de la inflación, menciona que en los últimos meses se han ido consolidando registros significativamente más bajos que los esperados, lo que está asociado, probablemente y en parte importante, al efecto de la apreciación del peso. Añade que la medida de inflación subyacente todavía se encuentra en valores negativos, y que, en adelante, la dinámica de la actividad debiera elevar los precios, por lo que la normalización de la política monetaria es justificada. El Consejero señor Sebastián Claro destaca que la situación cambiaría ha estado en el centro de la discusión, tanto por sus efectos directos sobre la inflación como por revelar la forma como se está desarrollando el ajuste económico mundial. Expresa que, por ahora, es evidente que la diferente posición cíclica de economías desarrolladas y en desarrollo, los altos términos de intercambio y el favorable acceso al financiamiento externo están detrás de las presiones a la apreciación real de muchas monedas. Precisa que la economía chilena no es la excepción a ello, agregando que en algunos casos, esto se manifiesta en apreciaciones nominales y en otros países, en mayores presiones inflacionarias. A la luz de ello, estima que resulta muy difícil argumentar a favor de una desviación significativa del tipo de cambio respecto de lo que la dinámica cambiaría en el mundo y la posición cíclica de la economía chilena sugieren. Manifiesta que en una circunstancia como la actual, en que si bien la volatilidad cambiaría ha aumentado, el ajuste de tipo de cambio es una herramienta importante para evitar una toma excesiva de riesgo cambiario por parte del sector bancario y corporativo. El Consejero señor Sebastián Claro enfatiza que sí es importante enfatizar que parte de la apreciación del peso y de otras monedas puede estar inducida por una expectativa de excesivo optimismo sobre la capacidad de los países desarrollados de sortear la crisis, y sobre la capacidad de los países en desarrollo de sostener un dinamismo importante y persistente. En su opinión, hay interrogantes al respecto. Hace presente que la situación cambiaria, la incertidumbre externa y los bajos registros de inflación dan espacio para continuar con una normalización gradual de la política monetaria, en especial, en un contexto en que el crédito y los agregados monetarios menos líquidos no dan muestra de estar creciendo en exceso. En mérito de lo expuesto, el Consejero señor Sebastián Claro manifiesta que vota por subir la TPM en 25 puntos base. Agrega que, en adelante, la posibilidad de graduar los aumentos en la tasa se hace más probable, lo que, a su juicio, dependerá crucialmente de cómo se desenvuelvan las presiones de precios. Para finalizar, plantea que esto debería quedar plasmado en el comunicado y, especialmente, en el próximo IPoM."
1,3637,6ec06aca470f159930e45cc96e844ee663ebf675b164042a6a0f577e1a2f34c7,2010-12-16,5169,Sebastián Claro Edwards,5189,Enrique Marshall Rivera,SUJETO_ROL_NOMBRE,RPM-2010-12-16:T62,INICIO_EXPLICITO,"Prosiguiendo con la votación, el Consejero señor Enrique Marshall agradece al staff por el apoyo brindado. Destaca, en primer término, que se llega a esta Reunión después de completar la preparación del próximo IPoM, lo que conlleva el beneficio de contar con un conjunto completo de proyecciones de corto y mediano plazo, y una evaluación de los riesgos identificados. Refiriéndose al frente externo, el Consejero señor Enrique Marshall manifiesta que permanece el contraste entre el mundo desarrollado, que crece lentamente, y el mundo emergente, que se expande con vigor. Comenta que la inflación se muestra contenida en las economías desarrolladas, principalmente por consideraciones cíclicas, y que las emergentes enfrentan un panorama distinto. Especifica que estas últimas reducen brechas, mientras los precios de las materias primas, incluidos los alimentos, se mantienen elevados y siguen, incluso, experimentando alzas. A su juicio, todo ello los ubica frente a riesgos inflacionarios crecientes."
2,6564,3245c4c1a11ca8aa29e0933d6dba4093d875a13d0ad81722563995eddd47dbcd,2015-01-15,8431,Alberto Naudon Dell'Oro,8451,Alberto Naudon Dell'Oro,SUJETO_NOMBRE,RPM-2015-01-15:T16,INICIO_EXPLICITO,"El señor Alberto Naudon señala que la posibilidad de que Grecia salga de la Eurozona es menor que en el año 2011, porque sus problemas actuales son de carácter político más que macroeconómicos. Luego, en la medida que las fuerzas políticas opten por mantenerse dentro del Euro, disminuirá la probabilidad de hacer un default. De la misma forma, el incentivo de los otros países periféricos para salirse de la Eurozona es significativamente menor que en el año 2011, atendidos el esfuerzo fiscal realizado y los avances macroeconómicos alcanzados. Por otra parte, la capacidad del Banco Central Europeo para salvar a países como Portugal o España es mayor que en 2011."
2,6564,3245c4c1a11ca8aa29e0933d6dba4093d875a13d0ad81722563995eddd47dbcd,2015-01-15,8431,Alberto Naudon Dell'Oro,8452,Miguel Fuentes Díaz,SUJETO_NOMBRE,RPM-2015-01-15:T17,INICIO_EXPLICITO,"Al continuar con su exposición, el señor Miguel Fuentes informa que las expectativas de tasa en las economías desarrolladas no han variado significativamente, y que el mercado estadounidense sigue esperando un alza para el segundo semestre del año. Asimismo, destaca la caída de las tasas largas en los países desarrollados, donde las tasas de los bonos del Tesoro a 10 años alcanzan valores menores al 2%. Hace presente que frente a la RPM anterior, la caída de las tasas se concentra en los tramos más largos de la curva, en coherencia con un flight to quality y una compresión aún mayor de los premios por plazo. Agrega que el índice de volatilidad de estas tasas se ha incrementado en el último mes. Además, plantea que las bolsas de valores de las economías emergentes han disminuido en el margen y que las paridades se han depreciado, lideradas por Rusia. Añade que las monedas de América Latina también se han depreciado y que sus mercados bursátiles han caído alrededor de 5% en las últimas cinco semanas. Manifiesta que en este contexto, se han registrado salidas de capitales de las economías emergentes en el último mes. En lo atinente a América Latina, comenta que las monedas se han depreciado y que el peso chileno exhibe una depreciación algo menor que las monedas de las restantes economías de la región. Informa que ello ha llevado a algunos de sus bancos centrales a adoptar medidas. En efecto, el Banco Central de Brasil señaló que mantendrá las intervenciones de los mercados cambiarios; el Banco Central de Reserva del Perú anunció algunas medidas más orientadas a la estabilidad financiera y no necesariamente a la política monetaria para reducir su grado de exposición frente el posible ajuste cambiario que se produciría en las economías emergentes, en especial en las economías más dolarizadas; y el Banco de la República de Colombia decidió suspender las compras de reservas internacionales, luego que estas alcanzaran el equivalente al 1% del PIB en el año 2014. A título de conclusiones de los desarrollos recientes, destaca el episodio reciente de turbulencia financiera, acorde con lo contemplado en el escenario base del IPoM, donde las economías emergentes han demostrado ser bastante sensibles a este nuevo escenario. En segundo término, se asigna una creciente probabilidad al acuerdo sobre un programa de relajamiento cuantitativo en la Zona Euro, y eventuales retrasos o noticias respecto de esta medida podrían causar un nuevo episodio de volatilidad en los mercados. Añade que el flight to quality ha llevado las tasas largas a niveles bajos en las economías desarrolladas, lo que es coherente con una comprensión de premios por plazos. Al respecto, señala que estos se encuentran en niveles bajos, por lo que se advierte un riesgo de reversión repentina, que depreciaría las monedas de las economías emergentes."
