ID_Padre,Tipo,SHA256_Texto_Padre,Version,ID,Id_Sesion,Fecha,Actor_Original,Actor_Final,Actor_Corregido,Rol_Fuente,Rol_Final,Rol_Corregido,Rol_Detectado_Texto,Rol_Lista_Asistencia,Fuente_Rol,Tipo_Acta,Fuente_Actor,Página,Texto,Tema_Original,Tema_Categoria,Palabra_Clave_Original,Palabra_Clave_Categoria,Texto_Truncado,Duplicado_Exacto,Duplicado_Formula,Nota,ID_Intervencion,Numero_Segmento,Fuente_Texto,Duplicado_Exacto_Origen,Duplicado_Formula_Origen,ID_Bloque_Texto,Estado_Revision,Motivos_Revision,ID_Turno,Relacion_Turno,ID_Antecedente_Continuidad,ID_Ancla_Actor
121,MEMBRESIA_EXTREMO_ANTERIOR,1fd7df4fc59ff688edad4f37f6162a6b6f35d41ed40d4b10070de41079642ed9,Antes,122,RPM-2005-02-10,2005-02-10 00:00:00,Rodrigo Valdés Pulido,Rodrigo Valdés Pulido,NO,Gerente de División Estudios,Gerente de División Estudios,NO,,Gerente de División Estudios,LISTA_ASISTENCIA,,CONTEXTO_REVISADO,19,"5. En principio, los antecedentes acumulados son coherentes con mantener la estrategia de normalización pausada de la política monetaria aplicada desde septiembre pasado, pues ellos parecen insuficientes para modificar de manera significativa el escenario macroeconómico más probable. Sin embargo, si el escenario alternativo de persistencia de las noticias positivas de actividad sigue cobrando importancia, se podría justificar aumentar levemente el ritmo de normalización, aumento que en todo caso podría seguir siendo gradual, en la medida que las presiones inflacionarias actuales se mantengan acotadas. Por lo tanto, las novedades permiten descartar la idea de reducir el ritmo de normalización porque, mientras la inflación siga un curso como el previsto, la situación de mayor crecimiento implicará un mayor uso de las holguras de capacidad que lo anticipado en las proyecciones. 6. Como se ha discutido en otras oportunidades, en esta estrategia de normalización pausada de la política monetaria tienen cabida tanto alzas sucesivas durante algunos meses como pausas en otros, siendo la acumulación de antecedentes mes a mes un elemento fundamental para definir el ritmo preciso. Así, luego de un mes en que se aumentó la tasa de política monetaria, en la estrategia de normalización pausada tienen cabida tanto la mantención de la tasa de política monetaria en esta reunión como un aumento de 25 puntos base. 7. La mayoría de los antecedentes coyunturales apoya un nuevo aumento de tasa de política monetaria en esta reunión. Como se ha visto, por el lado de la inflación efectiva hay relativamente pocas novedades, mientras que el mayor uso de las holguras de capacidad estaría progresando más rápidamente que lo previsto. A ello se suman mejores indicadores de expectativas de hogares y empresas. En este cuadro resulta recomendable continuar transitando hacia una política monetaria más neutral desde el actual nivel considerablemente expansivo, de manera de asegurar que, dados los rezagos que tiene dicha política, el estimulo monetario sea coherente con una inflación proyectada en 3% en el horizonte habitual de política de 12 a 24 meses. 8. Ahora bien, también sería posible justificar mantener la tasa de política monetaria en su nivel actual si se evaluara que detrás del mayor crecimiento existe una expansión especialmente vigorosa del producto potencial, comparable a la del producto efectivo — y, por lo tanto, un cierre de brechas menos pronunciado— y se ponderara más el reducido aumento de los costos laborales. Ambos efectos atenuarían las futuras presiones de precios. La validez de este cuadro, sin embargo, puede ser contrastada con el comportamiento de las medidas de la tendencia inflacionaria, las que deberían mostrar algún grado de estancamiento si las holguras efectivamente fuesen elevadas y persistentes. Aunque las medidas mencionadas siguen aumentando lentamente, todas ellas van en la misma dirección por alrededor de varios meses. 9. En la presente reunión, los elementos tácticos tienen mayor importancia que la habitual. Al respecto cabe considerar, que en los últimos meses la gradualidad del proceso de normalización se ha asociado con pausas en los cambios de la tasa de política monetaria mes por medio. Esta situación ha sido relativamente incorporada en la estructura de precios financieros prevaleciente y, en esta oportunidad, una mayoría relativa del mercado no espera un cambio en la tasa de política monetaria. En efecto, la encuesta a analistas del Banco Central de Chile reveló un expectativa mayoritaria de mantención de la tasa (aunque su fecha de cierre fue previa a la divulgación del Imacec), y las encuestas de los servicios informativos realizadas en el día de ayer también dan cuenta de una expectativa mayoritaria por la mantención de la misma. Un alza sucesiva rompería la secuencia descrita y, posiblemente, sería percibida como un leve aumento del ritmo de normalización.","análisis comparativo de opciones de tasa, gradualidad y factores tácticos",opciones_tpm,estrategia de normalización,otros,NO,NO,NO,Hablante por contexto documentado: HAB-20260908-L13-121 (data/curation/revisiones_hablantes.json; no cotejo PDF); Rol según lista de asistencia: Gerente de División Estudios,RPM-2005-02-10:121:1,1,XLSX_ORIGINAL,NO,NO,RPM-2005-02-10:121:B1,SIN_ALERTAS_AUTOMATICAS,,RPM-2005-02-10:T50,SIN_CONTINUIDAD_CONFIRMADA,,
121,MEMBRESIA_EXTREMO_ANTERIOR,1fd7df4fc59ff688edad4f37f6162a6b6f35d41ed40d4b10070de41079642ed9,Despues,122,RPM-2005-02-10,2005-02-10 00:00:00,Rodrigo Valdés Pulido,Rodrigo Valdés Pulido,NO,Gerente de División Estudios,Gerente de División Estudios,NO,,Gerente de División Estudios,LISTA_ASISTENCIA,,CONTEXTO_REVISADO,19,"5. En principio, los antecedentes acumulados son coherentes con mantener la estrategia de normalización pausada de la política monetaria aplicada desde septiembre pasado, pues ellos parecen insuficientes para modificar de manera significativa el escenario macroeconómico más probable. Sin embargo, si el escenario alternativo de persistencia de las noticias positivas de actividad sigue cobrando importancia, se podría justificar aumentar levemente el ritmo de normalización, aumento que en todo caso podría seguir siendo gradual, en la medida que las presiones inflacionarias actuales se mantengan acotadas. Por lo tanto, las novedades permiten descartar la idea de reducir el ritmo de normalización porque, mientras la inflación siga un curso como el previsto, la situación de mayor crecimiento implicará un mayor uso de las holguras de capacidad que lo anticipado en las proyecciones. 6. Como se ha discutido en otras oportunidades, en esta estrategia de normalización pausada de la política monetaria tienen cabida tanto alzas sucesivas durante algunos meses como pausas en otros, siendo la acumulación de antecedentes mes a mes un elemento fundamental para definir el ritmo preciso. Así, luego de un mes en que se aumentó la tasa de política monetaria, en la estrategia de normalización pausada tienen cabida tanto la mantención de la tasa de política monetaria en esta reunión como un aumento de 25 puntos base. 7. La mayoría de los antecedentes coyunturales apoya un nuevo aumento de tasa de política monetaria en esta reunión. Como se ha visto, por el lado de la inflación efectiva hay relativamente pocas novedades, mientras que el mayor uso de las holguras de capacidad estaría progresando más rápidamente que lo previsto. A ello se suman mejores indicadores de expectativas de hogares y empresas. En este cuadro resulta recomendable continuar transitando hacia una política monetaria más neutral desde el actual nivel considerablemente expansivo, de manera de asegurar que, dados los rezagos que tiene dicha política, el estimulo monetario sea coherente con una inflación proyectada en 3% en el horizonte habitual de política de 12 a 24 meses. 8. Ahora bien, también sería posible justificar mantener la tasa de política monetaria en su nivel actual si se evaluara que detrás del mayor crecimiento existe una expansión especialmente vigorosa del producto potencial, comparable a la del producto efectivo — y, por lo tanto, un cierre de brechas menos pronunciado— y se ponderara más el reducido aumento de los costos laborales. Ambos efectos atenuarían las futuras presiones de precios. La validez de este cuadro, sin embargo, puede ser contrastada con el comportamiento de las medidas de la tendencia inflacionaria, las que deberían mostrar algún grado de estancamiento si las holguras efectivamente fuesen elevadas y persistentes. Aunque las medidas mencionadas siguen aumentando lentamente, todas ellas van en la misma dirección por alrededor de varios meses. 9. En la presente reunión, los elementos tácticos tienen mayor importancia que la habitual. Al respecto cabe considerar, que en los últimos meses la gradualidad del proceso de normalización se ha asociado con pausas en los cambios de la tasa de política monetaria mes por medio. Esta situación ha sido relativamente incorporada en la estructura de precios financieros prevaleciente y, en esta oportunidad, una mayoría relativa del mercado no espera un cambio en la tasa de política monetaria. En efecto, la encuesta a analistas del Banco Central de Chile reveló un expectativa mayoritaria de mantención de la tasa (aunque su fecha de cierre fue previa a la divulgación del Imacec), y las encuestas de los servicios informativos realizadas en el día de ayer también dan cuenta de una expectativa mayoritaria por la mantención de la misma. Un alza sucesiva rompería la secuencia descrita y, posiblemente, sería percibida como un leve aumento del ritmo de normalización.","análisis comparativo de opciones de tasa, gradualidad y factores tácticos",opciones_tpm,estrategia de normalización,otros,NO,NO,NO,Hablante por contexto documentado: HAB-20260908-L13-121 (data/curation/revisiones_hablantes.json; no cotejo PDF); Rol según lista de asistencia: Gerente de División Estudios,RPM-2005-02-10:121:1,1,XLSX_ORIGINAL,NO,NO,RPM-2005-02-10:121:B1,SIN_ALERTAS_AUTOMATICAS,,RPM-2005-02-10:T50,SIN_CONTINUIDAD_CONFIRMADA,,
122,ENLACE_EXTREMO_SIGUIENTE,46d84f2879721fe69c9aabb5647164c2e0a6623d58b0b5214f0d149bd4065013,Antes,123,RPM-2005-02-10,2005-02-10 00:00:00,Rodrigo Valdés Pulido,Rodrigo Valdés Pulido,NO,Gerente de División Estudios,Gerente de División Estudios,NO,,Gerente de División Estudios,LISTA_ASISTENCIA,,SUJETO_ROL_SESION,20,"10. Lo anterior, sin embargo, tiene dos aspectos positivos. Por un lado, validaría el que las proyecciones realizadas en el Informe de Política Monetaria tienen implícito un ritmo de normalización de la política monetaria levemente mayor que el implícito en la estructura que prevalecía antes del cierre estadístico de dicho documento. Las novedades que se han acumulado apoyan dicha validación, al igual que la exigua reacción que tuvieron las tasas de mercado con ese anuncio. Por otro lado, en la medida en que este ritmo de normalización levemente mayor sea percibido por el mercado, disminuye el riesgo de que sea necesario hacer alzas menos pausadas en el futuro ya que, parte de la normalización del estímulo monetario emanaría de acomodos en las tasas de mediano y largo plazo (y de los efectos cambíanos asociados. 11. Finalmente, el señor Gerente de la División Estudios señala, que cabe mencionar que también existe el riesgo táctico de que una decisión de alza no sea bien comprendida y se confunda con un cambio de la estrategia gradual. Este riesgo, sin embargo, debería ser posible de abordar en el comunicado de prensa respectivo.",validación del ritmo de normalización y riesgos tácticos de comunicación,riesgos,comunicación y tasas de mercado,mercados_financieros,NO,NO,NO,Rol según lista de asistencia: Gerente de División Estudios,RPM-2005-02-10:122:1,1,XLSX_ORIGINAL,NO,NO,RPM-2005-02-10:122:B1,SIN_ALERTAS_AUTOMATICAS,,RPM-2005-02-10:T51,INICIO_EXPLICITO,,RPM-2005-02-10:122:1
122,ENLACE_EXTREMO_SIGUIENTE,46d84f2879721fe69c9aabb5647164c2e0a6623d58b0b5214f0d149bd4065013,Despues,123,RPM-2005-02-10,2005-02-10 00:00:00,Rodrigo Valdés Pulido,Rodrigo Valdés Pulido,NO,Gerente de División Estudios,Gerente de División Estudios,NO,,Gerente de División Estudios,LISTA_ASISTENCIA,,SUJETO_ROL_SESION,20,"10. Lo anterior, sin embargo, tiene dos aspectos positivos. Por un lado, validaría el que las proyecciones realizadas en el Informe de Política Monetaria tienen implícito un ritmo de normalización de la política monetaria levemente mayor que el implícito en la estructura que prevalecía antes del cierre estadístico de dicho documento. Las novedades que se han acumulado apoyan dicha validación, al igual que la exigua reacción que tuvieron las tasas de mercado con ese anuncio. Por otro lado, en la medida en que este ritmo de normalización levemente mayor sea percibido por el mercado, disminuye el riesgo de que sea necesario hacer alzas menos pausadas en el futuro ya que, parte de la normalización del estímulo monetario emanaría de acomodos en las tasas de mediano y largo plazo (y de los efectos cambíanos asociados. 11. Finalmente, el señor Gerente de la División Estudios señala, que cabe mencionar que también existe el riesgo táctico de que una decisión de alza no sea bien comprendida y se confunda con un cambio de la estrategia gradual. Este riesgo, sin embargo, debería ser posible de abordar en el comunicado de prensa respectivo.",validación del ritmo de normalización y riesgos tácticos de comunicación,riesgos,comunicación y tasas de mercado,mercados_financieros,NO,NO,NO,Rol según lista de asistencia: Gerente de División Estudios,RPM-2005-02-10:122:1,1,XLSX_ORIGINAL,NO,NO,RPM-2005-02-10:122:B1,SIN_ALERTAS_AUTOMATICAS,,RPM-2005-02-10:T50,CONTINUIDAD_REVISADA,RPM-2005-02-10:121:1,RPM-2005-02-10:122:1
727,MEMBRESIA_EXTREMO_ANTERIOR,bd50b967cae2dde601931f5df0eac5638ddfd6bec2cdea185dae705309046d4d,Antes,982,RPM-2006-06-15,2006-06-15 00:00:00,Vittorio Corbo Lioi,Vittorio Corbo Lioi,NO,Presidente del Banco Central,Presidente del Banco Central,NO,,Presidente del Banco Central,LISTA_ASISTENCIA,,SUJETO_ROL_SESION,12,"Al respecto, el señor Presidente hace presente que se tomó nota de lo solicitado
por el Consejero señor Manuel Marfán y encarga que se estudie el tema.
El Presidente, señor Vittorio Corbo, suspende la Sesión a las 13:15 horas e
informa que la misma se reanudará a las 16:00 horas.","conclusión del debate matutino, suspensión a las 13:15, reanudación a las 16:15 e inicio presentación de opciones",opciones_tpm,suspensión y reanudación de la sesión,apertura_cierre,NO,NO,NO,Rol según lista de asistencia: Presidente del Banco Central,RPM-2006-06-15:727:1,1,XLSX_ORIGINAL,NO,NO,RPM-2006-06-15:727:B1,SIN_ALERTAS_AUTOMATICAS,,RPM-2006-06-15:T54,INICIO_EXPLICITO,,RPM-2006-06-15:727:1
727,MEMBRESIA_EXTREMO_ANTERIOR,bd50b967cae2dde601931f5df0eac5638ddfd6bec2cdea185dae705309046d4d,Antes,983,RPM-2006-06-15,2006-06-15 00:00:00,Vittorio Corbo Lioi,Consejo del Banco Central de Chile,SI,Presidente del Banco Central,Consejo,SI,,,ACTA_INSTITUCIONAL,META_SESION,ACTA/META,12,"Siendo las 16:15 horas, se reanuda la Sesión de Política Monetaria N° 94.
Se integra a la Sesión de Política Monetaria, el Ministro de Hacienda señor
Andrés Velasco Srañes.","conclusión del debate matutino, suspensión a las 13:15, reanudación a las 16:15 e inicio presentación de opciones",opciones_tpm,suspensión y reanudación de la sesión,apertura_cierre,NO,NO,NO,,RPM-2006-06-15:727:2,2,XLSX_ORIGINAL,NO,NO,RPM-2006-06-15:727:B2,SIN_ALERTAS_AUTOMATICAS,,RPM-2006-06-15:T55,INSTITUCIONAL,,
727,MEMBRESIA_EXTREMO_ANTERIOR,bd50b967cae2dde601931f5df0eac5638ddfd6bec2cdea185dae705309046d4d,Antes,984,RPM-2006-06-15,2006-06-15 00:00:00,Vittorio Corbo Lioi,Vittorio Corbo Lioi,NO,Presidente del Banco Central,Presidente del Banco Central,NO,,Presidente del Banco Central,LISTA_ASISTENCIA,,SUJETO_ROL_NOMBRE,12,"A continuación, el Presidente, don Vittorio Corbo, solicita al Gerente de División
Estudios, don Rodrigo Valdés, que presente las Opciones de Política Monetaria.","conclusión del debate matutino, suspensión a las 13:15, reanudación a las 16:15 e inicio presentación de opciones",opciones_tpm,suspensión y reanudación de la sesión,apertura_cierre,NO,NO,NO,Fórmula procedimental revisada: FORM-20260907-PRESENTACION-VALDES; Rol según lista de asistencia: Presidente del Banco Central,RPM-2006-06-15:727:3,3,XLSX_ORIGINAL,NO,NO,RPM-2006-06-15:727:B3,SIN_ALERTAS_AUTOMATICAS,,RPM-2006-06-15:T56,INICIO_EXPLICITO,,RPM-2006-06-15:727:3
727,MEMBRESIA_EXTREMO_ANTERIOR,bd50b967cae2dde601931f5df0eac5638ddfd6bec2cdea185dae705309046d4d,Antes,985,RPM-2006-06-15,2006-06-15 00:00:00,Vittorio Corbo Lioi,Rodrigo Valdés Pulido,SI,Presidente del Banco Central,Gerente de División Estudios,SI,,Gerente de División Estudios,LISTA_ASISTENCIA,,CONTEXTO_REVISADO,12,El señor Gerente de División mencionado informó lo siguiente:,"conclusión del debate matutino, suspensión a las 13:15, reanudación a las 16:15 e inicio presentación de opciones",opciones_tpm,suspensión y reanudación de la sesión,apertura_cierre,NO,NO,NO,Hablante por contexto documentado: HAB-20260908-L14-727 (data/curation/revisiones_hablantes.json; no cotejo PDF); Rol según lista de asistencia: Gerente de División Estudios,RPM-2006-06-15:727:4,4,XLSX_ORIGINAL,NO,NO,RPM-2006-06-15:727:B4,SIN_ALERTAS_AUTOMATICAS,,RPM-2006-06-15:T57,SIN_CONTINUIDAD_CONFIRMADA,,
727,MEMBRESIA_EXTREMO_ANTERIOR,bd50b967cae2dde601931f5df0eac5638ddfd6bec2cdea185dae705309046d4d,Despues,982,RPM-2006-06-15,2006-06-15 00:00:00,Vittorio Corbo Lioi,Vittorio Corbo Lioi,NO,Presidente del Banco Central,Presidente del Banco Central,NO,,Presidente del Banco Central,LISTA_ASISTENCIA,,SUJETO_ROL_SESION,12,"Al respecto, el señor Presidente hace presente que se tomó nota de lo solicitado
por el Consejero señor Manuel Marfán y encarga que se estudie el tema.
El Presidente, señor Vittorio Corbo, suspende la Sesión a las 13:15 horas e
informa que la misma se reanudará a las 16:00 horas.","conclusión del debate matutino, suspensión a las 13:15, reanudación a las 16:15 e inicio presentación de opciones",opciones_tpm,suspensión y reanudación de la sesión,apertura_cierre,NO,NO,NO,Rol según lista de asistencia: Presidente del Banco Central,RPM-2006-06-15:727:1,1,XLSX_ORIGINAL,NO,NO,RPM-2006-06-15:727:B1,SIN_ALERTAS_AUTOMATICAS,,RPM-2006-06-15:T54,INICIO_EXPLICITO,,RPM-2006-06-15:727:1
727,MEMBRESIA_EXTREMO_ANTERIOR,bd50b967cae2dde601931f5df0eac5638ddfd6bec2cdea185dae705309046d4d,Despues,983,RPM-2006-06-15,2006-06-15 00:00:00,Vittorio Corbo Lioi,Consejo del Banco Central de Chile,SI,Presidente del Banco Central,Consejo,SI,,,ACTA_INSTITUCIONAL,META_SESION,ACTA/META,12,"Siendo las 16:15 horas, se reanuda la Sesión de Política Monetaria N° 94.
Se integra a la Sesión de Política Monetaria, el Ministro de Hacienda señor
Andrés Velasco Srañes.","conclusión del debate matutino, suspensión a las 13:15, reanudación a las 16:15 e inicio presentación de opciones",opciones_tpm,suspensión y reanudación de la sesión,apertura_cierre,NO,NO,NO,,RPM-2006-06-15:727:2,2,XLSX_ORIGINAL,NO,NO,RPM-2006-06-15:727:B2,SIN_ALERTAS_AUTOMATICAS,,RPM-2006-06-15:T55,INSTITUCIONAL,,
727,MEMBRESIA_EXTREMO_ANTERIOR,bd50b967cae2dde601931f5df0eac5638ddfd6bec2cdea185dae705309046d4d,Despues,984,RPM-2006-06-15,2006-06-15 00:00:00,Vittorio Corbo Lioi,Vittorio Corbo Lioi,NO,Presidente del Banco Central,Presidente del Banco Central,NO,,Presidente del Banco Central,LISTA_ASISTENCIA,,SUJETO_ROL_NOMBRE,12,"A continuación, el Presidente, don Vittorio Corbo, solicita al Gerente de División
Estudios, don Rodrigo Valdés, que presente las Opciones de Política Monetaria.","conclusión del debate matutino, suspensión a las 13:15, reanudación a las 16:15 e inicio presentación de opciones",opciones_tpm,suspensión y reanudación de la sesión,apertura_cierre,NO,NO,NO,Fórmula procedimental revisada: FORM-20260907-PRESENTACION-VALDES; Rol según lista de asistencia: Presidente del Banco Central,RPM-2006-06-15:727:3,3,XLSX_ORIGINAL,NO,NO,RPM-2006-06-15:727:B3,SIN_ALERTAS_AUTOMATICAS,,RPM-2006-06-15:T56,INICIO_EXPLICITO,,RPM-2006-06-15:727:3
727,MEMBRESIA_EXTREMO_ANTERIOR,bd50b967cae2dde601931f5df0eac5638ddfd6bec2cdea185dae705309046d4d,Despues,985,RPM-2006-06-15,2006-06-15 00:00:00,Vittorio Corbo Lioi,Rodrigo Valdés Pulido,SI,Presidente del Banco Central,Gerente de División Estudios,SI,,Gerente de División Estudios,LISTA_ASISTENCIA,,CONTEXTO_REVISADO,12,El señor Gerente de División mencionado informó lo siguiente:,"conclusión del debate matutino, suspensión a las 13:15, reanudación a las 16:15 e inicio presentación de opciones",opciones_tpm,suspensión y reanudación de la sesión,apertura_cierre,NO,NO,NO,Hablante por contexto documentado: HAB-20260908-L14-727 (data/curation/revisiones_hablantes.json; no cotejo PDF); Rol según lista de asistencia: Gerente de División Estudios,RPM-2006-06-15:727:4,4,XLSX_ORIGINAL,NO,NO,RPM-2006-06-15:727:B4,SIN_ALERTAS_AUTOMATICAS,,RPM-2006-06-15:T57,SIN_CONTINUIDAD_CONFIRMADA,,
728,ENLACE_EXTREMO_SIGUIENTE,08fd090ce5e4b9ef5d0ea72181cc20ed731f292b09131e0a38b4ad6926abcd32,Antes,986,RPM-2006-06-15,2006-06-15 00:00:00,Rodrigo Valdés Pulido,Rodrigo Valdés Pulido,NO,Gerente de División Estudios,Gerente de División Estudios,NO,,Gerente de División Estudios,LISTA_ASISTENCIA,,SUJETO_ROL_SESION,13,"En la reunión de política monetaria de mayo, el Consejo decidió mantener la
tasa de interés de política monetaria en 5% anual, luego de haberla aumentado en abril en 25
puntos base. En la decisión se consideró que la inflación había continuado con una trayectoria
dentro de lo previsto.
En particular, la inflación subyacente IPCX1, otros indicadores de la
tendencia inflacionaria y las distintas medidas de expectativas de inflación, continuaban bien
ancladas.
Se consignó que el precio del cobre había alcanzado, bruscamente, niveles muy
superiores a proyecciones previas, y que la información disponible seguía indicando que la
demanda interna moderaba su elevada tasa de crecimiento.
Estos antecedentes avalaban
continuar con la estrategia de incremento pausado de la tasa de política monetaria.
Señala el señor Gerente de División Estudios que, desde la última reunión, se
han acumulado novedades en diversos ámbitos. Las más importantes son las siguientes:
•
Las condiciones financieras internacionales relevantes se han deteriorado, en medio de
una fuerte volatilidad alimentada por preocupaciones sobre las presiones inflacionarias,
especialmente en Estados Unidos de América. Frente a la salida de inversionistas desde
posiciones en activos más riesgosos, las bolsas y monedas de países emergentes han
caído, especialmente aquéllas que más habían aumentado previamente y que tienen una
base más amplia de inversionistas extranjeros participando en el mercado respectivo. En
línea con ello, los premios por riesgo soberano han aumentado.
•
Los precios de los metales se han ajustado notoriamente a la baja. El cobre ha caído
desde algo menos de US$ 4 la libra hasta la cercanía de US$ 3 la libra. Esta disminución,
sin embargo, no dista mucho del escenario central de proyecciones.
•
En el país, el desempeño del sector real en abril fue bastante más débil que lo esperado.
El crecimiento anual del Imacec fue 2,8%, y 1,3% respecto del mes anterior. Aunque la
información disponible para mayo, correspondiente a comercio exterior y energía, es
coherente con la hipótesis de que los resultados de abril no serían muy persistentes, hay
un mayor riesgo a la baja en el panorama de crecimiento de corto plazo. En tanto, el
crecimiento de la demanda interna parece estar disminuyendo gradualmente, de acuerdo
con lo previsto. La inversión, sin embargo, se estaría desacelerando algo más rápido que
lo anticipado.
•
La paridad peso/dólar aumentó fuertemente en las últimas semanas, hasta cerca de 545
en los últimos días, acumulando el peso una depreciación bilateral en torno a 5,5% y de
casi 4% en términos multilaterales. El TCR se ubicaría en la actualidad entre 93 y 94,
dentro del rango de las distintas estimaciones de TCR de largo plazo. Más allá de los
cambios de paridades, la expansividad de las condiciones financieras ha continuado
moderándose lentamente. Las tasas de interés de mediano y largo plazo han aumentado
marginalmente, y si bien la tasa de crecimiento anual del crédito y de los agregados
monetarios se mantiene elevada, la velocidad de expansión ha disminuido algo.
»
Más allá de los cambios metodológicos que dificultan su evaluación, las cifras del
mercado laboral siguen con las tendencias de los últimos meses; esto es, una sostenida
creación de empleos y un repunte leve de la tasa de desempleo. La tasa de crecimiento
anual de los costos laborales unitarios continúa incrementándose, fundamentalmente por
el volátil comportamiento de la productividad medida. El crecimiento anual de los salarios
aumentó marginalmente, en línea con la mayor inflación de los últimos meses.
•
La inflación del IRC se ubicó en abril dentro de lo esperado (3,7%).
El IPCX1, que
disminuyó a 2,7% anual y a cerca de 2% en velocidad, estuvo algo por debajo de lo
previsto, pero debido a shocks que se estima deberían revertirse.
Otras medidas de tendencia inflacionaria han disminuido marginalmente en lo más reciente y las
expectativas se mantienen bien ancladas.
Agrega el señor Valdés que, con los antecedentes disponibles, las opciones que
parecen más plausibles para esta reunión son mantener la tasa de política monetaria o
aumentarla en 25 puntos base, aunque los argumentos parecen favorecer con mayor fuerza la
mantención.
Asimismo indica que, si bien el escenario central delineado podría sufrir cambios
de persistir las novedades que se han acumulado, parece apresurado realizar modificaciones
mayores que lleven a un cambio en la estrategia de normalización gradual de la política
monetaria. Por un lado, le parece que con noticias de sólo un mes no es posible extrapolar una
tendencia clara, especialmente respecto a la actividad e inflación. Por otro lado, menciona que
las novedades significan presiones en sentidos opuestos sobre la inflación, por lo que no es
evidente su efecto conjunto.
Así, le parece necesario tener más antecedentes para poder
dilucidar las posibles implicancias de las novedades analizadas.
En su opinión, el argumento principal para elevar la tasa de política monetaria en
esta reunión es el efecto inflacionario del aumento que ha sufrido el tipo de cambio. Menciona
el señor Gerente que el tipo de cambio real se ubica en la actualidad en torno a 5% por encima
del escenario central de proyecciones, lo que implicaría, ceteris paribus, cerca de un cuarto de
punto de inflación adicional en el horizonte de dos años y de alrededor de un punto porcentual
a un horizonte de un año.
Esto, por sí mismo, estima que podría justificar un alza en esta
oportunidad, e incluso una trayectoria de la tasa de política algo más empinada que la implícita
en el escenario central. Sin embargo, cree que existen dos factores que se contraponen a lo
anterior y que parecen explicar al menos parte de la depreciación cambiaría: las cifras de
actividad interna y los efectos adicionales que podrían tener los shocks externos.
Respecto de lo primero, si bien por ahora se evalúa que el débil desempeño de
la actividad en abril habría obedecido a un shock transitorio — la información de demanda
interna, su velocidad e indicadores de mayo así lo avalan— , existe el riesgo de que este
resultado esté reflejando una trayectoria menos dinámica para la actividad y un copamiento de
holguras algo más lento.
Ello atenuaría el efecto inflacionario de la depreciación, e incluso
podría revertiría en el mediano plazo. Le parece que cabe mencionar que la hipótesis de que
una menor actividad sea reflejo de un menor crecimiento de tendencia y holguras que ya se
han copado no parece coherente con la tendencia inflacionaria y de ios salarios.
Señala el señor Valdés que, respecto de lo segundo, es probable que la
depreciación cambiaría obedezca no sólo a la menor actividad de abril y eventuales
diferenciales de tasas de interés entre Chile y Estados Unidos de América, sino que además al
menor apetito que muestran los inversionistas internacionales por activos más riesgosos y el
acomodo de precios que esto produce.
Piensa que, si bien ésta es una situación aún en
desarrollo y, en cierta medida esperable y sana, cuya magnitud y características finales todavía
no se pueden precisar, aparece el riesgo de que este shock externo tenga un efecto contractivo
relevante. Comenta que, esto puede darse, por ejemplo, moderando el crecimiento de socios
comerciales, provocando la postergación de decisiones de inversión interna, a través del efecto
que el mayor tipo de cambio tiene sobre precios claves, como los combustibles, o por la
corrección del precio de algunas materias primas.
Agrega que, en ese contexto, el shock
podría terminar siendo incluso deflacionario a plazos más largos, aun considerando la
depreciación.
Hace presente el señor Gerente de División Estudios, que así la alternativa de
aumentar la tasa de política monetaria en esta oportunidad tiene el riesgo de ser un alza
apresurada, que no considera otros efectos colaterales de los shocks que se enfrentan. Por el
contrario, la opción de mantener la tasa de política monetaria en esta oportunidad se justifica porque, simultáneamente, deja abierta la posibilidad de implementar una política más
acomodaticia —que puede terminar siendo necesaria si los shocks contractivos acaban
primando— y permite hacer ajustes más adelante, una vez que se acumule más información.
Tal como en meses pasados existía un “valor de opción” de apurar las alzas para mitigar el
riesgo de ajustes más rápidos, esta vez parece haber un “valor de opción” de esperar.
Además, indica el señor Gerente que, si bien la alternativa de mantener la tasa
de política monetaria tiene riesgos, en especial si genera una reacción importante al alza en el
tipo de cambio, éstos parecen ser acotados, considerando que las expectativas de inflación se
mantienen bien ancladas, que no hay evidencia concluyente de que en el mercado laboral se
estén configurando presiones de costos —si algo, los salarios tienen un comportamiento
benigno— , y que la expansividad de las condiciones financieras se siguen atenuando
lentamente.
Por último estima que, desde el punto de vista táctico, mantener al igual que
aumentar es una decisión coherente con la estrategia de normalización pausada.
En
consecuencia, no debería tener mayor efecto en la estructura de precios financieros. El hecho
de que la expectativa mayoritaria para esta reunión sea de mantención también apoya esta
evaluación. Con todo, le parece que no se puede descartar que mantener la tasa de política
monetaria sea entendido como la validación de un escenario de crecimiento más débil.","informe de opciones de política: diagnóstico de la coyuntura, riesgos macroeconómicos y alternativas de tasa",opciones_tpm,diagnóstico de opciones de política,opciones_tpm,NO,NO,NO,Rol según lista de asistencia: Gerente de División Estudios,RPM-2006-06-15:728:1,1,XLSX_ORIGINAL,NO,NO,RPM-2006-06-15:728:B1,SIN_ALERTAS_AUTOMATICAS,,RPM-2006-06-15:T58,INICIO_EXPLICITO,,RPM-2006-06-15:728:1
728,ENLACE_EXTREMO_SIGUIENTE,08fd090ce5e4b9ef5d0ea72181cc20ed731f292b09131e0a38b4ad6926abcd32,Despues,986,RPM-2006-06-15,2006-06-15 00:00:00,Rodrigo Valdés Pulido,Rodrigo Valdés Pulido,NO,Gerente de División Estudios,Gerente de División Estudios,NO,,Gerente de División Estudios,LISTA_ASISTENCIA,,SUJETO_ROL_SESION,13,"En la reunión de política monetaria de mayo, el Consejo decidió mantener la
tasa de interés de política monetaria en 5% anual, luego de haberla aumentado en abril en 25
puntos base. En la decisión se consideró que la inflación había continuado con una trayectoria
dentro de lo previsto.
En particular, la inflación subyacente IPCX1, otros indicadores de la
tendencia inflacionaria y las distintas medidas de expectativas de inflación, continuaban bien
ancladas.
Se consignó que el precio del cobre había alcanzado, bruscamente, niveles muy
superiores a proyecciones previas, y que la información disponible seguía indicando que la
demanda interna moderaba su elevada tasa de crecimiento.
Estos antecedentes avalaban
continuar con la estrategia de incremento pausado de la tasa de política monetaria.
Señala el señor Gerente de División Estudios que, desde la última reunión, se
han acumulado novedades en diversos ámbitos. Las más importantes son las siguientes:
•
Las condiciones financieras internacionales relevantes se han deteriorado, en medio de
una fuerte volatilidad alimentada por preocupaciones sobre las presiones inflacionarias,
especialmente en Estados Unidos de América. Frente a la salida de inversionistas desde
posiciones en activos más riesgosos, las bolsas y monedas de países emergentes han
caído, especialmente aquéllas que más habían aumentado previamente y que tienen una
base más amplia de inversionistas extranjeros participando en el mercado respectivo. En
línea con ello, los premios por riesgo soberano han aumentado.
•
Los precios de los metales se han ajustado notoriamente a la baja. El cobre ha caído
desde algo menos de US$ 4 la libra hasta la cercanía de US$ 3 la libra. Esta disminución,
sin embargo, no dista mucho del escenario central de proyecciones.
•
En el país, el desempeño del sector real en abril fue bastante más débil que lo esperado.
El crecimiento anual del Imacec fue 2,8%, y 1,3% respecto del mes anterior. Aunque la
información disponible para mayo, correspondiente a comercio exterior y energía, es
coherente con la hipótesis de que los resultados de abril no serían muy persistentes, hay
un mayor riesgo a la baja en el panorama de crecimiento de corto plazo. En tanto, el
crecimiento de la demanda interna parece estar disminuyendo gradualmente, de acuerdo
con lo previsto. La inversión, sin embargo, se estaría desacelerando algo más rápido que
lo anticipado.
•
La paridad peso/dólar aumentó fuertemente en las últimas semanas, hasta cerca de 545
en los últimos días, acumulando el peso una depreciación bilateral en torno a 5,5% y de
casi 4% en términos multilaterales. El TCR se ubicaría en la actualidad entre 93 y 94,
dentro del rango de las distintas estimaciones de TCR de largo plazo. Más allá de los
cambios de paridades, la expansividad de las condiciones financieras ha continuado
moderándose lentamente. Las tasas de interés de mediano y largo plazo han aumentado
marginalmente, y si bien la tasa de crecimiento anual del crédito y de los agregados
monetarios se mantiene elevada, la velocidad de expansión ha disminuido algo.
»
Más allá de los cambios metodológicos que dificultan su evaluación, las cifras del
mercado laboral siguen con las tendencias de los últimos meses; esto es, una sostenida
creación de empleos y un repunte leve de la tasa de desempleo. La tasa de crecimiento
anual de los costos laborales unitarios continúa incrementándose, fundamentalmente por
el volátil comportamiento de la productividad medida. El crecimiento anual de los salarios
aumentó marginalmente, en línea con la mayor inflación de los últimos meses.
•
La inflación del IRC se ubicó en abril dentro de lo esperado (3,7%).
El IPCX1, que
disminuyó a 2,7% anual y a cerca de 2% en velocidad, estuvo algo por debajo de lo
previsto, pero debido a shocks que se estima deberían revertirse.
Otras medidas de tendencia inflacionaria han disminuido marginalmente en lo más reciente y las
expectativas se mantienen bien ancladas.
Agrega el señor Valdés que, con los antecedentes disponibles, las opciones que
parecen más plausibles para esta reunión son mantener la tasa de política monetaria o
aumentarla en 25 puntos base, aunque los argumentos parecen favorecer con mayor fuerza la
mantención.
Asimismo indica que, si bien el escenario central delineado podría sufrir cambios
de persistir las novedades que se han acumulado, parece apresurado realizar modificaciones
mayores que lleven a un cambio en la estrategia de normalización gradual de la política
monetaria. Por un lado, le parece que con noticias de sólo un mes no es posible extrapolar una
tendencia clara, especialmente respecto a la actividad e inflación. Por otro lado, menciona que
las novedades significan presiones en sentidos opuestos sobre la inflación, por lo que no es
evidente su efecto conjunto.
Así, le parece necesario tener más antecedentes para poder
dilucidar las posibles implicancias de las novedades analizadas.
En su opinión, el argumento principal para elevar la tasa de política monetaria en
esta reunión es el efecto inflacionario del aumento que ha sufrido el tipo de cambio. Menciona
el señor Gerente que el tipo de cambio real se ubica en la actualidad en torno a 5% por encima
del escenario central de proyecciones, lo que implicaría, ceteris paribus, cerca de un cuarto de
punto de inflación adicional en el horizonte de dos años y de alrededor de un punto porcentual
a un horizonte de un año.
Esto, por sí mismo, estima que podría justificar un alza en esta
oportunidad, e incluso una trayectoria de la tasa de política algo más empinada que la implícita
en el escenario central. Sin embargo, cree que existen dos factores que se contraponen a lo
anterior y que parecen explicar al menos parte de la depreciación cambiaría: las cifras de
actividad interna y los efectos adicionales que podrían tener los shocks externos.
Respecto de lo primero, si bien por ahora se evalúa que el débil desempeño de
la actividad en abril habría obedecido a un shock transitorio — la información de demanda
interna, su velocidad e indicadores de mayo así lo avalan— , existe el riesgo de que este
resultado esté reflejando una trayectoria menos dinámica para la actividad y un copamiento de
holguras algo más lento.
Ello atenuaría el efecto inflacionario de la depreciación, e incluso
podría revertiría en el mediano plazo. Le parece que cabe mencionar que la hipótesis de que
una menor actividad sea reflejo de un menor crecimiento de tendencia y holguras que ya se
han copado no parece coherente con la tendencia inflacionaria y de ios salarios.
Señala el señor Valdés que, respecto de lo segundo, es probable que la
depreciación cambiaría obedezca no sólo a la menor actividad de abril y eventuales
diferenciales de tasas de interés entre Chile y Estados Unidos de América, sino que además al
menor apetito que muestran los inversionistas internacionales por activos más riesgosos y el
acomodo de precios que esto produce.
Piensa que, si bien ésta es una situación aún en
desarrollo y, en cierta medida esperable y sana, cuya magnitud y características finales todavía
no se pueden precisar, aparece el riesgo de que este shock externo tenga un efecto contractivo
relevante. Comenta que, esto puede darse, por ejemplo, moderando el crecimiento de socios
comerciales, provocando la postergación de decisiones de inversión interna, a través del efecto
que el mayor tipo de cambio tiene sobre precios claves, como los combustibles, o por la
corrección del precio de algunas materias primas.
Agrega que, en ese contexto, el shock
podría terminar siendo incluso deflacionario a plazos más largos, aun considerando la
depreciación.
Hace presente el señor Gerente de División Estudios, que así la alternativa de
aumentar la tasa de política monetaria en esta oportunidad tiene el riesgo de ser un alza
apresurada, que no considera otros efectos colaterales de los shocks que se enfrentan. Por el
contrario, la opción de mantener la tasa de política monetaria en esta oportunidad se justifica porque, simultáneamente, deja abierta la posibilidad de implementar una política más
acomodaticia —que puede terminar siendo necesaria si los shocks contractivos acaban
primando— y permite hacer ajustes más adelante, una vez que se acumule más información.
Tal como en meses pasados existía un “valor de opción” de apurar las alzas para mitigar el
riesgo de ajustes más rápidos, esta vez parece haber un “valor de opción” de esperar.
Además, indica el señor Gerente que, si bien la alternativa de mantener la tasa
de política monetaria tiene riesgos, en especial si genera una reacción importante al alza en el
tipo de cambio, éstos parecen ser acotados, considerando que las expectativas de inflación se
mantienen bien ancladas, que no hay evidencia concluyente de que en el mercado laboral se
estén configurando presiones de costos —si algo, los salarios tienen un comportamiento
benigno— , y que la expansividad de las condiciones financieras se siguen atenuando
lentamente.
Por último estima que, desde el punto de vista táctico, mantener al igual que
aumentar es una decisión coherente con la estrategia de normalización pausada.
En
consecuencia, no debería tener mayor efecto en la estructura de precios financieros. El hecho
de que la expectativa mayoritaria para esta reunión sea de mantención también apoya esta
evaluación. Con todo, le parece que no se puede descartar que mantener la tasa de política
monetaria sea entendido como la validación de un escenario de crecimiento más débil.","informe de opciones de política: diagnóstico de la coyuntura, riesgos macroeconómicos y alternativas de tasa",opciones_tpm,diagnóstico de opciones de política,opciones_tpm,NO,NO,NO,Rol según lista de asistencia: Gerente de División Estudios,RPM-2006-06-15:728:1,1,XLSX_ORIGINAL,NO,NO,RPM-2006-06-15:728:B1,SIN_ALERTAS_AUTOMATICAS,,RPM-2006-06-15:T57,CONTINUIDAD_REVISADA,RPM-2006-06-15:727:4,RPM-2006-06-15:728:1
2027,MEMBRESIA_EXTREMO_ANTERIOR,ec828c142ff8416a1ccabb28ecfaac6c9a2c30c3428472e17562e47b1ad618f2,Antes,2806,RPM-2008-08-14,2008-08-14 00:00:00,Jorge Desormeaux Jiménez,Jorge Desormeaux Jiménez,NO,Vicepresidente del Banco Central,Vicepresidente del Banco Central,NO,,Vicepresidente del Banco Central,LISTA_ASISTENCIA,,SUJETO_ROL_NOMBRE,16,"El Vicepresidente señor Desormeaux agrega que le da la impresión de que las cifras de la Universidad de Chile registran una baja en la tasa de desempleo,",Evolución del mercado laboral y empleo,mercado_laboral,mercado laboral,mercado_laboral,NO,NO,NO,Rol según lista de asistencia: Vicepresidente del Banco Central,RPM-2008-08-14:2027:1,1,XLSX_ORIGINAL,NO,NO,RPM-2008-08-14:2027:B1,PENDIENTE_REVISION,FINAL_SIN_PUNTUACION,RPM-2008-08-14:T69,INICIO_EXPLICITO,,RPM-2008-08-14:2027:1
2027,MEMBRESIA_EXTREMO_ANTERIOR,ec828c142ff8416a1ccabb28ecfaac6c9a2c30c3428472e17562e47b1ad618f2,Antes,2807,RPM-2008-08-14,2008-08-14 00:00:00,Jorge Desormeaux Jiménez,Claudio Soto Gamboa,SI,Vicepresidente del Banco Central,Gerente de Análisis Macroeconómico,SI,,Gerente de Análisis Macroeconómico,LISTA_ASISTENCIA,,CONTEXTO_REVISADO,16,lo que confirma el Gerente de Análisis Macroeconómico señor Soto.,Evolución del mercado laboral y empleo,mercado_laboral,mercado laboral,mercado_laboral,NO,NO,NO,Hablante por contexto documentado: HAB-20260908-L23-2027-154 (data/curation/revisiones_hablantes.json; no cotejo PDF); Rol según lista de asistencia: Gerente de Análisis Macroeconómico,RPM-2008-08-14:2027:2,2,XLSX_ORIGINAL,NO,NO,RPM-2008-08-14:2027:B2,SIN_ALERTAS_AUTOMATICAS,,RPM-2008-08-14:T70,SIN_CONTINUIDAD_CONFIRMADA,,
2027,MEMBRESIA_EXTREMO_ANTERIOR,ec828c142ff8416a1ccabb28ecfaac6c9a2c30c3428472e17562e47b1ad618f2,Despues,2806,RPM-2008-08-14,2008-08-14 00:00:00,Jorge Desormeaux Jiménez,Jorge Desormeaux Jiménez,NO,Vicepresidente del Banco Central,Vicepresidente del Banco Central,NO,,Vicepresidente del Banco Central,LISTA_ASISTENCIA,,SUJETO_ROL_NOMBRE,16,"El Vicepresidente señor Desormeaux agrega que le da la impresión de que las cifras de la Universidad de Chile registran una baja en la tasa de desempleo,",Evolución del mercado laboral y empleo,mercado_laboral,mercado laboral,mercado_laboral,NO,NO,NO,Rol según lista de asistencia: Vicepresidente del Banco Central,RPM-2008-08-14:2027:1,1,XLSX_ORIGINAL,NO,NO,RPM-2008-08-14:2027:B1,PENDIENTE_REVISION,FINAL_SIN_PUNTUACION,RPM-2008-08-14:T69,INICIO_EXPLICITO,,RPM-2008-08-14:2027:1
2027,MEMBRESIA_EXTREMO_ANTERIOR,ec828c142ff8416a1ccabb28ecfaac6c9a2c30c3428472e17562e47b1ad618f2,Despues,2807,RPM-2008-08-14,2008-08-14 00:00:00,Jorge Desormeaux Jiménez,Claudio Soto Gamboa,SI,Vicepresidente del Banco Central,Gerente de Análisis Macroeconómico,SI,,Gerente de Análisis Macroeconómico,LISTA_ASISTENCIA,,CONTEXTO_REVISADO,16,lo que confirma el Gerente de Análisis Macroeconómico señor Soto.,Evolución del mercado laboral y empleo,mercado_laboral,mercado laboral,mercado_laboral,NO,NO,NO,Hablante por contexto documentado: HAB-20260908-L23-2027-154 (data/curation/revisiones_hablantes.json; no cotejo PDF); Rol según lista de asistencia: Gerente de Análisis Macroeconómico,RPM-2008-08-14:2027:2,2,XLSX_ORIGINAL,NO,NO,RPM-2008-08-14:2027:B2,SIN_ALERTAS_AUTOMATICAS,,RPM-2008-08-14:T70,SIN_CONTINUIDAD_CONFIRMADA,,
2028,ENLACE_EXTREMO_SIGUIENTE,8163ec5f2a57d960600bc92c84eb556c06588faf9f5b7ce6351bdd168e486b35,Antes,2808,RPM-2008-08-14,2008-08-14 00:00:00,Claudio Soto Gamboa,Claudio Soto Gamboa,NO,Gerente de Análisis Macroeconómico,Gerente de Análisis Macroeconómico,NO,,Gerente de Análisis Macroeconómico,LISTA_ASISTENCIA,,SUJETO_ROL_NOMBRE,16,"El Gerente de Análisis Macroeconómico señor Soto señala que respecto a empleo asalariado, éste muestra una tendencia hacia una desaceleración y una suerte de rebote. Asimismo, con respecto al empleo por cuenta propia, informa que se ha estado trabajando en algunas hipótesis que sugieren la existencia de una recomposición sectorial del empleo, con un menor empleo agrícola, donde la incidencia por cuenta propia es más alta. Agrega que la Asociación Chilena de Seguridad da cuenta también de un cambio en la descomposición del empleo en temas etareos, con más empleo juvenil y de personas que han tenido más acceso a la educación y que, por lo tanto, ingresa de manera más formal al mercado laboral.",Evolución del mercado laboral y empleo,mercado_laboral,mercado laboral,mercado_laboral,NO,NO,NO,Rol según lista de asistencia: Gerente de Análisis Macroeconómico,RPM-2008-08-14:2028:1,1,XLSX_ORIGINAL,NO,NO,RPM-2008-08-14:2028:B1,SIN_ALERTAS_AUTOMATICAS,,RPM-2008-08-14:T71,INICIO_EXPLICITO,,RPM-2008-08-14:2028:1
2028,ENLACE_EXTREMO_SIGUIENTE,8163ec5f2a57d960600bc92c84eb556c06588faf9f5b7ce6351bdd168e486b35,Despues,2808,RPM-2008-08-14,2008-08-14 00:00:00,Claudio Soto Gamboa,Claudio Soto Gamboa,NO,Gerente de Análisis Macroeconómico,Gerente de Análisis Macroeconómico,NO,,Gerente de Análisis Macroeconómico,LISTA_ASISTENCIA,,SUJETO_ROL_NOMBRE,16,"El Gerente de Análisis Macroeconómico señor Soto señala que respecto a empleo asalariado, éste muestra una tendencia hacia una desaceleración y una suerte de rebote. Asimismo, con respecto al empleo por cuenta propia, informa que se ha estado trabajando en algunas hipótesis que sugieren la existencia de una recomposición sectorial del empleo, con un menor empleo agrícola, donde la incidencia por cuenta propia es más alta. Agrega que la Asociación Chilena de Seguridad da cuenta también de un cambio en la descomposición del empleo en temas etareos, con más empleo juvenil y de personas que han tenido más acceso a la educación y que, por lo tanto, ingresa de manera más formal al mercado laboral.",Evolución del mercado laboral y empleo,mercado_laboral,mercado laboral,mercado_laboral,NO,NO,NO,Rol según lista de asistencia: Gerente de Análisis Macroeconómico,RPM-2008-08-14:2028:1,1,XLSX_ORIGINAL,NO,NO,RPM-2008-08-14:2028:B1,SIN_ALERTAS_AUTOMATICAS,,RPM-2008-08-14:T70,CONTINUIDAD_REVISADA,RPM-2008-08-14:2027:2,RPM-2008-08-14:2028:1
2838,MEMBRESIA_EXTREMO_ANTERIOR,7334060401fd9477090cc4a154e523e3ef13244b82d218474a25306067f72057,Antes,4210,RPM-2009-12-15,2009-12-15 00:00:00,Manuel Marfán Lewis,Manuel Marfán Lewis,NO,Vicepresidente del Banco Central,Vicepresidente del Banco Central,NO,,Vicepresidente del Banco Central,LISTA_ASISTENCIA,,SUJETO_ROL_NOMBRE,20,"El Vicepresidente Subrogante señor Manuel Marfán inicia su intervención, agradeciendo el análisis del staff, señalando que en esta oportunidad se beneficia de la cercanía del IPoM, y que hace suya la lista de antecedentes del punto 2 de la Minuta de Opciones, a la que añade los siguientes comentarios. En primer término, el señor Manuel Marfán menciona que al anunciar el retiro de la FLAP, en la Reunión anterior, había incertidumbre respecto del impacto que pudiera haber sobre las perspectivas de la política monetaria futura. Al respecto, indica que tanto las encuestas de expectativas económicas como la encuesta a los operadores de mesa de dinero, así como también los precios de los activos financieros, dan cuenta de una trayectoria futura más expansiva que la de la RPM de noviembre, con una diferencia en la tasa en torno a 50 puntos base hacia el segundo trimestre del próximo año, respecto de lo que había hace un mes atrás En segundo lugar, menciona que los precios financieros todavía se sitúan algo por sobre las encuestas y lo que el Banco Central considera más adecuado en su escenario central. Agrega que la apreciación del peso ha sido también brusca e inesperada en lo más reciente. Con todo, afirma que desde que detonó la crisis financiera global, la evolución del tipo de cambio de punta a punta no ha diferido del de las demás monedas comparables. A juicio del señor Marfán, en lo esencial, el próximo escenario base contemplado por el IPoM de este mes, para efectos de la política monetaria, no difiere sustancialmente del de septiembre pasado, esto es: un escenario de crecimiento moderado, con cierre de brechas en el horizonte de política; una inflación que en todas sus medidas converge desde abajo hasta el centro del rango meta en 24 meses; y, una política monetaria que contempla un retorno suave y gradual a la normalidad, que se iniciaría hacia el segundo trimestre del próximo año. Añade que el escenario de riesgo, sin embargo, aún no está definido. En este contexto, el Vicepresidente Subrogante señor Marfán manifiesta que la decisión de hoy de mantener la tasa en su nivel actual de 50 puntos base es obvia, y que lo más relevante es el contenido del Comunicado que, a su juicio, debiera ser equivalente al de la Reunión anterior, respecto de las perspectivas de la política monetaria",Acuerdo de Política Monetaria y comunicado oficial,acuerdo_comunicado,acuerdo y comunicado,acuerdo_comunicado,NO,NO,NO,Rol según lista de asistencia: Vicepresidente del Banco Central,RPM-2009-12-15:2838:1,1,XLSX_ORIGINAL,NO,NO,RPM-2009-12-15:2838:B1,PENDIENTE_REVISION,FINAL_SIN_PUNTUACION,RPM-2009-12-15:T70,INICIO_EXPLICITO,,RPM-2009-12-15:2838:1
2838,MEMBRESIA_EXTREMO_ANTERIOR,7334060401fd9477090cc4a154e523e3ef13244b82d218474a25306067f72057,Antes,4211,RPM-2009-12-15,2009-12-15 00:00:00,Manuel Marfán Lewis,José De Gregorio Rebeco,SI,Vicepresidente del Banco Central,Presidente del Banco Central,SI,,Presidente del Banco Central,LISTA_ASISTENCIA,,CONTEXTO_REVISADO,20,"Para finalizar con la votación, el Presidente, señor José De Gregorio, indica que al igual que el mes pasado, el escenario actual no dista significativamente del último IPoM, el cual, a su vez, es similar al que se presentará el miércoles 16 de diciembre ante la Comisión de Hacienda del Senado Señala que, aunque los últimos registros de actividad e inflación presentaron algunas sorpresas, en ambos casos algo por debajo de lo proyectado, estuvieron dentro de rangos razonables para afirmar que se sigue en una senda de recuperación con perspectivas de inflaciones que permanecerán bajas por un tiempo, para comenzar a subir y a converger a la meta en el horizonte de política. Más allá de algunos shocks financieros en la economía global, que revelan que la situación aún no se ha normalizado, el señor José De Gregorio menciona que la recuperación global continúa y con riesgos que aún persisten. Más aún, plantea que las recientes rebajas en la clasificación de la deuda pública de algunos países atestiguan que la situación fiscal en muchas economías es vulnerable y los costos de las expansiones fiscales en economías que partieron de una situación frágil no son menores. En su opinión, en el futuro se seguirán observando algunas turbulencias y shocks financieros negativos, del tipo observado recientemente, lo que requiere de un cuidadoso monitoreo del escenario internacional, que es, precisamente, lo que conduce a predicciones de una recuperación mundial pausada. Con todo, y habida cuenta de los riesgos externos, el señor De Gregorio estima que el panorama inflacionario para nuestra economía sugiere que el estímulo monetario actual se debe seguir manteniendo por un período prolongado.",Acuerdo de Política Monetaria y comunicado oficial,acuerdo_comunicado,acuerdo y comunicado,acuerdo_comunicado,NO,NO,NO,Hablante por contexto documentado: HAB-20260907-2838 (data/curation/revisiones_hablantes.json; no cotejo PDF); Rol según lista de asistencia: Presidente del Banco Central,RPM-2009-12-15:2838:2,2,XLSX_ORIGINAL,NO,NO,RPM-2009-12-15:2838:B2,SIN_ALERTAS_AUTOMATICAS,,RPM-2009-12-15:T71,SIN_CONTINUIDAD_CONFIRMADA,,
2838,MEMBRESIA_EXTREMO_ANTERIOR,7334060401fd9477090cc4a154e523e3ef13244b82d218474a25306067f72057,Despues,4210,RPM-2009-12-15,2009-12-15 00:00:00,Manuel Marfán Lewis,Manuel Marfán Lewis,NO,Vicepresidente del Banco Central,Vicepresidente del Banco Central,NO,,Vicepresidente del Banco Central,LISTA_ASISTENCIA,,SUJETO_ROL_NOMBRE,20,"El Vicepresidente Subrogante señor Manuel Marfán inicia su intervención, agradeciendo el análisis del staff, señalando que en esta oportunidad se beneficia de la cercanía del IPoM, y que hace suya la lista de antecedentes del punto 2 de la Minuta de Opciones, a la que añade los siguientes comentarios. En primer término, el señor Manuel Marfán menciona que al anunciar el retiro de la FLAP, en la Reunión anterior, había incertidumbre respecto del impacto que pudiera haber sobre las perspectivas de la política monetaria futura. Al respecto, indica que tanto las encuestas de expectativas económicas como la encuesta a los operadores de mesa de dinero, así como también los precios de los activos financieros, dan cuenta de una trayectoria futura más expansiva que la de la RPM de noviembre, con una diferencia en la tasa en torno a 50 puntos base hacia el segundo trimestre del próximo año, respecto de lo que había hace un mes atrás En segundo lugar, menciona que los precios financieros todavía se sitúan algo por sobre las encuestas y lo que el Banco Central considera más adecuado en su escenario central. Agrega que la apreciación del peso ha sido también brusca e inesperada en lo más reciente. Con todo, afirma que desde que detonó la crisis financiera global, la evolución del tipo de cambio de punta a punta no ha diferido del de las demás monedas comparables. A juicio del señor Marfán, en lo esencial, el próximo escenario base contemplado por el IPoM de este mes, para efectos de la política monetaria, no difiere sustancialmente del de septiembre pasado, esto es: un escenario de crecimiento moderado, con cierre de brechas en el horizonte de política; una inflación que en todas sus medidas converge desde abajo hasta el centro del rango meta en 24 meses; y, una política monetaria que contempla un retorno suave y gradual a la normalidad, que se iniciaría hacia el segundo trimestre del próximo año. Añade que el escenario de riesgo, sin embargo, aún no está definido. En este contexto, el Vicepresidente Subrogante señor Marfán manifiesta que la decisión de hoy de mantener la tasa en su nivel actual de 50 puntos base es obvia, y que lo más relevante es el contenido del Comunicado que, a su juicio, debiera ser equivalente al de la Reunión anterior, respecto de las perspectivas de la política monetaria",Acuerdo de Política Monetaria y comunicado oficial,acuerdo_comunicado,acuerdo y comunicado,acuerdo_comunicado,NO,NO,NO,Rol según lista de asistencia: Vicepresidente del Banco Central,RPM-2009-12-15:2838:1,1,XLSX_ORIGINAL,NO,NO,RPM-2009-12-15:2838:B1,PENDIENTE_REVISION,FINAL_SIN_PUNTUACION,RPM-2009-12-15:T70,INICIO_EXPLICITO,,RPM-2009-12-15:2838:1
2838,MEMBRESIA_EXTREMO_ANTERIOR,7334060401fd9477090cc4a154e523e3ef13244b82d218474a25306067f72057,Despues,4211,RPM-2009-12-15,2009-12-15 00:00:00,Manuel Marfán Lewis,José De Gregorio Rebeco,SI,Vicepresidente del Banco Central,Presidente del Banco Central,SI,,Presidente del Banco Central,LISTA_ASISTENCIA,,CONTEXTO_REVISADO,20,"Para finalizar con la votación, el Presidente, señor José De Gregorio, indica que al igual que el mes pasado, el escenario actual no dista significativamente del último IPoM, el cual, a su vez, es similar al que se presentará el miércoles 16 de diciembre ante la Comisión de Hacienda del Senado Señala que, aunque los últimos registros de actividad e inflación presentaron algunas sorpresas, en ambos casos algo por debajo de lo proyectado, estuvieron dentro de rangos razonables para afirmar que se sigue en una senda de recuperación con perspectivas de inflaciones que permanecerán bajas por un tiempo, para comenzar a subir y a converger a la meta en el horizonte de política. Más allá de algunos shocks financieros en la economía global, que revelan que la situación aún no se ha normalizado, el señor José De Gregorio menciona que la recuperación global continúa y con riesgos que aún persisten. Más aún, plantea que las recientes rebajas en la clasificación de la deuda pública de algunos países atestiguan que la situación fiscal en muchas economías es vulnerable y los costos de las expansiones fiscales en economías que partieron de una situación frágil no son menores. En su opinión, en el futuro se seguirán observando algunas turbulencias y shocks financieros negativos, del tipo observado recientemente, lo que requiere de un cuidadoso monitoreo del escenario internacional, que es, precisamente, lo que conduce a predicciones de una recuperación mundial pausada. Con todo, y habida cuenta de los riesgos externos, el señor De Gregorio estima que el panorama inflacionario para nuestra economía sugiere que el estímulo monetario actual se debe seguir manteniendo por un período prolongado.",Acuerdo de Política Monetaria y comunicado oficial,acuerdo_comunicado,acuerdo y comunicado,acuerdo_comunicado,NO,NO,NO,Hablante por contexto documentado: HAB-20260907-2838 (data/curation/revisiones_hablantes.json; no cotejo PDF); Rol según lista de asistencia: Presidente del Banco Central,RPM-2009-12-15:2838:2,2,XLSX_ORIGINAL,NO,NO,RPM-2009-12-15:2838:B2,SIN_ALERTAS_AUTOMATICAS,,RPM-2009-12-15:T71,SIN_CONTINUIDAD_CONFIRMADA,,
2839,ENLACE_EXTREMO_SIGUIENTE,21524c6553a8081fb48b0d7f5903961adb7a53afeea1bafc52768f0a3253ef93,Antes,4212,RPM-2009-12-15,2009-12-15 00:00:00,José De Gregorio Rebeco,José De Gregorio Rebeco,NO,Presidente del Banco Central,Presidente del Banco Central,NO,,Presidente del Banco Central,LISTA_ASISTENCIA,,SUJETO_ROL_SESION,21,"El señor Presidente subraya, tal como indicara el Ministro de Hacienda Subrogante, que tampoco se puede descartar el uso de políticas no convencionales para asegurar el logro de la meta, aunque esto no le parece aconsejable en esta Reunión, dado que en el escenario central la convergencia a la meta se logrará con la mantención de la tasa hasta al menos el segundo trimestre del próximo año. Ajuicio del señor De Gregorio, para considerar estas medidas no convencionales se deberían observar precios de activos desalineados de manera significativa de lo estimado como necesario para producir el cierre de brechas y el alza en la tasa de inflación. En razón de lo anterior, el Presidente, señor José De Gregorio, vota por mantener la TPM en 0,5%.",Acuerdo de Política Monetaria y comunicado oficial,acuerdo_comunicado,acuerdo y comunicado,acuerdo_comunicado,NO,NO,NO,Rol según lista de asistencia: Presidente del Banco Central,RPM-2009-12-15:2839:1,1,XLSX_ORIGINAL,NO,NO,RPM-2009-12-15:2839:B1,SIN_ALERTAS_AUTOMATICAS,,RPM-2009-12-15:T72,INICIO_EXPLICITO,,RPM-2009-12-15:2839:1
2839,ENLACE_EXTREMO_SIGUIENTE,21524c6553a8081fb48b0d7f5903961adb7a53afeea1bafc52768f0a3253ef93,Antes,4213,RPM-2009-12-15,2009-12-15 00:00:00,José De Gregorio Rebeco,Consejo del Banco Central de Chile,SI,Presidente del Banco Central,Consejo,SI,,,ACTA_INSTITUCIONAL,ACUERDO_CONSEJO,ACTA/META,21,"147-01-091215-T asa de Política Monetaria El Consejo aprobó, por la unanimidad de sus miembros, mantener la tasa de interés de política monetaria en 0,50% anual. Comunicado “En su reunión mensual de política monetaria, el Consejo del Banco Central de Chile acordó mantener la tasa de interés de política monetaria en 0,50% anual. En el ámbito externo, los datos recientes reafirman las perspectivas de actividad global para el próximo año, que han incidido en una progresiva estabilización de los mercados financieros. Los precios de los productos básicos han tenido movimientos mixtos. Y Sesión N° 147 15.12.09 22.- En el plano interno, la información disponible sugiere que la actividad y la demanda se están expandiendo en el segundo semestre. El empleo ha crecido y la tasa de desocupación ha comenzado a reducirse. Las condiciones crediticias han mejorado en el margen, pero se mantienen estrechas. En noviembre, el IPC y las diversas medidas subyacentes mostraron reducciones. La dinámica salarial sigue acorde con sus patrones históricos. Se prevén registros de inflación anual reducidos en los próximos trimestres, mientras que las expectativas de inflación de mediano plazo se han mantenido estables. El Consejo considera que el entorno macroeconómico es congruente con una TPM que se mantendrá en el nivel mínimo de 0,50% hasta al menos el segundo trimestre del próximo año, y que su ritmo de normalización será comparable a las expectativas de la encuesta mensual y más gradual que el implícito en los precios de los activos financieros. Con ello, reitera que continuará usando sus políticas con flexibilidad para que la inflación proyectada se ubique en 3% en el horizonte de política.”",Acuerdo de Política Monetaria y comunicado oficial,acuerdo_comunicado,acuerdo y comunicado,acuerdo_comunicado,NO,NO,NO,,RPM-2009-12-15:2839:2,2,XLSX_ORIGINAL,NO,NO,RPM-2009-12-15:2839:B2,SIN_ALERTAS_AUTOMATICAS,,RPM-2009-12-15:T73,INSTITUCIONAL,,
2839,ENLACE_EXTREMO_SIGUIENTE,21524c6553a8081fb48b0d7f5903961adb7a53afeea1bafc52768f0a3253ef93,Despues,4212,RPM-2009-12-15,2009-12-15 00:00:00,José De Gregorio Rebeco,José De Gregorio Rebeco,NO,Presidente del Banco Central,Presidente del Banco Central,NO,,Presidente del Banco Central,LISTA_ASISTENCIA,,SUJETO_ROL_SESION,21,"El señor Presidente subraya, tal como indicara el Ministro de Hacienda Subrogante, que tampoco se puede descartar el uso de políticas no convencionales para asegurar el logro de la meta, aunque esto no le parece aconsejable en esta Reunión, dado que en el escenario central la convergencia a la meta se logrará con la mantención de la tasa hasta al menos el segundo trimestre del próximo año. Ajuicio del señor De Gregorio, para considerar estas medidas no convencionales se deberían observar precios de activos desalineados de manera significativa de lo estimado como necesario para producir el cierre de brechas y el alza en la tasa de inflación. En razón de lo anterior, el Presidente, señor José De Gregorio, vota por mantener la TPM en 0,5%.",Acuerdo de Política Monetaria y comunicado oficial,acuerdo_comunicado,acuerdo y comunicado,acuerdo_comunicado,NO,NO,NO,Rol según lista de asistencia: Presidente del Banco Central,RPM-2009-12-15:2839:1,1,XLSX_ORIGINAL,NO,NO,RPM-2009-12-15:2839:B1,SIN_ALERTAS_AUTOMATICAS,,RPM-2009-12-15:T71,CONTINUIDAD_REVISADA,RPM-2009-12-15:2838:2,RPM-2009-12-15:2839:1
2839,ENLACE_EXTREMO_SIGUIENTE,21524c6553a8081fb48b0d7f5903961adb7a53afeea1bafc52768f0a3253ef93,Despues,4213,RPM-2009-12-15,2009-12-15 00:00:00,José De Gregorio Rebeco,Consejo del Banco Central de Chile,SI,Presidente del Banco Central,Consejo,SI,,,ACTA_INSTITUCIONAL,ACUERDO_CONSEJO,ACTA/META,21,"147-01-091215-T asa de Política Monetaria El Consejo aprobó, por la unanimidad de sus miembros, mantener la tasa de interés de política monetaria en 0,50% anual. Comunicado “En su reunión mensual de política monetaria, el Consejo del Banco Central de Chile acordó mantener la tasa de interés de política monetaria en 0,50% anual. En el ámbito externo, los datos recientes reafirman las perspectivas de actividad global para el próximo año, que han incidido en una progresiva estabilización de los mercados financieros. Los precios de los productos básicos han tenido movimientos mixtos. Y Sesión N° 147 15.12.09 22.- En el plano interno, la información disponible sugiere que la actividad y la demanda se están expandiendo en el segundo semestre. El empleo ha crecido y la tasa de desocupación ha comenzado a reducirse. Las condiciones crediticias han mejorado en el margen, pero se mantienen estrechas. En noviembre, el IPC y las diversas medidas subyacentes mostraron reducciones. La dinámica salarial sigue acorde con sus patrones históricos. Se prevén registros de inflación anual reducidos en los próximos trimestres, mientras que las expectativas de inflación de mediano plazo se han mantenido estables. El Consejo considera que el entorno macroeconómico es congruente con una TPM que se mantendrá en el nivel mínimo de 0,50% hasta al menos el segundo trimestre del próximo año, y que su ritmo de normalización será comparable a las expectativas de la encuesta mensual y más gradual que el implícito en los precios de los activos financieros. Con ello, reitera que continuará usando sus políticas con flexibilidad para que la inflación proyectada se ubique en 3% en el horizonte de política.”",Acuerdo de Política Monetaria y comunicado oficial,acuerdo_comunicado,acuerdo y comunicado,acuerdo_comunicado,NO,NO,NO,,RPM-2009-12-15:2839:2,2,XLSX_ORIGINAL,NO,NO,RPM-2009-12-15:2839:B2,SIN_ALERTAS_AUTOMATICAS,,RPM-2009-12-15:T72,INSTITUCIONAL,,
2911,MEMBRESIA_EXTREMO_ANTERIOR,757fea8bb62ce93702579737d1bcdf1fa3098d6355a72db4084310d9ee4c9755,Antes,4327,RPM-2010-02-11,2010-02-11 00:00:00,Rodrigo Vergara Montes,Rodrigo Vergara Montes,NO,Presidente del Banco Central,Consejero,SI,,Consejero,LISTA_ASISTENCIA,,SUJETO_ROL_NOMBRE,9,"El Consejero señor Rodrigo Vergara pregunta si este es el primer año en que se presenta una diferencia tan significativa,",Análisis macroeconómico y discusión de política monetaria,debate,discusión monetaria,debate,NO,NO,NO,Rol según lista de asistencia: Consejero,RPM-2010-02-11:2911:1,1,XLSX_ORIGINAL,NO,NO,RPM-2010-02-11:2911:B1,PENDIENTE_REVISION,FINAL_SIN_PUNTUACION,RPM-2010-02-11:T42,INICIO_EXPLICITO,,RPM-2010-02-11:2911:1
2911,MEMBRESIA_EXTREMO_ANTERIOR,757fea8bb62ce93702579737d1bcdf1fa3098d6355a72db4084310d9ee4c9755,Antes,4328,RPM-2010-02-11,2010-02-11 00:00:00,Rodrigo Vergara Montes,Claudio Soto Gamboa,SI,Presidente del Banco Central,Gerente de Análisis Macroeconómico,SI,,Gerente de Análisis Macroeconómico,LISTA_ASISTENCIA,,CONTEXTO_REVISADO,9,respondiendo el señor Soto que es efectivo.,Análisis macroeconómico y discusión de política monetaria,debate,discusión monetaria,debate,NO,NO,NO,Hablante por contexto documentado: HAB-20260908-L22-2911-122 (data/curation/revisiones_hablantes.json; no cotejo PDF); Rol según lista de asistencia: Gerente de Análisis Macroeconómico,RPM-2010-02-11:2911:2,2,XLSX_ORIGINAL,NO,NO,RPM-2010-02-11:2911:B2,PENDIENTE_REVISION,FRAGMENTO_BREVE,RPM-2010-02-11:T43,SIN_CONTINUIDAD_CONFIRMADA,,
2911,MEMBRESIA_EXTREMO_ANTERIOR,757fea8bb62ce93702579737d1bcdf1fa3098d6355a72db4084310d9ee4c9755,Despues,4327,RPM-2010-02-11,2010-02-11 00:00:00,Rodrigo Vergara Montes,Rodrigo Vergara Montes,NO,Presidente del Banco Central,Consejero,SI,,Consejero,LISTA_ASISTENCIA,,SUJETO_ROL_NOMBRE,9,"El Consejero señor Rodrigo Vergara pregunta si este es el primer año en que se presenta una diferencia tan significativa,",Análisis macroeconómico y discusión de política monetaria,debate,discusión monetaria,debate,NO,NO,NO,Rol según lista de asistencia: Consejero,RPM-2010-02-11:2911:1,1,XLSX_ORIGINAL,NO,NO,RPM-2010-02-11:2911:B1,PENDIENTE_REVISION,FINAL_SIN_PUNTUACION,RPM-2010-02-11:T42,INICIO_EXPLICITO,,RPM-2010-02-11:2911:1
2911,MEMBRESIA_EXTREMO_ANTERIOR,757fea8bb62ce93702579737d1bcdf1fa3098d6355a72db4084310d9ee4c9755,Despues,4328,RPM-2010-02-11,2010-02-11 00:00:00,Rodrigo Vergara Montes,Claudio Soto Gamboa,SI,Presidente del Banco Central,Gerente de Análisis Macroeconómico,SI,,Gerente de Análisis Macroeconómico,LISTA_ASISTENCIA,,CONTEXTO_REVISADO,9,respondiendo el señor Soto que es efectivo.,Análisis macroeconómico y discusión de política monetaria,debate,discusión monetaria,debate,NO,NO,NO,Hablante por contexto documentado: HAB-20260908-L22-2911-122 (data/curation/revisiones_hablantes.json; no cotejo PDF); Rol según lista de asistencia: Gerente de Análisis Macroeconómico,RPM-2010-02-11:2911:2,2,XLSX_ORIGINAL,NO,NO,RPM-2010-02-11:2911:B2,PENDIENTE_REVISION,FRAGMENTO_BREVE,RPM-2010-02-11:T43,SIN_CONTINUIDAD_CONFIRMADA,,
2912,ENLACE_EXTREMO_SIGUIENTE,c91a63e301141645e684dbda326c6d499e94a5efa5b7a237876158dc3ed7a01c,Antes,4329,RPM-2010-02-11,2010-02-11 00:00:00,Claudio Soto Gamboa,Claudio Soto Gamboa,NO,Gerente de Análisis Macroeconómico,Gerente de Análisis Macroeconómico,NO,,Gerente de Análisis Macroeconómico,LISTA_ASISTENCIA,,SUJETO_NOMBRE,9,"El señor Claudio Soto retoma su presentación, señalando que el Imacec de enero pasado va a estar en torno a 3% o quizás algo mayor. Informa que dicha estimación proviene del modelo que utiliza energía, es decir, que considera el consumo energético que hubo en el mes. Con ello, indica que la proyección para el primer trimestre se está corrigiendo al alza, desde 4,1% hasta 4,5%, y que el cambio en la proyección se debe, principalmente, a los datos de diciembre, en especial, a los de los sectores industria y comercio, que modifican levemente el perfil en adelante. El señor Soto destaca, a continuación, que por primera vez se presenta una proyección para el segundo trimestre del presente año, en que el crecimiento sería del orden de 6,4%. Con ello, señala que la proyección de crecimiento para el primer semestre estaría en torno a 5,5%, que es coherente con la proyección anual presentada en el último IPoM, en torno al 5,1%, en promedio, de los modelos. Por efecto base, indica que, probablemente, en el cuarto trimestre este va a ser algo menor que en el segundo y tercer trimestre, que son aquellos de mayor crecimiento. Agrega que hay un efecto de día hábil, por imputarse uno menos en enero, y ello constituye un punto de incidencia en la variación anual. En cuanto a los componentes de la demanda que explican este mayor dinamismo de la actividad, el Gerente de Análisis Macroeconómico menciona que dicho componente es consumo principalmente, así como también inversión, ya que las importaciones de bienes de capital también exhiben bastante actividad. Añade que ello se compensa con una corrección levemente a la baja de las exportaciones, que, como se mencionó, no se ven del todo dinámicas. Cita, a modo de ejemplo, las importaciones industriales y las exportaciones mineras, las que debido a la volatilidad que tienen, se estima que no van a repuntar en términos significativos.",Análisis de actividad económica doméstica y demanda,actividad_interna,actividad interna,actividad_interna,NO,NO,NO,Rol según lista de asistencia: Gerente de Análisis Macroeconómico,RPM-2010-02-11:2912:1,1,XLSX_ORIGINAL,NO,NO,RPM-2010-02-11:2912:B1,SIN_ALERTAS_AUTOMATICAS,,RPM-2010-02-11:T44,INICIO_EXPLICITO,,RPM-2010-02-11:2912:1
2912,ENLACE_EXTREMO_SIGUIENTE,c91a63e301141645e684dbda326c6d499e94a5efa5b7a237876158dc3ed7a01c,Despues,4329,RPM-2010-02-11,2010-02-11 00:00:00,Claudio Soto Gamboa,Claudio Soto Gamboa,NO,Gerente de Análisis Macroeconómico,Gerente de Análisis Macroeconómico,NO,,Gerente de Análisis Macroeconómico,LISTA_ASISTENCIA,,SUJETO_NOMBRE,9,"El señor Claudio Soto retoma su presentación, señalando que el Imacec de enero pasado va a estar en torno a 3% o quizás algo mayor. Informa que dicha estimación proviene del modelo que utiliza energía, es decir, que considera el consumo energético que hubo en el mes. Con ello, indica que la proyección para el primer trimestre se está corrigiendo al alza, desde 4,1% hasta 4,5%, y que el cambio en la proyección se debe, principalmente, a los datos de diciembre, en especial, a los de los sectores industria y comercio, que modifican levemente el perfil en adelante. El señor Soto destaca, a continuación, que por primera vez se presenta una proyección para el segundo trimestre del presente año, en que el crecimiento sería del orden de 6,4%. Con ello, señala que la proyección de crecimiento para el primer semestre estaría en torno a 5,5%, que es coherente con la proyección anual presentada en el último IPoM, en torno al 5,1%, en promedio, de los modelos. Por efecto base, indica que, probablemente, en el cuarto trimestre este va a ser algo menor que en el segundo y tercer trimestre, que son aquellos de mayor crecimiento. Agrega que hay un efecto de día hábil, por imputarse uno menos en enero, y ello constituye un punto de incidencia en la variación anual. En cuanto a los componentes de la demanda que explican este mayor dinamismo de la actividad, el Gerente de Análisis Macroeconómico menciona que dicho componente es consumo principalmente, así como también inversión, ya que las importaciones de bienes de capital también exhiben bastante actividad. Añade que ello se compensa con una corrección levemente a la baja de las exportaciones, que, como se mencionó, no se ven del todo dinámicas. Cita, a modo de ejemplo, las importaciones industriales y las exportaciones mineras, las que debido a la volatilidad que tienen, se estima que no van a repuntar en términos significativos.",Análisis de actividad económica doméstica y demanda,actividad_interna,actividad interna,actividad_interna,NO,NO,NO,Rol según lista de asistencia: Gerente de Análisis Macroeconómico,RPM-2010-02-11:2912:1,1,XLSX_ORIGINAL,NO,NO,RPM-2010-02-11:2912:B1,SIN_ALERTAS_AUTOMATICAS,,RPM-2010-02-11:T43,CONTINUIDAD_REVISADA,RPM-2010-02-11:2911:2,RPM-2010-02-11:2912:1
2918,MEMBRESIA_EXTREMO_ANTERIOR,a554d225def6b218ab1a7f9d0aa51d50070a014aa05feb5a537586135f92f0bc,Antes,4339,RPM-2010-02-11,2010-02-11 00:00:00,José De Gregorio Rebeco,José De Gregorio Rebeco,NO,Presidente del Banco Central,Presidente del Banco Central,NO,,Presidente del Banco Central,LISTA_ASISTENCIA,,SUJETO_ROL_SESION,11,"El señor Presidente recuerda que la proyección era de 0,22,",Análisis macroeconómico y discusión de política monetaria,debate,discusión monetaria,debate,NO,NO,NO,Rol según lista de asistencia: Presidente del Banco Central,RPM-2010-02-11:2918:1,1,XLSX_ORIGINAL,NO,NO,RPM-2010-02-11:2918:B1,PENDIENTE_REVISION,FINAL_SIN_PUNTUACION,RPM-2010-02-11:T54,INICIO_EXPLICITO,,RPM-2010-02-11:2918:1
2918,MEMBRESIA_EXTREMO_ANTERIOR,a554d225def6b218ab1a7f9d0aa51d50070a014aa05feb5a537586135f92f0bc,Antes,4340,RPM-2010-02-11,2010-02-11 00:00:00,José De Gregorio Rebeco,Claudio Soto Gamboa,SI,Presidente del Banco Central,Gerente de Análisis Macroeconómico,SI,,Gerente de Análisis Macroeconómico,LISTA_ASISTENCIA,,CONTEXTO_REVISADO,11,"confirmando el señor Soto que ello sí era conocido y que la estimación de la incidencia no se hizo con tanta precisión, por efectos del cambio de base a nivel de clase de productos en lugar de hacerlo por productos.",Análisis macroeconómico y discusión de política monetaria,debate,discusión monetaria,debate,NO,NO,NO,Hablante por contexto documentado: HAB-20260908-L25-2918-60 (data/curation/revisiones_hablantes.json; no cotejo PDF); Rol según lista de asistencia: Gerente de Análisis Macroeconómico,RPM-2010-02-11:2918:2,2,XLSX_ORIGINAL,NO,NO,RPM-2010-02-11:2918:B2,SIN_ALERTAS_AUTOMATICAS,,RPM-2010-02-11:T55,SIN_CONTINUIDAD_CONFIRMADA,,
2918,MEMBRESIA_EXTREMO_ANTERIOR,a554d225def6b218ab1a7f9d0aa51d50070a014aa05feb5a537586135f92f0bc,Despues,4339,RPM-2010-02-11,2010-02-11 00:00:00,José De Gregorio Rebeco,José De Gregorio Rebeco,NO,Presidente del Banco Central,Presidente del Banco Central,NO,,Presidente del Banco Central,LISTA_ASISTENCIA,,SUJETO_ROL_SESION,11,"El señor Presidente recuerda que la proyección era de 0,22,",Análisis macroeconómico y discusión de política monetaria,debate,discusión monetaria,debate,NO,NO,NO,Rol según lista de asistencia: Presidente del Banco Central,RPM-2010-02-11:2918:1,1,XLSX_ORIGINAL,NO,NO,RPM-2010-02-11:2918:B1,PENDIENTE_REVISION,FINAL_SIN_PUNTUACION,RPM-2010-02-11:T53,INICIO_EXPLICITO,,RPM-2010-02-11:2918:1
2918,MEMBRESIA_EXTREMO_ANTERIOR,a554d225def6b218ab1a7f9d0aa51d50070a014aa05feb5a537586135f92f0bc,Despues,4340,RPM-2010-02-11,2010-02-11 00:00:00,José De Gregorio Rebeco,Claudio Soto Gamboa,SI,Presidente del Banco Central,Gerente de Análisis Macroeconómico,SI,,Gerente de Análisis Macroeconómico,LISTA_ASISTENCIA,,CONTEXTO_REVISADO,11,"confirmando el señor Soto que ello sí era conocido y que la estimación de la incidencia no se hizo con tanta precisión, por efectos del cambio de base a nivel de clase de productos en lugar de hacerlo por productos.",Análisis macroeconómico y discusión de política monetaria,debate,discusión monetaria,debate,NO,NO,NO,Hablante por contexto documentado: HAB-20260908-L25-2918-60 (data/curation/revisiones_hablantes.json; no cotejo PDF); Rol según lista de asistencia: Gerente de Análisis Macroeconómico,RPM-2010-02-11:2918:2,2,XLSX_ORIGINAL,NO,NO,RPM-2010-02-11:2918:B2,SIN_ALERTAS_AUTOMATICAS,,RPM-2010-02-11:T54,SIN_CONTINUIDAD_CONFIRMADA,,
2919,ENLACE_EXTREMO_SIGUIENTE,a2440cd4ca75ef21b9e2b98fa7499dbe35376696eed1b2714c8ab4319941110e,Antes,4341,RPM-2010-02-11,2010-02-11 00:00:00,Claudio Soto Gamboa,Claudio Soto Gamboa,NO,Gerente de Análisis Macroeconómico,Gerente de Análisis Macroeconómico,NO,,Gerente de Análisis Macroeconómico,LISTA_ASISTENCIA,,SUJETO_NOMBRE,11,"El señor Claudio Soto menciona un segundo punto relativo al aumento efectivo del gasto financiero. Al respecto, señala que se había estimado que habría un aumento completo, por la existencia de algunas partidas de transacciones financieras que aún no vuelven a quedar sujetas al impuesto de timbres y estampillas, y que se han mantenido con una tasa cero, como ocurre con las transacciones con cheques y las efectuadas en cajeros automáticos, entre otras. Señala que en ello existe una diferencia con el INE, ya que no se tiene certeza si es que dicho Instituto simplemente imputó el aumento de 0,6% a todas las transacciones financieras. Explica que lo que el INE metodológicamente hace, es simular un par de transacciones financieras y sobre la base de esas simulaciones calcula la variación del índice. Aclara que lo que la Gerencia a su cargo hizo fue considerar distintos tipos de créditos, teóricos, y ver a cuáles correspondía aplicar el aumento de impuesto y cuáles quedaban exentos, y sobre la base de ello se hizo la estimación. En ese sentido, indica que se obtuvo una subestimación del monto del incremento en gastos financieros, a lo cual se le suma el efecto del cambio en la base.",Análisis macroeconómico y discusión de política monetaria,debate,discusión monetaria,debate,NO,NO,NO,Rol según lista de asistencia: Gerente de Análisis Macroeconómico,RPM-2010-02-11:2919:1,1,XLSX_ORIGINAL,NO,NO,RPM-2010-02-11:2919:B1,SIN_ALERTAS_AUTOMATICAS,,RPM-2010-02-11:T56,INICIO_EXPLICITO,,RPM-2010-02-11:2919:1
2919,ENLACE_EXTREMO_SIGUIENTE,a2440cd4ca75ef21b9e2b98fa7499dbe35376696eed1b2714c8ab4319941110e,Despues,4341,RPM-2010-02-11,2010-02-11 00:00:00,Claudio Soto Gamboa,Claudio Soto Gamboa,NO,Gerente de Análisis Macroeconómico,Gerente de Análisis Macroeconómico,NO,,Gerente de Análisis Macroeconómico,LISTA_ASISTENCIA,,SUJETO_NOMBRE,11,"El señor Claudio Soto menciona un segundo punto relativo al aumento efectivo del gasto financiero. Al respecto, señala que se había estimado que habría un aumento completo, por la existencia de algunas partidas de transacciones financieras que aún no vuelven a quedar sujetas al impuesto de timbres y estampillas, y que se han mantenido con una tasa cero, como ocurre con las transacciones con cheques y las efectuadas en cajeros automáticos, entre otras. Señala que en ello existe una diferencia con el INE, ya que no se tiene certeza si es que dicho Instituto simplemente imputó el aumento de 0,6% a todas las transacciones financieras. Explica que lo que el INE metodológicamente hace, es simular un par de transacciones financieras y sobre la base de esas simulaciones calcula la variación del índice. Aclara que lo que la Gerencia a su cargo hizo fue considerar distintos tipos de créditos, teóricos, y ver a cuáles correspondía aplicar el aumento de impuesto y cuáles quedaban exentos, y sobre la base de ello se hizo la estimación. En ese sentido, indica que se obtuvo una subestimación del monto del incremento en gastos financieros, a lo cual se le suma el efecto del cambio en la base.",Análisis macroeconómico y discusión de política monetaria,debate,discusión monetaria,debate,NO,NO,NO,Rol según lista de asistencia: Gerente de Análisis Macroeconómico,RPM-2010-02-11:2919:1,1,XLSX_ORIGINAL,NO,NO,RPM-2010-02-11:2919:B1,SIN_ALERTAS_AUTOMATICAS,,RPM-2010-02-11:T54,CONTINUIDAD_REVISADA,RPM-2010-02-11:2918:2,RPM-2010-02-11:2919:1
3123,MEMBRESIA_EXTREMO_ANTERIOR,c84f302301f80057608ad0c754229a67ba49fb00415d524684d51d9814b2c2f6,Antes,4658,RPM-2010-05-13,2010-05-13 00:00:00,Enrique Marshall Rivera,Enrique Marshall Rivera,NO,Consejero,Consejero,NO,,Consejero,LISTA_ASISTENCIA,,SUJETO_NOMBRE,25,"El señor Enrique Marshall señala que la recuperación de la actividad real a nivel global se muestra bastante firme hasta ahora, sin perjuicio de las diferencias entre regiones y países, y que lo más probable sea que la recuperación real siga acompañada de cierto grado de volatilidad financiera. Menciona que la incertidumbre en varios aspectos es todavía elevada y que los ajustes fiscales requeridos serían mayores que los procesados con anterioridad, lo que podría afectar las perspectivas de crecimiento en el mediano plazo, especialmente en el mundo desarrollado. El señor Marshall hace presente que a lo anterior se agrega que varias economías, principalmente emergentes, ya han iniciado la normalización de la política monetaria o lo harán próximamente, mientras que los países más avanzados permanecen con tasas en niveles extremadamente bajos y que es probable que posterguen el retiro del estímulo monetario como resultado de los últimos acontecimientos. Al continuar, el Consejero señor Marshall señala que las tensiones en los mercados financieros externos han tenido efectos acotados en el frente interno, que el riesgo soberano subió levemente y que la bolsa y el peso reaccionaron también con bastante moderación, todo lo cual da cuenta de la percepción de fortaleza que los mercados tienen sobre la economía nacional. El señor Marshall manifiesta que si bien estos desarrollos han despertado alguna preocupación, la atención interna ha seguido muy concentrada en los efectos y alcances del terremoto sobre la actividad y la inflación. En materia de actividad, menciona que los registros informados han estado por debajo de lo esperado en el escenario central, reconociendo que se sabía, eso sí, que era difícil anticipar con precisión la evolución de la actividad en los meses inmediatamente siguientes y que, en el corto plazo, los sesgos estaban más bien inclinados a la baja. El señor Marshall destaca que es la demanda interna la que ha registrado mayor vigor, detallando que creció de forma importante hasta febrero pasado, sufrió un choque con el terremoto y que, según varios indicadores, se estaría recuperando con bastante rapidez, lo que se reflejaría en el aumento que están experimentando las importaciones. Plantea que este es un desarrollo que debe ser monitoreado. Con todo, expresa que las perspectivas de crecimiento de mediano plazo no se han visto modificadas sustancialmente, aun cuando está presente el riesgo de que una parte del crecimiento esperado para este año se postergue para el siguiente. El señor Enrique Marshall agrega que el sistema financiero local sigue entregando señales de normalización, lo que se deduce de la evolución tanto de las tasas como de los agregados, pero que, sin embargo, la demanda por crédito sigue exhibiendo cierta debilidad. En materia de inflación, indica que los registros de los últimos dos meses han sido menores que los anticipados y que, como resultado, las proyecciones de corto plazo se han ajustado levemente a la baja. Sin embargo, manifiesta que la trayectoria esperada en el mediano plazo no ha cambiado de forma importante. Hace presente también que las expectativas para la TPM han tenido ajustes que sugieren el próximo inicio del proceso de normalización, no obstante lo cual la mayoría de los analistas espera que ello no ocurra en esta Reunión. En suma, el Consejero aludido señala que el escenario ha experimentado cambios, principalmente por un aumento o rebalanceo de los riesgos, pero que las trayectorias de mediano plazo que se visualizan para la actividad y la inflación no parecen distintas de las que se proyectaban con anterioridad. En esa perspectiva, estima que el inicio del proceso de normalización de la política monetaria se aproxima con claridad. Si ello es así, considera que lo que corresponde es decidir si esta normalización debe o no comenzar en esta Reunión, reconociendo que la verdad es que existen buenos argumentos a favor de una y otra posición y que, por tanto, la decisión no fluye con entera facilidad. El señor Enrique Marshall declara coincidir con la Minuta de Opciones, en el sentido que las opciones plausibles son mantener o subir la tasa en 25 puntos base. En su opinión, la distancia en puntos base entre una y otra opción no parece excesiva, pero que, sin embargo, el inicio del proceso de normalización tiene connotaciones e implicancias que deben ser bien ponderadas. Por esta razón, sostiene que la decisión que el Consejo tiene por delante no es menor. Al respecto, señala que se puede argumentar, por un lado, que existe cierta brecha respecto de la tasa neutral y que, en el escenario más probable, la economía adquirirá velocidad en el curso del próximo año, de manera que resulta prudente adelantarse a las expectativas del mercado y comenzar el proceso de normalización de inmediato. Por otro lado, indica que se puede sostener que la evolución del escenario interno ha generado cierto espacio para postergar el inicio del ciclo de ajuste. Plantea que a ello se puede agregar que las tensiones observadas en el frente externo se encuentran aún en desarrollo y que sus implicancias son aún inciertas, y que, en ese cuadro, no parece conveniente introducir una sorpresa iniciando el proceso de normalización antes de lo que el mercado espera. Sopesando todos estos argumentos, el Consejero señor Enrique Marshall declara inclinarse, finalmente, por no innovar en esta Reunión, votando, por tanto, por mantener la TPM en su actual nivel de 0,50%.",Votación y fundamentos de la decisión de política monetaria,decision_tpm,votación tpm,decision_tpm,NO,NO,NO,Rol según lista de asistencia: Consejero,RPM-2010-05-13:3123:1,1,XLSX_ORIGINAL,NO,NO,RPM-2010-05-13:3123:B1,SIN_ALERTAS_AUTOMATICAS,,RPM-2010-05-13:T56,CONTINUIDAD_EXPLICITA,RPM-2010-05-13:3122:2,RPM-2010-05-13:3123:1
3123,MEMBRESIA_EXTREMO_ANTERIOR,c84f302301f80057608ad0c754229a67ba49fb00415d524684d51d9814b2c2f6,Antes,4659,RPM-2010-05-13,2010-05-13 00:00:00,Enrique Marshall Rivera,José De Gregorio Rebeco,SI,Consejero,Presidente del Banco Central,SI,,Presidente del Banco Central,LISTA_ASISTENCIA,,SUJETO_ROL_SESION,25,"Al continuar con la votación, el señor Presidente concede la palabra al Vicepresidente, señor Manuel Marfán,",Votación y fundamentos de la decisión de política monetaria,decision_tpm,votación tpm,decision_tpm,NO,NO,NO,Rol según lista de asistencia: Presidente del Banco Central,RPM-2010-05-13:3123:2,2,XLSX_ORIGINAL,NO,NO,RPM-2010-05-13:3123:B2,PENDIENTE_REVISION,FINAL_SIN_PUNTUACION,RPM-2010-05-13:T57,INICIO_EXPLICITO,,RPM-2010-05-13:3123:2
3123,MEMBRESIA_EXTREMO_ANTERIOR,c84f302301f80057608ad0c754229a67ba49fb00415d524684d51d9814b2c2f6,Antes,4660,RPM-2010-05-13,2010-05-13 00:00:00,Enrique Marshall Rivera,Manuel Marfán Lewis,SI,Consejero,Vicepresidente del Banco Central,SI,,Vicepresidente del Banco Central,LISTA_ASISTENCIA,,CONTEXTO_REVISADO,25,"quien agradece, en primer término, el análisis del staff.",Votación y fundamentos de la decisión de política monetaria,decision_tpm,votación tpm,decision_tpm,NO,NO,NO,Hablante por contexto documentado: HAB-20260907-3123 (data/curation/revisiones_hablantes.json; no cotejo PDF); Rol según lista de asistencia: Vicepresidente del Banco Central,RPM-2010-05-13:3123:3,3,XLSX_ORIGINAL,NO,NO,RPM-2010-05-13:3123:B3,SIN_ALERTAS_AUTOMATICAS,,RPM-2010-05-13:T58,SIN_CONTINUIDAD_CONFIRMADA,,
3123,MEMBRESIA_EXTREMO_ANTERIOR,c84f302301f80057608ad0c754229a67ba49fb00415d524684d51d9814b2c2f6,Despues,4658,RPM-2010-05-13,2010-05-13 00:00:00,Enrique Marshall Rivera,Enrique Marshall Rivera,NO,Consejero,Consejero,NO,,Consejero,LISTA_ASISTENCIA,,SUJETO_NOMBRE,25,"El señor Enrique Marshall señala que la recuperación de la actividad real a nivel global se muestra bastante firme hasta ahora, sin perjuicio de las diferencias entre regiones y países, y que lo más probable sea que la recuperación real siga acompañada de cierto grado de volatilidad financiera. Menciona que la incertidumbre en varios aspectos es todavía elevada y que los ajustes fiscales requeridos serían mayores que los procesados con anterioridad, lo que podría afectar las perspectivas de crecimiento en el mediano plazo, especialmente en el mundo desarrollado. El señor Marshall hace presente que a lo anterior se agrega que varias economías, principalmente emergentes, ya han iniciado la normalización de la política monetaria o lo harán próximamente, mientras que los países más avanzados permanecen con tasas en niveles extremadamente bajos y que es probable que posterguen el retiro del estímulo monetario como resultado de los últimos acontecimientos. Al continuar, el Consejero señor Marshall señala que las tensiones en los mercados financieros externos han tenido efectos acotados en el frente interno, que el riesgo soberano subió levemente y que la bolsa y el peso reaccionaron también con bastante moderación, todo lo cual da cuenta de la percepción de fortaleza que los mercados tienen sobre la economía nacional. El señor Marshall manifiesta que si bien estos desarrollos han despertado alguna preocupación, la atención interna ha seguido muy concentrada en los efectos y alcances del terremoto sobre la actividad y la inflación. En materia de actividad, menciona que los registros informados han estado por debajo de lo esperado en el escenario central, reconociendo que se sabía, eso sí, que era difícil anticipar con precisión la evolución de la actividad en los meses inmediatamente siguientes y que, en el corto plazo, los sesgos estaban más bien inclinados a la baja. El señor Marshall destaca que es la demanda interna la que ha registrado mayor vigor, detallando que creció de forma importante hasta febrero pasado, sufrió un choque con el terremoto y que, según varios indicadores, se estaría recuperando con bastante rapidez, lo que se reflejaría en el aumento que están experimentando las importaciones. Plantea que este es un desarrollo que debe ser monitoreado. Con todo, expresa que las perspectivas de crecimiento de mediano plazo no se han visto modificadas sustancialmente, aun cuando está presente el riesgo de que una parte del crecimiento esperado para este año se postergue para el siguiente. El señor Enrique Marshall agrega que el sistema financiero local sigue entregando señales de normalización, lo que se deduce de la evolución tanto de las tasas como de los agregados, pero que, sin embargo, la demanda por crédito sigue exhibiendo cierta debilidad. En materia de inflación, indica que los registros de los últimos dos meses han sido menores que los anticipados y que, como resultado, las proyecciones de corto plazo se han ajustado levemente a la baja. Sin embargo, manifiesta que la trayectoria esperada en el mediano plazo no ha cambiado de forma importante. Hace presente también que las expectativas para la TPM han tenido ajustes que sugieren el próximo inicio del proceso de normalización, no obstante lo cual la mayoría de los analistas espera que ello no ocurra en esta Reunión. En suma, el Consejero aludido señala que el escenario ha experimentado cambios, principalmente por un aumento o rebalanceo de los riesgos, pero que las trayectorias de mediano plazo que se visualizan para la actividad y la inflación no parecen distintas de las que se proyectaban con anterioridad. En esa perspectiva, estima que el inicio del proceso de normalización de la política monetaria se aproxima con claridad. Si ello es así, considera que lo que corresponde es decidir si esta normalización debe o no comenzar en esta Reunión, reconociendo que la verdad es que existen buenos argumentos a favor de una y otra posición y que, por tanto, la decisión no fluye con entera facilidad. El señor Enrique Marshall declara coincidir con la Minuta de Opciones, en el sentido que las opciones plausibles son mantener o subir la tasa en 25 puntos base. En su opinión, la distancia en puntos base entre una y otra opción no parece excesiva, pero que, sin embargo, el inicio del proceso de normalización tiene connotaciones e implicancias que deben ser bien ponderadas. Por esta razón, sostiene que la decisión que el Consejo tiene por delante no es menor. Al respecto, señala que se puede argumentar, por un lado, que existe cierta brecha respecto de la tasa neutral y que, en el escenario más probable, la economía adquirirá velocidad en el curso del próximo año, de manera que resulta prudente adelantarse a las expectativas del mercado y comenzar el proceso de normalización de inmediato. Por otro lado, indica que se puede sostener que la evolución del escenario interno ha generado cierto espacio para postergar el inicio del ciclo de ajuste. Plantea que a ello se puede agregar que las tensiones observadas en el frente externo se encuentran aún en desarrollo y que sus implicancias son aún inciertas, y que, en ese cuadro, no parece conveniente introducir una sorpresa iniciando el proceso de normalización antes de lo que el mercado espera. Sopesando todos estos argumentos, el Consejero señor Enrique Marshall declara inclinarse, finalmente, por no innovar en esta Reunión, votando, por tanto, por mantener la TPM en su actual nivel de 0,50%.",Votación y fundamentos de la decisión de política monetaria,decision_tpm,votación tpm,decision_tpm,NO,NO,NO,Rol según lista de asistencia: Consejero,RPM-2010-05-13:3123:1,1,XLSX_ORIGINAL,NO,NO,RPM-2010-05-13:3123:B1,SIN_ALERTAS_AUTOMATICAS,,RPM-2010-05-13:T56,CONTINUIDAD_EXPLICITA,RPM-2010-05-13:3122:2,RPM-2010-05-13:3123:1
3123,MEMBRESIA_EXTREMO_ANTERIOR,c84f302301f80057608ad0c754229a67ba49fb00415d524684d51d9814b2c2f6,Despues,4659,RPM-2010-05-13,2010-05-13 00:00:00,Enrique Marshall Rivera,José De Gregorio Rebeco,SI,Consejero,Presidente del Banco Central,SI,,Presidente del Banco Central,LISTA_ASISTENCIA,,SUJETO_ROL_SESION,25,"Al continuar con la votación, el señor Presidente concede la palabra al Vicepresidente, señor Manuel Marfán,",Votación y fundamentos de la decisión de política monetaria,decision_tpm,votación tpm,decision_tpm,NO,NO,NO,Rol según lista de asistencia: Presidente del Banco Central,RPM-2010-05-13:3123:2,2,XLSX_ORIGINAL,NO,NO,RPM-2010-05-13:3123:B2,PENDIENTE_REVISION,FINAL_SIN_PUNTUACION,RPM-2010-05-13:T57,INICIO_EXPLICITO,,RPM-2010-05-13:3123:2
3123,MEMBRESIA_EXTREMO_ANTERIOR,c84f302301f80057608ad0c754229a67ba49fb00415d524684d51d9814b2c2f6,Despues,4660,RPM-2010-05-13,2010-05-13 00:00:00,Enrique Marshall Rivera,Manuel Marfán Lewis,SI,Consejero,Vicepresidente del Banco Central,SI,,Vicepresidente del Banco Central,LISTA_ASISTENCIA,,CONTEXTO_REVISADO,25,"quien agradece, en primer término, el análisis del staff.",Votación y fundamentos de la decisión de política monetaria,decision_tpm,votación tpm,decision_tpm,NO,NO,NO,Hablante por contexto documentado: HAB-20260907-3123 (data/curation/revisiones_hablantes.json; no cotejo PDF); Rol según lista de asistencia: Vicepresidente del Banco Central,RPM-2010-05-13:3123:3,3,XLSX_ORIGINAL,NO,NO,RPM-2010-05-13:3123:B3,SIN_ALERTAS_AUTOMATICAS,,RPM-2010-05-13:T58,SIN_CONTINUIDAD_CONFIRMADA,,
3124,ENLACE_EXTREMO_SIGUIENTE,27e8835ce94ac8c5c435f47f59d3432cd975de59852afb9c25a277aa507cc4e3,Antes,4661,RPM-2010-05-13,2010-05-13 00:00:00,Manuel Marfán Lewis,Manuel Marfán Lewis,NO,Vicepresidente del Banco Central,Vicepresidente del Banco Central,NO,,Vicepresidente del Banco Central,LISTA_ASISTENCIA,,SUJETO_NOMBRE,27,"El señor Manuel Marfán manifiesta hacer suya la lista de antecedentes nuevos respecto de la RPM anterior, contenida en el punto 2 de la Minuta de Opciones, excepto por los dos siguientes puntos. En primer lugar, aclara que las turbulencias financieras originadas en la Zona Euro habrían llegado a un peak la semana anterior solo en el escenario externo más probable, pero que no puede descartarse un escenario de agravamiento financiero con una probabilidad no despreciable. Al respecto, hace el alcance que aunque la intención de la redacción sea la misma que la que está señalando, el término peak es traducible como máximo, lo que, a su juicio, podría interpretarse de manera complaciente. En segundo lugar, señala que en el IPoM se proyectaba un crecimiento de la demanda interna de 12,4% para este año, que la actualización del crecimiento anual para los tres primeros trimestres sería de 11,1; 17,4 y 18,4%, respectivamente, y que para compatibilizar ambas proyecciones, el crecimiento anual de la demanda interna del cuarto trimestre de este año debiera ser de 3,2% o, lo que es equivalente, debiera contraerse fuertemente en términos desestacionalizados respecto del tercer trimestre. Así, estima que la demanda interna estaría más bien en una trayectoria desalineada con las proyecciones del Banco y que de mantener en el cuarto trimestre el sesgo que se observaría en los tres primeros, la demanda interna para el conjunto del año estaría creciendo algo más de 15%, en torno a 3 puntos porcentuales sobre lo proyectado, imponiendo un piso elevado para el próximo año. Respecto de las cifras mencionadas, el señor Marfán solicita expresamente que se excluyan de la Minuta, porque son de carácter interno, no obstante lo cual pide que se mantenga la esencia del argumento. El señor Vicepresidente declara coincidir con la Minuta de Opciones en cuanto a que la decisión de la presente Reunión está entre mantener o subir en 25 puntos base la tasa de política o, lo que es lo mismo, entre mantener la política monetaria en su máxima instancia de expansividad o comenzar a reducirla. En el corto plazo, el señor Marfán señala que la actividad ha sufrido hoy día más que lo previsto en el IPoM, pero que, como contrapartida, se prevé una recuperación también más rápida. En otras palabras, indica que es un bache más profundo, pero que después también se sale de él a un nivel relativamente similar en el corto plazo. Agrega que la inflación, en tanto, no muestra desviaciones respecto de lo proyectado en el corto plazo. El señor Manuel Marfán manifiesta que su principal preocupación tiene que ver más bien con el outlook de mediano plazo, el que, a su vez, depende de la evolución del ciclo económico. Desde esa perspectiva, indica que ve preocupante la evolución de la demanda interna. Plantea que los riesgos respecto de la evolución de la demanda interna parecen ser también al alza, porque la variación de inventarios que se preveía para este año sería prácticamente una cifra menor y, por lo tanto, esta demanda interna con y sin variación de inventarios sería similar. Sostiene también que el próximo año habría acumulación de inventarios, es decir, que estarían por debajo de lo deseado, lo que constituye un elemento de expansividad adicional que sería complejo. Al respecto, recuerda que el último IPoM suponía que si bien la demanda interna crecía rápido, tenía un componente de aumento de inventarios este año, mientras que esto, en cambio, sería como gasto puro en consumo y formación bruta de capital. Respecto de la política fiscal, el señor Marfán formula dos precisiones previas. En primer lugar, señala tener la más alta confianza en las autoridades actuales, recalcando que difícilmente podría tener más confianza de la que tiene hoy; y, en segundo lugar, que el Ministerio de Hacienda y el Banco Central son los socios naturales en materia de equilibrio macroeconómico, porque en esa lucha ambos están en la misma posición. Sin embargo, señala advertir dos riesgos respecto del plan de reconstrucción que pueden depender de la capacidad del Gobierno de empujarlo, pero que no dependen solamente de la capacidad y voluntad del mismo. La primera, es que pudiera haber un eventual retraso en la aprobación del proyecto de financiamiento respecto de lo previsto, en cuyo caso se tendría un período más largo de gasto mayor y un período más corto de financiamiento interno. Explica que eso, en situaciones equivalentes en el pasado, en ejercicios de simulación, mostraba tener un componente de disrupción sobre la demanda interna relevante. En segundo lugar, manifiesta alegrarse de las noticias de! Ministro respecto de los avances obtenidos esta mañana en la Cámara, pero que hasta antes de la presente jornada se advertía en los medios una situación muy maleable en las opiniones que, adicionalmente a las del Ejecutivo, influyen en la aprobación del proyecto. Por lo tanto, manifiesta que su deseo es — y declara saber que también es la voluntad del Ejecutivo— que se apruebe el proyecto lo más rápidamente posible y de la manera que asegure y garantice el mejor financiamiento posible desde la perspectiva macroeconómica para el esfuerzo de reconstrucción, pero que los riesgos en caso de no darse son al alza de la demanda interna. Frente a ello, el señor Manuel Marfán considera que es importante, por lo tanto, contener a tiempo, desde la posición del Banco, las presiones sobre la demanda interna. Señala que, más bien por razones tácticas, estima que no es conveniente subir la tasa en la presente Reunión, por lo que votará por mantenerla, a pesar de que toda su argumentación apunta en esa dirección. No obstante, indica que aunque una parte del mercado sí cree que el Consejo pueda subirla, constituye solo una fracción mínima y, por lo tanto, tendría un elemento más bien de sorpresa. Estima también que la primera alza después de un período tan largo de mantener la tasa no es una decisión cualquiera, porque claramente es darle el vamos a un proceso de normalización. Agrega que lo que sí sería importante es señalar muy claramente en el Comunicado que el próximo movimiento es claramente al alza, lo que será más temprano que tarde, y que, por lo tanto, se requeriría ir señalizándola, de tal forma que cuando ocurra no haya un elemento que sorprenda innecesariamente al mercado. En virtud de lo anterior, el Vicepresidente, señor Manuel Marfán, manifiesta que su voto es por mantener la tasa en su nivel actual, pero introduciendo en el Comunicado un sesgo al alza explícito.",Acuerdo de Política Monetaria y comunicado oficial,acuerdo_comunicado,acuerdo y comunicado,acuerdo_comunicado,NO,NO,NO,Rol según lista de asistencia: Vicepresidente del Banco Central,RPM-2010-05-13:3124:1,1,XLSX_ORIGINAL,NO,NO,RPM-2010-05-13:3124:B1,SIN_ALERTAS_AUTOMATICAS,,RPM-2010-05-13:T59,INICIO_EXPLICITO,,RPM-2010-05-13:3124:1
3124,ENLACE_EXTREMO_SIGUIENTE,27e8835ce94ac8c5c435f47f59d3432cd975de59852afb9c25a277aa507cc4e3,Antes,4662,RPM-2010-05-13,2010-05-13 00:00:00,Manuel Marfán Lewis,José De Gregorio Rebeco,SI,Vicepresidente del Banco Central,Presidente del Banco Central,SI,,Presidente del Banco Central,LISTA_ASISTENCIA,,SUJETO_ROL_NOMBRE,27,"Para finalizar con la votación, el Presidente, señor José De Gregorio, señala que los registros inflacionarios han sido menores que los esperados en el último par de meses y que algo similar ha estado ocurriendo con la actividad económica. No obstante, y tal como se señalara en el último IPoM, indica que estas cifras deben analizarse con cautela, pues están muy influidas por los efectos de corto plazo del terremoto. Asimismo, y tal como lo indicara el escenario de riesgos, recuerda que la actividad estaba sesgada a la baja por estos mismos hechos. En suma, manifiesta que eso es lo que se observa de los muy bajos registros de la actividad industrial y que, tal como se señalaba y fue discutido en las presentaciones del staff, indican que lo que ha ocurrido es una caída por el lado de la oferta de la capacidad de producción, lo cual cierra las brechas.",Acuerdo de Política Monetaria y comunicado oficial,acuerdo_comunicado,acuerdo y comunicado,acuerdo_comunicado,NO,NO,NO,Rol según lista de asistencia: Presidente del Banco Central,RPM-2010-05-13:3124:2,2,XLSX_ORIGINAL,NO,NO,RPM-2010-05-13:3124:B2,SIN_ALERTAS_AUTOMATICAS,,RPM-2010-05-13:T60,INICIO_EXPLICITO,,RPM-2010-05-13:3124:2
3124,ENLACE_EXTREMO_SIGUIENTE,27e8835ce94ac8c5c435f47f59d3432cd975de59852afb9c25a277aa507cc4e3,Despues,4661,RPM-2010-05-13,2010-05-13 00:00:00,Manuel Marfán Lewis,Manuel Marfán Lewis,NO,Vicepresidente del Banco Central,Vicepresidente del Banco Central,NO,,Vicepresidente del Banco Central,LISTA_ASISTENCIA,,SUJETO_NOMBRE,27,"El señor Manuel Marfán manifiesta hacer suya la lista de antecedentes nuevos respecto de la RPM anterior, contenida en el punto 2 de la Minuta de Opciones, excepto por los dos siguientes puntos. En primer lugar, aclara que las turbulencias financieras originadas en la Zona Euro habrían llegado a un peak la semana anterior solo en el escenario externo más probable, pero que no puede descartarse un escenario de agravamiento financiero con una probabilidad no despreciable. Al respecto, hace el alcance que aunque la intención de la redacción sea la misma que la que está señalando, el término peak es traducible como máximo, lo que, a su juicio, podría interpretarse de manera complaciente. En segundo lugar, señala que en el IPoM se proyectaba un crecimiento de la demanda interna de 12,4% para este año, que la actualización del crecimiento anual para los tres primeros trimestres sería de 11,1; 17,4 y 18,4%, respectivamente, y que para compatibilizar ambas proyecciones, el crecimiento anual de la demanda interna del cuarto trimestre de este año debiera ser de 3,2% o, lo que es equivalente, debiera contraerse fuertemente en términos desestacionalizados respecto del tercer trimestre. Así, estima que la demanda interna estaría más bien en una trayectoria desalineada con las proyecciones del Banco y que de mantener en el cuarto trimestre el sesgo que se observaría en los tres primeros, la demanda interna para el conjunto del año estaría creciendo algo más de 15%, en torno a 3 puntos porcentuales sobre lo proyectado, imponiendo un piso elevado para el próximo año. Respecto de las cifras mencionadas, el señor Marfán solicita expresamente que se excluyan de la Minuta, porque son de carácter interno, no obstante lo cual pide que se mantenga la esencia del argumento. El señor Vicepresidente declara coincidir con la Minuta de Opciones en cuanto a que la decisión de la presente Reunión está entre mantener o subir en 25 puntos base la tasa de política o, lo que es lo mismo, entre mantener la política monetaria en su máxima instancia de expansividad o comenzar a reducirla. En el corto plazo, el señor Marfán señala que la actividad ha sufrido hoy día más que lo previsto en el IPoM, pero que, como contrapartida, se prevé una recuperación también más rápida. En otras palabras, indica que es un bache más profundo, pero que después también se sale de él a un nivel relativamente similar en el corto plazo. Agrega que la inflación, en tanto, no muestra desviaciones respecto de lo proyectado en el corto plazo. El señor Manuel Marfán manifiesta que su principal preocupación tiene que ver más bien con el outlook de mediano plazo, el que, a su vez, depende de la evolución del ciclo económico. Desde esa perspectiva, indica que ve preocupante la evolución de la demanda interna. Plantea que los riesgos respecto de la evolución de la demanda interna parecen ser también al alza, porque la variación de inventarios que se preveía para este año sería prácticamente una cifra menor y, por lo tanto, esta demanda interna con y sin variación de inventarios sería similar. Sostiene también que el próximo año habría acumulación de inventarios, es decir, que estarían por debajo de lo deseado, lo que constituye un elemento de expansividad adicional que sería complejo. Al respecto, recuerda que el último IPoM suponía que si bien la demanda interna crecía rápido, tenía un componente de aumento de inventarios este año, mientras que esto, en cambio, sería como gasto puro en consumo y formación bruta de capital. Respecto de la política fiscal, el señor Marfán formula dos precisiones previas. En primer lugar, señala tener la más alta confianza en las autoridades actuales, recalcando que difícilmente podría tener más confianza de la que tiene hoy; y, en segundo lugar, que el Ministerio de Hacienda y el Banco Central son los socios naturales en materia de equilibrio macroeconómico, porque en esa lucha ambos están en la misma posición. Sin embargo, señala advertir dos riesgos respecto del plan de reconstrucción que pueden depender de la capacidad del Gobierno de empujarlo, pero que no dependen solamente de la capacidad y voluntad del mismo. La primera, es que pudiera haber un eventual retraso en la aprobación del proyecto de financiamiento respecto de lo previsto, en cuyo caso se tendría un período más largo de gasto mayor y un período más corto de financiamiento interno. Explica que eso, en situaciones equivalentes en el pasado, en ejercicios de simulación, mostraba tener un componente de disrupción sobre la demanda interna relevante. En segundo lugar, manifiesta alegrarse de las noticias de! Ministro respecto de los avances obtenidos esta mañana en la Cámara, pero que hasta antes de la presente jornada se advertía en los medios una situación muy maleable en las opiniones que, adicionalmente a las del Ejecutivo, influyen en la aprobación del proyecto. Por lo tanto, manifiesta que su deseo es — y declara saber que también es la voluntad del Ejecutivo— que se apruebe el proyecto lo más rápidamente posible y de la manera que asegure y garantice el mejor financiamiento posible desde la perspectiva macroeconómica para el esfuerzo de reconstrucción, pero que los riesgos en caso de no darse son al alza de la demanda interna. Frente a ello, el señor Manuel Marfán considera que es importante, por lo tanto, contener a tiempo, desde la posición del Banco, las presiones sobre la demanda interna. Señala que, más bien por razones tácticas, estima que no es conveniente subir la tasa en la presente Reunión, por lo que votará por mantenerla, a pesar de que toda su argumentación apunta en esa dirección. No obstante, indica que aunque una parte del mercado sí cree que el Consejo pueda subirla, constituye solo una fracción mínima y, por lo tanto, tendría un elemento más bien de sorpresa. Estima también que la primera alza después de un período tan largo de mantener la tasa no es una decisión cualquiera, porque claramente es darle el vamos a un proceso de normalización. Agrega que lo que sí sería importante es señalar muy claramente en el Comunicado que el próximo movimiento es claramente al alza, lo que será más temprano que tarde, y que, por lo tanto, se requeriría ir señalizándola, de tal forma que cuando ocurra no haya un elemento que sorprenda innecesariamente al mercado. En virtud de lo anterior, el Vicepresidente, señor Manuel Marfán, manifiesta que su voto es por mantener la tasa en su nivel actual, pero introduciendo en el Comunicado un sesgo al alza explícito.",Acuerdo de Política Monetaria y comunicado oficial,acuerdo_comunicado,acuerdo y comunicado,acuerdo_comunicado,NO,NO,NO,Rol según lista de asistencia: Vicepresidente del Banco Central,RPM-2010-05-13:3124:1,1,XLSX_ORIGINAL,NO,NO,RPM-2010-05-13:3124:B1,SIN_ALERTAS_AUTOMATICAS,,RPM-2010-05-13:T58,CONTINUIDAD_REVISADA,RPM-2010-05-13:3123:3,RPM-2010-05-13:3124:1
3124,ENLACE_EXTREMO_SIGUIENTE,27e8835ce94ac8c5c435f47f59d3432cd975de59852afb9c25a277aa507cc4e3,Despues,4662,RPM-2010-05-13,2010-05-13 00:00:00,Manuel Marfán Lewis,José De Gregorio Rebeco,SI,Vicepresidente del Banco Central,Presidente del Banco Central,SI,,Presidente del Banco Central,LISTA_ASISTENCIA,,SUJETO_ROL_NOMBRE,27,"Para finalizar con la votación, el Presidente, señor José De Gregorio, señala que los registros inflacionarios han sido menores que los esperados en el último par de meses y que algo similar ha estado ocurriendo con la actividad económica. No obstante, y tal como se señalara en el último IPoM, indica que estas cifras deben analizarse con cautela, pues están muy influidas por los efectos de corto plazo del terremoto. Asimismo, y tal como lo indicara el escenario de riesgos, recuerda que la actividad estaba sesgada a la baja por estos mismos hechos. En suma, manifiesta que eso es lo que se observa de los muy bajos registros de la actividad industrial y que, tal como se señalaba y fue discutido en las presentaciones del staff, indican que lo que ha ocurrido es una caída por el lado de la oferta de la capacidad de producción, lo cual cierra las brechas.",Acuerdo de Política Monetaria y comunicado oficial,acuerdo_comunicado,acuerdo y comunicado,acuerdo_comunicado,NO,NO,NO,Rol según lista de asistencia: Presidente del Banco Central,RPM-2010-05-13:3124:2,2,XLSX_ORIGINAL,NO,NO,RPM-2010-05-13:3124:B2,SIN_ALERTAS_AUTOMATICAS,,RPM-2010-05-13:T59,INICIO_EXPLICITO,,RPM-2010-05-13:3124:2
3571,MEMBRESIA_EXTREMO_ANTERIOR,2152c6d07d89fa7f4ec211ef52b1c67b22a33cb94c8fa0dcfd7a4552e8bfc979,Antes,5274,RPM-2010-11-16,2010-11-16 00:00:00,Manuel Marfán Lewis,Manuel Marfán Lewis,NO,Vicepresidente del Banco Central,Vicepresidente del Banco Central,NO,,Vicepresidente del Banco Central,LISTA_ASISTENCIA,,SUJETO_ROL_NOMBRE,18,"El Vicepresidente señor Manuel Marfán sostiene que ello no necesariamente es así, porque estima que se está muy lejos de un escenario de riesgo o de un problema de inestabilidad financiera. Aclara que se refiere más bien a un escenario de mucho optimismo, como el de fines de los años noventa, antes de la crisis asiática, que llevó a vulnerabilidades que significaron un ajuste de precios relativos que fue tan inflacionario, que el Banco Central de la época frenó ese cambio de precios, porque validarlo en un contexto sobrecalentado se traducía en más inflación. A su juicio, ese tipo de escenario y de solución son los que hay que evitar, por la propia estabilidad del ciclo macro y por los efectos sobre la inflación y los precios.",Análisis de la inflación y expectativas inflacionarias,inflacion,inflación,inflacion,NO,NO,NO,Rol según lista de asistencia: Vicepresidente del Banco Central,RPM-2010-11-16:3571:1,1,XLSX_ORIGINAL,NO,NO,RPM-2010-11-16:3571:B1,SIN_ALERTAS_AUTOMATICAS,,RPM-2010-11-16:T88,INICIO_EXPLICITO,,RPM-2010-11-16:3571:1
3571,MEMBRESIA_EXTREMO_ANTERIOR,2152c6d07d89fa7f4ec211ef52b1c67b22a33cb94c8fa0dcfd7a4552e8bfc979,Antes,5275,RPM-2010-11-16,2010-11-16 00:00:00,Manuel Marfán Lewis,José De Gregorio Rebeco,SI,Vicepresidente del Banco Central,Presidente del Banco Central,SI,,Presidente del Banco Central,LISTA_ASISTENCIA,,CONTEXTO_REVISADO,18,"Para cerrar la discusión, el Presidente señor José De Gregorio destaca la relevancia de dimensionar y de tomar una posición respecto de cuál es la importancia que juega el policy. Al respecto, manifiesta que el marco de política actual es completamente distinto del de fines de los noventa, y que es muy difícil que el escenario de entonces pueda repetirse con el marco de política vigente.",Análisis de la inflación y expectativas inflacionarias,inflacion,inflación,inflacion,NO,NO,NO,Hablante por contexto documentado: HAB-20260907-3571 (data/curation/revisiones_hablantes.json; no cotejo PDF); Rol según lista de asistencia: Presidente del Banco Central,RPM-2010-11-16:3571:2,2,XLSX_ORIGINAL,NO,NO,RPM-2010-11-16:3571:B2,SIN_ALERTAS_AUTOMATICAS,,RPM-2010-11-16:T89,SIN_CONTINUIDAD_CONFIRMADA,,
3571,MEMBRESIA_EXTREMO_ANTERIOR,2152c6d07d89fa7f4ec211ef52b1c67b22a33cb94c8fa0dcfd7a4552e8bfc979,Despues,5274,RPM-2010-11-16,2010-11-16 00:00:00,Manuel Marfán Lewis,Manuel Marfán Lewis,NO,Vicepresidente del Banco Central,Vicepresidente del Banco Central,NO,,Vicepresidente del Banco Central,LISTA_ASISTENCIA,,SUJETO_ROL_NOMBRE,18,"El Vicepresidente señor Manuel Marfán sostiene que ello no necesariamente es así, porque estima que se está muy lejos de un escenario de riesgo o de un problema de inestabilidad financiera. Aclara que se refiere más bien a un escenario de mucho optimismo, como el de fines de los años noventa, antes de la crisis asiática, que llevó a vulnerabilidades que significaron un ajuste de precios relativos que fue tan inflacionario, que el Banco Central de la época frenó ese cambio de precios, porque validarlo en un contexto sobrecalentado se traducía en más inflación. A su juicio, ese tipo de escenario y de solución son los que hay que evitar, por la propia estabilidad del ciclo macro y por los efectos sobre la inflación y los precios.",Análisis de la inflación y expectativas inflacionarias,inflacion,inflación,inflacion,NO,NO,NO,Rol según lista de asistencia: Vicepresidente del Banco Central,RPM-2010-11-16:3571:1,1,XLSX_ORIGINAL,NO,NO,RPM-2010-11-16:3571:B1,SIN_ALERTAS_AUTOMATICAS,,RPM-2010-11-16:T88,INICIO_EXPLICITO,,RPM-2010-11-16:3571:1
3571,MEMBRESIA_EXTREMO_ANTERIOR,2152c6d07d89fa7f4ec211ef52b1c67b22a33cb94c8fa0dcfd7a4552e8bfc979,Despues,5275,RPM-2010-11-16,2010-11-16 00:00:00,Manuel Marfán Lewis,José De Gregorio Rebeco,SI,Vicepresidente del Banco Central,Presidente del Banco Central,SI,,Presidente del Banco Central,LISTA_ASISTENCIA,,CONTEXTO_REVISADO,18,"Para cerrar la discusión, el Presidente señor José De Gregorio destaca la relevancia de dimensionar y de tomar una posición respecto de cuál es la importancia que juega el policy. Al respecto, manifiesta que el marco de política actual es completamente distinto del de fines de los noventa, y que es muy difícil que el escenario de entonces pueda repetirse con el marco de política vigente.",Análisis de la inflación y expectativas inflacionarias,inflacion,inflación,inflacion,NO,NO,NO,Hablante por contexto documentado: HAB-20260907-3571 (data/curation/revisiones_hablantes.json; no cotejo PDF); Rol según lista de asistencia: Presidente del Banco Central,RPM-2010-11-16:3571:2,2,XLSX_ORIGINAL,NO,NO,RPM-2010-11-16:3571:B2,SIN_ALERTAS_AUTOMATICAS,,RPM-2010-11-16:T89,SIN_CONTINUIDAD_CONFIRMADA,,
3572,ENLACE_EXTREMO_SIGUIENTE,8883ad9cbefcc8178d33158fe9df9352aee0c5a83f7c82889bcf80f4e576f977,Antes,5276,RPM-2010-11-16,2010-11-16 00:00:00,José De Gregorio Rebeco,José De Gregorio Rebeco,NO,Presidente del Banco Central,Presidente del Banco Central,NO,,Presidente del Banco Central,LISTA_ASISTENCIA,,SUJETO_ROL_NOMBRE,18,El Presidente señor José De Gregorio suspende la Sesión y recuerda que se reanudará a las 16:00 horas.,Evaluación de opciones de política monetaria,opciones_tpm,opciones tpm,opciones_tpm,NO,NO,NO,Rol según lista de asistencia: Presidente del Banco Central,RPM-2010-11-16:3572:1,1,XLSX_ORIGINAL,NO,NO,RPM-2010-11-16:3572:B1,SIN_ALERTAS_AUTOMATICAS,,RPM-2010-11-16:T90,INICIO_EXPLICITO,,RPM-2010-11-16:3572:1
3572,ENLACE_EXTREMO_SIGUIENTE,8883ad9cbefcc8178d33158fe9df9352aee0c5a83f7c82889bcf80f4e576f977,Antes,5277,RPM-2010-11-16,2010-11-16 00:00:00,José De Gregorio Rebeco,José De Gregorio Rebeco,NO,Presidente del Banco Central,Presidente del Banco Central,NO,,Presidente del Banco Central,LISTA_ASISTENCIA,,SUJETO_ROL_NOMBRE,18,"Siendo las 16:00 horas, el Presidente señor José De Gregorio reanuda la sesión y concede la palabra al Gerente de División Estudios señor Luis Óscar Herrera para que presente las Opciones de Política Monetaria para la presente Reunión.",Evaluación de opciones de política monetaria,opciones_tpm,opciones tpm,opciones_tpm,NO,NO,NO,Rol según lista de asistencia: Presidente del Banco Central,RPM-2010-11-16:3572:2,2,XLSX_ORIGINAL,NO,NO,RPM-2010-11-16:3572:B2,SIN_ALERTAS_AUTOMATICAS,,RPM-2010-11-16:T91,INICIO_EXPLICITO,,RPM-2010-11-16:3572:2
3572,ENLACE_EXTREMO_SIGUIENTE,8883ad9cbefcc8178d33158fe9df9352aee0c5a83f7c82889bcf80f4e576f977,Despues,5276,RPM-2010-11-16,2010-11-16 00:00:00,José De Gregorio Rebeco,José De Gregorio Rebeco,NO,Presidente del Banco Central,Presidente del Banco Central,NO,,Presidente del Banco Central,LISTA_ASISTENCIA,,SUJETO_ROL_NOMBRE,18,El Presidente señor José De Gregorio suspende la Sesión y recuerda que se reanudará a las 16:00 horas.,Evaluación de opciones de política monetaria,opciones_tpm,opciones tpm,opciones_tpm,NO,NO,NO,Rol según lista de asistencia: Presidente del Banco Central,RPM-2010-11-16:3572:1,1,XLSX_ORIGINAL,NO,NO,RPM-2010-11-16:3572:B1,SIN_ALERTAS_AUTOMATICAS,,RPM-2010-11-16:T89,CONTINUIDAD_REVISADA,RPM-2010-11-16:3571:2,RPM-2010-11-16:3572:1
3572,ENLACE_EXTREMO_SIGUIENTE,8883ad9cbefcc8178d33158fe9df9352aee0c5a83f7c82889bcf80f4e576f977,Despues,5277,RPM-2010-11-16,2010-11-16 00:00:00,José De Gregorio Rebeco,José De Gregorio Rebeco,NO,Presidente del Banco Central,Presidente del Banco Central,NO,,Presidente del Banco Central,LISTA_ASISTENCIA,,SUJETO_ROL_NOMBRE,18,"Siendo las 16:00 horas, el Presidente señor José De Gregorio reanuda la sesión y concede la palabra al Gerente de División Estudios señor Luis Óscar Herrera para que presente las Opciones de Política Monetaria para la presente Reunión.",Evaluación de opciones de política monetaria,opciones_tpm,opciones tpm,opciones_tpm,NO,NO,NO,Rol según lista de asistencia: Presidente del Banco Central,RPM-2010-11-16:3572:2,2,XLSX_ORIGINAL,NO,NO,RPM-2010-11-16:3572:B2,SIN_ALERTAS_AUTOMATICAS,,RPM-2010-11-16:T90,INICIO_EXPLICITO,,RPM-2010-11-16:3572:2
4470,MEMBRESIA_EXTREMO_ANTERIOR,f3126dd95e950b2596e2405c74085bdc3731fcc05842ec25c6acd700013550a1,Antes,6366,RPM-2011-12-13,2011-12-13 00:00:00,Rodrigo Vergara Montes,Rodrigo Vergara Montes,NO,Presidente del Banco Central,Presidente del Banco Central,NO,,Presidente del Banco Central,LISTA_ASISTENCIA,,SUJETO_ROL_NOMBRE,5,"El Presidente señor Rodrigo Vergara plantea que los antecedentes expuestos permiten señalar que la situación es algo menos negativa,",deliberación de política monetaria y balance de riesgos,riesgos,deliberación rpm,debate,NO,NO,NO,Rol según lista de asistencia: Presidente del Banco Central,RPM-2011-12-13:4470:1,1,XLSX_ORIGINAL,NO,NO,RPM-2011-12-13:4470:B1,PENDIENTE_REVISION,FINAL_SIN_PUNTUACION,RPM-2011-12-13:T12,INICIO_EXPLICITO,,RPM-2011-12-13:4470:1
4470,MEMBRESIA_EXTREMO_ANTERIOR,f3126dd95e950b2596e2405c74085bdc3731fcc05842ec25c6acd700013550a1,Antes,6367,RPM-2011-12-13,2011-12-13 00:00:00,Rodrigo Vergara Montes,Sergio Lehmann Beresi,SI,Presidente del Banco Central,Gerente de Análisis Internacional,SI,,Gerente de Análisis Internacional,LISTA_ASISTENCIA,,CONTEXTO_REVISADO,5,lo cual es confirmado por el señor Lehmann.,deliberación de política monetaria y balance de riesgos,riesgos,deliberación rpm,debate,NO,SI,NO,Hablante por contexto documentado: HAB-20260908-L23-4470-133 (data/curation/revisiones_hablantes.json; no cotejo PDF); Rol según lista de asistencia: Gerente de Análisis Internacional,RPM-2011-12-13:4470:2,2,XLSX_ORIGINAL,NO,NO,RPM-2011-12-13:4470:B2,PENDIENTE_REVISION,DUPLICADO_NO_FORMULA,RPM-2011-12-13:T13,SIN_CONTINUIDAD_CONFIRMADA,,
4470,MEMBRESIA_EXTREMO_ANTERIOR,f3126dd95e950b2596e2405c74085bdc3731fcc05842ec25c6acd700013550a1,Despues,6366,RPM-2011-12-13,2011-12-13 00:00:00,Rodrigo Vergara Montes,Rodrigo Vergara Montes,NO,Presidente del Banco Central,Presidente del Banco Central,NO,,Presidente del Banco Central,LISTA_ASISTENCIA,,SUJETO_ROL_NOMBRE,5,"El Presidente señor Rodrigo Vergara plantea que los antecedentes expuestos permiten señalar que la situación es algo menos negativa,",deliberación de política monetaria y balance de riesgos,riesgos,deliberación rpm,debate,NO,NO,NO,Rol según lista de asistencia: Presidente del Banco Central,RPM-2011-12-13:4470:1,1,XLSX_ORIGINAL,NO,NO,RPM-2011-12-13:4470:B1,PENDIENTE_REVISION,FINAL_SIN_PUNTUACION,RPM-2011-12-13:T12,INICIO_EXPLICITO,,RPM-2011-12-13:4470:1
4470,MEMBRESIA_EXTREMO_ANTERIOR,f3126dd95e950b2596e2405c74085bdc3731fcc05842ec25c6acd700013550a1,Despues,6367,RPM-2011-12-13,2011-12-13 00:00:00,Rodrigo Vergara Montes,Sergio Lehmann Beresi,SI,Presidente del Banco Central,Gerente de Análisis Internacional,SI,,Gerente de Análisis Internacional,LISTA_ASISTENCIA,,CONTEXTO_REVISADO,5,lo cual es confirmado por el señor Lehmann.,deliberación de política monetaria y balance de riesgos,riesgos,deliberación rpm,debate,NO,SI,NO,Hablante por contexto documentado: HAB-20260908-L23-4470-133 (data/curation/revisiones_hablantes.json; no cotejo PDF); Rol según lista de asistencia: Gerente de Análisis Internacional,RPM-2011-12-13:4470:2,2,XLSX_ORIGINAL,NO,NO,RPM-2011-12-13:4470:B2,PENDIENTE_REVISION,DUPLICADO_NO_FORMULA,RPM-2011-12-13:T13,SIN_CONTINUIDAD_CONFIRMADA,,
4471,ENLACE_EXTREMO_SIGUIENTE,d370da9db231b3fd40a343d35795f5899477097a7f846c2d62b54bb45cda440c,Antes,6368,RPM-2011-12-13,2011-12-13 00:00:00,Sergio Lehmann Beresi,Sergio Lehmann Beresi,NO,Gerente de Análisis Internacional,Gerente de Análisis Internacional,NO,,Gerente de Análisis Internacional,LISTA_ASISTENCIA,,SUJETO_NOMBRE,5,"El señor Sergio Lehmann prosigue, exhibiendo el Heat Map inflacionario que se contiene en la lámina 24 de la presentación, que da cuenta que los desvíos con respecto a la meta de inflación se mantienen respecto de las últimas Reuniones. Especifica que, en términos generales, las economías desarrolladas registran inflaciones algo superiores a sus metas, salvo Noruega y Suiza; que en las economías emergentes, la inflación se mantiene en niveles relativamente acotados, excepto en Brasil y Perú, donde los niveles de inflación superan los techos de sus rangos meta respectivos; y que en Europa emergente y Asia emergente, la situación inflacionaria es algo más heterogénea, sobresaliendo Turquía y Tailandia, respectivamente, con cifras superiores al techo de sus rangos meta. En cuanto a proyecciones de inflación para el presente año, señala que América Latina, Asia emergente y las economías desarrolladas muestran inflaciones algo más altas que lo anticipado, mientras que las cifras de inflación en Europa del Este son inferiores que las estimadas previamente. Por su parte, comenta que para el año 2012 se anticipan caídas en Asia emergente, una ligera caída en América Latina, estabilidad en las economías desarrolladas y un aumento en Europa del Este. En relación con los precios de commodities, informa que registran un comportamiento mixto, por cuanto el de los combustibles disminuyó, el de las gasolinas anotó solo algunas caídas marginales, el del oro y productos agrícolas se redujo, pero el del cobre y otros metales experimentó incrementos. En términos agregados, reitera que los metales aumentan, mientras que la energía y los cereales figuran con caídas. En cuanto a metales, añade que el cobre, plomo, zinc y níquel registraron alzas, en tanto que el aluminio, oro y estaño anotaron caídas. Asimismo, destaca que, en general, los precios de los commodities tendieron a recuperarse después de los anuncios en Europa, pero que ello no ha sido muy sostenible. De hecho, indica que mostraron algunas reversiones y que hoy exhiben niveles inferiores a los observados en la RPM anterior. En cuanto a las proyecciones del precio del petróleo y cobre, plantea que se han ajustado a la baja respecto del IPoM de septiembre. Por último, señala que al corregir el precio de la gasolina por su estacionalidad, concentrada fundamentalmente en períodos de verano en el hemisferio norte, resulta que los márgenes de refinación caen en todas sus medidas. Al respecto, destaca que el Crack Spread habitual del WTI cae con mayor fuerza que el Crack Spread sobre Brent, reflejando que la brecha WTI Brent se ha reducido, en la medida que el petróleo acumulado en Oklahoma ha tendido a ser distribuido a otras regiones, permitiendo un mejor arbitraje entre ambos.","escenario macroeconómico internacional, actividad global y situación europea",escenario_internacional,escenario internacional,escenario_internacional,NO,NO,NO,Rol según lista de asistencia: Gerente de Análisis Internacional,RPM-2011-12-13:4471:1,1,XLSX_ORIGINAL,NO,NO,RPM-2011-12-13:4471:B1,SIN_ALERTAS_AUTOMATICAS,,RPM-2011-12-13:T14,INICIO_EXPLICITO,,RPM-2011-12-13:4471:1
4471,ENLACE_EXTREMO_SIGUIENTE,d370da9db231b3fd40a343d35795f5899477097a7f846c2d62b54bb45cda440c,Despues,6368,RPM-2011-12-13,2011-12-13 00:00:00,Sergio Lehmann Beresi,Sergio Lehmann Beresi,NO,Gerente de Análisis Internacional,Gerente de Análisis Internacional,NO,,Gerente de Análisis Internacional,LISTA_ASISTENCIA,,SUJETO_NOMBRE,5,"El señor Sergio Lehmann prosigue, exhibiendo el Heat Map inflacionario que se contiene en la lámina 24 de la presentación, que da cuenta que los desvíos con respecto a la meta de inflación se mantienen respecto de las últimas Reuniones. Especifica que, en términos generales, las economías desarrolladas registran inflaciones algo superiores a sus metas, salvo Noruega y Suiza; que en las economías emergentes, la inflación se mantiene en niveles relativamente acotados, excepto en Brasil y Perú, donde los niveles de inflación superan los techos de sus rangos meta respectivos; y que en Europa emergente y Asia emergente, la situación inflacionaria es algo más heterogénea, sobresaliendo Turquía y Tailandia, respectivamente, con cifras superiores al techo de sus rangos meta. En cuanto a proyecciones de inflación para el presente año, señala que América Latina, Asia emergente y las economías desarrolladas muestran inflaciones algo más altas que lo anticipado, mientras que las cifras de inflación en Europa del Este son inferiores que las estimadas previamente. Por su parte, comenta que para el año 2012 se anticipan caídas en Asia emergente, una ligera caída en América Latina, estabilidad en las economías desarrolladas y un aumento en Europa del Este. En relación con los precios de commodities, informa que registran un comportamiento mixto, por cuanto el de los combustibles disminuyó, el de las gasolinas anotó solo algunas caídas marginales, el del oro y productos agrícolas se redujo, pero el del cobre y otros metales experimentó incrementos. En términos agregados, reitera que los metales aumentan, mientras que la energía y los cereales figuran con caídas. En cuanto a metales, añade que el cobre, plomo, zinc y níquel registraron alzas, en tanto que el aluminio, oro y estaño anotaron caídas. Asimismo, destaca que, en general, los precios de los commodities tendieron a recuperarse después de los anuncios en Europa, pero que ello no ha sido muy sostenible. De hecho, indica que mostraron algunas reversiones y que hoy exhiben niveles inferiores a los observados en la RPM anterior. En cuanto a las proyecciones del precio del petróleo y cobre, plantea que se han ajustado a la baja respecto del IPoM de septiembre. Por último, señala que al corregir el precio de la gasolina por su estacionalidad, concentrada fundamentalmente en períodos de verano en el hemisferio norte, resulta que los márgenes de refinación caen en todas sus medidas. Al respecto, destaca que el Crack Spread habitual del WTI cae con mayor fuerza que el Crack Spread sobre Brent, reflejando que la brecha WTI Brent se ha reducido, en la medida que el petróleo acumulado en Oklahoma ha tendido a ser distribuido a otras regiones, permitiendo un mejor arbitraje entre ambos.","escenario macroeconómico internacional, actividad global y situación europea",escenario_internacional,escenario internacional,escenario_internacional,NO,NO,NO,Rol según lista de asistencia: Gerente de Análisis Internacional,RPM-2011-12-13:4471:1,1,XLSX_ORIGINAL,NO,NO,RPM-2011-12-13:4471:B1,SIN_ALERTAS_AUTOMATICAS,,RPM-2011-12-13:T13,CONTINUIDAD_REVISADA,RPM-2011-12-13:4470:2,RPM-2011-12-13:4471:1
4903,MEMBRESIA_EXTREMO_ANTERIOR,35c0ddc674d67a974cbd7c8fbaaf21e9528e469c4e2eeeb1e36a8f852c05b525,Antes,6891,RPM-2012-07-12,2012-07-12 00:00:00,Rodrigo Vergara Montes,Rodrigo Vergara Montes,NO,Presidente del Banco Central,Presidente del Banco Central,NO,,Presidente del Banco Central,LISTA_ASISTENCIA,,SUJETO_ROL_NOMBRE,3,El Presidente señor Rodrigo Vergara consulta por las razones que explicarían la caída tan significativa de los mercados bursátiles en el curso de la presente jornada.,Análisis del escenario macroeconómico internacional,escenario_internacional,escenario internacional,escenario_internacional,NO,NO,NO,Rol según lista de asistencia: Presidente del Banco Central,RPM-2012-07-12:4903:1,1,XLSX_ORIGINAL,NO,NO,RPM-2012-07-12:4903:B1,SIN_ALERTAS_AUTOMATICAS,,RPM-2012-07-12:T4,INICIO_EXPLICITO,,RPM-2012-07-12:4903:1
4903,MEMBRESIA_EXTREMO_ANTERIOR,35c0ddc674d67a974cbd7c8fbaaf21e9528e469c4e2eeeb1e36a8f852c05b525,Antes,6892,RPM-2012-07-12,2012-07-12 00:00:00,Rodrigo Vergara Montes,Sergio Lehmann Beresi,SI,Presidente del Banco Central,Gerente de Análisis Internacional,SI,,Gerente de Análisis Internacional,LISTA_ASISTENCIA,,CONTEXTO_REVISADO,3,"En opinión del señor Sergio Lehmann, estaría predominando la preocupación referente a la actividad, lo que se reflejaría en el reporte de la Reserva Federal sobre su reunión de política monetaria, que se conoció en el día de ayer, ya que se esperaba una señal algo más concluyente acerca de eventuales futuras medidas de relajo monetario, pero dicho anuncio fue más débil que lo esperado, afectando, de alguna manera, a los mercados financieros en el día de hoy.",Análisis del escenario macroeconómico internacional,escenario_internacional,escenario internacional,escenario_internacional,NO,NO,NO,Hablante por contexto documentado: HAB-20260908-4903 (data/curation/revisiones_hablantes.json; no cotejo PDF); Rol según lista de asistencia: Gerente de Análisis Internacional,RPM-2012-07-12:4903:2,2,XLSX_ORIGINAL,NO,NO,RPM-2012-07-12:4903:B2,SIN_ALERTAS_AUTOMATICAS,,RPM-2012-07-12:T5,SIN_CONTINUIDAD_CONFIRMADA,,
4903,MEMBRESIA_EXTREMO_ANTERIOR,35c0ddc674d67a974cbd7c8fbaaf21e9528e469c4e2eeeb1e36a8f852c05b525,Despues,6891,RPM-2012-07-12,2012-07-12 00:00:00,Rodrigo Vergara Montes,Rodrigo Vergara Montes,NO,Presidente del Banco Central,Presidente del Banco Central,NO,,Presidente del Banco Central,LISTA_ASISTENCIA,,SUJETO_ROL_NOMBRE,3,El Presidente señor Rodrigo Vergara consulta por las razones que explicarían la caída tan significativa de los mercados bursátiles en el curso de la presente jornada.,Análisis del escenario macroeconómico internacional,escenario_internacional,escenario internacional,escenario_internacional,NO,NO,NO,Rol según lista de asistencia: Presidente del Banco Central,RPM-2012-07-12:4903:1,1,XLSX_ORIGINAL,NO,NO,RPM-2012-07-12:4903:B1,SIN_ALERTAS_AUTOMATICAS,,RPM-2012-07-12:T4,INICIO_EXPLICITO,,RPM-2012-07-12:4903:1
4903,MEMBRESIA_EXTREMO_ANTERIOR,35c0ddc674d67a974cbd7c8fbaaf21e9528e469c4e2eeeb1e36a8f852c05b525,Despues,6892,RPM-2012-07-12,2012-07-12 00:00:00,Rodrigo Vergara Montes,Sergio Lehmann Beresi,SI,Presidente del Banco Central,Gerente de Análisis Internacional,SI,,Gerente de Análisis Internacional,LISTA_ASISTENCIA,,CONTEXTO_REVISADO,3,"En opinión del señor Sergio Lehmann, estaría predominando la preocupación referente a la actividad, lo que se reflejaría en el reporte de la Reserva Federal sobre su reunión de política monetaria, que se conoció en el día de ayer, ya que se esperaba una señal algo más concluyente acerca de eventuales futuras medidas de relajo monetario, pero dicho anuncio fue más débil que lo esperado, afectando, de alguna manera, a los mercados financieros en el día de hoy.",Análisis del escenario macroeconómico internacional,escenario_internacional,escenario internacional,escenario_internacional,NO,NO,NO,Hablante por contexto documentado: HAB-20260908-4903 (data/curation/revisiones_hablantes.json; no cotejo PDF); Rol según lista de asistencia: Gerente de Análisis Internacional,RPM-2012-07-12:4903:2,2,XLSX_ORIGINAL,NO,NO,RPM-2012-07-12:4903:B2,SIN_ALERTAS_AUTOMATICAS,,RPM-2012-07-12:T5,SIN_CONTINUIDAD_CONFIRMADA,,
4904,ENLACE_EXTREMO_SIGUIENTE,6fb53dd1e092c66c10aa41544a5d9e48f5cefc52a12c61847c387bbc21975663,Antes,6893,RPM-2012-07-12,2012-07-12 00:00:00,Sergio Lehmann Beresi,Sergio Lehmann Beresi,NO,Gerente de Análisis Internacional,Gerente de Análisis Internacional,NO,,Gerente de Análisis Internacional,LISTA_ASISTENCIA,,SUJETO_NOMBRE,3,"El señor Sergio Lehmann retoma la presentación, mencionando que en materia de flujos de capitales, se observa una búsqueda de instrumentos de renta fija en economías refugio, específicamente, bonos estadounidenses, lo que ha determinado la mantención de las tasas de interés en estos mercados en torno a sus mínimos históricos. De hecho, precisa que aquellas a 2 años registran caídas significativas en Francia, en tanto que las a 10 años han oscilado dentro de los mínimos históricos, particularmente en Estados Unidos de América, donde alcanzan una cifra inédita de 1,48%. Acota que una situación similar exhiben los bonos alemanes. En lo concerniente a los flujos de capitales hacia economías emergentes, menciona que estos han mostrado alguna recuperación durante las últimas semanas, asociada fundamentalmente a ingresos de capitales hacía América Latina y en menor grado a Europa emergente. Manifiesta que en este caso predomina también la toma de posiciones en bonos, mientras que el movimiento en acciones es prácticamente nulo. Finalmente, especifica que constituyen flujos netos de no residentes, que corresponden a una muestra de fondos de inversión y, por lo tanto, exhiben alguna señal en lo atinente a lo que estaría aconteciendo en términos de flujos de capitales a nivel global. En lo referente a las monedas de economías emergentes, señala que tendieron a apreciarse durante el último mes. En este aspecto, destaca el fortalecimiento del peso mexicano y de las monedas de países exportadores de commodities, tales como Australia, Sudáfrica, Nueva Zelanda y Chile; que el dólar americano registró una depreciación marginal de 0,3%, mientras que la del euro fue levemente inferior al 3%, marcada por la decisión del Banco Central Europeo de recortar su tasa rectora en 25 puntos base.",Evolución de mercados financieros y tipo de cambio,mercados_financieros,mercados financieros,mercados_financieros,NO,NO,NO,Rol según lista de asistencia: Gerente de Análisis Internacional,RPM-2012-07-12:4904:1,1,XLSX_ORIGINAL,NO,NO,RPM-2012-07-12:4904:B1,SIN_ALERTAS_AUTOMATICAS,,RPM-2012-07-12:T6,INICIO_EXPLICITO,,RPM-2012-07-12:4904:1
4904,ENLACE_EXTREMO_SIGUIENTE,6fb53dd1e092c66c10aa41544a5d9e48f5cefc52a12c61847c387bbc21975663,Despues,6893,RPM-2012-07-12,2012-07-12 00:00:00,Sergio Lehmann Beresi,Sergio Lehmann Beresi,NO,Gerente de Análisis Internacional,Gerente de Análisis Internacional,NO,,Gerente de Análisis Internacional,LISTA_ASISTENCIA,,SUJETO_NOMBRE,3,"El señor Sergio Lehmann retoma la presentación, mencionando que en materia de flujos de capitales, se observa una búsqueda de instrumentos de renta fija en economías refugio, específicamente, bonos estadounidenses, lo que ha determinado la mantención de las tasas de interés en estos mercados en torno a sus mínimos históricos. De hecho, precisa que aquellas a 2 años registran caídas significativas en Francia, en tanto que las a 10 años han oscilado dentro de los mínimos históricos, particularmente en Estados Unidos de América, donde alcanzan una cifra inédita de 1,48%. Acota que una situación similar exhiben los bonos alemanes. En lo concerniente a los flujos de capitales hacia economías emergentes, menciona que estos han mostrado alguna recuperación durante las últimas semanas, asociada fundamentalmente a ingresos de capitales hacía América Latina y en menor grado a Europa emergente. Manifiesta que en este caso predomina también la toma de posiciones en bonos, mientras que el movimiento en acciones es prácticamente nulo. Finalmente, especifica que constituyen flujos netos de no residentes, que corresponden a una muestra de fondos de inversión y, por lo tanto, exhiben alguna señal en lo atinente a lo que estaría aconteciendo en términos de flujos de capitales a nivel global. En lo referente a las monedas de economías emergentes, señala que tendieron a apreciarse durante el último mes. En este aspecto, destaca el fortalecimiento del peso mexicano y de las monedas de países exportadores de commodities, tales como Australia, Sudáfrica, Nueva Zelanda y Chile; que el dólar americano registró una depreciación marginal de 0,3%, mientras que la del euro fue levemente inferior al 3%, marcada por la decisión del Banco Central Europeo de recortar su tasa rectora en 25 puntos base.",Evolución de mercados financieros y tipo de cambio,mercados_financieros,mercados financieros,mercados_financieros,NO,NO,NO,Rol según lista de asistencia: Gerente de Análisis Internacional,RPM-2012-07-12:4904:1,1,XLSX_ORIGINAL,NO,NO,RPM-2012-07-12:4904:B1,SIN_ALERTAS_AUTOMATICAS,,RPM-2012-07-12:T5,CONTINUIDAD_REVISADA,RPM-2012-07-12:4903:2,RPM-2012-07-12:4904:1
5168,MEMBRESIA_EXTREMO_ANTERIOR,f60e1de9b4fde7a0e4e993f2528427b6c6d794c1a10e4942eb2cb6738898ac07,Antes,7200,RPM-2012-11-13,2012-11-13 00:00:00,Manuel Marfán Lewis,Manuel Marfán Lewis,NO,Vicepresidente del Banco Central,Vicepresidente del Banco Central,NO,,Vicepresidente del Banco Central,LISTA_ASISTENCIA,,SUJETO_ROL_SESION,7,"El Vicepresidente observa que Chile pasa del rango amarillo a naranjo en el cuarto trimestre del año en curso, por lo que conforme a ese gráfico comenzará a crecer por sobre su tendencia.",Análisis macroeconómico y discusión de política monetaria,debate,discusión monetaria,debate,NO,NO,NO,Rol según lista de asistencia: Vicepresidente del Banco Central,RPM-2012-11-13:5168:1,1,XLSX_ORIGINAL,NO,NO,RPM-2012-11-13:5168:B1,SIN_ALERTAS_AUTOMATICAS,,RPM-2012-11-13:T6,INICIO_EXPLICITO,,RPM-2012-11-13:5168:1
5168,MEMBRESIA_EXTREMO_ANTERIOR,f60e1de9b4fde7a0e4e993f2528427b6c6d794c1a10e4942eb2cb6738898ac07,Antes,7201,RPM-2012-11-13,2012-11-13 00:00:00,Manuel Marfán Lewis,Sergio Lehmann Beresi,SI,Vicepresidente del Banco Central,Gerente de Análisis Internacional,SI,,Gerente de Análisis Internacional,LISTA_ASISTENCIA,,CONTEXTO_REVISADO,7,"Ello es corroborado por el señor Sergio Lehmann, quien acota que se prevé que se mantendrá dicho rango representado por el color naranjo durante el primer trimestre del año 2013.",Análisis macroeconómico y discusión de política monetaria,debate,discusión monetaria,debate,NO,NO,NO,Hablante por contexto documentado: HAB-20260908-L23-5168-188 (data/curation/revisiones_hablantes.json; no cotejo PDF); Rol según lista de asistencia: Gerente de Análisis Internacional,RPM-2012-11-13:5168:2,2,XLSX_ORIGINAL,NO,NO,RPM-2012-11-13:5168:B2,SIN_ALERTAS_AUTOMATICAS,,RPM-2012-11-13:T7,SIN_CONTINUIDAD_CONFIRMADA,,
5168,MEMBRESIA_EXTREMO_ANTERIOR,f60e1de9b4fde7a0e4e993f2528427b6c6d794c1a10e4942eb2cb6738898ac07,Despues,7200,RPM-2012-11-13,2012-11-13 00:00:00,Manuel Marfán Lewis,Manuel Marfán Lewis,NO,Vicepresidente del Banco Central,Vicepresidente del Banco Central,NO,,Vicepresidente del Banco Central,LISTA_ASISTENCIA,,SUJETO_ROL_SESION,7,"El Vicepresidente observa que Chile pasa del rango amarillo a naranjo en el cuarto trimestre del año en curso, por lo que conforme a ese gráfico comenzará a crecer por sobre su tendencia.",Análisis macroeconómico y discusión de política monetaria,debate,discusión monetaria,debate,NO,NO,NO,Rol según lista de asistencia: Vicepresidente del Banco Central,RPM-2012-11-13:5168:1,1,XLSX_ORIGINAL,NO,NO,RPM-2012-11-13:5168:B1,SIN_ALERTAS_AUTOMATICAS,,RPM-2012-11-13:T6,INICIO_EXPLICITO,,RPM-2012-11-13:5168:1
5168,MEMBRESIA_EXTREMO_ANTERIOR,f60e1de9b4fde7a0e4e993f2528427b6c6d794c1a10e4942eb2cb6738898ac07,Despues,7201,RPM-2012-11-13,2012-11-13 00:00:00,Manuel Marfán Lewis,Sergio Lehmann Beresi,SI,Vicepresidente del Banco Central,Gerente de Análisis Internacional,SI,,Gerente de Análisis Internacional,LISTA_ASISTENCIA,,CONTEXTO_REVISADO,7,"Ello es corroborado por el señor Sergio Lehmann, quien acota que se prevé que se mantendrá dicho rango representado por el color naranjo durante el primer trimestre del año 2013.",Análisis macroeconómico y discusión de política monetaria,debate,discusión monetaria,debate,NO,NO,NO,Hablante por contexto documentado: HAB-20260908-L23-5168-188 (data/curation/revisiones_hablantes.json; no cotejo PDF); Rol según lista de asistencia: Gerente de Análisis Internacional,RPM-2012-11-13:5168:2,2,XLSX_ORIGINAL,NO,NO,RPM-2012-11-13:5168:B2,SIN_ALERTAS_AUTOMATICAS,,RPM-2012-11-13:T7,SIN_CONTINUIDAD_CONFIRMADA,,
5169,ENLACE_EXTREMO_SIGUIENTE,cf8c5461fd360d6fe137ba002da0fd4dbc4f58d103a876a8950fc654e049fe5e,Antes,7202,RPM-2012-11-13,2012-11-13 00:00:00,Sergio Lehmann Beresi,Sergio Lehmann Beresi,NO,Gerente de Análisis Internacional,Gerente de Análisis Internacional,NO,,Gerente de Análisis Internacional,LISTA_ASISTENCIA,,SUJETO_NOMBRE,7,"El señor Sergio Lehmann prosigue con su exposición, señalando que la inflación ha repuntado en varios países acorde con mayores precios de alimentos. De hecho, destaca que Brasil registra inflaciones de alimentos superiores a 8% en doce meses, mientras que en China retroceden, atendido que los precios de los alimentos se encuentran controlados y, en consecuencia, no dan real cuenta de las fuerzas naturales del mercado.",Análisis de la inflación y expectativas inflacionarias,inflacion,inflación,inflacion,NO,NO,NO,Rol según lista de asistencia: Gerente de Análisis Internacional,RPM-2012-11-13:5169:1,1,XLSX_ORIGINAL,NO,NO,RPM-2012-11-13:5169:B1,SIN_ALERTAS_AUTOMATICAS,,RPM-2012-11-13:T8,INICIO_EXPLICITO,,RPM-2012-11-13:5169:1
5169,ENLACE_EXTREMO_SIGUIENTE,cf8c5461fd360d6fe137ba002da0fd4dbc4f58d103a876a8950fc654e049fe5e,Despues,7202,RPM-2012-11-13,2012-11-13 00:00:00,Sergio Lehmann Beresi,Sergio Lehmann Beresi,NO,Gerente de Análisis Internacional,Gerente de Análisis Internacional,NO,,Gerente de Análisis Internacional,LISTA_ASISTENCIA,,SUJETO_NOMBRE,7,"El señor Sergio Lehmann prosigue con su exposición, señalando que la inflación ha repuntado en varios países acorde con mayores precios de alimentos. De hecho, destaca que Brasil registra inflaciones de alimentos superiores a 8% en doce meses, mientras que en China retroceden, atendido que los precios de los alimentos se encuentran controlados y, en consecuencia, no dan real cuenta de las fuerzas naturales del mercado.",Análisis de la inflación y expectativas inflacionarias,inflacion,inflación,inflacion,NO,NO,NO,Rol según lista de asistencia: Gerente de Análisis Internacional,RPM-2012-11-13:5169:1,1,XLSX_ORIGINAL,NO,NO,RPM-2012-11-13:5169:B1,SIN_ALERTAS_AUTOMATICAS,,RPM-2012-11-13:T7,CONTINUIDAD_REVISADA,RPM-2012-11-13:5168:2,RPM-2012-11-13:5169:1
5872,MEMBRESIA_EXTREMO_ANTERIOR,4a7f5819440fe8c2e3b2ee86e83c4c19be37baec8cf6d2c527341cd053d4c7b8,Antes,8025,RPM-2013-11-19,2013-11-19 00:00:00,Manuel Marfán Lewis,Manuel Marfán Lewis,NO,Vicepresidente del Banco Central,Vicepresidente del Banco Central,NO,,Vicepresidente del Banco Central,LISTA_ASISTENCIA,,SUJETO_ROL_NOMBRE,13,"El Vicepresidente señor Manuel Marfán consulta si la reducción de existencias corresponde a bienes exportables o de otra clase,",Análisis macroeconómico y discusión de política monetaria,debate,discusión monetaria,debate,NO,NO,NO,Rol según lista de asistencia: Vicepresidente del Banco Central,RPM-2013-11-19:5872:1,1,XLSX_ORIGINAL,NO,NO,RPM-2013-11-19:5872:B1,PENDIENTE_REVISION,FINAL_SIN_PUNTUACION,RPM-2013-11-19:T16,INICIO_EXPLICITO,,RPM-2013-11-19:5872:1
5872,MEMBRESIA_EXTREMO_ANTERIOR,4a7f5819440fe8c2e3b2ee86e83c4c19be37baec8cf6d2c527341cd053d4c7b8,Antes,8026,RPM-2013-11-19,2013-11-19 00:00:00,Manuel Marfán Lewis,Claudio Soto Gamboa,SI,Vicepresidente del Banco Central,Gerente de Análisis Macroeconómico,SI,,Gerente de Análisis Macroeconómico,LISTA_ASISTENCIA,,CONTEXTO_REVISADO,13,"respondiendo el señor Claudio Soto que su gran componente es minería, pero también proviene del sector industrial.",Análisis macroeconómico y discusión de política monetaria,debate,discusión monetaria,debate,NO,NO,NO,Hablante por contexto documentado: HAB-20260908-L22-5872-128 (data/curation/revisiones_hablantes.json; no cotejo PDF); Rol según lista de asistencia: Gerente de Análisis Macroeconómico,RPM-2013-11-19:5872:2,2,XLSX_ORIGINAL,NO,NO,RPM-2013-11-19:5872:B2,SIN_ALERTAS_AUTOMATICAS,,RPM-2013-11-19:T17,SIN_CONTINUIDAD_CONFIRMADA,,
5872,MEMBRESIA_EXTREMO_ANTERIOR,4a7f5819440fe8c2e3b2ee86e83c4c19be37baec8cf6d2c527341cd053d4c7b8,Despues,8025,RPM-2013-11-19,2013-11-19 00:00:00,Manuel Marfán Lewis,Manuel Marfán Lewis,NO,Vicepresidente del Banco Central,Vicepresidente del Banco Central,NO,,Vicepresidente del Banco Central,LISTA_ASISTENCIA,,SUJETO_ROL_NOMBRE,13,"El Vicepresidente señor Manuel Marfán consulta si la reducción de existencias corresponde a bienes exportables o de otra clase,",Análisis macroeconómico y discusión de política monetaria,debate,discusión monetaria,debate,NO,NO,NO,Rol según lista de asistencia: Vicepresidente del Banco Central,RPM-2013-11-19:5872:1,1,XLSX_ORIGINAL,NO,NO,RPM-2013-11-19:5872:B1,PENDIENTE_REVISION,FINAL_SIN_PUNTUACION,RPM-2013-11-19:T16,INICIO_EXPLICITO,,RPM-2013-11-19:5872:1
5872,MEMBRESIA_EXTREMO_ANTERIOR,4a7f5819440fe8c2e3b2ee86e83c4c19be37baec8cf6d2c527341cd053d4c7b8,Despues,8026,RPM-2013-11-19,2013-11-19 00:00:00,Manuel Marfán Lewis,Claudio Soto Gamboa,SI,Vicepresidente del Banco Central,Gerente de Análisis Macroeconómico,SI,,Gerente de Análisis Macroeconómico,LISTA_ASISTENCIA,,CONTEXTO_REVISADO,13,"respondiendo el señor Claudio Soto que su gran componente es minería, pero también proviene del sector industrial.",Análisis macroeconómico y discusión de política monetaria,debate,discusión monetaria,debate,NO,NO,NO,Hablante por contexto documentado: HAB-20260908-L22-5872-128 (data/curation/revisiones_hablantes.json; no cotejo PDF); Rol según lista de asistencia: Gerente de Análisis Macroeconómico,RPM-2013-11-19:5872:2,2,XLSX_ORIGINAL,NO,NO,RPM-2013-11-19:5872:B2,SIN_ALERTAS_AUTOMATICAS,,RPM-2013-11-19:T17,SIN_CONTINUIDAD_CONFIRMADA,,
5873,ENLACE_EXTREMO_SIGUIENTE,1d88cfe4dc6eb5522b1dd97697c17b4fc289902d39bd60d99da7a454cd679fb0,Antes,8027,RPM-2013-11-19,2013-11-19 00:00:00,Claudio Soto Gamboa,Claudio Soto Gamboa,NO,Gerente de Análisis Macroeconómico,Gerente de Análisis Macroeconómico,NO,,Gerente de Análisis Macroeconómico,LISTA_ASISTENCIA,,SUJETO_NOMBRE,13,"El señor Claudio Soto prosigue con su presentación señalando que las velocidades de crecimiento de los sectores Resto durante este año han sido, en promedio, más bajas que las observadas el año pasado y que una situación similar exhiben las velocidades de la demanda final. De hecho, manifiesta que la economía se aceleró hacia el término del año pasado, pero experimentó una corrección importante desde comienzos del presente ejercicio. Añade que las tasas de crecimiento promedio del consumo han estado en torno a 6%, algo menores que las registradas el año 2012, pero sus velocidades son claramente más bajas, lo cual sugiere que en los meses venideros se observarán tasas de crecimiento que podrían ser algo inferiores a 5%. Asimismo, plantea que en el mes de septiembre, la actividad mostró una significativa contracción en el margen, sorprendiendo no solo al mercado sino que también a la proyección interna. En todo caso, hace la salvedad que la lectura del dato de dicho mes podría estar distorsionada por la influencia del factor desestacionalización y los ajustes de días hábiles, atendida la incorporación de los feriados irrenunciables en el último tiempo. En materia de expectativas, menciona que las correspondientes a las empresas se mantienen en terreno neutral, pero claramente por debajo de lo observado a comienzos de año; que el principal ajuste lo presenta el sector construcción y en menor grado el sector industria; y que el comercio tuvo un ajuste importante hace cuatro meses, pero en los últimos tres registros exhibe una cierta tendencia al alza. Por su parte, las expectativas de los consumidores se mantienen en niveles optimistas. Añade que la masa salarial todavía presenta tasas de crecimiento relativamente estables, pero en el margen se advierte un grado de desaceleración del empleo. Sobre este aspecto, plantea que el empleo asalariado exhibe signos de desaceleración en los últimos meses, mientras que el empleo por cuenta propia se estabiliza luego de haber experimentado un alza sostenida, lo cual sugiere que las tasas de crecimiento del empleo deberían tender a moderarse en los próximos meses. Los salarios, por su parte, presentan ciertas reducciones en sus tasas de crecimiento. En lo relativo a la inversión, señala que de acuerdo con el último catastro de la Corporación de Bienes de Capital, que corresponde al del mes de septiembre, la inversión en construcción y obras de ingeniería se revisó a la baja para este año y al alza por el período 2014-2015 con motivo de la postergación de algunos proyectos. Agrega que en el margen, los despachos de hormigón y cemento registraron una notoria desaceleración en el mes de octubre, luego de haber presentado un cierto rebote en los meses previos. El señor Claudio Soto manifiesta que las importaciones sorprendieron a la baja en el mes de octubre, debido a la significativa actualización de las cifras de LAN Airlines en materia de aviones y menores importaciones de maquinarias y equipos orientados a la minería y construcción. Puntualiza que algunos indicadores, tales como las ventas mayoristas ligadas a la inversión y la producción local orientada a la inversión, muestran una tendencia a la baja, mientras que las importaciones de maquinarias y equipos exhiben cierta estabilidad, lo cual anticipa bajas tasas de crecimiento en los próximos meses.",Acuerdo de Política Monetaria y comunicado oficial,acuerdo_comunicado,acuerdo y comunicado,acuerdo_comunicado,NO,NO,NO,Rol según lista de asistencia: Gerente de Análisis Macroeconómico,RPM-2013-11-19:5873:1,1,XLSX_ORIGINAL,NO,NO,RPM-2013-11-19:5873:B1,SIN_ALERTAS_AUTOMATICAS,,RPM-2013-11-19:T18,INICIO_EXPLICITO,,RPM-2013-11-19:5873:1
5873,ENLACE_EXTREMO_SIGUIENTE,1d88cfe4dc6eb5522b1dd97697c17b4fc289902d39bd60d99da7a454cd679fb0,Despues,8027,RPM-2013-11-19,2013-11-19 00:00:00,Claudio Soto Gamboa,Claudio Soto Gamboa,NO,Gerente de Análisis Macroeconómico,Gerente de Análisis Macroeconómico,NO,,Gerente de Análisis Macroeconómico,LISTA_ASISTENCIA,,SUJETO_NOMBRE,13,"El señor Claudio Soto prosigue con su presentación señalando que las velocidades de crecimiento de los sectores Resto durante este año han sido, en promedio, más bajas que las observadas el año pasado y que una situación similar exhiben las velocidades de la demanda final. De hecho, manifiesta que la economía se aceleró hacia el término del año pasado, pero experimentó una corrección importante desde comienzos del presente ejercicio. Añade que las tasas de crecimiento promedio del consumo han estado en torno a 6%, algo menores que las registradas el año 2012, pero sus velocidades son claramente más bajas, lo cual sugiere que en los meses venideros se observarán tasas de crecimiento que podrían ser algo inferiores a 5%. Asimismo, plantea que en el mes de septiembre, la actividad mostró una significativa contracción en el margen, sorprendiendo no solo al mercado sino que también a la proyección interna. En todo caso, hace la salvedad que la lectura del dato de dicho mes podría estar distorsionada por la influencia del factor desestacionalización y los ajustes de días hábiles, atendida la incorporación de los feriados irrenunciables en el último tiempo. En materia de expectativas, menciona que las correspondientes a las empresas se mantienen en terreno neutral, pero claramente por debajo de lo observado a comienzos de año; que el principal ajuste lo presenta el sector construcción y en menor grado el sector industria; y que el comercio tuvo un ajuste importante hace cuatro meses, pero en los últimos tres registros exhibe una cierta tendencia al alza. Por su parte, las expectativas de los consumidores se mantienen en niveles optimistas. Añade que la masa salarial todavía presenta tasas de crecimiento relativamente estables, pero en el margen se advierte un grado de desaceleración del empleo. Sobre este aspecto, plantea que el empleo asalariado exhibe signos de desaceleración en los últimos meses, mientras que el empleo por cuenta propia se estabiliza luego de haber experimentado un alza sostenida, lo cual sugiere que las tasas de crecimiento del empleo deberían tender a moderarse en los próximos meses. Los salarios, por su parte, presentan ciertas reducciones en sus tasas de crecimiento. En lo relativo a la inversión, señala que de acuerdo con el último catastro de la Corporación de Bienes de Capital, que corresponde al del mes de septiembre, la inversión en construcción y obras de ingeniería se revisó a la baja para este año y al alza por el período 2014-2015 con motivo de la postergación de algunos proyectos. Agrega que en el margen, los despachos de hormigón y cemento registraron una notoria desaceleración en el mes de octubre, luego de haber presentado un cierto rebote en los meses previos. El señor Claudio Soto manifiesta que las importaciones sorprendieron a la baja en el mes de octubre, debido a la significativa actualización de las cifras de LAN Airlines en materia de aviones y menores importaciones de maquinarias y equipos orientados a la minería y construcción. Puntualiza que algunos indicadores, tales como las ventas mayoristas ligadas a la inversión y la producción local orientada a la inversión, muestran una tendencia a la baja, mientras que las importaciones de maquinarias y equipos exhiben cierta estabilidad, lo cual anticipa bajas tasas de crecimiento en los próximos meses.",Acuerdo de Política Monetaria y comunicado oficial,acuerdo_comunicado,acuerdo y comunicado,acuerdo_comunicado,NO,NO,NO,Rol según lista de asistencia: Gerente de Análisis Macroeconómico,RPM-2013-11-19:5873:1,1,XLSX_ORIGINAL,NO,NO,RPM-2013-11-19:5873:B1,SIN_ALERTAS_AUTOMATICAS,,RPM-2013-11-19:T17,CONTINUIDAD_REVISADA,RPM-2013-11-19:5872:2,RPM-2013-11-19:5873:1
6118,MEMBRESIA_EXTREMO_ANTERIOR,0ad5752390a1a76a704b1e2ba88432734ba20ec8657e063d065c85e9ab892579,Antes,8327,RPM-2014-04-17,2014-04-17 00:00:00,Sebastián Claro Edwards,Sebastián Claro Edwards,NO,Consejero,Consejero,NO,,Consejero,LISTA_ASISTENCIA,,SUJETO_ROL_NOMBRE,2,"El Consejero señor Sebastián Claro comenta que las principales empresas bancarias estadounidenses fueron calificadas con suficiencia de capital; no obstante, la Reserva Federal rechazó los planes de dividendos presentados por algunas de ellas, generando críticas de la banca en cuanto a la objetividad de los criterios que utiliza este Organismo en dichos ejercicios. En razón de lo expresado, solicita la opinión del señor Sergio Lehmann acerca de la forma en que se realizó dicho proceso.",Análisis del escenario macroeconómico internacional,escenario_internacional,escenario internacional,escenario_internacional,NO,NO,NO,Rol según lista de asistencia: Consejero,RPM-2014-04-17:6118:1,1,XLSX_ORIGINAL,NO,NO,RPM-2014-04-17:6118:B1,SIN_ALERTAS_AUTOMATICAS,,RPM-2014-04-17:T4,INICIO_EXPLICITO,,RPM-2014-04-17:6118:1
6118,MEMBRESIA_EXTREMO_ANTERIOR,0ad5752390a1a76a704b1e2ba88432734ba20ec8657e063d065c85e9ab892579,Antes,8328,RPM-2014-04-17,2014-04-17 00:00:00,Sebastián Claro Edwards,Sergio Lehmann Beresi,SI,Consejero,Gerente de Análisis Internacional,SI,,Gerente de Análisis Internacional,LISTA_ASISTENCIA,,CONTEXTO_REVISADO,2,"V A juicio del señor Sergio Lehmann, los resultados de este ejercicio reflejan que, en general, los bancos estadounidenses están bien capitalizados y posicionados, sin perjuicio de que algunos de ellos requieren aumentar su capital. Resalta que la lectura de estos resultados ha sido muy positiva, dado que las pruebas de tensión fueron muy estrictas en términos de los requisitos exigidos a los bancos. Sin perjuicio de ello, corrobora un grado de impacto en los mercados bursátiles debido a las exigencias de capital planteadas por dicho Organismo a algunos de ellos. Finalmente, a título de último hecho destacado en materia de mercados financieros, menciona que las plazas bursátiles de las economías desarrolladas no registraron cambios significativos en el último mes, mientras que aumentaron las situadas en los mercados emergentes.",Análisis del escenario macroeconómico internacional,escenario_internacional,escenario internacional,escenario_internacional,NO,NO,NO,Hablante por contexto documentado: HAB-20260908-6118 (data/curation/revisiones_hablantes.json; no cotejo PDF); Rol según lista de asistencia: Gerente de Análisis Internacional,RPM-2014-04-17:6118:2,2,XLSX_ORIGINAL,NO,NO,RPM-2014-04-17:6118:B2,SIN_ALERTAS_AUTOMATICAS,,RPM-2014-04-17:T5,SIN_CONTINUIDAD_CONFIRMADA,,
6118,MEMBRESIA_EXTREMO_ANTERIOR,0ad5752390a1a76a704b1e2ba88432734ba20ec8657e063d065c85e9ab892579,Despues,8327,RPM-2014-04-17,2014-04-17 00:00:00,Sebastián Claro Edwards,Sebastián Claro Edwards,NO,Consejero,Consejero,NO,,Consejero,LISTA_ASISTENCIA,,SUJETO_ROL_NOMBRE,2,"El Consejero señor Sebastián Claro comenta que las principales empresas bancarias estadounidenses fueron calificadas con suficiencia de capital; no obstante, la Reserva Federal rechazó los planes de dividendos presentados por algunas de ellas, generando críticas de la banca en cuanto a la objetividad de los criterios que utiliza este Organismo en dichos ejercicios. En razón de lo expresado, solicita la opinión del señor Sergio Lehmann acerca de la forma en que se realizó dicho proceso.",Análisis del escenario macroeconómico internacional,escenario_internacional,escenario internacional,escenario_internacional,NO,NO,NO,Rol según lista de asistencia: Consejero,RPM-2014-04-17:6118:1,1,XLSX_ORIGINAL,NO,NO,RPM-2014-04-17:6118:B1,SIN_ALERTAS_AUTOMATICAS,,RPM-2014-04-17:T4,INICIO_EXPLICITO,,RPM-2014-04-17:6118:1
6118,MEMBRESIA_EXTREMO_ANTERIOR,0ad5752390a1a76a704b1e2ba88432734ba20ec8657e063d065c85e9ab892579,Despues,8328,RPM-2014-04-17,2014-04-17 00:00:00,Sebastián Claro Edwards,Sergio Lehmann Beresi,SI,Consejero,Gerente de Análisis Internacional,SI,,Gerente de Análisis Internacional,LISTA_ASISTENCIA,,CONTEXTO_REVISADO,2,"V A juicio del señor Sergio Lehmann, los resultados de este ejercicio reflejan que, en general, los bancos estadounidenses están bien capitalizados y posicionados, sin perjuicio de que algunos de ellos requieren aumentar su capital. Resalta que la lectura de estos resultados ha sido muy positiva, dado que las pruebas de tensión fueron muy estrictas en términos de los requisitos exigidos a los bancos. Sin perjuicio de ello, corrobora un grado de impacto en los mercados bursátiles debido a las exigencias de capital planteadas por dicho Organismo a algunos de ellos. Finalmente, a título de último hecho destacado en materia de mercados financieros, menciona que las plazas bursátiles de las economías desarrolladas no registraron cambios significativos en el último mes, mientras que aumentaron las situadas en los mercados emergentes.",Análisis del escenario macroeconómico internacional,escenario_internacional,escenario internacional,escenario_internacional,NO,NO,NO,Hablante por contexto documentado: HAB-20260908-6118 (data/curation/revisiones_hablantes.json; no cotejo PDF); Rol según lista de asistencia: Gerente de Análisis Internacional,RPM-2014-04-17:6118:2,2,XLSX_ORIGINAL,NO,NO,RPM-2014-04-17:6118:B2,SIN_ALERTAS_AUTOMATICAS,,RPM-2014-04-17:T5,SIN_CONTINUIDAD_CONFIRMADA,,
6119,ENLACE_EXTREMO_SIGUIENTE,724e552c8ff45df07829a7b61f99740e17519adfb1dfa6632662733e137909b1,Antes,8329,RPM-2014-04-17,2014-04-17 00:00:00,Sergio Lehmann Beresi,Sergio Lehmann Beresi,NO,Gerente de Análisis Internacional,Gerente de Análisis Internacional,NO,,Gerente de Análisis Internacional,LISTA_ASISTENCIA,,SUJETO_NOMBRE,3,"El señor Sergio Lehmann prosigue con su presentación haciendo referencia al comportamiento de algunos indicadores de mercado desde la Reunión anterior. En materia bursátil, destaca nuevamente las alzas experimentadas por las bolsas de valores de países emergentes, como es el caso de Turquía, Brasil y también de Chile; las caídas experimentadas por las plazas bursátiles de India, Japón y Perú; y que las bolsas estadounidenses no registraron mayor movimiento en el último mes. En lo concerniente a paridades, destaca la apreciación de las monedas de economías emergentes, en particular del real brasileño y del peso colombiano. Añade que el peso chileno se ubica entre las cinco monedas más apreciadas de la muestra analizada y que, en contraposición, el yuan chino exhibe la mayor depreciación, debido a una salida de capitales en el margen, la desaceleración de esa economía y la debilidad de su sistema financiero. A continuación, y como es habitual, el señor Sergio Lehmann exhibe el heat map de condiciones financieras que se contiene en la lámina N° 6 de la presentación, que permite visualizar el comportamiento de los mercados financieros en materia bursátil; volatilidad; spreads corporativos; spreads soberanos y CDS spreads respecto del promedio correspondiente al período comprendido entre el mes de abril de 2004 a la fecha. En primer lugar, manifiesta que en relación con lo observado en la última Reunión, se advierte en materia bursátil un grado de estabilidad en las economías desarrolladas; aumentos algo más significativos, en torno a 13%, en América Latina; y alzas más acotadas en los mercados europeos. Por su parte, las volatilidades muestran estabilidad y ligeras caídas, mientras que los premios por riesgo disminuyen tanto en la periferia de Europa como en las economías emergentes, en particular, en América Latina. Agrega que frente a la última semana, las citadas variables exhiben una reversión después de presentar variaciones positivas durante la primera parte del período antedicho. En materia de tasas de interés, señala que las tasas de largo plazo muestran movimientos acotados en Estados Unidos de América y en la Zona Euro; que se reafirma la expectativa del fin del retiro de estímulo monetario en Estados Unidos de América, conocido como tapering, hacia los meses de octubre o noviembre del presente año; y que de acuerdo con las expectativas del mercado, la tasa de instancia se mantendría hasta el segundo semestre del año 2015. Asimismo, hace notar que conforme a lo observado históricamente en materia de normalización de las tasas de política monetaria, TPM, en Estados Unidos de América se registrará en esta oportunidad una normalización más gradual que en procesos equivalentes en Al continuar con su exposición, expresa que los CDS soberanos han disminuido en las economías desarrolladas y emergentes. En lo referente a las tasas largas en moneda local de las economías emergentes, destaca los retrocesos relativamente significativos, especialmente en Colombia, Perú, Turquía e Indonesia, que reflejan un mayor interés por invertir en ese tipo de economías. El señor Sergio Lehmann presenta el heat map de paridades y hace notar la apreciación relativamente generalizada de las monedas de economías emergentes, la moderación parcial de las monedas de economías exportadoras de commodities durante la última semana, y una depreciación del dólar multilateral bastante marginal. Añade que el yuan chino exhibe una depreciación algo más significativa, en torno a 1,4%, en relación a la Reunión pasada. Hace presente que al considerar las monedas de Perú, Colombia, Brasil, India, Turquía e Indonesia, se advierte que el peso colombiano y el real brasileño han experimentado apreciaciones significativas, como asimismo, la lira turca y la moneda de Indonesia. Agrega que el tipo de cambio real también anota una apreciación relativamente importante desde la última Reunión. El señor Sergio Lehmann alude a las principales noticias en materia de actividad y precios, indicando, en primer término, que el World Economic Outlook, WEO, redujo levemente el crecimiento esperado para el año 2014, acorde con lo consignado en el último Informe de Política Monetaria, IPoM. Destaca que el Fondo Monetario Internacional ha advertido sobre el riesgo de deflación en economías avanzadas, particularmente en Europa, y manifestó su preocupación por los riesgos de índole financiero en las economías emergentes y por la situación política entre Ucrania y Rusia, que está incidiendo en los mercados financieros. Asimismo, hace presente que el PIB de Estados Unidos de América del cuarto trimestre de 2013 se corrigió a 2,6% trimestre/trimestre anualizado, menor que lo esperado y con una contribución mayor del consumo. Agrega que el desempleo se mantuvo en 6,7%. Consigna que en Japón se advierte una moderación de la producción industrial y un mayor pesimismo sobre la dinámica de crecimiento a mediano plazo, al mismo tiempo que comenzó a implementarse el alza del IVA desde 5 a 8%. En lo atinente a China, se confirma la desaceleración de su economía. Sobre este aspecto, sí bien el crecimiento del primer trimestre de este año fue de 7,4%, ligeramente por sobre el 7,3% esperado, dicho registro da cuenta de una clara pérdida de dinamismo, luego que en el año 2013 alcanzara a 7,7%. De hecho, se advierte un grado de desaceleración persistente; un debilitamiento de las colocaciones; registros de comercio exterior particularmente decepcionantes; y una contracción de la industria manufacturera medida por el PMI. Agrega que los PMI manufactureros de las economías emergentes se han deteriorado en parte importante por el retroceso registrado en China, mientras que en las economías avanzadas se muestran estables. El sector servicios, medido por el PMI, recupera su dinamismo en los países desarrollados. A título de último hecho destacado en materia de actividad y precios, señala que la inflación ha presentado movimientos mixtos en América Latina y que persisten las expectativas a la baja en la Zona Euro. A continuación, el señor Sergio Lehmann presenta el cuadro que resume las distintas cifras esperadas y efectivas de actividad en Estados Unidos de América, la Zona Euro, Alemania, Japón, China y Brasil. Hace notar que Estados Unidos de América muestra indicadores de corto plazo mixtos. En efecto, mientras que los últimos registros de ventas minoristas y producción industrial fueron mejores que lo anticipado; y el empleo, si bien sigue siendo positivo, fue ligeramente menor que lo previsto, ya que continúan generándose puestos de trabajo a un ritmo en torno a los 200 mil empleos. Manifiesta que la Zona Euro exhibe datos positivos en materia de ventas minoristas y tasas de desempleo, y que la producción industrial estuvo en línea con lo proyectado. Reitera que en Japón se advierte una pérdida de dinamismo; de hecho, la producción industrial presenta una caída muy significativa. En cuanto a China, más allá del PIB, que fue ligeramente superior a lo anticipado, da cuenta de una pérdida de fuerza, en línea con la caída de las colocaciones. Hace presente que un elemento que ha generado especial preocupación son las cifras de comercio exterior, ya que contrariamente a lo esperado, tanto las exportaciones como las importaciones experimentaron bajas relevantes. Por último, indica que la producción industrial de Brasil aumentó 0,4%, pero en menor medida que lo proyectado, reflejando que esa economía presenta aún cierta debilidad. En materia de perspectivas, menciona que los PMI manufactureros de las economías desarrolladas superan el pivote de 50 y que los PMI de servicios tienden a contenerse en la punta, particularmente en Estados Unidos de América y en la Zona Euro. Añade que en Alemania, la encuesta IFO de clima da cuenta de una cierta moderación de la expansividad observada en meses anteriores; que las perspectivas en Japón se han deteriorado en el margen; y que en China, el PMI manufacturero fue menor que lo previsto y que el registrado el mes anterior. El señor Sergio Lehmann presenta el heat map de PMI manufacturero para un conjunto de economías, donde los colores verde y rojo oscuros dan cuenta de PMI superiores a 53,5 y menores que 46,5, respectivamente. Hace notar que, en general, las perspectivas en las economías desarrolladas han mejorado en los últimos meses, en tanto que en las emergentes la situación es algo mixta. Destaca el caso de México y República de Corea, que en el último mes muestran perspectivas más favorables frente a los periodos previos. Asimismo, alude a las perspectivas existentes en medio de la crisis de los años 2008-2009, la notoria recuperación hasta mediados del año 2011; y nuevamente negativas hasta el primer semestre del año 2013, particularmente en el caso de las economías europeas. En lo concerniente a Estados Unidos de América, precisa que el desempleo se ubica en 6,7% y que la creación de empleo conserva cierto dinamismo. En materia de crecimiento, resalta el dato correspondiente al cuarto trimestre del año 2013 y, en especial, la contribución positiva que se comienza a observar por parte del gobierno, atendido que el ajuste del sector fiscal constituye un factor que restó crecimiento en los años recientes. Acota que dicho aporte otorga un grado de sostenibilidad al crecimiento de esa economía durante el presente año, que se extendería hacia el año 2015. En cuanto a la masa salarial, explica que ha tendido a balancearse el aporte entre salario y empleo, luego que hacia el año 2010 se advirtiera una mayor contribución del salario por la generación de un número superior de puestos de trabajo en la economía. Añade que, en general, la masa salarial tiende a alinearse con la evolución del consumo. A continuación, el señor Sergio Lehmann se refiere al endeudamiento de los sectores no financieros, hogares, negocios y deuda federal de la economía estadounidense, para cuyo efecto exhibe el conjunto de gráficos que se contienen en la lámina N° 18 de la presentación. En primer término, señala que tras la crisis del año 2009, los hogares han ido reduciendo su nivel de endeudamiento sobre el PIB, lo mismo que las empresas; no obstante, desde mediados del año 2012 el apalancamiento de estas últimas ha tendido a aumentar. Con respecto al balance de los hogares, menciona que sus activos, que incluyen sus posiciones en bolsa y vivienda, han tendido a subir y sus pasivos, a bajar ligeramente. Con ello, el grado de apalancamiento de las familias exhibe una disminución importante desde el año 2009, situándose en la actualidad en un nivel muy similar al observado antes de la crisis y a comienzos de los años 2000. Acota que ello hace presumir la existencia de un espacio para que las familias comiencen a incrementar o sostener el nivel de consumo de la economía en adelante.",Acuerdo de Política Monetaria y comunicado oficial,acuerdo_comunicado,acuerdo y comunicado,acuerdo_comunicado,NO,NO,NO,Rol según lista de asistencia: Gerente de Análisis Internacional,RPM-2014-04-17:6119:1,1,XLSX_ORIGINAL,NO,NO,RPM-2014-04-17:6119:B1,SIN_ALERTAS_AUTOMATICAS,,RPM-2014-04-17:T6,INICIO_EXPLICITO,,RPM-2014-04-17:6119:1
6119,ENLACE_EXTREMO_SIGUIENTE,724e552c8ff45df07829a7b61f99740e17519adfb1dfa6632662733e137909b1,Despues,8329,RPM-2014-04-17,2014-04-17 00:00:00,Sergio Lehmann Beresi,Sergio Lehmann Beresi,NO,Gerente de Análisis Internacional,Gerente de Análisis Internacional,NO,,Gerente de Análisis Internacional,LISTA_ASISTENCIA,,SUJETO_NOMBRE,3,"El señor Sergio Lehmann prosigue con su presentación haciendo referencia al comportamiento de algunos indicadores de mercado desde la Reunión anterior. En materia bursátil, destaca nuevamente las alzas experimentadas por las bolsas de valores de países emergentes, como es el caso de Turquía, Brasil y también de Chile; las caídas experimentadas por las plazas bursátiles de India, Japón y Perú; y que las bolsas estadounidenses no registraron mayor movimiento en el último mes. En lo concerniente a paridades, destaca la apreciación de las monedas de economías emergentes, en particular del real brasileño y del peso colombiano. Añade que el peso chileno se ubica entre las cinco monedas más apreciadas de la muestra analizada y que, en contraposición, el yuan chino exhibe la mayor depreciación, debido a una salida de capitales en el margen, la desaceleración de esa economía y la debilidad de su sistema financiero. A continuación, y como es habitual, el señor Sergio Lehmann exhibe el heat map de condiciones financieras que se contiene en la lámina N° 6 de la presentación, que permite visualizar el comportamiento de los mercados financieros en materia bursátil; volatilidad; spreads corporativos; spreads soberanos y CDS spreads respecto del promedio correspondiente al período comprendido entre el mes de abril de 2004 a la fecha. En primer lugar, manifiesta que en relación con lo observado en la última Reunión, se advierte en materia bursátil un grado de estabilidad en las economías desarrolladas; aumentos algo más significativos, en torno a 13%, en América Latina; y alzas más acotadas en los mercados europeos. Por su parte, las volatilidades muestran estabilidad y ligeras caídas, mientras que los premios por riesgo disminuyen tanto en la periferia de Europa como en las economías emergentes, en particular, en América Latina. Agrega que frente a la última semana, las citadas variables exhiben una reversión después de presentar variaciones positivas durante la primera parte del período antedicho. En materia de tasas de interés, señala que las tasas de largo plazo muestran movimientos acotados en Estados Unidos de América y en la Zona Euro; que se reafirma la expectativa del fin del retiro de estímulo monetario en Estados Unidos de América, conocido como tapering, hacia los meses de octubre o noviembre del presente año; y que de acuerdo con las expectativas del mercado, la tasa de instancia se mantendría hasta el segundo semestre del año 2015. Asimismo, hace notar que conforme a lo observado históricamente en materia de normalización de las tasas de política monetaria, TPM, en Estados Unidos de América se registrará en esta oportunidad una normalización más gradual que en procesos equivalentes en Al continuar con su exposición, expresa que los CDS soberanos han disminuido en las economías desarrolladas y emergentes. En lo referente a las tasas largas en moneda local de las economías emergentes, destaca los retrocesos relativamente significativos, especialmente en Colombia, Perú, Turquía e Indonesia, que reflejan un mayor interés por invertir en ese tipo de economías. El señor Sergio Lehmann presenta el heat map de paridades y hace notar la apreciación relativamente generalizada de las monedas de economías emergentes, la moderación parcial de las monedas de economías exportadoras de commodities durante la última semana, y una depreciación del dólar multilateral bastante marginal. Añade que el yuan chino exhibe una depreciación algo más significativa, en torno a 1,4%, en relación a la Reunión pasada. Hace presente que al considerar las monedas de Perú, Colombia, Brasil, India, Turquía e Indonesia, se advierte que el peso colombiano y el real brasileño han experimentado apreciaciones significativas, como asimismo, la lira turca y la moneda de Indonesia. Agrega que el tipo de cambio real también anota una apreciación relativamente importante desde la última Reunión. El señor Sergio Lehmann alude a las principales noticias en materia de actividad y precios, indicando, en primer término, que el World Economic Outlook, WEO, redujo levemente el crecimiento esperado para el año 2014, acorde con lo consignado en el último Informe de Política Monetaria, IPoM. Destaca que el Fondo Monetario Internacional ha advertido sobre el riesgo de deflación en economías avanzadas, particularmente en Europa, y manifestó su preocupación por los riesgos de índole financiero en las economías emergentes y por la situación política entre Ucrania y Rusia, que está incidiendo en los mercados financieros. Asimismo, hace presente que el PIB de Estados Unidos de América del cuarto trimestre de 2013 se corrigió a 2,6% trimestre/trimestre anualizado, menor que lo esperado y con una contribución mayor del consumo. Agrega que el desempleo se mantuvo en 6,7%. Consigna que en Japón se advierte una moderación de la producción industrial y un mayor pesimismo sobre la dinámica de crecimiento a mediano plazo, al mismo tiempo que comenzó a implementarse el alza del IVA desde 5 a 8%. En lo atinente a China, se confirma la desaceleración de su economía. Sobre este aspecto, sí bien el crecimiento del primer trimestre de este año fue de 7,4%, ligeramente por sobre el 7,3% esperado, dicho registro da cuenta de una clara pérdida de dinamismo, luego que en el año 2013 alcanzara a 7,7%. De hecho, se advierte un grado de desaceleración persistente; un debilitamiento de las colocaciones; registros de comercio exterior particularmente decepcionantes; y una contracción de la industria manufacturera medida por el PMI. Agrega que los PMI manufactureros de las economías emergentes se han deteriorado en parte importante por el retroceso registrado en China, mientras que en las economías avanzadas se muestran estables. El sector servicios, medido por el PMI, recupera su dinamismo en los países desarrollados. A título de último hecho destacado en materia de actividad y precios, señala que la inflación ha presentado movimientos mixtos en América Latina y que persisten las expectativas a la baja en la Zona Euro. A continuación, el señor Sergio Lehmann presenta el cuadro que resume las distintas cifras esperadas y efectivas de actividad en Estados Unidos de América, la Zona Euro, Alemania, Japón, China y Brasil. Hace notar que Estados Unidos de América muestra indicadores de corto plazo mixtos. En efecto, mientras que los últimos registros de ventas minoristas y producción industrial fueron mejores que lo anticipado; y el empleo, si bien sigue siendo positivo, fue ligeramente menor que lo previsto, ya que continúan generándose puestos de trabajo a un ritmo en torno a los 200 mil empleos. Manifiesta que la Zona Euro exhibe datos positivos en materia de ventas minoristas y tasas de desempleo, y que la producción industrial estuvo en línea con lo proyectado. Reitera que en Japón se advierte una pérdida de dinamismo; de hecho, la producción industrial presenta una caída muy significativa. En cuanto a China, más allá del PIB, que fue ligeramente superior a lo anticipado, da cuenta de una pérdida de fuerza, en línea con la caída de las colocaciones. Hace presente que un elemento que ha generado especial preocupación son las cifras de comercio exterior, ya que contrariamente a lo esperado, tanto las exportaciones como las importaciones experimentaron bajas relevantes. Por último, indica que la producción industrial de Brasil aumentó 0,4%, pero en menor medida que lo proyectado, reflejando que esa economía presenta aún cierta debilidad. En materia de perspectivas, menciona que los PMI manufactureros de las economías desarrolladas superan el pivote de 50 y que los PMI de servicios tienden a contenerse en la punta, particularmente en Estados Unidos de América y en la Zona Euro. Añade que en Alemania, la encuesta IFO de clima da cuenta de una cierta moderación de la expansividad observada en meses anteriores; que las perspectivas en Japón se han deteriorado en el margen; y que en China, el PMI manufacturero fue menor que lo previsto y que el registrado el mes anterior. El señor Sergio Lehmann presenta el heat map de PMI manufacturero para un conjunto de economías, donde los colores verde y rojo oscuros dan cuenta de PMI superiores a 53,5 y menores que 46,5, respectivamente. Hace notar que, en general, las perspectivas en las economías desarrolladas han mejorado en los últimos meses, en tanto que en las emergentes la situación es algo mixta. Destaca el caso de México y República de Corea, que en el último mes muestran perspectivas más favorables frente a los periodos previos. Asimismo, alude a las perspectivas existentes en medio de la crisis de los años 2008-2009, la notoria recuperación hasta mediados del año 2011; y nuevamente negativas hasta el primer semestre del año 2013, particularmente en el caso de las economías europeas. En lo concerniente a Estados Unidos de América, precisa que el desempleo se ubica en 6,7% y que la creación de empleo conserva cierto dinamismo. En materia de crecimiento, resalta el dato correspondiente al cuarto trimestre del año 2013 y, en especial, la contribución positiva que se comienza a observar por parte del gobierno, atendido que el ajuste del sector fiscal constituye un factor que restó crecimiento en los años recientes. Acota que dicho aporte otorga un grado de sostenibilidad al crecimiento de esa economía durante el presente año, que se extendería hacia el año 2015. En cuanto a la masa salarial, explica que ha tendido a balancearse el aporte entre salario y empleo, luego que hacia el año 2010 se advirtiera una mayor contribución del salario por la generación de un número superior de puestos de trabajo en la economía. Añade que, en general, la masa salarial tiende a alinearse con la evolución del consumo. A continuación, el señor Sergio Lehmann se refiere al endeudamiento de los sectores no financieros, hogares, negocios y deuda federal de la economía estadounidense, para cuyo efecto exhibe el conjunto de gráficos que se contienen en la lámina N° 18 de la presentación. En primer término, señala que tras la crisis del año 2009, los hogares han ido reduciendo su nivel de endeudamiento sobre el PIB, lo mismo que las empresas; no obstante, desde mediados del año 2012 el apalancamiento de estas últimas ha tendido a aumentar. Con respecto al balance de los hogares, menciona que sus activos, que incluyen sus posiciones en bolsa y vivienda, han tendido a subir y sus pasivos, a bajar ligeramente. Con ello, el grado de apalancamiento de las familias exhibe una disminución importante desde el año 2009, situándose en la actualidad en un nivel muy similar al observado antes de la crisis y a comienzos de los años 2000. Acota que ello hace presumir la existencia de un espacio para que las familias comiencen a incrementar o sostener el nivel de consumo de la economía en adelante.",Acuerdo de Política Monetaria y comunicado oficial,acuerdo_comunicado,acuerdo y comunicado,acuerdo_comunicado,NO,NO,NO,Rol según lista de asistencia: Gerente de Análisis Internacional,RPM-2014-04-17:6119:1,1,XLSX_ORIGINAL,NO,NO,RPM-2014-04-17:6119:B1,SIN_ALERTAS_AUTOMATICAS,,RPM-2014-04-17:T5,CONTINUIDAD_REVISADA,RPM-2014-04-17:6118:2,RPM-2014-04-17:6119:1
6394,MEMBRESIA_EXTREMO_ANTERIOR,9a2478c3b2be188ddbc29ae461778225b2a6c1736bf7729a54bd63c1d69c7211,Antes,8668,RPM-2014-09-11,2014-09-11 00:00:00,Rodrigo Vergara Montes,Sergio Lehmann Beresi,SI,Presidente del Banco Central,Gerente de Análisis Internacional,SI,,Gerente de Análisis Internacional,LISTA_ASISTENCIA,,CONTEXTO_REVISADO,2,"El Presidente del Banco Central Europeo señor Mario Draghi, en tanto, dio señales de mayor expansividad monetaria, que se materializaron días después. En segundo lugar, expresa que en el Reino Unido ha ganado fuerza la opción independentista de Escocia, que se definirá en el referéndum que se celebrará el próximo 18 de septiembre, y que el gobierno inglés se ha puesto en campaña para fines de mantener la unión. En cuanto a los efectos económicos de una eventual salida de Escocia del Reino Unido, indica que la cuenta corriente del Reino Unido se vería afectada por menores ingresos derivados del petróleo, ya que los grandes yacimientos del Mar del Norte son, en parte, propiedad de Escocia; ello se traduciría en un aumento de la deuda a PIS en torno a 10%; y podría existir una menor probabilidad de que el Banco de Inglaterra eleve su tasa rectora en el primer trimestre del próximo año, atendida la mayor incertidumbre. En cuanto a Francia, comenta la renuncia del gabinete por discrepancias con las políticas económicas del Ministro de Economía y Finanzas señor Emmanuel Macron, quien promovería la austeridad fiscal. Con respecto a las economías emergentes, menciona que Estados Unidos de América reforzó la intervención militar en el Medio Oriente para detener el avance del Estado Islámico; y que Israel y Hamas acordaron un cese al fuego. Resalta que Ucrania y Rusia alcanzaron un acuerdo de paz. Sin embargo, la Unión Europea aplicó nuevas sanciones a esta última, que contemplan restricciones de préstamos a bancos y a grandes empresas energéticas, que entrarían en rigor próximamente. Agrega que Argentina propuso pagar en Buenos Aires o París bonos bajo legislación extranjera. Asimismo, consigna que en Brasil, la candidata señora Marina Silva lidera las encuestas de las próximas elecciones presidenciales, y que la corrupción en Petrobras y el desempeño económico dominan el debate. A título de último hecho destacado del mes en esta materia, informa que en Venezuela, los premios por riesgo han subido hasta 1.500 puntos base debido a la incertidumbre de poder cumplir importantes vencimientos de deuda en el mes de octubre próximo, existiendo, por tanto, algún grado de preocupación respecto de un eventual default venezolano en lo que se refiere a deuda interna.",Acuerdo de Política Monetaria y comunicado oficial,acuerdo_comunicado,acuerdo y comunicado,acuerdo_comunicado,NO,NO,NO,Hablante por contexto documentado: HAB-20260907-6394 (data/curation/revisiones_hablantes.json; no cotejo PDF); Rol según lista de asistencia: Gerente de Análisis Internacional,RPM-2014-09-11:6394:1,1,XLSX_ORIGINAL,NO,NO,RPM-2014-09-11:6394:B1,SIN_ALERTAS_AUTOMATICAS,,RPM-2014-09-11:T4,SIN_CONTINUIDAD_CONFIRMADA,,
6394,MEMBRESIA_EXTREMO_ANTERIOR,9a2478c3b2be188ddbc29ae461778225b2a6c1736bf7729a54bd63c1d69c7211,Despues,8668,RPM-2014-09-11,2014-09-11 00:00:00,Rodrigo Vergara Montes,Sergio Lehmann Beresi,SI,Presidente del Banco Central,Gerente de Análisis Internacional,SI,,Gerente de Análisis Internacional,LISTA_ASISTENCIA,,CONTEXTO_REVISADO,2,"El Presidente del Banco Central Europeo señor Mario Draghi, en tanto, dio señales de mayor expansividad monetaria, que se materializaron días después. En segundo lugar, expresa que en el Reino Unido ha ganado fuerza la opción independentista de Escocia, que se definirá en el referéndum que se celebrará el próximo 18 de septiembre, y que el gobierno inglés se ha puesto en campaña para fines de mantener la unión. En cuanto a los efectos económicos de una eventual salida de Escocia del Reino Unido, indica que la cuenta corriente del Reino Unido se vería afectada por menores ingresos derivados del petróleo, ya que los grandes yacimientos del Mar del Norte son, en parte, propiedad de Escocia; ello se traduciría en un aumento de la deuda a PIS en torno a 10%; y podría existir una menor probabilidad de que el Banco de Inglaterra eleve su tasa rectora en el primer trimestre del próximo año, atendida la mayor incertidumbre. En cuanto a Francia, comenta la renuncia del gabinete por discrepancias con las políticas económicas del Ministro de Economía y Finanzas señor Emmanuel Macron, quien promovería la austeridad fiscal. Con respecto a las economías emergentes, menciona que Estados Unidos de América reforzó la intervención militar en el Medio Oriente para detener el avance del Estado Islámico; y que Israel y Hamas acordaron un cese al fuego. Resalta que Ucrania y Rusia alcanzaron un acuerdo de paz. Sin embargo, la Unión Europea aplicó nuevas sanciones a esta última, que contemplan restricciones de préstamos a bancos y a grandes empresas energéticas, que entrarían en rigor próximamente. Agrega que Argentina propuso pagar en Buenos Aires o París bonos bajo legislación extranjera. Asimismo, consigna que en Brasil, la candidata señora Marina Silva lidera las encuestas de las próximas elecciones presidenciales, y que la corrupción en Petrobras y el desempeño económico dominan el debate. A título de último hecho destacado del mes en esta materia, informa que en Venezuela, los premios por riesgo han subido hasta 1.500 puntos base debido a la incertidumbre de poder cumplir importantes vencimientos de deuda en el mes de octubre próximo, existiendo, por tanto, algún grado de preocupación respecto de un eventual default venezolano en lo que se refiere a deuda interna.",Acuerdo de Política Monetaria y comunicado oficial,acuerdo_comunicado,acuerdo y comunicado,acuerdo_comunicado,NO,NO,NO,Hablante por contexto documentado: HAB-20260907-6394 (data/curation/revisiones_hablantes.json; no cotejo PDF); Rol según lista de asistencia: Gerente de Análisis Internacional,RPM-2014-09-11:6394:1,1,XLSX_ORIGINAL,NO,NO,RPM-2014-09-11:6394:B1,SIN_ALERTAS_AUTOMATICAS,,RPM-2014-09-11:T4,SIN_CONTINUIDAD_CONFIRMADA,,
6395,ENLACE_EXTREMO_SIGUIENTE,6afb80ad0c83bbb1ada312c4ac754243cd5b658457bce538617ad62c00ea286b,Antes,8669,RPM-2014-09-11,2014-09-11 00:00:00,Sergio Lehmann Beresi,Sergio Lehmann Beresi,NO,Gerente de Análisis Internacional,Gerente de Análisis Internacional,NO,,Gerente de Análisis Internacional,LISTA_ASISTENCIA,,SUJETO_NOMBRE,2,"El señor Sergio Lehmann prosigue con su presentación mencionando los hechos destacados en materia de mercados financieros. En primer término, hace presente que el estancamiento de la actividad y el riesgo financiero en Europa llevaron al Banco Central Europeo a adoptar nuevas bajas de tasas y a comprar activos. En segundo lugar, comenta que las tasas de interés de largo plazo aumentaron levemente en Estados Unidos de América, mientras que en Europa no registraron mayor variación. Agrega que el primer efecto de las medidas adoptadas por el Banco Central Europeo fue una caída de toda la curva de rendimiento en euros, aunque ha tendido a balancearse en lo más reciente. Asimismo, indica que el dólar estadounidense se apreció, que los mercados bursátiles exhibieron alzas, y que los premios por riesgo disminuyeron. Reitera que los planteamientos en Jackson Hole demostraron una discrepancia importante entre las políticas de Estados Unidos de América y la Zona Euro, siendo las primeras de carácter más agresivo y las segundas, más moderadas. Añade que el tapering finalizaría en el mes de octubre próximo. Por su parte, el Banco de Inglaterra señaló que el foco de la política monetaria estaría puesto en la tendencia subyacente de los salarios reales y que la primera alza de tasa se materializaría en el primer trimestre del año 2015, aunque el resultado del plebiscito escocés podría eventualmente condicionar esta decisión. En otros países, predominaron las mantenciones de las tasas rectoras. A título de último hecho destacado del período en materia de mercados financieros, consigna que el Banco Central de Brasil redujo el encaje con el objeto de estimular el crédito. El señor Sergio Lehmann prosigue con su exposición recalcando el marcado contraste entre la política monetaria de la Reserva Federal versus la del Banco Central Europeo. En efecto, este último recortó las tasas de interés en 10 puntos base, ubicándose todas cerca de 0%, mientras que en Estados Unidos de América se esperan aumentos hacia mediados del próximo año, el tapering finalizaría próximamente, y se discute acerca del tono que deberían adoptar los comunicados de la Reserva Federal. Expresa que lo anterior ha respondido claramente a una creciente brecha entre el desempeño de Estados Unidos de América y la Zona Euro. Sobre este aspecto, menciona que el diferencial que exhiben el crecimiento en doce meses de la producción industrial y de los PMI manufactureros ha tendido a aumentar durante el presente año; que en materia de empleo se advierte una clara brecha, ya que en Estados Unidos de América exhibe una recuperación sostenida luego de la significativa caída registrada a propósito de la crisis del 2009, superando el nivel alcanzado antes de la crisis, mientras que en la Zona Euro se advierte una caída algo más moderada a partir del año 2009, que tendió a acrecentarse hacia mediados del 2011, cuando aumentó la tensión en esa región. Añade que los diferenciales de inflación también se han ampliado, lo mismo que el diferencial de tasas largas. Hace notar que esta diferencia también se ha visto reflejada en las curvas de rendimiento. A este respecto, indica que a propósito de los planteamientos de la propia Reserva Federal y algunos indicadores de perspectivas para Estados Unidos de América, tanto la curva de rendimiento spot como la curva forward a un año se han movido al alza, dando cuenta de un movimiento relativamente importante de tasas largas en los próximos doce meses. En la Zona Euro, en cambio, los movimientos han sido muy marginales y algo a la baja durante el último mes, y se relacionarían más bien con premios por plazo. Añade que en las economías emergentes, las tasas a 1O años plazo en moneda local exhibieron movimientos predominantemente a la baja, destacando una caída algo más marcada en Israel y Brasil y más mo erada en Turquía, Indonesia e India. En cuanto al comportamiento de algunos indicadores de mercado desde la Reunión anterior, reitera que las bolsas de valores exhibieron movimientos predominantemente al alza, en particular en la Zona Euro, que se asocia a una política más expansiva por parte del Banco Central Europeo. En materia de paridades, destaca el predominio de las depreciaciones frente al dólar estadounidense, con excepción del yuan chino y del dólar multilateral. A continuación, el señor Sergio Lehmann exhibe el heat map de paridades que se contiene en la lámina Nº 1O de la presentación, y hace notar que la depreciación de las distintas monedas frente al dólar se acentuó durante la última semana, en particular la del euro. No obstante, informa que en el curso de la presente jornada, este último registra una ligera apreciación, en respuesta a las cifras de inflación de Alemania, algo más altas que en meses anteriores, que podrían dar cuenta de alguna recuperación en esa economía o de una moderación de la política monetaria por parte del Banco Central Europeo. En materia de premios por riesgo, consigna una disminución muy acotada durante la última semana; y tratándose de flujos de capitales, a una moderación de las entradas de capitales hacia las economías emergentes en igual período. Con respecto a las condiciones financieras, informa de movimientos positivos, con alzas significativas de las bolsas de valores, en particular en algunas economías de la periferia de Europa; y spreads, corporativos y soberanos, que registraron caídas relevantes. El señor Sergio Lehmann prosigue con su exposición, aludiendo a las principales noticias en materia de actividad y precios. Manifiesta que se confirma el estancamiento del crecimiento de la Zona Euro en el segundo semestre del presente año y que los PMI siguen reflejando una desaceleración de la actividad en esa región. En segundo término, precisa que en Estados Unidos de América, el crecimiento del segundo trimestre se corrigió al alza, dando cuenta de una sólida recuperación de esa economía. Agrega que el desempleo exhibió una leve baja, pero la creación de empleo fue algo menor que lo previsto. En cuanto a Japón, indica que la actividad creció bajo lo esperado al comienzo del tercer trimestre y que el crecimiento del segundo trimestre se corrigió a la baja, a -7,1%, reflejando una actividad más débil que lo anticipado. Sin embargo, las autoridades niponas han manifestado su disposición a adoptar medidas para reactivar la economía. De hecho, durante la presente jornada ha comprado bonos, llevando las tasas a tres meses de dichos papeles a terreno negativo, dando cuenta de su disposición a hacer esfuerzos aún más importantes por el lado monetario. Con respecto a China, comenta que el PMI manufacturero decepcionó, mientras que el PMI servicios fue mejor que lo esperado; que las exportaciones registraron un crecimiento mayor que el anticipado, pero las importaciones volvieron a caer en el mes de agosto; y que los precios de viviendas siguieron moderando su crecimiento en doce meses y cayeron en el margen. Asimismo, menciona que la inflación volvió a bajar en la Zona Euro, pero hace el alcance que dicha información no incorpora los datos de Alemania y Francia conocidos en el día de hoy, que muestran un ligero aumento en la inflación, aunque menores que 1%. Acota que en América Latina presentó movimientos mixtos. Por último, hace presente que en materia de expectativas, persisten las de baja inflación en Zona Euro y se desaceleran en América Latina. El señor Sergio Lehmann señala que una mirada más global de la actividad da cuenta de cifras mixtas para Estados Unidos de América, con una producción industrial positiva, pero algo más negativa en lo concerniente al mercado inmobiliario; para la Zona Euro, de un predominio de lecturas negativas en materia de ventas minoristas y producción industrial; para Japón, de un panorama negativo y mixto para China; y tratándose de América Latina, de un PIB para Brasil más negativo que lo previsto y una producción industrial que presenta algún grado de recuperación en términos mensuales. En cuanto a perspectivas, destaca una visión más positiva para Estados Unidos de América y más negativa para la Zona Euro; una mirada para Japón más negativa y para China algo más mixta, ya que el PMI manufacturero fue más débil que lo esperado, el PMI servicios algo mejor que lo anticipado y los datos de comercio exterior, mixtos. En términos agregados, indica que los PMI manufactureros de las economías desarrolladas reafirman una mirada más positiva, que se asocia principalmente a la situación de Estados Unidos de América; para las emergentes, en cambio, sigue siendo de debilidad, excepto en lo que concierne al PMI servicios de China. En materia de confianza de consumidores, en tanto, se advierte un alza en las economías desarrolladas y estabilidad en las emergentes. En lo que respecta a Estados Unidos de América, resalta que el crecimiento del segundo trimestre se apoya en el consumo, la inversión y también en el gasto del gobierno, luego de ser predominantemente negativo durante gran parte de los últimos tres años. El mercado inmobiliario, en cambio, exhibe una débil recuperación, con precios de viviendas sin mayor variación, venta de viviendas pendientes que aumentan y ventas de viviendas nuevas que caen o se estancan. Asimismo, destaca la creación de empleo por los sectores servicios y manufacturero; y que las expectativas, medidas por el ISM manufacturo y de servicios, también reflejan que se mantendrá una trayectoria positiva en dicho aspecto. El señor Sergio Lehmann indica que un elemento central en la dinámica laboral en Estados Unidos de América dice relación con la participación laboral. Hace presente que el aumento registrado entre los años 1970 y 1990 se asocia fundamentalmente a la participación de la mujer en el mercado del trabajo, en tanto que las caídas más recientes se relacionan con el envejecimiento de la población, con elementos estructurales asociados a los baby boomers y a la participación de población más joven, que han llevado a niveles de participación laboral similares a los observados a comienzos de los años ochenta. En una perspectiva comparada, hace notar que la participación laboral en Estados Unidos de América es menor que la que exhiben Japón, el Reino Unido y Alemania. En lo concerniente a la Zona Euro, reitera que los indicadores de expectativas son algo más débiles, que la confianza de consumidores se ha estancado e incluso exhibe una caída en el margen, y que la inflación sigue siendo motivo de preocupación. En cuanto a China, los indicadores son mixtos. En efecto, el PMI manufacturero mostró un retroceso, acorde con lo esperado; el PMI de servicios fue algo mejor que lo anticipado; la producción industrial no registró mayor variación, exhibiendo una tasa de crecimiento en torno a 7 y 8%; y los precios de vivienda se moderaron. Resalta que las importaciones exhiben una caída a nivel global y, en especial, desde Asia emergente y Australia. En contraposición, la demanda desde América Latina se mantiene en torno a 10%. Las exportaciones, en cambio, continúan mostrando cifras positivas, en particular los envíos a Estados Unidos de América, reflejo de una economía que se recupera, y también hacia la Zona Euro, donde se observan algunos aumentos. En América Latina, continúa el deterioro de Brasil; la desaceleración de Perú sería algo más marcada; y México exhibe cifras algo más positivas, ya que la confianza de consumidores se ha mantenido estable, la producción industrial ha crecido y las colocaciones han tendido a estabilizarse. Con respecto a la inflación, no presenta mayor variación en Estados Unidos de América y la medida subyacente se modera en América Latina. De esta forma, destaca un mayor optimismo en materia de proyecciones, con una ligera revisión a la baja para este y el próximo año; que las proyecciones también se han revisado a la baja para Asia emergente y Europa emergente para ambos períodos, mientras que para las economías desarrolladas se anticipan registros más bien estables. En lo concerniente a política monetaria, resalta la nueva baja de tasas acordada por el Banco Central Europeo, así como el programa de compras de ABS. En el resto de las economías analizadas habitualmente, en tanto, predominan las mantenciones, con excepción de la reducción de 25 puntos base en Israel y el incremento de 25 puntos base en Colombia, economía que acumula un alza de 125 puntos base durante el presente año. En relación con las expectativas en materia de política monetaria, indica que se ha adelantado ligeramente el alza esperada de tasas en Estados Unidos de América; y que en las economías emergentes, particularmente en América Latina y Asia, la visión es algo más expansiva. Al continuar con su presentación, el señor Sergio Lehmann hace referencia a los principales acontecimientos en materia de commodities. En este aspecto, alude a la caída registrada por el precio del cobre hasta un nivel en torno a los US$ 3,1O la libra, debido a que las cifras positivas de Estados Unidos de América se han visto contrarrestadas por malas perspectivas para la Zona Euro y un desempeño acotado en China. Además, la apreciación del dólar estadounidense ha acentuado la caída del precio este metal. En segundo término, expresa que el precio del petróleo retrocedió 5% frente a la Reunión pasada, en línea con un aumento de la producción en Libia y Estados Unidos de América, que compensó eventuales premios por riesgo asociados a los conflictos en el Medio Oriente y Europa del Este. Agrega que el precio de la gasolina registró un alza de 0,7% por una mayor demanda. Por último, comenta que el índice FAO de alimentos retrocedió casi 4%, que se explica básicamente por la caída del precio de lácteos asociada a una alta producción en Nueva Zelanda. En lo concerniente a las principales variaciones de precios observadas desde la última Reunión, destaca la caída del precio de la soya, del hierro y del maíz, de 15,1% 11,8% y 7,2%, respectivamente. Asimismo, resalta el nuevo retroceso del índice FAO, que responde al comportamiento de los precios de lácteos y también de los cereales. Con respecto al mercado del cobre, informa que las posiciones largas de los agentes no comerciales han tendido a moderarse, lo que ha llevado a acentuar en algún grado la caída del precio de este metal. Además, hace notar que las importaciones de cobre desde China han disminuido frente a lo observado en el año 2013 y al promedio del período 2010-2013. Sin embargo, el último dato dio cuenta de un ligero aumento de la demanda por parte de esa economía.",Acuerdo de Política Monetaria y comunicado oficial,acuerdo_comunicado,acuerdo y comunicado,acuerdo_comunicado,NO,NO,NO,Rol según lista de asistencia: Gerente de Análisis Internacional,RPM-2014-09-11:6395:1,1,XLSX_ORIGINAL,NO,NO,RPM-2014-09-11:6395:B1,SIN_ALERTAS_AUTOMATICAS,,RPM-2014-09-11:T5,INICIO_EXPLICITO,,RPM-2014-09-11:6395:1
6395,ENLACE_EXTREMO_SIGUIENTE,6afb80ad0c83bbb1ada312c4ac754243cd5b658457bce538617ad62c00ea286b,Despues,8669,RPM-2014-09-11,2014-09-11 00:00:00,Sergio Lehmann Beresi,Sergio Lehmann Beresi,NO,Gerente de Análisis Internacional,Gerente de Análisis Internacional,NO,,Gerente de Análisis Internacional,LISTA_ASISTENCIA,,SUJETO_NOMBRE,2,"El señor Sergio Lehmann prosigue con su presentación mencionando los hechos destacados en materia de mercados financieros. En primer término, hace presente que el estancamiento de la actividad y el riesgo financiero en Europa llevaron al Banco Central Europeo a adoptar nuevas bajas de tasas y a comprar activos. En segundo lugar, comenta que las tasas de interés de largo plazo aumentaron levemente en Estados Unidos de América, mientras que en Europa no registraron mayor variación. Agrega que el primer efecto de las medidas adoptadas por el Banco Central Europeo fue una caída de toda la curva de rendimiento en euros, aunque ha tendido a balancearse en lo más reciente. Asimismo, indica que el dólar estadounidense se apreció, que los mercados bursátiles exhibieron alzas, y que los premios por riesgo disminuyeron. Reitera que los planteamientos en Jackson Hole demostraron una discrepancia importante entre las políticas de Estados Unidos de América y la Zona Euro, siendo las primeras de carácter más agresivo y las segundas, más moderadas. Añade que el tapering finalizaría en el mes de octubre próximo. Por su parte, el Banco de Inglaterra señaló que el foco de la política monetaria estaría puesto en la tendencia subyacente de los salarios reales y que la primera alza de tasa se materializaría en el primer trimestre del año 2015, aunque el resultado del plebiscito escocés podría eventualmente condicionar esta decisión. En otros países, predominaron las mantenciones de las tasas rectoras. A título de último hecho destacado del período en materia de mercados financieros, consigna que el Banco Central de Brasil redujo el encaje con el objeto de estimular el crédito. El señor Sergio Lehmann prosigue con su exposición recalcando el marcado contraste entre la política monetaria de la Reserva Federal versus la del Banco Central Europeo. En efecto, este último recortó las tasas de interés en 10 puntos base, ubicándose todas cerca de 0%, mientras que en Estados Unidos de América se esperan aumentos hacia mediados del próximo año, el tapering finalizaría próximamente, y se discute acerca del tono que deberían adoptar los comunicados de la Reserva Federal. Expresa que lo anterior ha respondido claramente a una creciente brecha entre el desempeño de Estados Unidos de América y la Zona Euro. Sobre este aspecto, menciona que el diferencial que exhiben el crecimiento en doce meses de la producción industrial y de los PMI manufactureros ha tendido a aumentar durante el presente año; que en materia de empleo se advierte una clara brecha, ya que en Estados Unidos de América exhibe una recuperación sostenida luego de la significativa caída registrada a propósito de la crisis del 2009, superando el nivel alcanzado antes de la crisis, mientras que en la Zona Euro se advierte una caída algo más moderada a partir del año 2009, que tendió a acrecentarse hacia mediados del 2011, cuando aumentó la tensión en esa región. Añade que los diferenciales de inflación también se han ampliado, lo mismo que el diferencial de tasas largas. Hace notar que esta diferencia también se ha visto reflejada en las curvas de rendimiento. A este respecto, indica que a propósito de los planteamientos de la propia Reserva Federal y algunos indicadores de perspectivas para Estados Unidos de América, tanto la curva de rendimiento spot como la curva forward a un año se han movido al alza, dando cuenta de un movimiento relativamente importante de tasas largas en los próximos doce meses. En la Zona Euro, en cambio, los movimientos han sido muy marginales y algo a la baja durante el último mes, y se relacionarían más bien con premios por plazo. Añade que en las economías emergentes, las tasas a 1O años plazo en moneda local exhibieron movimientos predominantemente a la baja, destacando una caída algo más marcada en Israel y Brasil y más mo erada en Turquía, Indonesia e India. En cuanto al comportamiento de algunos indicadores de mercado desde la Reunión anterior, reitera que las bolsas de valores exhibieron movimientos predominantemente al alza, en particular en la Zona Euro, que se asocia a una política más expansiva por parte del Banco Central Europeo. En materia de paridades, destaca el predominio de las depreciaciones frente al dólar estadounidense, con excepción del yuan chino y del dólar multilateral. A continuación, el señor Sergio Lehmann exhibe el heat map de paridades que se contiene en la lámina Nº 1O de la presentación, y hace notar que la depreciación de las distintas monedas frente al dólar se acentuó durante la última semana, en particular la del euro. No obstante, informa que en el curso de la presente jornada, este último registra una ligera apreciación, en respuesta a las cifras de inflación de Alemania, algo más altas que en meses anteriores, que podrían dar cuenta de alguna recuperación en esa economía o de una moderación de la política monetaria por parte del Banco Central Europeo. En materia de premios por riesgo, consigna una disminución muy acotada durante la última semana; y tratándose de flujos de capitales, a una moderación de las entradas de capitales hacia las economías emergentes en igual período. Con respecto a las condiciones financieras, informa de movimientos positivos, con alzas significativas de las bolsas de valores, en particular en algunas economías de la periferia de Europa; y spreads, corporativos y soberanos, que registraron caídas relevantes. El señor Sergio Lehmann prosigue con su exposición, aludiendo a las principales noticias en materia de actividad y precios. Manifiesta que se confirma el estancamiento del crecimiento de la Zona Euro en el segundo semestre del presente año y que los PMI siguen reflejando una desaceleración de la actividad en esa región. En segundo término, precisa que en Estados Unidos de América, el crecimiento del segundo trimestre se corrigió al alza, dando cuenta de una sólida recuperación de esa economía. Agrega que el desempleo exhibió una leve baja, pero la creación de empleo fue algo menor que lo previsto. En cuanto a Japón, indica que la actividad creció bajo lo esperado al comienzo del tercer trimestre y que el crecimiento del segundo trimestre se corrigió a la baja, a -7,1%, reflejando una actividad más débil que lo anticipado. Sin embargo, las autoridades niponas han manifestado su disposición a adoptar medidas para reactivar la economía. De hecho, durante la presente jornada ha comprado bonos, llevando las tasas a tres meses de dichos papeles a terreno negativo, dando cuenta de su disposición a hacer esfuerzos aún más importantes por el lado monetario. Con respecto a China, comenta que el PMI manufacturero decepcionó, mientras que el PMI servicios fue mejor que lo esperado; que las exportaciones registraron un crecimiento mayor que el anticipado, pero las importaciones volvieron a caer en el mes de agosto; y que los precios de viviendas siguieron moderando su crecimiento en doce meses y cayeron en el margen. Asimismo, menciona que la inflación volvió a bajar en la Zona Euro, pero hace el alcance que dicha información no incorpora los datos de Alemania y Francia conocidos en el día de hoy, que muestran un ligero aumento en la inflación, aunque menores que 1%. Acota que en América Latina presentó movimientos mixtos. Por último, hace presente que en materia de expectativas, persisten las de baja inflación en Zona Euro y se desaceleran en América Latina. El señor Sergio Lehmann señala que una mirada más global de la actividad da cuenta de cifras mixtas para Estados Unidos de América, con una producción industrial positiva, pero algo más negativa en lo concerniente al mercado inmobiliario; para la Zona Euro, de un predominio de lecturas negativas en materia de ventas minoristas y producción industrial; para Japón, de un panorama negativo y mixto para China; y tratándose de América Latina, de un PIB para Brasil más negativo que lo previsto y una producción industrial que presenta algún grado de recuperación en términos mensuales. En cuanto a perspectivas, destaca una visión más positiva para Estados Unidos de América y más negativa para la Zona Euro; una mirada para Japón más negativa y para China algo más mixta, ya que el PMI manufacturero fue más débil que lo esperado, el PMI servicios algo mejor que lo anticipado y los datos de comercio exterior, mixtos. En términos agregados, indica que los PMI manufactureros de las economías desarrolladas reafirman una mirada más positiva, que se asocia principalmente a la situación de Estados Unidos de América; para las emergentes, en cambio, sigue siendo de debilidad, excepto en lo que concierne al PMI servicios de China. En materia de confianza de consumidores, en tanto, se advierte un alza en las economías desarrolladas y estabilidad en las emergentes. En lo que respecta a Estados Unidos de América, resalta que el crecimiento del segundo trimestre se apoya en el consumo, la inversión y también en el gasto del gobierno, luego de ser predominantemente negativo durante gran parte de los últimos tres años. El mercado inmobiliario, en cambio, exhibe una débil recuperación, con precios de viviendas sin mayor variación, venta de viviendas pendientes que aumentan y ventas de viviendas nuevas que caen o se estancan. Asimismo, destaca la creación de empleo por los sectores servicios y manufacturero; y que las expectativas, medidas por el ISM manufacturo y de servicios, también reflejan que se mantendrá una trayectoria positiva en dicho aspecto. El señor Sergio Lehmann indica que un elemento central en la dinámica laboral en Estados Unidos de América dice relación con la participación laboral. Hace presente que el aumento registrado entre los años 1970 y 1990 se asocia fundamentalmente a la participación de la mujer en el mercado del trabajo, en tanto que las caídas más recientes se relacionan con el envejecimiento de la población, con elementos estructurales asociados a los baby boomers y a la participación de población más joven, que han llevado a niveles de participación laboral similares a los observados a comienzos de los años ochenta. En una perspectiva comparada, hace notar que la participación laboral en Estados Unidos de América es menor que la que exhiben Japón, el Reino Unido y Alemania. En lo concerniente a la Zona Euro, reitera que los indicadores de expectativas son algo más débiles, que la confianza de consumidores se ha estancado e incluso exhibe una caída en el margen, y que la inflación sigue siendo motivo de preocupación. En cuanto a China, los indicadores son mixtos. En efecto, el PMI manufacturero mostró un retroceso, acorde con lo esperado; el PMI de servicios fue algo mejor que lo anticipado; la producción industrial no registró mayor variación, exhibiendo una tasa de crecimiento en torno a 7 y 8%; y los precios de vivienda se moderaron. Resalta que las importaciones exhiben una caída a nivel global y, en especial, desde Asia emergente y Australia. En contraposición, la demanda desde América Latina se mantiene en torno a 10%. Las exportaciones, en cambio, continúan mostrando cifras positivas, en particular los envíos a Estados Unidos de América, reflejo de una economía que se recupera, y también hacia la Zona Euro, donde se observan algunos aumentos. En América Latina, continúa el deterioro de Brasil; la desaceleración de Perú sería algo más marcada; y México exhibe cifras algo más positivas, ya que la confianza de consumidores se ha mantenido estable, la producción industrial ha crecido y las colocaciones han tendido a estabilizarse. Con respecto a la inflación, no presenta mayor variación en Estados Unidos de América y la medida subyacente se modera en América Latina. De esta forma, destaca un mayor optimismo en materia de proyecciones, con una ligera revisión a la baja para este y el próximo año; que las proyecciones también se han revisado a la baja para Asia emergente y Europa emergente para ambos períodos, mientras que para las economías desarrolladas se anticipan registros más bien estables. En lo concerniente a política monetaria, resalta la nueva baja de tasas acordada por el Banco Central Europeo, así como el programa de compras de ABS. En el resto de las economías analizadas habitualmente, en tanto, predominan las mantenciones, con excepción de la reducción de 25 puntos base en Israel y el incremento de 25 puntos base en Colombia, economía que acumula un alza de 125 puntos base durante el presente año. En relación con las expectativas en materia de política monetaria, indica que se ha adelantado ligeramente el alza esperada de tasas en Estados Unidos de América; y que en las economías emergentes, particularmente en América Latina y Asia, la visión es algo más expansiva. Al continuar con su presentación, el señor Sergio Lehmann hace referencia a los principales acontecimientos en materia de commodities. En este aspecto, alude a la caída registrada por el precio del cobre hasta un nivel en torno a los US$ 3,1O la libra, debido a que las cifras positivas de Estados Unidos de América se han visto contrarrestadas por malas perspectivas para la Zona Euro y un desempeño acotado en China. Además, la apreciación del dólar estadounidense ha acentuado la caída del precio este metal. En segundo término, expresa que el precio del petróleo retrocedió 5% frente a la Reunión pasada, en línea con un aumento de la producción en Libia y Estados Unidos de América, que compensó eventuales premios por riesgo asociados a los conflictos en el Medio Oriente y Europa del Este. Agrega que el precio de la gasolina registró un alza de 0,7% por una mayor demanda. Por último, comenta que el índice FAO de alimentos retrocedió casi 4%, que se explica básicamente por la caída del precio de lácteos asociada a una alta producción en Nueva Zelanda. En lo concerniente a las principales variaciones de precios observadas desde la última Reunión, destaca la caída del precio de la soya, del hierro y del maíz, de 15,1% 11,8% y 7,2%, respectivamente. Asimismo, resalta el nuevo retroceso del índice FAO, que responde al comportamiento de los precios de lácteos y también de los cereales. Con respecto al mercado del cobre, informa que las posiciones largas de los agentes no comerciales han tendido a moderarse, lo que ha llevado a acentuar en algún grado la caída del precio de este metal. Además, hace notar que las importaciones de cobre desde China han disminuido frente a lo observado en el año 2013 y al promedio del período 2010-2013. Sin embargo, el último dato dio cuenta de un ligero aumento de la demanda por parte de esa economía.",Acuerdo de Política Monetaria y comunicado oficial,acuerdo_comunicado,acuerdo y comunicado,acuerdo_comunicado,NO,NO,NO,Rol según lista de asistencia: Gerente de Análisis Internacional,RPM-2014-09-11:6395:1,1,XLSX_ORIGINAL,NO,NO,RPM-2014-09-11:6395:B1,SIN_ALERTAS_AUTOMATICAS,,RPM-2014-09-11:T4,CONTINUIDAD_REVISADA,RPM-2014-09-11:6394:1,RPM-2014-09-11:6395:1
